DDate,CSINumber,Symbol,Exchange,DClose,UnAdjustedClose,TotalVolume,Cash,MarketName,PTB,PSR,DPS
20120214,104475,MLMZF,OTC,0.36,0.36,0,0,Metallica Minerals Ltd,0,0,0
20120215,104475,MLMZF,OTC,0.36,0.36,0,0,Metallica Minerals Ltd,0,0,0
20120216,104475,MLMZF,OTC,0.34,0.34,95,0,Metallica Minerals Ltd,0,0,0
20120217,104475,MLMZF,OTC,0.34,0.34,0,0,Metallica Minerals Ltd,0,0,0
20120221,104475,MLMZF,OTC,0.34,0.34,0,0,Metallica Minerals Ltd,0,0,0
20120222,104475,MLMZF,OTC,0.34,0.34,0,0,Metallica Minerals Ltd,0,0,0
20120223,104475,MLMZF,OTC,0.34,0.34,0,0,Metallica Minerals Ltd,0,0,0
20120224,104475,MLMZF,OTC,0.34,0.34,0,0,Metallica Minerals Ltd,0,0,0
20120227,104475,MLMZF,OTC,0.34,0.34,0,0,Metallica Minerals Ltd,0,0,0
20120228,104475,MLMZF,OTC,0.34,0.34,0,0,Metallica Minerals Ltd,0,0,0
20120229,104475,MLMZF,OTC,0.34,0.34,0,0,Metallica Minerals Ltd,0,0,0
20120301,104475,MLMZF,OTC,0.34,0.34,0,0,Metallica Minerals Ltd,0,0,0
20120302,104475,MLMZF,OTC,0.34,0.34,0,0,Metallica Minerals Ltd,0,0,0
20120305,104475,MLMZF,OTC,0.34,0.34,0,0,Metallica Minerals Ltd,0,0,0
20120306,104475,MLMZF,OTC,0.34,0.34,0,0,Metallica Minerals Ltd,0,0,0
20120307,104475,MLMZF,OTC,0.34,0.34,0,0,Metallica Minerals Ltd,0,0,0
20120308,104475,MLMZF,OTC,0.34,0.34,0,0,Metallica Minerals Ltd,0,0,0
20120309,104475,MLMZF,OTC,0.34,0.34,0,0,Metallica Minerals Ltd,0,0,0
20120312,104475,MLMZF,OTC,0.34,0.34,0,0,Metallica Minerals Ltd,0,0,0
20120313,104475,MLMZF,OTC,0.34,0.34,0,0,Metallica Minerals Ltd,0,0,0
20120314,104475,MLMZF,OTC,0.34,0.34,0,0,Metallica Minerals Ltd,0,0,0
20120315,104475,MLMZF,OTC,0.34,0.34,0,0,Metallica Minerals Ltd,0,0,0
20120316,104475,MLMZF,OTC,0.34,0.34,0,0,Metallica Minerals Ltd,0,0,0
20120319,104475,MLMZF,OTC,0.34,0.34,0,0,Metallica Minerals Ltd,0,0,0
20120320,104475,MLMZF,OTC,0.34,0.34,0,0,Metallica Minerals Ltd,0,0,0
20120321,104475,MLMZF,OTC,0.34,0.34,0,0,Metallica Minerals Ltd,0,0,0
20120322,104475,MLMZF,OTC,0.34,0.34,0,0,Metallica Minerals Ltd,0,0,0
20120323,104475,MLMZF,OTC,0.34,0.34,0,0,Metallica Minerals Ltd,0,0,0
20120326,104475,MLMZF,OTC,0.34,0.34,0,0,Metallica Minerals Ltd,0,0,0
20120327,104475,MLMZF,OTC,0.34,0.34,0,0,Metallica Minerals Ltd,0,0,0
20120328,104475,MLMZF,OTC,0.34,0.34,0,0,Metallica Minerals Ltd,0,0,0
20120329,104475,MLMZF,OTC,0.34,0.34,0,0,Metallica Minerals Ltd,0,0,0
20120330,104475,MLMZF,OTC,0.34,0.34,0,0,Metallica Minerals Ltd,0,0,0
20120402,104475,MLMZF,OTC,0.34,0.34,0,0,Metallica Minerals Ltd,0,0,0
20120403,104475,MLMZF,OTC,0.34,0.34,0,0,Metallica Minerals Ltd,0,0,0
20120404,104475,MLMZF,OTC,0.34,0.34,0,0,Metallica Minerals Ltd,0,0,0
20120405,104475,MLMZF,OTC,0.34,0.34,0,0,Metallica Minerals Ltd,0,0,0
20120409,104475,MLMZF,OTC,0.34,0.34,0,0,Metallica Minerals Ltd,0,0,0
20120410,104475,MLMZF,OTC,0.34,0.34,0,0,Metallica Minerals Ltd,0,0,0
20120411,104475,MLMZF,OTC,0.34,0.34,0,0,Metallica Minerals Ltd,0,0,0
20120412,104475,MLMZF,OTC,0.34,0.34,0,0,Metallica Minerals Ltd,0,0,0
20120413,104475,MLMZF,OTC,0.34,0.34,0,0,Metallica Minerals Ltd,0,0,0
20120416,104475,MLMZF,OTC,0.34,0.34,0,0,Metallica Minerals Ltd,0,0,0
20120417,104475,MLMZF,OTC,0.34,0.34,0,0,Metallica Minerals Ltd,0,0,0
20120418,104475,MLMZF,OTC,0.34,0.34,0,0,Metallica Minerals Ltd,0,0,0
20120419,104475,MLMZF,OTC,0.34,0.34,0,0,Metallica Minerals Ltd,0,0,0
20120420,104475,MLMZF,OTC,0.34,0.34,0,0,Metallica Minerals Ltd,0,0,0
20120423,104475,MLMZF,OTC,0.34,0.34,0,0,Metallica Minerals Ltd,0,0,0
20120424,104475,MLMZF,OTC,0.34,0.34,0,0,Metallica Minerals Ltd,0,0,0
20120425,104475,MLMZF,OTC,0.34,0.34,0,0,Metallica Minerals Ltd,0,0,0
20120426,104475,MLMZF,OTC,0.34,0.34,0,0,Metallica Minerals Ltd,0,0,0
20120427,104475,MLMZF,OTC,0.34,0.34,0,0,Metallica Minerals Ltd,0,0,0
20120430,104475,MLMZF,OTC,0.34,0.34,0,0,Metallica Minerals Ltd,0,0,0
20120501,104475,MLMZF,OTC,0.34,0.34,0,0,Metallica Minerals Ltd,0,0,0
20120502,104475,MLMZF,OTC,0.34,0.34,0,0,Metallica Minerals Ltd,0,0,0
20120503,104475,MLMZF,OTC,0.34,0.34,0,0,Metallica Minerals Ltd,0,0,0
20120504,104475,MLMZF,OTC,0.34,0.34,0,0,Metallica Minerals Ltd,0,0,0
20120507,104475,MLMZF,OTC,0.34,0.34,0,0,Metallica Minerals Ltd,0,0,0
20120508,104475,MLMZF,OTC,0.34,0.34,0,0,Metallica Minerals Ltd,0,0,0
20120509,104475,MLMZF,OTC,0.34,0.34,0,0,Metallica Minerals Ltd,0,0,0
20120510,104475,MLMZF,OTC,0.34,0.34,0,0,Metallica Minerals Ltd,0,0,0
20120511,104475,MLMZF,OTC,0.34,0.34,0,0,Metallica Minerals Ltd,0,0,0
20120514,104475,MLMZF,OTC,0.34,0.34,0,0,Metallica Minerals Ltd,0,0,0
20120515,104475,MLMZF,OTC,0.34,0.34,0,0,Metallica Minerals Ltd,0,0,0
20120516,104475,MLMZF,OTC,0.34,0.34,0,0,Metallica Minerals Ltd,0,0,0
20120517,104475,MLMZF,OTC,0.34,0.34,0,0,Metallica Minerals Ltd,0,0,0
20120518,104475,MLMZF,OTC,0.34,0.34,0,0,Metallica Minerals Ltd,0,0,0
20120521,104475,MLMZF,OTC,0.34,0.34,0,0,Metallica Minerals Ltd,0,0,0
20120522,104475,MLMZF,OTC,0.34,0.34,0,0,Metallica Minerals Ltd,0,0,0
20120523,104475,MLMZF,OTC,0.34,0.34,0,0,Metallica Minerals Ltd,0,0,0
20120524,104475,MLMZF,OTC,0.34,0.34,0,0,Metallica Minerals Ltd,0,0,0
20120525,104475,MLMZF,OTC,0.34,0.34,0,0,Metallica Minerals Ltd,0,0,0
20120529,104475,MLMZF,OTC,0.34,0.34,0,0,Metallica Minerals Ltd,0,0,0
20120530,104475,MLMZF,OTC,0.34,0.34,0,0,Metallica Minerals Ltd,0,0,0
20120531,104475,MLMZF,OTC,0.34,0.34,0,0,Metallica Minerals Ltd,0,0,0
20120601,104475,MLMZF,OTC,0.34,0.34,0,0,Metallica Minerals Ltd,0,0,0
20120604,104475,MLMZF,OTC,0.34,0.34,0,0,Metallica Minerals Ltd,0,0,0
20120605,104475,MLMZF,OTC,0.34,0.34,0,0,Metallica Minerals Ltd,0,0,0
20120606,104475,MLMZF,OTC,0.34,0.34,0,0,Metallica Minerals Ltd,0,0,0
20120607,104475,MLMZF,OTC,0.34,0.34,0,0,Metallica Minerals Ltd,0,0,0
20120608,104475,MLMZF,OTC,0.34,0.34,0,0,Metallica Minerals Ltd,0,0,0
20120611,104475,MLMZF,OTC,0.34,0.34,0,0,Metallica Minerals Ltd,0,0,0
20120612,104475,MLMZF,OTC,0.34,0.34,0,0,Metallica Minerals Ltd,0,0,0
20120613,104475,MLMZF,OTC,0.34,0.34,0,0,Metallica Minerals Ltd,0,0,0
20120614,104475,MLMZF,OTC,0.34,0.34,0,0,Metallica Minerals Ltd,0,0,0
20120615,104475,MLMZF,OTC,0.34,0.34,0,0,Metallica Minerals Ltd,0,0,0
20120618,104475,MLMZF,OTC,0.34,0.34,0,0,Metallica Minerals Ltd,0,0,0
20120619,104475,MLMZF,OTC,0.34,0.34,0,0,Metallica Minerals Ltd,0,0,0
20120620,104475,MLMZF,OTC,0.34,0.34,0,0,Metallica Minerals Ltd,0,0,0
20120621,104475,MLMZF,OTC,0.34,0.34,0,0,Metallica Minerals Ltd,0,0,0
20120622,104475,MLMZF,OTC,0.34,0.34,0,0,Metallica Minerals Ltd,0,0,0
20120625,104475,MLMZF,OTC,0.34,0.34,0,0,Metallica Minerals Ltd,0,0,0
20120626,104475,MLMZF,OTC,0.34,0.34,0,0,Metallica Minerals Ltd,0,0,0
20120627,104475,MLMZF,OTC,0.34,0.34,0,0,Metallica Minerals Ltd,0,0,0
20120628,104475,MLMZF,OTC,0.34,0.34,0,0,Metallica Minerals Ltd,0,0,0
20120629,104475,MLMZF,OTC,0.34,0.34,0,0,Metallica Minerals Ltd,0,0,0
20120702,104475,MLMZF,OTC,0.34,0.34,0,0,Metallica Minerals Ltd,0,0,0
20120703,104475,MLMZF,OTC,0.34,0.34,0,0,Metallica Minerals Ltd,0,0,0
20120705,104475,MLMZF,OTC,0.34,0.34,0,0,Metallica Minerals Ltd,0,0,0
20120706,104475,MLMZF,OTC,0.34,0.34,0,0,Metallica Minerals Ltd,0,0,0
20120709,104475,MLMZF,OTC,0.34,0.34,0,0,Metallica Minerals Ltd,0,0,0
20120710,104475,MLMZF,OTC,0.34,0.34,0,0,Metallica Minerals Ltd,0,0,0
20120711,104475,MLMZF,OTC,0.34,0.34,0,0,Metallica Minerals Ltd,0,0,0
20120712,104475,MLMZF,OTC,0.34,0.34,0,0,Metallica Minerals Ltd,0,0,0
20120713,104475,MLMZF,OTC,0.34,0.34,0,0,Metallica Minerals Ltd,0,0,0
20120716,104475,MLMZF,OTC,0.34,0.34,0,0,Metallica Minerals Ltd,0,0,0
20120717,104475,MLMZF,OTC,0.34,0.34,0,0,Metallica Minerals Ltd,0,0,0
20120718,104475,MLMZF,OTC,0.34,0.34,0,0,Metallica Minerals Ltd,0,0,0
20120719,104475,MLMZF,OTC,0.34,0.34,0,0,Metallica Minerals Ltd,0,0,0
20120720,104475,MLMZF,OTC,0.34,0.34,0,0,Metallica Minerals Ltd,0,0,0
20120723,104475,MLMZF,OTC,0.34,0.34,0,0,Metallica Minerals Ltd,0,0,0
20120724,104475,MLMZF,OTC,0.34,0.34,0,0,Metallica Minerals Ltd,0,0,0
20120725,104475,MLMZF,OTC,0.34,0.34,0,0,Metallica Minerals Ltd,0,0,0
20120726,104475,MLMZF,OTC,0.34,0.34,0,0,Metallica Minerals Ltd,0,0,0
20120727,104475,MLMZF,OTC,0.34,0.34,0,0,Metallica Minerals Ltd,0,0,0
20120730,104475,MLMZF,OTC,0.34,0.34,0,0,Metallica Minerals Ltd,0,0,0
20120731,104475,MLMZF,OTC,0.34,0.34,0,0,Metallica Minerals Ltd,0,0,0
20120801,104475,MLMZF,OTC,0.34,0.34,0,0,Metallica Minerals Ltd,0,0,0
20120802,104475,MLMZF,OTC,0.34,0.34,0,0,Metallica Minerals Ltd,0,0,0
20120803,104475,MLMZF,OTC,0.34,0.34,0,0,Metallica Minerals Ltd,0,0,0
20120806,104475,MLMZF,OTC,0.34,0.34,0,0,Metallica Minerals Ltd,0,0,0
20120807,104475,MLMZF,OTC,0.34,0.34,0,0,Metallica Minerals Ltd,0,0,0
20120808,104475,MLMZF,OTC,0.34,0.34,0,0,Metallica Minerals Ltd,0,0,0
20120809,104475,MLMZF,OTC,0.34,0.34,0,0,Metallica Minerals Ltd,0,0,0
20120810,104475,MLMZF,OTC,0.34,0.34,0,0,Metallica Minerals Ltd,0,0,0
20120813,104475,MLMZF,OTC,0.34,0.34,0,0,Metallica Minerals Ltd,0,0,0
20120814,104475,MLMZF,OTC,0.34,0.34,0,0,Metallica Minerals Ltd,0,0,0
20120815,104475,MLMZF,OTC,0.34,0.34,0,0,Metallica Minerals Ltd,0,0,0
20120816,104475,MLMZF,OTC,0.34,0.34,0,0,Metallica Minerals Ltd,0,0,0
20120817,104475,MLMZF,OTC,0.34,0.34,0,0,Metallica Minerals Ltd,0,0,0
20120820,104475,MLMZF,OTC,0.34,0.34,0,0,Metallica Minerals Ltd,0,0,0
20120821,104475,MLMZF,OTC,0.34,0.34,0,0,Metallica Minerals Ltd,0,0,0
20120822,104475,MLMZF,OTC,0.34,0.34,0,0,Metallica Minerals Ltd,0,0,0
20120823,104475,MLMZF,OTC,0.34,0.34,0,0,Metallica Minerals Ltd,0,0,0
20120824,104475,MLMZF,OTC,0.34,0.34,0,0,Metallica Minerals Ltd,0,0,0
20120827,104475,MLMZF,OTC,0.34,0.34,0,0,Metallica Minerals Ltd,0,0,0
20120828,104475,MLMZF,OTC,0.34,0.34,0,0,Metallica Minerals Ltd,0,0,0
20120829,104475,MLMZF,OTC,0.34,0.34,0,0,Metallica Minerals Ltd,0,0,0
20120830,104475,MLMZF,OTC,0.34,0.34,0,0,Metallica Minerals Ltd,0,0,0
20120831,104475,MLMZF,OTC,0.34,0.34,0,0,Metallica Minerals Ltd,0,0,0
20120904,104475,MLMZF,OTC,0.34,0.34,0,0,Metallica Minerals Ltd,0,0,0
20120905,104475,MLMZF,OTC,0.34,0.34,0,0,Metallica Minerals Ltd,0,0,0
20120906,104475,MLMZF,OTC,0.34,0.34,0,0,Metallica Minerals Ltd,0,0,0
20120907,104475,MLMZF,OTC,0.34,0.34,0,0,Metallica Minerals Ltd,0,0,0
20120910,104475,MLMZF,OTC,0.34,0.34,0,0,Metallica Minerals Ltd,0,0,0
20120911,104475,MLMZF,OTC,0.34,0.34,0,0,Metallica Minerals Ltd,0,0,0
20120912,104475,MLMZF,OTC,0.34,0.34,0,0,Metallica Minerals Ltd,0,0,0
20120913,104475,MLMZF,OTC,0.34,0.34,0,0,Metallica Minerals Ltd,0,0,0
20120914,104475,MLMZF,OTC,0.34,0.34,0,0,Metallica Minerals Ltd,0,0,0
20120917,104475,MLMZF,OTC,0.34,0.34,0,0,Metallica Minerals Ltd,0,0,0
20120918,104475,MLMZF,OTC,0.34,0.34,0,0,Metallica Minerals Ltd,0,0,0
20120919,104475,MLMZF,OTC,0.34,0.34,0,0,Metallica Minerals Ltd,0,0,0
20120920,104475,MLMZF,OTC,0.34,0.34,0,0,Metallica Minerals Ltd,0,0,0
20120921,104475,MLMZF,OTC,0.34,0.34,0,0,Metallica Minerals Ltd,0,0,0
20120924,104475,MLMZF,OTC,0.34,0.34,0,0,Metallica Minerals Ltd,0,0,0
20120925,104475,MLMZF,OTC,0.34,0.34,0,0,Metallica Minerals Ltd,0,0,0
20120926,104475,MLMZF,OTC,0.34,0.34,0,0,Metallica Minerals Ltd,0,0,0
20120927,104475,MLMZF,OTC,0.34,0.34,0,0,Metallica Minerals Ltd,0,0,0
20120928,104475,MLMZF,OTC,0.34,0.34,0,0,Metallica Minerals Ltd,0,0,0
20121001,104475,MLMZF,OTC,0.34,0.34,0,0,Metallica Minerals Ltd,0,0,0
20121002,104475,MLMZF,OTC,0.34,0.34,0,0,Metallica Minerals Ltd,0,0,0
20121003,104475,MLMZF,OTC,0.34,0.34,0,0,Metallica Minerals Ltd,0,0,0
20121004,104475,MLMZF,OTC,0.34,0.34,0,0,Metallica Minerals Ltd,0,0,0
20121005,104475,MLMZF,OTC,0.34,0.34,0,0,Metallica Minerals Ltd,0,0,0
20121008,104475,MLMZF,OTC,0.34,0.34,0,0,Metallica Minerals Ltd,0,0,0
20121009,104475,MLMZF,OTC,0.34,0.34,0,0,Metallica Minerals Ltd,0,0,0
20121010,104475,MLMZF,OTC,0.34,0.34,0,0,Metallica Minerals Ltd,0,0,0
20121011,104475,MLMZF,OTC,0.34,0.34,0,0,Metallica Minerals Ltd,0,0,0
20121012,104475,MLMZF,OTC,0.34,0.34,0,0,Metallica Minerals Ltd,0,0,0
20121015,104475,MLMZF,OTC,0.34,0.34,0,0,Metallica Minerals Ltd,0,0,0
20121016,104475,MLMZF,OTC,0.34,0.34,0,0,Metallica Minerals Ltd,0,0,0
20121017,104475,MLMZF,OTC,0.34,0.34,0,0,Metallica Minerals Ltd,0,0,0
20121018,104475,MLMZF,OTC,0.34,0.34,0,0,Metallica Minerals Ltd,0,0,0
20121019,104475,MLMZF,OTC,0.34,0.34,0,0,Metallica Minerals Ltd,0,0,0
20121022,104475,MLMZF,OTC,0.34,0.34,0,0,Metallica Minerals Ltd,0,0,0
20121023,104475,MLMZF,OTC,0.34,0.34,8,0,Metallica Minerals Ltd,0,0,0
20121024,104475,MLMZF,OTC,0.34,0.34,0,0,Metallica Minerals Ltd,0,0,0
20121025,104475,MLMZF,OTC,0.34,0.34,0,0,Metallica Minerals Ltd,0,0,0
20121026,104475,MLMZF,OTC,0.34,0.34,0,0,Metallica Minerals Ltd,0,0,0
20121031,104475,MLMZF,OTC,0.34,0.34,0,0,Metallica Minerals Ltd,0,0,0
20121101,104475,MLMZF,OTC,0.34,0.34,0,0,Metallica Minerals Ltd,0,0,0
20121102,104475,MLMZF,OTC,0.34,0.34,0,0,Metallica Minerals Ltd,0,0,0
20121105,104475,MLMZF,OTC,0.34,0.34,0,0,Metallica Minerals Ltd,0,0,0
20121106,104475,MLMZF,OTC,0.34,0.34,0,0,Metallica Minerals Ltd,0,0,0
20121107,104475,MLMZF,OTC,0.34,0.34,0,0,Metallica Minerals Ltd,0,0,0
20121108,104475,MLMZF,OTC,0.34,0.34,0,0,Metallica Minerals Ltd,0,0,0
20121109,104475,MLMZF,OTC,0.34,0.34,0,0,Metallica Minerals Ltd,0,0,0
20121112,104475,MLMZF,OTC,0.34,0.34,0,0,Metallica Minerals Ltd,0,0,0
20121113,104475,MLMZF,OTC,0.34,0.34,0,0,Metallica Minerals Ltd,0,0,0
20121114,104475,MLMZF,OTC,0.34,0.34,0,0,Metallica Minerals Ltd,0,0,0
20121115,104475,MLMZF,OTC,0.34,0.34,0,0,Metallica Minerals Ltd,0,0,0
20121116,104475,MLMZF,OTC,0.34,0.34,0,0,Metallica Minerals Ltd,0,0,0
20121119,104475,MLMZF,OTC,0.34,0.34,0,0,Metallica Minerals Ltd,0,0,0
20121120,104475,MLMZF,OTC,0.26,0.26,10,0,Metallica Minerals Ltd,0,0,0
20121121,104475,MLMZF,OTC,0.26,0.26,0,0,Metallica Minerals Ltd,0,0,0
20121123,104475,MLMZF,OTC,0.26,0.26,0,0,Metallica Minerals Ltd,0,0,0
20121126,104475,MLMZF,OTC,0.26,0.26,0,0,Metallica Minerals Ltd,0,0,0
20121127,104475,MLMZF,OTC,0.26,0.26,0,0,Metallica Minerals Ltd,0,0,0
20121128,104475,MLMZF,OTC,0.26,0.26,0,0,Metallica Minerals Ltd,0,0,0
20121129,104475,MLMZF,OTC,0.26,0.26,0,0,Metallica Minerals Ltd,0,0,0
20121130,104475,MLMZF,OTC,0.26,0.26,0,0,Metallica Minerals Ltd,0,0,0
20121203,104475,MLMZF,OTC,0.26,0.26,0,0,Metallica Minerals Ltd,0,0,0
20121204,104475,MLMZF,OTC,0.26,0.26,0,0,Metallica Minerals Ltd,0,0,0
20121205,104475,MLMZF,OTC,0.26,0.26,0,0,Metallica Minerals Ltd,0,0,0
20121206,104475,MLMZF,OTC,0.26,0.26,0,0,Metallica Minerals Ltd,0,0,0
20121207,104475,MLMZF,OTC,0.26,0.26,0,0,Metallica Minerals Ltd,0,0,0
20121210,104475,MLMZF,OTC,0.26,0.26,0,0,Metallica Minerals Ltd,0,0,0
20121211,104475,MLMZF,OTC,0.26,0.26,0,0,Metallica Minerals Ltd,0,0,0
20121212,104475,MLMZF,OTC,0.26,0.26,0,0,Metallica Minerals Ltd,0,0,0
20121213,104475,MLMZF,OTC,0.26,0.26,0,0,Metallica Minerals Ltd,0,0,0
20121214,104475,MLMZF,OTC,0.26,0.26,0,0,Metallica Minerals Ltd,0,0,0
20121217,104475,MLMZF,OTC,0.26,0.26,0,0,Metallica Minerals Ltd,0,0,0
20121218,104475,MLMZF,OTC,0.26,0.26,0,0,Metallica Minerals Ltd,0,0,0
20121219,104475,MLMZF,OTC,0.26,0.26,0,0,Metallica Minerals Ltd,0,0,0
20121220,104475,MLMZF,OTC,0.26,0.26,0,0,Metallica Minerals Ltd,0,0,0
20121221,104475,MLMZF,OTC,0.25,0.25,50,0,Metallica Minerals Ltd,0,0,0
20121224,104475,MLMZF,OTC,0.25,0.25,0,0,Metallica Minerals Ltd,0,0,0
20121226,104475,MLMZF,OTC,0.25,0.25,0,0,Metallica Minerals Ltd,0,0,0
20121227,104475,MLMZF,OTC,0.25,0.25,0,0,Metallica Minerals Ltd,0,0,0
20121228,104475,MLMZF,OTC,0.25,0.25,0,0,Metallica Minerals Ltd,0,0,0
20121231,104475,MLMZF,OTC,0.25,0.25,0,0,Metallica Minerals Ltd,0,0,0
20130102,104475,MLMZF,OTC,0.25,0.25,0,0,Metallica Minerals Ltd,0,0,0
20130103,104475,MLMZF,OTC,0.25,0.25,0,0,Metallica Minerals Ltd,0,0,0
20130104,104475,MLMZF,OTC,0.25,0.25,0,0,Metallica Minerals Ltd,0,0,0
20130107,104475,MLMZF,OTC,0.25,0.25,0,0,Metallica Minerals Ltd,0,0,0
20130108,104475,MLMZF,OTC,0.25,0.25,0,0,Metallica Minerals Ltd,0,0,0
20130109,104475,MLMZF,OTC,0.25,0.25,0,0,Metallica Minerals Ltd,0,0,0
20130110,104475,MLMZF,OTC,0.25,0.25,0,0,Metallica Minerals Ltd,0,0,0
20130111,104475,MLMZF,OTC,0.25,0.25,0,0,Metallica Minerals Ltd,0,0,0
20130114,104475,MLMZF,OTC,0.25,0.25,0,0,Metallica Minerals Ltd,0,0,0
20130115,104475,MLMZF,OTC,0.25,0.25,0,0,Metallica Minerals Ltd,0,0,0
20130116,104475,MLMZF,OTC,0.25,0.25,0,0,Metallica Minerals Ltd,0,0,0
20130117,104475,MLMZF,OTC,0.25,0.25,0,0,Metallica Minerals Ltd,0,0,0
20130118,104475,MLMZF,OTC,0.25,0.25,0,0,Metallica Minerals Ltd,0,0,0
20130122,104475,MLMZF,OTC,0.25,0.25,0,0,Metallica Minerals Ltd,0,0,0
20130123,104475,MLMZF,OTC,0.25,0.25,0,0,Metallica Minerals Ltd,0,0,0
20130124,104475,MLMZF,OTC,0.25,0.25,0,0,Metallica Minerals Ltd,0,0,0
20130125,104475,MLMZF,OTC,0.25,0.25,0,0,Metallica Minerals Ltd,0,0,0
20130128,104475,MLMZF,OTC,0.25,0.25,0,0,Metallica Minerals Ltd,0,0,0
20130129,104475,MLMZF,OTC,0.25,0.25,0,0,Metallica Minerals Ltd,0,0,0
20130130,104475,MLMZF,OTC,0.25,0.25,0,0,Metallica Minerals Ltd,0,0,0
20130131,104475,MLMZF,OTC,0.25,0.25,0,0,Metallica Minerals Ltd,0,0,0
20130201,104475,MLMZF,OTC,0.25,0.25,0,0,Metallica Minerals Ltd,0,0,0
20130204,104475,MLMZF,OTC,0.25,0.25,0,0,Metallica Minerals Ltd,0,0,0
20130205,104475,MLMZF,OTC,0.23,0.23,170,0,Metallica Minerals Ltd,0,0,0
20130206,104475,MLMZF,OTC,0.23,0.23,0,0,Metallica Minerals Ltd,0,0,0
20130207,104475,MLMZF,OTC,0.23,0.23,0,0,Metallica Minerals Ltd,0,0,0
20130208,104475,MLMZF,OTC,0.23,0.23,0,0,Metallica Minerals Ltd,0,0,0
20130211,104475,MLMZF,OTC,0.23,0.23,0,0,Metallica Minerals Ltd,0,0,0
20130212,104475,MLMZF,OTC,0.23,0.23,0,0,Metallica Minerals Ltd,0,0,0
20130213,104475,MLMZF,OTC,0.23,0.23,0,0,Metallica Minerals Ltd,0,0,0
20130214,104475,MLMZF,OTC,0.23,0.23,0,0,Metallica Minerals Ltd,0,0,0
20130215,104475,MLMZF,OTC,0.23,0.23,0,0,Metallica Minerals Ltd,0,0,0
20130219,104475,MLMZF,OTC,0.23,0.23,50,0,Metallica Minerals Ltd,0,0,0
20130220,104475,MLMZF,OTC,0.23,0.23,0,0,Metallica Minerals Ltd,0,0,0
20130221,104475,MLMZF,OTC,0.23,0.23,0,0,Metallica Minerals Ltd,0,0,0
20130222,104475,MLMZF,OTC,0.23,0.23,0,0,Metallica Minerals Ltd,0,0,0
20130225,104475,MLMZF,OTC,0.23,0.23,0,0,Metallica Minerals Ltd,0,0,0
20130226,104475,MLMZF,OTC,0.23,0.23,0,0,Metallica Minerals Ltd,0,0,0
20130227,104475,MLMZF,OTC,0.23,0.23,0,0,Metallica Minerals Ltd,0,0,0
20130228,104475,MLMZF,OTC,0.23,0.23,0,0,Metallica Minerals Ltd,0,0,0
20130301,104475,MLMZF,OTC,0.22,0.22,50,0,Metallica Minerals Ltd,0,0,0
20130304,104475,MLMZF,OTC,0.22,0.22,0,0,Metallica Minerals Ltd,0,0,0
20130305,104475,MLMZF,OTC,0.22,0.22,0,0,Metallica Minerals Ltd,0,0,0
20130306,104475,MLMZF,OTC,0.22,0.22,0,0,Metallica Minerals Ltd,0,0,0
20130307,104475,MLMZF,OTC,0.22,0.22,0,0,Metallica Minerals Ltd,0,0,0
20130308,104475,MLMZF,OTC,0.22,0.22,0,0,Metallica Minerals Ltd,0,0,0
20130311,104475,MLMZF,OTC,0.22,0.22,0,0,Metallica Minerals Ltd,0,0,0
20130312,104475,MLMZF,OTC,0.22,0.22,0,0,Metallica Minerals Ltd,0,0,0
20130313,104475,MLMZF,OTC,0.22,0.22,0,0,Metallica Minerals Ltd,0,0,0
20130314,104475,MLMZF,OTC,0.22,0.22,0,0,Metallica Minerals Ltd,0,0,0
20130315,104475,MLMZF,OTC,0.22,0.22,0,0,Metallica Minerals Ltd,0,0,0
20130318,104475,MLMZF,OTC,0.22,0.22,0,0,Metallica Minerals Ltd,0,0,0
20130319,104475,MLMZF,OTC,0.22,0.22,0,0,Metallica Minerals Ltd,0,0,0
20130320,104475,MLMZF,OTC,0.22,0.22,0,0,Metallica Minerals Ltd,0,0,0
20130321,104475,MLMZF,OTC,0.22,0.22,0,0,Metallica Minerals Ltd,0,0,0
20130322,104475,MLMZF,OTC,0.22,0.22,0,0,Metallica Minerals Ltd,0,0,0
20130325,104475,MLMZF,OTC,0.22,0.22,0,0,Metallica Minerals Ltd,0,0,0
20130326,104475,MLMZF,OTC,0.22,0.22,0,0,Metallica Minerals Ltd,0,0,0
20130327,104475,MLMZF,OTC,0.22,0.22,0,0,Metallica Minerals Ltd,0,0,0
20130328,104475,MLMZF,OTC,0.22,0.22,0,0,Metallica Minerals Ltd,0,0,0
20130401,104475,MLMZF,OTC,0.22,0.22,0,0,Metallica Minerals Ltd,0,0,0
20130402,104475,MLMZF,OTC,0.22,0.22,0,0,Metallica Minerals Ltd,0,0,0
20130403,104475,MLMZF,OTC,0.22,0.22,0,0,Metallica Minerals Ltd,0,0,0
20130404,104475,MLMZF,OTC,0.22,0.22,0,0,Metallica Minerals Ltd,0,0,0
20130405,104475,MLMZF,OTC,0.22,0.22,0,0,Metallica Minerals Ltd,0,0,0
20130408,104475,MLMZF,OTC,0.22,0.22,0,0,Metallica Minerals Ltd,0,0,0
20130409,104475,MLMZF,OTC,0.22,0.22,0,0,Metallica Minerals Ltd,0,0,0
20130410,104475,MLMZF,OTC,0.22,0.22,0,0,Metallica Minerals Ltd,0,0,0
20130411,104475,MLMZF,OTC,0.22,0.22,0,0,Metallica Minerals Ltd,0,0,0
20130412,104475,MLMZF,OTC,0.22,0.22,0,0,Metallica Minerals Ltd,0,0,0
20130415,104475,MLMZF,OTC,0.22,0.22,0,0,Metallica Minerals Ltd,0,0,0
20130416,104475,MLMZF,OTC,0.22,0.22,0,0,Metallica Minerals Ltd,0,0,0
20130417,104475,MLMZF,OTC,0.22,0.22,0,0,Metallica Minerals Ltd,0,0,0
20130418,104475,MLMZF,OTC,0.22,0.22,0,0,Metallica Minerals Ltd,0,0,0
20130419,104475,MLMZF,OTC,0.22,0.22,0,0,Metallica Minerals Ltd,0,0,0
20130422,104475,MLMZF,OTC,0.22,0.22,0,0,Metallica Minerals Ltd,0,0,0
20130423,104475,MLMZF,OTC,0.22,0.22,0,0,Metallica Minerals Ltd,0,0,0
20130424,104475,MLMZF,OTC,0.22,0.22,0,0,Metallica Minerals Ltd,0,0,0
20130425,104475,MLMZF,OTC,0.22,0.22,0,0,Metallica Minerals Ltd,0,0,0
20130426,104475,MLMZF,OTC,0.22,0.22,0,0,Metallica Minerals Ltd,0,0,0
20130429,104475,MLMZF,OTC,0.22,0.22,0,0,Metallica Minerals Ltd,0,0,0
20130430,104475,MLMZF,OTC,0.22,0.22,0,0,Metallica Minerals Ltd,0,0,0
20130501,104475,MLMZF,OTC,0.22,0.22,0,0,Metallica Minerals Ltd,0,0,0
20130502,104475,MLMZF,OTC,0.22,0.22,0,0,Metallica Minerals Ltd,0,0,0
20130503,104475,MLMZF,OTC,0.22,0.22,0,0,Metallica Minerals Ltd,0,0,0
20130506,104475,MLMZF,OTC,0.22,0.22,0,0,Metallica Minerals Ltd,0,0,0
20130507,104475,MLMZF,OTC,0.22,0.22,0,0,Metallica Minerals Ltd,0,0,0
20130508,104475,MLMZF,OTC,0.22,0.22,0,0,Metallica Minerals Ltd,0,0,0
20130509,104475,MLMZF,OTC,0.22,0.22,0,0,Metallica Minerals Ltd,0,0,0
20130510,104475,MLMZF,OTC,0.22,0.22,0,0,Metallica Minerals Ltd,0,0,0
20130513,104475,MLMZF,OTC,0.22,0.22,0,0,Metallica Minerals Ltd,0,0,0
20130514,104475,MLMZF,OTC,0.22,0.22,0,0,Metallica Minerals Ltd,0,0,0
20130515,104475,MLMZF,OTC,0.22,0.22,0,0,Metallica Minerals Ltd,0,0,0
20130516,104475,MLMZF,OTC,0.22,0.22,0,0,Metallica Minerals Ltd,0,0,0
20130517,104475,MLMZF,OTC,0.22,0.22,0,0,Metallica Minerals Ltd,0,0,0
20130520,104475,MLMZF,OTC,0.22,0.22,0,0,Metallica Minerals Ltd,0,0,0
20130521,104475,MLMZF,OTC,0.22,0.22,0,0,Metallica Minerals Ltd,0,0,0
20130522,104475,MLMZF,OTC,0.22,0.22,0,0,Metallica Minerals Ltd,0,0,0
20130523,104475,MLMZF,OTC,0.22,0.22,0,0,Metallica Minerals Ltd,0,0,0
20130524,104475,MLMZF,OTC,0.22,0.22,0,0,Metallica Minerals Ltd,0,0,0
20130528,104475,MLMZF,OTC,0.22,0.22,0,0,Metallica Minerals Ltd,0,0,0
20130529,104475,MLMZF,OTC,0.22,0.22,0,0,Metallica Minerals Ltd,0,0,0
20130530,104475,MLMZF,OTC,0.22,0.22,0,0,Metallica Minerals Ltd,0,0,0
20130531,104475,MLMZF,OTC,0.22,0.22,0,0,Metallica Minerals Ltd,0,0,0
20130603,104475,MLMZF,OTC,0.22,0.22,0,0,Metallica Minerals Ltd,0,0,0
20130604,104475,MLMZF,OTC,0.22,0.22,0,0,Metallica Minerals Ltd,0,0,0
20130605,104475,MLMZF,OTC,0.22,0.22,0,0,Metallica Minerals Ltd,0,0,0
20130606,104475,MLMZF,OTC,0.22,0.22,0,0,Metallica Minerals Ltd,0,0,0
20130607,104475,MLMZF,OTC,0.22,0.22,0,0,Metallica Minerals Ltd,0,0,0
20130610,104475,MLMZF,OTC,0.22,0.22,0,0,Metallica Minerals Ltd,0,0,0
20130611,104475,MLMZF,OTC,0.22,0.22,0,0,Metallica Minerals Ltd,0,0,0
20130612,104475,MLMZF,OTC,0.22,0.22,0,0,Metallica Minerals Ltd,0,0,0
20130613,104475,MLMZF,OTC,0.22,0.22,0,0,Metallica Minerals Ltd,0,0,0
20130614,104475,MLMZF,OTC,0.22,0.22,0,0,Metallica Minerals Ltd,0,0,0
20130617,104475,MLMZF,OTC,0.22,0.22,0,0,Metallica Minerals Ltd,0,0,0
20130618,104475,MLMZF,OTC,0.22,0.22,0,0,Metallica Minerals Ltd,0,0,0
20130619,104475,MLMZF,OTC,0.22,0.22,0,0,Metallica Minerals Ltd,0,0,0
20130620,104475,MLMZF,OTC,0.22,0.22,0,0,Metallica Minerals Ltd,0,0,0
20130621,104475,MLMZF,OTC,0.22,0.22,0,0,Metallica Minerals Ltd,0,0,0
20130624,104475,MLMZF,OTC,0.22,0.22,0,0,Metallica Minerals Ltd,0,0,0
20130625,104475,MLMZF,OTC,0.22,0.22,0,0,Metallica Minerals Ltd,0,0,0
20130626,104475,MLMZF,OTC,0.22,0.22,0,0,Metallica Minerals Ltd,0,0,0
20130627,104475,MLMZF,OTC,0.22,0.22,0,0,Metallica Minerals Ltd,0,0,0
20130628,104475,MLMZF,OTC,0.22,0.22,0,0,Metallica Minerals Ltd,0,0,0
20130701,104475,MLMZF,OTC,0.22,0.22,0,0,Metallica Minerals Ltd,0,0,0
20130702,104475,MLMZF,OTC,0.22,0.22,0,0,Metallica Minerals Ltd,0,0,0
20130703,104475,MLMZF,OTC,0.22,0.22,0,0,Metallica Minerals Ltd,0,0,0
20130705,104475,MLMZF,OTC,0.22,0.22,0,0,Metallica Minerals Ltd,0,0,0
20130708,104475,MLMZF,OTC,0.22,0.22,0,0,Metallica Minerals Ltd,0,0,0
20130709,104475,MLMZF,OTC,0.22,0.22,0,0,Metallica Minerals Ltd,0,0,0
20130710,104475,MLMZF,OTC,0.22,0.22,0,0,Metallica Minerals Ltd,0,0,0
20130711,104475,MLMZF,OTC,0.22,0.22,0,0,Metallica Minerals Ltd,0,0,0
20130712,104475,MLMZF,OTC,0.22,0.22,0,0,Metallica Minerals Ltd,0,0,0
20130715,104475,MLMZF,OTC,0.22,0.22,0,0,Metallica Minerals Ltd,0,0,0
20130716,104475,MLMZF,OTC,0.22,0.22,0,0,Metallica Minerals Ltd,0,0,0
20130717,104475,MLMZF,OTC,0.22,0.22,0,0,Metallica Minerals Ltd,0,0,0
20130718,104475,MLMZF,OTC,0.22,0.22,0,0,Metallica Minerals Ltd,0,0,0
20130719,104475,MLMZF,OTC,0.22,0.22,0,0,Metallica Minerals Ltd,0,0,0
20130722,104475,MLMZF,OTC,0.22,0.22,0,0,Metallica Minerals Ltd,0,0,0
20130723,104475,MLMZF,OTC,0.22,0.22,0,0,Metallica Minerals Ltd,0,0,0
20130724,104475,MLMZF,OTC,0.22,0.22,0,0,Metallica Minerals Ltd,0,0,0
20130725,104475,MLMZF,OTC,0.22,0.22,0,0,Metallica Minerals Ltd,0,0,0
20130726,104475,MLMZF,OTC,0.22,0.22,0,0,Metallica Minerals Ltd,0,0,0
20130729,104475,MLMZF,OTC,0.22,0.22,0,0,Metallica Minerals Ltd,0,0,0
20130730,104475,MLMZF,OTC,0.22,0.22,0,0,Metallica Minerals Ltd,0,0,0
20130731,104475,MLMZF,OTC,0.22,0.22,0,0,Metallica Minerals Ltd,0,0,0
20130801,104475,MLMZF,OTC,0.22,0.22,0,0,Metallica Minerals Ltd,0,0,0
20130802,104475,MLMZF,OTC,0.22,0.22,0,0,Metallica Minerals Ltd,0,0,0
20130805,104475,MLMZF,OTC,0.22,0.22,0,0,Metallica Minerals Ltd,0,0,0
20130806,104475,MLMZF,OTC,0.22,0.22,0,0,Metallica Minerals Ltd,0,0,0
20130807,104475,MLMZF,OTC,0.22,0.22,0,0,Metallica Minerals Ltd,0,0,0
20130808,104475,MLMZF,OTC,0.22,0.22,0,0,Metallica Minerals Ltd,0,0,0
20130809,104475,MLMZF,OTC,0.22,0.22,0,0,Metallica Minerals Ltd,0,0,0
20130812,104475,MLMZF,OTC,0.22,0.22,0,0,Metallica Minerals Ltd,0,0,0
20130813,104475,MLMZF,OTC,0.22,0.22,0,0,Metallica Minerals Ltd,0,0,0
20130814,104475,MLMZF,OTC,0.22,0.22,0,0,Metallica Minerals Ltd,0,0,0
20130815,104475,MLMZF,OTC,0.21,0.21,0,0,Metallica Minerals Ltd,0,0,0
20130816,104475,MLMZF,OTC,0.21,0.21,0,0,Metallica Minerals Ltd,0,0,0
20130819,104475,MLMZF,OTC,0.21,0.21,0,0,Metallica Minerals Ltd,0,0,0
20130820,104475,MLMZF,OTC,0.21,0.21,0,0,Metallica Minerals Ltd,0,0,0
20130821,104475,MLMZF,OTC,0.21,0.21,0,0,Metallica Minerals Ltd,0,0,0
20130822,104475,MLMZF,OTC,0.21,0.21,0,0,Metallica Minerals Ltd,0,0,0
20130823,104475,MLMZF,OTC,0.21,0.21,0,0,Metallica Minerals Ltd,0,0,0
20130826,104475,MLMZF,OTC,0.21,0.21,0,0,Metallica Minerals Ltd,0,0,0
20130827,104475,MLMZF,OTC,0.21,0.21,0,0,Metallica Minerals Ltd,0,0,0
20130828,104475,MLMZF,OTC,0.21,0.21,0,0,Metallica Minerals Ltd,0,0,0
20130829,104475,MLMZF,OTC,0.21,0.21,0,0,Metallica Minerals Ltd,0,0,0
20130830,104475,MLMZF,OTC,0.21,0.21,0,0,Metallica Minerals Ltd,0,0,0
20130903,104475,MLMZF,OTC,0.21,0.21,0,0,Metallica Minerals Ltd,0,0,0
20130904,104475,MLMZF,OTC,0.21,0.21,0,0,Metallica Minerals Ltd,0,0,0
20130905,104475,MLMZF,OTC,0.21,0.21,0,0,Metallica Minerals Ltd,0,0,0
20130906,104475,MLMZF,OTC,0.21,0.21,0,0,Metallica Minerals Ltd,0,0,0
20130909,104475,MLMZF,OTC,0.21,0.21,0,0,Metallica Minerals Ltd,0,0,0
20130910,104475,MLMZF,OTC,0.07,0.07,100,0,Metallica Minerals Ltd,0,0,0
20130911,104475,MLMZF,OTC,0.07,0.07,0,0,Metallica Minerals Ltd,0,0,0
20130912,104475,MLMZF,OTC,0.07,0.07,0,0,Metallica Minerals Ltd,0,0,0
20130913,104475,MLMZF,OTC,0.07,0.07,0,0,Metallica Minerals Ltd,0,0,0
20130916,104475,MLMZF,OTC,0.07,0.07,0,0,Metallica Minerals Ltd,0,0,0
20130917,104475,MLMZF,OTC,0.07,0.07,0,0,Metallica Minerals Ltd,0,0,0
20130918,104475,MLMZF,OTC,0.07,0.07,0,0,Metallica Minerals Ltd,0,0,0
20130919,104475,MLMZF,OTC,0.07,0.07,0,0,Metallica Minerals Ltd,0,0,0
20130920,104475,MLMZF,OTC,0.07,0.07,0,0,Metallica Minerals Ltd,0,0,0
20130923,104475,MLMZF,OTC,0.07,0.07,0,0,Metallica Minerals Ltd,0,0,0
20130924,104475,MLMZF,OTC,0.07,0.07,0,0,Metallica Minerals Ltd,0,0,0
20130925,104475,MLMZF,OTC,0.07,0.07,0,0,Metallica Minerals Ltd,0,0,0
20130926,104475,MLMZF,OTC,0.07,0.07,0,0,Metallica Minerals Ltd,0,0,0
20130927,104475,MLMZF,OTC,0.07,0.07,0,0,Metallica Minerals Ltd,0,0,0
20130930,104475,MLMZF,OTC,0.07,0.07,0,0,Metallica Minerals Ltd,0,0,0
20131001,104475,MLMZF,OTC,0.07,0.07,0,0,Metallica Minerals Ltd,0,0,0
20131002,104475,MLMZF,OTC,0.07,0.07,0,0,Metallica Minerals Ltd,0,0,0
20131003,104475,MLMZF,OTC,0.07,0.07,0,0,Metallica Minerals Ltd,0,0,0
20131004,104475,MLMZF,OTC,0.07,0.07,0,0,Metallica Minerals Ltd,0,0,0
20131007,104475,MLMZF,OTC,0.07,0.07,0,0,Metallica Minerals Ltd,0,0,0
20131008,104475,MLMZF,OTC,0.07,0.07,0,0,Metallica Minerals Ltd,0,0,0
20131009,104475,MLMZF,OTC,0.07,0.07,0,0,Metallica Minerals Ltd,0,0,0
20131010,104475,MLMZF,OTC,0.06,0.06,100,0,Metallica Minerals Ltd,0,0,0
20131011,104475,MLMZF,OTC,0.06,0.06,0,0,Metallica Minerals Ltd,0,0,0
20131014,104475,MLMZF,OTC,0.06,0.06,0,0,Metallica Minerals Ltd,0,0,0
20131015,104475,MLMZF,OTC,0.06,0.06,0,0,Metallica Minerals Ltd,0,0,0
20131016,104475,MLMZF,OTC,0.06,0.06,0,0,Metallica Minerals Ltd,0,0,0
20131017,104475,MLMZF,OTC,0.06,0.06,0,0,Metallica Minerals Ltd,0,0,0
20131018,104475,MLMZF,OTC,0.06,0.06,0,0,Metallica Minerals Ltd,0,0,0
20131021,104475,MLMZF,OTC,0.06,0.06,0,0,Metallica Minerals Ltd,0,0,0
20131022,104475,MLMZF,OTC,0.06,0.06,0,0,Metallica Minerals Ltd,0,0,0
20131023,104475,MLMZF,OTC,0.06,0.06,0,0,Metallica Minerals Ltd,0,0,0
20131024,104475,MLMZF,OTC,0.06,0.06,0,0,Metallica Minerals Ltd,0,0,0
20131025,104475,MLMZF,OTC,0.06,0.06,0,0,Metallica Minerals Ltd,0,0,0
20131028,104475,MLMZF,OTC,0.06,0.06,0,0,Metallica Minerals Ltd,0,0,0
20131029,104475,MLMZF,OTC,0.06,0.06,0,0,Metallica Minerals Ltd,0,0,0
20131030,104475,MLMZF,OTC,0.06,0.06,0,0,Metallica Minerals Ltd,0,0,0
20131031,104475,MLMZF,OTC,0.06,0.06,0,0,Metallica Minerals Ltd,0,0,0
20131101,104475,MLMZF,OTC,0.06,0.06,0,0,Metallica Minerals Ltd,0,0,0
20131104,104475,MLMZF,OTC,0.06,0.06,0,0,Metallica Minerals Ltd,0,0,0
20131105,104475,MLMZF,OTC,0.06,0.06,0,0,Metallica Minerals Ltd,0,0,0
20131106,104475,MLMZF,OTC,0.06,0.06,0,0,Metallica Minerals Ltd,0,0,0
20131107,104475,MLMZF,OTC,0.06,0.06,0,0,Metallica Minerals Ltd,0,0,0
20131108,104475,MLMZF,OTC,0.06,0.06,0,0,Metallica Minerals Ltd,0,0,0
20131111,104475,MLMZF,OTC,0.06,0.06,0,0,Metallica Minerals Ltd,0,0,0
20131112,104475,MLMZF,OTC,0.06,0.06,0,0,Metallica Minerals Ltd,0,0,0
20131113,104475,MLMZF,OTC,0.07,0.07,100,0,Metallica Minerals Ltd,0,0,0
20131114,104475,MLMZF,OTC,0.07,0.07,0,0,Metallica Minerals Ltd,0,0,0
20131115,104475,MLMZF,OTC,0.07,0.07,0,0,Metallica Minerals Ltd,0,0,0
20131118,104475,MLMZF,OTC,0.07,0.07,0,0,Metallica Minerals Ltd,0,0,0
20131119,104475,MLMZF,OTC,0.07,0.07,0,0,Metallica Minerals Ltd,0,0,0
20131120,104475,MLMZF,OTC,0.07,0.07,0,0,Metallica Minerals Ltd,0,0,0
20131121,104475,MLMZF,OTC,0.07,0.07,0,0,Metallica Minerals Ltd,0,0,0
20131122,104475,MLMZF,OTC,0.07,0.07,0,0,Metallica Minerals Ltd,0,0,0
20131125,104475,MLMZF,OTC,0.07,0.07,0,0,Metallica Minerals Ltd,0,0,0
20131126,104475,MLMZF,OTC,0.07,0.07,0,0,Metallica Minerals Ltd,0,0,0
20131127,104475,MLMZF,OTC,0.07,0.07,0,0,Metallica Minerals Ltd,0,0,0
20131129,104475,MLMZF,OTC,0.07,0.07,0,0,Metallica Minerals Ltd,0,0,0
20131202,104475,MLMZF,OTC,0.07,0.07,0,0,Metallica Minerals Ltd,0,0,0
20131203,104475,MLMZF,OTC,0.07,0.07,0,0,Metallica Minerals Ltd,0,0,0
20131204,104475,MLMZF,OTC,0.07,0.07,0,0,Metallica Minerals Ltd,0,0,0
20131205,104475,MLMZF,OTC,0.07,0.07,0,0,Metallica Minerals Ltd,0,0,0
20131206,104475,MLMZF,OTC,0.07,0.07,0,0,Metallica Minerals Ltd,0,0,0
20131209,104475,MLMZF,OTC,0.07,0.07,0,0,Metallica Minerals Ltd,0,0,0
20131210,104475,MLMZF,OTC,0.07,0.07,0,0,Metallica Minerals Ltd,0,0,0
20131211,104475,MLMZF,OTC,0.07,0.07,0,0,Metallica Minerals Ltd,0,0,0
20131212,104475,MLMZF,OTC,0.07,0.07,0,0,Metallica Minerals Ltd,0,0,0
20131213,104475,MLMZF,OTC,0.07,0.07,0,0,Metallica Minerals Ltd,0,0,0
20131216,104475,MLMZF,OTC,0.07,0.07,0,0,Metallica Minerals Ltd,0,0,0
20131217,104475,MLMZF,OTC,0.07,0.07,0,0,Metallica Minerals Ltd,0,0,0
20131218,104475,MLMZF,OTC,0.07,0.07,0,0,Metallica Minerals Ltd,0,0,0
20131219,104475,MLMZF,OTC,0.07,0.07,0,0,Metallica Minerals Ltd,0,0,0
20131220,104475,MLMZF,OTC,0.07,0.07,0,0,Metallica Minerals Ltd,0,0,0
20131223,104475,MLMZF,OTC,0.04,0.04,150,0,Metallica Minerals Ltd,0,0,0
20131224,104475,MLMZF,OTC,0.04,0.04,0,0,Metallica Minerals Ltd,0,0,0
20131226,104475,MLMZF,OTC,0.04,0.04,0,0,Metallica Minerals Ltd,0,0,0
20131227,104475,MLMZF,OTC,0.04,0.04,0,0,Metallica Minerals Ltd,0,0,0
20131230,104475,MLMZF,OTC,0.04,0.04,0,0,Metallica Minerals Ltd,0,0,0
20131231,104475,MLMZF,OTC,0.04,0.04,0,0,Metallica Minerals Ltd,0,0,0
20140102,104475,MLMZF,OTC,0.04,0.04,0,0,Metallica Minerals Ltd,0,0,0
20140103,104475,MLMZF,OTC,0.04,0.04,0,0,Metallica Minerals Ltd,0,0,0
20140106,104475,MLMZF,OTC,0.04,0.04,0,0,Metallica Minerals Ltd,0,0,0
20140107,104475,MLMZF,OTC,0.04,0.04,0,0,Metallica Minerals Ltd,0,0,0
20140108,104475,MLMZF,OTC,0.04,0.04,0,0,Metallica Minerals Ltd,0,0,0
20140109,104475,MLMZF,OTC,0.04,0.04,0,0,Metallica Minerals Ltd,0,0,0
20140110,104475,MLMZF,OTC,0.04,0.04,0,0,Metallica Minerals Ltd,0,0,0
20140113,104475,MLMZF,OTC,0.04,0.04,0,0,Metallica Minerals Ltd,0,0,0
20140114,104475,MLMZF,OTC,0.04,0.04,0,0,Metallica Minerals Ltd,0,0,0
20140115,104475,MLMZF,OTC,0.04,0.04,0,0,Metallica Minerals Ltd,0,0,0
20140116,104475,MLMZF,OTC,0.04,0.04,0,0,Metallica Minerals Ltd,0,0,0
20140117,104475,MLMZF,OTC,0.04,0.04,0,0,Metallica Minerals Ltd,0,0,0
20140121,104475,MLMZF,OTC,0.04,0.04,0,0,Metallica Minerals Ltd,0,0,0
20140122,104475,MLMZF,OTC,0.04,0.04,0,0,Metallica Minerals Ltd,0,0,0
20140123,104475,MLMZF,OTC,0.04,0.04,0,0,Metallica Minerals Ltd,0,0,0
20140124,104475,MLMZF,OTC,0.04,0.04,0,0,Metallica Minerals Ltd,0,0,0
20140127,104475,MLMZF,OTC,0.06,0.06,250,0,Metallica Minerals Ltd,0,0,0
20140128,104475,MLMZF,OTC,0.06,0.06,0,0,Metallica Minerals Ltd,0,0,0
20140129,104475,MLMZF,OTC,0.06,0.06,0,0,Metallica Minerals Ltd,0,0,0
20140130,104475,MLMZF,OTC,0.06,0.06,0,0,Metallica Minerals Ltd,0,0,0
20140131,104475,MLMZF,OTC,0.06,0.06,0,0,Metallica Minerals Ltd,0,0,0
20140203,104475,MLMZF,OTC,0.06,0.06,0,0,Metallica Minerals Ltd,0,0,0
20140204,104475,MLMZF,OTC,0.06,0.06,0,0,Metallica Minerals Ltd,0,0,0
20140205,104475,MLMZF,OTC,0.06,0.06,0,0,Metallica Minerals Ltd,0,0,0
20140206,104475,MLMZF,OTC,0.06,0.06,0,0,Metallica Minerals Ltd,0,0,0
20140207,104475,MLMZF,OTC,0.06,0.06,0,0,Metallica Minerals Ltd,0,0,0
20140210,104475,MLMZF,OTC,0.06,0.06,0,0,Metallica Minerals Ltd,0,0,0
20140211,104475,MLMZF,OTC,0.06,0.06,0,0,Metallica Minerals Ltd,0,0,0
20140212,104475,MLMZF,OTC,0.06,0.06,10,0,Metallica Minerals Ltd,0,0,0
20140213,104475,MLMZF,OTC,0.06,0.06,0,0,Metallica Minerals Ltd,0,0,0
20140214,104475,MLMZF,OTC,0.06,0.06,0,0,Metallica Minerals Ltd,0,0,0
20140218,104475,MLMZF,OTC,0.06,0.06,0,0,Metallica Minerals Ltd,0,0,0
20140219,104475,MLMZF,OTC,0.06,0.06,0,0,Metallica Minerals Ltd,0,0,0
20140220,104475,MLMZF,OTC,0.06,0.06,0,0,Metallica Minerals Ltd,0,0,0
20140221,104475,MLMZF,OTC,0.06,0.06,0,0,Metallica Minerals Ltd,0,0,0
20140224,104475,MLMZF,OTC,0.06,0.06,0,0,Metallica Minerals Ltd,0,0,0
20140225,104475,MLMZF,OTC,0.06,0.06,0,0,Metallica Minerals Ltd,0,0,0
20140226,104475,MLMZF,OTC,0.06,0.06,0,0,Metallica Minerals Ltd,0,0,0
20140227,104475,MLMZF,OTC,0.06,0.06,0,0,Metallica Minerals Ltd,0,0,0
20140228,104475,MLMZF,OTC,0.06,0.06,0,0,Metallica Minerals Ltd,0,0,0
20140303,104475,MLMZF,OTC,0.06,0.06,0,0,Metallica Minerals Ltd,0,0,0
20140304,104475,MLMZF,OTC,0.06,0.06,0,0,Metallica Minerals Ltd,0,0,0
20140305,104475,MLMZF,OTC,0.05,0.05,350,0,Metallica Minerals Ltd,0,0,0
20140306,104475,MLMZF,OTC,0.05,0.05,500,0,Metallica Minerals Ltd,0,0,0
20140307,104475,MLMZF,OTC,0.05,0.05,0,0,Metallica Minerals Ltd,0,0,0
