DDate,CSINumber,Symbol,Exchange,DClose,UnAdjustedClose,TotalVolume,Cash,MarketName,PTB,PSR,DPS
20120207,104402,CRWRF,OTC,5.6,5.6,0,0,Craneware PLC 2,0,0,0
20120208,104402,CRWRF,OTC,5.6,5.6,0,0,Craneware PLC 2,0,0,0
20120209,104402,CRWRF,OTC,5.6,5.6,0,0,Craneware PLC 2,0,0,0
20120210,104402,CRWRF,OTC,5.6,5.6,0,0,Craneware PLC 2,0,0,0
20120213,104402,CRWRF,OTC,5.6,5.6,0,0,Craneware PLC 2,0,0,0
20120214,104402,CRWRF,OTC,5.6,5.6,0,0,Craneware PLC 2,0,0,0
20120215,104402,CRWRF,OTC,5.6,5.6,0,0,Craneware PLC 2,0,0,0
20120216,104402,CRWRF,OTC,5.6,5.6,0,0,Craneware PLC 2,0,0,0
20120217,104402,CRWRF,OTC,5.6,5.6,0,0,Craneware PLC 2,0,0,0
20120221,104402,CRWRF,OTC,5.6,5.6,0,0,Craneware PLC 2,0,0,0
20120222,104402,CRWRF,OTC,5.6,5.6,0,0,Craneware PLC 2,0,0,0
20120223,104402,CRWRF,OTC,5.6,5.6,0,0,Craneware PLC 2,0,0,0
20120224,104402,CRWRF,OTC,5.6,5.6,0,0,Craneware PLC 2,0,0,0
20120227,104402,CRWRF,OTC,5.6,5.6,0,0,Craneware PLC 2,0,0,0
20120228,104402,CRWRF,OTC,5.6,5.6,0,0,Craneware PLC 2,0,0,0
20120229,104402,CRWRF,OTC,5.6,5.6,0,0,Craneware PLC 2,0,0,0
20120301,104402,CRWRF,OTC,5.6,5.6,0,0,Craneware PLC 2,0,0,0
20120302,104402,CRWRF,OTC,5.6,5.6,0,0,Craneware PLC 2,0,0,0
20120305,104402,CRWRF,OTC,5.6,5.6,0,0,Craneware PLC 2,0,0,0
20120306,104402,CRWRF,OTC,5.6,5.6,0,0,Craneware PLC 2,0,0,0
20120307,104402,CRWRF,OTC,5.6,5.6,0,0,Craneware PLC 2,0,0,0
20120308,104402,CRWRF,OTC,5.6,5.6,0,0,Craneware PLC 2,0,0,0
20120309,104402,CRWRF,OTC,5.6,5.6,0,0,Craneware PLC 2,0,0,0
20120312,104402,CRWRF,OTC,5.6,5.6,0,0,Craneware PLC 2,0,0,0
20120313,104402,CRWRF,OTC,5.6,5.6,0,0,Craneware PLC 2,0,0,0
20120314,104402,CRWRF,OTC,5.6,5.6,0,0,Craneware PLC 2,0,0,0
20120315,104402,CRWRF,OTC,5.6,5.6,0,0,Craneware PLC 2,0,0,0
20120316,104402,CRWRF,OTC,5.6,5.6,0,0,Craneware PLC 2,0,0,0
20120319,104402,CRWRF,OTC,5.6,5.6,0,0,Craneware PLC 2,0,0,0
20120320,104402,CRWRF,OTC,5.6,5.6,0,0,Craneware PLC 2,0,0,0
20120321,104402,CRWRF,OTC,5.6,5.6,0,0,Craneware PLC 2,0,0,0
20120322,104402,CRWRF,OTC,5.6,5.6,0,0,Craneware PLC 2,0,0,0
20120323,104402,CRWRF,OTC,5.6,5.6,0,0,Craneware PLC 2,0,0,0
20120326,104402,CRWRF,OTC,5.6,5.6,0,0,Craneware PLC 2,0,0,0
20120327,104402,CRWRF,OTC,5.6,5.6,0,0,Craneware PLC 2,0,0,0
20120328,104402,CRWRF,OTC,5.6,5.6,0,0,Craneware PLC 2,0,0,0
20120329,104402,CRWRF,OTC,5.6,5.6,0,0,Craneware PLC 2,0,0,0
20120330,104402,CRWRF,OTC,5.6,5.6,0,0,Craneware PLC 2,0,0,0
20120402,104402,CRWRF,OTC,5.6,5.6,0,0,Craneware PLC 2,0,0,0
20120403,104402,CRWRF,OTC,5.6,5.6,0,0,Craneware PLC 2,0,0,0
20120404,104402,CRWRF,OTC,5.6,5.6,0,0,Craneware PLC 2,0,0,0
20120405,104402,CRWRF,OTC,5.6,5.6,0,0,Craneware PLC 2,0,0,0
20120409,104402,CRWRF,OTC,5.6,5.6,0,0,Craneware PLC 2,0,0,0
20120410,104402,CRWRF,OTC,5.6,5.6,0,0,Craneware PLC 2,0,0,0
20120411,104402,CRWRF,OTC,5.6,5.6,0,0,Craneware PLC 2,0,0,0
20120412,104402,CRWRF,OTC,5.6,5.6,0,0,Craneware PLC 2,0,0,0
20120413,104402,CRWRF,OTC,5.6,5.6,0,0,Craneware PLC 2,0,0,0
20120416,104402,CRWRF,OTC,5.6,5.6,0,0,Craneware PLC 2,0,0,0
20120417,104402,CRWRF,OTC,5.6,5.6,0,0,Craneware PLC 2,0,0,0
20120418,104402,CRWRF,OTC,5.6,5.6,0,0,Craneware PLC 2,0,0,0
20120419,104402,CRWRF,OTC,5.6,5.6,0,0,Craneware PLC 2,0,0,0
20120420,104402,CRWRF,OTC,5.85,5.85,214,0,Craneware PLC 2,0,0,0
20120423,104402,CRWRF,OTC,5.85,5.85,0,0,Craneware PLC 2,0,0,0
20120424,104402,CRWRF,OTC,5.85,5.85,0,0,Craneware PLC 2,0,0,0
20120425,104402,CRWRF,OTC,5.85,5.85,0,0,Craneware PLC 2,0,0,0
20120426,104402,CRWRF,OTC,5.85,5.85,0,0,Craneware PLC 2,0,0,0
20120427,104402,CRWRF,OTC,5.85,5.85,0,0,Craneware PLC 2,0,0,0
20120430,104402,CRWRF,OTC,5.85,5.85,0,0,Craneware PLC 2,0,0,0
20120501,104402,CRWRF,OTC,5.85,5.85,0,0,Craneware PLC 2,0,0,0
20120502,104402,CRWRF,OTC,5.85,5.85,0,0,Craneware PLC 2,0,0,0
20120503,104402,CRWRF,OTC,5.85,5.85,0,0,Craneware PLC 2,0,0,0
20120504,104402,CRWRF,OTC,5.85,5.85,0,0,Craneware PLC 2,0,0,0
20120507,104402,CRWRF,OTC,5.85,5.85,0,0,Craneware PLC 2,0,0,0
20120508,104402,CRWRF,OTC,5.85,5.85,0,0,Craneware PLC 2,0,0,0
20120509,104402,CRWRF,OTC,5.85,5.85,0,0,Craneware PLC 2,0,0,0
20120510,104402,CRWRF,OTC,5.85,5.85,0,0,Craneware PLC 2,0,0,0
20120511,104402,CRWRF,OTC,5.85,5.85,0,0,Craneware PLC 2,0,0,0
20120514,104402,CRWRF,OTC,5.85,5.85,0,0,Craneware PLC 2,0,0,0
20120515,104402,CRWRF,OTC,5.85,5.85,0,0,Craneware PLC 2,0,0,0
20120516,104402,CRWRF,OTC,5.85,5.85,0,0,Craneware PLC 2,0,0,0
20120517,104402,CRWRF,OTC,5.85,5.85,0,0,Craneware PLC 2,0,0,0
20120518,104402,CRWRF,OTC,5.85,5.85,0,0,Craneware PLC 2,0,0,0
20120521,104402,CRWRF,OTC,5.85,5.85,0,0,Craneware PLC 2,0,0,0
20120522,104402,CRWRF,OTC,5.85,5.85,0,0,Craneware PLC 2,0,0,0
20120523,104402,CRWRF,OTC,5.85,5.85,0,0,Craneware PLC 2,0,0,0
20120524,104402,CRWRF,OTC,5.85,5.85,0,0,Craneware PLC 2,0,0,0
20120525,104402,CRWRF,OTC,5.85,5.85,0,0,Craneware PLC 2,0,0,0
20120529,104402,CRWRF,OTC,5.85,5.85,0,0,Craneware PLC 2,0,0,0
20120530,104402,CRWRF,OTC,5.85,5.85,0,0,Craneware PLC 2,0,0,0
20120531,104402,CRWRF,OTC,5.85,5.85,0,0,Craneware PLC 2,0,0,0
20120601,104402,CRWRF,OTC,5.85,5.85,0,0,Craneware PLC 2,0,0,0
20120604,104402,CRWRF,OTC,5.85,5.85,0,0,Craneware PLC 2,0,0,0
20120605,104402,CRWRF,OTC,5.85,5.85,0,0,Craneware PLC 2,0,0,0
20120606,104402,CRWRF,OTC,5.85,5.85,0,0,Craneware PLC 2,0,0,0
20120607,104402,CRWRF,OTC,5.85,5.85,0,0,Craneware PLC 2,0,0,0
20120608,104402,CRWRF,OTC,5.85,5.85,0,0,Craneware PLC 2,0,0,0
20120611,104402,CRWRF,OTC,5.85,5.85,0,0,Craneware PLC 2,0,0,0
20120612,104402,CRWRF,OTC,5.85,5.85,0,0,Craneware PLC 2,0,0,0
20120613,104402,CRWRF,OTC,5.85,5.85,0,0,Craneware PLC 2,0,0,0
20120614,104402,CRWRF,OTC,5.85,5.85,0,0,Craneware PLC 2,0,0,0
20120615,104402,CRWRF,OTC,5.85,5.85,0,0,Craneware PLC 2,0,0,0
20120618,104402,CRWRF,OTC,5.85,5.85,0,0,Craneware PLC 2,0,0,0
20120619,104402,CRWRF,OTC,5.85,5.85,0,0,Craneware PLC 2,0,0,0
20120620,104402,CRWRF,OTC,5.85,5.85,0,0,Craneware PLC 2,0,0,0
20120621,104402,CRWRF,OTC,5.85,5.85,0,0,Craneware PLC 2,0,0,0
20120622,104402,CRWRF,OTC,5.85,5.85,0,0,Craneware PLC 2,0,0,0
20120625,104402,CRWRF,OTC,5.85,5.85,0,0,Craneware PLC 2,0,0,0
20120626,104402,CRWRF,OTC,5.85,5.85,0,0,Craneware PLC 2,0,0,0
20120627,104402,CRWRF,OTC,5.85,5.85,0,0,Craneware PLC 2,0,0,0
20120628,104402,CRWRF,OTC,5.85,5.85,0,0,Craneware PLC 2,0,0,0
20120629,104402,CRWRF,OTC,5.85,5.85,0,0,Craneware PLC 2,0,0,0
20120702,104402,CRWRF,OTC,5.85,5.85,0,0,Craneware PLC 2,0,0,0
20120703,104402,CRWRF,OTC,5.85,5.85,0,0,Craneware PLC 2,0,0,0
20120705,104402,CRWRF,OTC,5.85,5.85,0,0,Craneware PLC 2,0,0,0
20120706,104402,CRWRF,OTC,5.85,5.85,0,0,Craneware PLC 2,0,0,0
20120709,104402,CRWRF,OTC,5.85,5.85,0,0,Craneware PLC 2,0,0,0
20120710,104402,CRWRF,OTC,5.85,5.85,0,0,Craneware PLC 2,0,0,0
20120711,104402,CRWRF,OTC,5.85,5.85,0,0,Craneware PLC 2,0,0,0
20120712,104402,CRWRF,OTC,5.85,5.85,0,0,Craneware PLC 2,0,0,0
20120713,104402,CRWRF,OTC,5.85,5.85,0,0,Craneware PLC 2,0,0,0
20120716,104402,CRWRF,OTC,5.85,5.85,0,0,Craneware PLC 2,0,0,0
20120717,104402,CRWRF,OTC,5.85,5.85,0,0,Craneware PLC 2,0,0,0
20120718,104402,CRWRF,OTC,5.85,5.85,0,0,Craneware PLC 2,0,0,0
20120719,104402,CRWRF,OTC,5.85,5.85,0,0,Craneware PLC 2,0,0,0
20120720,104402,CRWRF,OTC,5.85,5.85,0,0,Craneware PLC 2,0,0,0
20120723,104402,CRWRF,OTC,5.85,5.85,0,0,Craneware PLC 2,0,0,0
20120724,104402,CRWRF,OTC,5.85,5.85,0,0,Craneware PLC 2,0,0,0
20120725,104402,CRWRF,OTC,5.85,5.85,0,0,Craneware PLC 2,0,0,0
20120726,104402,CRWRF,OTC,5.85,5.85,0,0,Craneware PLC 2,0,0,0
20120727,104402,CRWRF,OTC,5.85,5.85,0,0,Craneware PLC 2,0,0,0
20120730,104402,CRWRF,OTC,5.85,5.85,0,0,Craneware PLC 2,0,0,0
20120731,104402,CRWRF,OTC,5.85,5.85,0,0,Craneware PLC 2,0,0,0
20120801,104402,CRWRF,OTC,5.85,5.85,0,0,Craneware PLC 2,0,0,0
20120802,104402,CRWRF,OTC,5.85,5.85,0,0,Craneware PLC 2,0,0,0
20120803,104402,CRWRF,OTC,5.85,5.85,0,0,Craneware PLC 2,0,0,0
20120806,104402,CRWRF,OTC,5.85,5.85,0,0,Craneware PLC 2,0,0,0
20120807,104402,CRWRF,OTC,5.85,5.85,0,0,Craneware PLC 2,0,0,0
20120808,104402,CRWRF,OTC,5.85,5.85,0,0,Craneware PLC 2,0,0,0
20120809,104402,CRWRF,OTC,5.85,5.85,0,0,Craneware PLC 2,0,0,0
20120810,104402,CRWRF,OTC,5.85,5.85,0,0,Craneware PLC 2,0,0,0
20120813,104402,CRWRF,OTC,5.85,5.85,0,0,Craneware PLC 2,0,0,0
20120814,104402,CRWRF,OTC,5.85,5.85,0,0,Craneware PLC 2,0,0,0
20120815,104402,CRWRF,OTC,5.85,5.85,0,0,Craneware PLC 2,0,0,0
20120816,104402,CRWRF,OTC,5.85,5.85,0,0,Craneware PLC 2,0,0,0
20120817,104402,CRWRF,OTC,5.85,5.85,0,0,Craneware PLC 2,0,0,0
20120820,104402,CRWRF,OTC,5.85,5.85,0,0,Craneware PLC 2,0,0,0
20120821,104402,CRWRF,OTC,5.85,5.85,0,0,Craneware PLC 2,0,0,0
20120822,104402,CRWRF,OTC,5.85,5.85,0,0,Craneware PLC 2,0,0,0
20120823,104402,CRWRF,OTC,5.28,5.28,13,0,Craneware PLC 2,0,0,0
20120824,104402,CRWRF,OTC,5.28,5.28,0,0,Craneware PLC 2,0,0,0
20120827,104402,CRWRF,OTC,5.28,5.28,0,0,Craneware PLC 2,0,0,0
20120828,104402,CRWRF,OTC,5.28,5.28,0,0,Craneware PLC 2,0,0,0
20120829,104402,CRWRF,OTC,5.28,5.28,0,0,Craneware PLC 2,0,0,0
20120830,104402,CRWRF,OTC,5.28,5.28,0,0,Craneware PLC 2,0,0,0
20120831,104402,CRWRF,OTC,5.28,5.28,0,0,Craneware PLC 2,0,0,0
20120904,104402,CRWRF,OTC,5.28,5.28,0,0,Craneware PLC 2,0,0,0
20120905,104402,CRWRF,OTC,5.28,5.28,0,0,Craneware PLC 2,0,0,0
20120906,104402,CRWRF,OTC,5.28,5.28,0,0,Craneware PLC 2,0,0,0
20120907,104402,CRWRF,OTC,5.28,5.28,0,0,Craneware PLC 2,0,0,0
20120910,104402,CRWRF,OTC,5.28,5.28,0,0,Craneware PLC 2,0,0,0
20120911,104402,CRWRF,OTC,5.28,5.28,0,0,Craneware PLC 2,0,0,0
20120912,104402,CRWRF,OTC,5.28,5.28,0,0,Craneware PLC 2,0,0,0
20120913,104402,CRWRF,OTC,5.28,5.28,0,0,Craneware PLC 2,0,0,0
20120914,104402,CRWRF,OTC,5.28,5.28,0,0,Craneware PLC 2,0,0,0
20120917,104402,CRWRF,OTC,5.28,5.28,0,0,Craneware PLC 2,0,0,0
20120918,104402,CRWRF,OTC,5.28,5.28,0,0,Craneware PLC 2,0,0,0
20120919,104402,CRWRF,OTC,5.28,5.28,0,0,Craneware PLC 2,0,0,0
20120920,104402,CRWRF,OTC,5.28,5.28,0,0,Craneware PLC 2,0,0,0
20120921,104402,CRWRF,OTC,5.28,5.28,0,0,Craneware PLC 2,0,0,0
20120924,104402,CRWRF,OTC,5.28,5.28,0,0,Craneware PLC 2,0,0,0
20120925,104402,CRWRF,OTC,5.28,5.28,0,0,Craneware PLC 2,0,0,0
20120926,104402,CRWRF,OTC,5.28,5.28,0,0,Craneware PLC 2,0,0,0
20120927,104402,CRWRF,OTC,6.38,6.38,40,0,Craneware PLC 2,0,0,0
20120928,104402,CRWRF,OTC,6.38,6.38,0,0,Craneware PLC 2,0,0,0
20121001,104402,CRWRF,OTC,6.38,6.38,0,0,Craneware PLC 2,0,0,0
20121002,104402,CRWRF,OTC,6.38,6.38,0,0,Craneware PLC 2,0,0,0
20121003,104402,CRWRF,OTC,6.38,6.38,0,0,Craneware PLC 2,0,0,0
20121004,104402,CRWRF,OTC,6.38,6.38,0,0,Craneware PLC 2,0,0,0
20121005,104402,CRWRF,OTC,6.38,6.38,0,0,Craneware PLC 2,0,0,0
20121008,104402,CRWRF,OTC,6.38,6.38,0,0,Craneware PLC 2,0,0,0
20121009,104402,CRWRF,OTC,6.38,6.38,0,0,Craneware PLC 2,0,0,0
20121010,104402,CRWRF,OTC,6.38,6.38,0,0,Craneware PLC 2,0,0,0
20121011,104402,CRWRF,OTC,6.38,6.38,0,0,Craneware PLC 2,0,0,0
20121012,104402,CRWRF,OTC,6.38,6.38,0,0,Craneware PLC 2,0,0,0
20121015,104402,CRWRF,OTC,6.38,6.38,0,0,Craneware PLC 2,0,0,0
20121016,104402,CRWRF,OTC,6.38,6.38,0,0,Craneware PLC 2,0,0,0
20121017,104402,CRWRF,OTC,6.38,6.38,0,0,Craneware PLC 2,0,0,0
20121018,104402,CRWRF,OTC,6.38,6.38,0,0,Craneware PLC 2,0,0,0
20121019,104402,CRWRF,OTC,6.38,6.38,0,0,Craneware PLC 2,0,0,0
20121022,104402,CRWRF,OTC,6.38,6.38,0,0,Craneware PLC 2,0,0,0
20121023,104402,CRWRF,OTC,6.38,6.38,0,0,Craneware PLC 2,0,0,0
20121024,104402,CRWRF,OTC,6.38,6.38,0,0,Craneware PLC 2,0,0,0
20121025,104402,CRWRF,OTC,6.38,6.38,0,0,Craneware PLC 2,0,0,0
20121026,104402,CRWRF,OTC,6.38,6.38,0,0,Craneware PLC 2,0,0,0
20121031,104402,CRWRF,OTC,6.38,6.38,0,0,Craneware PLC 2,0,0,0
20121101,104402,CRWRF,OTC,6.38,6.38,0,0,Craneware PLC 2,0,0,0
20121102,104402,CRWRF,OTC,6.38,6.38,0,0,Craneware PLC 2,0,0,0
20121105,104402,CRWRF,OTC,6.38,6.38,0,0,Craneware PLC 2,0,0,0
20121106,104402,CRWRF,OTC,6.95,6.95,43,0,Craneware PLC 2,0,0,0
20121107,104402,CRWRF,OTC,6.95,6.95,0,0,Craneware PLC 2,0,0,0
20121108,104402,CRWRF,OTC,6.95,6.95,0,0,Craneware PLC 2,0,0,0
20121109,104402,CRWRF,OTC,6.95,6.95,0,0,Craneware PLC 2,0,0,0
20121112,104402,CRWRF,OTC,6.95,6.95,0,0,Craneware PLC 2,0,0,0
20121113,104402,CRWRF,OTC,6.95,6.95,0,0,Craneware PLC 2,0,0,0
20121114,104402,CRWRF,OTC,6.95,6.95,0,0,Craneware PLC 2,0,0,0
20121115,104402,CRWRF,OTC,6.95,6.95,0,0,Craneware PLC 2,0,0,0
20121116,104402,CRWRF,OTC,6.95,6.95,0,0,Craneware PLC 2,0,0,0
20121119,104402,CRWRF,OTC,6.95,6.95,0,0,Craneware PLC 2,0,0,0
20121120,104402,CRWRF,OTC,6.95,6.95,0,0,Craneware PLC 2,0,0,0
20121121,104402,CRWRF,OTC,6.95,6.95,0,0,Craneware PLC 2,0,0,0
20121123,104402,CRWRF,OTC,6.95,6.95,0,0,Craneware PLC 2,0,0,0
20121126,104402,CRWRF,OTC,6.95,6.95,0,0,Craneware PLC 2,0,0,0
20121127,104402,CRWRF,OTC,6.95,6.95,0,0,Craneware PLC 2,0,0,0
20121128,104402,CRWRF,OTC,6.95,6.95,0,0,Craneware PLC 2,0,0,0
20121129,104402,CRWRF,OTC,6.95,6.95,0,0,Craneware PLC 2,0,0,0
20121130,104402,CRWRF,OTC,6.95,6.95,0,0,Craneware PLC 2,0,0,0
20121203,104402,CRWRF,OTC,6.95,6.95,0,0,Craneware PLC 2,0,0,0
20121204,104402,CRWRF,OTC,6.95,6.95,0,0,Craneware PLC 2,0,0,0
20121205,104402,CRWRF,OTC,6.95,6.95,0,0,Craneware PLC 2,0,0,0
20121206,104402,CRWRF,OTC,6.95,6.95,0,0,Craneware PLC 2,0,0,0
20121207,104402,CRWRF,OTC,6.95,6.95,0,0,Craneware PLC 2,0,0,0
20121210,104402,CRWRF,OTC,6.95,6.95,0,0,Craneware PLC 2,0,0,0
20121211,104402,CRWRF,OTC,6.95,6.95,0,0,Craneware PLC 2,0,0,0
20121212,104402,CRWRF,OTC,6.95,6.95,0,0,Craneware PLC 2,0,0,0
20121213,104402,CRWRF,OTC,6.95,6.95,0,0,Craneware PLC 2,0,0,0
20121214,104402,CRWRF,OTC,6.95,6.95,0,0,Craneware PLC 2,0,0,0
20121217,104402,CRWRF,OTC,6.95,6.95,0,0,Craneware PLC 2,0,0,0
20121218,104402,CRWRF,OTC,6.95,6.95,0,0,Craneware PLC 2,0,0,0
20121219,104402,CRWRF,OTC,6.95,6.95,0,0,Craneware PLC 2,0,0,0
20121220,104402,CRWRF,OTC,6.95,6.95,0,0,Craneware PLC 2,0,0,0
20121221,104402,CRWRF,OTC,6.95,6.95,0,0,Craneware PLC 2,0,0,0
20121224,104402,CRWRF,OTC,6.95,6.95,0,0,Craneware PLC 2,0,0,0
20121226,104402,CRWRF,OTC,6.95,6.95,0,0,Craneware PLC 2,0,0,0
20121227,104402,CRWRF,OTC,6.95,6.95,0,0,Craneware PLC 2,0,0,0
20121228,104402,CRWRF,OTC,6.95,6.95,0,0,Craneware PLC 2,0,0,0
20121231,104402,CRWRF,OTC,6.25,6.25,66,0,Craneware PLC 2,0,0,0
20130102,104402,CRWRF,OTC,6.25,6.25,0,0,Craneware PLC 2,0,0,0
20130103,104402,CRWRF,OTC,6.25,6.25,0,0,Craneware PLC 2,0,0,0
20130104,104402,CRWRF,OTC,6.25,6.25,0,0,Craneware PLC 2,0,0,0
20130107,104402,CRWRF,OTC,6.25,6.25,0,0,Craneware PLC 2,0,0,0
20130108,104402,CRWRF,OTC,6.25,6.25,0,0,Craneware PLC 2,0,0,0
20130109,104402,CRWRF,OTC,6.25,6.25,0,0,Craneware PLC 2,0,0,0
20130110,104402,CRWRF,OTC,6.25,6.25,0,0,Craneware PLC 2,0,0,0
20130111,104402,CRWRF,OTC,6.25,6.25,0,0,Craneware PLC 2,0,0,0
20130114,104402,CRWRF,OTC,6.25,6.25,0,0,Craneware PLC 2,0,0,0
20130115,104402,CRWRF,OTC,6.25,6.25,0,0,Craneware PLC 2,0,0,0
20130116,104402,CRWRF,OTC,6.25,6.25,0,0,Craneware PLC 2,0,0,0
20130117,104402,CRWRF,OTC,6.25,6.25,0,0,Craneware PLC 2,0,0,0
20130118,104402,CRWRF,OTC,6.25,6.25,0,0,Craneware PLC 2,0,0,0
20130122,104402,CRWRF,OTC,6.25,6.25,0,0,Craneware PLC 2,0,0,0
20130123,104402,CRWRF,OTC,6.25,6.25,0,0,Craneware PLC 2,0,0,0
20130124,104402,CRWRF,OTC,6.25,6.25,0,0,Craneware PLC 2,0,0,0
20130125,104402,CRWRF,OTC,6.25,6.25,0,0,Craneware PLC 2,0,0,0
20130128,104402,CRWRF,OTC,6.25,6.25,0,0,Craneware PLC 2,0,0,0
20130129,104402,CRWRF,OTC,6.25,6.25,0,0,Craneware PLC 2,0,0,0
20130130,104402,CRWRF,OTC,6.25,6.25,0,0,Craneware PLC 2,0,0,0
20130131,104402,CRWRF,OTC,6.25,6.25,0,0,Craneware PLC 2,0,0,0
20130201,104402,CRWRF,OTC,6.25,6.25,0,0,Craneware PLC 2,0,0,0
20130204,104402,CRWRF,OTC,6.25,6.25,0,0,Craneware PLC 2,0,0,0
20130205,104402,CRWRF,OTC,6.25,6.25,0,0,Craneware PLC 2,0,0,0
20130206,104402,CRWRF,OTC,6.25,6.25,0,0,Craneware PLC 2,0,0,0
20130207,104402,CRWRF,OTC,6.25,6.25,0,0,Craneware PLC 2,0,0,0
20130208,104402,CRWRF,OTC,6.25,6.25,0,0,Craneware PLC 2,0,0,0
20130211,104402,CRWRF,OTC,6.25,6.25,0,0,Craneware PLC 2,0,0,0
20130212,104402,CRWRF,OTC,6.25,6.25,0,0,Craneware PLC 2,0,0,0
20130213,104402,CRWRF,OTC,6.25,6.25,0,0,Craneware PLC 2,0,0,0
20130214,104402,CRWRF,OTC,6.25,6.25,0,0,Craneware PLC 2,0,0,0
20130215,104402,CRWRF,OTC,6.25,6.25,0,0,Craneware PLC 2,0,0,0
20130219,104402,CRWRF,OTC,6.25,6.25,0,0,Craneware PLC 2,0,0,0
20130220,104402,CRWRF,OTC,6.25,6.25,0,0,Craneware PLC 2,0,0,0
20130221,104402,CRWRF,OTC,6.25,6.25,0,0,Craneware PLC 2,0,0,0
20130222,104402,CRWRF,OTC,6.25,6.25,0,0,Craneware PLC 2,0,0,0
20130225,104402,CRWRF,OTC,6.25,6.25,0,0,Craneware PLC 2,0,0,0
20130226,104402,CRWRF,OTC,6.25,6.25,0,0,Craneware PLC 2,0,0,0
20130227,104402,CRWRF,OTC,6.25,6.25,0,0,Craneware PLC 2,0,0,0
20130228,104402,CRWRF,OTC,6.25,6.25,0,0,Craneware PLC 2,0,0,0
20130301,104402,CRWRF,OTC,6.23,6.23,100,0,Craneware PLC 2,0,0,0
20130304,104402,CRWRF,OTC,6.23,6.23,0,0,Craneware PLC 2,0,0,0
20130305,104402,CRWRF,OTC,6.23,6.23,0,0,Craneware PLC 2,0,0,0
20130306,104402,CRWRF,OTC,6.23,6.23,0,0,Craneware PLC 2,0,0,0
20130307,104402,CRWRF,OTC,6.23,6.23,0,0,Craneware PLC 2,0,0,0
20130308,104402,CRWRF,OTC,6.23,6.23,0,0,Craneware PLC 2,0,0,0
20130311,104402,CRWRF,OTC,6.23,6.23,0,0,Craneware PLC 2,0,0,0
20130312,104402,CRWRF,OTC,6.23,6.23,0,0,Craneware PLC 2,0,0,0
20130313,104402,CRWRF,OTC,6.23,6.23,0,0,Craneware PLC 2,0,0,0
20130314,104402,CRWRF,OTC,6.23,6.23,0,0,Craneware PLC 2,0,0,0
20130315,104402,CRWRF,OTC,6.23,6.23,0,0,Craneware PLC 2,0,0,0
20130318,104402,CRWRF,OTC,6.23,6.23,0,0,Craneware PLC 2,0,0,0
20130319,104402,CRWRF,OTC,6.23,6.23,0,0,Craneware PLC 2,0,0,0
20130320,104402,CRWRF,OTC,6.58,6.58,54,0,Craneware PLC 2,0,0,0
20130321,104402,CRWRF,OTC,6.6,6.6,136,0,Craneware PLC 2,0,0,0
20130322,104402,CRWRF,OTC,6.6,6.6,0,0,Craneware PLC 2,0,0,0
20130325,104402,CRWRF,OTC,6.6,6.6,0,0,Craneware PLC 2,0,0,0
20130326,104402,CRWRF,OTC,6.6,6.6,0,0,Craneware PLC 2,0,0,0
20130327,104402,CRWRF,OTC,6.6,6.6,0,0,Craneware PLC 2,0,0,0
20130328,104402,CRWRF,OTC,6.6,6.6,0,0,Craneware PLC 2,0,0,0
20130401,104402,CRWRF,OTC,6.6,6.6,0,0,Craneware PLC 2,0,0,0
20130402,104402,CRWRF,OTC,6.6,6.6,0,0,Craneware PLC 2,0,0,0
20130403,104402,CRWRF,OTC,6.6,6.6,0,0,Craneware PLC 2,0,0,0
20130404,104402,CRWRF,OTC,6.6,6.6,0,0,Craneware PLC 2,0,0,0
20130405,104402,CRWRF,OTC,6.6,6.6,0,0,Craneware PLC 2,0,0,0
20130408,104402,CRWRF,OTC,6.6,6.6,0,0,Craneware PLC 2,0,0,0
20130409,104402,CRWRF,OTC,6.6,6.6,0,0,Craneware PLC 2,0,0,0
20130410,104402,CRWRF,OTC,6.6,6.6,0,0,Craneware PLC 2,0,0,0
20130411,104402,CRWRF,OTC,6.6,6.6,0,0,Craneware PLC 2,0,0,0
20130412,104402,CRWRF,OTC,6.6,6.6,0,0,Craneware PLC 2,0,0,0
20130415,104402,CRWRF,OTC,6.6,6.6,0,0,Craneware PLC 2,0,0,0
20130416,104402,CRWRF,OTC,6.6,6.6,0,0,Craneware PLC 2,0,0,0
20130417,104402,CRWRF,OTC,6.6,6.6,0,0,Craneware PLC 2,0,0,0
20130418,104402,CRWRF,OTC,6.6,6.6,0,0,Craneware PLC 2,0,0,0
20130419,104402,CRWRF,OTC,6.6,6.6,0,0,Craneware PLC 2,0,0,0
20130422,104402,CRWRF,OTC,6.6,6.6,0,0,Craneware PLC 2,0,0,0
20130423,104402,CRWRF,OTC,6.6,6.6,0,0,Craneware PLC 2,0,0,0
20130424,104402,CRWRF,OTC,6.6,6.6,0,0,Craneware PLC 2,0,0,0
20130425,104402,CRWRF,OTC,6.6,6.6,0,0,Craneware PLC 2,0,0,0
20130426,104402,CRWRF,OTC,6.6,6.6,0,0,Craneware PLC 2,0,0,0
20130429,104402,CRWRF,OTC,6.6,6.6,0,0,Craneware PLC 2,0,0,0
20130430,104402,CRWRF,OTC,6.6,6.6,0,0,Craneware PLC 2,0,0,0
20130501,104402,CRWRF,OTC,6.6,6.6,0,0,Craneware PLC 2,0,0,0
20130502,104402,CRWRF,OTC,6.6,6.6,0,0,Craneware PLC 2,0,0,0
20130503,104402,CRWRF,OTC,6.6,6.6,0,0,Craneware PLC 2,0,0,0
20130506,104402,CRWRF,OTC,6.6,6.6,0,0,Craneware PLC 2,0,0,0
20130507,104402,CRWRF,OTC,6.6,6.6,0,0,Craneware PLC 2,0,0,0
20130508,104402,CRWRF,OTC,6.6,6.6,0,0,Craneware PLC 2,0,0,0
20130509,104402,CRWRF,OTC,6.6,6.6,0,0,Craneware PLC 2,0,0,0
20130510,104402,CRWRF,OTC,6.6,6.6,0,0,Craneware PLC 2,0,0,0
20130513,104402,CRWRF,OTC,6.6,6.6,0,0,Craneware PLC 2,0,0,0
20130514,104402,CRWRF,OTC,6.6,6.6,0,0,Craneware PLC 2,0,0,0
20130515,104402,CRWRF,OTC,6.6,6.6,0,0,Craneware PLC 2,0,0,0
20130516,104402,CRWRF,OTC,6.6,6.6,0,0,Craneware PLC 2,0,0,0
20130517,104402,CRWRF,OTC,6.6,6.6,0,0,Craneware PLC 2,0,0,0
20130520,104402,CRWRF,OTC,6.6,6.6,0,0,Craneware PLC 2,0,0,0
20130521,104402,CRWRF,OTC,6.6,6.6,0,0,Craneware PLC 2,0,0,0
20130522,104402,CRWRF,OTC,6.6,6.6,0,0,Craneware PLC 2,0,0,0
20130523,104402,CRWRF,OTC,6.6,6.6,0,0,Craneware PLC 2,0,0,0
20130524,104402,CRWRF,OTC,6.6,6.6,0,0,Craneware PLC 2,0,0,0
20130528,104402,CRWRF,OTC,6.6,6.6,0,0,Craneware PLC 2,0,0,0
20130529,104402,CRWRF,OTC,6.6,6.6,0,0,Craneware PLC 2,0,0,0
20130530,104402,CRWRF,OTC,6.6,6.6,0,0,Craneware PLC 2,0,0,0
20130531,104402,CRWRF,OTC,6.6,6.6,0,0,Craneware PLC 2,0,0,0
20130603,104402,CRWRF,OTC,6.6,6.6,0,0,Craneware PLC 2,0,0,0
20130604,104402,CRWRF,OTC,6.6,6.6,0,0,Craneware PLC 2,0,0,0
20130605,104402,CRWRF,OTC,6.6,6.6,0,0,Craneware PLC 2,0,0,0
20130606,104402,CRWRF,OTC,6.6,6.6,0,0,Craneware PLC 2,0,0,0
20130607,104402,CRWRF,OTC,6.6,6.6,0,0,Craneware PLC 2,0,0,0
20130610,104402,CRWRF,OTC,6.6,6.6,0,0,Craneware PLC 2,0,0,0
20130611,104402,CRWRF,OTC,6.6,6.6,0,0,Craneware PLC 2,0,0,0
20130612,104402,CRWRF,OTC,6.6,6.6,0,0,Craneware PLC 2,0,0,0
20130613,104402,CRWRF,OTC,6.6,6.6,0,0,Craneware PLC 2,0,0,0
20130614,104402,CRWRF,OTC,6.6,6.6,0,0,Craneware PLC 2,0,0,0
20130617,104402,CRWRF,OTC,6.6,6.6,0,0,Craneware PLC 2,0,0,0
20130618,104402,CRWRF,OTC,5.98,5.98,250,0,Craneware PLC 2,0,0,0
20130619,104402,CRWRF,OTC,5.98,5.98,0,0,Craneware PLC 2,0,0,0
20130620,104402,CRWRF,OTC,5.98,5.98,0,0,Craneware PLC 2,0,0,0
20130621,104402,CRWRF,OTC,5.98,5.98,0,0,Craneware PLC 2,0,0,0
20130624,104402,CRWRF,OTC,5.98,5.98,0,0,Craneware PLC 2,0,0,0
20130625,104402,CRWRF,OTC,5.98,5.98,0,0,Craneware PLC 2,0,0,0
20130626,104402,CRWRF,OTC,5.98,5.98,0,0,Craneware PLC 2,0,0,0
20130627,104402,CRWRF,OTC,5.98,5.98,0,0,Craneware PLC 2,0,0,0
20130628,104402,CRWRF,OTC,5.98,5.98,0,0,Craneware PLC 2,0,0,0
20130701,104402,CRWRF,OTC,5.98,5.98,0,0,Craneware PLC 2,0,0,0
20130702,104402,CRWRF,OTC,5.98,5.98,0,0,Craneware PLC 2,0,0,0
20130703,104402,CRWRF,OTC,5.98,5.98,0,0,Craneware PLC 2,0,0,0
20130705,104402,CRWRF,OTC,5.98,5.98,0,0,Craneware PLC 2,0,0,0
20130708,104402,CRWRF,OTC,5.28,5.28,150,0,Craneware PLC 2,0,0,0
20130709,104402,CRWRF,OTC,5.28,5.28,0,0,Craneware PLC 2,0,0,0
20130710,104402,CRWRF,OTC,5.28,5.28,0,0,Craneware PLC 2,0,0,0
20130711,104402,CRWRF,OTC,5.28,5.28,0,0,Craneware PLC 2,0,0,0
20130712,104402,CRWRF,OTC,5.28,5.28,0,0,Craneware PLC 2,0,0,0
20130715,104402,CRWRF,OTC,5.15,5.15,90,0,Craneware PLC 2,0,0,0
20130716,104402,CRWRF,OTC,5.12,5.12,100,0,Craneware PLC 2,0,0,0
20130717,104402,CRWRF,OTC,5.12,5.12,0,0,Craneware PLC 2,0,0,0
20130718,104402,CRWRF,OTC,5.12,5.12,0,0,Craneware PLC 2,0,0,0
20130719,104402,CRWRF,OTC,5.12,5.12,0,0,Craneware PLC 2,0,0,0
20130722,104402,CRWRF,OTC,5.12,5.12,0,0,Craneware PLC 2,0,0,0
20130723,104402,CRWRF,OTC,5.2,5.2,13,0,Craneware PLC 2,0,0,0
20130724,104402,CRWRF,OTC,4.83,4.83,2,0,Craneware PLC 2,0,0,0
20130725,104402,CRWRF,OTC,4.83,4.83,0,0,Craneware PLC 2,0,0,0
20130726,104402,CRWRF,OTC,4.83,4.83,0,0,Craneware PLC 2,0,0,0
20130729,104402,CRWRF,OTC,4.83,4.83,0,0,Craneware PLC 2,0,0,0
20130730,104402,CRWRF,OTC,4.83,4.83,0,0,Craneware PLC 2,0,0,0
20130731,104402,CRWRF,OTC,4.83,4.83,0,0,Craneware PLC 2,0,0,0
20130801,104402,CRWRF,OTC,4.83,4.83,0,0,Craneware PLC 2,0,0,0
20130802,104402,CRWRF,OTC,4.83,4.83,0,0,Craneware PLC 2,0,0,0
20130805,104402,CRWRF,OTC,4.83,4.83,0,0,Craneware PLC 2,0,0,0
20130806,104402,CRWRF,OTC,4.83,4.83,0,0,Craneware PLC 2,0,0,0
20130807,104402,CRWRF,OTC,4.83,4.83,0,0,Craneware PLC 2,0,0,0
20130808,104402,CRWRF,OTC,4.83,4.83,0,0,Craneware PLC 2,0,0,0
20130809,104402,CRWRF,OTC,4.83,4.83,0,0,Craneware PLC 2,0,0,0
20130812,104402,CRWRF,OTC,4.83,4.83,0,0,Craneware PLC 2,0,0,0
20130813,104402,CRWRF,OTC,4.83,4.83,0,0,Craneware PLC 2,0,0,0
20130814,104402,CRWRF,OTC,4.83,4.83,0,0,Craneware PLC 2,0,0,0
20130815,104402,CRWRF,OTC,4.83,4.83,0,0,Craneware PLC 2,0,0,0
20130816,104402,CRWRF,OTC,4.83,4.83,0,0,Craneware PLC 2,0,0,0
20130819,104402,CRWRF,OTC,4.83,4.83,0,0,Craneware PLC 2,0,0,0
20130820,104402,CRWRF,OTC,4.83,4.83,0,0,Craneware PLC 2,0,0,0
20130821,104402,CRWRF,OTC,4.83,4.83,0,0,Craneware PLC 2,0,0,0
20130822,104402,CRWRF,OTC,4.83,4.83,0,0,Craneware PLC 2,0,0,0
20130823,104402,CRWRF,OTC,4.83,4.83,0,0,Craneware PLC 2,0,0,0
20130826,104402,CRWRF,OTC,4.83,4.83,0,0,Craneware PLC 2,0,0,0
20130827,104402,CRWRF,OTC,4.83,4.83,0,0,Craneware PLC 2,0,0,0
20130828,104402,CRWRF,OTC,4.83,4.83,0,0,Craneware PLC 2,0,0,0
20130829,104402,CRWRF,OTC,4.83,4.83,0,0,Craneware PLC 2,0,0,0
20130830,104402,CRWRF,OTC,4.83,4.83,0,0,Craneware PLC 2,0,0,0
20130903,104402,CRWRF,OTC,4.83,4.83,0,0,Craneware PLC 2,0,0,0
20130904,104402,CRWRF,OTC,4.83,4.83,0,0,Craneware PLC 2,0,0,0
20130905,104402,CRWRF,OTC,4.83,4.83,0,0,Craneware PLC 2,0,0,0
20130906,104402,CRWRF,OTC,4.83,4.83,0,0,Craneware PLC 2,0,0,0
20130909,104402,CRWRF,OTC,4.83,4.83,0,0,Craneware PLC 2,0,0,0
20130910,104402,CRWRF,OTC,4.83,4.83,0,0,Craneware PLC 2,0,0,0
20130911,104402,CRWRF,OTC,4.83,4.83,0,0,Craneware PLC 2,0,0,0
20130912,104402,CRWRF,OTC,4.83,4.83,0,0,Craneware PLC 2,0,0,0
20130913,104402,CRWRF,OTC,4.83,4.83,0,0,Craneware PLC 2,0,0,0
20130916,104402,CRWRF,OTC,4.83,4.83,0,0,Craneware PLC 2,0,0,0
20130917,104402,CRWRF,OTC,4.83,4.83,0,0,Craneware PLC 2,0,0,0
20130918,104402,CRWRF,OTC,4.83,4.83,0,0,Craneware PLC 2,0,0,0
20130919,104402,CRWRF,OTC,4.83,4.83,0,0,Craneware PLC 2,0,0,0
20130920,104402,CRWRF,OTC,4.83,4.83,0,0,Craneware PLC 2,0,0,0
20130923,104402,CRWRF,OTC,4.83,4.83,0,0,Craneware PLC 2,0,0,0
20130924,104402,CRWRF,OTC,4.83,4.83,0,0,Craneware PLC 2,0,0,0
20130925,104402,CRWRF,OTC,4.83,4.83,0,0,Craneware PLC 2,0,0,0
20130926,104402,CRWRF,OTC,4.83,4.83,0,0,Craneware PLC 2,0,0,0
20130927,104402,CRWRF,OTC,4.83,4.83,0,0,Craneware PLC 2,0,0,0
20130930,104402,CRWRF,OTC,4.83,4.83,0,0,Craneware PLC 2,0,0,0
20131001,104402,CRWRF,OTC,4.83,4.83,0,0,Craneware PLC 2,0,0,0
20131002,104402,CRWRF,OTC,4.83,4.83,0,0,Craneware PLC 2,0,0,0
20131003,104402,CRWRF,OTC,4.83,4.83,0,0,Craneware PLC 2,0,0,0
20131004,104402,CRWRF,OTC,4.83,4.83,0,0,Craneware PLC 2,0,0,0
20131007,104402,CRWRF,OTC,4.83,4.83,0,0,Craneware PLC 2,0,0,0
20131008,104402,CRWRF,OTC,4.83,4.83,0,0,Craneware PLC 2,0,0,0
20131009,104402,CRWRF,OTC,4.83,4.83,0,0,Craneware PLC 2,0,0,0
20131010,104402,CRWRF,OTC,4.83,4.83,0,0,Craneware PLC 2,0,0,0
20131011,104402,CRWRF,OTC,4.83,4.83,0,0,Craneware PLC 2,0,0,0
20131014,104402,CRWRF,OTC,4.83,4.83,0,0,Craneware PLC 2,0,0,0
20131015,104402,CRWRF,OTC,4.83,4.83,0,0,Craneware PLC 2,0,0,0
20131016,104402,CRWRF,OTC,4.83,4.83,0,0,Craneware PLC 2,0,0,0
20131017,104402,CRWRF,OTC,7.1,7.1,10,0,Craneware PLC 2,0,0,0
20131018,104402,CRWRF,OTC,7.1,7.1,0,0,Craneware PLC 2,0,0,0
20131021,104402,CRWRF,OTC,7.1,7.1,0,0,Craneware PLC 2,0,0,0
20131022,104402,CRWRF,OTC,7.25,7.25,2,0,Craneware PLC 2,0,0,0
20131023,104402,CRWRF,OTC,7.25,7.25,0,0,Craneware PLC 2,0,0,0
20131024,104402,CRWRF,OTC,7.25,7.25,0,0,Craneware PLC 2,0,0,0
20131025,104402,CRWRF,OTC,7.25,7.25,0,0,Craneware PLC 2,0,0,0
20131028,104402,CRWRF,OTC,7.25,7.25,0,0,Craneware PLC 2,0,0,0
20131029,104402,CRWRF,OTC,7.25,7.25,0,0,Craneware PLC 2,0,0,0
20131030,104402,CRWRF,OTC,7.25,7.25,0,0,Craneware PLC 2,0,0,0
20131031,104402,CRWRF,OTC,7.25,7.25,0,0,Craneware PLC 2,0,0,0
20131101,104402,CRWRF,OTC,7.25,7.25,0,0,Craneware PLC 2,0,0,0
20131104,104402,CRWRF,OTC,7.25,7.25,0,0,Craneware PLC 2,0,0,0
20131105,104402,CRWRF,OTC,7.25,7.25,0,0,Craneware PLC 2,0,0,0
20131106,104402,CRWRF,OTC,7.25,7.25,0,0,Craneware PLC 2,0,0,0
20131107,104402,CRWRF,OTC,7.25,7.25,0,0,Craneware PLC 2,0,0,0
20131108,104402,CRWRF,OTC,7.25,7.25,0,0,Craneware PLC 2,0,0,0
20131111,104402,CRWRF,OTC,7.25,7.25,0,0,Craneware PLC 2,0,0,0
20131112,104402,CRWRF,OTC,7.25,7.25,0,0,Craneware PLC 2,0,0,0
20131113,104402,CRWRF,OTC,7.25,7.25,0,0,Craneware PLC 2,0,0,0
20131114,104402,CRWRF,OTC,7.25,7.25,0,0,Craneware PLC 2,0,0,0
20131115,104402,CRWRF,OTC,7.25,7.25,0,0,Craneware PLC 2,0,0,0
20131118,104402,CRWRF,OTC,7.25,7.25,0,0,Craneware PLC 2,0,0,0
20131119,104402,CRWRF,OTC,7.25,7.25,0,0,Craneware PLC 2,0,0,0
20131120,104402,CRWRF,OTC,7.25,7.25,0,0,Craneware PLC 2,0,0,0
20131121,104402,CRWRF,OTC,7.25,7.25,0,0,Craneware PLC 2,0,0,0
20131122,104402,CRWRF,OTC,7.26,7.26,7,0,Craneware PLC 2,0,0,0
20131125,104402,CRWRF,OTC,7.26,7.26,0,0,Craneware PLC 2,0,0,0
20131126,104402,CRWRF,OTC,7.26,7.26,0,0,Craneware PLC 2,0,0,0
20131127,104402,CRWRF,OTC,7.26,7.26,0,0,Craneware PLC 2,0,0,0
20131129,104402,CRWRF,OTC,7.26,7.26,0,0,Craneware PLC 2,0,0,0
20131202,104402,CRWRF,OTC,7.26,7.26,0,0,Craneware PLC 2,0,0,0
20131203,104402,CRWRF,OTC,7.26,7.26,0,0,Craneware PLC 2,0,0,0
20131204,104402,CRWRF,OTC,7.26,7.26,0,0,Craneware PLC 2,0,0,0
20131205,104402,CRWRF,OTC,7.26,7.26,0,0,Craneware PLC 2,0,0,0
20131206,104402,CRWRF,OTC,7.26,7.26,0,0,Craneware PLC 2,0,0,0
20131209,104402,CRWRF,OTC,7.26,7.26,0,0,Craneware PLC 2,0,0,0
20131210,104402,CRWRF,OTC,7.26,7.26,0,0,Craneware PLC 2,0,0,0
20131211,104402,CRWRF,OTC,7.26,7.26,0,0,Craneware PLC 2,0,0,0
20131212,104402,CRWRF,OTC,7.26,7.26,0,0,Craneware PLC 2,0,0,0
20131213,104402,CRWRF,OTC,7.52,7.52,5,0,Craneware PLC 2,0,0,0
20131216,104402,CRWRF,OTC,7.52,7.52,0,0,Craneware PLC 2,0,0,0
20131217,104402,CRWRF,OTC,7.52,7.52,0,0,Craneware PLC 2,0,0,0
20131218,104402,CRWRF,OTC,7.52,7.52,0,0,Craneware PLC 2,0,0,0
20131219,104402,CRWRF,OTC,7.52,7.52,0,0,Craneware PLC 2,0,0,0
20131220,104402,CRWRF,OTC,7.52,7.52,0,0,Craneware PLC 2,0,0,0
20131223,104402,CRWRF,OTC,7.52,7.52,0,0,Craneware PLC 2,0,0,0
20131224,104402,CRWRF,OTC,7.52,7.52,0,0,Craneware PLC 2,0,0,0
20131226,104402,CRWRF,OTC,7.52,7.52,0,0,Craneware PLC 2,0,0,0
20131227,104402,CRWRF,OTC,7.52,7.52,0,0,Craneware PLC 2,0,0,0
20131230,104402,CRWRF,OTC,7.52,7.52,0,0,Craneware PLC 2,0,0,0
20131231,104402,CRWRF,OTC,7.52,7.52,0,0,Craneware PLC 2,0,0,0
20140102,104402,CRWRF,OTC,7.52,7.52,0,0,Craneware PLC 2,0,0,0
20140103,104402,CRWRF,OTC,7.52,7.52,0,0,Craneware PLC 2,0,0,0
20140106,104402,CRWRF,OTC,7.52,7.52,0,0,Craneware PLC 2,0,0,0
20140107,104402,CRWRF,OTC,7.52,7.52,0,0,Craneware PLC 2,0,0,0
20140108,104402,CRWRF,OTC,7.52,7.52,0,0,Craneware PLC 2,0,0,0
20140109,104402,CRWRF,OTC,7.52,7.52,0,0,Craneware PLC 2,0,0,0
20140110,104402,CRWRF,OTC,7.52,7.52,0,0,Craneware PLC 2,0,0,0
20140113,104402,CRWRF,OTC,7.52,7.52,0,0,Craneware PLC 2,0,0,0
20140114,104402,CRWRF,OTC,7.52,7.52,0,0,Craneware PLC 2,0,0,0
20140115,104402,CRWRF,OTC,7.52,7.52,0,0,Craneware PLC 2,0,0,0
20140116,104402,CRWRF,OTC,7.52,7.52,0,0,Craneware PLC 2,0,0,0
20140117,104402,CRWRF,OTC,9.18,9.18,50,0,Craneware PLC 2,0,0,0
20140121,104402,CRWRF,OTC,9.09,9.09,25,0,Craneware PLC 2,0,0,0
20140122,104402,CRWRF,OTC,9.18,9.18,25,0,Craneware PLC 2,0,0,0
20140123,104402,CRWRF,OTC,9.28,9.28,75,0,Craneware PLC 2,0,0,0
20140124,104402,CRWRF,OTC,9.28,9.28,0,0,Craneware PLC 2,0,0,0
20140127,104402,CRWRF,OTC,9.28,9.28,0,0,Craneware PLC 2,0,0,0
20140128,104402,CRWRF,OTC,9.28,9.28,0,0,Craneware PLC 2,0,0,0
20140129,104402,CRWRF,OTC,9.28,9.28,0,0,Craneware PLC 2,0,0,0
20140130,104402,CRWRF,OTC,9.28,9.28,0,0,Craneware PLC 2,0,0,0
20140131,104402,CRWRF,OTC,9.28,9.28,0,0,Craneware PLC 2,0,0,0
20140203,104402,CRWRF,OTC,9.28,9.28,0,0,Craneware PLC 2,0,0,0
20140204,104402,CRWRF,OTC,9.28,9.28,0,0,Craneware PLC 2,0,0,0
20140205,104402,CRWRF,OTC,9.28,9.28,0,0,Craneware PLC 2,0,0,0
20140206,104402,CRWRF,OTC,9.28,9.28,0,0,Craneware PLC 2,0,0,0
20140207,104402,CRWRF,OTC,9.28,9.28,0,0,Craneware PLC 2,0,0,0
20140210,104402,CRWRF,OTC,9.28,9.28,0,0,Craneware PLC 2,0,0,0
20140211,104402,CRWRF,OTC,9.28,9.28,0,0,Craneware PLC 2,0,0,0
20140212,104402,CRWRF,OTC,9.28,9.28,0,0,Craneware PLC 2,0,0,0
20140213,104402,CRWRF,OTC,9.28,9.28,0,0,Craneware PLC 2,0,0,0
20140214,104402,CRWRF,OTC,9.28,9.28,0,0,Craneware PLC 2,0,0,0
20140218,104402,CRWRF,OTC,9.28,9.28,0,0,Craneware PLC 2,0,0,0
20140219,104402,CRWRF,OTC,9.28,9.28,0,0,Craneware PLC 2,0,0,0
20140220,104402,CRWRF,OTC,9.28,9.28,0,0,Craneware PLC 2,0,0,0
20140221,104402,CRWRF,OTC,9.28,9.28,0,0,Craneware PLC 2,0,0,0
20140224,104402,CRWRF,OTC,9.28,9.28,0,0,Craneware PLC 2,0,0,0
20140225,104402,CRWRF,OTC,9.28,9.28,0,0,Craneware PLC 2,0,0,0
20140226,104402,CRWRF,OTC,9.28,9.28,0,0,Craneware PLC 2,0,0,0
20140227,104402,CRWRF,OTC,9.28,9.28,0,0,Craneware PLC 2,0,0,0
20140228,104402,CRWRF,OTC,9.28,9.28,0,0,Craneware PLC 2,0,0,0
20140303,104402,CRWRF,OTC,9.28,9.28,0,0,Craneware PLC 2,0,0,0
20140304,104402,CRWRF,OTC,9.28,9.28,0,0,Craneware PLC 2,0,0,0
20140305,104402,CRWRF,OTC,9.28,9.28,0,0,Craneware PLC 2,0,0,0
20140306,104402,CRWRF,OTC,9.28,9.28,0,0,Craneware PLC 2,0,0,0
20140307,104402,CRWRF,OTC,9.28,9.28,0,0,Craneware PLC 2,0,0,0
