DDate,CSINumber,Symbol,Exchange,DClose,UnAdjustedClose,TotalVolume,Cash,MarketName,PTB,PSR,DPS
20120314,104734,ANCCF,OTC,0.16,0.16,560,0,Ansell Capital Corp,0,0,0
20120315,104734,ANCCF,OTC,0.16,0.16,0,0,Ansell Capital Corp,0,0,0
20120316,104734,ANCCF,OTC,0.16,0.16,0,0,Ansell Capital Corp,0,0,0
20120319,104734,ANCCF,OTC,0.16,0.16,0,0,Ansell Capital Corp,0,0,0
20120320,104734,ANCCF,OTC,0.16,0.16,0,0,Ansell Capital Corp,0,0,0
20120321,104734,ANCCF,OTC,0.16,0.16,0,0,Ansell Capital Corp,0,0,0
20120322,104734,ANCCF,OTC,0.16,0.16,0,0,Ansell Capital Corp,0,0,0
20120323,104734,ANCCF,OTC,0.16,0.16,0,0,Ansell Capital Corp,0,0,0
20120326,104734,ANCCF,OTC,0.16,0.16,0,0,Ansell Capital Corp,0,0,0
20120327,104734,ANCCF,OTC,0.16,0.16,0,0,Ansell Capital Corp,0,0,0
20120328,104734,ANCCF,OTC,0.16,0.16,0,0,Ansell Capital Corp,0,0,0
20120329,104734,ANCCF,OTC,0.16,0.16,0,0,Ansell Capital Corp,0,0,0
20120330,104734,ANCCF,OTC,0.16,0.16,0,0,Ansell Capital Corp,0,0,0
20120402,104734,ANCCF,OTC,0.16,0.16,0,0,Ansell Capital Corp,0,0,0
20120403,104734,ANCCF,OTC,0.16,0.16,180,0,Ansell Capital Corp,0,0,0
20120404,104734,ANCCF,OTC,0.16,0.16,0,0,Ansell Capital Corp,0,0,0
20120405,104734,ANCCF,OTC,0.16,0.16,0,0,Ansell Capital Corp,0,0,0
20120409,104734,ANCCF,OTC,0.16,0.16,0,0,Ansell Capital Corp,0,0,0
20120410,104734,ANCCF,OTC,0.16,0.16,0,0,Ansell Capital Corp,0,0,0
20120411,104734,ANCCF,OTC,0.16,0.16,50,0,Ansell Capital Corp,0,0,0
20120412,104734,ANCCF,OTC,0.15,0.15,10,0,Ansell Capital Corp,0,0,0
20120413,104734,ANCCF,OTC,0.15,0.15,0,0,Ansell Capital Corp,0,0,0
20120416,104734,ANCCF,OTC,0.15,0.15,100,0,Ansell Capital Corp,0,0,0
20120417,104734,ANCCF,OTC,0.15,0.15,0,0,Ansell Capital Corp,0,0,0
20120418,104734,ANCCF,OTC,0.15,0.15,0,0,Ansell Capital Corp,0,0,0
20120419,104734,ANCCF,OTC,0.15,0.15,0,0,Ansell Capital Corp,0,0,0
20120420,104734,ANCCF,OTC,0.15,0.15,0,0,Ansell Capital Corp,0,0,0
20120423,104734,ANCCF,OTC,0.15,0.15,0,0,Ansell Capital Corp,0,0,0
20120424,104734,ANCCF,OTC,0.15,0.15,0,0,Ansell Capital Corp,0,0,0
20120425,104734,ANCCF,OTC,0.14,0.14,440,0,Ansell Capital Corp,0,0,0
20120426,104734,ANCCF,OTC,0.14,0.14,0,0,Ansell Capital Corp,0,0,0
20120427,104734,ANCCF,OTC,0.14,0.14,0,0,Ansell Capital Corp,0,0,0
20120430,104734,ANCCF,OTC,0.15,0.15,250,0,Ansell Capital Corp,0,0,0
20120501,104734,ANCCF,OTC,0.15,0.15,0,0,Ansell Capital Corp,0,0,0
20120502,104734,ANCCF,OTC,0.15,0.15,0,0,Ansell Capital Corp,0,0,0
20120503,104734,ANCCF,OTC,0.15,0.15,0,0,Ansell Capital Corp,0,0,0
20120504,104734,ANCCF,OTC,0.15,0.15,0,0,Ansell Capital Corp,0,0,0
20120507,104734,ANCCF,OTC,0.15,0.15,0,0,Ansell Capital Corp,0,0,0
20120508,104734,ANCCF,OTC,0.15,0.15,0,0,Ansell Capital Corp,0,0,0
20120509,104734,ANCCF,OTC,0.15,0.15,0,0,Ansell Capital Corp,0,0,0
20120510,104734,ANCCF,OTC,0.14,0.14,400,0,Ansell Capital Corp,0,0,0
20120511,104734,ANCCF,OTC,0.14,0.14,0,0,Ansell Capital Corp,0,0,0
20120514,104734,ANCCF,OTC,0.14,0.14,0,0,Ansell Capital Corp,0,0,0
20120515,104734,ANCCF,OTC,0.14,0.14,0,0,Ansell Capital Corp,0,0,0
20120516,104734,ANCCF,OTC,0.14,0.14,0,0,Ansell Capital Corp,0,0,0
20120517,104734,ANCCF,OTC,0.14,0.14,0,0,Ansell Capital Corp,0,0,0
20120518,104734,ANCCF,OTC,0.14,0.14,0,0,Ansell Capital Corp,0,0,0
20120521,104734,ANCCF,OTC,0.14,0.14,0,0,Ansell Capital Corp,0,0,0
20120522,104734,ANCCF,OTC,0.14,0.14,0,0,Ansell Capital Corp,0,0,0
20120523,104734,ANCCF,OTC,0.14,0.14,0,0,Ansell Capital Corp,0,0,0
20120524,104734,ANCCF,OTC,0.14,0.14,0,0,Ansell Capital Corp,0,0,0
20120525,104734,ANCCF,OTC,0.14,0.14,0,0,Ansell Capital Corp,0,0,0
20120529,104734,ANCCF,OTC,0.14,0.14,0,0,Ansell Capital Corp,0,0,0
20120530,104734,ANCCF,OTC,0.13,0.13,30,0,Ansell Capital Corp,0,0,0
20120531,104734,ANCCF,OTC,0.13,0.13,0,0,Ansell Capital Corp,0,0,0
20120601,104734,ANCCF,OTC,0.13,0.13,0,0,Ansell Capital Corp,0,0,0
20120604,104734,ANCCF,OTC,0.13,0.13,0,0,Ansell Capital Corp,0,0,0
20120605,104734,ANCCF,OTC,0.13,0.13,0,0,Ansell Capital Corp,0,0,0
20120606,104734,ANCCF,OTC,0.13,0.13,0,0,Ansell Capital Corp,0,0,0
20120607,104734,ANCCF,OTC,0.13,0.13,0,0,Ansell Capital Corp,0,0,0
20120608,104734,ANCCF,OTC,0.13,0.13,0,0,Ansell Capital Corp,0,0,0
20120611,104734,ANCCF,OTC,0.13,0.13,0,0,Ansell Capital Corp,0,0,0
20120612,104734,ANCCF,OTC,0.13,0.13,0,0,Ansell Capital Corp,0,0,0
20120613,104734,ANCCF,OTC,0.13,0.13,0,0,Ansell Capital Corp,0,0,0
20120614,104734,ANCCF,OTC,0.13,0.13,0,0,Ansell Capital Corp,0,0,0
20120615,104734,ANCCF,OTC,0.13,0.13,0,0,Ansell Capital Corp,0,0,0
20120618,104734,ANCCF,OTC,0.13,0.13,0,0,Ansell Capital Corp,0,0,0
20120619,104734,ANCCF,OTC,0.13,0.13,0,0,Ansell Capital Corp,0,0,0
20120620,104734,ANCCF,OTC,0.13,0.13,0,0,Ansell Capital Corp,0,0,0
20120621,104734,ANCCF,OTC,0.13,0.13,0,0,Ansell Capital Corp,0,0,0
20120622,104734,ANCCF,OTC,0.13,0.13,0,0,Ansell Capital Corp,0,0,0
20120625,104734,ANCCF,OTC,0.13,0.13,0,0,Ansell Capital Corp,0,0,0
20120626,104734,ANCCF,OTC,0.13,0.13,0,0,Ansell Capital Corp,0,0,0
20120627,104734,ANCCF,OTC,0.13,0.13,0,0,Ansell Capital Corp,0,0,0
20120628,104734,ANCCF,OTC,0.13,0.13,0,0,Ansell Capital Corp,0,0,0
20120629,104734,ANCCF,OTC,0.13,0.13,0,0,Ansell Capital Corp,0,0,0
20120702,104734,ANCCF,OTC,0.13,0.13,0,0,Ansell Capital Corp,0,0,0
20120703,104734,ANCCF,OTC,0.13,0.13,0,0,Ansell Capital Corp,0,0,0
20120705,104734,ANCCF,OTC,0.13,0.13,0,0,Ansell Capital Corp,0,0,0
20120706,104734,ANCCF,OTC,0.13,0.13,0,0,Ansell Capital Corp,0,0,0
20120709,104734,ANCCF,OTC,0.13,0.13,0,0,Ansell Capital Corp,0,0,0
20120710,104734,ANCCF,OTC,0.13,0.13,0,0,Ansell Capital Corp,0,0,0
20120711,104734,ANCCF,OTC,0.13,0.13,0,0,Ansell Capital Corp,0,0,0
20120712,104734,ANCCF,OTC,0.13,0.13,0,0,Ansell Capital Corp,0,0,0
20120713,104734,ANCCF,OTC,0.13,0.13,0,0,Ansell Capital Corp,0,0,0
20120716,104734,ANCCF,OTC,0.13,0.13,0,0,Ansell Capital Corp,0,0,0
20120717,104734,ANCCF,OTC,0.13,0.13,0,0,Ansell Capital Corp,0,0,0
20120718,104734,ANCCF,OTC,0.13,0.13,0,0,Ansell Capital Corp,0,0,0
20120719,104734,ANCCF,OTC,0.13,0.13,0,0,Ansell Capital Corp,0,0,0
20120720,104734,ANCCF,OTC,0.13,0.13,0,0,Ansell Capital Corp,0,0,0
20120723,104734,ANCCF,OTC,0.13,0.13,0,0,Ansell Capital Corp,0,0,0
20120724,104734,ANCCF,OTC,0.13,0.13,0,0,Ansell Capital Corp,0,0,0
20120725,104734,ANCCF,OTC,0.13,0.13,0,0,Ansell Capital Corp,0,0,0
20120726,104734,ANCCF,OTC,0.13,0.13,0,0,Ansell Capital Corp,0,0,0
20120727,104734,ANCCF,OTC,0.13,0.13,0,0,Ansell Capital Corp,0,0,0
20120730,104734,ANCCF,OTC,0.13,0.13,0,0,Ansell Capital Corp,0,0,0
20120731,104734,ANCCF,OTC,0.13,0.13,0,0,Ansell Capital Corp,0,0,0
20120801,104734,ANCCF,OTC,0.13,0.13,0,0,Ansell Capital Corp,0,0,0
20120802,104734,ANCCF,OTC,0.13,0.13,0,0,Ansell Capital Corp,0,0,0
20120803,104734,ANCCF,OTC,0.13,0.13,0,0,Ansell Capital Corp,0,0,0
20120806,104734,ANCCF,OTC,0.13,0.13,0,0,Ansell Capital Corp,0,0,0
20120807,104734,ANCCF,OTC,0.09,0.09,50,0,Ansell Capital Corp,0,0,0
20120808,104734,ANCCF,OTC,0.09,0.09,0,0,Ansell Capital Corp,0,0,0
20120809,104734,ANCCF,OTC,0.09,0.09,0,0,Ansell Capital Corp,0,0,0
20120810,104734,ANCCF,OTC,0.09,0.09,0,0,Ansell Capital Corp,0,0,0
20120813,104734,ANCCF,OTC,0.09,0.09,0,0,Ansell Capital Corp,0,0,0
20120814,104734,ANCCF,OTC,0.09,0.09,0,0,Ansell Capital Corp,0,0,0
20120815,104734,ANCCF,OTC,0.09,0.09,0,0,Ansell Capital Corp,0,0,0
20120816,104734,ANCCF,OTC,0.09,0.09,0,0,Ansell Capital Corp,0,0,0
20120817,104734,ANCCF,OTC,0.09,0.09,0,0,Ansell Capital Corp,0,0,0
20120820,104734,ANCCF,OTC,0.09,0.09,0,0,Ansell Capital Corp,0,0,0
20120821,104734,ANCCF,OTC,0.09,0.09,0,0,Ansell Capital Corp,0,0,0
20120822,104734,ANCCF,OTC,0.09,0.09,0,0,Ansell Capital Corp,0,0,0
20120823,104734,ANCCF,OTC,0.09,0.09,0,0,Ansell Capital Corp,0,0,0
20120824,104734,ANCCF,OTC,0.09,0.09,0,0,Ansell Capital Corp,0,0,0
20120827,104734,ANCCF,OTC,0.09,0.09,0,0,Ansell Capital Corp,0,0,0
20120828,104734,ANCCF,OTC,0.09,0.09,0,0,Ansell Capital Corp,0,0,0
20120829,104734,ANCCF,OTC,0.09,0.09,0,0,Ansell Capital Corp,0,0,0
20120830,104734,ANCCF,OTC,0.09,0.09,0,0,Ansell Capital Corp,0,0,0
20120831,104734,ANCCF,OTC,0.09,0.09,0,0,Ansell Capital Corp,0,0,0
20120904,104734,ANCCF,OTC,0.09,0.09,0,0,Ansell Capital Corp,0,0,0
20120905,104734,ANCCF,OTC,0.09,0.09,0,0,Ansell Capital Corp,0,0,0
20120906,104734,ANCCF,OTC,0.09,0.09,0,0,Ansell Capital Corp,0,0,0
20120907,104734,ANCCF,OTC,0.07,0.07,150,0,Ansell Capital Corp,0,0,0
20120910,104734,ANCCF,OTC,0.07,0.07,0,0,Ansell Capital Corp,0,0,0
20120911,104734,ANCCF,OTC,0.07,0.07,0,0,Ansell Capital Corp,0,0,0
20120912,104734,ANCCF,OTC,0.07,0.07,0,0,Ansell Capital Corp,0,0,0
20120913,104734,ANCCF,OTC,0.07,0.07,0,0,Ansell Capital Corp,0,0,0
20120914,104734,ANCCF,OTC,0.07,0.07,0,0,Ansell Capital Corp,0,0,0
20120917,104734,ANCCF,OTC,0.07,0.07,0,0,Ansell Capital Corp,0,0,0
20120918,104734,ANCCF,OTC,0.07,0.07,0,0,Ansell Capital Corp,0,0,0
20120919,104734,ANCCF,OTC,0.07,0.07,0,0,Ansell Capital Corp,0,0,0
20120920,104734,ANCCF,OTC,0.07,0.07,0,0,Ansell Capital Corp,0,0,0
20120921,104734,ANCCF,OTC,0.07,0.07,0,0,Ansell Capital Corp,0,0,0
20120924,104734,ANCCF,OTC,0.07,0.07,0,0,Ansell Capital Corp,0,0,0
20120925,104734,ANCCF,OTC,0.07,0.07,0,0,Ansell Capital Corp,0,0,0
20120926,104734,ANCCF,OTC,0.07,0.07,0,0,Ansell Capital Corp,0,0,0
20120927,104734,ANCCF,OTC,0.07,0.07,0,0,Ansell Capital Corp,0,0,0
20120928,104734,ANCCF,OTC,0.07,0.07,0,0,Ansell Capital Corp,0,0,0
20121001,104734,ANCCF,OTC,0.07,0.07,0,0,Ansell Capital Corp,0,0,0
20121002,104734,ANCCF,OTC,0.07,0.07,0,0,Ansell Capital Corp,0,0,0
20121003,104734,ANCCF,OTC,0.07,0.07,0,0,Ansell Capital Corp,0,0,0
20121004,104734,ANCCF,OTC,0.07,0.07,0,0,Ansell Capital Corp,0,0,0
20121005,104734,ANCCF,OTC,0.07,0.07,0,0,Ansell Capital Corp,0,0,0
20121008,104734,ANCCF,OTC,0.07,0.07,0,0,Ansell Capital Corp,0,0,0
20121009,104734,ANCCF,OTC,0.07,0.07,0,0,Ansell Capital Corp,0,0,0
20121010,104734,ANCCF,OTC,0.07,0.07,0,0,Ansell Capital Corp,0,0,0
20121011,104734,ANCCF,OTC,0.07,0.07,0,0,Ansell Capital Corp,0,0,0
20121012,104734,ANCCF,OTC,0.07,0.07,0,0,Ansell Capital Corp,0,0,0
20121015,104734,ANCCF,OTC,0.07,0.07,0,0,Ansell Capital Corp,0,0,0
20121016,104734,ANCCF,OTC,0.07,0.07,0,0,Ansell Capital Corp,0,0,0
20121017,104734,ANCCF,OTC,0.07,0.07,0,0,Ansell Capital Corp,0,0,0
20121018,104734,ANCCF,OTC,0.07,0.07,0,0,Ansell Capital Corp,0,0,0
20121019,104734,ANCCF,OTC,0.07,0.07,0,0,Ansell Capital Corp,0,0,0
20121022,104734,ANCCF,OTC,0.07,0.07,0,0,Ansell Capital Corp,0,0,0
20121023,104734,ANCCF,OTC,0.07,0.07,0,0,Ansell Capital Corp,0,0,0
20121024,104734,ANCCF,OTC,0.07,0.07,0,0,Ansell Capital Corp,0,0,0
20121025,104734,ANCCF,OTC,0.07,0.07,0,0,Ansell Capital Corp,0,0,0
20121026,104734,ANCCF,OTC,0.07,0.07,0,0,Ansell Capital Corp,0,0,0
20121031,104734,ANCCF,OTC,0.07,0.07,0,0,Ansell Capital Corp,0,0,0
20121101,104734,ANCCF,OTC,0.07,0.07,0,0,Ansell Capital Corp,0,0,0
20121102,104734,ANCCF,OTC,0.07,0.07,0,0,Ansell Capital Corp,0,0,0
20121105,104734,ANCCF,OTC,0.07,0.07,0,0,Ansell Capital Corp,0,0,0
20121106,104734,ANCCF,OTC,0.07,0.07,0,0,Ansell Capital Corp,0,0,0
20121107,104734,ANCCF,OTC,0.07,0.07,0,0,Ansell Capital Corp,0,0,0
20121108,104734,ANCCF,OTC,0.07,0.07,0,0,Ansell Capital Corp,0,0,0
20121109,104734,ANCCF,OTC,0.07,0.07,0,0,Ansell Capital Corp,0,0,0
20121112,104734,ANCCF,OTC,0.07,0.07,0,0,Ansell Capital Corp,0,0,0
20121113,104734,ANCCF,OTC,0.05,0.05,100,0,Ansell Capital Corp,0,0,0
20121114,104734,ANCCF,OTC,0.05,0.05,0,0,Ansell Capital Corp,0,0,0
20121115,104734,ANCCF,OTC,0.05,0.05,0,0,Ansell Capital Corp,0,0,0
20121116,104734,ANCCF,OTC,0.05,0.05,0,0,Ansell Capital Corp,0,0,0
20121119,104734,ANCCF,OTC,0.05,0.05,0,0,Ansell Capital Corp,0,0,0
20121120,104734,ANCCF,OTC,0.05,0.05,0,0,Ansell Capital Corp,0,0,0
20121121,104734,ANCCF,OTC,0.05,0.05,0,0,Ansell Capital Corp,0,0,0
20121123,104734,ANCCF,OTC,0.05,0.05,0,0,Ansell Capital Corp,0,0,0
20121126,104734,ANCCF,OTC,0.05,0.05,0,0,Ansell Capital Corp,0,0,0
20121127,104734,ANCCF,OTC,0.05,0.05,0,0,Ansell Capital Corp,0,0,0
20121128,104734,ANCCF,OTC,0.05,0.05,0,0,Ansell Capital Corp,0,0,0
20121129,104734,ANCCF,OTC,0.05,0.05,0,0,Ansell Capital Corp,0,0,0
20121130,104734,ANCCF,OTC,0.05,0.05,0,0,Ansell Capital Corp,0,0,0
20121203,104734,ANCCF,OTC,0.05,0.05,0,0,Ansell Capital Corp,0,0,0
20121204,104734,ANCCF,OTC,0.05,0.05,0,0,Ansell Capital Corp,0,0,0
20121205,104734,ANCCF,OTC,0.05,0.05,0,0,Ansell Capital Corp,0,0,0
20121206,104734,ANCCF,OTC,0.05,0.05,0,0,Ansell Capital Corp,0,0,0
20121207,104734,ANCCF,OTC,0.05,0.05,0,0,Ansell Capital Corp,0,0,0
20121210,104734,ANCCF,OTC,0.05,0.05,0,0,Ansell Capital Corp,0,0,0
20121211,104734,ANCCF,OTC,0.05,0.05,0,0,Ansell Capital Corp,0,0,0
20121212,104734,ANCCF,OTC,0.05,0.05,0,0,Ansell Capital Corp,0,0,0
20121213,104734,ANCCF,OTC,0.05,0.05,0,0,Ansell Capital Corp,0,0,0
20121214,104734,ANCCF,OTC,0.05,0.05,0,0,Ansell Capital Corp,0,0,0
20121217,104734,ANCCF,OTC,0.05,0.05,0,0,Ansell Capital Corp,0,0,0
20121218,104734,ANCCF,OTC,0.05,0.05,0,0,Ansell Capital Corp,0,0,0
20121219,104734,ANCCF,OTC,0.05,0.05,0,0,Ansell Capital Corp,0,0,0
20121220,104734,ANCCF,OTC,0.05,0.05,0,0,Ansell Capital Corp,0,0,0
20121221,104734,ANCCF,OTC,0.05,0.05,0,0,Ansell Capital Corp,0,0,0
20121224,104734,ANCCF,OTC,0.05,0.05,0,0,Ansell Capital Corp,0,0,0
20121226,104734,ANCCF,OTC,0.05,0.05,0,0,Ansell Capital Corp,0,0,0
20121227,104734,ANCCF,OTC,0.05,0.05,0,0,Ansell Capital Corp,0,0,0
20121228,104734,ANCCF,OTC,0.05,0.05,0,0,Ansell Capital Corp,0,0,0
20121231,104734,ANCCF,OTC,0.05,0.05,0,0,Ansell Capital Corp,0,0,0
20130102,104734,ANCCF,OTC,0.05,0.05,0,0,Ansell Capital Corp,0,0,0
20130103,104734,ANCCF,OTC,0.05,0.05,0,0,Ansell Capital Corp,0,0,0
20130104,104734,ANCCF,OTC,0.05,0.05,0,0,Ansell Capital Corp,0,0,0
20130107,104734,ANCCF,OTC,0.05,0.05,0,0,Ansell Capital Corp,0,0,0
20130108,104734,ANCCF,OTC,0.05,0.05,0,0,Ansell Capital Corp,0,0,0
20130109,104734,ANCCF,OTC,0.05,0.05,0,0,Ansell Capital Corp,0,0,0
20130110,104734,ANCCF,OTC,0.05,0.05,0,0,Ansell Capital Corp,0,0,0
20130111,104734,ANCCF,OTC,0.05,0.05,0,0,Ansell Capital Corp,0,0,0
20130114,104734,ANCCF,OTC,0.05,0.05,0,0,Ansell Capital Corp,0,0,0
20130115,104734,ANCCF,OTC,0.05,0.05,0,0,Ansell Capital Corp,0,0,0
20130116,104734,ANCCF,OTC,0.05,0.05,100,0,Ansell Capital Corp,0,0,0
20130117,104734,ANCCF,OTC,0.05,0.05,0,0,Ansell Capital Corp,0,0,0
20130118,104734,ANCCF,OTC,0.05,0.05,0,0,Ansell Capital Corp,0,0,0
20130122,104734,ANCCF,OTC,0.05,0.05,0,0,Ansell Capital Corp,0,0,0
20130123,104734,ANCCF,OTC,0.05,0.05,0,0,Ansell Capital Corp,0,0,0
20130124,104734,ANCCF,OTC,0.05,0.05,0,0,Ansell Capital Corp,0,0,0
20130125,104734,ANCCF,OTC,0.05,0.05,0,0,Ansell Capital Corp,0,0,0
20130128,104734,ANCCF,OTC,0.05,0.05,0,0,Ansell Capital Corp,0,0,0
20130129,104734,ANCCF,OTC,0.05,0.05,0,0,Ansell Capital Corp,0,0,0
20130130,104734,ANCCF,OTC,0.05,0.05,0,0,Ansell Capital Corp,0,0,0
20130131,104734,ANCCF,OTC,0.05,0.05,0,0,Ansell Capital Corp,0,0,0
20130201,104734,ANCCF,OTC,0.05,0.05,0,0,Ansell Capital Corp,0,0,0
20130204,104734,ANCCF,OTC,0.05,0.05,0,0,Ansell Capital Corp,0,0,0
20130205,104734,ANCCF,OTC,0.05,0.05,0,0,Ansell Capital Corp,0,0,0
20130206,104734,ANCCF,OTC,0.05,0.05,0,0,Ansell Capital Corp,0,0,0
20130207,104734,ANCCF,OTC,0.05,0.05,0,0,Ansell Capital Corp,0,0,0
20130208,104734,ANCCF,OTC,0.05,0.05,0,0,Ansell Capital Corp,0,0,0
20130211,104734,ANCCF,OTC,0.05,0.05,0,0,Ansell Capital Corp,0,0,0
20130212,104734,ANCCF,OTC,0.05,0.05,0,0,Ansell Capital Corp,0,0,0
20130213,104734,ANCCF,OTC,0.05,0.05,0,0,Ansell Capital Corp,0,0,0
20130214,104734,ANCCF,OTC,0.04,0.04,446,0,Ansell Capital Corp,0,0,0
20130215,104734,ANCCF,OTC,0.04,0.04,0,0,Ansell Capital Corp,0,0,0
20130219,104734,ANCCF,OTC,0.04,0.04,0,0,Ansell Capital Corp,0,0,0
20130220,104734,ANCCF,OTC,0.04,0.04,0,0,Ansell Capital Corp,0,0,0
20130221,104734,ANCCF,OTC,0.04,0.04,0,0,Ansell Capital Corp,0,0,0
20130222,104734,ANCCF,OTC,0.04,0.04,0,0,Ansell Capital Corp,0,0,0
20130225,104734,ANCCF,OTC,0.04,0.04,0,0,Ansell Capital Corp,0,0,0
20130226,104734,ANCCF,OTC,0.04,0.04,0,0,Ansell Capital Corp,0,0,0
20130227,104734,ANCCF,OTC,0.04,0.04,0,0,Ansell Capital Corp,0,0,0
20130228,104734,ANCCF,OTC,0.04,0.04,0,0,Ansell Capital Corp,0,0,0
20130301,104734,ANCCF,OTC,0.04,0.04,0,0,Ansell Capital Corp,0,0,0
20130304,104734,ANCCF,OTC,0.04,0.04,0,0,Ansell Capital Corp,0,0,0
20130305,104734,ANCCF,OTC,0.04,0.04,0,0,Ansell Capital Corp,0,0,0
20130306,104734,ANCCF,OTC,0.04,0.04,0,0,Ansell Capital Corp,0,0,0
20130307,104734,ANCCF,OTC,0.04,0.04,0,0,Ansell Capital Corp,0,0,0
20130308,104734,ANCCF,OTC,0.04,0.04,0,0,Ansell Capital Corp,0,0,0
20130311,104734,ANCCF,OTC,0.04,0.04,0,0,Ansell Capital Corp,0,0,0
20130312,104734,ANCCF,OTC,0.04,0.04,0,0,Ansell Capital Corp,0,0,0
20130313,104734,ANCCF,OTC,0.04,0.04,0,0,Ansell Capital Corp,0,0,0
20130314,104734,ANCCF,OTC,0.04,0.04,0,0,Ansell Capital Corp,0,0,0
20130315,104734,ANCCF,OTC,0.04,0.04,0,0,Ansell Capital Corp,0,0,0
20130318,104734,ANCCF,OTC,0.04,0.04,0,0,Ansell Capital Corp,0,0,0
20130319,104734,ANCCF,OTC,0.04,0.04,0,0,Ansell Capital Corp,0,0,0
20130320,104734,ANCCF,OTC,0.04,0.04,0,0,Ansell Capital Corp,0,0,0
20130321,104734,ANCCF,OTC,0.04,0.04,0,0,Ansell Capital Corp,0,0,0
20130322,104734,ANCCF,OTC,0.04,0.04,0,0,Ansell Capital Corp,0,0,0
20130325,104734,ANCCF,OTC,0.04,0.04,0,0,Ansell Capital Corp,0,0,0
20130326,104734,ANCCF,OTC,0.04,0.04,0,0,Ansell Capital Corp,0,0,0
20130327,104734,ANCCF,OTC,0.04,0.04,0,0,Ansell Capital Corp,0,0,0
20130328,104734,ANCCF,OTC,0.04,0.04,0,0,Ansell Capital Corp,0,0,0
20130401,104734,ANCCF,OTC,0.04,0.04,0,0,Ansell Capital Corp,0,0,0
20130402,104734,ANCCF,OTC,0.04,0.04,0,0,Ansell Capital Corp,0,0,0
20130403,104734,ANCCF,OTC,0.04,0.04,0,0,Ansell Capital Corp,0,0,0
20130404,104734,ANCCF,OTC,0.04,0.04,0,0,Ansell Capital Corp,0,0,0
20130405,104734,ANCCF,OTC,0.04,0.04,0,0,Ansell Capital Corp,0,0,0
20130408,104734,ANCCF,OTC,0.04,0.04,0,0,Ansell Capital Corp,0,0,0
20130409,104734,ANCCF,OTC,0.04,0.04,0,0,Ansell Capital Corp,0,0,0
20130410,104734,ANCCF,OTC,0.04,0.04,0,0,Ansell Capital Corp,0,0,0
20130411,104734,ANCCF,OTC,0.04,0.04,0,0,Ansell Capital Corp,0,0,0
20130412,104734,ANCCF,OTC,0.04,0.04,0,0,Ansell Capital Corp,0,0,0
20130415,104734,ANCCF,OTC,0.04,0.04,0,0,Ansell Capital Corp,0,0,0
20130416,104734,ANCCF,OTC,0.04,0.04,0,0,Ansell Capital Corp,0,0,0
20130417,104734,ANCCF,OTC,0.04,0.04,0,0,Ansell Capital Corp,0,0,0
20130418,104734,ANCCF,OTC,0.04,0.04,0,0,Ansell Capital Corp,0,0,0
20130419,104734,ANCCF,OTC,0.04,0.04,0,0,Ansell Capital Corp,0,0,0
20130422,104734,ANCCF,OTC,0.04,0.04,0,0,Ansell Capital Corp,0,0,0
20130423,104734,ANCCF,OTC,0.04,0.04,0,0,Ansell Capital Corp,0,0,0
20130424,104734,ANCCF,OTC,0.04,0.04,0,0,Ansell Capital Corp,0,0,0
20130425,104734,ANCCF,OTC,0.04,0.04,0,0,Ansell Capital Corp,0,0,0
20130426,104734,ANCCF,OTC,0.04,0.04,0,0,Ansell Capital Corp,0,0,0
20130429,104734,ANCCF,OTC,0.04,0.04,0,0,Ansell Capital Corp,0,0,0
20130430,104734,ANCCF,OTC,0.04,0.04,0,0,Ansell Capital Corp,0,0,0
20130501,104734,ANCCF,OTC,0.04,0.04,0,0,Ansell Capital Corp,0,0,0
20130502,104734,ANCCF,OTC,0.04,0.04,0,0,Ansell Capital Corp,0,0,0
20130503,104734,ANCCF,OTC,0.04,0.04,0,0,Ansell Capital Corp,0,0,0
20130506,104734,ANCCF,OTC,0.04,0.04,0,0,Ansell Capital Corp,0,0,0
20130507,104734,ANCCF,OTC,0.04,0.04,0,0,Ansell Capital Corp,0,0,0
20130508,104734,ANCCF,OTC,0.04,0.04,0,0,Ansell Capital Corp,0,0,0
20130509,104734,ANCCF,OTC,0.04,0.04,0,0,Ansell Capital Corp,0,0,0
20130510,104734,ANCCF,OTC,0.04,0.04,0,0,Ansell Capital Corp,0,0,0
20130513,104734,ANCCF,OTC,0.04,0.04,0,0,Ansell Capital Corp,0,0,0
20130514,104734,ANCCF,OTC,0.04,0.04,0,0,Ansell Capital Corp,0,0,0
20130515,104734,ANCCF,OTC,0.04,0.04,0,0,Ansell Capital Corp,0,0,0
20130516,104734,ANCCF,OTC,0.04,0.04,0,0,Ansell Capital Corp,0,0,0
20130517,104734,ANCCF,OTC,0.04,0.04,0,0,Ansell Capital Corp,0,0,0
20130520,104734,ANCCF,OTC,0.04,0.04,0,0,Ansell Capital Corp,0,0,0
20130521,104734,ANCCF,OTC,0.04,0.04,0,0,Ansell Capital Corp,0,0,0
20130522,104734,ANCCF,OTC,0.04,0.04,0,0,Ansell Capital Corp,0,0,0
20130523,104734,ANCCF,OTC,0.04,0.04,0,0,Ansell Capital Corp,0,0,0
20130524,104734,ANCCF,OTC,0.04,0.04,0,0,Ansell Capital Corp,0,0,0
20130528,104734,ANCCF,OTC,0.04,0.04,0,0,Ansell Capital Corp,0,0,0
20130529,104734,ANCCF,OTC,0.04,0.04,0,0,Ansell Capital Corp,0,0,0
20130530,104734,ANCCF,OTC,0.04,0.04,0,0,Ansell Capital Corp,0,0,0
20130531,104734,ANCCF,OTC,0.04,0.04,0,0,Ansell Capital Corp,0,0,0
20130603,104734,ANCCF,OTC,0.04,0.04,0,0,Ansell Capital Corp,0,0,0
20130604,104734,ANCCF,OTC,0.04,0.04,0,0,Ansell Capital Corp,0,0,0
20130605,104734,ANCCF,OTC,0.04,0.04,0,0,Ansell Capital Corp,0,0,0
20130606,104734,ANCCF,OTC,0.04,0.04,0,0,Ansell Capital Corp,0,0,0
20130607,104734,ANCCF,OTC,0.04,0.04,0,0,Ansell Capital Corp,0,0,0
20130610,104734,ANCCF,OTC,0.04,0.04,0,0,Ansell Capital Corp,0,0,0
20130611,104734,ANCCF,OTC,0.04,0.04,0,0,Ansell Capital Corp,0,0,0
20130612,104734,ANCCF,OTC,0.04,0.04,0,0,Ansell Capital Corp,0,0,0
20130613,104734,ANCCF,OTC,0.04,0.04,0,0,Ansell Capital Corp,0,0,0
20130614,104734,ANCCF,OTC,0.04,0.04,0,0,Ansell Capital Corp,0,0,0
20130617,104734,ANCCF,OTC,0.04,0.04,0,0,Ansell Capital Corp,0,0,0
20130618,104734,ANCCF,OTC,0.04,0.04,0,0,Ansell Capital Corp,0,0,0
20130619,104734,ANCCF,OTC,0.04,0.04,0,0,Ansell Capital Corp,0,0,0
20130620,104734,ANCCF,OTC,0.04,0.04,0,0,Ansell Capital Corp,0,0,0
20130621,104734,ANCCF,OTC,0.04,0.04,0,0,Ansell Capital Corp,0,0,0
20130624,104734,ANCCF,OTC,0.04,0.04,0,0,Ansell Capital Corp,0,0,0
20130625,104734,ANCCF,OTC,0.04,0.04,0,0,Ansell Capital Corp,0,0,0
20130626,104734,ANCCF,OTC,0.03,0.03,5,0,Ansell Capital Corp,0,0,0
20130627,104734,ANCCF,OTC,0.03,0.03,0,0,Ansell Capital Corp,0,0,0
20130628,104734,ANCCF,OTC,0.03,0.03,0,0,Ansell Capital Corp,0,0,0
20130701,104734,ANCCF,OTC,0.03,0.03,0,0,Ansell Capital Corp,0,0,0
20130702,104734,ANCCF,OTC,0.03,0.03,0,0,Ansell Capital Corp,0,0,0
20130703,104734,ANCCF,OTC,0.03,0.03,0,0,Ansell Capital Corp,0,0,0
20130705,104734,ANCCF,OTC,0.03,0.03,0,0,Ansell Capital Corp,0,0,0
20130708,104734,ANCCF,OTC,0.03,0.03,0,0,Ansell Capital Corp,0,0,0
20130709,104734,ANCCF,OTC,0.03,0.03,0,0,Ansell Capital Corp,0,0,0
20130710,104734,ANCCF,OTC,0.03,0.03,0,0,Ansell Capital Corp,0,0,0
20130711,104734,ANCCF,OTC,0.03,0.03,0,0,Ansell Capital Corp,0,0,0
20130712,104734,ANCCF,OTC,0.03,0.03,0,0,Ansell Capital Corp,0,0,0
20130715,104734,ANCCF,OTC,0.03,0.03,0,0,Ansell Capital Corp,0,0,0
20130716,104734,ANCCF,OTC,0.03,0.03,0,0,Ansell Capital Corp,0,0,0
20130717,104734,ANCCF,OTC,0.03,0.03,0,0,Ansell Capital Corp,0,0,0
20130718,104734,ANCCF,OTC,0.03,0.03,0,0,Ansell Capital Corp,0,0,0
20130719,104734,ANCCF,OTC,0.03,0.03,0,0,Ansell Capital Corp,0,0,0
20130722,104734,ANCCF,OTC,0.03,0.03,0,0,Ansell Capital Corp,0,0,0
20130723,104734,ANCCF,OTC,0.03,0.03,0,0,Ansell Capital Corp,0,0,0
20130724,104734,ANCCF,OTC,0.03,0.03,0,0,Ansell Capital Corp,0,0,0
20130725,104734,ANCCF,OTC,0.03,0.03,0,0,Ansell Capital Corp,0,0,0
20130726,104734,ANCCF,OTC,0.03,0.03,0,0,Ansell Capital Corp,0,0,0
20130729,104734,ANCCF,OTC,0.03,0.03,0,0,Ansell Capital Corp,0,0,0
20130730,104734,ANCCF,OTC,0.03,0.03,0,0,Ansell Capital Corp,0,0,0
20130731,104734,ANCCF,OTC,0.03,0.03,0,0,Ansell Capital Corp,0,0,0
20130801,104734,ANCCF,OTC,0.03,0.03,0,0,Ansell Capital Corp,0,0,0
20130802,104734,ANCCF,OTC,0.03,0.03,0,0,Ansell Capital Corp,0,0,0
20130805,104734,ANCCF,OTC,0.03,0.03,0,0,Ansell Capital Corp,0,0,0
20130806,104734,ANCCF,OTC,0.03,0.03,0,0,Ansell Capital Corp,0,0,0
20130807,104734,ANCCF,OTC,0.03,0.03,0,0,Ansell Capital Corp,0,0,0
20130808,104734,ANCCF,OTC,0.03,0.03,0,0,Ansell Capital Corp,0,0,0
20130809,104734,ANCCF,OTC,0.03,0.03,0,0,Ansell Capital Corp,0,0,0
20130812,104734,ANCCF,OTC,0.03,0.03,0,0,Ansell Capital Corp,0,0,0
20130813,104734,ANCCF,OTC,0.03,0.03,0,0,Ansell Capital Corp,0,0,0
20130814,104734,ANCCF,OTC,0.03,0.03,0,0,Ansell Capital Corp,0,0,0
20130815,104734,ANCCF,OTC,0.03,0.03,0,0,Ansell Capital Corp,0,0,0
20130816,104734,ANCCF,OTC,0.03,0.03,0,0,Ansell Capital Corp,0,0,0
20130819,104734,ANCCF,OTC,0.03,0.03,0,0,Ansell Capital Corp,0,0,0
20130820,104734,ANCCF,OTC,0.03,0.03,0,0,Ansell Capital Corp,0,0,0
20130821,104734,ANCCF,OTC,0.03,0.03,0,0,Ansell Capital Corp,0,0,0
20130822,104734,ANCCF,OTC,0.03,0.03,0,0,Ansell Capital Corp,0,0,0
20130823,104734,ANCCF,OTC,0.03,0.03,0,0,Ansell Capital Corp,0,0,0
20130826,104734,ANCCF,OTC,0.03,0.03,0,0,Ansell Capital Corp,0,0,0
20130827,104734,ANCCF,OTC,0.03,0.03,0,0,Ansell Capital Corp,0,0,0
20130828,104734,ANCCF,OTC,0.03,0.03,0,0,Ansell Capital Corp,0,0,0
20130829,104734,ANCCF,OTC,0.03,0.03,0,0,Ansell Capital Corp,0,0,0
20130830,104734,ANCCF,OTC,0.03,0.03,0,0,Ansell Capital Corp,0,0,0
20130903,104734,ANCCF,OTC,0.03,0.03,0,0,Ansell Capital Corp,0,0,0
20130904,104734,ANCCF,OTC,0.03,0.03,0,0,Ansell Capital Corp,0,0,0
20130905,104734,ANCCF,OTC,0.03,0.03,0,0,Ansell Capital Corp,0,0,0
20130906,104734,ANCCF,OTC,0.03,0.03,0,0,Ansell Capital Corp,0,0,0
20130909,104734,ANCCF,OTC,0.03,0.03,0,0,Ansell Capital Corp,0,0,0
20130910,104734,ANCCF,OTC,0.03,0.03,0,0,Ansell Capital Corp,0,0,0
20130911,104734,ANCCF,OTC,0.03,0.03,0,0,Ansell Capital Corp,0,0,0
20130912,104734,ANCCF,OTC,0.03,0.03,0,0,Ansell Capital Corp,0,0,0
20130913,104734,ANCCF,OTC,0.03,0.03,0,0,Ansell Capital Corp,0,0,0
20130916,104734,ANCCF,OTC,0.03,0.03,0,0,Ansell Capital Corp,0,0,0
20130917,104734,ANCCF,OTC,0.03,0.03,0,0,Ansell Capital Corp,0,0,0
20130918,104734,ANCCF,OTC,0.03,0.03,0,0,Ansell Capital Corp,0,0,0
20130919,104734,ANCCF,OTC,0.03,0.03,0,0,Ansell Capital Corp,0,0,0
20130920,104734,ANCCF,OTC,0.03,0.03,0,0,Ansell Capital Corp,0,0,0
20130923,104734,ANCCF,OTC,0.03,0.03,0,0,Ansell Capital Corp,0,0,0
20130924,104734,ANCCF,OTC,0.03,0.03,0,0,Ansell Capital Corp,0,0,0
20130925,104734,ANCCF,OTC,0.03,0.03,0,0,Ansell Capital Corp,0,0,0
20130926,104734,ANCCF,OTC,0.03,0.03,0,0,Ansell Capital Corp,0,0,0
20130927,104734,ANCCF,OTC,0.03,0.03,0,0,Ansell Capital Corp,0,0,0
20130930,104734,ANCCF,OTC,0.03,0.03,0,0,Ansell Capital Corp,0,0,0
20131001,104734,ANCCF,OTC,0.03,0.03,0,0,Ansell Capital Corp,0,0,0
20131002,104734,ANCCF,OTC,0.03,0.03,0,0,Ansell Capital Corp,0,0,0
20131003,104734,ANCCF,OTC,0.03,0.03,0,0,Ansell Capital Corp,0,0,0
20131004,104734,ANCCF,OTC,0.03,0.03,0,0,Ansell Capital Corp,0,0,0
20131007,104734,ANCCF,OTC,0.03,0.03,0,0,Ansell Capital Corp,0,0,0
20131008,104734,ANCCF,OTC,0.03,0.03,0,0,Ansell Capital Corp,0,0,0
20131009,104734,ANCCF,OTC,0.03,0.03,0,0,Ansell Capital Corp,0,0,0
20131010,104734,ANCCF,OTC,0.03,0.03,0,0,Ansell Capital Corp,0,0,0
20131011,104734,ANCCF,OTC,0.03,0.03,0,0,Ansell Capital Corp,0,0,0
20131014,104734,ANCCF,OTC,0.03,0.03,0,0,Ansell Capital Corp,0,0,0
20131015,104734,ANCCF,OTC,0.03,0.03,0,0,Ansell Capital Corp,0,0,0
20131016,104734,ANCCF,OTC,0.03,0.03,0,0,Ansell Capital Corp,0,0,0
20131017,104734,ANCCF,OTC,0.03,0.03,0,0,Ansell Capital Corp,0,0,0
20131018,104734,ANCCF,OTC,0.03,0.03,0,0,Ansell Capital Corp,0,0,0
20131021,104734,ANCCF,OTC,0.02,0.02,60,0,Ansell Capital Corp,0,0,0
20131022,104734,ANCCF,OTC,0.02,0.02,0,0,Ansell Capital Corp,0,0,0
20131023,104734,ANCCF,OTC,0.02,0.02,0,0,Ansell Capital Corp,0,0,0
20131024,104734,ANCCF,OTC,0.02,0.02,0,0,Ansell Capital Corp,0,0,0
20131025,104734,ANCCF,OTC,0.02,0.02,0,0,Ansell Capital Corp,0,0,0
20131028,104734,ANCCF,OTC,0.02,0.02,0,0,Ansell Capital Corp,0,0,0
20131029,104734,ANCCF,OTC,0.02,0.02,0,0,Ansell Capital Corp,0,0,0
20131030,104734,ANCCF,OTC,0.02,0.02,0,0,Ansell Capital Corp,0,0,0
20131031,104734,ANCCF,OTC,0.02,0.02,0,0,Ansell Capital Corp,0,0,0
20131101,104734,ANCCF,OTC,0.02,0.02,0,0,Ansell Capital Corp,0,0,0
20131104,104734,ANCCF,OTC,0.02,0.02,0,0,Ansell Capital Corp,0,0,0
20131105,104734,ANCCF,OTC,0.02,0.02,0,0,Ansell Capital Corp,0,0,0
20131106,104734,ANCCF,OTC,0.02,0.02,0,0,Ansell Capital Corp,0,0,0
20131107,104734,ANCCF,OTC,0.02,0.02,0,0,Ansell Capital Corp,0,0,0
20131108,104734,ANCCF,OTC,0.02,0.02,0,0,Ansell Capital Corp,0,0,0
20131111,104734,ANCCF,OTC,0.02,0.02,0,0,Ansell Capital Corp,0,0,0
20131112,104734,ANCCF,OTC,0.02,0.02,0,0,Ansell Capital Corp,0,0,0
20131113,104734,ANCCF,OTC,0.02,0.02,0,0,Ansell Capital Corp,0,0,0
20131114,104734,ANCCF,OTC,0.02,0.02,0,0,Ansell Capital Corp,0,0,0
20131115,104734,ANCCF,OTC,0.02,0.02,0,0,Ansell Capital Corp,0,0,0
20131118,104734,ANCCF,OTC,0.02,0.02,2000,0,Ansell Capital Corp,0,0,0
20131119,104734,ANCCF,OTC,0.02,0.02,0,0,Ansell Capital Corp,0,0,0
20131120,104734,ANCCF,OTC,0.02,0.02,0,0,Ansell Capital Corp,0,0,0
20131121,104734,ANCCF,OTC,0.02,0.02,0,0,Ansell Capital Corp,0,0,0
20131122,104734,ANCCF,OTC,0.02,0.02,0,0,Ansell Capital Corp,0,0,0
20131125,104734,ANCCF,OTC,0.02,0.02,0,0,Ansell Capital Corp,0,0,0
20131126,104734,ANCCF,OTC,0.02,0.02,0,0,Ansell Capital Corp,0,0,0
20131127,104734,ANCCF,OTC,0.02,0.02,0,0,Ansell Capital Corp,0,0,0
20131129,104734,ANCCF,OTC,0.02,0.02,0,0,Ansell Capital Corp,0,0,0
20131202,104734,ANCCF,OTC,0.02,0.02,0,0,Ansell Capital Corp,0,0,0
20131203,104734,ANCCF,OTC,0.02,0.02,0,0,Ansell Capital Corp,0,0,0
20131204,104734,ANCCF,OTC,0.02,0.02,0,0,Ansell Capital Corp,0,0,0
20131205,104734,ANCCF,OTC,0.02,0.02,0,0,Ansell Capital Corp,0,0,0
20131206,104734,ANCCF,OTC,0.02,0.02,25,0,Ansell Capital Corp,0,0,0
20131209,104734,ANCCF,OTC,0.02,0.02,0,0,Ansell Capital Corp,0,0,0
20131210,104734,ANCCF,OTC,0.02,0.02,0,0,Ansell Capital Corp,0,0,0
20131211,104734,ANCCF,OTC,0.02,0.02,0,0,Ansell Capital Corp,0,0,0
20131212,104734,ANCCF,OTC,0.02,0.02,0,0,Ansell Capital Corp,0,0,0
20131213,104734,ANCCF,OTC,0.02,0.02,0,0,Ansell Capital Corp,0,0,0
20131216,104734,ANCCF,OTC,0.02,0.02,0,0,Ansell Capital Corp,0,0,0
20131217,104734,ANCCF,OTC,0.02,0.02,0,0,Ansell Capital Corp,0,0,0
20131218,104734,ANCCF,OTC,0.02,0.02,0,0,Ansell Capital Corp,0,0,0
20131219,104734,ANCCF,OTC,0.02,0.02,0,0,Ansell Capital Corp,0,0,0
20131220,104734,ANCCF,OTC,0.02,0.02,0,0,Ansell Capital Corp,0,0,0
20131223,104734,ANCCF,OTC,0.02,0.02,0,0,Ansell Capital Corp,0,0,0
20131224,104734,ANCCF,OTC,0.02,0.02,0,0,Ansell Capital Corp,0,0,0
20131226,104734,ANCCF,OTC,0.02,0.02,0,0,Ansell Capital Corp,0,0,0
20131227,104734,ANCCF,OTC,0.02,0.02,0,0,Ansell Capital Corp,0,0,0
20131230,104734,ANCCF,OTC,0.02,0.02,0,0,Ansell Capital Corp,0,0,0
20131231,104734,ANCCF,OTC,0.02,0.02,0,0,Ansell Capital Corp,0,0,0
20140102,104734,ANCCF,OTC,0.02,0.02,0,0,Ansell Capital Corp,0,0,0
20140103,104734,ANCCF,OTC,0.02,0.02,0,0,Ansell Capital Corp,0,0,0
20140106,104734,ANCCF,OTC,0.02,0.02,0,0,Ansell Capital Corp,0,0,0
20140107,104734,ANCCF,OTC,0.02,0.02,0,0,Ansell Capital Corp,0,0,0
20140108,104734,ANCCF,OTC,0.02,0.02,0,0,Ansell Capital Corp,0,0,0
20140109,104734,ANCCF,OTC,0.02,0.02,0,0,Ansell Capital Corp,0,0,0
20140110,104734,ANCCF,OTC,0.02,0.02,0,0,Ansell Capital Corp,0,0,0
20140113,104734,ANCCF,OTC,0.02,0.02,0,0,Ansell Capital Corp,0,0,0
20140114,104734,ANCCF,OTC,0.02,0.02,0,0,Ansell Capital Corp,0,0,0
20140115,104734,ANCCF,OTC,0.02,0.02,0,0,Ansell Capital Corp,0,0,0
20140116,104734,ANCCF,OTC,0.02,0.02,0,0,Ansell Capital Corp,0,0,0
20140117,104734,ANCCF,OTC,0.02,0.02,0,0,Ansell Capital Corp,0,0,0
20140121,104734,ANCCF,OTC,0.02,0.02,0,0,Ansell Capital Corp,0,0,0
20140122,104734,ANCCF,OTC,0.02,0.02,0,0,Ansell Capital Corp,0,0,0
20140123,104734,ANCCF,OTC,0.02,0.02,0,0,Ansell Capital Corp,0,0,0
20140124,104734,ANCCF,OTC,0.02,0.02,0,0,Ansell Capital Corp,0,0,0
20140127,104734,ANCCF,OTC,0.02,0.02,0,0,Ansell Capital Corp,0,0,0
20140128,104734,ANCCF,OTC,0.02,0.02,0,0,Ansell Capital Corp,0,0,0
20140129,104734,ANCCF,OTC,0.02,0.02,0,0,Ansell Capital Corp,0,0,0
20140130,104734,ANCCF,OTC,0.02,0.02,0,0,Ansell Capital Corp,0,0,0
20140131,104734,ANCCF,OTC,0.02,0.02,0,0,Ansell Capital Corp,0,0,0
20140203,104734,ANCCF,OTC,0.02,0.02,0,0,Ansell Capital Corp,0,0,0
20140204,104734,ANCCF,OTC,0.02,0.02,0,0,Ansell Capital Corp,0,0,0
20140205,104734,ANCCF,OTC,0.02,0.02,0,0,Ansell Capital Corp,0,0,0
20140206,104734,ANCCF,OTC,0.02,0.02,0,0,Ansell Capital Corp,0,0,0
20140207,104734,ANCCF,OTC,0.02,0.02,0,0,Ansell Capital Corp,0,0,0
20140210,104734,ANCCF,OTC,0.02,0.02,0,0,Ansell Capital Corp,0,0,0
20140211,104734,ANCCF,OTC,0.02,0.02,0,0,Ansell Capital Corp,0,0,0
20140212,104734,ANCCF,OTC,0.02,0.02,0,0,Ansell Capital Corp,0,0,0
20140213,104734,ANCCF,OTC,0.02,0.02,0,0,Ansell Capital Corp,0,0,0
20140214,104734,ANCCF,OTC,0.02,0.02,0,0,Ansell Capital Corp,0,0,0
20140218,104734,ANCCF,OTC,0.02,0.02,0,0,Ansell Capital Corp,0,0,0
20140219,104734,ANCCF,OTC,0.02,0.02,0,0,Ansell Capital Corp,0,0,0
20140220,104734,ANCCF,OTC,0.02,0.02,0,0,Ansell Capital Corp,0,0,0
20140221,104734,ANCCF,OTC,0.02,0.02,0,0,Ansell Capital Corp,0,0,0
20140224,104734,ANCCF,OTC,0.02,0.02,0,0,Ansell Capital Corp,0,0,0
20140225,104734,ANCCF,OTC,0.02,0.02,0,0,Ansell Capital Corp,0,0,0
20140226,104734,ANCCF,OTC,0.02,0.02,0,0,Ansell Capital Corp,0,0,0
20140227,104734,ANCCF,OTC,0.02,0.02,0,0,Ansell Capital Corp,0,0,0
20140228,104734,ANCCF,OTC,0.02,0.02,0,0,Ansell Capital Corp,0,0,0
20140303,104734,ANCCF,OTC,0.02,0.02,0,0,Ansell Capital Corp,0,0,0
20140304,104734,ANCCF,OTC,0.02,0.02,0,0,Ansell Capital Corp,0,0,0
20140305,104734,ANCCF,OTC,0.02,0.02,0,0,Ansell Capital Corp,0,0,0
20140306,104734,ANCCF,OTC,0.02,0.02,0,0,Ansell Capital Corp,0,0,0
20140307,104734,ANCCF,OTC,0.02,0.02,0,0,Ansell Capital Corp,0,0,0
