DDate,CSINumber,Symbol,Exchange,DClose,UnAdjustedClose,TotalVolume,Cash,MarketName,PTB,PSR,DPS
20120920,108820,ELS+C,NYSE,23.5568219,25.75,102,0,Equity Lifestyle Properties,0,0,0
20120921,108820,ELS+C,NYSE,23.5568219,25.75,35,0,Equity Lifestyle Properties,0,0,0
20120924,108820,ELS+C,NYSE,23.5110805,25.7,14,0,Equity Lifestyle Properties,0,0,0
20120925,108820,ELS+C,NYSE,23.5568219,25.75,435,0,Equity Lifestyle Properties,0,0,0
20120926,108820,ELS+C,NYSE,23.5568219,25.75,26,0,Equity Lifestyle Properties,0,0,0
20120927,108820,ELS+C,NYSE,23.46533909,25.65,215,0,Equity Lifestyle Properties,0,0,0
20120928,108820,ELS+C,NYSE,23.5110805,25.7,28,0,Equity Lifestyle Properties,0,0,0
20121001,108820,ELS+C,NYSE,23.5568219,25.75,23,0,Equity Lifestyle Properties,0,0,0
20121002,108820,ELS+C,NYSE,23.6025633,25.8,30,0,Equity Lifestyle Properties,0,0,0
20121003,108820,ELS+C,NYSE,23.71234266,25.92,714,0,Equity Lifestyle Properties,0,0,0
20121004,108820,ELS+C,NYSE,23.83127031,26.05,619,0,Equity Lifestyle Properties,0,0,0
20121005,108820,ELS+C,NYSE,23.87701171,26.1,282,0,Equity Lifestyle Properties,0,0,0
20121008,108820,ELS+C,NYSE,23.90445655,26.13,5,0,Equity Lifestyle Properties,0,0,0
20121009,108820,ELS+C,NYSE,23.90445655,26.13,0,0,Equity Lifestyle Properties,0,0,0
20121010,108820,ELS+C,NYSE,23.87701171,26.1,166,0,Equity Lifestyle Properties,0,0,0
20121011,108820,ELS+C,NYSE,23.90445655,26.13,0,0,Equity Lifestyle Properties,0,0,0
20121012,108820,ELS+C,NYSE,23.78552891,26,26,0,Equity Lifestyle Properties,0,0,0
20121015,108820,ELS+C,NYSE,23.78552891,26,89,0,Equity Lifestyle Properties,0,0,0
20121016,108820,ELS+C,NYSE,23.78552891,26,32,0,Equity Lifestyle Properties,0,0,0
20121017,108820,ELS+C,NYSE,23.88615999,26.11,127,0,Equity Lifestyle Properties,0,0,0
20121018,108820,ELS+C,NYSE,23.92275311,26.15,1,0,Equity Lifestyle Properties,0,0,0
20121019,108820,ELS+C,NYSE,24.01423591,26.25,50,0,Equity Lifestyle Properties,0,0,0
20121022,108820,ELS+C,NYSE,23.96849451,26.2,242,0,Equity Lifestyle Properties,0,0,0
20121023,108820,ELS+C,NYSE,24.00508763,26.24,7,0,Equity Lifestyle Properties,0,0,0
20121024,108820,ELS+C,NYSE,24.01423591,26.25,238,0,Equity Lifestyle Properties,0,0,0
20121025,108820,ELS+C,NYSE,23.97764279,26.21,30,0,Equity Lifestyle Properties,0,0,0
20121026,108820,ELS+C,NYSE,24.19720152,26.45,49,0,Equity Lifestyle Properties,0,0,0
20121031,108820,ELS+C,NYSE,24.56313274,26.85,2,0,Equity Lifestyle Properties,0,0,0
20121101,108820,ELS+C,NYSE,24.42590853,26.7,2,0,Equity Lifestyle Properties,0,0,0
20121102,108820,ELS+C,NYSE,24.51739133,26.8,1,0,Equity Lifestyle Properties,0,0,0
20121105,108820,ELS+C,NYSE,24.05997732,26.3,5,0,Equity Lifestyle Properties,0,0,0
20121106,108820,ELS+C,NYSE,24.24294292,26.5,7,0,Equity Lifestyle Properties,0,0,0
20121107,108820,ELS+C,NYSE,24.05997732,26.3,81,0,Equity Lifestyle Properties,0,0,0
20121108,108820,ELS+C,NYSE,24.38016713,26.65,1,0,Equity Lifestyle Properties,0,0,0
20121109,108820,ELS+C,NYSE,24.38016713,26.65,0,0,Equity Lifestyle Properties,0,0,0
20121112,108820,ELS+C,NYSE,24.37101885,26.64,2,0,Equity Lifestyle Properties,0,0,0
20121113,108820,ELS+C,NYSE,24.37101885,26.64,0,0,Equity Lifestyle Properties,0,0,0
20121114,108820,ELS+C,NYSE,24.10571872,26.35,10,0,Equity Lifestyle Properties,0,0,0
20121115,108820,ELS+C,NYSE,23.92275311,26.15,32,0,Equity Lifestyle Properties,0,0,0
20121116,108820,ELS+C,NYSE,23.96849451,26.2,837,0,Equity Lifestyle Properties,0,0,0
20121119,108820,ELS+C,NYSE,24.01423591,26.25,47,0,Equity Lifestyle Properties,0,0,0
20121120,108820,ELS+C,NYSE,24.05997732,26.3,369,0,Equity Lifestyle Properties,0,0,0
20121121,108820,ELS+C,NYSE,24.24294292,26.5,9,0,Equity Lifestyle Properties,0,0,0
20121123,108820,ELS+C,NYSE,24.24294292,26.5,0,0,Equity Lifestyle Properties,0,0,0
20121126,108820,ELS+C,NYSE,24.01423591,26.25,568,0,Equity Lifestyle Properties,0,0,0
20121127,108820,ELS+C,NYSE,24.15146012,26.4,17,0,Equity Lifestyle Properties,0,0,0
20121128,108820,ELS+C,NYSE,24.05997732,26.3,383,0,Equity Lifestyle Properties,0,0,0
20121129,108820,ELS+C,NYSE,24.24294292,26.5,2,0,Equity Lifestyle Properties,0,0,0
20121130,108820,ELS+C,NYSE,24.24294292,26.5,0,0,Equity Lifestyle Properties,0,0,0
20121203,108820,ELS+C,NYSE,24.03253248,26.27,12,0,Equity Lifestyle Properties,0,0,0
20121204,108820,ELS+C,NYSE,23.98679107,26.22,92,0,Equity Lifestyle Properties,0,0,0
20121205,108820,ELS+C,NYSE,24.01423591,26.25,9,0,Equity Lifestyle Properties,0,0,0
20121206,108820,ELS+C,NYSE,24.24765578,25.97,4,0,Equity Lifestyle Properties,0,0,0
20121207,108820,ELS+C,NYSE,24.24765578,25.97,0,0,Equity Lifestyle Properties,0,0,0
20121210,108820,ELS+C,NYSE,24.12627745,25.84,18,0,Equity Lifestyle Properties,0,0,0
20121211,108820,ELS+C,NYSE,23.99556233,25.7,1089,0,Equity Lifestyle Properties,0,0,0
20121212,108820,ELS+C,NYSE,23.99556233,25.7,15,0,Equity Lifestyle Properties,0,0,0
20121213,108820,ELS+C,NYSE,24.02357271,25.73,5,0,Equity Lifestyle Properties,0,0,0
20121214,108820,ELS+C,NYSE,24.00489912,25.71,446,0,Equity Lifestyle Properties,0,0,0
20121217,108820,ELS+C,NYSE,23.94887835,25.65,21,0,Equity Lifestyle Properties,0,0,0
20121218,108820,ELS+C,NYSE,23.88352079,25.58,30,0,Equity Lifestyle Properties,0,0,0
20121219,108820,ELS+C,NYSE,23.93020476,25.63,105,0,Equity Lifestyle Properties,0,0,0
20121220,108820,ELS+C,NYSE,23.81816323,25.51,13,0,Equity Lifestyle Properties,0,0,0
20121221,108820,ELS+C,NYSE,23.81816323,25.51,0,0,Equity Lifestyle Properties,0,0,0
20121224,108820,ELS+C,NYSE,24.07025668,25.78,5,0,Equity Lifestyle Properties,0,0,0
20121226,108820,ELS+C,NYSE,23.85551041,25.55,7,0,Equity Lifestyle Properties,0,0,0
20121227,108820,ELS+C,NYSE,23.88352079,25.58,15,0,Equity Lifestyle Properties,0,0,0
20121228,108820,ELS+C,NYSE,23.8648472,25.56,32,0,Equity Lifestyle Properties,0,0,0
20121231,108820,ELS+C,NYSE,23.8648472,25.56,0,0,Equity Lifestyle Properties,0,0,0
20130102,108820,ELS+C,NYSE,23.93954156,25.64,217,0,Equity Lifestyle Properties,0,0,0
20130103,108820,ELS+C,NYSE,23.93020476,25.63,198,0,Equity Lifestyle Properties,0,0,0
20130104,108820,ELS+C,NYSE,23.94887835,25.65,130,0,Equity Lifestyle Properties,0,0,0
20130107,108820,ELS+C,NYSE,24.06091989,25.77,163,0,Equity Lifestyle Properties,0,0,0
20130108,108820,ELS+C,NYSE,24.0329095,25.74,24,0,Equity Lifestyle Properties,0,0,0
20130109,108820,ELS+C,NYSE,24.0422463,25.75,778,0,Equity Lifestyle Properties,0,0,0
20130110,108820,ELS+C,NYSE,24.0422463,25.75,0,0,Equity Lifestyle Properties,0,0,0
20130111,108820,ELS+C,NYSE,24.0422463,25.75,577,0,Equity Lifestyle Properties,0,0,0
20130114,108820,ELS+C,NYSE,24.66781154,26.42,59,0,Equity Lifestyle Properties,0,0,0
20130115,108820,ELS+C,NYSE,24.22898219,25.95,15,0,Equity Lifestyle Properties,0,0,0
20130116,108820,ELS+C,NYSE,24.22898219,25.95,0,0,Equity Lifestyle Properties,0,0,0
20130117,108820,ELS+C,NYSE,24.27566617,26,34,0,Equity Lifestyle Properties,0,0,0
20130118,108820,ELS+C,NYSE,24.18229822,25.9,5,0,Equity Lifestyle Properties,0,0,0
20130122,108820,ELS+C,NYSE,24.06091989,25.77,31,0,Equity Lifestyle Properties,0,0,0
20130123,108820,ELS+C,NYSE,24.30367655,26.03,5,0,Equity Lifestyle Properties,0,0,0
20130124,108820,ELS+C,NYSE,24.08893027,25.8,2152,0,Equity Lifestyle Properties,0,0,0
20130125,108820,ELS+C,NYSE,24.36903411,26.1,25,0,Equity Lifestyle Properties,0,0,0
20130128,108820,ELS+C,NYSE,24.36903411,26.1,0,0,Equity Lifestyle Properties,0,0,0
20130129,108820,ELS+C,NYSE,23.99556233,25.7,115,0,Equity Lifestyle Properties,0,0,0
20130130,108820,ELS+C,NYSE,24.08893027,25.8,6,0,Equity Lifestyle Properties,0,0,0
20130131,108820,ELS+C,NYSE,24.0422463,25.75,4,0,Equity Lifestyle Properties,0,0,0
20130201,108820,ELS+C,NYSE,24.02357271,25.73,12,0,Equity Lifestyle Properties,0,0,0
20130204,108820,ELS+C,NYSE,24.02357271,25.73,0,0,Equity Lifestyle Properties,0,0,0
20130205,108820,ELS+C,NYSE,24.0422463,25.75,92,0,Equity Lifestyle Properties,0,0,0
20130206,108820,ELS+C,NYSE,24.17296142,25.89,33,0,Equity Lifestyle Properties,0,0,0
20130207,108820,ELS+C,NYSE,24.18229822,25.9,70,0,Equity Lifestyle Properties,0,0,0
20130208,108820,ELS+C,NYSE,24.26632937,25.99,553,0,Equity Lifestyle Properties,0,0,0
20130211,108820,ELS+C,NYSE,24.18229822,25.9,865,0,Equity Lifestyle Properties,0,0,0
20130212,108820,ELS+C,NYSE,24.27566617,26,37,0,Equity Lifestyle Properties,0,0,0
20130213,108820,ELS+C,NYSE,24.25699258,25.98,46,0,Equity Lifestyle Properties,0,0,0
20130214,108820,ELS+C,NYSE,24.08893027,25.8,575,0,Equity Lifestyle Properties,0,0,0
20130215,108820,ELS+C,NYSE,24.2103086,25.93,442,0,Equity Lifestyle Properties,0,0,0
20130219,108820,ELS+C,NYSE,24.2103086,25.93,5,0,Equity Lifestyle Properties,0,0,0
20130220,108820,ELS+C,NYSE,24.2103086,25.93,13,0,Equity Lifestyle Properties,0,0,0
20130221,108820,ELS+C,NYSE,24.26632937,25.99,1,0,Equity Lifestyle Properties,0,0,0
20130222,108820,ELS+C,NYSE,24.36903411,26.1,1103,0,Equity Lifestyle Properties,0,0,0
20130225,108820,ELS+C,NYSE,24.49041244,26.23,7,0,Equity Lifestyle Properties,0,0,0
20130226,108820,ELS+C,NYSE,24.50908603,26.25,1075,0,Equity Lifestyle Properties,0,0,0
20130227,108820,ELS+C,NYSE,24.50908603,26.25,0,0,Equity Lifestyle Properties,0,0,0
20130228,108820,ELS+C,NYSE,24.59311718,26.34,1,0,Equity Lifestyle Properties,0,0,0
20130301,108820,ELS+C,NYSE,24.59311718,26.34,0,0,Equity Lifestyle Properties,0,0,0
20130304,108820,ELS+C,NYSE,24.60245398,26.35,2,0,Equity Lifestyle Properties,0,0,0
20130305,108820,ELS+C,NYSE,24.60245398,26.35,2,0,Equity Lifestyle Properties,0,0,0
20130306,108820,ELS+C,NYSE,24.37837091,26.11,2,0,Equity Lifestyle Properties,0,0,0
20130307,108820,ELS+C,NYSE,24.37837091,26.11,0,0,Equity Lifestyle Properties,0,0,0
20130308,108820,ELS+C,NYSE,24.36903411,26.1,16,0,Equity Lifestyle Properties,0,0,0
20130311,108820,ELS+C,NYSE,24.59311718,26.34,15,0,Equity Lifestyle Properties,0,0,0
20130312,108820,ELS+C,NYSE,24.59311718,26.34,45,0,Equity Lifestyle Properties,0,0,0
20130313,108820,ELS+C,NYSE,24.58378039,26.33,2,0,Equity Lifestyle Properties,0,0,0
20130314,108820,ELS+C,NYSE,24.50908603,26.25,11,0,Equity Lifestyle Properties,0,0,0
20130315,108820,ELS+C,NYSE,24.43439168,26.17,26,0,Equity Lifestyle Properties,0,0,0
20130318,108820,ELS+C,NYSE,24.58378039,26.33,19,0,Equity Lifestyle Properties,0,0,0
20130319,108820,ELS+C,NYSE,24.98421096,26.33,0,0,Equity Lifestyle Properties,0,0,0
20130320,108820,ELS+C,NYSE,24.63312255,25.96,109,0,Equity Lifestyle Properties,0,0,0
20130321,108820,ELS+C,NYSE,24.63312255,25.96,14,0,Equity Lifestyle Properties,0,0,0
20130322,108820,ELS+C,NYSE,24.66158917,25.99,16,0,Equity Lifestyle Properties,0,0,0
20130325,108820,ELS+C,NYSE,24.63312255,25.96,5,0,Equity Lifestyle Properties,0,0,0
20130326,108820,ELS+C,NYSE,24.62363367,25.95,8,0,Equity Lifestyle Properties,0,0,0
20130327,108820,ELS+C,NYSE,24.62363367,25.95,44,0,Equity Lifestyle Properties,0,0,0
20130328,108820,ELS+C,NYSE,24.50027828,25.82,6,0,Equity Lifestyle Properties,0,0,0
20130401,108820,ELS+C,NYSE,24.50027828,25.82,0,0,Equity Lifestyle Properties,0,0,0
20130402,108820,ELS+C,NYSE,24.50027828,25.82,5,0,Equity Lifestyle Properties,0,0,0
20130403,108820,ELS+C,NYSE,24.50027828,25.82,0,0,Equity Lifestyle Properties,0,0,0
20130404,108820,ELS+C,NYSE,24.61414479,25.94,57,0,Equity Lifestyle Properties,0,0,0
20130405,108820,ELS+C,NYSE,24.60465592,25.93,12,0,Equity Lifestyle Properties,0,0,0
20130408,108820,ELS+C,NYSE,24.6521003,25.98,9,0,Equity Lifestyle Properties,0,0,0
20130409,108820,ELS+C,NYSE,24.50976716,25.83,14,0,Equity Lifestyle Properties,0,0,0
20130410,108820,ELS+C,NYSE,24.57618929,25.9,8,0,Equity Lifestyle Properties,0,0,0
20130411,108820,ELS+C,NYSE,24.48130053,25.8,5,0,Equity Lifestyle Properties,0,0,0
20130412,108820,ELS+C,NYSE,24.33896738,25.65,2,0,Equity Lifestyle Properties,0,0,0
20130415,108820,ELS+C,NYSE,24.40538952,25.72,22,0,Equity Lifestyle Properties,0,0,0
20130416,108820,ELS+C,NYSE,24.52874491,25.85,5,0,Equity Lifestyle Properties,0,0,0
20130417,108820,ELS+C,NYSE,24.59516704,25.92,57,0,Equity Lifestyle Properties,0,0,0
20130418,108820,ELS+C,NYSE,24.59516704,25.92,0,0,Equity Lifestyle Properties,0,0,0
20130419,108820,ELS+C,NYSE,24.48130053,25.8,5,0,Equity Lifestyle Properties,0,0,0
20130422,108820,ELS+C,NYSE,24.43385615,25.75,25,0,Equity Lifestyle Properties,0,0,0
20130423,108820,ELS+C,NYSE,24.48130053,25.8,16,0,Equity Lifestyle Properties,0,0,0
20130424,108820,ELS+C,NYSE,24.62363367,25.95,42,0,Equity Lifestyle Properties,0,0,0
20130425,108820,ELS+C,NYSE,24.62363367,25.95,0,0,Equity Lifestyle Properties,0,0,0
20130426,108820,ELS+C,NYSE,24.53823378,25.86,16,0,Equity Lifestyle Properties,0,0,0
20130429,108820,ELS+C,NYSE,24.54772266,25.87,56,0,Equity Lifestyle Properties,0,0,0
20130430,108820,ELS+C,NYSE,24.55721154,25.88,31,0,Equity Lifestyle Properties,0,0,0
20130501,108820,ELS+C,NYSE,24.61414479,25.94,8,0,Equity Lifestyle Properties,0,0,0
20130502,108820,ELS+C,NYSE,24.57618929,25.9,41,0,Equity Lifestyle Properties,0,0,0
20130503,108820,ELS+C,NYSE,24.51925603,25.84,96,0,Equity Lifestyle Properties,0,0,0
20130506,108820,ELS+C,NYSE,24.52874491,25.85,100,0,Equity Lifestyle Properties,0,0,0
20130507,108820,ELS+C,NYSE,24.58567817,25.91,5,0,Equity Lifestyle Properties,0,0,0
20130508,108820,ELS+C,NYSE,24.61414479,25.94,444,0,Equity Lifestyle Properties,0,0,0
20130509,108820,ELS+C,NYSE,24.86085557,26.2,13,0,Equity Lifestyle Properties,0,0,0
20130510,108820,ELS+C,NYSE,25.13603298,26.49,271,0,Equity Lifestyle Properties,0,0,0
20130513,108820,ELS+C,NYSE,24.77545569,26.11,4,0,Equity Lifestyle Properties,0,0,0
20130514,108820,ELS+C,NYSE,24.99369984,26.34,12,0,Equity Lifestyle Properties,0,0,0
20130515,108820,ELS+C,NYSE,24.99369984,26.34,0,0,Equity Lifestyle Properties,0,0,0
20130516,108820,ELS+C,NYSE,24.67107805,26,1597,0,Equity Lifestyle Properties,0,0,0
20130517,108820,ELS+C,NYSE,24.78494457,26.12,4,0,Equity Lifestyle Properties,0,0,0
20130520,108820,ELS+C,NYSE,25.06961085,26.42,4,0,Equity Lifestyle Properties,0,0,0
20130521,108820,ELS+C,NYSE,24.86085557,26.2,27,0,Equity Lifestyle Properties,0,0,0
20130522,108820,ELS+C,NYSE,25.23092175,26.59,15,0,Equity Lifestyle Properties,0,0,0
20130523,108820,ELS+C,NYSE,25.17398849,26.53,2,0,Equity Lifestyle Properties,0,0,0
20130524,108820,ELS+C,NYSE,25.09807748,26.45,5,0,Equity Lifestyle Properties,0,0,0
20130528,108820,ELS+C,NYSE,25.02216647,26.37,4,0,Equity Lifestyle Properties,0,0,0
20130529,108820,ELS+C,NYSE,24.8513667,26.19,5,0,Equity Lifestyle Properties,0,0,0
20130530,108820,ELS+C,NYSE,24.89881108,26.24,6,0,Equity Lifestyle Properties,0,0,0
20130531,108820,ELS+C,NYSE,24.57618929,25.9,9,0,Equity Lifestyle Properties,0,0,0
20130603,108820,ELS+C,NYSE,24.50976716,25.83,38,0,Equity Lifestyle Properties,0,0,0
20130604,108820,ELS+C,NYSE,24.77545569,26.11,14,0,Equity Lifestyle Properties,0,0,0
20130605,108820,ELS+C,NYSE,24.77545569,26.11,18,0,Equity Lifestyle Properties,0,0,0
20130606,108820,ELS+C,NYSE,24.94625546,26.29,28,0,Equity Lifestyle Properties,0,0,0
20130607,108820,ELS+C,NYSE,24.43385615,25.75,3,0,Equity Lifestyle Properties,0,0,0
20130610,108820,ELS+C,NYSE,24.43385615,25.75,31,0,Equity Lifestyle Properties,0,0,0
20130611,108820,ELS+C,NYSE,24.43385615,25.75,16,0,Equity Lifestyle Properties,0,0,0
20130612,108820,ELS+C,NYSE,24.43385615,25.75,30,0,Equity Lifestyle Properties,0,0,0
20130613,108820,ELS+C,NYSE,24.44334502,25.76,9,0,Equity Lifestyle Properties,0,0,0
20130614,108820,ELS+C,NYSE,24.50976716,25.83,2,0,Equity Lifestyle Properties,0,0,0
20130617,108820,ELS+C,NYSE,24.66158917,25.99,12,0,Equity Lifestyle Properties,0,0,0
20130618,108820,ELS+C,NYSE,24.88536455,25.8,8,0,Equity Lifestyle Properties,0,0,0
20130619,108820,ELS+C,NYSE,25.07827435,26,5,0,Equity Lifestyle Properties,0,0,0
20130620,108820,ELS+C,NYSE,24.8371371,25.75,27,0,Equity Lifestyle Properties,0,0,0
20130621,108820,ELS+C,NYSE,25.04933788,25.97,18,0,Equity Lifestyle Properties,0,0,0
20130624,108820,ELS+C,NYSE,24.87571906,25.79,22,0,Equity Lifestyle Properties,0,0,0
20130625,108820,ELS+C,NYSE,24.87571906,25.79,1,0,Equity Lifestyle Properties,0,0,0
20130626,108820,ELS+C,NYSE,24.87571906,25.79,9,0,Equity Lifestyle Properties,0,0,0
20130627,108820,ELS+C,NYSE,24.87571906,25.79,8,0,Equity Lifestyle Properties,0,0,0
20130628,108820,ELS+C,NYSE,24.87571906,25.79,9,0,Equity Lifestyle Properties,0,0,0
20130701,108820,ELS+C,NYSE,24.87571906,25.79,0,0,Equity Lifestyle Properties,0,0,0
20130702,108820,ELS+C,NYSE,25.06862886,25.99,3,0,Equity Lifestyle Properties,0,0,0
20130703,108820,ELS+C,NYSE,25.06862886,25.99,0,0,Equity Lifestyle Properties,0,0,0
20130705,108820,ELS+C,NYSE,24.30663514,25.2,3,0,Equity Lifestyle Properties,0,0,0
20130708,108820,ELS+C,NYSE,24.31628063,25.21,2,0,Equity Lifestyle Properties,0,0,0
20130709,108820,ELS+C,NYSE,24.45131749,25.35,6,0,Equity Lifestyle Properties,0,0,0
20130710,108820,ELS+C,NYSE,24.48989945,25.39,6,0,Equity Lifestyle Properties,0,0,0
20130711,108820,ELS+C,NYSE,24.48989945,25.39,0,0,Equity Lifestyle Properties,0,0,0
20130712,108820,ELS+C,NYSE,24.76961866,25.68,6,0,Equity Lifestyle Properties,0,0,0
20130715,108820,ELS+C,NYSE,24.49954494,25.4,10,0,Equity Lifestyle Properties,0,0,0
20130716,108820,ELS+C,NYSE,24.78890964,25.7,3,0,Equity Lifestyle Properties,0,0,0
20130717,108820,ELS+C,NYSE,24.8371371,25.75,51,0,Equity Lifestyle Properties,0,0,0
20130718,108820,ELS+C,NYSE,24.59599984,25.5,102,0,Equity Lifestyle Properties,0,0,0
20130719,108820,ELS+C,NYSE,24.71174572,25.62,4,0,Equity Lifestyle Properties,0,0,0
20130722,108820,ELS+C,NYSE,24.82749161,25.74,15,0,Equity Lifestyle Properties,0,0,0
20130723,108820,ELS+C,NYSE,24.51883592,25.42,54,0,Equity Lifestyle Properties,0,0,0
20130724,108820,ELS+C,NYSE,24.32592612,25.22,6,0,Equity Lifestyle Properties,0,0,0
20130725,108820,ELS+C,NYSE,24.49954494,25.4,9,0,Equity Lifestyle Properties,0,0,0
20130726,108820,ELS+C,NYSE,24.30663514,25.2,21,0,Equity Lifestyle Properties,0,0,0
20130729,108820,ELS+C,NYSE,24.35486259,25.25,552,0,Equity Lifestyle Properties,0,0,0
20130730,108820,ELS+C,NYSE,24.30663514,25.2,87,0,Equity Lifestyle Properties,0,0,0
20130731,108820,ELS+C,NYSE,24.48025396,25.38,140,0,Equity Lifestyle Properties,0,0,0
20130801,108820,ELS+C,NYSE,24.36450808,25.26,4,0,Equity Lifestyle Properties,0,0,0
20130802,108820,ELS+C,NYSE,24.30663514,25.2,25,0,Equity Lifestyle Properties,0,0,0
20130805,108820,ELS+C,NYSE,24.54777239,25.45,45,0,Equity Lifestyle Properties,0,0,0
20130806,108820,ELS+C,NYSE,24.36450808,25.26,5,0,Equity Lifestyle Properties,0,0,0
20130807,108820,ELS+C,NYSE,24.25840769,25.15,39,0,Equity Lifestyle Properties,0,0,0
20130808,108820,ELS+C,NYSE,23.92081553,24.8,1,0,Equity Lifestyle Properties,0,0,0
20130809,108820,ELS+C,NYSE,24.01727043,24.9,29,0,Equity Lifestyle Properties,0,0,0
20130812,108820,ELS+C,NYSE,23.58322338,24.45,53,0,Equity Lifestyle Properties,0,0,0
20130813,108820,ELS+C,NYSE,23.72790573,24.6,17,0,Equity Lifestyle Properties,0,0,0
20130814,108820,ELS+C,NYSE,23.82436063,24.7,8,0,Equity Lifestyle Properties,0,0,0
20130815,108820,ELS+C,NYSE,23.58322338,24.45,9,0,Equity Lifestyle Properties,0,0,0
20130816,108820,ELS+C,NYSE,23.63145083,24.5,18,0,Equity Lifestyle Properties,0,0,0
20130819,108820,ELS+C,NYSE,23.54464142,24.41,37,0,Equity Lifestyle Properties,0,0,0
20130820,108820,ELS+C,NYSE,23.41925005,24.28,76,0,Equity Lifestyle Properties,0,0,0
20130821,108820,ELS+C,NYSE,22.94662103,23.79,22,0,Equity Lifestyle Properties,0,0,0
20130822,108820,ELS+C,NYSE,23.08165789,23.93,32,0,Equity Lifestyle Properties,0,0,0
20130823,108820,ELS+C,NYSE,22.95626652,23.8,47,0,Equity Lifestyle Properties,0,0,0
20130826,108820,ELS+C,NYSE,22.3871826,23.21,31,0,Equity Lifestyle Properties,0,0,0
20130827,108820,ELS+C,NYSE,22.46434652,23.29,18,0,Equity Lifestyle Properties,0,0,0
20130828,108820,ELS+C,NYSE,21.92419907,22.73,25,0,Equity Lifestyle Properties,0,0,0
20130829,108820,ELS+C,NYSE,22.36789162,23.19,34,0,Equity Lifestyle Properties,0,0,0
20130830,108820,ELS+C,NYSE,22.1942728,23.01,1,0,Equity Lifestyle Properties,0,0,0
20130903,108820,ELS+C,NYSE,22.22320927,23.04,1,0,Equity Lifestyle Properties,0,0,0
20130904,108820,ELS+C,NYSE,22.42576456,23.25,12,0,Equity Lifestyle Properties,0,0,0
20130905,108820,ELS+C,NYSE,22.28108221,23.1,19,0,Equity Lifestyle Properties,0,0,0
20130906,108820,ELS+C,NYSE,22.57044691,23.4,16,0,Equity Lifestyle Properties,0,0,0
20130909,108820,ELS+C,NYSE,22.42576456,23.25,6,0,Equity Lifestyle Properties,0,0,0
20130910,108820,ELS+C,NYSE,22.5800924,23.41,5,0,Equity Lifestyle Properties,0,0,0
20130911,108820,ELS+C,NYSE,22.60902887,23.44,4,0,Equity Lifestyle Properties,0,0,0
20130912,108820,ELS+C,NYSE,22.54151044,23.37,5,0,Equity Lifestyle Properties,0,0,0
20130913,108820,ELS+C,NYSE,22.40647358,23.23,31,0,Equity Lifestyle Properties,0,0,0
20130916,108820,ELS+C,NYSE,22.79229319,23.63,16,0,Equity Lifestyle Properties,0,0,0
20130917,108820,ELS+C,NYSE,22.66690182,23.5,2,0,Equity Lifestyle Properties,0,0,0
20130918,108820,ELS+C,NYSE,23.03227522,23.45,15,0,Equity Lifestyle Properties,0,0,0
20130919,108820,ELS+C,NYSE,22.68850992,23.1,3,0,Equity Lifestyle Properties,0,0,0
20130920,108820,ELS+C,NYSE,22.74744111,23.16,36,0,Equity Lifestyle Properties,0,0,0
20130923,108820,ELS+C,NYSE,22.78672858,23.2,4,0,Equity Lifestyle Properties,0,0,0
20130924,108820,ELS+C,NYSE,22.9242347,23.34,9,0,Equity Lifestyle Properties,0,0,0
20130925,108820,ELS+C,NYSE,22.88494724,23.3,19,0,Equity Lifestyle Properties,0,0,0
20130926,108820,ELS+C,NYSE,23.56265597,23.99,107,0,Equity Lifestyle Properties,0,0,0
20130927,108820,ELS+C,NYSE,22.88494724,23.3,6,0,Equity Lifestyle Properties,0,0,0
20130930,108820,ELS+C,NYSE,22.78672858,23.2,14,0,Equity Lifestyle Properties,0,0,0
20131001,108820,ELS+C,NYSE,22.71797552,23.13,9,0,Equity Lifestyle Properties,0,0,0
20131002,108820,ELS+C,NYSE,22.98316589,23.4,4,0,Equity Lifestyle Properties,0,0,0
20131003,108820,ELS+C,NYSE,22.98316589,23.4,0,0,Equity Lifestyle Properties,0,0,0
20131004,108820,ELS+C,NYSE,22.98316589,23.4,0,0,Equity Lifestyle Properties,0,0,0
20131007,108820,ELS+C,NYSE,23.47425918,23.9,39,0,Equity Lifestyle Properties,0,0,0
20131008,108820,ELS+C,NYSE,23.46443732,23.89,13,0,Equity Lifestyle Properties,0,0,0
20131009,108820,ELS+C,NYSE,23.33675306,23.76,4,0,Equity Lifestyle Properties,0,0,0
20131010,108820,ELS+C,NYSE,22.88494724,23.3,15,0,Equity Lifestyle Properties,0,0,0
20131011,108820,ELS+C,NYSE,23.06174082,23.48,2,0,Equity Lifestyle Properties,0,0,0
20131014,108820,ELS+C,NYSE,23.09120642,23.51,12,0,Equity Lifestyle Properties,0,0,0
20131015,108820,ELS+C,NYSE,23.51354664,23.94,12,0,Equity Lifestyle Properties,0,0,0
20131016,108820,ELS+C,NYSE,23.6117653,24.04,9,0,Equity Lifestyle Properties,0,0,0
20131017,108820,ELS+C,NYSE,23.60194344,24.03,4,0,Equity Lifestyle Properties,0,0,0
20131018,108820,ELS+C,NYSE,23.16978134,23.59,7,0,Equity Lifestyle Properties,0,0,0
20131021,108820,ELS+C,NYSE,23.17960321,23.6,14,0,Equity Lifestyle Properties,0,0,0
20131022,108820,ELS+C,NYSE,23.17960321,23.6,0,0,Equity Lifestyle Properties,0,0,0
20131023,108820,ELS+C,NYSE,23.10102828,23.52,18,0,Equity Lifestyle Properties,0,0,0
20131024,108820,ELS+C,NYSE,23.08138455,23.5,3,0,Equity Lifestyle Properties,0,0,0
20131025,108820,ELS+C,NYSE,23.08138455,23.5,0,0,Equity Lifestyle Properties,0,0,0
20131028,108820,ELS+C,NYSE,23.32693119,23.75,1,0,Equity Lifestyle Properties,0,0,0
20131029,108820,ELS+C,NYSE,22.93405656,23.35,51,0,Equity Lifestyle Properties,0,0,0
20131030,108820,ELS+C,NYSE,22.79655044,23.21,7,0,Equity Lifestyle Properties,0,0,0
20131031,108820,ELS+C,NYSE,23.56265597,23.99,15,0,Equity Lifestyle Properties,0,0,0
20131101,108820,ELS+C,NYSE,23.56265597,23.99,0,0,Equity Lifestyle Properties,0,0,0
20131104,108820,ELS+C,NYSE,23.56265597,23.99,0,0,Equity Lifestyle Properties,0,0,0
20131105,108820,ELS+C,NYSE,23.56265597,23.99,0,0,Equity Lifestyle Properties,0,0,0
20131106,108820,ELS+C,NYSE,23.03227522,23.45,2037,0,Equity Lifestyle Properties,0,0,0
20131107,108820,ELS+C,NYSE,23.27782187,23.7,2,0,Equity Lifestyle Properties,0,0,0
20131108,108820,ELS+C,NYSE,23.27782187,23.7,30,0,Equity Lifestyle Properties,0,0,0
20131111,108820,ELS+C,NYSE,23.30728746,23.73,34,0,Equity Lifestyle Properties,0,0,0
20131112,108820,ELS+C,NYSE,23.09120642,23.51,7,0,Equity Lifestyle Properties,0,0,0
20131113,108820,ELS+C,NYSE,23.09120642,23.51,7,0,Equity Lifestyle Properties,0,0,0
20131114,108820,ELS+C,NYSE,23.25817813,23.68,31,0,Equity Lifestyle Properties,0,0,0
20131115,108820,ELS+C,NYSE,23.57247784,24,11,0,Equity Lifestyle Properties,0,0,0
20131118,108820,ELS+C,NYSE,23.51354664,23.94,29,0,Equity Lifestyle Properties,0,0,0
20131119,108820,ELS+C,NYSE,23.13049388,23.55,36,0,Equity Lifestyle Properties,0,0,0
20131120,108820,ELS+C,NYSE,23.13049388,23.55,0,0,Equity Lifestyle Properties,0,0,0
20131121,108820,ELS+C,NYSE,23.17960321,23.6,10,0,Equity Lifestyle Properties,0,0,0
20131122,108820,ELS+C,NYSE,23.03227522,23.45,85,0,Equity Lifestyle Properties,0,0,0
20131125,108820,ELS+C,NYSE,22.91441283,23.33,6,0,Equity Lifestyle Properties,0,0,0
20131126,108820,ELS+C,NYSE,22.88494724,23.3,34,0,Equity Lifestyle Properties,0,0,0
20131127,108820,ELS+C,NYSE,22.87512537,23.29,66,0,Equity Lifestyle Properties,0,0,0
20131129,108820,ELS+C,NYSE,22.60993499,23.02,2,0,Equity Lifestyle Properties,0,0,0
20131202,108820,ELS+C,NYSE,22.68850992,23.1,11,0,Equity Lifestyle Properties,0,0,0
20131203,108820,ELS+C,NYSE,22.94387843,23.36,35,0,Equity Lifestyle Properties,0,0,0
20131204,108820,ELS+C,NYSE,23.10102828,23.52,67,0,Equity Lifestyle Properties,0,0,0
20131205,108820,ELS+C,NYSE,23.08138455,23.5,38,0,Equity Lifestyle Properties,0,0,0
20131206,108820,ELS+C,NYSE,23.268,23.69,155,0,Equity Lifestyle Properties,0,0,0
20131209,108820,ELS+C,NYSE,23.48,23.48,36,0,Equity Lifestyle Properties,0,0,0
20131210,108820,ELS+C,NYSE,23.25,23.25,12,0,Equity Lifestyle Properties,0,0,0
20131211,108820,ELS+C,NYSE,23.25,23.25,26,0,Equity Lifestyle Properties,0,0,0
20131212,108820,ELS+C,NYSE,23.28,23.28,4281,0,Equity Lifestyle Properties,0,0,0
20131213,108820,ELS+C,NYSE,23.1,23.1,9,0,Equity Lifestyle Properties,0,0,0
20131216,108820,ELS+C,NYSE,23.05,23.05,22,0,Equity Lifestyle Properties,0,0,0
20131217,108820,ELS+C,NYSE,23,23,190,0,Equity Lifestyle Properties,0,0,0
20131218,108820,ELS+C,NYSE,22.95,22.95,7,0,Equity Lifestyle Properties,0,0,0
20131219,108820,ELS+C,NYSE,23,23,47,0,Equity Lifestyle Properties,0,0,0
20131220,108820,ELS+C,NYSE,23,23,158,0,Equity Lifestyle Properties,0,0,0
20131223,108820,ELS+C,NYSE,23,23,170,0,Equity Lifestyle Properties,0,0,0
20131224,108820,ELS+C,NYSE,23.23,23.23,8,0,Equity Lifestyle Properties,0,0,0
20131226,108820,ELS+C,NYSE,23.21,23.21,3,0,Equity Lifestyle Properties,0,0,0
20131227,108820,ELS+C,NYSE,23.1,23.1,28,0,Equity Lifestyle Properties,0,0,0
20131230,108820,ELS+C,NYSE,22.83,22.83,14,0,Equity Lifestyle Properties,0,0,0
20131231,108820,ELS+C,NYSE,23.1,23.1,16,0,Equity Lifestyle Properties,0,0,0
20140102,108820,ELS+C,NYSE,22.81,22.81,23,0,Equity Lifestyle Properties,0,0,0
20140103,108820,ELS+C,NYSE,23,23,10,0,Equity Lifestyle Properties,0,0,0
20140106,108820,ELS+C,NYSE,23.1,23.1,20,0,Equity Lifestyle Properties,0,0,0
20140107,108820,ELS+C,NYSE,23,23,31,0,Equity Lifestyle Properties,0,0,0
20140108,108820,ELS+C,NYSE,22.75,22.75,4,0,Equity Lifestyle Properties,0,0,0
20140109,108820,ELS+C,NYSE,23,23,33,0,Equity Lifestyle Properties,0,0,0
20140110,108820,ELS+C,NYSE,23.19,23.19,93,0,Equity Lifestyle Properties,0,0,0
20140113,108820,ELS+C,NYSE,23.47,23.47,118,0,Equity Lifestyle Properties,0,0,0
20140114,108820,ELS+C,NYSE,23.15,23.15,9,0,Equity Lifestyle Properties,0,0,0
20140115,108820,ELS+C,NYSE,23.65,23.65,8,0,Equity Lifestyle Properties,0,0,0
20140116,108820,ELS+C,NYSE,23.42,23.42,15,0,Equity Lifestyle Properties,0,0,0
20140117,108820,ELS+C,NYSE,23.82,23.82,2,0,Equity Lifestyle Properties,0,0,0
20140121,108820,ELS+C,NYSE,23.2,23.2,18,0,Equity Lifestyle Properties,0,0,0
20140122,108820,ELS+C,NYSE,23.2,23.2,0,0,Equity Lifestyle Properties,0,0,0
20140123,108820,ELS+C,NYSE,23.85,23.85,3,0,Equity Lifestyle Properties,0,0,0
20140124,108820,ELS+C,NYSE,23.5,23.5,36,0,Equity Lifestyle Properties,0,0,0
20140127,108820,ELS+C,NYSE,23.4,23.4,11,0,Equity Lifestyle Properties,0,0,0
20140128,108820,ELS+C,NYSE,23.65,23.65,21,0,Equity Lifestyle Properties,0,0,0
20140129,108820,ELS+C,NYSE,23.65,23.65,0,0,Equity Lifestyle Properties,0,0,0
20140130,108820,ELS+C,NYSE,23.25,23.25,180,0,Equity Lifestyle Properties,0,0,0
20140131,108820,ELS+C,NYSE,23.25,23.25,0,0,Equity Lifestyle Properties,0,0,0
20140203,108820,ELS+C,NYSE,23.39,23.39,20,0,Equity Lifestyle Properties,0,0,0
20140204,108820,ELS+C,NYSE,23.3,23.3,18,0,Equity Lifestyle Properties,0,0,0
20140205,108820,ELS+C,NYSE,23.36,23.36,5,0,Equity Lifestyle Properties,0,0,0
20140206,108820,ELS+C,NYSE,23.35,23.35,3,0,Equity Lifestyle Properties,0,0,0
20140207,108820,ELS+C,NYSE,23.15,23.15,3,0,Equity Lifestyle Properties,0,0,0
20140210,108820,ELS+C,NYSE,23.15,23.15,0,0,Equity Lifestyle Properties,0,0,0
20140211,108820,ELS+C,NYSE,23.64,23.64,7,0,Equity Lifestyle Properties,0,0,0
20140212,108820,ELS+C,NYSE,23.52,23.52,27,0,Equity Lifestyle Properties,0,0,0
20140213,108820,ELS+C,NYSE,23.52,23.52,0,0,Equity Lifestyle Properties,0,0,0
20140214,108820,ELS+C,NYSE,23.5,23.5,2,0,Equity Lifestyle Properties,0,0,0
20140218,108820,ELS+C,NYSE,23.91,23.91,6,0,Equity Lifestyle Properties,0,0,0
20140219,108820,ELS+C,NYSE,23.91,23.91,0,0,Equity Lifestyle Properties,0,0,0
20140220,108820,ELS+C,NYSE,23.95,23.95,15,0,Equity Lifestyle Properties,0,0,0
20140221,108820,ELS+C,NYSE,24.15,24.15,6,0,Equity Lifestyle Properties,0,0,0
20140224,108820,ELS+C,NYSE,24,24,22,0,Equity Lifestyle Properties,0,0,0
20140225,108820,ELS+C,NYSE,24.38,24.38,76,0,Equity Lifestyle Properties,0,0,0
20140226,108820,ELS+C,NYSE,24.15,24.15,50,0,Equity Lifestyle Properties,0,0,0
20140227,108820,ELS+C,NYSE,24.05,24.05,32,0,Equity Lifestyle Properties,0,0,0
20140228,108820,ELS+C,NYSE,23.9,23.9,16,0,Equity Lifestyle Properties,0,0,0
20140303,108820,ELS+C,NYSE,24.03,24.03,6,0,Equity Lifestyle Properties,0,0,0
20140304,108820,ELS+C,NYSE,24.05,24.05,15,0,Equity Lifestyle Properties,0,0,0
20140305,108820,ELS+C,NYSE,23.99,23.99,33,0,Equity Lifestyle Properties,0,0,0
20140306,108820,ELS+C,NYSE,23.8,23.8,120,0,Equity Lifestyle Properties,0,0,0
20140307,108820,ELS+C,NYSE,23.65,23.65,64,0,Equity Lifestyle Properties,0,0,0
