DDate,CSINumber,Symbol,Exchange,DClose,UnAdjustedClose,TotalVolume,Cash,MarketName,PTB,PSR,DPS
20120803,109549,PTXKY,OTC,14.06485139,14.45,2,0,PT Xl Axiata Tbk,0,0,0
20120806,109549,PTXKY,OTC,12.83843528,13.19,3,0,PT Xl Axiata Tbk,0,0,0
20120807,109549,PTXKY,OTC,14.41525599,14.81,12,0,PT Xl Axiata Tbk,0,0,0
20120808,109549,PTXKY,OTC,14.41525599,14.81,0,0,PT Xl Axiata Tbk,0,0,0
20120809,109549,PTXKY,OTC,14.41525599,14.81,0,0,PT Xl Axiata Tbk,0,0,0
20120810,109549,PTXKY,OTC,14.50285714,14.9,5,0,PT Xl Axiata Tbk,0,0,0
20120813,109549,PTXKY,OTC,14.50285714,14.9,0,0,PT Xl Axiata Tbk,0,0,0
20120814,109549,PTXKY,OTC,13.62684564,14,2,0,PT Xl Axiata Tbk,0,0,0
20120815,109549,PTXKY,OTC,12.42962991,12.77,68,0,PT Xl Axiata Tbk,0,0,0
20120816,109549,PTXKY,OTC,14.06485139,14.45,812,0,PT Xl Axiata Tbk,0,0,0
20120817,109549,PTXKY,OTC,14.71699329,15.12,3,0,PT Xl Axiata Tbk,0,0,0
20120820,109549,PTXKY,OTC,14.01618408,14.4,9,0,PT Xl Axiata Tbk,0,0,0
20120821,109549,PTXKY,OTC,14.01618408,14.4,0,0,PT Xl Axiata Tbk,0,0,0
20120822,109549,PTXKY,OTC,13.87018217,14.25,9,0,PT Xl Axiata Tbk,0,0,0
20120823,109549,PTXKY,OTC,14.40552253,14.8,41,0,PT Xl Axiata Tbk,0,0,0
20120824,109549,PTXKY,OTC,14.60019175,15,5,0,PT Xl Axiata Tbk,0,0,0
20120827,109549,PTXKY,OTC,14.60019175,15,0,0,PT Xl Axiata Tbk,0,0,0
20120828,109549,PTXKY,OTC,14.60019175,15,0,0,PT Xl Axiata Tbk,0,0,0
20120829,109549,PTXKY,OTC,15.42753595,15.85,3,0,PT Xl Axiata Tbk,0,0,0
20120830,109549,PTXKY,OTC,13.91884947,14.3,20,0,PT Xl Axiata Tbk,0,0,0
20120831,109549,PTXKY,OTC,15.74874017,16.18,2,0,PT Xl Axiata Tbk,0,0,0
20120904,109549,PTXKY,OTC,14.86299521,15.27,18,0,PT Xl Axiata Tbk,0,0,0
20120905,109549,PTXKY,OTC,14.86299521,15.27,48,0,PT Xl Axiata Tbk,0,0,0
20120906,109549,PTXKY,OTC,14.85326174,15.26,6,0,PT Xl Axiata Tbk,0,0,0
20120907,109549,PTXKY,OTC,14.85326174,15.26,0,0,PT Xl Axiata Tbk,0,0,0
20120910,109549,PTXKY,OTC,14.60019175,15,4,0,PT Xl Axiata Tbk,0,0,0
20120911,109549,PTXKY,OTC,14.60992522,15.01,14,0,PT Xl Axiata Tbk,0,0,0
20120912,109549,PTXKY,OTC,14.60992522,15.01,0,0,PT Xl Axiata Tbk,0,0,0
20120913,109549,PTXKY,OTC,14.60992522,15.01,5,0,PT Xl Axiata Tbk,0,0,0
20120914,109549,PTXKY,OTC,14.71699329,15.12,3,0,PT Xl Axiata Tbk,0,0,0
20120917,109549,PTXKY,OTC,14.69752637,15.1,8,0,PT Xl Axiata Tbk,0,0,0
20120918,109549,PTXKY,OTC,14.07458485,14.46,4,0,PT Xl Axiata Tbk,0,0,0
20120919,109549,PTXKY,OTC,13.34457526,13.71,2,0,PT Xl Axiata Tbk,0,0,0
20120920,109549,PTXKY,OTC,14.61965868,15.02,6,0,PT Xl Axiata Tbk,0,0,0
20120921,109549,PTXKY,OTC,14.35685523,14.75,39,0,PT Xl Axiata Tbk,0,0,0
20120924,109549,PTXKY,OTC,14.40552253,14.8,2,0,PT Xl Axiata Tbk,0,0,0
20120925,109549,PTXKY,OTC,14.35685523,14.75,1,0,PT Xl Axiata Tbk,0,0,0
20120926,109549,PTXKY,OTC,13.13043912,13.49,22,0,PT Xl Axiata Tbk,0,0,0
20120927,109549,PTXKY,OTC,13.96751678,14.35,40,0,PT Xl Axiata Tbk,0,0,0
20120928,109549,PTXKY,OTC,13.13043912,13.49,16,0,PT Xl Axiata Tbk,0,0,0
20121001,109549,PTXKY,OTC,13.20830681,13.57,18,0,PT Xl Axiata Tbk,0,0,0
20121002,109549,PTXKY,OTC,13.20830681,13.57,20,0,PT Xl Axiata Tbk,0,0,0
20121003,109549,PTXKY,OTC,13.74364717,14.12,2,0,PT Xl Axiata Tbk,0,0,0
20121004,109549,PTXKY,OTC,13.32510834,13.69,26,0,PT Xl Axiata Tbk,0,0,0
20121005,109549,PTXKY,OTC,13.32510834,13.69,9,0,PT Xl Axiata Tbk,0,0,0
20121008,109549,PTXKY,OTC,14.32765484,14.72,2,0,PT Xl Axiata Tbk,0,0,0
20121009,109549,PTXKY,OTC,14.32765484,14.72,0,0,PT Xl Axiata Tbk,0,0,0
20121010,109549,PTXKY,OTC,14.32765484,14.72,0,0,PT Xl Axiata Tbk,0,0,0
20121011,109549,PTXKY,OTC,14.03565101,14.42,22,0,PT Xl Axiata Tbk,0,0,0
20121012,109549,PTXKY,OTC,13.62684564,14,21,0,PT Xl Axiata Tbk,0,0,0
20121015,109549,PTXKY,OTC,14.288721,14.68,4,0,PT Xl Axiata Tbk,0,0,0
20121016,109549,PTXKY,OTC,14.39578907,14.79,5,0,PT Xl Axiata Tbk,0,0,0
20121017,109549,PTXKY,OTC,14.71699329,15.12,46,0,PT Xl Axiata Tbk,0,0,0
20121018,109549,PTXKY,OTC,13.86044871,14.24,2,0,PT Xl Axiata Tbk,0,0,0
20121019,109549,PTXKY,OTC,13.86044871,14.24,0,0,PT Xl Axiata Tbk,0,0,0
20121022,109549,PTXKY,OTC,15.20366635,15.62,2,0,PT Xl Axiata Tbk,0,0,0
20121023,109549,PTXKY,OTC,14.88246213,15.29,5,0,PT Xl Axiata Tbk,0,0,0
20121024,109549,PTXKY,OTC,14.40552253,14.8,10,0,PT Xl Axiata Tbk,0,0,0
20121025,109549,PTXKY,OTC,13.9383164,14.32,24,0,PT Xl Axiata Tbk,0,0,0
20121026,109549,PTXKY,OTC,14.30818792,14.7,11,0,PT Xl Axiata Tbk,0,0,0
20121031,109549,PTXKY,OTC,13.79231448,14.17,7,0,PT Xl Axiata Tbk,0,0,0
20121101,109549,PTXKY,OTC,12.65349952,13,16,0,PT Xl Axiata Tbk,0,0,0
20121102,109549,PTXKY,OTC,13.14017258,13.5,33,0,PT Xl Axiata Tbk,0,0,0
20121105,109549,PTXKY,OTC,12.5074976,12.85,13,0,PT Xl Axiata Tbk,0,0,0
20121106,109549,PTXKY,OTC,12.55616491,12.9,10,0,PT Xl Axiata Tbk,0,0,0
20121107,109549,PTXKY,OTC,12.89683605,13.25,3,0,PT Xl Axiata Tbk,0,0,0
20121108,109549,PTXKY,OTC,12.89683605,13.25,23,0,PT Xl Axiata Tbk,0,0,0
20121109,109549,PTXKY,OTC,12.89683605,13.25,10,0,PT Xl Axiata Tbk,0,0,0
20121112,109549,PTXKY,OTC,12.99417066,13.35,2,0,PT Xl Axiata Tbk,0,0,0
20121113,109549,PTXKY,OTC,12.99417066,13.35,17,0,PT Xl Axiata Tbk,0,0,0
20121114,109549,PTXKY,OTC,13.12070566,13.48,43,0,PT Xl Axiata Tbk,0,0,0
20121115,109549,PTXKY,OTC,12.92603643,13.28,104,0,PT Xl Axiata Tbk,0,0,0
20121116,109549,PTXKY,OTC,12.92603643,13.28,0,0,PT Xl Axiata Tbk,0,0,0
20121119,109549,PTXKY,OTC,12.4588303,12.8,63,0,PT Xl Axiata Tbk,0,0,0
20121120,109549,PTXKY,OTC,12.65349952,13,12,0,PT Xl Axiata Tbk,0,0,0
20121121,109549,PTXKY,OTC,12.84816874,13.2,16,0,PT Xl Axiata Tbk,0,0,0
20121123,109549,PTXKY,OTC,12.65349952,13,4,0,PT Xl Axiata Tbk,0,0,0
20121126,109549,PTXKY,OTC,12.65349952,13,0,0,PT Xl Axiata Tbk,0,0,0
20121127,109549,PTXKY,OTC,12.17655992,12.51,3,0,PT Xl Axiata Tbk,0,0,0
20121128,109549,PTXKY,OTC,12.66323298,13.01,3,0,PT Xl Axiata Tbk,0,0,0
20121129,109549,PTXKY,OTC,12.09869223,12.43,21,0,PT Xl Axiata Tbk,0,0,0
20121130,109549,PTXKY,OTC,10.12279962,10.4,18,0,PT Xl Axiata Tbk,0,0,0
20121203,109549,PTXKY,OTC,11.57308533,11.89,17,0,PT Xl Axiata Tbk,0,0,0
20121204,109549,PTXKY,OTC,12.157093,12.49,116,0,PT Xl Axiata Tbk,0,0,0
20121205,109549,PTXKY,OTC,12.30309492,12.64,6,0,PT Xl Axiata Tbk,0,0,0
20121206,109549,PTXKY,OTC,12.16682646,12.5,5,0,PT Xl Axiata Tbk,0,0,0
20121207,109549,PTXKY,OTC,11.95269032,12.28,60,0,PT Xl Axiata Tbk,0,0,0
20121210,109549,PTXKY,OTC,12.02082454,12.35,24,0,PT Xl Axiata Tbk,0,0,0
20121211,109549,PTXKY,OTC,12.03055801,12.36,2,0,PT Xl Axiata Tbk,0,0,0
20121212,109549,PTXKY,OTC,12.03055801,12.36,0,0,PT Xl Axiata Tbk,0,0,0
20121213,109549,PTXKY,OTC,11.88455609,12.21,29,0,PT Xl Axiata Tbk,0,0,0
20121214,109549,PTXKY,OTC,12.08895877,12.42,11,0,PT Xl Axiata Tbk,0,0,0
20121217,109549,PTXKY,OTC,11.82615532,12.15,52,0,PT Xl Axiata Tbk,0,0,0
20121218,109549,PTXKY,OTC,11.67041994,11.99,5,0,PT Xl Axiata Tbk,0,0,0
20121219,109549,PTXKY,OTC,11.35894919,11.67,32,0,PT Xl Axiata Tbk,0,0,0
20121220,109549,PTXKY,OTC,11.35894919,11.67,26,0,PT Xl Axiata Tbk,0,0,0
20121221,109549,PTXKY,OTC,10.95987728,11.26,42,0,PT Xl Axiata Tbk,0,0,0
20121224,109549,PTXKY,OTC,11.08641227,11.39,11,0,PT Xl Axiata Tbk,0,0,0
20121226,109549,PTXKY,OTC,11.16427996,11.47,30,0,PT Xl Axiata Tbk,0,0,0
20121227,109549,PTXKY,OTC,11.16427996,11.47,0,0,PT Xl Axiata Tbk,0,0,0
20121228,109549,PTXKY,OTC,11.58281879,11.9,58,0,PT Xl Axiata Tbk,0,0,0
20121231,109549,PTXKY,OTC,11.62175264,11.94,14,0,PT Xl Axiata Tbk,0,0,0
20130102,109549,PTXKY,OTC,11.66068648,11.98,186,0,PT Xl Axiata Tbk,0,0,0
20130103,109549,PTXKY,OTC,11.72882071,12.05,45,0,PT Xl Axiata Tbk,0,0,0
20130104,109549,PTXKY,OTC,11.65095302,11.97,3,0,PT Xl Axiata Tbk,0,0,0
20130107,109549,PTXKY,OTC,11.54388495,11.86,23,0,PT Xl Axiata Tbk,0,0,0
20130108,109549,PTXKY,OTC,11.54388495,11.86,7,0,PT Xl Axiata Tbk,0,0,0
20130109,109549,PTXKY,OTC,11.14481304,11.45,5,0,PT Xl Axiata Tbk,0,0,0
20130110,109549,PTXKY,OTC,11.55361841,11.87,32,0,PT Xl Axiata Tbk,0,0,0
20130111,109549,PTXKY,OTC,11.58281879,11.9,4,0,PT Xl Axiata Tbk,0,0,0
20130114,109549,PTXKY,OTC,11.87482263,12.2,72,0,PT Xl Axiata Tbk,0,0,0
20130115,109549,PTXKY,OTC,11.53415149,11.85,79,0,PT Xl Axiata Tbk,0,0,0
20130116,109549,PTXKY,OTC,11.43681687,11.75,5,0,PT Xl Axiata Tbk,0,0,0
20130117,109549,PTXKY,OTC,11.40761649,11.72,20,0,PT Xl Axiata Tbk,0,0,0
20130118,109549,PTXKY,OTC,11.18374688,11.49,28,0,PT Xl Axiata Tbk,0,0,0
20130122,109549,PTXKY,OTC,11.19348035,11.5,30,0,PT Xl Axiata Tbk,0,0,0
20130123,109549,PTXKY,OTC,10.8041419,11.1,21,0,PT Xl Axiata Tbk,0,0,0
20130124,109549,PTXKY,OTC,10.8041419,11.1,2,0,PT Xl Axiata Tbk,0,0,0
20130125,109549,PTXKY,OTC,10.8528092,11.15,32,0,PT Xl Axiata Tbk,0,0,0
20130128,109549,PTXKY,OTC,10.78467498,11.08,9,0,PT Xl Axiata Tbk,0,0,0
20130129,109549,PTXKY,OTC,10.70680729,11,11,0,PT Xl Axiata Tbk,0,0,0
20130130,109549,PTXKY,OTC,10.8528092,11.15,14,0,PT Xl Axiata Tbk,0,0,0
20130131,109549,PTXKY,OTC,10.08386577,10.36,29,0,PT Xl Axiata Tbk,0,0,0
20130201,109549,PTXKY,OTC,10.77494151,11.07,10,0,PT Xl Axiata Tbk,0,0,0
20130204,109549,PTXKY,OTC,10.83334228,11.13,84,0,PT Xl Axiata Tbk,0,0,0
20130205,109549,PTXKY,OTC,10.8528092,11.15,190,0,PT Xl Axiata Tbk,0,0,0
20130206,109549,PTXKY,OTC,10.90147651,11.2,58,0,PT Xl Axiata Tbk,0,0,0
20130207,109549,PTXKY,OTC,10.55107191,10.84,3,0,PT Xl Axiata Tbk,0,0,0
20130208,109549,PTXKY,OTC,11.19348035,11.5,138,0,PT Xl Axiata Tbk,0,0,0
20130211,109549,PTXKY,OTC,11.42708341,11.74,37,0,PT Xl Axiata Tbk,0,0,0
20130212,109549,PTXKY,OTC,12.17655992,12.51,9,0,PT Xl Axiata Tbk,0,0,0
20130213,109549,PTXKY,OTC,11.81642186,12.14,6,0,PT Xl Axiata Tbk,0,0,0
20130214,109549,PTXKY,OTC,11.6314861,11.95,106,0,PT Xl Axiata Tbk,0,0,0
20130215,109549,PTXKY,OTC,11.56335187,11.88,501,0,PT Xl Axiata Tbk,0,0,0
20130219,109549,PTXKY,OTC,10.93067689,11.23,18,0,PT Xl Axiata Tbk,0,0,0
20130220,109549,PTXKY,OTC,10.75547459,11.05,48,0,PT Xl Axiata Tbk,0,0,0
20130221,109549,PTXKY,OTC,10.98907766,11.29,29,0,PT Xl Axiata Tbk,0,0,0
20130222,109549,PTXKY,OTC,10.93067689,11.23,13,0,PT Xl Axiata Tbk,0,0,0
20130225,109549,PTXKY,OTC,10.77494151,11.07,5,0,PT Xl Axiata Tbk,0,0,0
20130226,109549,PTXKY,OTC,10.69707383,10.99,88,0,PT Xl Axiata Tbk,0,0,0
20130227,109549,PTXKY,OTC,11.26161457,11.57,13,0,PT Xl Axiata Tbk,0,0,0
20130228,109549,PTXKY,OTC,11.16427996,11.47,11,0,PT Xl Axiata Tbk,0,0,0
20130301,109549,PTXKY,OTC,10.71654075,11.01,17,0,PT Xl Axiata Tbk,0,0,0
20130304,109549,PTXKY,OTC,10.51213806,10.8,60,0,PT Xl Axiata Tbk,0,0,0
20130305,109549,PTXKY,OTC,10.82360882,11.12,6,0,PT Xl Axiata Tbk,0,0,0
20130306,109549,PTXKY,OTC,10.36613615,10.65,18,0,PT Xl Axiata Tbk,0,0,0
20130307,109549,PTXKY,OTC,11.04747843,11.35,12,0,PT Xl Axiata Tbk,0,0,0
20130308,109549,PTXKY,OTC,10.92094343,11.22,125,0,PT Xl Axiata Tbk,0,0,0
20130311,109549,PTXKY,OTC,10.84307574,11.14,7,0,PT Xl Axiata Tbk,0,0,0
20130312,109549,PTXKY,OTC,10.82360882,11.12,23,0,PT Xl Axiata Tbk,0,0,0
20130313,109549,PTXKY,OTC,10.72627421,11.02,3,0,PT Xl Axiata Tbk,0,0,0
20130314,109549,PTXKY,OTC,10.60947267,10.9,47,0,PT Xl Axiata Tbk,0,0,0
20130315,109549,PTXKY,OTC,10.66787344,10.96,14,0,PT Xl Axiata Tbk,0,0,0
20130318,109549,PTXKY,OTC,10.72627421,11.02,10,0,PT Xl Axiata Tbk,0,0,0
20130319,109549,PTXKY,OTC,10.78467498,11.08,21,0,PT Xl Axiata Tbk,0,0,0
20130320,109549,PTXKY,OTC,10.92094343,11.22,90,0,PT Xl Axiata Tbk,0,0,0
20130321,109549,PTXKY,OTC,10.74574113,11.04,64,0,PT Xl Axiata Tbk,0,0,0
20130322,109549,PTXKY,OTC,10.6289396,10.92,2,0,PT Xl Axiata Tbk,0,0,0
20130325,109549,PTXKY,OTC,10.56080537,10.85,5,0,PT Xl Axiata Tbk,0,0,0
20130326,109549,PTXKY,OTC,10.87227613,11.17,4,0,PT Xl Axiata Tbk,0,0,0
20130327,109549,PTXKY,OTC,10.87227613,11.17,36,0,PT Xl Axiata Tbk,0,0,0
20130328,109549,PTXKY,OTC,10.76520805,11.06,34,0,PT Xl Axiata Tbk,0,0,0
20130401,109549,PTXKY,OTC,10.65813998,10.95,252,0,PT Xl Axiata Tbk,0,0,0
20130402,109549,PTXKY,OTC,10.68734036,10.98,1091,0,PT Xl Axiata Tbk,0,0,0
20130403,109549,PTXKY,OTC,11.56335187,11.88,9,0,PT Xl Axiata Tbk,0,0,0
20130404,109549,PTXKY,OTC,11.72882071,12.05,123,0,PT Xl Axiata Tbk,0,0,0
20130405,109549,PTXKY,OTC,11.42124334,11.734,6,0,PT Xl Axiata Tbk,0,0,0
20130408,109549,PTXKY,OTC,11.4562838,11.77,16,0,PT Xl Axiata Tbk,0,0,0
20130409,109549,PTXKY,OTC,11.38814957,11.7,4,0,PT Xl Axiata Tbk,0,0,0
20130410,109549,PTXKY,OTC,11.33948226,11.65,57,0,PT Xl Axiata Tbk,0,0,0
20130411,109549,PTXKY,OTC,11.09614573,11.4,101,0,PT Xl Axiata Tbk,0,0,0
20130412,109549,PTXKY,OTC,11.29081496,11.6,187,0,PT Xl Axiata Tbk,0,0,0
20130415,109549,PTXKY,OTC,10.77494151,11.07,17,0,PT Xl Axiata Tbk,0,0,0
20130416,109549,PTXKY,OTC,10.75547459,11.05,54,0,PT Xl Axiata Tbk,0,0,0
20130417,109549,PTXKY,OTC,10.47320422,10.76,27,0,PT Xl Axiata Tbk,0,0,0
20130418,109549,PTXKY,OTC,10.49267114,10.78,2,0,PT Xl Axiata Tbk,0,0,0
20130419,109549,PTXKY,OTC,10.59973921,10.89,18,0,PT Xl Axiata Tbk,0,0,0
20130422,109549,PTXKY,OTC,10.03519847,10.31,18,0,PT Xl Axiata Tbk,0,0,0
20130423,109549,PTXKY,OTC,10.52187152,10.81,10,0,PT Xl Axiata Tbk,0,0,0
20130424,109549,PTXKY,OTC,10.57053883,10.86,18,0,PT Xl Axiata Tbk,0,0,0
20130425,109549,PTXKY,OTC,10.55107191,10.84,6,0,PT Xl Axiata Tbk,0,0,0
20130426,109549,PTXKY,OTC,10.36613615,10.65,13,0,PT Xl Axiata Tbk,0,0,0
20130429,109549,PTXKY,OTC,10.43427037,10.72,34,0,PT Xl Axiata Tbk,0,0,0
20130430,109549,PTXKY,OTC,10.36613615,10.65,26,0,PT Xl Axiata Tbk,0,0,0
20130501,109549,PTXKY,OTC,10.152,10.43,53,0,PT Xl Axiata Tbk,0,0,0
20130502,109549,PTXKY,OTC,10.08,10.08,22,0,PT Xl Axiata Tbk,0,0,0
20130503,109549,PTXKY,OTC,10.17,10.17,58,0,PT Xl Axiata Tbk,0,0,0
20130506,109549,PTXKY,OTC,10.14,10.14,63,0,PT Xl Axiata Tbk,0,0,0
20130507,109549,PTXKY,OTC,10.12,10.12,35,0,PT Xl Axiata Tbk,0,0,0
20130508,109549,PTXKY,OTC,9.65,9.65,7,0,PT Xl Axiata Tbk,0,0,0
20130509,109549,PTXKY,OTC,10.31,10.31,7,0,PT Xl Axiata Tbk,0,0,0
20130510,109549,PTXKY,OTC,10.43,10.43,84,0,PT Xl Axiata Tbk,0,0,0
20130513,109549,PTXKY,OTC,10.78,10.78,52,0,PT Xl Axiata Tbk,0,0,0
20130514,109549,PTXKY,OTC,10.6,10.6,38,0,PT Xl Axiata Tbk,0,0,0
20130515,109549,PTXKY,OTC,10.8,10.8,74,0,PT Xl Axiata Tbk,0,0,0
20130516,109549,PTXKY,OTC,10.81,10.81,19,0,PT Xl Axiata Tbk,0,0,0
20130517,109549,PTXKY,OTC,10.84,10.84,33,0,PT Xl Axiata Tbk,0,0,0
20130520,109549,PTXKY,OTC,10.79,10.79,8,0,PT Xl Axiata Tbk,0,0,0
20130521,109549,PTXKY,OTC,10.44,10.44,16,0,PT Xl Axiata Tbk,0,0,0
20130522,109549,PTXKY,OTC,10.37,10.37,18,0,PT Xl Axiata Tbk,0,0,0
20130523,109549,PTXKY,OTC,10.65,10.65,76,0,PT Xl Axiata Tbk,0,0,0
20130524,109549,PTXKY,OTC,10.25,10.25,75,0,PT Xl Axiata Tbk,0,0,0
20130528,109549,PTXKY,OTC,10.37,10.37,16,0,PT Xl Axiata Tbk,0,0,0
20130529,109549,PTXKY,OTC,9.8,9.8,43,0,PT Xl Axiata Tbk,0,0,0
20130530,109549,PTXKY,OTC,10.46,10.46,10,0,PT Xl Axiata Tbk,0,0,0
20130531,109549,PTXKY,OTC,9.89,9.89,37,0,PT Xl Axiata Tbk,0,0,0
20130603,109549,PTXKY,OTC,10.04,10.04,9,0,PT Xl Axiata Tbk,0,0,0
20130604,109549,PTXKY,OTC,9.97,9.97,34,0,PT Xl Axiata Tbk,0,0,0
20130605,109549,PTXKY,OTC,9.38,9.38,28,0,PT Xl Axiata Tbk,0,0,0
20130606,109549,PTXKY,OTC,9.92,9.92,87,0,PT Xl Axiata Tbk,0,0,0
20130607,109549,PTXKY,OTC,9.797,9.797,11,0,PT Xl Axiata Tbk,0,0,0
20130610,109549,PTXKY,OTC,9.34,9.34,14,0,PT Xl Axiata Tbk,0,0,0
20130611,109549,PTXKY,OTC,9.21,9.21,7,0,PT Xl Axiata Tbk,0,0,0
20130612,109549,PTXKY,OTC,9.08,9.08,20,0,PT Xl Axiata Tbk,0,0,0
20130613,109549,PTXKY,OTC,8.9,8.9,38,0,PT Xl Axiata Tbk,0,0,0
20130614,109549,PTXKY,OTC,8.54,8.54,15,0,PT Xl Axiata Tbk,0,0,0
20130617,109549,PTXKY,OTC,9.32,9.32,60,0,PT Xl Axiata Tbk,0,0,0
20130618,109549,PTXKY,OTC,9.36,9.36,35,0,PT Xl Axiata Tbk,0,0,0
20130619,109549,PTXKY,OTC,9.05,9.05,17,0,PT Xl Axiata Tbk,0,0,0
20130620,109549,PTXKY,OTC,8.36,8.36,9,0,PT Xl Axiata Tbk,0,0,0
20130621,109549,PTXKY,OTC,8.95,8.95,62,0,PT Xl Axiata Tbk,0,0,0
20130624,109549,PTXKY,OTC,9.1,9.1,12,0,PT Xl Axiata Tbk,0,0,0
20130625,109549,PTXKY,OTC,8.3,8.3,11,0,PT Xl Axiata Tbk,0,0,0
20130626,109549,PTXKY,OTC,9.1,9.1,72,0,PT Xl Axiata Tbk,0,0,0
20130627,109549,PTXKY,OTC,9.58,9.58,166,0,PT Xl Axiata Tbk,0,0,0
20130628,109549,PTXKY,OTC,9.64,9.64,22,0,PT Xl Axiata Tbk,0,0,0
20130701,109549,PTXKY,OTC,9.3,9.3,73,0,PT Xl Axiata Tbk,0,0,0
20130702,109549,PTXKY,OTC,9.64,9.64,61,0,PT Xl Axiata Tbk,0,0,0
20130703,109549,PTXKY,OTC,9.6,9.6,78,0,PT Xl Axiata Tbk,0,0,0
20130705,109549,PTXKY,OTC,8.39,8.39,203,0,PT Xl Axiata Tbk,0,0,0
20130708,109549,PTXKY,OTC,8.45,8.45,383,0,PT Xl Axiata Tbk,0,0,0
20130709,109549,PTXKY,OTC,8.35,8.35,26,0,PT Xl Axiata Tbk,0,0,0
20130710,109549,PTXKY,OTC,8.35,8.35,144,0,PT Xl Axiata Tbk,0,0,0
20130711,109549,PTXKY,OTC,8.6,8.6,33,0,PT Xl Axiata Tbk,0,0,0
20130712,109549,PTXKY,OTC,8.75,8.75,47,0,PT Xl Axiata Tbk,0,0,0
20130715,109549,PTXKY,OTC,9.6,9.6,35,0,PT Xl Axiata Tbk,0,0,0
20130716,109549,PTXKY,OTC,9.44,9.44,78,0,PT Xl Axiata Tbk,0,0,0
20130717,109549,PTXKY,OTC,9.54,9.54,38,0,PT Xl Axiata Tbk,0,0,0
20130718,109549,PTXKY,OTC,9.7,9.7,131,0,PT Xl Axiata Tbk,0,0,0
20130719,109549,PTXKY,OTC,8.61,8.61,8,0,PT Xl Axiata Tbk,0,0,0
20130722,109549,PTXKY,OTC,9.12,9.12,20,0,PT Xl Axiata Tbk,0,0,0
20130723,109549,PTXKY,OTC,9.36,9.36,6,0,PT Xl Axiata Tbk,0,0,0
20130724,109549,PTXKY,OTC,9.35,9.35,46,0,PT Xl Axiata Tbk,0,0,0
20130725,109549,PTXKY,OTC,9.07,9.07,8,0,PT Xl Axiata Tbk,0,0,0
20130726,109549,PTXKY,OTC,8.947,8.947,121,0,PT Xl Axiata Tbk,0,0,0
20130729,109549,PTXKY,OTC,9.18,9.18,788,0,PT Xl Axiata Tbk,0,0,0
20130730,109549,PTXKY,OTC,9.4,9.4,32,0,PT Xl Axiata Tbk,0,0,0
20130731,109549,PTXKY,OTC,9.19,9.19,24,0,PT Xl Axiata Tbk,0,0,0
20130801,109549,PTXKY,OTC,8.55,8.55,440,0,PT Xl Axiata Tbk,0,0,0
20130802,109549,PTXKY,OTC,8.06,8.06,59,0,PT Xl Axiata Tbk,0,0,0
20130805,109549,PTXKY,OTC,8.4,8.4,168,0,PT Xl Axiata Tbk,0,0,0
20130806,109549,PTXKY,OTC,8.5,8.5,1383,0,PT Xl Axiata Tbk,0,0,0
20130807,109549,PTXKY,OTC,8.31,8.31,538,0,PT Xl Axiata Tbk,0,0,0
20130808,109549,PTXKY,OTC,8.35,8.35,22,0,PT Xl Axiata Tbk,0,0,0
20130809,109549,PTXKY,OTC,8.55,8.55,368,0,PT Xl Axiata Tbk,0,0,0
20130812,109549,PTXKY,OTC,8.45,8.45,906,0,PT Xl Axiata Tbk,0,0,0
20130813,109549,PTXKY,OTC,8.2,8.2,440,0,PT Xl Axiata Tbk,0,0,0
20130814,109549,PTXKY,OTC,7.9,7.9,11,0,PT Xl Axiata Tbk,0,0,0
20130815,109549,PTXKY,OTC,8.25,8.25,339,0,PT Xl Axiata Tbk,0,0,0
20130816,109549,PTXKY,OTC,8.3,8.3,100,0,PT Xl Axiata Tbk,0,0,0
20130819,109549,PTXKY,OTC,7.54,7.54,16,0,PT Xl Axiata Tbk,0,0,0
20130820,109549,PTXKY,OTC,7.37,7.37,89,0,PT Xl Axiata Tbk,0,0,0
20130821,109549,PTXKY,OTC,7.6,7.6,25,0,PT Xl Axiata Tbk,0,0,0
20130822,109549,PTXKY,OTC,7.46,7.46,13,0,PT Xl Axiata Tbk,0,0,0
20130823,109549,PTXKY,OTC,7.95,7.95,412,0,PT Xl Axiata Tbk,0,0,0
20130826,109549,PTXKY,OTC,8.12,8.12,37,0,PT Xl Axiata Tbk,0,0,0
20130827,109549,PTXKY,OTC,7.55,7.55,266,0,PT Xl Axiata Tbk,0,0,0
20130828,109549,PTXKY,OTC,7.4,7.4,13,0,PT Xl Axiata Tbk,0,0,0
20130829,109549,PTXKY,OTC,7.55,7.55,20,0,PT Xl Axiata Tbk,0,0,0
20130830,109549,PTXKY,OTC,8.08,8.08,17,0,PT Xl Axiata Tbk,0,0,0
20130903,109549,PTXKY,OTC,7.19,7.19,43,0,PT Xl Axiata Tbk,0,0,0
20130904,109549,PTXKY,OTC,7.6,7.6,37,0,PT Xl Axiata Tbk,0,0,0
20130905,109549,PTXKY,OTC,6.84,6.84,799,0,PT Xl Axiata Tbk,0,0,0
20130906,109549,PTXKY,OTC,6.76,6.76,2910,0,PT Xl Axiata Tbk,0,0,0
20130909,109549,PTXKY,OTC,6.65,6.65,6293,0,PT Xl Axiata Tbk,0,0,0
20130910,109549,PTXKY,OTC,7.4,7.4,199,0,PT Xl Axiata Tbk,0,0,0
20130911,109549,PTXKY,OTC,7.35,7.35,13,0,PT Xl Axiata Tbk,0,0,0
20130912,109549,PTXKY,OTC,7.55,7.55,75,0,PT Xl Axiata Tbk,0,0,0
20130913,109549,PTXKY,OTC,7.7,7.7,19,0,PT Xl Axiata Tbk,0,0,0
20130916,109549,PTXKY,OTC,7.55,7.55,10,0,PT Xl Axiata Tbk,0,0,0
20130917,109549,PTXKY,OTC,7.92,7.92,185,0,PT Xl Axiata Tbk,0,0,0
20130918,109549,PTXKY,OTC,8.15,8.15,38,0,PT Xl Axiata Tbk,0,0,0
20130919,109549,PTXKY,OTC,8.7,8.7,20,0,PT Xl Axiata Tbk,0,0,0
20130920,109549,PTXKY,OTC,8.7,8.7,0,0,PT Xl Axiata Tbk,0,0,0
20130923,109549,PTXKY,OTC,8.7,8.7,0,0,PT Xl Axiata Tbk,0,0,0
20130924,109549,PTXKY,OTC,7.82,7.82,3,0,PT Xl Axiata Tbk,0,0,0
20130925,109549,PTXKY,OTC,7.82,7.82,0,0,PT Xl Axiata Tbk,0,0,0
20130926,109549,PTXKY,OTC,7.82,7.82,0,0,PT Xl Axiata Tbk,0,0,0
20130927,109549,PTXKY,OTC,7.82,7.82,0,0,PT Xl Axiata Tbk,0,0,0
20130930,109549,PTXKY,OTC,7.68,7.68,16,0,PT Xl Axiata Tbk,0,0,0
20131001,109549,PTXKY,OTC,7.56,7.56,9,0,PT Xl Axiata Tbk,0,0,0
20131002,109549,PTXKY,OTC,7.24,7.24,1,0,PT Xl Axiata Tbk,0,0,0
20131003,109549,PTXKY,OTC,7.24,7.24,0,0,PT Xl Axiata Tbk,0,0,0
20131004,109549,PTXKY,OTC,7.24,7.24,0,0,PT Xl Axiata Tbk,0,0,0
20131007,109549,PTXKY,OTC,7.24,7.24,0,0,PT Xl Axiata Tbk,0,0,0
20131008,109549,PTXKY,OTC,7.24,7.24,0,0,PT Xl Axiata Tbk,0,0,0
20131009,109549,PTXKY,OTC,7.24,7.24,0,0,PT Xl Axiata Tbk,0,0,0
20131010,109549,PTXKY,OTC,8.25,8.25,15,0,PT Xl Axiata Tbk,0,0,0
20131011,109549,PTXKY,OTC,8.25,8.25,0,0,PT Xl Axiata Tbk,0,0,0
20131014,109549,PTXKY,OTC,8.25,8.25,0,0,PT Xl Axiata Tbk,0,0,0
20131015,109549,PTXKY,OTC,8.25,8.25,0,0,PT Xl Axiata Tbk,0,0,0
20131016,109549,PTXKY,OTC,8.25,8.25,0,0,PT Xl Axiata Tbk,0,0,0
20131017,109549,PTXKY,OTC,8.25,8.25,0,0,PT Xl Axiata Tbk,0,0,0
20131018,109549,PTXKY,OTC,8.25,8.25,0,0,PT Xl Axiata Tbk,0,0,0
20131021,109549,PTXKY,OTC,8.25,8.25,0,0,PT Xl Axiata Tbk,0,0,0
20131022,109549,PTXKY,OTC,8.55,8.55,3,0,PT Xl Axiata Tbk,0,0,0
20131023,109549,PTXKY,OTC,8.64,8.64,4,0,PT Xl Axiata Tbk,0,0,0
20131024,109549,PTXKY,OTC,7.95,7.95,256,0,PT Xl Axiata Tbk,0,0,0
20131025,109549,PTXKY,OTC,7.68,7.68,86,0,PT Xl Axiata Tbk,0,0,0
20131028,109549,PTXKY,OTC,7.68,7.68,0,0,PT Xl Axiata Tbk,0,0,0
20131029,109549,PTXKY,OTC,7.67,7.67,13,0,PT Xl Axiata Tbk,0,0,0
20131030,109549,PTXKY,OTC,7.67,7.67,0,0,PT Xl Axiata Tbk,0,0,0
20131031,109549,PTXKY,OTC,8.21,8.21,24,0,PT Xl Axiata Tbk,0,0,0
20131101,109549,PTXKY,OTC,8,8,25,0,PT Xl Axiata Tbk,0,0,0
20131104,109549,PTXKY,OTC,8.05,8.05,34,0,PT Xl Axiata Tbk,0,0,0
20131105,109549,PTXKY,OTC,8,8,21,0,PT Xl Axiata Tbk,0,0,0
20131106,109549,PTXKY,OTC,7.82,7.82,21,0,PT Xl Axiata Tbk,0,0,0
20131107,109549,PTXKY,OTC,8.25,8.25,24,0,PT Xl Axiata Tbk,0,0,0
20131108,109549,PTXKY,OTC,8.25,8.25,0,0,PT Xl Axiata Tbk,0,0,0
20131111,109549,PTXKY,OTC,8.4,8.4,13,0,PT Xl Axiata Tbk,0,0,0
20131112,109549,PTXKY,OTC,8.49,8.49,10,0,PT Xl Axiata Tbk,0,0,0
20131113,109549,PTXKY,OTC,8.3,8.3,41,0,PT Xl Axiata Tbk,0,0,0
20131114,109549,PTXKY,OTC,8.65,8.65,7,0,PT Xl Axiata Tbk,0,0,0
20131115,109549,PTXKY,OTC,8.7,8.7,7,0,PT Xl Axiata Tbk,0,0,0
20131118,109549,PTXKY,OTC,8.33,8.33,7,0,PT Xl Axiata Tbk,0,0,0
20131119,109549,PTXKY,OTC,8.98,8.98,4,0,PT Xl Axiata Tbk,0,0,0
20131120,109549,PTXKY,OTC,8.8,8.8,23,0,PT Xl Axiata Tbk,0,0,0
20131121,109549,PTXKY,OTC,8.97,8.97,41,0,PT Xl Axiata Tbk,0,0,0
20131122,109549,PTXKY,OTC,8.41,8.41,4,0,PT Xl Axiata Tbk,0,0,0
20131125,109549,PTXKY,OTC,8.13,8.13,17,0,PT Xl Axiata Tbk,0,0,0
20131126,109549,PTXKY,OTC,8.6,8.6,5,0,PT Xl Axiata Tbk,0,0,0
20131127,109549,PTXKY,OTC,8.35,8.35,12,0,PT Xl Axiata Tbk,0,0,0
20131129,109549,PTXKY,OTC,8.35,8.35,0,0,PT Xl Axiata Tbk,0,0,0
20131202,109549,PTXKY,OTC,8.35,8.35,0,0,PT Xl Axiata Tbk,0,0,0
20131203,109549,PTXKY,OTC,8.5,8.5,6,0,PT Xl Axiata Tbk,0,0,0
20131204,109549,PTXKY,OTC,8,8,16,0,PT Xl Axiata Tbk,0,0,0
20131205,109549,PTXKY,OTC,8,8,0,0,PT Xl Axiata Tbk,0,0,0
20131206,109549,PTXKY,OTC,8.1,8.1,3,0,PT Xl Axiata Tbk,0,0,0
20131209,109549,PTXKY,OTC,8.1,8.1,0,0,PT Xl Axiata Tbk,0,0,0
20131210,109549,PTXKY,OTC,8.65,8.65,39,0,PT Xl Axiata Tbk,0,0,0
20131211,109549,PTXKY,OTC,8.65,8.65,0,0,PT Xl Axiata Tbk,0,0,0
20131212,109549,PTXKY,OTC,7.87,7.87,71,0,PT Xl Axiata Tbk,0,0,0
20131213,109549,PTXKY,OTC,8.08,8.08,11,0,PT Xl Axiata Tbk,0,0,0
20131216,109549,PTXKY,OTC,8.08,8.08,0,0,PT Xl Axiata Tbk,0,0,0
20131217,109549,PTXKY,OTC,8.07,8.07,3,0,PT Xl Axiata Tbk,0,0,0
20131218,109549,PTXKY,OTC,8.1,8.1,42,0,PT Xl Axiata Tbk,0,0,0
20131219,109549,PTXKY,OTC,8.1,8.1,0,0,PT Xl Axiata Tbk,0,0,0
20131220,109549,PTXKY,OTC,7.9,7.9,13,0,PT Xl Axiata Tbk,0,0,0
20131223,109549,PTXKY,OTC,8.04,8.04,3,0,PT Xl Axiata Tbk,0,0,0
20131224,109549,PTXKY,OTC,8.08,8.08,13,0,PT Xl Axiata Tbk,0,0,0
20131226,109549,PTXKY,OTC,8.08,8.08,0,0,PT Xl Axiata Tbk,0,0,0
20131227,109549,PTXKY,OTC,8.08,8.08,1,0,PT Xl Axiata Tbk,0,0,0
20131230,109549,PTXKY,OTC,8.08,8.08,0,0,PT Xl Axiata Tbk,0,0,0
20131231,109549,PTXKY,OTC,8.08,8.08,0,0,PT Xl Axiata Tbk,0,0,0
20140102,109549,PTXKY,OTC,8.13,8.13,24,0,PT Xl Axiata Tbk,0,0,0
20140103,109549,PTXKY,OTC,8.13,8.13,5,0,PT Xl Axiata Tbk,0,0,0
20140106,109549,PTXKY,OTC,8.54,8.54,51,0,PT Xl Axiata Tbk,0,0,0
20140107,109549,PTXKY,OTC,8.54,8.54,3,0,PT Xl Axiata Tbk,0,0,0
20140108,109549,PTXKY,OTC,8.4,8.4,121,0,PT Xl Axiata Tbk,0,0,0
20140109,109549,PTXKY,OTC,8.4,8.4,22,0,PT Xl Axiata Tbk,0,0,0
20140110,109549,PTXKY,OTC,8.4,8.4,0,0,PT Xl Axiata Tbk,0,0,0
20140113,109549,PTXKY,OTC,8.34,8.34,12,0,PT Xl Axiata Tbk,0,0,0
20140114,109549,PTXKY,OTC,8.85,8.85,7,0,PT Xl Axiata Tbk,0,0,0
20140115,109549,PTXKY,OTC,8.57,8.57,15,0,PT Xl Axiata Tbk,0,0,0
20140116,109549,PTXKY,OTC,8.57,8.57,20,0,PT Xl Axiata Tbk,0,0,0
20140117,109549,PTXKY,OTC,8.59,8.59,20,0,PT Xl Axiata Tbk,0,0,0
20140121,109549,PTXKY,OTC,8.66,8.66,17,0,PT Xl Axiata Tbk,0,0,0
20140122,109549,PTXKY,OTC,8.66,8.66,0,0,PT Xl Axiata Tbk,0,0,0
20140123,109549,PTXKY,OTC,8.45,8.45,9,0,PT Xl Axiata Tbk,0,0,0
20140124,109549,PTXKY,OTC,8.37,8.37,5,0,PT Xl Axiata Tbk,0,0,0
20140127,109549,PTXKY,OTC,7.96,7.96,8,0,PT Xl Axiata Tbk,0,0,0
20140128,109549,PTXKY,OTC,8.31,8.31,16,0,PT Xl Axiata Tbk,0,0,0
20140129,109549,PTXKY,OTC,7.84,7.84,23,0,PT Xl Axiata Tbk,0,0,0
20140130,109549,PTXKY,OTC,8.14,8.14,9,0,PT Xl Axiata Tbk,0,0,0
20140131,109549,PTXKY,OTC,7.81,7.81,14,0,PT Xl Axiata Tbk,0,0,0
20140203,109549,PTXKY,OTC,7.81,7.81,13,0,PT Xl Axiata Tbk,0,0,0
20140204,109549,PTXKY,OTC,8.13,8.13,20,0,PT Xl Axiata Tbk,0,0,0
20140205,109549,PTXKY,OTC,8,8,48,0,PT Xl Axiata Tbk,0,0,0
20140206,109549,PTXKY,OTC,8.1,8.1,2,0,PT Xl Axiata Tbk,0,0,0
20140207,109549,PTXKY,OTC,8.08,8.08,20,0,PT Xl Axiata Tbk,0,0,0
20140210,109549,PTXKY,OTC,8.08,8.08,0,0,PT Xl Axiata Tbk,0,0,0
20140211,109549,PTXKY,OTC,7.55,7.55,23,0,PT Xl Axiata Tbk,0,0,0
20140212,109549,PTXKY,OTC,7.24,7.24,32,0,PT Xl Axiata Tbk,0,0,0
20140213,109549,PTXKY,OTC,7.24,7.24,0,0,PT Xl Axiata Tbk,0,0,0
20140214,109549,PTXKY,OTC,7.47,7.47,34,0,PT Xl Axiata Tbk,0,0,0
20140218,109549,PTXKY,OTC,7.26,7.26,19,0,PT Xl Axiata Tbk,0,0,0
20140219,109549,PTXKY,OTC,7.72,7.72,15,0,PT Xl Axiata Tbk,0,0,0
20140220,109549,PTXKY,OTC,7.33,7.33,8,0,PT Xl Axiata Tbk,0,0,0
20140221,109549,PTXKY,OTC,7.33,7.33,0,0,PT Xl Axiata Tbk,0,0,0
20140224,109549,PTXKY,OTC,7.33,7.33,0,0,PT Xl Axiata Tbk,0,0,0
20140225,109549,PTXKY,OTC,7.59,7.59,38,0,PT Xl Axiata Tbk,0,0,0
20140226,109549,PTXKY,OTC,7.28,7.28,17,0,PT Xl Axiata Tbk,0,0,0
20140227,109549,PTXKY,OTC,7.41,7.41,1,0,PT Xl Axiata Tbk,0,0,0
20140228,109549,PTXKY,OTC,7.89,7.89,18,0,PT Xl Axiata Tbk,0,0,0
20140303,109549,PTXKY,OTC,7.59,7.59,13,0,PT Xl Axiata Tbk,0,0,0
20140304,109549,PTXKY,OTC,7.58,7.58,1,0,PT Xl Axiata Tbk,0,0,0
20140305,109549,PTXKY,OTC,7.6,7.6,18,0,PT Xl Axiata Tbk,0,0,0
20140306,109549,PTXKY,OTC,7.34,7.34,19,0,PT Xl Axiata Tbk,0,0,0
20140307,109549,PTXKY,OTC,7.8,7.8,7,0,PT Xl Axiata Tbk,0,0,0
