DDate,CSINumber,Symbol,Exchange,DClose,UnAdjustedClose,TotalVolume,Cash,MarketName,PTB,PSR,DPS
20120803,109508,MTLQU,OTC,8.900687071,14.25,1028,0,Motors Liquidation Co,0,0,0
20120806,109508,MTLQU,OTC,8.663335415,13.87,5262,0,Motors Liquidation Co,0,0,0
20120807,109508,MTLQU,OTC,8.707058089,13.94,3625,0,Motors Liquidation Co,0,0,0
20120808,109508,MTLQU,OTC,8.838226109,14.15,3482,0,Motors Liquidation Co,0,0,0
20120809,109508,MTLQU,OTC,8.944409744,14.32,4118,0,Motors Liquidation Co,0,0,0
20120810,109508,MTLQU,OTC,8.931917552,14.3,1915,0,Motors Liquidation Co,0,0,0
20120813,109508,MTLQU,OTC,8.863210493,14.19,450,0,Motors Liquidation Co,0,0,0
20120814,109508,MTLQU,OTC,8.931917552,14.3,139,0,Motors Liquidation Co,0,0,0
20120815,109508,MTLQU,OTC,8.900687071,14.25,1459,0,Motors Liquidation Co,0,0,0
20120816,109508,MTLQU,OTC,9.362898189,14.99,1172,0,Motors Liquidation Co,0,0,0
20120817,109508,MTLQU,OTC,9.806371018,15.7,3247,0,Motors Liquidation Co,0,0,0
20120820,109508,MTLQU,OTC,9.400374766,15.05,1711,0,Motors Liquidation Co,0,0,0
20120821,109508,MTLQU,OTC,9.369144285,15,653,0,Motors Liquidation Co,0,0,0
20120822,109508,MTLQU,OTC,9.306683323,14.9,359,0,Motors Liquidation Co,0,0,0
20120823,109508,MTLQU,OTC,9.088069956,14.55,666,0,Motors Liquidation Co,0,0,0
20120824,109508,MTLQU,OTC,8.838226109,14.15,1623,0,Motors Liquidation Co,0,0,0
20120827,109508,MTLQU,OTC,8.825733916,14.13,2752,0,Motors Liquidation Co,0,0,0
20120828,109508,MTLQU,OTC,8.900687071,14.25,831,0,Motors Liquidation Co,0,0,0
20120829,109508,MTLQU,OTC,8.906933167,14.26,2710,0,Motors Liquidation Co,0,0,0
20120830,109508,MTLQU,OTC,8.963148032,14.35,255,0,Motors Liquidation Co,0,0,0
20120831,109508,MTLQU,OTC,8.944409744,14.32,106,0,Motors Liquidation Co,0,0,0
20120904,109508,MTLQU,OTC,9.063085572,14.51,748,0,Motors Liquidation Co,0,0,0
20120905,109508,MTLQU,OTC,9.113054341,14.59,2157,0,Motors Liquidation Co,0,0,0
20120906,109508,MTLQU,OTC,9.362898189,14.99,12931,0,Motors Liquidation Co,0,0,0
20120907,109508,MTLQU,OTC,9.618988132,15.4,2237,0,Motors Liquidation Co,0,0,0
20120910,109508,MTLQU,OTC,9.618988132,15.4,825,0,Motors Liquidation Co,0,0,0
20120911,109508,MTLQU,OTC,9.843847595,15.76,2126,0,Motors Liquidation Co,0,0,0
20120912,109508,MTLQU,OTC,9.806371018,15.7,475,0,Motors Liquidation Co,0,0,0
20120913,109508,MTLQU,OTC,9.931292942,15.9,1988,0,Motors Liquidation Co,0,0,0
20120914,109508,MTLQU,OTC,9.993753904,16,586,0,Motors Liquidation Co,0,0,0
20120917,109508,MTLQU,OTC,10.01873829,16.04,1138,0,Motors Liquidation Co,0,0,0
20120918,109508,MTLQU,OTC,10.13116802,16.22,2136,0,Motors Liquidation Co,0,0,0
20120919,109508,MTLQU,OTC,10.30605871,16.5,4734,0,Motors Liquidation Co,0,0,0
20120920,109508,MTLQU,OTC,10.28107433,16.46,905,0,Motors Liquidation Co,0,0,0
20120921,109508,MTLQU,OTC,10.44347283,16.72,2879,0,Motors Liquidation Co,0,0,0
20120924,109508,MTLQU,OTC,10.52467208,16.85,1044,0,Motors Liquidation Co,0,0,0
20120925,109508,MTLQU,OTC,10.36851968,16.6,2514,0,Motors Liquidation Co,0,0,0
20120926,109508,MTLQU,OTC,10.25608994,16.42,343,0,Motors Liquidation Co,0,0,0
20120927,109508,MTLQU,OTC,10.27482823,16.45,724,0,Motors Liquidation Co,0,0,0
20120928,109508,MTLQU,OTC,10.4934416,16.8,2672,0,Motors Liquidation Co,0,0,0
20121001,109508,MTLQU,OTC,10.649594,17.05,3889,0,Motors Liquidation Co,0,0,0
20121002,109508,MTLQU,OTC,11.05559026,17.7,6559,0,Motors Liquidation Co,0,0,0
20121003,109508,MTLQU,OTC,11.32417239,18.13,884,0,Motors Liquidation Co,0,0,0
20121004,109508,MTLQU,OTC,11.28044972,18.06,610,0,Motors Liquidation Co,0,0,0
20121005,109508,MTLQU,OTC,11.68019988,18.7,775,0,Motors Liquidation Co,0,0,0
20121008,109508,MTLQU,OTC,11.44284822,18.32,391,0,Motors Liquidation Co,0,0,0
20121009,109508,MTLQU,OTC,11.53653966,18.47,4833,0,Motors Liquidation Co,0,0,0
20121010,109508,MTLQU,OTC,11.55527795,18.5,1636,0,Motors Liquidation Co,0,0,0
20121011,109508,MTLQU,OTC,11.71143036,18.75,5945,0,Motors Liquidation Co,0,0,0
20121012,109508,MTLQU,OTC,11.77389132,18.85,1106,0,Motors Liquidation Co,0,0,0
20121015,109508,MTLQU,OTC,11.88007495,19.02,1788,0,Motors Liquidation Co,0,0,0
20121016,109508,MTLQU,OTC,11.99875078,19.21,1300,0,Motors Liquidation Co,0,0,0
20121017,109508,MTLQU,OTC,12.02373517,19.25,1732,0,Motors Liquidation Co,0,0,0
20121018,109508,MTLQU,OTC,12.11742661,19.4,4047,0,Motors Liquidation Co,0,0,0
20121019,109508,MTLQU,OTC,11.9612742,19.15,128,0,Motors Liquidation Co,0,0,0
20121022,109508,MTLQU,OTC,11.87382886,19.01,251,0,Motors Liquidation Co,0,0,0
20121023,109508,MTLQU,OTC,11.58650843,18.55,677,0,Motors Liquidation Co,0,0,0
20121024,109508,MTLQU,OTC,11.66770768,18.68,1676,0,Motors Liquidation Co,0,0,0
20121025,109508,MTLQU,OTC,11.70518426,18.74,274,0,Motors Liquidation Co,0,0,0
20121026,109508,MTLQU,OTC,11.72392255,18.77,4139,0,Motors Liquidation Co,0,0,0
20121031,109508,MTLQU,OTC,12.4609619,19.95,3103,0,Motors Liquidation Co,0,0,0
20121101,109508,MTLQU,OTC,12.52342286,20.05,6257,0,Motors Liquidation Co,0,0,0
20121102,109508,MTLQU,OTC,12.34228607,19.76,767,0,Motors Liquidation Co,0,0,0
20121105,109508,MTLQU,OTC,12.31730169,19.72,3002,0,Motors Liquidation Co,0,0,0
20121106,109508,MTLQU,OTC,12.55465334,20.1,5211,0,Motors Liquidation Co,0,0,0
20121107,109508,MTLQU,OTC,12.33603998,19.75,656,0,Motors Liquidation Co,0,0,0
20121108,109508,MTLQU,OTC,12.27357901,19.65,336,0,Motors Liquidation Co,0,0,0
20121109,109508,MTLQU,OTC,12.17988757,19.5,897,0,Motors Liquidation Co,0,0,0
20121112,109508,MTLQU,OTC,12.02373517,19.25,94,0,Motors Liquidation Co,0,0,0
20121113,109508,MTLQU,OTC,12.08619613,19.35,319,0,Motors Liquidation Co,0,0,0
20121114,109508,MTLQU,OTC,12.04247345,19.28,1015,0,Motors Liquidation Co,0,0,0
20121115,109508,MTLQU,OTC,12.03622736,19.27,2949,0,Motors Liquidation Co,0,0,0
20121116,109508,MTLQU,OTC,11.86758276,19,938,0,Motors Liquidation Co,0,0,0
20121119,109508,MTLQU,OTC,12.08619613,19.35,1830,0,Motors Liquidation Co,0,0,0
20121120,109508,MTLQU,OTC,12.02998126,19.26,3642,0,Motors Liquidation Co,0,0,0
20121121,109508,MTLQU,OTC,11.98625859,19.19,599,0,Motors Liquidation Co,0,0,0
20121123,109508,MTLQU,OTC,11.89881324,19.05,447,0,Motors Liquidation Co,0,0,0
20121126,109508,MTLQU,OTC,11.9612742,19.15,2125,0,Motors Liquidation Co,0,0,0
20121127,109508,MTLQU,OTC,11.94253592,19.12,3535,0,Motors Liquidation Co,0,0,0
20121128,109508,MTLQU,OTC,12.02373517,19.25,2898,0,Motors Liquidation Co,0,0,0
20121129,109508,MTLQU,OTC,12.26108682,19.63,3048,0,Motors Liquidation Co,0,0,0
20121130,109508,MTLQU,OTC,12.17988757,19.5,144,0,Motors Liquidation Co,0,0,0
20121203,109508,MTLQU,OTC,12.06121174,19.31,1436,0,Motors Liquidation Co,0,0,0
20121204,109508,MTLQU,OTC,11.98313554,19.185,1002,0,Motors Liquidation Co,0,0,0
20121205,109508,MTLQU,OTC,11.90505934,19.06,2688,0,Motors Liquidation Co,0,0,0
20121206,109508,MTLQU,OTC,11.86758276,19,110,0,Motors Liquidation Co,0,0,0
20121207,109508,MTLQU,OTC,11.93004372,19.1,559,0,Motors Liquidation Co,0,0,0
20121210,109508,MTLQU,OTC,12.05496565,19.3,2326,0,Motors Liquidation Co,0,0,0
20121211,109508,MTLQU,OTC,12.17988757,19.5,733,0,Motors Liquidation Co,0,0,0
20121212,109508,MTLQU,OTC,12.30480949,19.7,435,0,Motors Liquidation Co,0,0,0
20121213,109508,MTLQU,OTC,12.24234853,19.6,2781,0,Motors Liquidation Co,0,0,0
20121214,109508,MTLQU,OTC,12.07370394,19.33,207,0,Motors Liquidation Co,0,0,0
20121217,109508,MTLQU,OTC,11.89881324,19.05,122,0,Motors Liquidation Co,0,0,0
20121218,109508,MTLQU,OTC,12.11742661,19.4,2229,0,Motors Liquidation Co,0,0,0
20121219,109508,MTLQU,OTC,13.42910681,21.5,7526,0,Motors Liquidation Co,0,0,0
20121220,109508,MTLQU,OTC,13.25421611,21.22,408,0,Motors Liquidation Co,0,0,0
20121221,109508,MTLQU,OTC,13.1105559,20.99,256,0,Motors Liquidation Co,0,0,0
20121224,109508,MTLQU,OTC,13.116802,21,74,0,Motors Liquidation Co,0,0,0
20121226,109508,MTLQU,OTC,13.02311056,20.85,115,0,Motors Liquidation Co,0,0,0
20121227,109508,MTLQU,OTC,13.20424735,21.14,3216,0,Motors Liquidation Co,0,0,0
20121228,109508,MTLQU,OTC,13.02311056,20.85,437,0,Motors Liquidation Co,0,0,0
20121231,109508,MTLQU,OTC,13.24172392,21.2,519,0,Motors Liquidation Co,0,0,0
20130102,109508,MTLQU,OTC,13.46033729,21.55,4366,0,Motors Liquidation Co,0,0,0
20130103,109508,MTLQU,OTC,13.83510306,22.15,2139,0,Motors Liquidation Co,0,0,0
20130104,109508,MTLQU,OTC,13.99125547,22.4,282,0,Motors Liquidation Co,0,0,0
20130107,109508,MTLQU,OTC,13.9287945,22.3,271,0,Motors Liquidation Co,0,0,0
20130108,109508,MTLQU,OTC,14.05371643,22.5,552,0,Motors Liquidation Co,0,0,0
20130109,109508,MTLQU,OTC,14.24109931,22.8,906,0,Motors Liquidation Co,0,0,0
20130110,109508,MTLQU,OTC,14.52217364,23.25,1020,0,Motors Liquidation Co,0,0,0
20130111,109508,MTLQU,OTC,14.55340412,23.3,283,0,Motors Liquidation Co,0,0,0
20130114,109508,MTLQU,OTC,14.5846346,23.35,801,0,Motors Liquidation Co,0,0,0
20130115,109508,MTLQU,OTC,14.82198626,23.73,736,0,Motors Liquidation Co,0,0,0
20130116,109508,MTLQU,OTC,14.36602124,23,2563,0,Motors Liquidation Co,0,0,0
20130117,109508,MTLQU,OTC,14.4284822,23.1,421,0,Motors Liquidation Co,0,0,0
20130118,109508,MTLQU,OTC,14.36602124,23,104,0,Motors Liquidation Co,0,0,0
20130122,109508,MTLQU,OTC,14.14740787,22.65,429,0,Motors Liquidation Co,0,0,0
20130123,109508,MTLQU,OTC,14.2598376,22.83,4443,0,Motors Liquidation Co,0,0,0
20130124,109508,MTLQU,OTC,14.31605247,22.92,759,0,Motors Liquidation Co,0,0,0
20130125,109508,MTLQU,OTC,14.55340412,23.3,3618,0,Motors Liquidation Co,0,0,0
20130128,109508,MTLQU,OTC,14.55340412,23.3,122,0,Motors Liquidation Co,0,0,0
20130129,109508,MTLQU,OTC,14.64084947,23.44,1330,0,Motors Liquidation Co,0,0,0
20130130,109508,MTLQU,OTC,14.5846346,23.35,256,0,Motors Liquidation Co,0,0,0
20130131,109508,MTLQU,OTC,14.5846346,23.35,4067,0,Motors Liquidation Co,0,0,0
20130201,109508,MTLQU,OTC,14.5846346,23.35,234,0,Motors Liquidation Co,0,0,0
20130204,109508,MTLQU,OTC,14.39100562,23.04,498,0,Motors Liquidation Co,0,0,0
20130205,109508,MTLQU,OTC,14.64084947,23.44,967,0,Motors Liquidation Co,0,0,0
20130206,109508,MTLQU,OTC,14.73454091,23.59,389,0,Motors Liquidation Co,0,0,0
20130207,109508,MTLQU,OTC,14.65958776,23.47,61,0,Motors Liquidation Co,0,0,0
20130208,109508,MTLQU,OTC,14.80324797,23.7,216,0,Motors Liquidation Co,0,0,0
20130211,109508,MTLQU,OTC,14.80324797,23.7,570,0,Motors Liquidation Co,0,0,0
20130212,109508,MTLQU,OTC,14.99063086,24,1233,0,Motors Liquidation Co,0,0,0
20130213,109508,MTLQU,OTC,15.2404747,24.4,1727,0,Motors Liquidation Co,0,0,0
20130214,109508,MTLQU,OTC,15.11555278,24.2,1434,0,Motors Liquidation Co,0,0,0
20130215,109508,MTLQU,OTC,14.74078701,23.6,1500,0,Motors Liquidation Co,0,0,0
20130219,109508,MTLQU,OTC,14.55340412,23.3,306,0,Motors Liquidation Co,0,0,0
20130220,109508,MTLQU,OTC,14.55340412,23.3,277,0,Motors Liquidation Co,0,0,0
20130221,109508,MTLQU,OTC,14.10993129,22.59,2160,0,Motors Liquidation Co,0,0,0
20130222,109508,MTLQU,OTC,14.36602124,23,1065,0,Motors Liquidation Co,0,0,0
20130225,109508,MTLQU,OTC,14.30356027,22.9,1705,0,Motors Liquidation Co,0,0,0
20130226,109508,MTLQU,OTC,14.23485322,22.79,1518,0,Motors Liquidation Co,0,0,0
20130227,109508,MTLQU,OTC,14.5846346,23.35,786,0,Motors Liquidation Co,0,0,0
20130228,109508,MTLQU,OTC,14.4284822,23.1,256,0,Motors Liquidation Co,0,0,0
20130301,109508,MTLQU,OTC,14.82198626,23.73,1036,0,Motors Liquidation Co,0,0,0
20130304,109508,MTLQU,OTC,15.92754528,25.5,25249,0,Motors Liquidation Co,0,0,0
20130305,109508,MTLQU,OTC,16.24609619,26.01,5927,0,Motors Liquidation Co,0,0,0
20130306,109508,MTLQU,OTC,16.25234229,26.02,4817,0,Motors Liquidation Co,0,0,0
20130307,109508,MTLQU,OTC,16.3960025,26.25,600,0,Motors Liquidation Co,0,0,0
20130308,109508,MTLQU,OTC,16.92692067,27.1,3234,0,Motors Liquidation Co,0,0,0
20130311,109508,MTLQU,OTC,16.95815116,27.15,7310,0,Motors Liquidation Co,0,0,0
20130312,109508,MTLQU,OTC,16.80199875,26.9,8910,0,Motors Liquidation Co,0,0,0
20130313,109508,MTLQU,OTC,16.64584635,26.65,4701,0,Motors Liquidation Co,0,0,0
20130314,109508,MTLQU,OTC,16.92692067,27.1,2874,0,Motors Liquidation Co,0,0,0
20130315,109508,MTLQU,OTC,16.86445971,27,12222,0,Motors Liquidation Co,0,0,0
20130318,109508,MTLQU,OTC,16.7145534,26.76,2145,0,Motors Liquidation Co,0,0,0
20130319,109508,MTLQU,OTC,16.67707683,26.7,85,0,Motors Liquidation Co,0,0,0
20130320,109508,MTLQU,OTC,17.33291693,27.75,514,0,Motors Liquidation Co,0,0,0
20130321,109508,MTLQU,OTC,17.0518426,27.3,1010,0,Motors Liquidation Co,0,0,0
20130322,109508,MTLQU,OTC,16.5521549,26.5,282,0,Motors Liquidation Co,0,0,0
20130325,109508,MTLQU,OTC,16.86445971,27,237,0,Motors Liquidation Co,0,0,0
20130326,109508,MTLQU,OTC,16.86445971,27,93,0,Motors Liquidation Co,0,0,0
20130327,109508,MTLQU,OTC,16.89569019,27.05,719,0,Motors Liquidation Co,0,0,0
20130328,109508,MTLQU,OTC,16.86445971,27,165,0,Motors Liquidation Co,0,0,0
20130401,109508,MTLQU,OTC,16.73953779,26.8,70,0,Motors Liquidation Co,0,0,0
20130402,109508,MTLQU,OTC,17.11430356,27.4,215,0,Motors Liquidation Co,0,0,0
20130403,109508,MTLQU,OTC,16.86445971,27,315,0,Motors Liquidation Co,0,0,0
20130404,109508,MTLQU,OTC,16.89569019,27.05,158,0,Motors Liquidation Co,0,0,0
20130405,109508,MTLQU,OTC,16.83322923,26.95,423,0,Motors Liquidation Co,0,0,0
20130408,109508,MTLQU,OTC,16.86445971,27,61,0,Motors Liquidation Co,0,0,0
20130409,109508,MTLQU,OTC,16.93316677,27.11,519,0,Motors Liquidation Co,0,0,0
20130410,109508,MTLQU,OTC,17.45783885,27.95,1599,0,Motors Liquidation Co,0,0,0
20130411,109508,MTLQU,OTC,18.11367895,29,776,0,Motors Liquidation Co,0,0,0
20130412,109508,MTLQU,OTC,18.11367895,29,4300,0,Motors Liquidation Co,0,0,0
20130415,109508,MTLQU,OTC,17.64522174,28.25,15661,0,Motors Liquidation Co,0,0,0
20130416,109508,MTLQU,OTC,17.8700812,28.61,4092,0,Motors Liquidation Co,0,0,0
20130417,109508,MTLQU,OTC,17.8638351,28.6,3543,0,Motors Liquidation Co,0,0,0
20130418,109508,MTLQU,OTC,17.73891318,28.4,114,0,Motors Liquidation Co,0,0,0
20130419,109508,MTLQU,OTC,17.8638351,28.6,90,0,Motors Liquidation Co,0,0,0
20130422,109508,MTLQU,OTC,17.8638351,28.6,160,0,Motors Liquidation Co,0,0,0
20130423,109508,MTLQU,OTC,18.08244847,28.95,538,0,Motors Liquidation Co,0,0,0
20130424,109508,MTLQU,OTC,18.48844472,29.6,548,0,Motors Liquidation Co,0,0,0
20130425,109508,MTLQU,OTC,18.73828857,30,287,0,Motors Liquidation Co,0,0,0
20130426,109508,MTLQU,OTC,18.73828857,30,208,0,Motors Liquidation Co,0,0,0
20130429,109508,MTLQU,OTC,18.92567146,30.3,162,0,Motors Liquidation Co,0,0,0
20130430,109508,MTLQU,OTC,19.08182386,30.55,605,0,Motors Liquidation Co,0,0,0
20130501,109508,MTLQU,OTC,18.73828857,30,271,0,Motors Liquidation Co,0,0,0
20130502,109508,MTLQU,OTC,19.05683948,30.51,1563,0,Motors Liquidation Co,0,0,0
20130503,109508,MTLQU,OTC,19.58151156,31.35,5216,0,Motors Liquidation Co,0,0,0
20130506,109508,MTLQU,OTC,19.48782011,31.2,548,0,Motors Liquidation Co,0,0,0
20130507,109508,MTLQU,OTC,19.3379138,30.96,6447,0,Motors Liquidation Co,0,0,0
20130508,109508,MTLQU,OTC,19.61898813,31.41,171,0,Motors Liquidation Co,0,0,0
20130509,109508,MTLQU,OTC,19.25046846,30.82,1282,0,Motors Liquidation Co,0,0,0
20130510,109508,MTLQU,OTC,18.98813242,30.4,3806,0,Motors Liquidation Co,0,0,0
20130513,109508,MTLQU,OTC,18.80699563,30.11,298,0,Motors Liquidation Co,0,0,0
20130514,109508,MTLQU,OTC,19.14428482,30.65,6071,0,Motors Liquidation Co,0,0,0
20130515,109508,MTLQU,OTC,19.36289819,31,1254,0,Motors Liquidation Co,0,0,0
20130516,109508,MTLQU,OTC,19.42535915,31.1,1545,0,Motors Liquidation Co,0,0,0
20130517,109508,MTLQU,OTC,19.675203,31.5,4052,0,Motors Liquidation Co,0,0,0
20130520,109508,MTLQU,OTC,19.61898813,31.41,258,0,Motors Liquidation Co,0,0,0
20130521,109508,MTLQU,OTC,19.44409744,31.13,5768,0,Motors Liquidation Co,0,0,0
20130522,109508,MTLQU,OTC,19.36289819,31,2939,0,Motors Liquidation Co,0,0,0
20130523,109508,MTLQU,OTC,19.05059338,30.5,280,0,Motors Liquidation Co,0,0,0
20130524,109508,MTLQU,OTC,19.48782011,31.2,279,0,Motors Liquidation Co,0,0,0
20130528,109508,MTLQU,OTC,19.76889444,31.65,2754,0,Motors Liquidation Co,0,0,0
20130529,109508,MTLQU,OTC,19.36289819,31,1451,0,Motors Liquidation Co,0,0,0
20130530,109508,MTLQU,OTC,19.8438476,31.77,2293,0,Motors Liquidation Co,0,0,0
20130531,109508,MTLQU,OTC,19.675203,31.5,711,0,Motors Liquidation Co,0,0,0
20130603,109508,MTLQU,OTC,19.73766396,31.6,370,0,Motors Liquidation Co,0,0,0
20130604,109508,MTLQU,OTC,19.77514054,31.66,2874,0,Motors Liquidation Co,0,0,0
20130605,109508,MTLQU,OTC,19.58151156,31.35,1415,0,Motors Liquidation Co,0,0,0
20130606,109508,MTLQU,OTC,19.78763273,31.68,1550,0,Motors Liquidation Co,0,0,0
20130607,109508,MTLQU,OTC,20.04996877,32.1,1782,0,Motors Liquidation Co,0,0,0
20130610,109508,MTLQU,OTC,19.95627733,31.95,908,0,Motors Liquidation Co,0,0,0
20130611,109508,MTLQU,OTC,19.69394129,31.53,1820,0,Motors Liquidation Co,0,0,0
20130612,109508,MTLQU,OTC,19.42535915,31.1,2843,0,Motors Liquidation Co,0,0,0
20130613,109508,MTLQU,OTC,19.5065584,31.23,2469,0,Motors Liquidation Co,0,0,0
20130614,109508,MTLQU,OTC,19.14428482,30.65,1407,0,Motors Liquidation Co,0,0,0
20130617,109508,MTLQU,OTC,19.36289819,31,1025,0,Motors Liquidation Co,0,0,0
20130618,109508,MTLQU,OTC,19.51905059,31.25,1726,0,Motors Liquidation Co,0,0,0
20130619,109508,MTLQU,OTC,19.45658963,31.15,194,0,Motors Liquidation Co,0,0,0
20130620,109508,MTLQU,OTC,19.0193629,30.45,131,0,Motors Liquidation Co,0,0,0
20130621,109508,MTLQU,OTC,18.87570269,30.22,2426,0,Motors Liquidation Co,0,0,0
20130624,109508,MTLQU,OTC,18.67582761,29.9,2811,0,Motors Liquidation Co,0,0,0
20130625,109508,MTLQU,OTC,18.61961274,29.81,283,0,Motors Liquidation Co,0,0,0
20130626,109508,MTLQU,OTC,18.80074953,30.1,871,0,Motors Liquidation Co,0,0,0
20130627,109508,MTLQU,OTC,19.0193629,30.45,200,0,Motors Liquidation Co,0,0,0
20130628,109508,MTLQU,OTC,19.1755153,30.7,692,0,Motors Liquidation Co,0,0,0
20130701,109508,MTLQU,OTC,19.36289819,31,1436,0,Motors Liquidation Co,0,0,0
20130702,109508,MTLQU,OTC,19.62523423,31.42,213,0,Motors Liquidation Co,0,0,0
20130703,109508,MTLQU,OTC,19.48157402,31.19,469,0,Motors Liquidation Co,0,0,0
20130705,109508,MTLQU,OTC,19.73766396,31.6,136,0,Motors Liquidation Co,0,0,0
20130708,109508,MTLQU,OTC,19.76889444,31.65,2185,0,Motors Liquidation Co,0,0,0
20130709,109508,MTLQU,OTC,19.98750781,32,175,0,Motors Liquidation Co,0,0,0
20130710,109508,MTLQU,OTC,20.03747658,32.08,728,0,Motors Liquidation Co,0,0,0
20130711,109508,MTLQU,OTC,20.4996877,32.82,849,0,Motors Liquidation Co,0,0,0
20130712,109508,MTLQU,OTC,20.73703935,33.2,258,0,Motors Liquidation Co,0,0,0
20130715,109508,MTLQU,OTC,20.73703935,33.2,83,0,Motors Liquidation Co,0,0,0
20130716,109508,MTLQU,OTC,20.38725796,32.64,126,0,Motors Liquidation Co,0,0,0
20130717,109508,MTLQU,OTC,20.54965646,32.9,1132,0,Motors Liquidation Co,0,0,0
20130718,109508,MTLQU,OTC,20.59337914,32.97,4260,0,Motors Liquidation Co,0,0,0
20130719,109508,MTLQU,OTC,20.36227358,32.6,142,0,Motors Liquidation Co,0,0,0
20130722,109508,MTLQU,OTC,20.55590256,32.91,112,0,Motors Liquidation Co,0,0,0
20130723,109508,MTLQU,OTC,20.58088695,32.95,336,0,Motors Liquidation Co,0,0,0
20130724,109508,MTLQU,OTC,20.8119925,33.32,536,0,Motors Liquidation Co,0,0,0
20130725,109508,MTLQU,OTC,20.85571518,33.39,983,0,Motors Liquidation Co,0,0,0
20130726,109508,MTLQU,OTC,20.54965646,32.9,562,0,Motors Liquidation Co,0,0,0
20130729,109508,MTLQU,OTC,20.34353529,32.57,1511,0,Motors Liquidation Co,0,0,0
20130730,109508,MTLQU,OTC,20.43722673,32.72,231,0,Motors Liquidation Co,0,0,0
20130731,109508,MTLQU,OTC,20.39350406,32.65,293,0,Motors Liquidation Co,0,0,0
20130801,109508,MTLQU,OTC,20.4871955,32.8,572,0,Motors Liquidation Co,0,0,0
20130802,109508,MTLQU,OTC,20.6558401,33.07,402,0,Motors Liquidation Co,0,0,0
20130805,109508,MTLQU,OTC,20.61211743,33,160,0,Motors Liquidation Co,0,0,0
20130806,109508,MTLQU,OTC,20.23735166,32.4,173,0,Motors Liquidation Co,0,0,0
20130807,109508,MTLQU,OTC,20.20612117,32.35,650,0,Motors Liquidation Co,0,0,0
20130808,109508,MTLQU,OTC,20.21236727,32.36,1182,0,Motors Liquidation Co,0,0,0
20130809,109508,MTLQU,OTC,20.18738289,32.32,5903,0,Motors Liquidation Co,0,0,0
20130812,109508,MTLQU,OTC,20.17489069,32.3,4529,0,Motors Liquidation Co,0,0,0
20130813,109508,MTLQU,OTC,20.11242973,32.2,290,0,Motors Liquidation Co,0,0,0
20130814,109508,MTLQU,OTC,20.06246096,32.12,62,0,Motors Liquidation Co,0,0,0
20130815,109508,MTLQU,OTC,19.61274204,31.4,171,0,Motors Liquidation Co,0,0,0
20130816,109508,MTLQU,OTC,19.675203,31.5,293,0,Motors Liquidation Co,0,0,0
20130819,109508,MTLQU,OTC,19.71267958,31.56,432,0,Motors Liquidation Co,0,0,0
20130820,109508,MTLQU,OTC,19.73766396,31.6,4121,0,Motors Liquidation Co,0,0,0
20130821,109508,MTLQU,OTC,19.46283573,31.16,83,0,Motors Liquidation Co,0,0,0
20130822,109508,MTLQU,OTC,19.53778888,31.28,2317,0,Motors Liquidation Co,0,0,0
20130823,109508,MTLQU,OTC,19.19425359,30.73,3807,0,Motors Liquidation Co,0,0,0
20130826,109508,MTLQU,OTC,19.30043723,30.9,331,0,Motors Liquidation Co,0,0,0
20130827,109508,MTLQU,OTC,18.8444722,30.17,453,0,Motors Liquidation Co,0,0,0
20130828,109508,MTLQU,OTC,18.76951905,30.05,447,0,Motors Liquidation Co,0,0,0
20130829,109508,MTLQU,OTC,18.92567146,30.3,528,0,Motors Liquidation Co,0,0,0
20130830,109508,MTLQU,OTC,18.80074953,30.1,687,0,Motors Liquidation Co,0,0,0
20130903,109508,MTLQU,OTC,18.67582761,29.9,3738,0,Motors Liquidation Co,0,0,0
20130904,109508,MTLQU,OTC,19.48782011,31.2,408,0,Motors Liquidation Co,0,0,0
20130905,109508,MTLQU,OTC,19.72517177,31.58,656,0,Motors Liquidation Co,0,0,0
20130906,109508,MTLQU,OTC,19.78763273,31.68,949,0,Motors Liquidation Co,0,0,0
20130909,109508,MTLQU,OTC,20.08119925,32.15,6979,0,Motors Liquidation Co,0,0,0
20130910,109508,MTLQU,OTC,20.26858214,32.45,530,0,Motors Liquidation Co,0,0,0
20130911,109508,MTLQU,OTC,20.1686446,32.29,6254,0,Motors Liquidation Co,0,0,0
20130912,109508,MTLQU,OTC,20.14990631,32.26,45,0,Motors Liquidation Co,0,0,0
20130913,109508,MTLQU,OTC,20.14366021,32.25,1361,0,Motors Liquidation Co,0,0,0
20130916,109508,MTLQU,OTC,20.17489069,32.3,402,0,Motors Liquidation Co,0,0,0
20130917,109508,MTLQU,OTC,20.42473454,32.7,445,0,Motors Liquidation Co,0,0,0
20130918,109508,MTLQU,OTC,20.76826983,33.25,562,0,Motors Liquidation Co,0,0,0
20130919,109508,MTLQU,OTC,20.58088695,32.95,194,0,Motors Liquidation Co,0,0,0
20130920,109508,MTLQU,OTC,20.4871955,32.8,1571,0,Motors Liquidation Co,0,0,0
20130923,109508,MTLQU,OTC,20.66833229,33.09,720,0,Motors Liquidation Co,0,0,0
20130924,109508,MTLQU,OTC,20.93066833,33.51,637,0,Motors Liquidation Co,0,0,0
20130925,109508,MTLQU,OTC,20.83073079,33.35,1404,0,Motors Liquidation Co,0,0,0
20130926,109508,MTLQU,OTC,20.79950031,33.3,2461,0,Motors Liquidation Co,0,0,0
20130927,109508,MTLQU,OTC,22.42348532,35.9,33438,0,Motors Liquidation Co,0,0,0
20130930,109508,MTLQU,OTC,22.14241099,35.45,1217,0,Motors Liquidation Co,0,0,0
20131001,109508,MTLQU,OTC,21.86133666,35,10594,0,Motors Liquidation Co,0,0,0
20131002,109508,MTLQU,OTC,21.89881324,35.06,4547,0,Motors Liquidation Co,0,0,0
20131003,109508,MTLQU,OTC,21.58026234,34.55,895,0,Motors Liquidation Co,0,0,0
20131004,109508,MTLQU,OTC,21.6427233,34.65,3146,0,Motors Liquidation Co,0,0,0
20131007,109508,MTLQU,OTC,21.42410993,34.3,142,0,Motors Liquidation Co,0,0,0
20131008,109508,MTLQU,OTC,21.04934416,33.7,1175,0,Motors Liquidation Co,0,0,0
20131009,109508,MTLQU,OTC,21.01811368,33.65,2052,0,Motors Liquidation Co,0,0,0
20131010,109508,MTLQU,OTC,21.20549656,33.95,307,0,Motors Liquidation Co,0,0,0
20131011,109508,MTLQU,OTC,21.42410993,34.3,3738,0,Motors Liquidation Co,0,0,0
20131014,109508,MTLQU,OTC,21.48657089,34.4,1364,0,Motors Liquidation Co,0,0,0
20131015,109508,MTLQU,OTC,21.23672705,34,514,0,Motors Liquidation Co,0,0,0
20131016,109508,MTLQU,OTC,21.36164897,34.2,1362,0,Motors Liquidation Co,0,0,0
20131017,109508,MTLQU,OTC,21.6427233,34.65,4260,0,Motors Liquidation Co,0,0,0
20131018,109508,MTLQU,OTC,21.6427233,34.65,6098,0,Motors Liquidation Co,0,0,0
20131021,109508,MTLQU,OTC,21.45534041,34.35,2091,0,Motors Liquidation Co,0,0,0
20131022,109508,MTLQU,OTC,21.67395378,34.7,5780,0,Motors Liquidation Co,0,0,0
20131023,109508,MTLQU,OTC,21.41161774,34.28,2589,0,Motors Liquidation Co,0,0,0
20131024,109508,MTLQU,OTC,21.67395378,34.7,4084,0,Motors Liquidation Co,0,0,0
20131025,109508,MTLQU,OTC,21.6427233,34.65,261,0,Motors Liquidation Co,0,0,0
20131028,109508,MTLQU,OTC,21.86133666,35,6023,0,Motors Liquidation Co,0,0,0
20131029,109508,MTLQU,OTC,22.07370394,35.34,5969,0,Motors Liquidation Co,0,0,0
20131030,109508,MTLQU,OTC,22.61086821,36.2,11918,0,Motors Liquidation Co,0,0,0
20131031,109508,MTLQU,OTC,22.67332917,36.3,5700,0,Motors Liquidation Co,0,0,0
20131101,109508,MTLQU,OTC,22.66708307,36.29,8272,0,Motors Liquidation Co,0,0,0
20131104,109508,MTLQU,OTC,22.67332917,36.3,183,0,Motors Liquidation Co,0,0,0
20131105,109508,MTLQU,OTC,22.64209869,36.25,1892,0,Motors Liquidation Co,0,0,0
20131106,109508,MTLQU,OTC,22.4547158,35.95,4921,0,Motors Liquidation Co,0,0,0
20131107,109508,MTLQU,OTC,22.17364147,35.5,5647,0,Motors Liquidation Co,0,0,0
20131108,109508,MTLQU,OTC,26.54590881,42.5,58966,0,Motors Liquidation Co,0,0,0
20131111,109508,MTLQU,OTC,28.01374141,44.85,2594,0,Motors Liquidation Co,0,0,0
20131112,109508,MTLQU,OTC,27.95128045,44.75,3385,0,Motors Liquidation Co,0,0,0
20131113,109508,MTLQU,OTC,28.57589007,45.75,11173,0,Motors Liquidation Co,0,0,0
20131114,109508,MTLQU,OTC,28.3572767,45.4,2871,0,Motors Liquidation Co,0,0,0
20131115,109508,MTLQU,OTC,28.57589007,45.75,5327,0,Motors Liquidation Co,0,0,0
20131118,109508,MTLQU,OTC,28.63835103,45.85,1924,0,Motors Liquidation Co,0,0,0
20131119,109508,MTLQU,OTC,28.55715178,45.72,876,0,Motors Liquidation Co,0,0,0
20131120,109508,MTLQU,OTC,28.64459713,45.86,1138,0,Motors Liquidation Co,0,0,0
20131121,109508,MTLQU,OTC,29.10680824,46.6,5242,0,Motors Liquidation Co,0,0,0
20131122,109508,MTLQU,OTC,28.87570269,46.23,1627,0,Motors Liquidation Co,0,0,0
20131125,109508,MTLQU,OTC,28.63835103,45.85,2115,0,Motors Liquidation Co,0,0,0
20131126,109508,MTLQU,OTC,28.60712055,45.8,8629,0,Motors Liquidation Co,0,0,0
20131127,109508,MTLQU,OTC,29.35665209,47,7931,0,Motors Liquidation Co,0,0,0
20131129,109508,MTLQU,OTC,29.29419113,46.9,109,0,Motors Liquidation Co,0,0,0
20131202,109508,MTLQU,OTC,29.53154279,47.28,1939,0,Motors Liquidation Co,0,0,0
20131203,109508,MTLQU,OTC,29.07557776,46.55,3175,0,Motors Liquidation Co,0,0,0
20131204,109508,MTLQU,OTC,29.57526546,47.35,11684,0,Motors Liquidation Co,0,0,0
20131205,109508,MTLQU,OTC,30.07495315,48.15,3228,0,Motors Liquidation Co,0,0,0
20131206,109508,MTLQU,OTC,30.85571518,49.4,951,0,Motors Liquidation Co,0,0,0
20131209,109508,MTLQU,OTC,31.51155528,50.45,1057,0,Motors Liquidation Co,0,0,0
20131210,109508,MTLQU,OTC,31.07432854,49.75,5186,0,Motors Liquidation Co,0,0,0
20131211,109508,MTLQU,OTC,30.9806371,49.6,7451,0,Motors Liquidation Co,0,0,0
20131212,109508,MTLQU,OTC,30.96814491,49.58,2747,0,Motors Liquidation Co,0,0,0
20131213,109508,MTLQU,OTC,31.19925047,49.95,2027,0,Motors Liquidation Co,0,0,0
20131216,109508,MTLQU,OTC,31.70518426,50.76,1515,0,Motors Liquidation Co,0,0,0
20131217,109508,MTLQU,OTC,31.85509057,51,12224,0,Motors Liquidation Co,0,0,0
20131218,109508,MTLQU,OTC,31.79262961,50.9,7478,0,Motors Liquidation Co,0,0,0
20131219,109508,MTLQU,OTC,31.1492817,49.87,1764,0,Motors Liquidation Co,0,0,0
20131220,109508,MTLQU,OTC,31.85509057,51,8152,0,Motors Liquidation Co,0,0,0
20131223,109508,MTLQU,OTC,32.53,32.53,181,0,Motors Liquidation Co,0,0,0
20131224,109508,MTLQU,OTC,32.56,32.56,14,0,Motors Liquidation Co,0,0,0
20131226,109508,MTLQU,OTC,32.75,32.75,66,0,Motors Liquidation Co,0,0,0
20131227,109508,MTLQU,OTC,32.45,32.45,450,0,Motors Liquidation Co,0,0,0
20131230,109508,MTLQU,OTC,32.05,32.05,104,0,Motors Liquidation Co,0,0,0
20131231,109508,MTLQU,OTC,32.15,32.15,813,0,Motors Liquidation Co,0,0,0
20140102,109508,MTLQU,OTC,32.1,32.1,185,0,Motors Liquidation Co,0,0,0
20140103,109508,MTLQU,OTC,31.28,31.28,1136,0,Motors Liquidation Co,0,0,0
20140106,109508,MTLQU,OTC,31.85,31.85,154,0,Motors Liquidation Co,0,0,0
20140107,109508,MTLQU,OTC,31.75,31.75,170,0,Motors Liquidation Co,0,0,0
20140108,109508,MTLQU,OTC,32.15,32.15,1065,0,Motors Liquidation Co,0,0,0
20140109,109508,MTLQU,OTC,32,32,8848,0,Motors Liquidation Co,0,0,0
20140110,109508,MTLQU,OTC,31.92,31.92,130,0,Motors Liquidation Co,0,0,0
20140113,109508,MTLQU,OTC,32.15,32.15,2848,0,Motors Liquidation Co,0,0,0
20140114,109508,MTLQU,OTC,32.35,32.35,1085,0,Motors Liquidation Co,0,0,0
20140115,109508,MTLQU,OTC,32.05,32.05,2218,0,Motors Liquidation Co,0,0,0
20140116,109508,MTLQU,OTC,31.91,31.91,142,0,Motors Liquidation Co,0,0,0
20140117,109508,MTLQU,OTC,31.86,31.86,138,0,Motors Liquidation Co,0,0,0
20140121,109508,MTLQU,OTC,31.78,31.78,1494,0,Motors Liquidation Co,0,0,0
20140122,109508,MTLQU,OTC,31.95,31.95,1068,0,Motors Liquidation Co,0,0,0
20140123,109508,MTLQU,OTC,32.35,32.35,2175,0,Motors Liquidation Co,0,0,0
20140124,109508,MTLQU,OTC,31.7,31.7,12941,0,Motors Liquidation Co,0,0,0
20140127,109508,MTLQU,OTC,31.6,31.6,1301,0,Motors Liquidation Co,0,0,0
20140128,109508,MTLQU,OTC,31.75,31.75,1858,0,Motors Liquidation Co,0,0,0
20140129,109508,MTLQU,OTC,31.35,31.35,2383,0,Motors Liquidation Co,0,0,0
20140130,109508,MTLQU,OTC,31.7,31.7,3089,0,Motors Liquidation Co,0,0,0
20140131,109508,MTLQU,OTC,30.85,30.85,2173,0,Motors Liquidation Co,0,0,0
20140203,109508,MTLQU,OTC,29.5,29.5,900,0,Motors Liquidation Co,0,0,0
20140204,109508,MTLQU,OTC,30.15,30.15,289,0,Motors Liquidation Co,0,0,0
20140205,109508,MTLQU,OTC,30.15,30.15,2474,0,Motors Liquidation Co,0,0,0
20140206,109508,MTLQU,OTC,30.15,30.15,2358,0,Motors Liquidation Co,0,0,0
20140207,109508,MTLQU,OTC,31.02,31.02,4868,0,Motors Liquidation Co,0,0,0
20140210,109508,MTLQU,OTC,29.9,29.9,3406,0,Motors Liquidation Co,0,0,0
20140211,109508,MTLQU,OTC,30.36,30.36,3757,0,Motors Liquidation Co,0,0,0
20140212,109508,MTLQU,OTC,30.4,30.4,5182,0,Motors Liquidation Co,0,0,0
20140213,109508,MTLQU,OTC,30.25,30.25,5868,0,Motors Liquidation Co,0,0,0
20140214,109508,MTLQU,OTC,30.9,30.9,8744,0,Motors Liquidation Co,0,0,0
20140218,109508,MTLQU,OTC,31.05,31.05,520,0,Motors Liquidation Co,0,0,0
20140219,109508,MTLQU,OTC,31.3,31.3,9992,0,Motors Liquidation Co,0,0,0
20140220,109508,MTLQU,OTC,31.42,31.42,3558,0,Motors Liquidation Co,0,0,0
20140221,109508,MTLQU,OTC,31.6,31.6,6935,0,Motors Liquidation Co,0,0,0
20140224,109508,MTLQU,OTC,31.35,31.35,147,0,Motors Liquidation Co,0,0,0
20140225,109508,MTLQU,OTC,31.25,31.25,109,0,Motors Liquidation Co,0,0,0
20140226,109508,MTLQU,OTC,31.7,31.7,552,0,Motors Liquidation Co,0,0,0
20140227,109508,MTLQU,OTC,31.65,31.65,40,0,Motors Liquidation Co,0,0,0
20140228,109508,MTLQU,OTC,31.35,31.35,153,0,Motors Liquidation Co,0,0,0
20140303,109508,MTLQU,OTC,31.3,31.3,106,0,Motors Liquidation Co,0,0,0
20140304,109508,MTLQU,OTC,32,32,134,0,Motors Liquidation Co,0,0,0
20140305,109508,MTLQU,OTC,32.75,32.75,3353,0,Motors Liquidation Co,0,0,0
20140306,109508,MTLQU,OTC,32.9,32.9,1933,0,Motors Liquidation Co,0,0,0
20140307,109508,MTLQU,OTC,32.61,32.61,74,0,Motors Liquidation Co,0,0,0
