DDate,CSINumber,Symbol,Exchange,DClose,UnAdjustedClose,TotalVolume,Cash,MarketName,PTB,PSR,DPS
19950818,13091,PSQ',AMEX,14.84350815,16.375,9,0,Public Storage Prop Xv Inc,0,0,0
19950821,13091,PSQ',AMEX,14.84350815,16.375,4,0,Public Storage Prop Xv Inc,0,0,0
19950822,13091,PSQ',AMEX,14.84350815,16.375,10,0,Public Storage Prop Xv Inc,0,0,0
19950823,13091,PSQ',AMEX,15.0701266,16.625,7,0,Public Storage Prop Xv Inc,0,0,0
19950824,13091,PSQ',AMEX,14.95681737,16.5,9,0,Public Storage Prop Xv Inc,0,0,0
19950825,13091,PSQ',AMEX,14.95681737,16.5,11,0,Public Storage Prop Xv Inc,0,0,0
19950828,13091,PSQ',AMEX,14.95681737,16.5,11,0,Public Storage Prop Xv Inc,0,0,0
19950829,13091,PSQ',AMEX,14.95681737,16.5,2,0,Public Storage Prop Xv Inc,0,0,0
19950830,13091,PSQ',AMEX,14.84350815,16.375,14,0,Public Storage Prop Xv Inc,0,0,0
19950831,13091,PSQ',AMEX,14.84350815,16.375,45,0,Public Storage Prop Xv Inc,0,0,0
19950901,13091,PSQ',AMEX,14.84350815,16.375,20,0,Public Storage Prop Xv Inc,0,0,0
19950905,13091,PSQ',AMEX,14.84350815,16.375,0,0,Public Storage Prop Xv Inc,0,0,0
19950906,13091,PSQ',AMEX,14.95681737,16.5,11,0,Public Storage Prop Xv Inc,0,0,0
19950907,13091,PSQ',AMEX,14.95681737,16.5,1,0,Public Storage Prop Xv Inc,0,0,0
19950908,13091,PSQ',AMEX,14.95681737,16.5,2,0,Public Storage Prop Xv Inc,0,0,0
19950911,13091,PSQ',AMEX,14.95681737,16.5,20,0,Public Storage Prop Xv Inc,0,0,0
19950912,13091,PSQ',AMEX,14.84350815,16.375,13,0,Public Storage Prop Xv Inc,0,0,0
19950913,13091,PSQ',AMEX,14.84350815,16.375,21,0,Public Storage Prop Xv Inc,0,0,0
19950914,13091,PSQ',AMEX,14.84350815,16.375,2,0,Public Storage Prop Xv Inc,0,0,0
19950915,13091,PSQ',AMEX,14.84350815,16.375,0,0,Public Storage Prop Xv Inc,0,0,0
19950918,13091,PSQ',AMEX,14.84350815,16.375,13,0,Public Storage Prop Xv Inc,0,0,0
19950919,13091,PSQ',AMEX,14.84350815,16.375,11,0,Public Storage Prop Xv Inc,0,0,0
19950920,13091,PSQ',AMEX,14.95681737,16.5,22,0,Public Storage Prop Xv Inc,0,0,0
19950921,13091,PSQ',AMEX,14.95681737,16.5,9,0,Public Storage Prop Xv Inc,0,0,0
19950922,13091,PSQ',AMEX,14.95681737,16.5,19,0,Public Storage Prop Xv Inc,0,0,0
19950925,13091,PSQ',AMEX,14.95681737,16.5,1,0,Public Storage Prop Xv Inc,0,0,0
19950926,13091,PSQ',AMEX,14.95681737,16.5,7,0,Public Storage Prop Xv Inc,0,0,0
19950927,13091,PSQ',AMEX,14.88757285,16.125,3,0,Public Storage Prop Xv Inc,0,0,0
19950928,13091,PSQ',AMEX,15.00298039,16.25,32,0,Public Storage Prop Xv Inc,0,0,0
19950929,13091,PSQ',AMEX,14.88757285,16.125,11,0,Public Storage Prop Xv Inc,0,0,0
19951002,13091,PSQ',AMEX,15.11838793,16.375,10,0,Public Storage Prop Xv Inc,0,0,0
19951003,13091,PSQ',AMEX,15.23379547,16.5,8,0,Public Storage Prop Xv Inc,0,0,0
19951004,13091,PSQ',AMEX,15.46461056,16.75,16,0,Public Storage Prop Xv Inc,0,0,0
19951005,13091,PSQ',AMEX,15.46461056,16.75,0,0,Public Storage Prop Xv Inc,0,0,0
19951006,13091,PSQ',AMEX,15.69542564,17,11,0,Public Storage Prop Xv Inc,0,0,0
19951009,13091,PSQ',AMEX,15.5800181,16.875,5,0,Public Storage Prop Xv Inc,0,0,0
19951010,13091,PSQ',AMEX,15.5800181,16.875,14,0,Public Storage Prop Xv Inc,0,0,0
19951011,13091,PSQ',AMEX,15.5800181,16.875,4,0,Public Storage Prop Xv Inc,0,0,0
19951012,13091,PSQ',AMEX,15.5800181,16.875,6,0,Public Storage Prop Xv Inc,0,0,0
19951013,13091,PSQ',AMEX,15.46461056,16.75,6,0,Public Storage Prop Xv Inc,0,0,0
19951016,13091,PSQ',AMEX,15.34920302,16.625,14,0,Public Storage Prop Xv Inc,0,0,0
19951017,13091,PSQ',AMEX,15.34920302,16.625,1,0,Public Storage Prop Xv Inc,0,0,0
19951018,13091,PSQ',AMEX,15.34920302,16.625,13,0,Public Storage Prop Xv Inc,0,0,0
19951019,13091,PSQ',AMEX,15.34920302,16.625,9,0,Public Storage Prop Xv Inc,0,0,0
19951020,13091,PSQ',AMEX,15.34920302,16.625,16,0,Public Storage Prop Xv Inc,0,0,0
19951023,13091,PSQ',AMEX,15.34920302,16.625,5,0,Public Storage Prop Xv Inc,0,0,0
19951024,13091,PSQ',AMEX,15.46461056,16.75,27,0,Public Storage Prop Xv Inc,0,0,0
19951025,13091,PSQ',AMEX,15.34920302,16.625,10,0,Public Storage Prop Xv Inc,0,0,0
19951026,13091,PSQ',AMEX,15.23379547,16.5,17,0,Public Storage Prop Xv Inc,0,0,0
19951027,13091,PSQ',AMEX,15.23379547,16.5,0,0,Public Storage Prop Xv Inc,0,0,0
19951030,13091,PSQ',AMEX,15.46461056,16.75,8,0,Public Storage Prop Xv Inc,0,0,0
19951031,13091,PSQ',AMEX,15.34920302,16.625,6,0,Public Storage Prop Xv Inc,0,0,0
19951101,13091,PSQ',AMEX,15.34920302,16.625,28,0,Public Storage Prop Xv Inc,0,0,0
19951102,13091,PSQ',AMEX,15.81083318,17.125,34,0,Public Storage Prop Xv Inc,0,0,0
19951103,13091,PSQ',AMEX,16.27246335,17.625,74,0,Public Storage Prop Xv Inc,0,0,0
19951106,13091,PSQ',AMEX,16.38787089,17.75,100,0,Public Storage Prop Xv Inc,0,0,0
19951107,13091,PSQ',AMEX,16.15705581,17.5,13,0,Public Storage Prop Xv Inc,0,0,0
19951108,13091,PSQ',AMEX,16.27246335,17.625,50,0,Public Storage Prop Xv Inc,0,0,0
19951109,13091,PSQ',AMEX,16.15705581,17.5,21,0,Public Storage Prop Xv Inc,0,0,0
19951110,13091,PSQ',AMEX,16.38787089,17.75,30,0,Public Storage Prop Xv Inc,0,0,0
19951113,13091,PSQ',AMEX,16.38787089,17.75,5,0,Public Storage Prop Xv Inc,0,0,0
19951114,13091,PSQ',AMEX,16.15705581,17.5,21,0,Public Storage Prop Xv Inc,0,0,0
19951115,13091,PSQ',AMEX,16.15705581,17.5,26,0,Public Storage Prop Xv Inc,0,0,0
19951116,13091,PSQ',AMEX,16.38787089,17.75,13,0,Public Storage Prop Xv Inc,0,0,0
19951117,13091,PSQ',AMEX,16.38787089,17.75,53,0,Public Storage Prop Xv Inc,0,0,0
19951120,13091,PSQ',AMEX,16.38787089,17.75,11,0,Public Storage Prop Xv Inc,0,0,0
19951121,13091,PSQ',AMEX,16.38787089,17.75,4,0,Public Storage Prop Xv Inc,0,0,0
19951122,13091,PSQ',AMEX,16.38787089,17.75,4,0,Public Storage Prop Xv Inc,0,0,0
19951124,13091,PSQ',AMEX,16.27246335,17.625,2,0,Public Storage Prop Xv Inc,0,0,0
19951127,13091,PSQ',AMEX,16.61868597,18,18,0,Public Storage Prop Xv Inc,0,0,0
19951128,13091,PSQ',AMEX,16.50327843,17.875,14,0,Public Storage Prop Xv Inc,0,0,0
19951129,13091,PSQ',AMEX,16.50327843,17.875,4,0,Public Storage Prop Xv Inc,0,0,0
19951130,13091,PSQ',AMEX,16.50327843,17.875,10,0,Public Storage Prop Xv Inc,0,0,0
19951201,13091,PSQ',AMEX,16.73409351,18.125,17,0,Public Storage Prop Xv Inc,0,0,0
19951204,13091,PSQ',AMEX,16.84950105,18.25,10,0,Public Storage Prop Xv Inc,0,0,0
19951205,13091,PSQ',AMEX,16.73409351,18.125,10,0,Public Storage Prop Xv Inc,0,0,0
19951206,13091,PSQ',AMEX,16.38787089,17.75,37,0,Public Storage Prop Xv Inc,0,0,0
19951207,13091,PSQ',AMEX,16.38787089,17.75,17,0,Public Storage Prop Xv Inc,0,0,0
19951208,13091,PSQ',AMEX,16.38787089,17.75,2,0,Public Storage Prop Xv Inc,0,0,0
19951211,13091,PSQ',AMEX,16.38787089,17.75,1,0,Public Storage Prop Xv Inc,0,0,0
19951212,13091,PSQ',AMEX,16.38787089,17.75,0,0,Public Storage Prop Xv Inc,0,0,0
19951213,13091,PSQ',AMEX,16.61868597,18,3,0,Public Storage Prop Xv Inc,0,0,0
19951214,13091,PSQ',AMEX,16.27246335,17.625,29,0,Public Storage Prop Xv Inc,0,0,0
19951215,13091,PSQ',AMEX,16.38787089,17.75,14,0,Public Storage Prop Xv Inc,0,0,0
19951218,13091,PSQ',AMEX,16.61868597,18,14,0,Public Storage Prop Xv Inc,0,0,0
19951219,13091,PSQ',AMEX,16.50327843,17.875,14,0,Public Storage Prop Xv Inc,0,0,0
19951220,13091,PSQ',AMEX,16.38787089,17.75,2,0,Public Storage Prop Xv Inc,0,0,0
19951221,13091,PSQ',AMEX,16.38787089,17.75,2,0,Public Storage Prop Xv Inc,0,0,0
19951222,13091,PSQ',AMEX,16.38787089,17.75,0,0,Public Storage Prop Xv Inc,0,0,0
19951226,13091,PSQ',AMEX,16.38787089,17.75,12,0,Public Storage Prop Xv Inc,0,0,0
19951227,13091,PSQ',AMEX,16.08265266,17.125,1,0,Public Storage Prop Xv Inc,0,0,0
19951228,13091,PSQ',AMEX,16.08265266,17.125,22,0,Public Storage Prop Xv Inc,0,0,0
19951229,13091,PSQ',AMEX,16.08265266,17.125,6,0,Public Storage Prop Xv Inc,0,0,0
19960102,13091,PSQ',AMEX,16.08265266,17.125,2,0,Public Storage Prop Xv Inc,0,0,0
19960103,13091,PSQ',AMEX,15.96526104,17,14,0,Public Storage Prop Xv Inc,0,0,0
19960104,13091,PSQ',AMEX,15.96526104,17,1,0,Public Storage Prop Xv Inc,0,0,0
19960105,13091,PSQ',AMEX,15.84786941,16.875,6,0,Public Storage Prop Xv Inc,0,0,0
19960108,13091,PSQ',AMEX,15.96526104,17,5,0,Public Storage Prop Xv Inc,0,0,0
19960109,13091,PSQ',AMEX,16.20004429,17.25,16,0,Public Storage Prop Xv Inc,0,0,0
19960110,13091,PSQ',AMEX,15.84786941,16.875,32,0,Public Storage Prop Xv Inc,0,0,0
19960111,13091,PSQ',AMEX,15.84786941,16.875,4,0,Public Storage Prop Xv Inc,0,0,0
19960112,13091,PSQ',AMEX,15.96526104,17,17,0,Public Storage Prop Xv Inc,0,0,0
19960115,13091,PSQ',AMEX,15.96526104,17,13,0,Public Storage Prop Xv Inc,0,0,0
19960116,13091,PSQ',AMEX,16.08265266,17.125,21,0,Public Storage Prop Xv Inc,0,0,0
19960117,13091,PSQ',AMEX,15.96526104,17,4,0,Public Storage Prop Xv Inc,0,0,0
19960118,13091,PSQ',AMEX,15.96526104,17,0,0,Public Storage Prop Xv Inc,0,0,0
19960119,13091,PSQ',AMEX,15.73047779,16.75,17,0,Public Storage Prop Xv Inc,0,0,0
19960122,13091,PSQ',AMEX,15.96526104,17,28,0,Public Storage Prop Xv Inc,0,0,0
19960123,13091,PSQ',AMEX,15.96526104,17,26,0,Public Storage Prop Xv Inc,0,0,0
19960124,13091,PSQ',AMEX,16.20004429,17.25,15,0,Public Storage Prop Xv Inc,0,0,0
19960125,13091,PSQ',AMEX,16.43482754,17.5,5,0,Public Storage Prop Xv Inc,0,0,0
19960126,13091,PSQ',AMEX,16.31743591,17.375,4,0,Public Storage Prop Xv Inc,0,0,0
19960129,13091,PSQ',AMEX,16.31743591,17.375,9,0,Public Storage Prop Xv Inc,0,0,0
19960130,13091,PSQ',AMEX,16.31743591,17.375,10,0,Public Storage Prop Xv Inc,0,0,0
19960131,13091,PSQ',AMEX,16.31743591,17.375,19,0,Public Storage Prop Xv Inc,0,0,0
19960201,13091,PSQ',AMEX,16.08265266,17.125,39,0,Public Storage Prop Xv Inc,0,0,0
19960202,13091,PSQ',AMEX,15.96526104,17,27,0,Public Storage Prop Xv Inc,0,0,0
19960205,13091,PSQ',AMEX,16.43482754,17.5,14,0,Public Storage Prop Xv Inc,0,0,0
19960206,13091,PSQ',AMEX,16.31743591,17.375,10,0,Public Storage Prop Xv Inc,0,0,0
19960207,13091,PSQ',AMEX,16.31743591,17.375,11,0,Public Storage Prop Xv Inc,0,0,0
19960208,13091,PSQ',AMEX,16.31743591,17.375,4,0,Public Storage Prop Xv Inc,0,0,0
19960209,13091,PSQ',AMEX,16.31743591,17.375,3,0,Public Storage Prop Xv Inc,0,0,0
19960212,13091,PSQ',AMEX,16.31743591,17.375,17,0,Public Storage Prop Xv Inc,0,0,0
19960213,13091,PSQ',AMEX,16.20004429,17.25,19,0,Public Storage Prop Xv Inc,0,0,0
19960214,13091,PSQ',AMEX,16.08265266,17.125,49,0,Public Storage Prop Xv Inc,0,0,0
19960215,13091,PSQ',AMEX,16.20004429,17.25,9,0,Public Storage Prop Xv Inc,0,0,0
19960216,13091,PSQ',AMEX,16.08265266,17.125,7,0,Public Storage Prop Xv Inc,0,0,0
19960220,13091,PSQ',AMEX,16.31743591,17.375,18,0,Public Storage Prop Xv Inc,0,0,0
19960221,13091,PSQ',AMEX,16.43482754,17.5,11,0,Public Storage Prop Xv Inc,0,0,0
19960222,13091,PSQ',AMEX,16.55221916,17.625,40,0,Public Storage Prop Xv Inc,0,0,0
19960223,13091,PSQ',AMEX,16.66961079,17.75,2,0,Public Storage Prop Xv Inc,0,0,0
19960226,13091,PSQ',AMEX,16.78700241,17.875,13,0,Public Storage Prop Xv Inc,0,0,0
19960227,13091,PSQ',AMEX,16.78700241,17.875,23,0,Public Storage Prop Xv Inc,0,0,0
19960228,13091,PSQ',AMEX,16.43482754,17.5,30,0,Public Storage Prop Xv Inc,0,0,0
19960229,13091,PSQ',AMEX,16.31743591,17.375,57,0,Public Storage Prop Xv Inc,0,0,0
19960301,13091,PSQ',AMEX,16.43482754,17.5,11,0,Public Storage Prop Xv Inc,0,0,0
19960304,13091,PSQ',AMEX,16.31743591,17.375,18,0,Public Storage Prop Xv Inc,0,0,0
19960305,13091,PSQ',AMEX,16.55221916,17.625,11,0,Public Storage Prop Xv Inc,0,0,0
19960306,13091,PSQ',AMEX,16.78700241,17.875,13,0,Public Storage Prop Xv Inc,0,0,0
19960307,13091,PSQ',AMEX,16.78700241,17.875,0,0,Public Storage Prop Xv Inc,0,0,0
19960308,13091,PSQ',AMEX,16.66961079,17.75,14,0,Public Storage Prop Xv Inc,0,0,0
19960311,13091,PSQ',AMEX,16.66961079,17.75,11,0,Public Storage Prop Xv Inc,0,0,0
19960312,13091,PSQ',AMEX,16.66961079,17.75,2,0,Public Storage Prop Xv Inc,0,0,0
19960313,13091,PSQ',AMEX,16.90439404,18,10,0,Public Storage Prop Xv Inc,0,0,0
19960314,13091,PSQ',AMEX,16.66961079,17.75,48,0,Public Storage Prop Xv Inc,0,0,0
19960315,13091,PSQ',AMEX,16.78700241,17.875,14,0,Public Storage Prop Xv Inc,0,0,0
19960318,13091,PSQ',AMEX,16.78700241,17.875,10,0,Public Storage Prop Xv Inc,0,0,0
19960319,13091,PSQ',AMEX,16.78700241,17.875,4,0,Public Storage Prop Xv Inc,0,0,0
19960320,13091,PSQ',AMEX,16.78700241,17.875,1,0,Public Storage Prop Xv Inc,0,0,0
19960321,13091,PSQ',AMEX,16.55221916,17.625,38,0,Public Storage Prop Xv Inc,0,0,0
19960322,13091,PSQ',AMEX,16.66961079,17.75,14,0,Public Storage Prop Xv Inc,0,0,0
19960325,13091,PSQ',AMEX,16.66961079,17.75,7,0,Public Storage Prop Xv Inc,0,0,0
19960326,13091,PSQ',AMEX,16.66961079,17.75,0,0,Public Storage Prop Xv Inc,0,0,0
19960327,13091,PSQ',AMEX,16.83678454,17.625,30,0,Public Storage Prop Xv Inc,0,0,0
19960328,13091,PSQ',AMEX,16.95619436,17.75,10,0,Public Storage Prop Xv Inc,0,0,0
19960329,13091,PSQ',AMEX,16.95619436,17.75,2,0,Public Storage Prop Xv Inc,0,0,0
19960401,13091,PSQ',AMEX,16.95619436,17.75,0,0,Public Storage Prop Xv Inc,0,0,0
19960402,13091,PSQ',AMEX,17.07560418,17.875,5,0,Public Storage Prop Xv Inc,0,0,0
19960403,13091,PSQ',AMEX,17.07560418,17.875,9,0,Public Storage Prop Xv Inc,0,0,0
19960404,13091,PSQ',AMEX,17.07560418,17.875,2,0,Public Storage Prop Xv Inc,0,0,0
19960408,13091,PSQ',AMEX,16.95619436,17.75,13,0,Public Storage Prop Xv Inc,0,0,0
19960409,13091,PSQ',AMEX,17.07560418,17.875,33,0,Public Storage Prop Xv Inc,0,0,0
19960410,13091,PSQ',AMEX,17.19501399,18,18,0,Public Storage Prop Xv Inc,0,0,0
19960411,13091,PSQ',AMEX,17.19501399,18,8,0,Public Storage Prop Xv Inc,0,0,0
19960412,13091,PSQ',AMEX,17.19501399,18,0,0,Public Storage Prop Xv Inc,0,0,0
19960415,13091,PSQ',AMEX,17.19501399,18,4,0,Public Storage Prop Xv Inc,0,0,0
19960416,13091,PSQ',AMEX,17.31442381,18.125,9,0,Public Storage Prop Xv Inc,0,0,0
19960417,13091,PSQ',AMEX,17.31442381,18.125,40,0,Public Storage Prop Xv Inc,0,0,0
19960418,13091,PSQ',AMEX,17.31442381,18.125,9,0,Public Storage Prop Xv Inc,0,0,0
19960419,13091,PSQ',AMEX,17.19501399,18,5,0,Public Storage Prop Xv Inc,0,0,0
19960422,13091,PSQ',AMEX,17.19501399,18,3,0,Public Storage Prop Xv Inc,0,0,0
19960423,13091,PSQ',AMEX,17.19501399,18,8,0,Public Storage Prop Xv Inc,0,0,0
19960424,13091,PSQ',AMEX,17.31442381,18.125,37,0,Public Storage Prop Xv Inc,0,0,0
19960425,13091,PSQ',AMEX,17.31442381,18.125,5,0,Public Storage Prop Xv Inc,0,0,0
19960426,13091,PSQ',AMEX,17.31442381,18.125,15,0,Public Storage Prop Xv Inc,0,0,0
19960429,13091,PSQ',AMEX,17.31442381,18.125,5,0,Public Storage Prop Xv Inc,0,0,0
19960430,13091,PSQ',AMEX,17.43383363,18.25,24,0,Public Storage Prop Xv Inc,0,0,0
19960501,13091,PSQ',AMEX,17.43383363,18.25,1,0,Public Storage Prop Xv Inc,0,0,0
19960502,13091,PSQ',AMEX,17.31442381,18.125,9,0,Public Storage Prop Xv Inc,0,0,0
19960503,13091,PSQ',AMEX,17.19501399,18,19,0,Public Storage Prop Xv Inc,0,0,0
19960506,13091,PSQ',AMEX,17.19501399,18,3,0,Public Storage Prop Xv Inc,0,0,0
19960507,13091,PSQ',AMEX,17.31442381,18.125,9,0,Public Storage Prop Xv Inc,0,0,0
19960508,13091,PSQ',AMEX,17.19501399,18,6,0,Public Storage Prop Xv Inc,0,0,0
19960509,13091,PSQ',AMEX,17.31442381,18.125,4,0,Public Storage Prop Xv Inc,0,0,0
19960510,13091,PSQ',AMEX,17.43383363,18.25,19,0,Public Storage Prop Xv Inc,0,0,0
19960513,13091,PSQ',AMEX,17.43383363,18.25,4,0,Public Storage Prop Xv Inc,0,0,0
19960514,13091,PSQ',AMEX,17.31442381,18.125,17,0,Public Storage Prop Xv Inc,0,0,0
19960515,13091,PSQ',AMEX,17.43383363,18.25,8,0,Public Storage Prop Xv Inc,0,0,0
19960516,13091,PSQ',AMEX,17.43383363,18.25,4,0,Public Storage Prop Xv Inc,0,0,0
19960517,13091,PSQ',AMEX,17.43383363,18.25,10,0,Public Storage Prop Xv Inc,0,0,0
19960520,13091,PSQ',AMEX,17.31442381,18.125,8,0,Public Storage Prop Xv Inc,0,0,0
19960521,13091,PSQ',AMEX,17.31442381,18.125,5,0,Public Storage Prop Xv Inc,0,0,0
19960522,13091,PSQ',AMEX,17.31442381,18.125,7,0,Public Storage Prop Xv Inc,0,0,0
19960523,13091,PSQ',AMEX,17.43383363,18.25,28,0,Public Storage Prop Xv Inc,0,0,0
19960524,13091,PSQ',AMEX,17.67265327,18.5,23,0,Public Storage Prop Xv Inc,0,0,0
19960528,13091,PSQ',AMEX,17.43383363,18.25,13,0,Public Storage Prop Xv Inc,0,0,0
19960529,13091,PSQ',AMEX,17.43383363,18.25,19,0,Public Storage Prop Xv Inc,0,0,0
19960530,13091,PSQ',AMEX,17.43383363,18.25,1,0,Public Storage Prop Xv Inc,0,0,0
19960531,13091,PSQ',AMEX,17.43383363,18.25,5,0,Public Storage Prop Xv Inc,0,0,0
19960603,13091,PSQ',AMEX,17.55324345,18.375,44,0,Public Storage Prop Xv Inc,0,0,0
19960604,13091,PSQ',AMEX,17.55324345,18.375,2,0,Public Storage Prop Xv Inc,0,0,0
19960605,13091,PSQ',AMEX,17.79206309,18.625,7,0,Public Storage Prop Xv Inc,0,0,0
19960606,13091,PSQ',AMEX,17.67265327,18.5,14,0,Public Storage Prop Xv Inc,0,0,0
19960607,13091,PSQ',AMEX,17.67265327,18.5,5,0,Public Storage Prop Xv Inc,0,0,0
19960610,13091,PSQ',AMEX,17.67265327,18.5,13,0,Public Storage Prop Xv Inc,0,0,0
19960611,13091,PSQ',AMEX,17.67265327,18.5,3,0,Public Storage Prop Xv Inc,0,0,0
19960612,13091,PSQ',AMEX,17.67265327,18.5,1,0,Public Storage Prop Xv Inc,0,0,0
19960613,13091,PSQ',AMEX,17.67265327,18.5,0,0,Public Storage Prop Xv Inc,0,0,0
19960614,13091,PSQ',AMEX,17.67265327,18.5,2,0,Public Storage Prop Xv Inc,0,0,0
19960617,13091,PSQ',AMEX,17.67265327,18.5,18,0,Public Storage Prop Xv Inc,0,0,0
19960618,13091,PSQ',AMEX,17.67265327,18.5,6,0,Public Storage Prop Xv Inc,0,0,0
19960619,13091,PSQ',AMEX,17.55324345,18.375,8,0,Public Storage Prop Xv Inc,0,0,0
19960620,13091,PSQ',AMEX,17.55324345,18.375,12,0,Public Storage Prop Xv Inc,0,0,0
19960621,13091,PSQ',AMEX,17.55324345,18.375,4,0,Public Storage Prop Xv Inc,0,0,0
19960624,13091,PSQ',AMEX,17.79206309,18.625,37,0,Public Storage Prop Xv Inc,0,0,0
19960625,13091,PSQ',AMEX,17.91147291,18.75,31,0,Public Storage Prop Xv Inc,0,0,0
19960626,13091,PSQ',AMEX,17.83866205,18.375,1,0,Public Storage Prop Xv Inc,0,0,0
19960627,13091,PSQ',AMEX,17.7173106,18.25,9,0,Public Storage Prop Xv Inc,0,0,0
19960628,13091,PSQ',AMEX,17.59595916,18.125,11,0,Public Storage Prop Xv Inc,0,0,0
19960701,13091,PSQ',AMEX,17.47460772,18,15,0,Public Storage Prop Xv Inc,0,0,0
19960702,13091,PSQ',AMEX,17.47460772,18,16,0,Public Storage Prop Xv Inc,0,0,0
19960703,13091,PSQ',AMEX,17.59595916,18.125,10,0,Public Storage Prop Xv Inc,0,0,0
19960705,13091,PSQ',AMEX,17.59595916,18.125,1,0,Public Storage Prop Xv Inc,0,0,0
19960708,13091,PSQ',AMEX,17.7173106,18.25,14,0,Public Storage Prop Xv Inc,0,0,0
19960709,13091,PSQ',AMEX,17.59595916,18.125,30,0,Public Storage Prop Xv Inc,0,0,0
19960710,13091,PSQ',AMEX,17.7173106,18.25,12,0,Public Storage Prop Xv Inc,0,0,0
19960711,13091,PSQ',AMEX,17.47460772,18,5,0,Public Storage Prop Xv Inc,0,0,0
19960712,13091,PSQ',AMEX,17.59595916,18.125,4,0,Public Storage Prop Xv Inc,0,0,0
19960715,13091,PSQ',AMEX,17.59595916,18.125,11,0,Public Storage Prop Xv Inc,0,0,0
19960716,13091,PSQ',AMEX,17.35325628,17.875,49,0,Public Storage Prop Xv Inc,0,0,0
19960717,13091,PSQ',AMEX,17.7173106,18.25,39,0,Public Storage Prop Xv Inc,0,0,0
19960718,13091,PSQ',AMEX,17.96001349,18.5,52,0,Public Storage Prop Xv Inc,0,0,0
19960719,13091,PSQ',AMEX,17.96001349,18.5,111,0,Public Storage Prop Xv Inc,0,0,0
19960722,13091,PSQ',AMEX,17.96001349,18.5,1,0,Public Storage Prop Xv Inc,0,0,0
19960723,13091,PSQ',AMEX,17.83866205,18.375,15,0,Public Storage Prop Xv Inc,0,0,0
19960724,13091,PSQ',AMEX,17.59595916,18.125,15,0,Public Storage Prop Xv Inc,0,0,0
19960725,13091,PSQ',AMEX,17.59595916,18.125,3,0,Public Storage Prop Xv Inc,0,0,0
19960726,13091,PSQ',AMEX,17.96001349,18.5,24,0,Public Storage Prop Xv Inc,0,0,0
19960729,13091,PSQ',AMEX,17.96001349,18.5,11,0,Public Storage Prop Xv Inc,0,0,0
19960730,13091,PSQ',AMEX,17.7173106,18.25,53,0,Public Storage Prop Xv Inc,0,0,0
19960731,13091,PSQ',AMEX,17.96001349,18.5,63,0,Public Storage Prop Xv Inc,0,0,0
19960801,13091,PSQ',AMEX,18.08136493,18.625,5,0,Public Storage Prop Xv Inc,0,0,0
19960802,13091,PSQ',AMEX,18.32406782,18.875,13,0,Public Storage Prop Xv Inc,0,0,0
19960805,13091,PSQ',AMEX,18.32406782,18.875,1,0,Public Storage Prop Xv Inc,0,0,0
19960806,13091,PSQ',AMEX,18.32406782,18.875,3,0,Public Storage Prop Xv Inc,0,0,0
19960807,13091,PSQ',AMEX,18.32406782,18.875,14,0,Public Storage Prop Xv Inc,0,0,0
19960808,13091,PSQ',AMEX,18.44541926,19,4,0,Public Storage Prop Xv Inc,0,0,0
19960809,13091,PSQ',AMEX,18.44541926,19,3,0,Public Storage Prop Xv Inc,0,0,0
19960812,13091,PSQ',AMEX,18.44541926,19,3,0,Public Storage Prop Xv Inc,0,0,0
19960813,13091,PSQ',AMEX,18.44541926,19,6,0,Public Storage Prop Xv Inc,0,0,0
19960814,13091,PSQ',AMEX,18.44541926,19,2,0,Public Storage Prop Xv Inc,0,0,0
19960815,13091,PSQ',AMEX,18.44541926,19,2,0,Public Storage Prop Xv Inc,0,0,0
19960816,13091,PSQ',AMEX,18.44541926,19,8,0,Public Storage Prop Xv Inc,0,0,0
19960819,13091,PSQ',AMEX,18.44541926,19,55,0,Public Storage Prop Xv Inc,0,0,0
19960820,13091,PSQ',AMEX,18.44541926,19,5,0,Public Storage Prop Xv Inc,0,0,0
19960821,13091,PSQ',AMEX,18.5667707,19.125,22,0,Public Storage Prop Xv Inc,0,0,0
19960822,13091,PSQ',AMEX,18.80947359,19.375,12,0,Public Storage Prop Xv Inc,0,0,0
19960823,13091,PSQ',AMEX,18.80947359,19.375,55,0,Public Storage Prop Xv Inc,0,0,0
19960826,13091,PSQ',AMEX,18.80947359,19.375,0,0,Public Storage Prop Xv Inc,0,0,0
19960827,13091,PSQ',AMEX,18.80947359,19.375,0,0,Public Storage Prop Xv Inc,0,0,0
19960828,13091,PSQ',AMEX,18.80947359,19.375,2,0,Public Storage Prop Xv Inc,0,0,0
19960829,13091,PSQ',AMEX,18.80947359,19.375,3,0,Public Storage Prop Xv Inc,0,0,0
19960830,13091,PSQ',AMEX,18.80947359,19.375,1,0,Public Storage Prop Xv Inc,0,0,0
19960903,13091,PSQ',AMEX,18.80947359,19.375,3,0,Public Storage Prop Xv Inc,0,0,0
19960904,13091,PSQ',AMEX,18.80947359,19.375,1,0,Public Storage Prop Xv Inc,0,0,0
19960905,13091,PSQ',AMEX,18.80947359,19.375,3,0,Public Storage Prop Xv Inc,0,0,0
19960906,13091,PSQ',AMEX,18.80947359,19.375,5,0,Public Storage Prop Xv Inc,0,0,0
19960909,13091,PSQ',AMEX,18.80947359,19.375,10,0,Public Storage Prop Xv Inc,0,0,0
19960910,13091,PSQ',AMEX,18.80947359,19.375,1,0,Public Storage Prop Xv Inc,0,0,0
19960911,13091,PSQ',AMEX,18.80947359,19.375,3,0,Public Storage Prop Xv Inc,0,0,0
19960912,13091,PSQ',AMEX,18.80947359,19.375,10,0,Public Storage Prop Xv Inc,0,0,0
19960913,13091,PSQ',AMEX,18.68812214,19.25,27,0,Public Storage Prop Xv Inc,0,0,0
19960916,13091,PSQ',AMEX,18.68812214,19.25,2,0,Public Storage Prop Xv Inc,0,0,0
19960917,13091,PSQ',AMEX,18.80947359,19.375,7,0,Public Storage Prop Xv Inc,0,0,0
19960918,13091,PSQ',AMEX,18.80947359,19.375,0,0,Public Storage Prop Xv Inc,0,0,0
19960919,13091,PSQ',AMEX,18.93082503,19.5,6,0,Public Storage Prop Xv Inc,0,0,0
19960920,13091,PSQ',AMEX,18.80947359,19.375,7,0,Public Storage Prop Xv Inc,0,0,0
19960923,13091,PSQ',AMEX,18.80947359,19.375,5,0,Public Storage Prop Xv Inc,0,0,0
19960924,13091,PSQ',AMEX,18.80947359,19.375,5,0,Public Storage Prop Xv Inc,0,0,0
19960925,13091,PSQ',AMEX,19.05217647,19.625,31,0,Public Storage Prop Xv Inc,0,0,0
19960926,13091,PSQ',AMEX,18.73176471,19,15,0,Public Storage Prop Xv Inc,0,0,0
19960927,13091,PSQ',AMEX,18.73176471,19,43,0,Public Storage Prop Xv Inc,0,0,0
19960930,13091,PSQ',AMEX,18.97823529,19.25,6,0,Public Storage Prop Xv Inc,0,0,0
19961001,13091,PSQ',AMEX,19.10147059,19.375,17,0,Public Storage Prop Xv Inc,0,0,0
19961002,13091,PSQ',AMEX,18.97823529,19.25,4,0,Public Storage Prop Xv Inc,0,0,0
19961003,13091,PSQ',AMEX,19.10147059,19.375,9,0,Public Storage Prop Xv Inc,0,0,0
19961004,13091,PSQ',AMEX,18.97823529,19.25,19,0,Public Storage Prop Xv Inc,0,0,0
19961007,13091,PSQ',AMEX,19.22470588,19.5,18,0,Public Storage Prop Xv Inc,0,0,0
19961008,13091,PSQ',AMEX,19.22470588,19.5,19,0,Public Storage Prop Xv Inc,0,0,0
19961009,13091,PSQ',AMEX,19.22470588,19.5,17,0,Public Storage Prop Xv Inc,0,0,0
19961010,13091,PSQ',AMEX,19.10147059,19.375,12,0,Public Storage Prop Xv Inc,0,0,0
19961011,13091,PSQ',AMEX,19.22470588,19.5,13,0,Public Storage Prop Xv Inc,0,0,0
19961014,13091,PSQ',AMEX,19.10147059,19.375,2,0,Public Storage Prop Xv Inc,0,0,0
19961015,13091,PSQ',AMEX,19.22470588,19.5,11,0,Public Storage Prop Xv Inc,0,0,0
19961016,13091,PSQ',AMEX,19.22470588,19.5,4,0,Public Storage Prop Xv Inc,0,0,0
19961017,13091,PSQ',AMEX,19.22470588,19.5,13,0,Public Storage Prop Xv Inc,0,0,0
19961018,13091,PSQ',AMEX,19.34794118,19.625,5,0,Public Storage Prop Xv Inc,0,0,0
19961021,13091,PSQ',AMEX,19.22470588,19.5,1,0,Public Storage Prop Xv Inc,0,0,0
19961022,13091,PSQ',AMEX,19.22470588,19.5,3,0,Public Storage Prop Xv Inc,0,0,0
19961023,13091,PSQ',AMEX,19.22470588,19.5,13,0,Public Storage Prop Xv Inc,0,0,0
19961024,13091,PSQ',AMEX,19.34794118,19.625,5,0,Public Storage Prop Xv Inc,0,0,0
19961025,13091,PSQ',AMEX,19.22470588,19.5,13,0,Public Storage Prop Xv Inc,0,0,0
19961028,13091,PSQ',AMEX,19.22470588,19.5,2,0,Public Storage Prop Xv Inc,0,0,0
19961029,13091,PSQ',AMEX,19.22470588,19.5,2,0,Public Storage Prop Xv Inc,0,0,0
19961030,13091,PSQ',AMEX,19.22470588,19.5,12,0,Public Storage Prop Xv Inc,0,0,0
19961031,13091,PSQ',AMEX,19.22470588,19.5,12,0,Public Storage Prop Xv Inc,0,0,0
19961101,13091,PSQ',AMEX,19.34794118,19.625,1,0,Public Storage Prop Xv Inc,0,0,0
19961104,13091,PSQ',AMEX,19.22470588,19.5,4,0,Public Storage Prop Xv Inc,0,0,0
19961105,13091,PSQ',AMEX,19.34794118,19.625,2,0,Public Storage Prop Xv Inc,0,0,0
19961106,13091,PSQ',AMEX,19.34794118,19.625,5,0,Public Storage Prop Xv Inc,0,0,0
19961107,13091,PSQ',AMEX,19.34794118,19.625,22,0,Public Storage Prop Xv Inc,0,0,0
19961108,13091,PSQ',AMEX,19.34794118,19.625,3,0,Public Storage Prop Xv Inc,0,0,0
19961111,13091,PSQ',AMEX,19.47117647,19.75,8,0,Public Storage Prop Xv Inc,0,0,0
19961112,13091,PSQ',AMEX,19.71764706,20,40,0,Public Storage Prop Xv Inc,0,0,0
19961113,13091,PSQ',AMEX,19.71764706,20,19,0,Public Storage Prop Xv Inc,0,0,0
19961114,13091,PSQ',AMEX,19.96411765,20.25,17,0,Public Storage Prop Xv Inc,0,0,0
19961115,13091,PSQ',AMEX,19.96411765,20.25,4,0,Public Storage Prop Xv Inc,0,0,0
19961118,13091,PSQ',AMEX,20.08735294,20.375,32,0,Public Storage Prop Xv Inc,0,0,0
19961119,13091,PSQ',AMEX,20.33382353,20.625,38,0,Public Storage Prop Xv Inc,0,0,0
19961120,13091,PSQ',AMEX,20.45705882,20.75,18,0,Public Storage Prop Xv Inc,0,0,0
19961121,13091,PSQ',AMEX,20.33382353,20.625,7,0,Public Storage Prop Xv Inc,0,0,0
19961122,13091,PSQ',AMEX,20.33382353,20.625,6,0,Public Storage Prop Xv Inc,0,0,0
19961125,13091,PSQ',AMEX,20.08735294,20.375,19,0,Public Storage Prop Xv Inc,0,0,0
19961126,13091,PSQ',AMEX,20.08735294,20.375,2,0,Public Storage Prop Xv Inc,0,0,0
19961127,13091,PSQ',AMEX,19.96411765,20.25,33,0,Public Storage Prop Xv Inc,0,0,0
19961129,13091,PSQ',AMEX,19.96411765,20.25,0,0,Public Storage Prop Xv Inc,0,0,0
19961202,13091,PSQ',AMEX,20.08735294,20.375,6,0,Public Storage Prop Xv Inc,0,0,0
19961203,13091,PSQ',AMEX,20.08735294,20.375,2,0,Public Storage Prop Xv Inc,0,0,0
19961204,13091,PSQ',AMEX,19.84088235,20.125,8,0,Public Storage Prop Xv Inc,0,0,0
19961205,13091,PSQ',AMEX,19.71764706,20,4,0,Public Storage Prop Xv Inc,0,0,0
19961206,13091,PSQ',AMEX,20.82676471,21.125,21,0,Public Storage Prop Xv Inc,0,0,0
19961209,13091,PSQ',AMEX,20.82676471,21.125,19,0,Public Storage Prop Xv Inc,0,0,0
19961210,13091,PSQ',AMEX,20.82676471,21.125,0,0,Public Storage Prop Xv Inc,0,0,0
19961211,13091,PSQ',AMEX,20.95,21.25,11,0,Public Storage Prop Xv Inc,0,0,0
19961212,13091,PSQ',AMEX,21.19647059,21.5,18,0,Public Storage Prop Xv Inc,0,0,0
19961213,13091,PSQ',AMEX,20.95,21.25,21,0,Public Storage Prop Xv Inc,0,0,0
19961216,13091,PSQ',AMEX,20.95,21.25,18,0,Public Storage Prop Xv Inc,0,0,0
19961217,13091,PSQ',AMEX,20.95,21.25,3,0,Public Storage Prop Xv Inc,0,0,0
19961218,13091,PSQ',AMEX,20.95,21.25,0,0,Public Storage Prop Xv Inc,0,0,0
19961219,13091,PSQ',AMEX,20.95,21.25,8,0,Public Storage Prop Xv Inc,0,0,0
19961220,13091,PSQ',AMEX,20.95,21.25,3,0,Public Storage Prop Xv Inc,0,0,0
19961223,13091,PSQ',AMEX,20.95,21.25,7,0,Public Storage Prop Xv Inc,0,0,0
19961224,13091,PSQ',AMEX,20.95,21.25,2,0,Public Storage Prop Xv Inc,0,0,0
19961226,13091,PSQ',AMEX,20.95,21.25,3,0,Public Storage Prop Xv Inc,0,0,0
19961227,13091,PSQ',AMEX,21,21,9,0,Public Storage Prop Xv Inc,0,0,0
19961230,13091,PSQ',AMEX,21,21,2,0,Public Storage Prop Xv Inc,0,0,0
19961231,13091,PSQ',AMEX,21,21,1,0,Public Storage Prop Xv Inc,0,0,0
19970102,13091,PSQ',AMEX,21,21,14,0,Public Storage Prop Xv Inc,0,0,0
19970103,13091,PSQ',AMEX,21,21,15,0,Public Storage Prop Xv Inc,0,0,0
19970106,13091,PSQ',AMEX,21,21,0,0,Public Storage Prop Xv Inc,0,0,0
19970107,13091,PSQ',AMEX,21,21,21,0,Public Storage Prop Xv Inc,0,0,0
19970108,13091,PSQ',AMEX,21,21,2,0,Public Storage Prop Xv Inc,0,0,0
19970109,13091,PSQ',AMEX,21,21,4,0,Public Storage Prop Xv Inc,0,0,0
19970110,13091,PSQ',AMEX,21.125,21.125,24,0,Public Storage Prop Xv Inc,0,0,0
19970113,13091,PSQ',AMEX,21.125,21.125,3,0,Public Storage Prop Xv Inc,0,0,0
19970114,13091,PSQ',AMEX,21.5,21.5,56,0,Public Storage Prop Xv Inc,0,0,0
19970115,13091,PSQ',AMEX,21.375,21.375,7,0,Public Storage Prop Xv Inc,0,0,0
19970116,13091,PSQ',AMEX,21.375,21.375,23,0,Public Storage Prop Xv Inc,0,0,0
19970117,13091,PSQ',AMEX,21.375,21.375,3,0,Public Storage Prop Xv Inc,0,0,0
19970120,13091,PSQ',AMEX,21.375,21.375,2,0,Public Storage Prop Xv Inc,0,0,0
19970121,13091,PSQ',AMEX,21.125,21.125,22,0,Public Storage Prop Xv Inc,0,0,0
19970122,13091,PSQ',AMEX,21.125,21.125,4,0,Public Storage Prop Xv Inc,0,0,0
19970123,13091,PSQ',AMEX,21.125,21.125,2,0,Public Storage Prop Xv Inc,0,0,0
19970124,13091,PSQ',AMEX,21.125,21.125,1,0,Public Storage Prop Xv Inc,0,0,0
19970127,13091,PSQ',AMEX,21.125,21.125,24,0,Public Storage Prop Xv Inc,0,0,0
19970128,13091,PSQ',AMEX,21.125,21.125,15,0,Public Storage Prop Xv Inc,0,0,0
19970129,13091,PSQ',AMEX,21.125,21.125,1,0,Public Storage Prop Xv Inc,0,0,0
19970130,13091,PSQ',AMEX,21.125,21.125,12,0,Public Storage Prop Xv Inc,0,0,0
19970131,13091,PSQ',AMEX,21.125,21.125,4,0,Public Storage Prop Xv Inc,0,0,0
19970203,13091,PSQ',AMEX,21.125,21.125,0,0,Public Storage Prop Xv Inc,0,0,0
19970204,13091,PSQ',AMEX,21.125,21.125,2,0,Public Storage Prop Xv Inc,0,0,0
19970205,13091,PSQ',AMEX,21.375,21.375,83,0,Public Storage Prop Xv Inc,0,0,0
19970206,13091,PSQ',AMEX,21.375,21.375,27,0,Public Storage Prop Xv Inc,0,0,0
19970207,13091,PSQ',AMEX,21.375,21.375,12,0,Public Storage Prop Xv Inc,0,0,0
19970210,13091,PSQ',AMEX,21.375,21.375,68,0,Public Storage Prop Xv Inc,0,0,0
19970211,13091,PSQ',AMEX,21.375,21.375,2,0,Public Storage Prop Xv Inc,0,0,0
19970212,13091,PSQ',AMEX,21.375,21.375,10,0,Public Storage Prop Xv Inc,0,0,0
19970213,13091,PSQ',AMEX,21.375,21.375,5,0,Public Storage Prop Xv Inc,0,0,0
19970214,13091,PSQ',AMEX,21.375,21.375,7,0,Public Storage Prop Xv Inc,0,0,0
19970218,13091,PSQ',AMEX,21.375,21.375,26,0,Public Storage Prop Xv Inc,0,0,0
19970219,13091,PSQ',AMEX,21.375,21.375,3,0,Public Storage Prop Xv Inc,0,0,0
19970220,13091,PSQ',AMEX,21.375,21.375,7,0,Public Storage Prop Xv Inc,0,0,0
19970221,13091,PSQ',AMEX,21.375,21.375,8,0,Public Storage Prop Xv Inc,0,0,0
19970224,13091,PSQ',AMEX,21.375,21.375,15,0,Public Storage Prop Xv Inc,0,0,0
19970225,13091,PSQ',AMEX,21.5,21.5,9,0,Public Storage Prop Xv Inc,0,0,0
19970226,13091,PSQ',AMEX,21.375,21.375,3,0,Public Storage Prop Xv Inc,0,0,0
19970227,13091,PSQ',AMEX,21.375,21.375,5,0,Public Storage Prop Xv Inc,0,0,0
19970228,13091,PSQ',AMEX,21.375,21.375,12,0,Public Storage Prop Xv Inc,0,0,0
19970303,13091,PSQ',AMEX,21.375,21.375,12,0,Public Storage Prop Xv Inc,0,0,0
19970304,13091,PSQ',AMEX,21.5,21.5,57,0,Public Storage Prop Xv Inc,0,0,0
19970305,13091,PSQ',AMEX,21.625,21.625,47,0,Public Storage Prop Xv Inc,0,0,0
19970306,13091,PSQ',AMEX,21.5,21.5,1,0,Public Storage Prop Xv Inc,0,0,0
19970307,13091,PSQ',AMEX,21.5,21.5,8,0,Public Storage Prop Xv Inc,0,0,0
19970310,13091,PSQ',AMEX,21.5,21.5,11,0,Public Storage Prop Xv Inc,0,0,0
19970311,13091,PSQ',AMEX,21.5,21.5,7,0,Public Storage Prop Xv Inc,0,0,0
19970312,13091,PSQ',AMEX,21.5,21.5,7,0,Public Storage Prop Xv Inc,0,0,0
19970313,13091,PSQ',AMEX,21.375,21.375,12,0,Public Storage Prop Xv Inc,0,0,0
19970314,13091,PSQ',AMEX,21.375,21.375,0,0,Public Storage Prop Xv Inc,0,0,0
19970317,13091,PSQ',AMEX,21.375,21.375,13,0,Public Storage Prop Xv Inc,0,0,0
19970318,13091,PSQ',AMEX,21.5,21.5,44,0,Public Storage Prop Xv Inc,0,0,0
19970319,13091,PSQ',AMEX,21.375,21.375,30,0,Public Storage Prop Xv Inc,0,0,0
19970320,13091,PSQ',AMEX,21.5,21.5,64,0,Public Storage Prop Xv Inc,0,0,0
19970321,13091,PSQ',AMEX,21.5,21.5,25,0,Public Storage Prop Xv Inc,0,0,0
19970324,13091,PSQ',AMEX,21.375,21.375,48,0,Public Storage Prop Xv Inc,0,0,0
19970325,13091,PSQ',AMEX,21.875,21.875,70,0,Public Storage Prop Xv Inc,0,0,0
19970326,13091,PSQ',AMEX,21.75,21.75,106,0,Public Storage Prop Xv Inc,0,0,0
19970327,13091,PSQ',AMEX,21.625,21.625,31,0,Public Storage Prop Xv Inc,0,0,0
19970331,13091,PSQ',AMEX,21.625,21.625,63,0,Public Storage Prop Xv Inc,0,0,0
19970401,13091,PSQ',AMEX,21.375,21.375,90,0,Public Storage Prop Xv Inc,0,0,0
19970402,13091,PSQ',AMEX,21.75,21.75,182,0,Public Storage Prop Xv Inc,0,0,0
19970403,13091,PSQ',AMEX,21.5,21.5,28,0,Public Storage Prop Xv Inc,0,0,0
19970404,13091,PSQ',AMEX,21.625,21.625,88,0,Public Storage Prop Xv Inc,0,0,0
19970407,13091,PSQ',AMEX,21.75,21.75,121,0,Public Storage Prop Xv Inc,0,0,0
19970408,13091,PSQ',AMEX,21.75,21.75,10,0,Public Storage Prop Xv Inc,0,0,0
19970409,13091,PSQ',AMEX,21.75,21.75,0,0,Public Storage Prop Xv Inc,0,0,0
19970410,13091,PSQ',AMEX,21.625,21.625,15,0,Public Storage Prop Xv Inc,0,0,0
19970411,13091,PSQ',AMEX,21.375,21.375,13,0,Public Storage Prop Xv Inc,0,0,0
19970415,13091,PSQ',AMEX,21.75,21.75,10,0,Public Storage Prop Xv Inc,0,0,0
