DDate,CSINumber,Symbol,Exchange,DClose,UnAdjustedClose,TotalVolume,Cash,MarketName,PTB,PSR,DPS
19941117,1312,EPP',NYSE,22.81337558,24.375,4713,0,Enron Global Power & Pipeline,0,0,0
19941118,1312,EPP',NYSE,22.93036725,24.5,3792,0,Enron Global Power & Pipeline,0,0,0
19941121,1312,EPP',NYSE,23.16435059,24.75,2309,0,Enron Global Power & Pipeline,0,0,0
19941122,1312,EPP',NYSE,23.04735892,24.625,2368,0,Enron Global Power & Pipeline,0,0,0
19941123,1312,EPP',NYSE,22.11142556,23.625,1699,0,Enron Global Power & Pipeline,0,0,0
19941125,1312,EPP',NYSE,22.11142556,23.625,99,0,Enron Global Power & Pipeline,0,0,0
19941128,1312,EPP',NYSE,21.87744222,23.375,284,0,Enron Global Power & Pipeline,0,0,0
19941129,1312,EPP',NYSE,21.52646721,23,251,0,Enron Global Power & Pipeline,0,0,0
19941130,1312,EPP',NYSE,21.64345888,23.125,373,0,Enron Global Power & Pipeline,0,0,0
19941201,1312,EPP',NYSE,21.64345888,23.125,407,0,Enron Global Power & Pipeline,0,0,0
19941202,1312,EPP',NYSE,21.29248388,22.75,1977,0,Enron Global Power & Pipeline,0,0,0
19941205,1312,EPP',NYSE,21.29248388,22.75,373,0,Enron Global Power & Pipeline,0,0,0
19941206,1312,EPP',NYSE,21.40947554,22.875,358,0,Enron Global Power & Pipeline,0,0,0
19941207,1312,EPP',NYSE,21.29248388,22.75,491,0,Enron Global Power & Pipeline,0,0,0
19941208,1312,EPP',NYSE,21.52646721,23,281,0,Enron Global Power & Pipeline,0,0,0
19941209,1312,EPP',NYSE,21.40947554,22.875,279,0,Enron Global Power & Pipeline,0,0,0
19941212,1312,EPP',NYSE,21.87744222,23.375,874,0,Enron Global Power & Pipeline,0,0,0
19941213,1312,EPP',NYSE,21.52646721,23,458,0,Enron Global Power & Pipeline,0,0,0
19941214,1312,EPP',NYSE,21.05850054,22.5,301,0,Enron Global Power & Pipeline,0,0,0
19941215,1312,EPP',NYSE,21.29248388,22.75,333,0,Enron Global Power & Pipeline,0,0,0
19941216,1312,EPP',NYSE,21.05850054,22.5,281,0,Enron Global Power & Pipeline,0,0,0
19941219,1312,EPP',NYSE,21.29248388,22.75,296,0,Enron Global Power & Pipeline,0,0,0
19941220,1312,EPP',NYSE,21.17549221,22.625,369,0,Enron Global Power & Pipeline,0,0,0
19941221,1312,EPP',NYSE,21.76045055,23.25,505,0,Enron Global Power & Pipeline,0,0,0
19941222,1312,EPP',NYSE,21.05850054,22.5,141,0,Enron Global Power & Pipeline,0,0,0
19941223,1312,EPP',NYSE,21.05850054,22.5,13,0,Enron Global Power & Pipeline,0,0,0
19941227,1312,EPP',NYSE,20.94150887,22.375,93,0,Enron Global Power & Pipeline,0,0,0
19941228,1312,EPP',NYSE,20.8245172,22.25,276,0,Enron Global Power & Pipeline,0,0,0
19941229,1312,EPP',NYSE,20.59053386,22,131,0,Enron Global Power & Pipeline,0,0,0
19941230,1312,EPP',NYSE,20.59053386,22,575,0,Enron Global Power & Pipeline,0,0,0
19950103,1312,EPP',NYSE,20.35655052,21.75,140,0,Enron Global Power & Pipeline,0,0,0
19950104,1312,EPP',NYSE,18.71866714,20,607,0,Enron Global Power & Pipeline,0,0,0
19950105,1312,EPP',NYSE,18.71866714,20,1701,0,Enron Global Power & Pipeline,0,0,0
19950106,1312,EPP',NYSE,18.95265048,20.25,711,0,Enron Global Power & Pipeline,0,0,0
19950109,1312,EPP',NYSE,19.6546005,21,1073,0,Enron Global Power & Pipeline,0,0,0
19950110,1312,EPP',NYSE,19.88858384,21.25,1620,0,Enron Global Power & Pipeline,0,0,0
19950111,1312,EPP',NYSE,20.00557551,21.375,459,0,Enron Global Power & Pipeline,0,0,0
19950112,1312,EPP',NYSE,20.35655052,21.75,337,0,Enron Global Power & Pipeline,0,0,0
19950113,1312,EPP',NYSE,21.05850054,22.5,252,0,Enron Global Power & Pipeline,0,0,0
19950116,1312,EPP',NYSE,21.17549221,22.625,69,0,Enron Global Power & Pipeline,0,0,0
19950117,1312,EPP',NYSE,20.94150887,22.375,131,0,Enron Global Power & Pipeline,0,0,0
19950118,1312,EPP',NYSE,21.05850054,22.5,67,0,Enron Global Power & Pipeline,0,0,0
19950119,1312,EPP',NYSE,21.29248388,22.75,361,0,Enron Global Power & Pipeline,0,0,0
19950120,1312,EPP',NYSE,21.17549221,22.625,228,0,Enron Global Power & Pipeline,0,0,0
19950123,1312,EPP',NYSE,21.17549221,22.625,390,0,Enron Global Power & Pipeline,0,0,0
19950124,1312,EPP',NYSE,21.17549221,22.625,72,0,Enron Global Power & Pipeline,0,0,0
19950125,1312,EPP',NYSE,20.94150887,22.375,718,0,Enron Global Power & Pipeline,0,0,0
19950126,1312,EPP',NYSE,21.05850054,22.5,209,0,Enron Global Power & Pipeline,0,0,0
19950127,1312,EPP',NYSE,21.05850054,22.5,147,0,Enron Global Power & Pipeline,0,0,0
19950130,1312,EPP',NYSE,20.94150887,22.375,118,0,Enron Global Power & Pipeline,0,0,0
19950131,1312,EPP',NYSE,21.05850054,22.5,836,0,Enron Global Power & Pipeline,0,0,0
19950201,1312,EPP',NYSE,21.05850054,22.5,1298,0,Enron Global Power & Pipeline,0,0,0
19950202,1312,EPP',NYSE,21.29248388,22.75,57,0,Enron Global Power & Pipeline,0,0,0
19950203,1312,EPP',NYSE,21.29248388,22.75,44,0,Enron Global Power & Pipeline,0,0,0
19950206,1312,EPP',NYSE,21.52646721,23,234,0,Enron Global Power & Pipeline,0,0,0
19950207,1312,EPP',NYSE,21.64345888,23.125,110,0,Enron Global Power & Pipeline,0,0,0
19950208,1312,EPP',NYSE,22.22841723,23.75,169,0,Enron Global Power & Pipeline,0,0,0
19950209,1312,EPP',NYSE,21.99443389,23.5,1239,0,Enron Global Power & Pipeline,0,0,0
19950210,1312,EPP',NYSE,21.99443389,23.5,75,0,Enron Global Power & Pipeline,0,0,0
19950213,1312,EPP',NYSE,22.46240057,24,630,0,Enron Global Power & Pipeline,0,0,0
19950214,1312,EPP',NYSE,22.57939224,24.125,244,0,Enron Global Power & Pipeline,0,0,0
19950215,1312,EPP',NYSE,22.22841723,23.75,420,0,Enron Global Power & Pipeline,0,0,0
19950216,1312,EPP',NYSE,21.99443389,23.5,75,0,Enron Global Power & Pipeline,0,0,0
19950217,1312,EPP',NYSE,22.11142556,23.625,506,0,Enron Global Power & Pipeline,0,0,0
19950221,1312,EPP',NYSE,22.11142556,23.625,104,0,Enron Global Power & Pipeline,0,0,0
19950222,1312,EPP',NYSE,21.83290846,23.125,68,0,Enron Global Power & Pipeline,0,0,0
19950223,1312,EPP',NYSE,22.18695562,23.5,411,0,Enron Global Power & Pipeline,0,0,0
19950224,1312,EPP',NYSE,22.42298707,23.75,121,0,Enron Global Power & Pipeline,0,0,0
19950227,1312,EPP',NYSE,22.30497135,23.625,111,0,Enron Global Power & Pipeline,0,0,0
19950228,1312,EPP',NYSE,22.0689399,23.375,26,0,Enron Global Power & Pipeline,0,0,0
19950301,1312,EPP',NYSE,22.42298707,23.75,594,0,Enron Global Power & Pipeline,0,0,0
19950302,1312,EPP',NYSE,22.18695562,23.5,538,0,Enron Global Power & Pipeline,0,0,0
19950303,1312,EPP',NYSE,22.18695562,23.5,402,0,Enron Global Power & Pipeline,0,0,0
19950306,1312,EPP',NYSE,21.71489274,23,106,0,Enron Global Power & Pipeline,0,0,0
19950307,1312,EPP',NYSE,20.53473552,21.75,579,0,Enron Global Power & Pipeline,0,0,0
19950308,1312,EPP',NYSE,20.53473552,21.75,49,0,Enron Global Power & Pipeline,0,0,0
19950309,1312,EPP',NYSE,20.53473552,21.75,391,0,Enron Global Power & Pipeline,0,0,0
19950310,1312,EPP',NYSE,20.18068836,21.375,101,0,Enron Global Power & Pipeline,0,0,0
19950313,1312,EPP',NYSE,20.4167198,21.625,42,0,Enron Global Power & Pipeline,0,0,0
19950314,1312,EPP',NYSE,20.53473552,21.75,380,0,Enron Global Power & Pipeline,0,0,0
19950315,1312,EPP',NYSE,20.29870408,21.5,262,0,Enron Global Power & Pipeline,0,0,0
19950316,1312,EPP',NYSE,21.00679841,22.25,297,0,Enron Global Power & Pipeline,0,0,0
19950317,1312,EPP',NYSE,21.24282985,22.5,80,0,Enron Global Power & Pipeline,0,0,0
19950320,1312,EPP',NYSE,21.24282985,22.5,19,0,Enron Global Power & Pipeline,0,0,0
19950321,1312,EPP',NYSE,21.12481413,22.375,22,0,Enron Global Power & Pipeline,0,0,0
19950322,1312,EPP',NYSE,21.12481413,22.375,11,0,Enron Global Power & Pipeline,0,0,0
19950323,1312,EPP',NYSE,21.12481413,22.375,104,0,Enron Global Power & Pipeline,0,0,0
19950324,1312,EPP',NYSE,21.59687702,22.875,107,0,Enron Global Power & Pipeline,0,0,0
19950327,1312,EPP',NYSE,21.4788613,22.75,147,0,Enron Global Power & Pipeline,0,0,0
19950328,1312,EPP',NYSE,21.59687702,22.875,68,0,Enron Global Power & Pipeline,0,0,0
19950329,1312,EPP',NYSE,21.83290846,23.125,110,0,Enron Global Power & Pipeline,0,0,0
19950330,1312,EPP',NYSE,22.54100279,23.875,485,0,Enron Global Power & Pipeline,0,0,0
19950331,1312,EPP',NYSE,22.65901851,24,337,0,Enron Global Power & Pipeline,0,0,0
19950403,1312,EPP',NYSE,22.65901851,24,120,0,Enron Global Power & Pipeline,0,0,0
19950404,1312,EPP',NYSE,22.54100279,23.875,253,0,Enron Global Power & Pipeline,0,0,0
19950405,1312,EPP',NYSE,22.54100279,23.875,89,0,Enron Global Power & Pipeline,0,0,0
19950406,1312,EPP',NYSE,22.30497135,23.625,43,0,Enron Global Power & Pipeline,0,0,0
19950407,1312,EPP',NYSE,22.30497135,23.625,17,0,Enron Global Power & Pipeline,0,0,0
19950410,1312,EPP',NYSE,22.54100279,23.875,54,0,Enron Global Power & Pipeline,0,0,0
19950411,1312,EPP',NYSE,22.54100279,23.875,83,0,Enron Global Power & Pipeline,0,0,0
19950412,1312,EPP',NYSE,22.0689399,23.375,111,0,Enron Global Power & Pipeline,0,0,0
19950413,1312,EPP',NYSE,22.0689399,23.375,258,0,Enron Global Power & Pipeline,0,0,0
19950417,1312,EPP',NYSE,22.42298707,23.75,408,0,Enron Global Power & Pipeline,0,0,0
19950418,1312,EPP',NYSE,22.18695562,23.5,309,0,Enron Global Power & Pipeline,0,0,0
19950419,1312,EPP',NYSE,22.65901851,24,433,0,Enron Global Power & Pipeline,0,0,0
19950420,1312,EPP',NYSE,22.65901851,24,306,0,Enron Global Power & Pipeline,0,0,0
19950421,1312,EPP',NYSE,22.54100279,23.875,297,0,Enron Global Power & Pipeline,0,0,0
19950424,1312,EPP',NYSE,22.54100279,23.875,162,0,Enron Global Power & Pipeline,0,0,0
19950425,1312,EPP',NYSE,22.77703423,24.125,184,0,Enron Global Power & Pipeline,0,0,0
19950426,1312,EPP',NYSE,22.89504995,24.25,451,0,Enron Global Power & Pipeline,0,0,0
19950427,1312,EPP',NYSE,22.77703423,24.125,279,0,Enron Global Power & Pipeline,0,0,0
19950428,1312,EPP',NYSE,22.65901851,24,155,0,Enron Global Power & Pipeline,0,0,0
19950501,1312,EPP',NYSE,23.01306567,24.375,309,0,Enron Global Power & Pipeline,0,0,0
19950502,1312,EPP',NYSE,23.01306567,24.375,85,0,Enron Global Power & Pipeline,0,0,0
19950503,1312,EPP',NYSE,22.89504995,24.25,41,0,Enron Global Power & Pipeline,0,0,0
19950504,1312,EPP',NYSE,22.77703423,24.125,154,0,Enron Global Power & Pipeline,0,0,0
19950505,1312,EPP',NYSE,22.54100279,23.875,126,0,Enron Global Power & Pipeline,0,0,0
19950508,1312,EPP',NYSE,22.42298707,23.75,192,0,Enron Global Power & Pipeline,0,0,0
19950509,1312,EPP',NYSE,22.42298707,23.75,120,0,Enron Global Power & Pipeline,0,0,0
19950510,1312,EPP',NYSE,22.42298707,23.75,47,0,Enron Global Power & Pipeline,0,0,0
19950511,1312,EPP',NYSE,21.95092418,23.25,330,0,Enron Global Power & Pipeline,0,0,0
19950512,1312,EPP',NYSE,21.83290846,23.125,347,0,Enron Global Power & Pipeline,0,0,0
19950515,1312,EPP',NYSE,21.59687702,22.875,323,0,Enron Global Power & Pipeline,0,0,0
19950516,1312,EPP',NYSE,22.18695562,23.5,230,0,Enron Global Power & Pipeline,0,0,0
19950517,1312,EPP',NYSE,22.0689399,23.375,137,0,Enron Global Power & Pipeline,0,0,0
19950518,1312,EPP',NYSE,22.0689399,23.375,239,0,Enron Global Power & Pipeline,0,0,0
19950519,1312,EPP',NYSE,21.71489274,23,774,0,Enron Global Power & Pipeline,0,0,0
19950522,1312,EPP',NYSE,21.71489274,23,282,0,Enron Global Power & Pipeline,0,0,0
19950523,1312,EPP',NYSE,21.83290846,23.125,1702,0,Enron Global Power & Pipeline,0,0,0
19950524,1312,EPP',NYSE,22.14725662,23.25,614,0,Enron Global Power & Pipeline,0,0,0
19950525,1312,EPP',NYSE,22.14725662,23.25,157,0,Enron Global Power & Pipeline,0,0,0
19950526,1312,EPP',NYSE,22.50447043,23.625,28,0,Enron Global Power & Pipeline,0,0,0
19950530,1312,EPP',NYSE,22.74261298,23.875,24,0,Enron Global Power & Pipeline,0,0,0
19950531,1312,EPP',NYSE,23.57611188,24.75,319,0,Enron Global Power & Pipeline,0,0,0
19950601,1312,EPP',NYSE,23.69518316,24.875,783,0,Enron Global Power & Pipeline,0,0,0
19950602,1312,EPP',NYSE,23.81425443,25,232,0,Enron Global Power & Pipeline,0,0,0
19950605,1312,EPP',NYSE,24.52868206,25.75,484,0,Enron Global Power & Pipeline,0,0,0
19950606,1312,EPP',NYSE,25.60032351,26.875,304,0,Enron Global Power & Pipeline,0,0,0
19950607,1312,EPP',NYSE,25.36218097,26.625,272,0,Enron Global Power & Pipeline,0,0,0
19950608,1312,EPP',NYSE,24.40961079,25.625,212,0,Enron Global Power & Pipeline,0,0,0
19950609,1312,EPP',NYSE,24.52868206,25.75,400,0,Enron Global Power & Pipeline,0,0,0
19950612,1312,EPP',NYSE,24.29053952,25.5,102,0,Enron Global Power & Pipeline,0,0,0
19950613,1312,EPP',NYSE,24.40961079,25.625,70,0,Enron Global Power & Pipeline,0,0,0
19950614,1312,EPP',NYSE,24.64775333,25.875,163,0,Enron Global Power & Pipeline,0,0,0
19950615,1312,EPP',NYSE,25.12403842,26.375,584,0,Enron Global Power & Pipeline,0,0,0
19950616,1312,EPP',NYSE,25.24310969,26.5,212,0,Enron Global Power & Pipeline,0,0,0
19950619,1312,EPP',NYSE,24.76682461,26,307,0,Enron Global Power & Pipeline,0,0,0
19950620,1312,EPP',NYSE,24.64775333,25.875,150,0,Enron Global Power & Pipeline,0,0,0
19950621,1312,EPP',NYSE,24.64775333,25.875,97,0,Enron Global Power & Pipeline,0,0,0
19950622,1312,EPP',NYSE,24.40961079,25.625,444,0,Enron Global Power & Pipeline,0,0,0
19950623,1312,EPP',NYSE,24.64775333,25.875,440,0,Enron Global Power & Pipeline,0,0,0
19950626,1312,EPP',NYSE,24.29053952,25.5,204,0,Enron Global Power & Pipeline,0,0,0
19950627,1312,EPP',NYSE,24.29053952,25.5,163,0,Enron Global Power & Pipeline,0,0,0
19950628,1312,EPP',NYSE,23.81425443,25,428,0,Enron Global Power & Pipeline,0,0,0
19950629,1312,EPP',NYSE,22.86168425,24,1036,0,Enron Global Power & Pipeline,0,0,0
19950630,1312,EPP',NYSE,22.62354171,23.75,541,0,Enron Global Power & Pipeline,0,0,0
19950703,1312,EPP',NYSE,22.50447043,23.625,167,0,Enron Global Power & Pipeline,0,0,0
19950705,1312,EPP',NYSE,22.62354171,23.75,326,0,Enron Global Power & Pipeline,0,0,0
19950706,1312,EPP',NYSE,22.50447043,23.625,577,0,Enron Global Power & Pipeline,0,0,0
19950707,1312,EPP',NYSE,22.50447043,23.625,437,0,Enron Global Power & Pipeline,0,0,0
19950710,1312,EPP',NYSE,22.02818535,23.125,344,0,Enron Global Power & Pipeline,0,0,0
19950711,1312,EPP',NYSE,21.90911407,23,373,0,Enron Global Power & Pipeline,0,0,0
19950712,1312,EPP',NYSE,22.26632789,23.375,61,0,Enron Global Power & Pipeline,0,0,0
19950713,1312,EPP',NYSE,22.02818535,23.125,155,0,Enron Global Power & Pipeline,0,0,0
19950714,1312,EPP',NYSE,21.55190026,22.625,256,0,Enron Global Power & Pipeline,0,0,0
19950717,1312,EPP',NYSE,21.67097153,22.75,414,0,Enron Global Power & Pipeline,0,0,0
19950718,1312,EPP',NYSE,22.14725662,23.25,128,0,Enron Global Power & Pipeline,0,0,0
19950719,1312,EPP',NYSE,21.55190026,22.625,216,0,Enron Global Power & Pipeline,0,0,0
19950720,1312,EPP',NYSE,21.7900428,22.875,107,0,Enron Global Power & Pipeline,0,0,0
19950721,1312,EPP',NYSE,21.90911407,23,236,0,Enron Global Power & Pipeline,0,0,0
19950724,1312,EPP',NYSE,21.67097153,22.75,364,0,Enron Global Power & Pipeline,0,0,0
19950725,1312,EPP',NYSE,21.67097153,22.75,77,0,Enron Global Power & Pipeline,0,0,0
19950726,1312,EPP',NYSE,20.9565439,22,366,0,Enron Global Power & Pipeline,0,0,0
19950727,1312,EPP',NYSE,21.55190026,22.625,338,0,Enron Global Power & Pipeline,0,0,0
19950728,1312,EPP',NYSE,21.90911407,23,1089,0,Enron Global Power & Pipeline,0,0,0
19950731,1312,EPP',NYSE,22.14725662,23.25,313,0,Enron Global Power & Pipeline,0,0,0
19950801,1312,EPP',NYSE,21.90911407,23,201,0,Enron Global Power & Pipeline,0,0,0
19950802,1312,EPP',NYSE,21.7900428,22.875,287,0,Enron Global Power & Pipeline,0,0,0
19950803,1312,EPP',NYSE,20.24211626,21.25,765,0,Enron Global Power & Pipeline,0,0,0
19950804,1312,EPP',NYSE,20.48025881,21.5,2975,0,Enron Global Power & Pipeline,0,0,0
19950807,1312,EPP',NYSE,21.67097153,22.75,445,0,Enron Global Power & Pipeline,0,0,0
19950808,1312,EPP',NYSE,21.67097153,22.75,54,0,Enron Global Power & Pipeline,0,0,0
19950809,1312,EPP',NYSE,20.9565439,22,2040,0,Enron Global Power & Pipeline,0,0,0
19950810,1312,EPP',NYSE,20.71840135,21.75,585,0,Enron Global Power & Pipeline,0,0,0
19950811,1312,EPP',NYSE,20.00397372,21,2236,0,Enron Global Power & Pipeline,0,0,0
19950814,1312,EPP',NYSE,20.24211626,21.25,35,0,Enron Global Power & Pipeline,0,0,0
19950815,1312,EPP',NYSE,20.83747262,21.875,617,0,Enron Global Power & Pipeline,0,0,0
19950816,1312,EPP',NYSE,21.43282899,22.5,695,0,Enron Global Power & Pipeline,0,0,0
19950817,1312,EPP',NYSE,21.67097153,22.75,42,0,Enron Global Power & Pipeline,0,0,0
19950818,1312,EPP',NYSE,21.67097153,22.75,17,0,Enron Global Power & Pipeline,0,0,0
19950821,1312,EPP',NYSE,22.50447043,23.625,367,0,Enron Global Power & Pipeline,0,0,0
19950822,1312,EPP',NYSE,22.26632789,23.375,72,0,Enron Global Power & Pipeline,0,0,0
19950823,1312,EPP',NYSE,22.26632789,23.375,5,0,Enron Global Power & Pipeline,0,0,0
19950824,1312,EPP',NYSE,22.02818535,23.125,361,0,Enron Global Power & Pipeline,0,0,0
19950825,1312,EPP',NYSE,22.26632789,23.375,1747,0,Enron Global Power & Pipeline,0,0,0
19950828,1312,EPP',NYSE,22.26632789,23.375,650,0,Enron Global Power & Pipeline,0,0,0
19950829,1312,EPP',NYSE,22.34320775,23.25,495,0,Enron Global Power & Pipeline,0,0,0
19950830,1312,EPP',NYSE,22.22308297,23.125,344,0,Enron Global Power & Pipeline,0,0,0
19950831,1312,EPP',NYSE,22.34320775,23.25,212,0,Enron Global Power & Pipeline,0,0,0
19950901,1312,EPP',NYSE,22.34320775,23.25,21,0,Enron Global Power & Pipeline,0,0,0
19950905,1312,EPP',NYSE,22.70358206,23.625,82,0,Enron Global Power & Pipeline,0,0,0
19950906,1312,EPP',NYSE,22.58345729,23.5,173,0,Enron Global Power & Pipeline,0,0,0
19950907,1312,EPP',NYSE,22.94383161,23.875,166,0,Enron Global Power & Pipeline,0,0,0
19950908,1312,EPP',NYSE,23.06395638,24,271,0,Enron Global Power & Pipeline,0,0,0
19950911,1312,EPP',NYSE,22.70358206,23.625,313,0,Enron Global Power & Pipeline,0,0,0
19950912,1312,EPP',NYSE,22.46333252,23.375,838,0,Enron Global Power & Pipeline,0,0,0
19950913,1312,EPP',NYSE,22.34320775,23.25,61,0,Enron Global Power & Pipeline,0,0,0
19950914,1312,EPP',NYSE,21.98283343,22.875,162,0,Enron Global Power & Pipeline,0,0,0
19950915,1312,EPP',NYSE,22.22308297,23.125,905,0,Enron Global Power & Pipeline,0,0,0
19950918,1312,EPP',NYSE,22.46333252,23.375,136,0,Enron Global Power & Pipeline,0,0,0
19950919,1312,EPP',NYSE,22.58345729,23.5,256,0,Enron Global Power & Pipeline,0,0,0
19950920,1312,EPP',NYSE,22.34320775,23.25,322,0,Enron Global Power & Pipeline,0,0,0
19950921,1312,EPP',NYSE,21.98283343,22.875,183,0,Enron Global Power & Pipeline,0,0,0
19950922,1312,EPP',NYSE,21.98283343,22.875,20,0,Enron Global Power & Pipeline,0,0,0
19950925,1312,EPP',NYSE,22.1029582,23,281,0,Enron Global Power & Pipeline,0,0,0
19950926,1312,EPP',NYSE,21.98283343,22.875,136,0,Enron Global Power & Pipeline,0,0,0
19950927,1312,EPP',NYSE,21.62245911,22.5,356,0,Enron Global Power & Pipeline,0,0,0
19950928,1312,EPP',NYSE,21.86270865,22.75,100,0,Enron Global Power & Pipeline,0,0,0
19950929,1312,EPP',NYSE,21.98283343,22.875,34,0,Enron Global Power & Pipeline,0,0,0
19951002,1312,EPP',NYSE,22.22308297,23.125,249,0,Enron Global Power & Pipeline,0,0,0
19951003,1312,EPP',NYSE,22.94383161,23.875,124,0,Enron Global Power & Pipeline,0,0,0
19951004,1312,EPP',NYSE,23.30420593,24.25,216,0,Enron Global Power & Pipeline,0,0,0
19951005,1312,EPP',NYSE,23.30420593,24.25,160,0,Enron Global Power & Pipeline,0,0,0
19951006,1312,EPP',NYSE,23.30420593,24.25,1334,0,Enron Global Power & Pipeline,0,0,0
19951009,1312,EPP',NYSE,23.06395638,24,711,0,Enron Global Power & Pipeline,0,0,0
19951010,1312,EPP',NYSE,23.06395638,24,12,0,Enron Global Power & Pipeline,0,0,0
19951011,1312,EPP',NYSE,23.18408116,24.125,35,0,Enron Global Power & Pipeline,0,0,0
19951012,1312,EPP',NYSE,23.18408116,24.125,43,0,Enron Global Power & Pipeline,0,0,0
19951013,1312,EPP',NYSE,23.30420593,24.25,102,0,Enron Global Power & Pipeline,0,0,0
19951016,1312,EPP',NYSE,23.4243307,24.375,102,0,Enron Global Power & Pipeline,0,0,0
19951017,1312,EPP',NYSE,23.4243307,24.375,49,0,Enron Global Power & Pipeline,0,0,0
19951018,1312,EPP',NYSE,23.4243307,24.375,311,0,Enron Global Power & Pipeline,0,0,0
19951019,1312,EPP',NYSE,23.4243307,24.375,279,0,Enron Global Power & Pipeline,0,0,0
19951020,1312,EPP',NYSE,23.90482979,24.875,151,0,Enron Global Power & Pipeline,0,0,0
19951023,1312,EPP',NYSE,23.54445547,24.5,171,0,Enron Global Power & Pipeline,0,0,0
19951024,1312,EPP',NYSE,23.4243307,24.375,212,0,Enron Global Power & Pipeline,0,0,0
19951025,1312,EPP',NYSE,23.4243307,24.375,165,0,Enron Global Power & Pipeline,0,0,0
19951026,1312,EPP',NYSE,23.18408116,24.125,95,0,Enron Global Power & Pipeline,0,0,0
19951027,1312,EPP',NYSE,22.94383161,23.875,80,0,Enron Global Power & Pipeline,0,0,0
19951030,1312,EPP',NYSE,22.82370684,23.75,68,0,Enron Global Power & Pipeline,0,0,0
19951031,1312,EPP',NYSE,23.18408116,24.125,221,0,Enron Global Power & Pipeline,0,0,0
19951101,1312,EPP',NYSE,24.02495456,25,142,0,Enron Global Power & Pipeline,0,0,0
19951102,1312,EPP',NYSE,24.14507934,25.125,225,0,Enron Global Power & Pipeline,0,0,0
19951103,1312,EPP',NYSE,24.14507934,25.125,109,0,Enron Global Power & Pipeline,0,0,0
19951106,1312,EPP',NYSE,24.38532888,25.375,91,0,Enron Global Power & Pipeline,0,0,0
19951107,1312,EPP',NYSE,24.02495456,25,174,0,Enron Global Power & Pipeline,0,0,0
19951108,1312,EPP',NYSE,24.14507934,25.125,18,0,Enron Global Power & Pipeline,0,0,0
19951109,1312,EPP',NYSE,24.14507934,25.125,1,0,Enron Global Power & Pipeline,0,0,0
19951110,1312,EPP',NYSE,24.14507934,25.125,273,0,Enron Global Power & Pipeline,0,0,0
19951113,1312,EPP',NYSE,24.02495456,25,63,0,Enron Global Power & Pipeline,0,0,0
19951114,1312,EPP',NYSE,24.02495456,25,93,0,Enron Global Power & Pipeline,0,0,0
19951115,1312,EPP',NYSE,24.02495456,25,27,0,Enron Global Power & Pipeline,0,0,0
19951116,1312,EPP',NYSE,24.02495456,25,292,0,Enron Global Power & Pipeline,0,0,0
19951117,1312,EPP',NYSE,24.14507934,25.125,80,0,Enron Global Power & Pipeline,0,0,0
19951120,1312,EPP',NYSE,24.02495456,25,273,0,Enron Global Power & Pipeline,0,0,0
19951121,1312,EPP',NYSE,23.90482979,24.875,436,0,Enron Global Power & Pipeline,0,0,0
19951122,1312,EPP',NYSE,24.14507934,25.125,108,0,Enron Global Power & Pipeline,0,0,0
19951124,1312,EPP',NYSE,24.14507934,25.125,132,0,Enron Global Power & Pipeline,0,0,0
19951127,1312,EPP',NYSE,23.4243307,24.375,1075,0,Enron Global Power & Pipeline,0,0,0
19951128,1312,EPP',NYSE,23.50186262,24.25,336,0,Enron Global Power & Pipeline,0,0,0
19951129,1312,EPP',NYSE,23.74414986,24.5,333,0,Enron Global Power & Pipeline,0,0,0
19951130,1312,EPP',NYSE,24.34986797,25.125,269,0,Enron Global Power & Pipeline,0,0,0
19951201,1312,EPP',NYSE,24.22872435,25,127,0,Enron Global Power & Pipeline,0,0,0
19951204,1312,EPP',NYSE,24.10758073,24.875,20,0,Enron Global Power & Pipeline,0,0,0
19951205,1312,EPP',NYSE,24.22872435,25,86,0,Enron Global Power & Pipeline,0,0,0
19951206,1312,EPP',NYSE,23.98643711,24.75,170,0,Enron Global Power & Pipeline,0,0,0
19951207,1312,EPP',NYSE,23.74414986,24.5,240,0,Enron Global Power & Pipeline,0,0,0
19951208,1312,EPP',NYSE,23.62300624,24.375,80,0,Enron Global Power & Pipeline,0,0,0
19951211,1312,EPP',NYSE,23.98643711,24.75,476,0,Enron Global Power & Pipeline,0,0,0
19951212,1312,EPP',NYSE,24.22872435,25,607,0,Enron Global Power & Pipeline,0,0,0
19951213,1312,EPP',NYSE,24.34986797,25.125,550,0,Enron Global Power & Pipeline,0,0,0
19951214,1312,EPP',NYSE,24.10758073,24.875,66,0,Enron Global Power & Pipeline,0,0,0
19951215,1312,EPP',NYSE,24.10758073,24.875,63,0,Enron Global Power & Pipeline,0,0,0
19951218,1312,EPP',NYSE,23.98643711,24.75,163,0,Enron Global Power & Pipeline,0,0,0
19951219,1312,EPP',NYSE,23.86529348,24.625,357,0,Enron Global Power & Pipeline,0,0,0
19951220,1312,EPP',NYSE,24.22872435,25,407,0,Enron Global Power & Pipeline,0,0,0
19951221,1312,EPP',NYSE,24.22872435,25,210,0,Enron Global Power & Pipeline,0,0,0
19951222,1312,EPP',NYSE,23.98643711,24.75,485,0,Enron Global Power & Pipeline,0,0,0
19951226,1312,EPP',NYSE,23.86529348,24.625,2279,0,Enron Global Power & Pipeline,0,0,0
19951227,1312,EPP',NYSE,23.86529348,24.625,382,0,Enron Global Power & Pipeline,0,0,0
19951228,1312,EPP',NYSE,23.74414986,24.5,198,0,Enron Global Power & Pipeline,0,0,0
19951229,1312,EPP',NYSE,24.10758073,24.875,255,0,Enron Global Power & Pipeline,0,0,0
19960102,1312,EPP',NYSE,23.98643711,24.75,58,0,Enron Global Power & Pipeline,0,0,0
19960103,1312,EPP',NYSE,23.74414986,24.5,17,0,Enron Global Power & Pipeline,0,0,0
19960104,1312,EPP',NYSE,23.62300624,24.375,22,0,Enron Global Power & Pipeline,0,0,0
19960105,1312,EPP',NYSE,23.62300624,24.375,753,0,Enron Global Power & Pipeline,0,0,0
19960108,1312,EPP',NYSE,23.50186262,24.25,24,0,Enron Global Power & Pipeline,0,0,0
19960109,1312,EPP',NYSE,23.62300624,24.375,223,0,Enron Global Power & Pipeline,0,0,0
19960110,1312,EPP',NYSE,23.86529348,24.625,105,0,Enron Global Power & Pipeline,0,0,0
19960111,1312,EPP',NYSE,23.380719,24.125,163,0,Enron Global Power & Pipeline,0,0,0
19960112,1312,EPP',NYSE,23.13843175,23.875,109,0,Enron Global Power & Pipeline,0,0,0
19960115,1312,EPP',NYSE,23.13843175,23.875,545,0,Enron Global Power & Pipeline,0,0,0
19960116,1312,EPP',NYSE,23.74414986,24.5,801,0,Enron Global Power & Pipeline,0,0,0
19960117,1312,EPP',NYSE,23.74414986,24.5,1131,0,Enron Global Power & Pipeline,0,0,0
19960118,1312,EPP',NYSE,23.74414986,24.5,1098,0,Enron Global Power & Pipeline,0,0,0
19960119,1312,EPP',NYSE,23.62300624,24.375,840,0,Enron Global Power & Pipeline,0,0,0
19960122,1312,EPP',NYSE,23.50186262,24.25,210,0,Enron Global Power & Pipeline,0,0,0
19960123,1312,EPP',NYSE,23.74414986,24.5,37,0,Enron Global Power & Pipeline,0,0,0
19960124,1312,EPP',NYSE,23.50186262,24.25,537,0,Enron Global Power & Pipeline,0,0,0
19960125,1312,EPP',NYSE,23.74414986,24.5,644,0,Enron Global Power & Pipeline,0,0,0
19960126,1312,EPP',NYSE,23.86529348,24.625,272,0,Enron Global Power & Pipeline,0,0,0
19960129,1312,EPP',NYSE,24.10758073,24.875,285,0,Enron Global Power & Pipeline,0,0,0
19960130,1312,EPP',NYSE,23.98643711,24.75,483,0,Enron Global Power & Pipeline,0,0,0
19960131,1312,EPP',NYSE,24.34986797,25.125,708,0,Enron Global Power & Pipeline,0,0,0
19960201,1312,EPP',NYSE,24.22872435,25,568,0,Enron Global Power & Pipeline,0,0,0
19960202,1312,EPP',NYSE,24.22872435,25,353,0,Enron Global Power & Pipeline,0,0,0
19960205,1312,EPP',NYSE,23.86529348,24.625,663,0,Enron Global Power & Pipeline,0,0,0
19960206,1312,EPP',NYSE,24.47101159,25.25,1246,0,Enron Global Power & Pipeline,0,0,0
19960207,1312,EPP',NYSE,24.22872435,25,313,0,Enron Global Power & Pipeline,0,0,0
19960208,1312,EPP',NYSE,24.10758073,24.875,757,0,Enron Global Power & Pipeline,0,0,0
19960209,1312,EPP',NYSE,24.47101159,25.25,172,0,Enron Global Power & Pipeline,0,0,0
19960212,1312,EPP',NYSE,24.83444246,25.625,1189,0,Enron Global Power & Pipeline,0,0,0
19960213,1312,EPP',NYSE,24.95558608,25.75,38,0,Enron Global Power & Pipeline,0,0,0
19960214,1312,EPP',NYSE,25.31901694,26.125,1172,0,Enron Global Power & Pipeline,0,0,0
19960215,1312,EPP',NYSE,25.44016057,26.25,265,0,Enron Global Power & Pipeline,0,0,0
19960216,1312,EPP',NYSE,25.56130419,26.375,511,0,Enron Global Power & Pipeline,0,0,0
19960220,1312,EPP',NYSE,25.31901694,26.125,252,0,Enron Global Power & Pipeline,0,0,0
19960221,1312,EPP',NYSE,25.56130419,26.375,162,0,Enron Global Power & Pipeline,0,0,0
19960222,1312,EPP',NYSE,25.68244781,26.5,26,0,Enron Global Power & Pipeline,0,0,0
19960223,1312,EPP',NYSE,25.68244781,26.5,259,0,Enron Global Power & Pipeline,0,0,0
19960226,1312,EPP',NYSE,25.80359143,26.625,626,0,Enron Global Power & Pipeline,0,0,0
19960227,1312,EPP',NYSE,25.77427472,26.375,205,0,Enron Global Power & Pipeline,0,0,0
19960228,1312,EPP',NYSE,25.89642768,26.5,374,0,Enron Global Power & Pipeline,0,0,0
19960229,1312,EPP',NYSE,25.40781584,26,181,0,Enron Global Power & Pipeline,0,0,0
19960301,1312,EPP',NYSE,25.40781584,26,517,0,Enron Global Power & Pipeline,0,0,0
19960304,1312,EPP',NYSE,25.40781584,26,41,0,Enron Global Power & Pipeline,0,0,0
19960305,1312,EPP',NYSE,25.65212176,26.25,41,0,Enron Global Power & Pipeline,0,0,0
19960306,1312,EPP',NYSE,25.89642768,26.5,169,0,Enron Global Power & Pipeline,0,0,0
19960307,1312,EPP',NYSE,26.38503953,27,261,0,Enron Global Power & Pipeline,0,0,0
19960308,1312,EPP',NYSE,26.01858064,26.625,262,0,Enron Global Power & Pipeline,0,0,0
19960311,1312,EPP',NYSE,25.16350992,25.75,1306,0,Enron Global Power & Pipeline,0,0,0
19960312,1312,EPP',NYSE,25.40781584,26,105,0,Enron Global Power & Pipeline,0,0,0
19960313,1312,EPP',NYSE,25.5299688,26.125,32,0,Enron Global Power & Pipeline,0,0,0
19960314,1312,EPP',NYSE,25.89642768,26.5,105,0,Enron Global Power & Pipeline,0,0,0
19960315,1312,EPP',NYSE,25.89642768,26.5,99,0,Enron Global Power & Pipeline,0,0,0
19960318,1312,EPP',NYSE,26.1407336,26.75,224,0,Enron Global Power & Pipeline,0,0,0
19960319,1312,EPP',NYSE,25.77427472,26.375,210,0,Enron Global Power & Pipeline,0,0,0
19960320,1312,EPP',NYSE,25.89642768,26.5,142,0,Enron Global Power & Pipeline,0,0,0
19960321,1312,EPP',NYSE,26.01858064,26.625,118,0,Enron Global Power & Pipeline,0,0,0
19960322,1312,EPP',NYSE,25.89642768,26.5,47,0,Enron Global Power & Pipeline,0,0,0
19960325,1312,EPP',NYSE,25.77427472,26.375,74,0,Enron Global Power & Pipeline,0,0,0
19960326,1312,EPP',NYSE,25.5299688,26.125,949,0,Enron Global Power & Pipeline,0,0,0
19960327,1312,EPP',NYSE,25.28566288,25.875,270,0,Enron Global Power & Pipeline,0,0,0
19960328,1312,EPP',NYSE,25.04135696,25.625,340,0,Enron Global Power & Pipeline,0,0,0
19960329,1312,EPP',NYSE,25.16350992,25.75,40,0,Enron Global Power & Pipeline,0,0,0
19960401,1312,EPP',NYSE,24.43059215,25,146,0,Enron Global Power & Pipeline,0,0,0
19960402,1312,EPP',NYSE,24.43059215,25,1072,0,Enron Global Power & Pipeline,0,0,0
19960403,1312,EPP',NYSE,24.30843919,24.875,98,0,Enron Global Power & Pipeline,0,0,0
19960404,1312,EPP',NYSE,24.43059215,25,356,0,Enron Global Power & Pipeline,0,0,0
19960408,1312,EPP',NYSE,24.43059215,25,64,0,Enron Global Power & Pipeline,0,0,0
19960409,1312,EPP',NYSE,24.67489807,25.25,10,0,Enron Global Power & Pipeline,0,0,0
19960410,1312,EPP',NYSE,24.919204,25.5,12,0,Enron Global Power & Pipeline,0,0,0
19960411,1312,EPP',NYSE,24.67489807,25.25,31,0,Enron Global Power & Pipeline,0,0,0
19960412,1312,EPP',NYSE,24.67489807,25.25,26,0,Enron Global Power & Pipeline,0,0,0
19960415,1312,EPP',NYSE,24.43059215,25,24,0,Enron Global Power & Pipeline,0,0,0
19960416,1312,EPP',NYSE,24.43059215,25,11,0,Enron Global Power & Pipeline,0,0,0
19960417,1312,EPP',NYSE,24.30843919,24.875,112,0,Enron Global Power & Pipeline,0,0,0
19960418,1312,EPP',NYSE,23.81982735,24.375,261,0,Enron Global Power & Pipeline,0,0,0
19960419,1312,EPP',NYSE,24.30843919,24.875,69,0,Enron Global Power & Pipeline,0,0,0
19960422,1312,EPP',NYSE,24.18628623,24.75,34,0,Enron Global Power & Pipeline,0,0,0
19960423,1312,EPP',NYSE,24.18628623,24.75,97,0,Enron Global Power & Pipeline,0,0,0
19960424,1312,EPP',NYSE,23.69767439,24.25,197,0,Enron Global Power & Pipeline,0,0,0
19960425,1312,EPP',NYSE,23.94198031,24.5,13,0,Enron Global Power & Pipeline,0,0,0
19960426,1312,EPP',NYSE,24.43059215,25,244,0,Enron Global Power & Pipeline,0,0,0
19960429,1312,EPP',NYSE,24.18628623,24.75,262,0,Enron Global Power & Pipeline,0,0,0
19960430,1312,EPP',NYSE,24.18628623,24.75,243,0,Enron Global Power & Pipeline,0,0,0
19960501,1312,EPP',NYSE,24.18628623,24.75,78,0,Enron Global Power & Pipeline,0,0,0
19960502,1312,EPP',NYSE,23.94198031,24.5,155,0,Enron Global Power & Pipeline,0,0,0
19960503,1312,EPP',NYSE,23.69767439,24.25,64,0,Enron Global Power & Pipeline,0,0,0
19960506,1312,EPP',NYSE,23.20906255,23.75,168,0,Enron Global Power & Pipeline,0,0,0
19960507,1312,EPP',NYSE,22.96475662,23.5,141,0,Enron Global Power & Pipeline,0,0,0
19960508,1312,EPP',NYSE,23.45336847,24,75,0,Enron Global Power & Pipeline,0,0,0
19960509,1312,EPP',NYSE,23.45336847,24,104,0,Enron Global Power & Pipeline,0,0,0
19960510,1312,EPP',NYSE,23.45336847,24,132,0,Enron Global Power & Pipeline,0,0,0
19960513,1312,EPP',NYSE,24.06413327,24.625,94,0,Enron Global Power & Pipeline,0,0,0
19960514,1312,EPP',NYSE,23.94198031,24.5,106,0,Enron Global Power & Pipeline,0,0,0
19960515,1312,EPP',NYSE,24.67489807,25.25,236,0,Enron Global Power & Pipeline,0,0,0
19960516,1312,EPP',NYSE,25.16350992,25.75,331,0,Enron Global Power & Pipeline,0,0,0
19960517,1312,EPP',NYSE,25.16350992,25.75,15,0,Enron Global Power & Pipeline,0,0,0
19960520,1312,EPP',NYSE,24.919204,25.5,1654,0,Enron Global Power & Pipeline,0,0,0
19960521,1312,EPP',NYSE,25.28566288,25.875,26,0,Enron Global Power & Pipeline,0,0,0
19960522,1312,EPP',NYSE,25.65212176,26.25,104,0,Enron Global Power & Pipeline,0,0,0
19960523,1312,EPP',NYSE,26.26288656,26.875,1012,0,Enron Global Power & Pipeline,0,0,0
19960524,1312,EPP',NYSE,26.26288656,26.875,265,0,Enron Global Power & Pipeline,0,0,0
19960528,1312,EPP',NYSE,26.26288656,26.875,15,0,Enron Global Power & Pipeline,0,0,0
19960529,1312,EPP',NYSE,26.11016672,26.5,255,0,Enron Global Power & Pipeline,0,0,0
19960530,1312,EPP',NYSE,26.11016672,26.5,197,0,Enron Global Power & Pipeline,0,0,0
19960531,1312,EPP',NYSE,26.11016672,26.5,98,0,Enron Global Power & Pipeline,0,0,0
19960603,1312,EPP',NYSE,25.86384439,26.25,325,0,Enron Global Power & Pipeline,0,0,0
19960604,1312,EPP',NYSE,25.61752207,26,96,0,Enron Global Power & Pipeline,0,0,0
19960605,1312,EPP',NYSE,25.61752207,26,210,0,Enron Global Power & Pipeline,0,0,0
19960606,1312,EPP',NYSE,25.37119974,25.75,61,0,Enron Global Power & Pipeline,0,0,0
19960607,1312,EPP',NYSE,25.24803857,25.625,1,0,Enron Global Power & Pipeline,0,0,0
19960610,1312,EPP',NYSE,24.87855508,25.25,122,0,Enron Global Power & Pipeline,0,0,0
19960611,1312,EPP',NYSE,24.63223276,25,256,0,Enron Global Power & Pipeline,0,0,0
19960612,1312,EPP',NYSE,24.75539392,25.125,50,0,Enron Global Power & Pipeline,0,0,0
19960613,1312,EPP',NYSE,24.1395881,24.5,175,0,Enron Global Power & Pipeline,0,0,0
19960614,1312,EPP',NYSE,24.38591043,24.75,76,0,Enron Global Power & Pipeline,0,0,0
19960617,1312,EPP',NYSE,24.1395881,24.5,57,0,Enron Global Power & Pipeline,0,0,0
19960618,1312,EPP',NYSE,24.01642694,24.375,13,0,Enron Global Power & Pipeline,0,0,0
19960619,1312,EPP',NYSE,24.1395881,24.5,204,0,Enron Global Power & Pipeline,0,0,0
19960620,1312,EPP',NYSE,24.01642694,24.375,165,0,Enron Global Power & Pipeline,0,0,0
19960621,1312,EPP',NYSE,24.01642694,24.375,12,0,Enron Global Power & Pipeline,0,0,0
19960624,1312,EPP',NYSE,24.01642694,24.375,110,0,Enron Global Power & Pipeline,0,0,0
19960625,1312,EPP',NYSE,24.26274926,24.625,99,0,Enron Global Power & Pipeline,0,0,0
19960626,1312,EPP',NYSE,24.01642694,24.375,150,0,Enron Global Power & Pipeline,0,0,0
19960627,1312,EPP',NYSE,23.52378228,23.875,40,0,Enron Global Power & Pipeline,0,0,0
19960628,1312,EPP',NYSE,23.89326577,24.25,72,0,Enron Global Power & Pipeline,0,0,0
19960701,1312,EPP',NYSE,23.64694345,24,157,0,Enron Global Power & Pipeline,0,0,0
19960702,1312,EPP',NYSE,23.27745995,23.625,176,0,Enron Global Power & Pipeline,0,0,0
19960703,1312,EPP',NYSE,23.27745995,23.625,36,0,Enron Global Power & Pipeline,0,0,0
19960705,1312,EPP',NYSE,23.27745995,23.625,5,0,Enron Global Power & Pipeline,0,0,0
19960708,1312,EPP',NYSE,23.15429879,23.5,25,0,Enron Global Power & Pipeline,0,0,0
19960709,1312,EPP',NYSE,23.15429879,23.5,387,0,Enron Global Power & Pipeline,0,0,0
19960710,1312,EPP',NYSE,23.27745995,23.625,56,0,Enron Global Power & Pipeline,0,0,0
19960711,1312,EPP',NYSE,22.90797646,23.25,93,0,Enron Global Power & Pipeline,0,0,0
19960712,1312,EPP',NYSE,23.64694345,24,707,0,Enron Global Power & Pipeline,0,0,0
19960715,1312,EPP',NYSE,23.77010461,24.125,688,0,Enron Global Power & Pipeline,0,0,0
19960716,1312,EPP',NYSE,23.89326577,24.25,873,0,Enron Global Power & Pipeline,0,0,0
19960717,1312,EPP',NYSE,24.1395881,24.5,754,0,Enron Global Power & Pipeline,0,0,0
19960718,1312,EPP',NYSE,24.50907159,24.875,357,0,Enron Global Power & Pipeline,0,0,0
19960719,1312,EPP',NYSE,24.26274926,24.625,59,0,Enron Global Power & Pipeline,0,0,0
19960722,1312,EPP',NYSE,24.01642694,24.375,262,0,Enron Global Power & Pipeline,0,0,0
19960723,1312,EPP',NYSE,24.26274926,24.625,81,0,Enron Global Power & Pipeline,0,0,0
19960724,1312,EPP',NYSE,24.38591043,24.75,174,0,Enron Global Power & Pipeline,0,0,0
19960725,1312,EPP',NYSE,24.1395881,24.5,39,0,Enron Global Power & Pipeline,0,0,0
19960726,1312,EPP',NYSE,24.38591043,24.75,263,0,Enron Global Power & Pipeline,0,0,0
19960729,1312,EPP',NYSE,24.50907159,24.875,96,0,Enron Global Power & Pipeline,0,0,0
19960730,1312,EPP',NYSE,25.00171625,25.375,254,0,Enron Global Power & Pipeline,0,0,0
19960731,1312,EPP',NYSE,24.75539392,25.125,214,0,Enron Global Power & Pipeline,0,0,0
19960801,1312,EPP',NYSE,24.63223276,25,146,0,Enron Global Power & Pipeline,0,0,0
19960802,1312,EPP',NYSE,24.75539392,25.125,87,0,Enron Global Power & Pipeline,0,0,0
19960805,1312,EPP',NYSE,24.50907159,24.875,778,0,Enron Global Power & Pipeline,0,0,0
19960806,1312,EPP',NYSE,24.26274926,24.625,22,0,Enron Global Power & Pipeline,0,0,0
19960807,1312,EPP',NYSE,24.26274926,24.625,32,0,Enron Global Power & Pipeline,0,0,0
19960808,1312,EPP',NYSE,24.26274926,24.625,10,0,Enron Global Power & Pipeline,0,0,0
19960809,1312,EPP',NYSE,24.26274926,24.625,11,0,Enron Global Power & Pipeline,0,0,0
19960812,1312,EPP',NYSE,24.38591043,24.75,17,0,Enron Global Power & Pipeline,0,0,0
19960813,1312,EPP',NYSE,24.38591043,24.75,139,0,Enron Global Power & Pipeline,0,0,0
19960814,1312,EPP',NYSE,24.26274926,24.625,25,0,Enron Global Power & Pipeline,0,0,0
19960815,1312,EPP',NYSE,24.38591043,24.75,7,0,Enron Global Power & Pipeline,0,0,0
19960816,1312,EPP',NYSE,24.26274926,24.625,154,0,Enron Global Power & Pipeline,0,0,0
19960819,1312,EPP',NYSE,24.26274926,24.625,221,0,Enron Global Power & Pipeline,0,0,0
19960820,1312,EPP',NYSE,24.38591043,24.75,615,0,Enron Global Power & Pipeline,0,0,0
19960821,1312,EPP',NYSE,24.50907159,24.875,13,0,Enron Global Power & Pipeline,0,0,0
19960822,1312,EPP',NYSE,24.50907159,24.875,162,0,Enron Global Power & Pipeline,0,0,0
19960823,1312,EPP',NYSE,24.63223276,25,63,0,Enron Global Power & Pipeline,0,0,0
19960826,1312,EPP',NYSE,24.75539392,25.125,21,0,Enron Global Power & Pipeline,0,0,0
19960827,1312,EPP',NYSE,24.38591043,24.75,197,0,Enron Global Power & Pipeline,0,0,0
19960828,1312,EPP',NYSE,24.50907159,24.875,495,0,Enron Global Power & Pipeline,0,0,0
19960829,1312,EPP',NYSE,24.26274926,24.625,89,0,Enron Global Power & Pipeline,0,0,0
19960830,1312,EPP',NYSE,24.01642694,24.375,104,0,Enron Global Power & Pipeline,0,0,0
19960903,1312,EPP',NYSE,24.1395881,24.5,46,0,Enron Global Power & Pipeline,0,0,0
19960904,1312,EPP',NYSE,24.38591043,24.75,26,0,Enron Global Power & Pipeline,0,0,0
19960905,1312,EPP',NYSE,24.26274926,24.625,23,0,Enron Global Power & Pipeline,0,0,0
19960906,1312,EPP',NYSE,24.26274926,24.625,0,0,Enron Global Power & Pipeline,0,0,0
19960909,1312,EPP',NYSE,24.1395881,24.5,22,0,Enron Global Power & Pipeline,0,0,0
19960910,1312,EPP',NYSE,24.38591043,24.75,14,0,Enron Global Power & Pipeline,0,0,0
19960911,1312,EPP',NYSE,24.50907159,24.875,2,0,Enron Global Power & Pipeline,0,0,0
19960912,1312,EPP',NYSE,24.63223276,25,21,0,Enron Global Power & Pipeline,0,0,0
19960913,1312,EPP',NYSE,24.38591043,24.75,25,0,Enron Global Power & Pipeline,0,0,0
19960916,1312,EPP',NYSE,24.26274926,24.625,173,0,Enron Global Power & Pipeline,0,0,0
19960917,1312,EPP',NYSE,24.26274926,24.625,655,0,Enron Global Power & Pipeline,0,0,0
19960918,1312,EPP',NYSE,24.38591043,24.75,90,0,Enron Global Power & Pipeline,0,0,0
19960919,1312,EPP',NYSE,24.50907159,24.875,258,0,Enron Global Power & Pipeline,0,0,0
19960920,1312,EPP',NYSE,24.50907159,24.875,71,0,Enron Global Power & Pipeline,0,0,0
19960923,1312,EPP',NYSE,24.75539392,25.125,367,0,Enron Global Power & Pipeline,0,0,0
19960924,1312,EPP',NYSE,24.75539392,25.125,175,0,Enron Global Power & Pipeline,0,0,0
19960925,1312,EPP',NYSE,24.38591043,24.75,117,0,Enron Global Power & Pipeline,0,0,0
19960926,1312,EPP',NYSE,24.75539392,25.125,958,0,Enron Global Power & Pipeline,0,0,0
19960927,1312,EPP',NYSE,24.50907159,24.875,512,0,Enron Global Power & Pipeline,0,0,0
19960930,1312,EPP',NYSE,24.50907159,24.875,147,0,Enron Global Power & Pipeline,0,0,0
19961001,1312,EPP',NYSE,24.87855508,25.25,99,0,Enron Global Power & Pipeline,0,0,0
19961002,1312,EPP',NYSE,25.00171625,25.375,77,0,Enron Global Power & Pipeline,0,0,0
19961003,1312,EPP',NYSE,25.00171625,25.375,337,0,Enron Global Power & Pipeline,0,0,0
19961004,1312,EPP',NYSE,24.87855508,25.25,179,0,Enron Global Power & Pipeline,0,0,0
19961007,1312,EPP',NYSE,25.4943609,25.875,412,0,Enron Global Power & Pipeline,0,0,0
19961008,1312,EPP',NYSE,25.98700556,26.375,216,0,Enron Global Power & Pipeline,0,0,0
19961009,1312,EPP',NYSE,26.60281138,27,286,0,Enron Global Power & Pipeline,0,0,0
19961010,1312,EPP',NYSE,26.60281138,27,345,0,Enron Global Power & Pipeline,0,0,0
19961011,1312,EPP',NYSE,26.8491337,27.25,3996,0,Enron Global Power & Pipeline,0,0,0
19961014,1312,EPP',NYSE,26.8491337,27.25,97,0,Enron Global Power & Pipeline,0,0,0
19961015,1312,EPP',NYSE,26.60281138,27,129,0,Enron Global Power & Pipeline,0,0,0
19961016,1312,EPP',NYSE,26.35648905,26.75,145,0,Enron Global Power & Pipeline,0,0,0
19961017,1312,EPP',NYSE,26.35648905,26.75,65,0,Enron Global Power & Pipeline,0,0,0
19961018,1312,EPP',NYSE,26.8491337,27.25,332,0,Enron Global Power & Pipeline,0,0,0
19961021,1312,EPP',NYSE,26.35648905,26.75,61,0,Enron Global Power & Pipeline,0,0,0
19961022,1312,EPP',NYSE,26.72597254,27.125,179,0,Enron Global Power & Pipeline,0,0,0
19961023,1312,EPP',NYSE,26.60281138,27,342,0,Enron Global Power & Pipeline,0,0,0
19961024,1312,EPP',NYSE,26.8491337,27.25,175,0,Enron Global Power & Pipeline,0,0,0
19961025,1312,EPP',NYSE,26.72597254,27.125,263,0,Enron Global Power & Pipeline,0,0,0
19961028,1312,EPP',NYSE,27.58810069,28,260,0,Enron Global Power & Pipeline,0,0,0
19961029,1312,EPP',NYSE,27.71126185,28.125,229,0,Enron Global Power & Pipeline,0,0,0
19961030,1312,EPP',NYSE,27.71126185,28.125,141,0,Enron Global Power & Pipeline,0,0,0
19961031,1312,EPP',NYSE,27.71126185,28.125,118,0,Enron Global Power & Pipeline,0,0,0
19961101,1312,EPP',NYSE,27.58810069,28,91,0,Enron Global Power & Pipeline,0,0,0
19961104,1312,EPP',NYSE,27.83442301,28.25,131,0,Enron Global Power & Pipeline,0,0,0
19961105,1312,EPP',NYSE,27.83442301,28.25,5,0,Enron Global Power & Pipeline,0,0,0
19961106,1312,EPP',NYSE,28.08074534,28.5,177,0,Enron Global Power & Pipeline,0,0,0
19961107,1312,EPP',NYSE,28.08074534,28.5,417,0,Enron Global Power & Pipeline,0,0,0
19961108,1312,EPP',NYSE,28.08074534,28.5,180,0,Enron Global Power & Pipeline,0,0,0
19961111,1312,EPP',NYSE,27.95758418,28.375,31,0,Enron Global Power & Pipeline,0,0,0
19961112,1312,EPP',NYSE,27.46493952,27.875,231,0,Enron Global Power & Pipeline,0,0,0
19961113,1312,EPP',NYSE,27.58810069,28,217,0,Enron Global Power & Pipeline,0,0,0
19961114,1312,EPP',NYSE,27.58810069,28,86,0,Enron Global Power & Pipeline,0,0,0
19961115,1312,EPP',NYSE,27.83442301,28.25,129,0,Enron Global Power & Pipeline,0,0,0
19961118,1312,EPP',NYSE,27.83442301,28.25,16,0,Enron Global Power & Pipeline,0,0,0
19961119,1312,EPP',NYSE,27.83442301,28.25,140,0,Enron Global Power & Pipeline,0,0,0
19961120,1312,EPP',NYSE,27.95758418,28.375,107,0,Enron Global Power & Pipeline,0,0,0
19961121,1312,EPP',NYSE,28.20390651,28.625,143,0,Enron Global Power & Pipeline,0,0,0
19961122,1312,EPP',NYSE,28.20390651,28.625,54,0,Enron Global Power & Pipeline,0,0,0
19961125,1312,EPP',NYSE,28.32706767,28.75,191,0,Enron Global Power & Pipeline,0,0,0
19961126,1312,EPP',NYSE,28.57339,29,294,0,Enron Global Power & Pipeline,0,0,0
19961127,1312,EPP',NYSE,28.57339,29,23,0,Enron Global Power & Pipeline,0,0,0
19961129,1312,EPP',NYSE,28.32706767,28.75,22,0,Enron Global Power & Pipeline,0,0,0
19961202,1312,EPP',NYSE,28.20390651,28.625,166,0,Enron Global Power & Pipeline,0,0,0
19961203,1312,EPP',NYSE,27.95758418,28.375,159,0,Enron Global Power & Pipeline,0,0,0
19961204,1312,EPP',NYSE,27.95758418,28.375,612,0,Enron Global Power & Pipeline,0,0,0
19961205,1312,EPP',NYSE,28.08074534,28.5,274,0,Enron Global Power & Pipeline,0,0,0
19961206,1312,EPP',NYSE,27.71126185,28.125,545,0,Enron Global Power & Pipeline,0,0,0
19961209,1312,EPP',NYSE,27.71126185,28.125,217,0,Enron Global Power & Pipeline,0,0,0
19961210,1312,EPP',NYSE,27.58810069,28,276,0,Enron Global Power & Pipeline,0,0,0
19961211,1312,EPP',NYSE,27.2186172,27.625,718,0,Enron Global Power & Pipeline,0,0,0
19961212,1312,EPP',NYSE,26.97229487,27.375,28,0,Enron Global Power & Pipeline,0,0,0
19961213,1312,EPP',NYSE,27.34177836,27.75,19,0,Enron Global Power & Pipeline,0,0,0
19961216,1312,EPP',NYSE,27.58810069,28,982,0,Enron Global Power & Pipeline,0,0,0
19961217,1312,EPP',NYSE,27.58810069,28,273,0,Enron Global Power & Pipeline,0,0,0
19961218,1312,EPP',NYSE,27.34177836,27.75,96,0,Enron Global Power & Pipeline,0,0,0
19961219,1312,EPP',NYSE,27.46493952,27.875,18,0,Enron Global Power & Pipeline,0,0,0
19961220,1312,EPP',NYSE,27.46493952,27.875,220,0,Enron Global Power & Pipeline,0,0,0
19961223,1312,EPP',NYSE,26.8491337,27.25,430,0,Enron Global Power & Pipeline,0,0,0
19961224,1312,EPP',NYSE,26.72597254,27.125,12,0,Enron Global Power & Pipeline,0,0,0
19961226,1312,EPP',NYSE,26.72597254,27.125,100,0,Enron Global Power & Pipeline,0,0,0
19961227,1312,EPP',NYSE,26.72597254,27.125,340,0,Enron Global Power & Pipeline,0,0,0
19961230,1312,EPP',NYSE,26.60281138,27,436,0,Enron Global Power & Pipeline,0,0,0
19961231,1312,EPP',NYSE,26.60281138,27,75,0,Enron Global Power & Pipeline,0,0,0
19970102,1312,EPP',NYSE,26.11016672,26.5,207,0,Enron Global Power & Pipeline,0,0,0
19970103,1312,EPP',NYSE,26.47965021,26.875,69,0,Enron Global Power & Pipeline,0,0,0
19970106,1312,EPP',NYSE,26.35648905,26.75,270,0,Enron Global Power & Pipeline,0,0,0
19970107,1312,EPP',NYSE,26.11016672,26.5,495,0,Enron Global Power & Pipeline,0,0,0
19970108,1312,EPP',NYSE,26.23332788,26.625,473,0,Enron Global Power & Pipeline,0,0,0
19970109,1312,EPP',NYSE,26.97229487,27.375,140,0,Enron Global Power & Pipeline,0,0,0
19970110,1312,EPP',NYSE,26.97229487,27.375,40,0,Enron Global Power & Pipeline,0,0,0
19970113,1312,EPP',NYSE,26.72597254,27.125,73,0,Enron Global Power & Pipeline,0,0,0
19970114,1312,EPP',NYSE,26.8491337,27.25,98,0,Enron Global Power & Pipeline,0,0,0
19970115,1312,EPP',NYSE,27.34177836,27.75,68,0,Enron Global Power & Pipeline,0,0,0
19970116,1312,EPP',NYSE,27.09545603,27.5,76,0,Enron Global Power & Pipeline,0,0,0
19970117,1312,EPP',NYSE,27.46493952,27.875,84,0,Enron Global Power & Pipeline,0,0,0
19970120,1312,EPP',NYSE,27.58810069,28,18,0,Enron Global Power & Pipeline,0,0,0
19970121,1312,EPP',NYSE,27.83442301,28.25,96,0,Enron Global Power & Pipeline,0,0,0
19970122,1312,EPP',NYSE,27.83442301,28.25,242,0,Enron Global Power & Pipeline,0,0,0
19970123,1312,EPP',NYSE,27.95758418,28.375,473,0,Enron Global Power & Pipeline,0,0,0
19970124,1312,EPP',NYSE,28.20390651,28.625,149,0,Enron Global Power & Pipeline,0,0,0
19970127,1312,EPP',NYSE,28.20390651,28.625,79,0,Enron Global Power & Pipeline,0,0,0
19970128,1312,EPP',NYSE,28.20390651,28.625,227,0,Enron Global Power & Pipeline,0,0,0
19970129,1312,EPP',NYSE,28.32706767,28.75,35,0,Enron Global Power & Pipeline,0,0,0
19970130,1312,EPP',NYSE,28.69655116,29.125,76,0,Enron Global Power & Pipeline,0,0,0
19970131,1312,EPP',NYSE,29.55867931,30,87,0,Enron Global Power & Pipeline,0,0,0
19970203,1312,EPP',NYSE,29.31235698,29.75,603,0,Enron Global Power & Pipeline,0,0,0
19970204,1312,EPP',NYSE,29.31235698,29.75,687,0,Enron Global Power & Pipeline,0,0,0
19970205,1312,EPP',NYSE,29.06603465,29.5,104,0,Enron Global Power & Pipeline,0,0,0
19970206,1312,EPP',NYSE,29.18919582,29.625,32,0,Enron Global Power & Pipeline,0,0,0
19970207,1312,EPP',NYSE,29.18919582,29.625,23,0,Enron Global Power & Pipeline,0,0,0
19970210,1312,EPP',NYSE,29.18919582,29.625,32,0,Enron Global Power & Pipeline,0,0,0
19970211,1312,EPP',NYSE,29.43551814,29.875,78,0,Enron Global Power & Pipeline,0,0,0
19970212,1312,EPP',NYSE,29.55867931,30,1977,0,Enron Global Power & Pipeline,0,0,0
19970213,1312,EPP',NYSE,29.68184047,30.125,325,0,Enron Global Power & Pipeline,0,0,0
19970214,1312,EPP',NYSE,29.55867931,30,56,0,Enron Global Power & Pipeline,0,0,0
19970218,1312,EPP',NYSE,29.68184047,30.125,89,0,Enron Global Power & Pipeline,0,0,0
19970219,1312,EPP',NYSE,29.80500163,30.25,63,0,Enron Global Power & Pipeline,0,0,0
19970220,1312,EPP',NYSE,29.9281628,30.375,233,0,Enron Global Power & Pipeline,0,0,0
19970221,1312,EPP',NYSE,29.68184047,30.125,74,0,Enron Global Power & Pipeline,0,0,0
19970224,1312,EPP',NYSE,29.55867931,30,82,0,Enron Global Power & Pipeline,0,0,0
19970225,1312,EPP',NYSE,29.31235698,29.75,75,0,Enron Global Power & Pipeline,0,0,0
19970226,1312,EPP',NYSE,29.06603465,29.5,59,0,Enron Global Power & Pipeline,0,0,0
19970227,1312,EPP',NYSE,28.81971232,29.25,24,0,Enron Global Power & Pipeline,0,0,0
19970228,1312,EPP',NYSE,28.32706767,28.75,47,0,Enron Global Power & Pipeline,0,0,0
19970303,1312,EPP',NYSE,28.20390651,28.625,136,0,Enron Global Power & Pipeline,0,0,0
19970304,1312,EPP',NYSE,27.58810069,28,123,0,Enron Global Power & Pipeline,0,0,0
19970305,1312,EPP',NYSE,27.95758418,28.375,126,0,Enron Global Power & Pipeline,0,0,0
19970306,1312,EPP',NYSE,28.08074534,28.5,87,0,Enron Global Power & Pipeline,0,0,0
19970307,1312,EPP',NYSE,28.20390651,28.625,77,0,Enron Global Power & Pipeline,0,0,0
19970310,1312,EPP',NYSE,27.95758418,28.375,104,0,Enron Global Power & Pipeline,0,0,0
19970311,1312,EPP',NYSE,27.95758418,28.375,261,0,Enron Global Power & Pipeline,0,0,0
19970312,1312,EPP',NYSE,27.83442301,28.25,155,0,Enron Global Power & Pipeline,0,0,0
19970313,1312,EPP',NYSE,27.71126185,28.125,157,0,Enron Global Power & Pipeline,0,0,0
19970314,1312,EPP',NYSE,27.95758418,28.375,112,0,Enron Global Power & Pipeline,0,0,0
19970317,1312,EPP',NYSE,27.95758418,28.375,414,0,Enron Global Power & Pipeline,0,0,0
19970318,1312,EPP',NYSE,27.58810069,28,30,0,Enron Global Power & Pipeline,0,0,0
19970319,1312,EPP',NYSE,27.34177836,27.75,57,0,Enron Global Power & Pipeline,0,0,0
19970320,1312,EPP',NYSE,27.09545603,27.5,14,0,Enron Global Power & Pipeline,0,0,0
19970321,1312,EPP',NYSE,26.97229487,27.375,43,0,Enron Global Power & Pipeline,0,0,0
19970324,1312,EPP',NYSE,26.60281138,27,54,0,Enron Global Power & Pipeline,0,0,0
19970325,1312,EPP',NYSE,27.09545603,27.5,18,0,Enron Global Power & Pipeline,0,0,0
19970326,1312,EPP',NYSE,27.09545603,27.5,187,0,Enron Global Power & Pipeline,0,0,0
19970327,1312,EPP',NYSE,27.2186172,27.625,93,0,Enron Global Power & Pipeline,0,0,0
19970331,1312,EPP',NYSE,27.2186172,27.625,52,0,Enron Global Power & Pipeline,0,0,0
19970401,1312,EPP',NYSE,27.09545603,27.5,97,0,Enron Global Power & Pipeline,0,0,0
19970402,1312,EPP',NYSE,27.09545603,27.5,90,0,Enron Global Power & Pipeline,0,0,0
19970403,1312,EPP',NYSE,27.46493952,27.875,805,0,Enron Global Power & Pipeline,0,0,0
19970404,1312,EPP',NYSE,27.95758418,28.375,84,0,Enron Global Power & Pipeline,0,0,0
19970407,1312,EPP',NYSE,27.83442301,28.25,224,0,Enron Global Power & Pipeline,0,0,0
19970408,1312,EPP',NYSE,28.08074534,28.5,19,0,Enron Global Power & Pipeline,0,0,0
19970409,1312,EPP',NYSE,27.83442301,28.25,302,0,Enron Global Power & Pipeline,0,0,0
19970410,1312,EPP',NYSE,27.95758418,28.375,560,0,Enron Global Power & Pipeline,0,0,0
19970411,1312,EPP',NYSE,27.71126185,28.125,177,0,Enron Global Power & Pipeline,0,0,0
19970414,1312,EPP',NYSE,27.58810069,28,6,0,Enron Global Power & Pipeline,0,0,0
19970415,1312,EPP',NYSE,27.34177836,27.75,735,0,Enron Global Power & Pipeline,0,0,0
19970416,1312,EPP',NYSE,27.83442301,28.25,30,0,Enron Global Power & Pipeline,0,0,0
19970417,1312,EPP',NYSE,28.20390651,28.625,477,0,Enron Global Power & Pipeline,0,0,0
19970418,1312,EPP',NYSE,28.57339,29,99,0,Enron Global Power & Pipeline,0,0,0
19970421,1312,EPP',NYSE,28.81971232,29.25,508,0,Enron Global Power & Pipeline,0,0,0
19970422,1312,EPP',NYSE,28.81971232,29.25,244,0,Enron Global Power & Pipeline,0,0,0
19970423,1312,EPP',NYSE,28.69655116,29.125,525,0,Enron Global Power & Pipeline,0,0,0
19970424,1312,EPP',NYSE,29.31235698,29.75,139,0,Enron Global Power & Pipeline,0,0,0
19970425,1312,EPP',NYSE,29.18919582,29.625,665,0,Enron Global Power & Pipeline,0,0,0
19970428,1312,EPP',NYSE,29.18919582,29.625,29,0,Enron Global Power & Pipeline,0,0,0
19970429,1312,EPP',NYSE,29.06603465,29.5,176,0,Enron Global Power & Pipeline,0,0,0
19970430,1312,EPP',NYSE,29.06603465,29.5,431,0,Enron Global Power & Pipeline,0,0,0
19970501,1312,EPP',NYSE,29.06603465,29.5,7,0,Enron Global Power & Pipeline,0,0,0
19970502,1312,EPP',NYSE,29.43551814,29.875,721,0,Enron Global Power & Pipeline,0,0,0
19970505,1312,EPP',NYSE,30.29764629,30.75,412,0,Enron Global Power & Pipeline,0,0,0
19970506,1312,EPP',NYSE,29.31235698,29.75,459,0,Enron Global Power & Pipeline,0,0,0
19970507,1312,EPP',NYSE,29.31235698,29.75,152,0,Enron Global Power & Pipeline,0,0,0
19970508,1312,EPP',NYSE,29.31235698,29.75,218,0,Enron Global Power & Pipeline,0,0,0
19970509,1312,EPP',NYSE,29.18919582,29.625,22,0,Enron Global Power & Pipeline,0,0,0
19970512,1312,EPP',NYSE,29.55867931,30,318,0,Enron Global Power & Pipeline,0,0,0
19970513,1312,EPP',NYSE,29.80500163,30.25,18,0,Enron Global Power & Pipeline,0,0,0
19970514,1312,EPP',NYSE,31.89874142,32.375,419,0,Enron Global Power & Pipeline,0,0,0
19970515,1312,EPP',NYSE,32.76086957,33.25,22944,0,Enron Global Power & Pipeline,0,0,0
19970516,1312,EPP',NYSE,32.6377084,33.125,11419,0,Enron Global Power & Pipeline,0,0,0
19970519,1312,EPP',NYSE,32.51454724,33,2153,0,Enron Global Power & Pipeline,0,0,0
19970520,1312,EPP',NYSE,32.6377084,33.125,5075,0,Enron Global Power & Pipeline,0,0,0
19970521,1312,EPP',NYSE,32.6377084,33.125,1421,0,Enron Global Power & Pipeline,0,0,0
19970522,1312,EPP',NYSE,32.6377084,33.125,333,0,Enron Global Power & Pipeline,0,0,0
19970523,1312,EPP',NYSE,32.76086957,33.25,459,0,Enron Global Power & Pipeline,0,0,0
19970527,1312,EPP',NYSE,32.76086957,33.25,286,0,Enron Global Power & Pipeline,0,0,0
19970528,1312,EPP',NYSE,32.76086957,33,1630,0,Enron Global Power & Pipeline,0,0,0
19970529,1312,EPP',NYSE,32.76086957,33,185,0,Enron Global Power & Pipeline,0,0,0
19970530,1312,EPP',NYSE,32.76086957,33,340,0,Enron Global Power & Pipeline,0,0,0
19970602,1312,EPP',NYSE,33.00905797,33.25,184,0,Enron Global Power & Pipeline,0,0,0
19970603,1312,EPP',NYSE,32.76086957,33,452,0,Enron Global Power & Pipeline,0,0,0
19970604,1312,EPP',NYSE,32.88496377,33.125,475,0,Enron Global Power & Pipeline,0,0,0
19970605,1312,EPP',NYSE,33.00905797,33.25,39,0,Enron Global Power & Pipeline,0,0,0
19970606,1312,EPP',NYSE,32.88496377,33.125,287,0,Enron Global Power & Pipeline,0,0,0
19970609,1312,EPP',NYSE,32.88496377,33.125,59,0,Enron Global Power & Pipeline,0,0,0
19970610,1312,EPP',NYSE,33.00905797,33.25,91,0,Enron Global Power & Pipeline,0,0,0
19970611,1312,EPP',NYSE,33.00905797,33.25,181,0,Enron Global Power & Pipeline,0,0,0
19970612,1312,EPP',NYSE,33.00905797,33.25,760,0,Enron Global Power & Pipeline,0,0,0
19970613,1312,EPP',NYSE,33.00905797,33.25,74,0,Enron Global Power & Pipeline,0,0,0
19970616,1312,EPP',NYSE,32.88496377,33.125,12,0,Enron Global Power & Pipeline,0,0,0
19970617,1312,EPP',NYSE,33.00905797,33.25,67,0,Enron Global Power & Pipeline,0,0,0
19970618,1312,EPP',NYSE,32.88496377,33.125,249,0,Enron Global Power & Pipeline,0,0,0
19970619,1312,EPP',NYSE,32.76086957,33,247,0,Enron Global Power & Pipeline,0,0,0
19970620,1312,EPP',NYSE,32.88496377,33.125,1652,0,Enron Global Power & Pipeline,0,0,0
19970623,1312,EPP',NYSE,32.76086957,33,906,0,Enron Global Power & Pipeline,0,0,0
19970624,1312,EPP',NYSE,32.88496377,33.125,115,0,Enron Global Power & Pipeline,0,0,0
19970625,1312,EPP',NYSE,32.76086957,33,235,0,Enron Global Power & Pipeline,0,0,0
19970626,1312,EPP',NYSE,33.13315217,33.375,71,0,Enron Global Power & Pipeline,0,0,0
19970627,1312,EPP',NYSE,33.00905797,33.25,410,0,Enron Global Power & Pipeline,0,0,0
19970630,1312,EPP',NYSE,33.07110507,33.3125,490,0,Enron Global Power & Pipeline,0,0,0
19970701,1312,EPP',NYSE,33.07110507,33.3125,763,0,Enron Global Power & Pipeline,0,0,0
19970702,1312,EPP',NYSE,33.00905797,33.25,2902,0,Enron Global Power & Pipeline,0,0,0
19970703,1312,EPP',NYSE,33.07110507,33.3125,59,0,Enron Global Power & Pipeline,0,0,0
19970707,1312,EPP',NYSE,33.07110507,33.3125,19,0,Enron Global Power & Pipeline,0,0,0
19970708,1312,EPP',NYSE,33.38134058,33.625,115,0,Enron Global Power & Pipeline,0,0,0
19970709,1312,EPP',NYSE,32.94701087,33.1875,43,0,Enron Global Power & Pipeline,0,0,0
19970710,1312,EPP',NYSE,33.13315217,33.375,58,0,Enron Global Power & Pipeline,0,0,0
19970711,1312,EPP',NYSE,33.25724638,33.5,30,0,Enron Global Power & Pipeline,0,0,0
19970714,1312,EPP',NYSE,33.38134058,33.625,468,0,Enron Global Power & Pipeline,0,0,0
19970715,1312,EPP',NYSE,33.25724638,33.5,30,0,Enron Global Power & Pipeline,0,0,0
19970716,1312,EPP',NYSE,33.13315217,33.375,72,0,Enron Global Power & Pipeline,0,0,0
19970717,1312,EPP',NYSE,33.00905797,33.25,161,0,Enron Global Power & Pipeline,0,0,0
19970718,1312,EPP',NYSE,32.94701087,33.1875,170,0,Enron Global Power & Pipeline,0,0,0
19970721,1312,EPP',NYSE,32.94701087,33.1875,1044,0,Enron Global Power & Pipeline,0,0,0
19970722,1312,EPP',NYSE,32.94701087,33.1875,8,0,Enron Global Power & Pipeline,0,0,0
19970723,1312,EPP',NYSE,32.94701087,33.1875,12,0,Enron Global Power & Pipeline,0,0,0
19970724,1312,EPP',NYSE,33.07110507,33.3125,201,0,Enron Global Power & Pipeline,0,0,0
19970725,1312,EPP',NYSE,33.07110507,33.3125,39,0,Enron Global Power & Pipeline,0,0,0
19970728,1312,EPP',NYSE,33.07110507,33.3125,37,0,Enron Global Power & Pipeline,0,0,0
19970729,1312,EPP',NYSE,33.13315217,33.375,77,0,Enron Global Power & Pipeline,0,0,0
19970730,1312,EPP',NYSE,32.94701087,33.1875,40,0,Enron Global Power & Pipeline,0,0,0
19970731,1312,EPP',NYSE,32.94701087,33.1875,147,0,Enron Global Power & Pipeline,0,0,0
19970801,1312,EPP',NYSE,33.00905797,33.25,56,0,Enron Global Power & Pipeline,0,0,0
19970804,1312,EPP',NYSE,33.25724638,33.5,36,0,Enron Global Power & Pipeline,0,0,0
19970805,1312,EPP',NYSE,33.19519928,33.4375,1845,0,Enron Global Power & Pipeline,0,0,0
19970806,1312,EPP',NYSE,33.13315217,33.375,137,0,Enron Global Power & Pipeline,0,0,0
19970807,1312,EPP',NYSE,33.19519928,33.4375,20,0,Enron Global Power & Pipeline,0,0,0
19970808,1312,EPP',NYSE,33.25724638,33.5,30,0,Enron Global Power & Pipeline,0,0,0
19970811,1312,EPP',NYSE,33.25724638,33.5,74,0,Enron Global Power & Pipeline,0,0,0
19970812,1312,EPP',NYSE,33.31929348,33.5625,26,0,Enron Global Power & Pipeline,0,0,0
19970813,1312,EPP',NYSE,33.31929348,33.5625,17,0,Enron Global Power & Pipeline,0,0,0
19970814,1312,EPP',NYSE,33.31929348,33.5625,176,0,Enron Global Power & Pipeline,0,0,0
19970815,1312,EPP',NYSE,33.44338768,33.6875,26,0,Enron Global Power & Pipeline,0,0,0
19970818,1312,EPP',NYSE,33.07110507,33.3125,6244,0,Enron Global Power & Pipeline,0,0,0
19970819,1312,EPP',NYSE,34.1259058,34.375,12739,0,Enron Global Power & Pipeline,0,0,0
19970820,1312,EPP',NYSE,34.25,34.5,101,0,Enron Global Power & Pipeline,0,0,0
19970821,1312,EPP',NYSE,34.1879529,34.4375,133,0,Enron Global Power & Pipeline,0,0,0
19970822,1312,EPP',NYSE,34.3120471,34.5625,566,0,Enron Global Power & Pipeline,0,0,0
19970825,1312,EPP',NYSE,34.3120471,34.5625,130,0,Enron Global Power & Pipeline,0,0,0
19970826,1312,EPP',NYSE,34.25,34.5,136,0,Enron Global Power & Pipeline,0,0,0
19970827,1312,EPP',NYSE,34.3125,34.3125,355,0,Enron Global Power & Pipeline,0,0,0
19970828,1312,EPP',NYSE,34.4375,34.4375,3262,0,Enron Global Power & Pipeline,0,0,0
19970829,1312,EPP',NYSE,34.375,34.375,382,0,Enron Global Power & Pipeline,0,0,0
19970902,1312,EPP',NYSE,34.4375,34.4375,41,0,Enron Global Power & Pipeline,0,0,0
19970903,1312,EPP',NYSE,34.5,34.5,1020,0,Enron Global Power & Pipeline,0,0,0
19970904,1312,EPP',NYSE,34.5,34.5,969,0,Enron Global Power & Pipeline,0,0,0
19970905,1312,EPP',NYSE,34.5,34.5,39,0,Enron Global Power & Pipeline,0,0,0
19970908,1312,EPP',NYSE,34.4375,34.4375,1681,0,Enron Global Power & Pipeline,0,0,0
19970909,1312,EPP',NYSE,34.4375,34.4375,1172,0,Enron Global Power & Pipeline,0,0,0
19970910,1312,EPP',NYSE,34.4375,34.4375,83,0,Enron Global Power & Pipeline,0,0,0
19970911,1312,EPP',NYSE,34.375,34.375,27,0,Enron Global Power & Pipeline,0,0,0
19970912,1312,EPP',NYSE,34.4375,34.4375,74,0,Enron Global Power & Pipeline,0,0,0
19970915,1312,EPP',NYSE,34.5,34.5,98,0,Enron Global Power & Pipeline,0,0,0
19970916,1312,EPP',NYSE,34.4375,34.4375,771,0,Enron Global Power & Pipeline,0,0,0
19970917,1312,EPP',NYSE,34.4375,34.4375,201,0,Enron Global Power & Pipeline,0,0,0
19970918,1312,EPP',NYSE,34.375,34.375,49,0,Enron Global Power & Pipeline,0,0,0
19970919,1312,EPP',NYSE,34.375,34.375,6,0,Enron Global Power & Pipeline,0,0,0
19970922,1312,EPP',NYSE,34.4375,34.4375,5,0,Enron Global Power & Pipeline,0,0,0
19970923,1312,EPP',NYSE,34.375,34.375,1470,0,Enron Global Power & Pipeline,0,0,0
19970924,1312,EPP',NYSE,34.375,34.375,4791,0,Enron Global Power & Pipeline,0,0,0
19970925,1312,EPP',NYSE,34.375,34.375,236,0,Enron Global Power & Pipeline,0,0,0
19970926,1312,EPP',NYSE,34.4375,34.4375,46,0,Enron Global Power & Pipeline,0,0,0
19970929,1312,EPP',NYSE,34.375,34.375,19,0,Enron Global Power & Pipeline,0,0,0
19970930,1312,EPP',NYSE,34.375,34.375,99,0,Enron Global Power & Pipeline,0,0,0
19971001,1312,EPP',NYSE,34.4375,34.4375,25,0,Enron Global Power & Pipeline,0,0,0
19971002,1312,EPP',NYSE,34.4375,34.4375,9,0,Enron Global Power & Pipeline,0,0,0
19971003,1312,EPP',NYSE,34.4375,34.4375,33,0,Enron Global Power & Pipeline,0,0,0
19971006,1312,EPP',NYSE,34.375,34.375,10,0,Enron Global Power & Pipeline,0,0,0
19971007,1312,EPP',NYSE,34.4375,34.4375,87,0,Enron Global Power & Pipeline,0,0,0
19971008,1312,EPP',NYSE,34.5,34.5,213,0,Enron Global Power & Pipeline,0,0,0
19971009,1312,EPP',NYSE,34.4375,34.4375,17,0,Enron Global Power & Pipeline,0,0,0
19971010,1312,EPP',NYSE,34.4375,34.4375,82,0,Enron Global Power & Pipeline,0,0,0
19971013,1312,EPP',NYSE,34.5,34.5,106,0,Enron Global Power & Pipeline,0,0,0
19971014,1312,EPP',NYSE,34.5,34.5,2214,0,Enron Global Power & Pipeline,0,0,0
19971015,1312,EPP',NYSE,34.4375,34.4375,121,0,Enron Global Power & Pipeline,0,0,0
19971016,1312,EPP',NYSE,34.5,34.5,292,0,Enron Global Power & Pipeline,0,0,0
19971017,1312,EPP',NYSE,34.625,34.625,291,0,Enron Global Power & Pipeline,0,0,0
19971020,1312,EPP',NYSE,34.5625,34.5625,702,0,Enron Global Power & Pipeline,0,0,0
19971021,1312,EPP',NYSE,34.625,34.625,7,0,Enron Global Power & Pipeline,0,0,0
19971022,1312,EPP',NYSE,34.625,34.625,651,0,Enron Global Power & Pipeline,0,0,0
19971023,1312,EPP',NYSE,34.5625,34.5625,91,0,Enron Global Power & Pipeline,0,0,0
19971024,1312,EPP',NYSE,34.5625,34.5625,282,0,Enron Global Power & Pipeline,0,0,0
19971027,1312,EPP',NYSE,34.25,34.25,298,0,Enron Global Power & Pipeline,0,0,0
19971028,1312,EPP',NYSE,34,34,135,0,Enron Global Power & Pipeline,0,0,0
19971029,1312,EPP',NYSE,34.5625,34.5625,395,0,Enron Global Power & Pipeline,0,0,0
19971030,1312,EPP',NYSE,34.5625,34.5625,0,0,Enron Global Power & Pipeline,0,0,0
19971031,1312,EPP',NYSE,34.4375,34.4375,126,0,Enron Global Power & Pipeline,0,0,0
19971103,1312,EPP',NYSE,34.5625,34.5625,20,0,Enron Global Power & Pipeline,0,0,0
19971104,1312,EPP',NYSE,34.4375,34.4375,283,0,Enron Global Power & Pipeline,0,0,0
19971105,1312,EPP',NYSE,34.5,34.5,7,0,Enron Global Power & Pipeline,0,0,0
19971106,1312,EPP',NYSE,34.3125,34.3125,400,0,Enron Global Power & Pipeline,0,0,0
19971107,1312,EPP',NYSE,33.75,33.75,113,0,Enron Global Power & Pipeline,0,0,0
19971110,1312,EPP',NYSE,33.6875,33.6875,366,0,Enron Global Power & Pipeline,0,0,0
19971111,1312,EPP',NYSE,33.625,33.625,324,0,Enron Global Power & Pipeline,0,0,0
19971112,1312,EPP',NYSE,33.25,33.25,268,0,Enron Global Power & Pipeline,0,0,0
19971113,1312,EPP',NYSE,32.875,32.875,357,0,Enron Global Power & Pipeline,0,0,0
19971114,1312,EPP',NYSE,33.25,33.25,589,0,Enron Global Power & Pipeline,0,0,0
19971117,1312,EPP',NYSE,34.125,34.125,104,0,Enron Global Power & Pipeline,0,0,0
19971118,1312,EPP',NYSE,34.125,34.125,141,0,Enron Global Power & Pipeline,0,0,0
