DDate,CSINumber,Symbol,Exchange,DClose,UnAdjustedClose,TotalVolume,Cash,MarketName,PTB,PSR,DPS
19970716,13242,HMSI',AMEX,10.125,10.125,2693,0,Home Security Intl Inc,0,0,0
19970717,13242,HMSI',AMEX,10.1875,10.1875,2935,0,Home Security Intl Inc,0,0,0
19970718,13242,HMSI',AMEX,10,10,3278,0,Home Security Intl Inc,0,0,0
19970721,13242,HMSI',AMEX,10.125,10.125,4260,0,Home Security Intl Inc,0,0,0
19970722,13242,HMSI',AMEX,10.8125,10.8125,893,0,Home Security Intl Inc,0,0,0
19970723,13242,HMSI',AMEX,11,11,804,0,Home Security Intl Inc,0,0,0
19970724,13242,HMSI',AMEX,12.375,12.375,3009,0,Home Security Intl Inc,0,0,0
19970725,13242,HMSI',AMEX,11.875,11.875,1181,0,Home Security Intl Inc,0,0,0
19970728,13242,HMSI',AMEX,11.75,11.75,306,0,Home Security Intl Inc,0,0,0
19970729,13242,HMSI',AMEX,11.75,11.75,217,0,Home Security Intl Inc,0,0,0
19970730,13242,HMSI',AMEX,11.625,11.625,103,0,Home Security Intl Inc,0,0,0
19970731,13242,HMSI',AMEX,12,12,288,0,Home Security Intl Inc,0,0,0
19970801,13242,HMSI',AMEX,12,12,0,0,Home Security Intl Inc,0,0,0
19970804,13242,HMSI',AMEX,12.75,12.75,204,0,Home Security Intl Inc,0,0,0
19970805,13242,HMSI',AMEX,12.625,12.625,87,0,Home Security Intl Inc,0,0,0
19970806,13242,HMSI',AMEX,12.375,12.375,193,0,Home Security Intl Inc,0,0,0
19970807,13242,HMSI',AMEX,12.125,12.125,111,0,Home Security Intl Inc,0,0,0
19970808,13242,HMSI',AMEX,12,12,14,0,Home Security Intl Inc,0,0,0
19970811,13242,HMSI',AMEX,12,12,325,0,Home Security Intl Inc,0,0,0
19970812,13242,HMSI',AMEX,12.125,12.125,100,0,Home Security Intl Inc,0,0,0
19970813,13242,HMSI',AMEX,12,12,170,0,Home Security Intl Inc,0,0,0
19970814,13242,HMSI',AMEX,12,12,0,0,Home Security Intl Inc,0,0,0
19970815,13242,HMSI',AMEX,11.75,11.75,24,0,Home Security Intl Inc,0,0,0
19970818,13242,HMSI',AMEX,11.625,11.625,10,0,Home Security Intl Inc,0,0,0
19970819,13242,HMSI',AMEX,11.625,11.625,110,0,Home Security Intl Inc,0,0,0
19970820,13242,HMSI',AMEX,11.625,11.625,115,0,Home Security Intl Inc,0,0,0
19970821,13242,HMSI',AMEX,11.625,11.625,50,0,Home Security Intl Inc,0,0,0
19970822,13242,HMSI',AMEX,11.5,11.5,30,0,Home Security Intl Inc,0,0,0
19970825,13242,HMSI',AMEX,11,11,210,0,Home Security Intl Inc,0,0,0
19970826,13242,HMSI',AMEX,11,11,40,0,Home Security Intl Inc,0,0,0
19970827,13242,HMSI',AMEX,11,11,100,0,Home Security Intl Inc,0,0,0
19970828,13242,HMSI',AMEX,10.75,10.75,10,0,Home Security Intl Inc,0,0,0
19970829,13242,HMSI',AMEX,10.75,10.75,10,0,Home Security Intl Inc,0,0,0
19970902,13242,HMSI',AMEX,11,11,25,0,Home Security Intl Inc,0,0,0
19970903,13242,HMSI',AMEX,11.25,11.25,221,0,Home Security Intl Inc,0,0,0
19970904,13242,HMSI',AMEX,11.625,11.625,142,0,Home Security Intl Inc,0,0,0
19970905,13242,HMSI',AMEX,12.375,12.375,192,0,Home Security Intl Inc,0,0,0
19970908,13242,HMSI',AMEX,12.25,12.25,868,0,Home Security Intl Inc,0,0,0
19970909,13242,HMSI',AMEX,12.6875,12.6875,1207,0,Home Security Intl Inc,0,0,0
19970910,13242,HMSI',AMEX,12.5,12.5,375,0,Home Security Intl Inc,0,0,0
19970911,13242,HMSI',AMEX,12.875,12.875,443,0,Home Security Intl Inc,0,0,0
19970912,13242,HMSI',AMEX,14.875,14.875,631,0,Home Security Intl Inc,0,0,0
19970915,13242,HMSI',AMEX,14.5,14.5,109,0,Home Security Intl Inc,0,0,0
19970916,13242,HMSI',AMEX,14.5,14.5,116,0,Home Security Intl Inc,0,0,0
19970917,13242,HMSI',AMEX,14.5,14.5,128,0,Home Security Intl Inc,0,0,0
19970918,13242,HMSI',AMEX,14.25,14.25,100,0,Home Security Intl Inc,0,0,0
19970919,13242,HMSI',AMEX,14.375,14.375,35,0,Home Security Intl Inc,0,0,0
19970922,13242,HMSI',AMEX,14.25,14.25,148,0,Home Security Intl Inc,0,0,0
19970923,13242,HMSI',AMEX,14,14,94,0,Home Security Intl Inc,0,0,0
19970924,13242,HMSI',AMEX,14,14,5,0,Home Security Intl Inc,0,0,0
19970925,13242,HMSI',AMEX,13.5,13.5,61,0,Home Security Intl Inc,0,0,0
19970926,13242,HMSI',AMEX,13.625,13.625,3,0,Home Security Intl Inc,0,0,0
19970929,13242,HMSI',AMEX,13.625,13.625,5,0,Home Security Intl Inc,0,0,0
19970930,13242,HMSI',AMEX,13.5,13.5,12,0,Home Security Intl Inc,0,0,0
19971001,13242,HMSI',AMEX,13.25,13.25,15,0,Home Security Intl Inc,0,0,0
19971002,13242,HMSI',AMEX,12.875,12.875,84,0,Home Security Intl Inc,0,0,0
19971003,13242,HMSI',AMEX,13,13,20,0,Home Security Intl Inc,0,0,0
19971006,13242,HMSI',AMEX,12.75,12.75,44,0,Home Security Intl Inc,0,0,0
19971007,13242,HMSI',AMEX,12.5,12.5,2,0,Home Security Intl Inc,0,0,0
19971008,13242,HMSI',AMEX,12,12,12,0,Home Security Intl Inc,0,0,0
19971009,13242,HMSI',AMEX,12.125,12.125,74,0,Home Security Intl Inc,0,0,0
19971010,13242,HMSI',AMEX,11.875,11.875,5,0,Home Security Intl Inc,0,0,0
19971013,13242,HMSI',AMEX,12.625,12.625,468,0,Home Security Intl Inc,0,0,0
19971014,13242,HMSI',AMEX,12.25,12.25,576,0,Home Security Intl Inc,0,0,0
19971015,13242,HMSI',AMEX,12.25,12.25,0,0,Home Security Intl Inc,0,0,0
19971016,13242,HMSI',AMEX,12.5,12.5,3,0,Home Security Intl Inc,0,0,0
19971017,13242,HMSI',AMEX,12.125,12.125,334,0,Home Security Intl Inc,0,0,0
19971020,13242,HMSI',AMEX,12.25,12.25,25,0,Home Security Intl Inc,0,0,0
19971021,13242,HMSI',AMEX,12.375,12.375,60,0,Home Security Intl Inc,0,0,0
19971022,13242,HMSI',AMEX,12,12,17,0,Home Security Intl Inc,0,0,0
19971023,13242,HMSI',AMEX,12,12,3,0,Home Security Intl Inc,0,0,0
19971024,13242,HMSI',AMEX,12,12,0,0,Home Security Intl Inc,0,0,0
19971027,13242,HMSI',AMEX,10.25,10.25,165,0,Home Security Intl Inc,0,0,0
19971028,13242,HMSI',AMEX,10.875,10.875,189,0,Home Security Intl Inc,0,0,0
19971029,13242,HMSI',AMEX,11.25,11.25,754,0,Home Security Intl Inc,0,0,0
19971030,13242,HMSI',AMEX,11.25,11.25,0,0,Home Security Intl Inc,0,0,0
19971031,13242,HMSI',AMEX,11.25,11.25,0,0,Home Security Intl Inc,0,0,0
19971103,13242,HMSI',AMEX,11.375,11.375,1,0,Home Security Intl Inc,0,0,0
19971104,13242,HMSI',AMEX,11.375,11.375,0,0,Home Security Intl Inc,0,0,0
19971105,13242,HMSI',AMEX,11.375,11.375,0,0,Home Security Intl Inc,0,0,0
19971106,13242,HMSI',AMEX,11.375,11.375,0,0,Home Security Intl Inc,0,0,0
19971107,13242,HMSI',AMEX,11,11,89,0,Home Security Intl Inc,0,0,0
19971110,13242,HMSI',AMEX,11,11,0,0,Home Security Intl Inc,0,0,0
19971111,13242,HMSI',AMEX,11,11,12,0,Home Security Intl Inc,0,0,0
19971112,13242,HMSI',AMEX,11,11,0,0,Home Security Intl Inc,0,0,0
19971113,13242,HMSI',AMEX,11,11,0,0,Home Security Intl Inc,0,0,0
19971114,13242,HMSI',AMEX,11,11,0,0,Home Security Intl Inc,0,0,0
19971117,13242,HMSI',AMEX,11,11,0,0,Home Security Intl Inc,0,0,0
19971118,13242,HMSI',AMEX,11.25,11.25,72,0,Home Security Intl Inc,0,0,0
19971119,13242,HMSI',AMEX,11.25,11.25,0,0,Home Security Intl Inc,0,0,0
19971120,13242,HMSI',AMEX,11.125,11.125,4,0,Home Security Intl Inc,0,0,0
19971121,13242,HMSI',AMEX,11.375,11.375,25,0,Home Security Intl Inc,0,0,0
19971124,13242,HMSI',AMEX,11,11,54,0,Home Security Intl Inc,0,0,0
19971125,13242,HMSI',AMEX,11,11,0,0,Home Security Intl Inc,0,0,0
19971126,13242,HMSI',AMEX,10.75,10.75,57,0,Home Security Intl Inc,0,0,0
19971128,13242,HMSI',AMEX,10.75,10.75,21,0,Home Security Intl Inc,0,0,0
19971201,13242,HMSI',AMEX,10.75,10.75,2,0,Home Security Intl Inc,0,0,0
19971202,13242,HMSI',AMEX,10.5,10.5,15,0,Home Security Intl Inc,0,0,0
19971203,13242,HMSI',AMEX,10.625,10.625,10,0,Home Security Intl Inc,0,0,0
19971204,13242,HMSI',AMEX,10.5,10.5,25,0,Home Security Intl Inc,0,0,0
19971205,13242,HMSI',AMEX,10.5,10.5,0,0,Home Security Intl Inc,0,0,0
19971208,13242,HMSI',AMEX,10.25,10.25,22,0,Home Security Intl Inc,0,0,0
19971209,13242,HMSI',AMEX,10.375,10.375,12,0,Home Security Intl Inc,0,0,0
19971210,13242,HMSI',AMEX,10.375,10.375,2,0,Home Security Intl Inc,0,0,0
19971211,13242,HMSI',AMEX,10.375,10.375,0,0,Home Security Intl Inc,0,0,0
19971212,13242,HMSI',AMEX,10.375,10.375,190,0,Home Security Intl Inc,0,0,0
19971215,13242,HMSI',AMEX,10.375,10.375,160,0,Home Security Intl Inc,0,0,0
19971216,13242,HMSI',AMEX,10.375,10.375,0,0,Home Security Intl Inc,0,0,0
19971217,13242,HMSI',AMEX,10.5,10.5,1,0,Home Security Intl Inc,0,0,0
19971218,13242,HMSI',AMEX,10.375,10.375,1,0,Home Security Intl Inc,0,0,0
19971219,13242,HMSI',AMEX,10.375,10.375,10,0,Home Security Intl Inc,0,0,0
19971222,13242,HMSI',AMEX,10.375,10.375,0,0,Home Security Intl Inc,0,0,0
19971223,13242,HMSI',AMEX,10.125,10.125,1,0,Home Security Intl Inc,0,0,0
19971224,13242,HMSI',AMEX,9.75,9.75,12,0,Home Security Intl Inc,0,0,0
19971226,13242,HMSI',AMEX,9.5,9.5,15,0,Home Security Intl Inc,0,0,0
19971229,13242,HMSI',AMEX,9,9,231,0,Home Security Intl Inc,0,0,0
19971230,13242,HMSI',AMEX,9,9,5,0,Home Security Intl Inc,0,0,0
19971231,13242,HMSI',AMEX,11.25,11.25,118,0,Home Security Intl Inc,0,0,0
19980102,13242,HMSI',AMEX,10.75,10.75,16,0,Home Security Intl Inc,0,0,0
19980105,13242,HMSI',AMEX,10.5,10.5,2,0,Home Security Intl Inc,0,0,0
19980106,13242,HMSI',AMEX,10.5,10.5,1,0,Home Security Intl Inc,0,0,0
19980107,13242,HMSI',AMEX,10.25,10.25,2,0,Home Security Intl Inc,0,0,0
19980108,13242,HMSI',AMEX,9.5625,9.5625,573,0,Home Security Intl Inc,0,0,0
19980109,13242,HMSI',AMEX,9.1875,9.1875,60,0,Home Security Intl Inc,0,0,0
19980112,13242,HMSI',AMEX,9.1875,9.1875,0,0,Home Security Intl Inc,0,0,0
19980113,13242,HMSI',AMEX,9.0625,9.0625,17,0,Home Security Intl Inc,0,0,0
19980114,13242,HMSI',AMEX,9.5,9.5,28,0,Home Security Intl Inc,0,0,0
19980115,13242,HMSI',AMEX,9.375,9.375,33,0,Home Security Intl Inc,0,0,0
19980116,13242,HMSI',AMEX,9.375,9.375,74,0,Home Security Intl Inc,0,0,0
19980120,13242,HMSI',AMEX,9.625,9.625,13,0,Home Security Intl Inc,0,0,0
19980121,13242,HMSI',AMEX,9.5,9.5,50,0,Home Security Intl Inc,0,0,0
19980122,13242,HMSI',AMEX,9.5,9.5,3,0,Home Security Intl Inc,0,0,0
19980123,13242,HMSI',AMEX,9.5,9.5,0,0,Home Security Intl Inc,0,0,0
19980126,13242,HMSI',AMEX,9.5,9.5,0,0,Home Security Intl Inc,0,0,0
19980127,13242,HMSI',AMEX,9.5,9.5,0,0,Home Security Intl Inc,0,0,0
19980128,13242,HMSI',AMEX,9.625,9.625,3,0,Home Security Intl Inc,0,0,0
19980129,13242,HMSI',AMEX,10,10,5,0,Home Security Intl Inc,0,0,0
19980130,13242,HMSI',AMEX,11,11,115,0,Home Security Intl Inc,0,0,0
19980202,13242,HMSI',AMEX,10.75,10.75,3,0,Home Security Intl Inc,0,0,0
19980203,13242,HMSI',AMEX,11.25,11.25,20,0,Home Security Intl Inc,0,0,0
19980204,13242,HMSI',AMEX,11.375,11.375,248,0,Home Security Intl Inc,0,0,0
19980205,13242,HMSI',AMEX,11,11,15,0,Home Security Intl Inc,0,0,0
19980206,13242,HMSI',AMEX,11,11,0,0,Home Security Intl Inc,0,0,0
19980209,13242,HMSI',AMEX,11.25,11.25,27,0,Home Security Intl Inc,0,0,0
19980210,13242,HMSI',AMEX,11,11,18,0,Home Security Intl Inc,0,0,0
19980211,13242,HMSI',AMEX,11,11,0,0,Home Security Intl Inc,0,0,0
19980212,13242,HMSI',AMEX,10.875,10.875,5,0,Home Security Intl Inc,0,0,0
19980213,13242,HMSI',AMEX,10.5,10.5,495,0,Home Security Intl Inc,0,0,0
19980217,13242,HMSI',AMEX,10.125,10.125,114,0,Home Security Intl Inc,0,0,0
19980218,13242,HMSI',AMEX,10.25,10.25,90,0,Home Security Intl Inc,0,0,0
19980219,13242,HMSI',AMEX,10.25,10.25,0,0,Home Security Intl Inc,0,0,0
19980220,13242,HMSI',AMEX,10.25,10.25,22,0,Home Security Intl Inc,0,0,0
19980223,13242,HMSI',AMEX,10.25,10.25,0,0,Home Security Intl Inc,0,0,0
19980224,13242,HMSI',AMEX,10.5,10.5,5,0,Home Security Intl Inc,0,0,0
19980225,13242,HMSI',AMEX,10.5,10.5,0,0,Home Security Intl Inc,0,0,0
19980226,13242,HMSI',AMEX,10.5,10.5,5,0,Home Security Intl Inc,0,0,0
19980227,13242,HMSI',AMEX,10.5,10.5,0,0,Home Security Intl Inc,0,0,0
19980302,13242,HMSI',AMEX,10.5,10.5,30,0,Home Security Intl Inc,0,0,0
19980303,13242,HMSI',AMEX,10.5,10.5,34,0,Home Security Intl Inc,0,0,0
19980304,13242,HMSI',AMEX,10.5,10.5,10,0,Home Security Intl Inc,0,0,0
19980305,13242,HMSI',AMEX,10.5,10.5,30,0,Home Security Intl Inc,0,0,0
19980306,13242,HMSI',AMEX,10.5,10.5,119,0,Home Security Intl Inc,0,0,0
19980309,13242,HMSI',AMEX,10.5,10.5,12,0,Home Security Intl Inc,0,0,0
19980310,13242,HMSI',AMEX,10.5,10.5,90,0,Home Security Intl Inc,0,0,0
19980311,13242,HMSI',AMEX,10.625,10.625,130,0,Home Security Intl Inc,0,0,0
19980312,13242,HMSI',AMEX,10.625,10.625,8,0,Home Security Intl Inc,0,0,0
19980313,13242,HMSI',AMEX,10.375,10.375,5,0,Home Security Intl Inc,0,0,0
19980316,13242,HMSI',AMEX,10.625,10.625,15,0,Home Security Intl Inc,0,0,0
19980317,13242,HMSI',AMEX,10.875,10.875,10,0,Home Security Intl Inc,0,0,0
19980318,13242,HMSI',AMEX,10.75,10.75,3,0,Home Security Intl Inc,0,0,0
19980319,13242,HMSI',AMEX,10.5,10.5,350,0,Home Security Intl Inc,0,0,0
19980320,13242,HMSI',AMEX,10.5,10.5,193,0,Home Security Intl Inc,0,0,0
19980323,13242,HMSI',AMEX,10.75,10.75,10,0,Home Security Intl Inc,0,0,0
19980324,13242,HMSI',AMEX,10.875,10.875,24,0,Home Security Intl Inc,0,0,0
19980325,13242,HMSI',AMEX,10.75,10.75,35,0,Home Security Intl Inc,0,0,0
19980326,13242,HMSI',AMEX,10.625,10.625,35,0,Home Security Intl Inc,0,0,0
19980327,13242,HMSI',AMEX,10.75,10.75,38,0,Home Security Intl Inc,0,0,0
19980330,13242,HMSI',AMEX,10.75,10.75,197,0,Home Security Intl Inc,0,0,0
19980331,13242,HMSI',AMEX,10.5,10.5,20,0,Home Security Intl Inc,0,0,0
19980401,13242,HMSI',AMEX,10.5,10.5,1038,0,Home Security Intl Inc,0,0,0
19980402,13242,HMSI',AMEX,10.75,10.75,18,0,Home Security Intl Inc,0,0,0
19980403,13242,HMSI',AMEX,10.75,10.75,3,0,Home Security Intl Inc,0,0,0
19980406,13242,HMSI',AMEX,10.625,10.625,1,0,Home Security Intl Inc,0,0,0
19980407,13242,HMSI',AMEX,10,10,2730,0,Home Security Intl Inc,0,0,0
19980408,13242,HMSI',AMEX,10,10,26,0,Home Security Intl Inc,0,0,0
19980409,13242,HMSI',AMEX,10.25,10.25,3,0,Home Security Intl Inc,0,0,0
19980413,13242,HMSI',AMEX,10.375,10.375,3,0,Home Security Intl Inc,0,0,0
19980414,13242,HMSI',AMEX,10.375,10.375,89,0,Home Security Intl Inc,0,0,0
19980415,13242,HMSI',AMEX,10.25,10.25,17,0,Home Security Intl Inc,0,0,0
19980416,13242,HMSI',AMEX,10.375,10.375,3,0,Home Security Intl Inc,0,0,0
19980417,13242,HMSI',AMEX,10.5,10.5,50,0,Home Security Intl Inc,0,0,0
19980420,13242,HMSI',AMEX,10.25,10.25,15,0,Home Security Intl Inc,0,0,0
19980421,13242,HMSI',AMEX,10.375,10.375,5,0,Home Security Intl Inc,0,0,0
19980422,13242,HMSI',AMEX,10.625,10.625,200,0,Home Security Intl Inc,0,0,0
19980423,13242,HMSI',AMEX,10.625,10.625,85,0,Home Security Intl Inc,0,0,0
19980424,13242,HMSI',AMEX,10.625,10.625,10,0,Home Security Intl Inc,0,0,0
19980427,13242,HMSI',AMEX,10.625,10.625,35,0,Home Security Intl Inc,0,0,0
19980428,13242,HMSI',AMEX,10.875,10.875,106,0,Home Security Intl Inc,0,0,0
19980429,13242,HMSI',AMEX,11,11,1,0,Home Security Intl Inc,0,0,0
19980430,13242,HMSI',AMEX,13.625,13.625,336,0,Home Security Intl Inc,0,0,0
19980501,13242,HMSI',AMEX,13.5,13.5,44,0,Home Security Intl Inc,0,0,0
19980504,13242,HMSI',AMEX,13.125,13.125,63,0,Home Security Intl Inc,0,0,0
19980505,13242,HMSI',AMEX,13.125,13.125,6,0,Home Security Intl Inc,0,0,0
19980506,13242,HMSI',AMEX,13.25,13.25,5,0,Home Security Intl Inc,0,0,0
19980507,13242,HMSI',AMEX,13.25,13.25,0,0,Home Security Intl Inc,0,0,0
19980508,13242,HMSI',AMEX,13,13,101,0,Home Security Intl Inc,0,0,0
19980511,13242,HMSI',AMEX,13.25,13.25,33,0,Home Security Intl Inc,0,0,0
19980512,13242,HMSI',AMEX,13.25,13.25,0,0,Home Security Intl Inc,0,0,0
19980513,13242,HMSI',AMEX,13.25,13.25,0,0,Home Security Intl Inc,0,0,0
19980514,13242,HMSI',AMEX,13,13,32,0,Home Security Intl Inc,0,0,0
19980515,13242,HMSI',AMEX,12.625,12.625,20,0,Home Security Intl Inc,0,0,0
19980518,13242,HMSI',AMEX,12.75,12.75,7,0,Home Security Intl Inc,0,0,0
19980519,13242,HMSI',AMEX,12.75,12.75,0,0,Home Security Intl Inc,0,0,0
19980520,13242,HMSI',AMEX,12.5,12.5,13,0,Home Security Intl Inc,0,0,0
19980521,13242,HMSI',AMEX,12.75,12.75,16,0,Home Security Intl Inc,0,0,0
19980522,13242,HMSI',AMEX,12.75,12.75,0,0,Home Security Intl Inc,0,0,0
19980526,13242,HMSI',AMEX,12.375,12.375,9,0,Home Security Intl Inc,0,0,0
19980527,13242,HMSI',AMEX,12.25,12.25,5,0,Home Security Intl Inc,0,0,0
19980528,13242,HMSI',AMEX,12,12,31,0,Home Security Intl Inc,0,0,0
19980529,13242,HMSI',AMEX,12,12,0,0,Home Security Intl Inc,0,0,0
19980601,13242,HMSI',AMEX,12,12,0,0,Home Security Intl Inc,0,0,0
19980602,13242,HMSI',AMEX,11.75,11.75,6,0,Home Security Intl Inc,0,0,0
19980603,13242,HMSI',AMEX,11.875,11.875,6,0,Home Security Intl Inc,0,0,0
19980604,13242,HMSI',AMEX,11.875,11.875,0,0,Home Security Intl Inc,0,0,0
19980605,13242,HMSI',AMEX,11.875,11.875,0,0,Home Security Intl Inc,0,0,0
19980608,13242,HMSI',AMEX,11.875,11.875,2,0,Home Security Intl Inc,0,0,0
19980609,13242,HMSI',AMEX,11.625,11.625,10,0,Home Security Intl Inc,0,0,0
19980610,13242,HMSI',AMEX,11.625,11.625,0,0,Home Security Intl Inc,0,0,0
19980611,13242,HMSI',AMEX,11.625,11.625,0,0,Home Security Intl Inc,0,0,0
19980612,13242,HMSI',AMEX,11.375,11.375,22,0,Home Security Intl Inc,0,0,0
19980615,13242,HMSI',AMEX,11.375,11.375,0,0,Home Security Intl Inc,0,0,0
19980616,13242,HMSI',AMEX,11.125,11.125,11,0,Home Security Intl Inc,0,0,0
19980617,13242,HMSI',AMEX,11.125,11.125,0,0,Home Security Intl Inc,0,0,0
19980618,13242,HMSI',AMEX,11,11,60,0,Home Security Intl Inc,0,0,0
19980619,13242,HMSI',AMEX,11,11,0,0,Home Security Intl Inc,0,0,0
19980622,13242,HMSI',AMEX,11,11,0,0,Home Security Intl Inc,0,0,0
19980623,13242,HMSI',AMEX,10.75,10.75,10,0,Home Security Intl Inc,0,0,0
19980624,13242,HMSI',AMEX,10.75,10.75,0,0,Home Security Intl Inc,0,0,0
19980625,13242,HMSI',AMEX,10.75,10.75,0,0,Home Security Intl Inc,0,0,0
19980626,13242,HMSI',AMEX,11.375,11.375,180,0,Home Security Intl Inc,0,0,0
19980629,13242,HMSI',AMEX,12,12,186,0,Home Security Intl Inc,0,0,0
19980630,13242,HMSI',AMEX,13.875,13.875,305,0,Home Security Intl Inc,0,0,0
19980701,13242,HMSI',AMEX,13,13,163,0,Home Security Intl Inc,0,0,0
19980702,13242,HMSI',AMEX,12.25,12.25,75,0,Home Security Intl Inc,0,0,0
19980706,13242,HMSI',AMEX,11.25,11.25,75,0,Home Security Intl Inc,0,0,0
19980707,13242,HMSI',AMEX,11.125,11.125,2,0,Home Security Intl Inc,0,0,0
19980708,13242,HMSI',AMEX,10.375,10.375,111,0,Home Security Intl Inc,0,0,0
19980709,13242,HMSI',AMEX,10.25,10.25,112,0,Home Security Intl Inc,0,0,0
19980710,13242,HMSI',AMEX,10.25,10.25,0,0,Home Security Intl Inc,0,0,0
19980713,13242,HMSI',AMEX,10.25,10.25,0,0,Home Security Intl Inc,0,0,0
19980714,13242,HMSI',AMEX,10.25,10.25,2,0,Home Security Intl Inc,0,0,0
19980715,13242,HMSI',AMEX,10.25,10.25,25,0,Home Security Intl Inc,0,0,0
19980716,13242,HMSI',AMEX,10.25,10.25,0,0,Home Security Intl Inc,0,0,0
19980717,13242,HMSI',AMEX,10.25,10.25,0,0,Home Security Intl Inc,0,0,0
19980720,13242,HMSI',AMEX,10.25,10.25,0,0,Home Security Intl Inc,0,0,0
19980721,13242,HMSI',AMEX,10.25,10.25,0,0,Home Security Intl Inc,0,0,0
19980722,13242,HMSI',AMEX,10.25,10.25,0,0,Home Security Intl Inc,0,0,0
19980723,13242,HMSI',AMEX,10.125,10.125,51,0,Home Security Intl Inc,0,0,0
19980724,13242,HMSI',AMEX,10.25,10.25,6,0,Home Security Intl Inc,0,0,0
19980727,13242,HMSI',AMEX,10.125,10.125,12,0,Home Security Intl Inc,0,0,0
19980728,13242,HMSI',AMEX,10,10,2,0,Home Security Intl Inc,0,0,0
19980729,13242,HMSI',AMEX,10,10,6,0,Home Security Intl Inc,0,0,0
19980730,13242,HMSI',AMEX,9.875,9.875,9,0,Home Security Intl Inc,0,0,0
19980731,13242,HMSI',AMEX,9.875,9.875,0,0,Home Security Intl Inc,0,0,0
19980803,13242,HMSI',AMEX,9.875,9.875,0,0,Home Security Intl Inc,0,0,0
19980804,13242,HMSI',AMEX,9,9,52,0,Home Security Intl Inc,0,0,0
19980805,13242,HMSI',AMEX,9,9,26,0,Home Security Intl Inc,0,0,0
19980806,13242,HMSI',AMEX,9,9,0,0,Home Security Intl Inc,0,0,0
19980807,13242,HMSI',AMEX,9,9,0,0,Home Security Intl Inc,0,0,0
19980810,13242,HMSI',AMEX,9,9,0,0,Home Security Intl Inc,0,0,0
19980811,13242,HMSI',AMEX,9.125,9.125,90,0,Home Security Intl Inc,0,0,0
19980812,13242,HMSI',AMEX,9.125,9.125,0,0,Home Security Intl Inc,0,0,0
19980813,13242,HMSI',AMEX,9.125,9.125,0,0,Home Security Intl Inc,0,0,0
19980814,13242,HMSI',AMEX,9.375,9.375,24,0,Home Security Intl Inc,0,0,0
19980817,13242,HMSI',AMEX,10,10,152,0,Home Security Intl Inc,0,0,0
19980818,13242,HMSI',AMEX,10,10,0,0,Home Security Intl Inc,0,0,0
19980819,13242,HMSI',AMEX,10,10,0,0,Home Security Intl Inc,0,0,0
19980820,13242,HMSI',AMEX,9.625,9.625,65,0,Home Security Intl Inc,0,0,0
19980821,13242,HMSI',AMEX,9.625,9.625,8,0,Home Security Intl Inc,0,0,0
19980824,13242,HMSI',AMEX,9.75,9.75,10,0,Home Security Intl Inc,0,0,0
19980825,13242,HMSI',AMEX,9.75,9.75,0,0,Home Security Intl Inc,0,0,0
19980826,13242,HMSI',AMEX,9.9375,9.9375,10,0,Home Security Intl Inc,0,0,0
19980827,13242,HMSI',AMEX,10,10,65,0,Home Security Intl Inc,0,0,0
19980828,13242,HMSI',AMEX,9.875,9.875,100,0,Home Security Intl Inc,0,0,0
19980831,13242,HMSI',AMEX,9.875,9.875,0,0,Home Security Intl Inc,0,0,0
19980901,13242,HMSI',AMEX,9.625,9.625,4,0,Home Security Intl Inc,0,0,0
19980902,13242,HMSI',AMEX,9.625,9.625,0,0,Home Security Intl Inc,0,0,0
19980903,13242,HMSI',AMEX,9.625,9.625,0,0,Home Security Intl Inc,0,0,0
19980904,13242,HMSI',AMEX,9.625,9.625,0,0,Home Security Intl Inc,0,0,0
19980908,13242,HMSI',AMEX,9.75,9.75,60,0,Home Security Intl Inc,0,0,0
19980909,13242,HMSI',AMEX,9.75,9.75,0,0,Home Security Intl Inc,0,0,0
19980910,13242,HMSI',AMEX,9.75,9.75,0,0,Home Security Intl Inc,0,0,0
19980911,13242,HMSI',AMEX,9.5,9.5,4,0,Home Security Intl Inc,0,0,0
19980914,13242,HMSI',AMEX,9.25,9.25,25,0,Home Security Intl Inc,0,0,0
19980915,13242,HMSI',AMEX,9.25,9.25,0,0,Home Security Intl Inc,0,0,0
19980916,13242,HMSI',AMEX,9.25,9.25,0,0,Home Security Intl Inc,0,0,0
19980917,13242,HMSI',AMEX,9.625,9.625,36,0,Home Security Intl Inc,0,0,0
19980918,13242,HMSI',AMEX,10,10,24,0,Home Security Intl Inc,0,0,0
19980921,13242,HMSI',AMEX,9.75,9.75,16,0,Home Security Intl Inc,0,0,0
19980922,13242,HMSI',AMEX,9.75,9.75,9,0,Home Security Intl Inc,0,0,0
19980923,13242,HMSI',AMEX,9.25,9.25,22,0,Home Security Intl Inc,0,0,0
19980924,13242,HMSI',AMEX,9.375,9.375,30,0,Home Security Intl Inc,0,0,0
19980925,13242,HMSI',AMEX,8.375,8.375,122,0,Home Security Intl Inc,0,0,0
19980928,13242,HMSI',AMEX,8.5,8.5,45,0,Home Security Intl Inc,0,0,0
19980929,13242,HMSI',AMEX,10.125,10.125,446,0,Home Security Intl Inc,0,0,0
19980930,13242,HMSI',AMEX,10.125,10.125,1061,0,Home Security Intl Inc,0,0,0
19981001,13242,HMSI',AMEX,9,9,230,0,Home Security Intl Inc,0,0,0
19981002,13242,HMSI',AMEX,8.8125,8.8125,115,0,Home Security Intl Inc,0,0,0
19981005,13242,HMSI',AMEX,8.875,8.875,25,0,Home Security Intl Inc,0,0,0
19981006,13242,HMSI',AMEX,9.3125,9.3125,21,0,Home Security Intl Inc,0,0,0
19981007,13242,HMSI',AMEX,8.8125,8.8125,109,0,Home Security Intl Inc,0,0,0
19981008,13242,HMSI',AMEX,8.53125,8.53125,75,0,Home Security Intl Inc,0,0,0
19981009,13242,HMSI',AMEX,8.5625,8.5625,34,0,Home Security Intl Inc,0,0,0
19981012,13242,HMSI',AMEX,8.5,8.5,26,0,Home Security Intl Inc,0,0,0
19981013,13242,HMSI',AMEX,8.375,8.375,179,0,Home Security Intl Inc,0,0,0
19981014,13242,HMSI',AMEX,8.375,8.375,150,0,Home Security Intl Inc,0,0,0
19981015,13242,HMSI',AMEX,8.375,8.375,0,0,Home Security Intl Inc,0,0,0
19981016,13242,HMSI',AMEX,8.625,8.625,22,0,Home Security Intl Inc,0,0,0
19981019,13242,HMSI',AMEX,8.5,8.5,10,0,Home Security Intl Inc,0,0,0
19981020,13242,HMSI',AMEX,8.5,8.5,0,0,Home Security Intl Inc,0,0,0
19981021,13242,HMSI',AMEX,8.5,8.5,18,0,Home Security Intl Inc,0,0,0
19981022,13242,HMSI',AMEX,8.75,8.75,10,0,Home Security Intl Inc,0,0,0
19981023,13242,HMSI',AMEX,8.875,8.875,42,0,Home Security Intl Inc,0,0,0
19981026,13242,HMSI',AMEX,10,10,142,0,Home Security Intl Inc,0,0,0
19981027,13242,HMSI',AMEX,9.875,9.875,63,0,Home Security Intl Inc,0,0,0
19981028,13242,HMSI',AMEX,9.9375,9.9375,17,0,Home Security Intl Inc,0,0,0
19981029,13242,HMSI',AMEX,9.8125,9.8125,37,0,Home Security Intl Inc,0,0,0
19981030,13242,HMSI',AMEX,9.8125,9.8125,41,0,Home Security Intl Inc,0,0,0
19981102,13242,HMSI',AMEX,9.75,9.75,14,0,Home Security Intl Inc,0,0,0
19981103,13242,HMSI',AMEX,9.75,9.75,389,0,Home Security Intl Inc,0,0,0
19981104,13242,HMSI',AMEX,10,10,256,0,Home Security Intl Inc,0,0,0
19981105,13242,HMSI',AMEX,10.1875,10.1875,358,0,Home Security Intl Inc,0,0,0
19981106,13242,HMSI',AMEX,10.125,10.125,450,0,Home Security Intl Inc,0,0,0
19981109,13242,HMSI',AMEX,10.125,10.125,95,0,Home Security Intl Inc,0,0,0
19981110,13242,HMSI',AMEX,10.125,10.125,0,0,Home Security Intl Inc,0,0,0
19981111,13242,HMSI',AMEX,10.25,10.25,103,0,Home Security Intl Inc,0,0,0
19981112,13242,HMSI',AMEX,10.0625,10.0625,34,0,Home Security Intl Inc,0,0,0
19981113,13242,HMSI',AMEX,9.9375,9.9375,11,0,Home Security Intl Inc,0,0,0
19981116,13242,HMSI',AMEX,9.875,9.875,54,0,Home Security Intl Inc,0,0,0
19981117,13242,HMSI',AMEX,9.625,9.625,55,0,Home Security Intl Inc,0,0,0
19981118,13242,HMSI',AMEX,9.375,9.375,95,0,Home Security Intl Inc,0,0,0
19981119,13242,HMSI',AMEX,9,9,104,0,Home Security Intl Inc,0,0,0
19981120,13242,HMSI',AMEX,9,9,0,0,Home Security Intl Inc,0,0,0
19981123,13242,HMSI',AMEX,9.375,9.375,50,0,Home Security Intl Inc,0,0,0
19981124,13242,HMSI',AMEX,8.875,8.875,53,0,Home Security Intl Inc,0,0,0
19981125,13242,HMSI',AMEX,8.5625,8.5625,100,0,Home Security Intl Inc,0,0,0
19981127,13242,HMSI',AMEX,8.5625,8.5625,0,0,Home Security Intl Inc,0,0,0
19981130,13242,HMSI',AMEX,7.5,7.5,357,0,Home Security Intl Inc,0,0,0
19981201,13242,HMSI',AMEX,8.875,8.875,142,0,Home Security Intl Inc,0,0,0
19981202,13242,HMSI',AMEX,9.375,9.375,96,0,Home Security Intl Inc,0,0,0
19981203,13242,HMSI',AMEX,8.875,8.875,62,0,Home Security Intl Inc,0,0,0
19981204,13242,HMSI',AMEX,8.9375,8.9375,40,0,Home Security Intl Inc,0,0,0
19981207,13242,HMSI',AMEX,8.875,8.875,120,0,Home Security Intl Inc,0,0,0
19981208,13242,HMSI',AMEX,8.875,8.875,35,0,Home Security Intl Inc,0,0,0
19981209,13242,HMSI',AMEX,8.9375,8.9375,103,0,Home Security Intl Inc,0,0,0
19981210,13242,HMSI',AMEX,8.875,8.875,30,0,Home Security Intl Inc,0,0,0
19981211,13242,HMSI',AMEX,9.125,9.125,16,0,Home Security Intl Inc,0,0,0
19981214,13242,HMSI',AMEX,9,9,11,0,Home Security Intl Inc,0,0,0
19981215,13242,HMSI',AMEX,9,9,0,0,Home Security Intl Inc,0,0,0
19981216,13242,HMSI',AMEX,9.25,9.25,42,0,Home Security Intl Inc,0,0,0
19981217,13242,HMSI',AMEX,9.25,9.25,40,0,Home Security Intl Inc,0,0,0
19981218,13242,HMSI',AMEX,9.25,9.25,0,0,Home Security Intl Inc,0,0,0
19981221,13242,HMSI',AMEX,9.375,9.375,5,0,Home Security Intl Inc,0,0,0
19981222,13242,HMSI',AMEX,9.5,9.5,175,0,Home Security Intl Inc,0,0,0
19981223,13242,HMSI',AMEX,9.5,9.5,23,0,Home Security Intl Inc,0,0,0
19981224,13242,HMSI',AMEX,9.75,9.75,6,0,Home Security Intl Inc,0,0,0
19981228,13242,HMSI',AMEX,9.375,9.375,62,0,Home Security Intl Inc,0,0,0
19981229,13242,HMSI',AMEX,9.375,9.375,20,0,Home Security Intl Inc,0,0,0
19981230,13242,HMSI',AMEX,10.375,10.375,173,0,Home Security Intl Inc,0,0,0
19981231,13242,HMSI',AMEX,11.25,11.25,358,0,Home Security Intl Inc,0,0,0
19990104,13242,HMSI',AMEX,10.5,10.5,96,0,Home Security Intl Inc,0,0,0
19990105,13242,HMSI',AMEX,10.375,10.375,18,0,Home Security Intl Inc,0,0,0
19990106,13242,HMSI',AMEX,10.75,10.75,835,0,Home Security Intl Inc,0,0,0
19990107,13242,HMSI',AMEX,10.875,10.875,270,0,Home Security Intl Inc,0,0,0
19990108,13242,HMSI',AMEX,11.125,11.125,306,0,Home Security Intl Inc,0,0,0
19990111,13242,HMSI',AMEX,10.875,10.875,10,0,Home Security Intl Inc,0,0,0
19990112,13242,HMSI',AMEX,10.625,10.625,7,0,Home Security Intl Inc,0,0,0
19990113,13242,HMSI',AMEX,9.875,9.875,126,0,Home Security Intl Inc,0,0,0
19990114,13242,HMSI',AMEX,9.5,9.5,131,0,Home Security Intl Inc,0,0,0
19990115,13242,HMSI',AMEX,9.375,9.375,25,0,Home Security Intl Inc,0,0,0
19990119,13242,HMSI',AMEX,9.375,9.375,40,0,Home Security Intl Inc,0,0,0
19990120,13242,HMSI',AMEX,9.5,9.5,69,0,Home Security Intl Inc,0,0,0
19990121,13242,HMSI',AMEX,9.375,9.375,83,0,Home Security Intl Inc,0,0,0
19990122,13242,HMSI',AMEX,9.375,9.375,32,0,Home Security Intl Inc,0,0,0
19990125,13242,HMSI',AMEX,9.125,9.125,372,0,Home Security Intl Inc,0,0,0
19990126,13242,HMSI',AMEX,9.375,9.375,10,0,Home Security Intl Inc,0,0,0
19990127,13242,HMSI',AMEX,9.5,9.5,2,0,Home Security Intl Inc,0,0,0
19990128,13242,HMSI',AMEX,9.375,9.375,50,0,Home Security Intl Inc,0,0,0
19990129,13242,HMSI',AMEX,9.375,9.375,251,0,Home Security Intl Inc,0,0,0
19990201,13242,HMSI',AMEX,9.625,9.625,10,0,Home Security Intl Inc,0,0,0
19990202,13242,HMSI',AMEX,9.625,9.625,0,0,Home Security Intl Inc,0,0,0
19990203,13242,HMSI',AMEX,9.375,9.375,32,0,Home Security Intl Inc,0,0,0
19990204,13242,HMSI',AMEX,9.75,9.75,24,0,Home Security Intl Inc,0,0,0
19990205,13242,HMSI',AMEX,10,10,35,0,Home Security Intl Inc,0,0,0
19990208,13242,HMSI',AMEX,10,10,0,0,Home Security Intl Inc,0,0,0
19990209,13242,HMSI',AMEX,9.875,9.875,1,0,Home Security Intl Inc,0,0,0
19990210,13242,HMSI',AMEX,9.875,9.875,0,0,Home Security Intl Inc,0,0,0
19990211,13242,HMSI',AMEX,9.875,9.875,0,0,Home Security Intl Inc,0,0,0
19990212,13242,HMSI',AMEX,10.625,10.625,17,0,Home Security Intl Inc,0,0,0
19990216,13242,HMSI',AMEX,10.625,10.625,0,0,Home Security Intl Inc,0,0,0
19990217,13242,HMSI',AMEX,10.6875,10.6875,19,0,Home Security Intl Inc,0,0,0
19990218,13242,HMSI',AMEX,10.5625,10.5625,57,0,Home Security Intl Inc,0,0,0
19990219,13242,HMSI',AMEX,10.4375,10.4375,10,0,Home Security Intl Inc,0,0,0
19990222,13242,HMSI',AMEX,10.125,10.125,129,0,Home Security Intl Inc,0,0,0
19990223,13242,HMSI',AMEX,10.25,10.25,26,0,Home Security Intl Inc,0,0,0
19990224,13242,HMSI',AMEX,10.25,10.25,55,0,Home Security Intl Inc,0,0,0
19990225,13242,HMSI',AMEX,10.25,10.25,0,0,Home Security Intl Inc,0,0,0
19990226,13242,HMSI',AMEX,10,10,2,0,Home Security Intl Inc,0,0,0
19990301,13242,HMSI',AMEX,10,10,0,0,Home Security Intl Inc,0,0,0
19990302,13242,HMSI',AMEX,10,10,0,0,Home Security Intl Inc,0,0,0
19990303,13242,HMSI',AMEX,10,10,0,0,Home Security Intl Inc,0,0,0
19990304,13242,HMSI',AMEX,10,10,0,0,Home Security Intl Inc,0,0,0
19990305,13242,HMSI',AMEX,9.625,9.625,20,0,Home Security Intl Inc,0,0,0
19990308,13242,HMSI',AMEX,9.375,9.375,15,0,Home Security Intl Inc,0,0,0
19990309,13242,HMSI',AMEX,9.5,9.5,26,0,Home Security Intl Inc,0,0,0
19990310,13242,HMSI',AMEX,9.375,9.375,2,0,Home Security Intl Inc,0,0,0
19990311,13242,HMSI',AMEX,9.5,9.5,51,0,Home Security Intl Inc,0,0,0
19990312,13242,HMSI',AMEX,9.875,9.875,25,0,Home Security Intl Inc,0,0,0
19990315,13242,HMSI',AMEX,9.75,9.75,65,0,Home Security Intl Inc,0,0,0
19990316,13242,HMSI',AMEX,9.5,9.5,22,0,Home Security Intl Inc,0,0,0
19990317,13242,HMSI',AMEX,9.5,9.5,0,0,Home Security Intl Inc,0,0,0
19990318,13242,HMSI',AMEX,9.5,9.5,0,0,Home Security Intl Inc,0,0,0
19990319,13242,HMSI',AMEX,9.5,9.5,0,0,Home Security Intl Inc,0,0,0
19990322,13242,HMSI',AMEX,9.5,9.5,0,0,Home Security Intl Inc,0,0,0
19990323,13242,HMSI',AMEX,9.25,9.25,5,0,Home Security Intl Inc,0,0,0
19990324,13242,HMSI',AMEX,8.75,8.75,109,0,Home Security Intl Inc,0,0,0
19990325,13242,HMSI',AMEX,8.625,8.625,4,0,Home Security Intl Inc,0,0,0
19990326,13242,HMSI',AMEX,8.625,8.625,0,0,Home Security Intl Inc,0,0,0
19990329,13242,HMSI',AMEX,8.625,8.625,0,0,Home Security Intl Inc,0,0,0
19990330,13242,HMSI',AMEX,8.625,8.625,0,0,Home Security Intl Inc,0,0,0
19990331,13242,HMSI',AMEX,9.125,9.125,29,0,Home Security Intl Inc,0,0,0
19990401,13242,HMSI',AMEX,8.5,8.5,145,0,Home Security Intl Inc,0,0,0
19990405,13242,HMSI',AMEX,8.625,8.625,2,0,Home Security Intl Inc,0,0,0
19990406,13242,HMSI',AMEX,8.625,8.625,0,0,Home Security Intl Inc,0,0,0
19990407,13242,HMSI',AMEX,8.625,8.625,0,0,Home Security Intl Inc,0,0,0
19990408,13242,HMSI',AMEX,8.5,8.5,10,0,Home Security Intl Inc,0,0,0
19990409,13242,HMSI',AMEX,8.5,8.5,0,0,Home Security Intl Inc,0,0,0
19990412,13242,HMSI',AMEX,8.5,8.5,0,0,Home Security Intl Inc,0,0,0
19990413,13242,HMSI',AMEX,8.5,8.5,0,0,Home Security Intl Inc,0,0,0
19990414,13242,HMSI',AMEX,8.4375,8.4375,4,0,Home Security Intl Inc,0,0,0
19990415,13242,HMSI',AMEX,8.4375,8.4375,10,0,Home Security Intl Inc,0,0,0
19990416,13242,HMSI',AMEX,8.4375,8.4375,0,0,Home Security Intl Inc,0,0,0
19990419,13242,HMSI',AMEX,8.1875,8.1875,2,0,Home Security Intl Inc,0,0,0
19990420,13242,HMSI',AMEX,8.1875,8.1875,0,0,Home Security Intl Inc,0,0,0
19990421,13242,HMSI',AMEX,8.1875,8.1875,0,0,Home Security Intl Inc,0,0,0
19990422,13242,HMSI',AMEX,8.0625,8.0625,27,0,Home Security Intl Inc,0,0,0
19990423,13242,HMSI',AMEX,8.0625,8.0625,0,0,Home Security Intl Inc,0,0,0
19990426,13242,HMSI',AMEX,8.25,8.25,5,0,Home Security Intl Inc,0,0,0
19990427,13242,HMSI',AMEX,8.5,8.5,10,0,Home Security Intl Inc,0,0,0
19990428,13242,HMSI',AMEX,8.375,8.375,2,0,Home Security Intl Inc,0,0,0
19990429,13242,HMSI',AMEX,8.25,8.25,3,0,Home Security Intl Inc,0,0,0
19990430,13242,HMSI',AMEX,8.25,8.25,0,0,Home Security Intl Inc,0,0,0
19990503,13242,HMSI',AMEX,8.25,8.25,0,0,Home Security Intl Inc,0,0,0
19990504,13242,HMSI',AMEX,8.25,8.25,8,0,Home Security Intl Inc,0,0,0
19990505,13242,HMSI',AMEX,7.75,7.75,17,0,Home Security Intl Inc,0,0,0
19990506,13242,HMSI',AMEX,7.75,7.75,0,0,Home Security Intl Inc,0,0,0
19990507,13242,HMSI',AMEX,7.75,7.75,2,0,Home Security Intl Inc,0,0,0
19990510,13242,HMSI',AMEX,7.75,7.75,0,0,Home Security Intl Inc,0,0,0
19990511,13242,HMSI',AMEX,7.75,7.75,0,0,Home Security Intl Inc,0,0,0
19990512,13242,HMSI',AMEX,7.625,7.625,42,0,Home Security Intl Inc,0,0,0
19990513,13242,HMSI',AMEX,7.625,7.625,0,0,Home Security Intl Inc,0,0,0
19990514,13242,HMSI',AMEX,7.25,7.25,79,0,Home Security Intl Inc,0,0,0
19990517,13242,HMSI',AMEX,6.25,6.25,113,0,Home Security Intl Inc,0,0,0
19990518,13242,HMSI',AMEX,7.125,7.125,92,0,Home Security Intl Inc,0,0,0
19990519,13242,HMSI',AMEX,7,7,31,0,Home Security Intl Inc,0,0,0
19990520,13242,HMSI',AMEX,7.375,7.375,25,0,Home Security Intl Inc,0,0,0
19990521,13242,HMSI',AMEX,7,7,47,0,Home Security Intl Inc,0,0,0
19990524,13242,HMSI',AMEX,7,7,0,0,Home Security Intl Inc,0,0,0
19990525,13242,HMSI',AMEX,7,7,0,0,Home Security Intl Inc,0,0,0
19990526,13242,HMSI',AMEX,6.625,6.625,19,0,Home Security Intl Inc,0,0,0
19990527,13242,HMSI',AMEX,6.375,6.375,31,0,Home Security Intl Inc,0,0,0
19990528,13242,HMSI',AMEX,6.125,6.125,54,0,Home Security Intl Inc,0,0,0
19990601,13242,HMSI',AMEX,6.125,6.125,0,0,Home Security Intl Inc,0,0,0
19990602,13242,HMSI',AMEX,6,6,39,0,Home Security Intl Inc,0,0,0
19990603,13242,HMSI',AMEX,6,6,20,0,Home Security Intl Inc,0,0,0
19990604,13242,HMSI',AMEX,6.375,6.375,107,0,Home Security Intl Inc,0,0,0
19990607,13242,HMSI',AMEX,6.375,6.375,190,0,Home Security Intl Inc,0,0,0
19990608,13242,HMSI',AMEX,6.5,6.5,5,0,Home Security Intl Inc,0,0,0
19990609,13242,HMSI',AMEX,6.375,6.375,4,0,Home Security Intl Inc,0,0,0
19990610,13242,HMSI',AMEX,6,6,14,0,Home Security Intl Inc,0,0,0
19990611,13242,HMSI',AMEX,6,6,2,0,Home Security Intl Inc,0,0,0
19990614,13242,HMSI',AMEX,6,6,0,0,Home Security Intl Inc,0,0,0
19990615,13242,HMSI',AMEX,5.875,5.875,371,0,Home Security Intl Inc,0,0,0
19990616,13242,HMSI',AMEX,5.9375,5.9375,14,0,Home Security Intl Inc,0,0,0
19990617,13242,HMSI',AMEX,5.9375,5.9375,0,0,Home Security Intl Inc,0,0,0
19990618,13242,HMSI',AMEX,5.9375,5.9375,0,0,Home Security Intl Inc,0,0,0
19990621,13242,HMSI',AMEX,5.75,5.75,62,0,Home Security Intl Inc,0,0,0
19990622,13242,HMSI',AMEX,5.75,5.75,0,0,Home Security Intl Inc,0,0,0
19990623,13242,HMSI',AMEX,5.75,5.75,46,0,Home Security Intl Inc,0,0,0
19990624,13242,HMSI',AMEX,5.625,5.625,16,0,Home Security Intl Inc,0,0,0
19990625,13242,HMSI',AMEX,5.625,5.625,0,0,Home Security Intl Inc,0,0,0
19990628,13242,HMSI',AMEX,5.625,5.625,275,0,Home Security Intl Inc,0,0,0
19990629,13242,HMSI',AMEX,5.5625,5.5625,289,0,Home Security Intl Inc,0,0,0
19990630,13242,HMSI',AMEX,5.625,5.625,100,0,Home Security Intl Inc,0,0,0
19990701,13242,HMSI',AMEX,5.5,5.5,40,0,Home Security Intl Inc,0,0,0
19990702,13242,HMSI',AMEX,5.5,5.5,0,0,Home Security Intl Inc,0,0,0
19990706,13242,HMSI',AMEX,5.875,5.875,12,0,Home Security Intl Inc,0,0,0
19990707,13242,HMSI',AMEX,5.8125,5.8125,2,0,Home Security Intl Inc,0,0,0
19990708,13242,HMSI',AMEX,5.875,5.875,20,0,Home Security Intl Inc,0,0,0
19990709,13242,HMSI',AMEX,5.9375,5.9375,4,0,Home Security Intl Inc,0,0,0
19990712,13242,HMSI',AMEX,5.9375,5.9375,0,0,Home Security Intl Inc,0,0,0
19990713,13242,HMSI',AMEX,5.9375,5.9375,0,0,Home Security Intl Inc,0,0,0
19990714,13242,HMSI',AMEX,5.875,5.875,15,0,Home Security Intl Inc,0,0,0
19990715,13242,HMSI',AMEX,5.875,5.875,0,0,Home Security Intl Inc,0,0,0
19990716,13242,HMSI',AMEX,5.875,5.875,0,0,Home Security Intl Inc,0,0,0
19990719,13242,HMSI',AMEX,5.875,5.875,0,0,Home Security Intl Inc,0,0,0
19990720,13242,HMSI',AMEX,5.875,5.875,0,0,Home Security Intl Inc,0,0,0
19990721,13242,HMSI',AMEX,5.875,5.875,0,0,Home Security Intl Inc,0,0,0
19990722,13242,HMSI',AMEX,5.875,5.875,0,0,Home Security Intl Inc,0,0,0
19990723,13242,HMSI',AMEX,5.875,5.875,0,0,Home Security Intl Inc,0,0,0
19990726,13242,HMSI',AMEX,6,6,7,0,Home Security Intl Inc,0,0,0
19990727,13242,HMSI',AMEX,5.625,5.625,319,0,Home Security Intl Inc,0,0,0
19990728,13242,HMSI',AMEX,5.625,5.625,10,0,Home Security Intl Inc,0,0,0
19990729,13242,HMSI',AMEX,5.5,5.5,10,0,Home Security Intl Inc,0,0,0
19990730,13242,HMSI',AMEX,5.125,5.125,20,0,Home Security Intl Inc,0,0,0
19990802,13242,HMSI',AMEX,5,5,3,0,Home Security Intl Inc,0,0,0
19990803,13242,HMSI',AMEX,5,5,0,0,Home Security Intl Inc,0,0,0
19990804,13242,HMSI',AMEX,5.0625,5.0625,23,0,Home Security Intl Inc,0,0,0
19990805,13242,HMSI',AMEX,4.9375,4.9375,8,0,Home Security Intl Inc,0,0,0
19990806,13242,HMSI',AMEX,5,5,5,0,Home Security Intl Inc,0,0,0
19990809,13242,HMSI',AMEX,4.6875,4.6875,73,0,Home Security Intl Inc,0,0,0
19990810,13242,HMSI',AMEX,4.5,4.5,11,0,Home Security Intl Inc,0,0,0
19990811,13242,HMSI',AMEX,4.25,4.25,30,0,Home Security Intl Inc,0,0,0
19990812,13242,HMSI',AMEX,4.375,4.375,10,0,Home Security Intl Inc,0,0,0
19990813,13242,HMSI',AMEX,4.5,4.5,2,0,Home Security Intl Inc,0,0,0
19990816,13242,HMSI',AMEX,4.5,4.5,0,0,Home Security Intl Inc,0,0,0
19990817,13242,HMSI',AMEX,4.5,4.5,0,0,Home Security Intl Inc,0,0,0
19990818,13242,HMSI',AMEX,4.5,4.5,0,0,Home Security Intl Inc,0,0,0
19990819,13242,HMSI',AMEX,4.5,4.5,0,0,Home Security Intl Inc,0,0,0
19990820,13242,HMSI',AMEX,4.5,4.5,0,0,Home Security Intl Inc,0,0,0
19990823,13242,HMSI',AMEX,4.625,4.625,5,0,Home Security Intl Inc,0,0,0
19990824,13242,HMSI',AMEX,4.625,4.625,50,0,Home Security Intl Inc,0,0,0
19990825,13242,HMSI',AMEX,4.5,4.5,14,0,Home Security Intl Inc,0,0,0
19990826,13242,HMSI',AMEX,4.5,4.5,3,0,Home Security Intl Inc,0,0,0
19990827,13242,HMSI',AMEX,4.75,4.75,105,0,Home Security Intl Inc,0,0,0
19990830,13242,HMSI',AMEX,4.75,4.75,3,0,Home Security Intl Inc,0,0,0
19990831,13242,HMSI',AMEX,4.375,4.375,11,0,Home Security Intl Inc,0,0,0
19990901,13242,HMSI',AMEX,4.375,4.375,0,0,Home Security Intl Inc,0,0,0
19990902,13242,HMSI',AMEX,4.5,4.5,5,0,Home Security Intl Inc,0,0,0
19990903,13242,HMSI',AMEX,4.5,4.5,0,0,Home Security Intl Inc,0,0,0
19990907,13242,HMSI',AMEX,4.75,4.75,20,0,Home Security Intl Inc,0,0,0
19990908,13242,HMSI',AMEX,4.375,4.375,15,0,Home Security Intl Inc,0,0,0
19990909,13242,HMSI',AMEX,4.375,4.375,1,0,Home Security Intl Inc,0,0,0
19990910,13242,HMSI',AMEX,4.375,4.375,0,0,Home Security Intl Inc,0,0,0
19990913,13242,HMSI',AMEX,4,4,20,0,Home Security Intl Inc,0,0,0
19990914,13242,HMSI',AMEX,4.125,4.125,60,0,Home Security Intl Inc,0,0,0
19990915,13242,HMSI',AMEX,3.75,3.75,40,0,Home Security Intl Inc,0,0,0
19990916,13242,HMSI',AMEX,3.875,3.875,13,0,Home Security Intl Inc,0,0,0
19990917,13242,HMSI',AMEX,3.875,3.875,5,0,Home Security Intl Inc,0,0,0
19990920,13242,HMSI',AMEX,3.875,3.875,5,0,Home Security Intl Inc,0,0,0
19990921,13242,HMSI',AMEX,3.75,3.75,6,0,Home Security Intl Inc,0,0,0
19990922,13242,HMSI',AMEX,3.25,3.25,1370,0,Home Security Intl Inc,0,0,0
19990923,13242,HMSI',AMEX,3.1875,3.1875,97,0,Home Security Intl Inc,0,0,0
19990924,13242,HMSI',AMEX,3.1875,3.1875,2,0,Home Security Intl Inc,0,0,0
19990927,13242,HMSI',AMEX,2.875,2.875,19,0,Home Security Intl Inc,0,0,0
19990928,13242,HMSI',AMEX,3.125,3.125,2,0,Home Security Intl Inc,0,0,0
19990929,13242,HMSI',AMEX,3,3,22,0,Home Security Intl Inc,0,0,0
19990930,13242,HMSI',AMEX,2.9375,2.9375,29,0,Home Security Intl Inc,0,0,0
19991001,13242,HMSI',AMEX,2.9375,2.9375,0,0,Home Security Intl Inc,0,0,0
19991004,13242,HMSI',AMEX,2.9375,2.9375,15,0,Home Security Intl Inc,0,0,0
19991005,13242,HMSI',AMEX,2.9375,2.9375,5,0,Home Security Intl Inc,0,0,0
19991006,13242,HMSI',AMEX,2.9375,2.9375,0,0,Home Security Intl Inc,0,0,0
19991007,13242,HMSI',AMEX,2.875,2.875,2,0,Home Security Intl Inc,0,0,0
19991008,13242,HMSI',AMEX,2.875,2.875,2,0,Home Security Intl Inc,0,0,0
19991011,13242,HMSI',AMEX,2.875,2.875,0,0,Home Security Intl Inc,0,0,0
19991012,13242,HMSI',AMEX,2.75,2.75,11,0,Home Security Intl Inc,0,0,0
19991013,13242,HMSI',AMEX,2.5,2.5,62,0,Home Security Intl Inc,0,0,0
19991014,13242,HMSI',AMEX,2.5,2.5,8,0,Home Security Intl Inc,0,0,0
19991015,13242,HMSI',AMEX,2.5,2.5,0,0,Home Security Intl Inc,0,0,0
19991018,13242,HMSI',AMEX,2.25,2.25,5,0,Home Security Intl Inc,0,0,0
19991019,13242,HMSI',AMEX,2.375,2.375,24,0,Home Security Intl Inc,0,0,0
19991020,13242,HMSI',AMEX,2,2,67,0,Home Security Intl Inc,0,0,0
19991021,13242,HMSI',AMEX,1.875,1.875,5885,0,Home Security Intl Inc,0,0,0
19991022,13242,HMSI',AMEX,1.875,1.875,69,0,Home Security Intl Inc,0,0,0
19991025,13242,HMSI',AMEX,1.75,1.75,86,0,Home Security Intl Inc,0,0,0
19991026,13242,HMSI',AMEX,1.625,1.625,13,0,Home Security Intl Inc,0,0,0
19991027,13242,HMSI',AMEX,1.625,1.625,125,0,Home Security Intl Inc,0,0,0
19991028,13242,HMSI',AMEX,1.625,1.625,0,0,Home Security Intl Inc,0,0,0
19991029,13242,HMSI',AMEX,2,2,1406,0,Home Security Intl Inc,0,0,0
19991101,13242,HMSI',AMEX,2.3125,2.3125,91,0,Home Security Intl Inc,0,0,0
19991102,13242,HMSI',AMEX,2.3125,2.3125,39,0,Home Security Intl Inc,0,0,0
19991103,13242,HMSI',AMEX,2.3125,2.3125,16,0,Home Security Intl Inc,0,0,0
19991104,13242,HMSI',AMEX,2.1875,2.1875,1,0,Home Security Intl Inc,0,0,0
19991105,13242,HMSI',AMEX,2.1875,2.1875,67,0,Home Security Intl Inc,0,0,0
19991108,13242,HMSI',AMEX,2.1875,2.1875,0,0,Home Security Intl Inc,0,0,0
19991109,13242,HMSI',AMEX,2,2,20,0,Home Security Intl Inc,0,0,0
19991110,13242,HMSI',AMEX,2.125,2.125,8,0,Home Security Intl Inc,0,0,0
19991111,13242,HMSI',AMEX,2.125,2.125,0,0,Home Security Intl Inc,0,0,0
19991112,13242,HMSI',AMEX,2,2,50,0,Home Security Intl Inc,0,0,0
19991115,13242,HMSI',AMEX,1.9375,1.9375,36,0,Home Security Intl Inc,0,0,0
19991116,13242,HMSI',AMEX,1.9375,1.9375,10,0,Home Security Intl Inc,0,0,0
19991117,13242,HMSI',AMEX,2.0625,2.0625,408,0,Home Security Intl Inc,0,0,0
19991118,13242,HMSI',AMEX,2.25,2.25,116,0,Home Security Intl Inc,0,0,0
19991119,13242,HMSI',AMEX,2.25,2.25,57,0,Home Security Intl Inc,0,0,0
19991122,13242,HMSI',AMEX,2.25,2.25,17,0,Home Security Intl Inc,0,0,0
19991123,13242,HMSI',AMEX,2,2,151,0,Home Security Intl Inc,0,0,0
19991124,13242,HMSI',AMEX,2.125,2.125,1,0,Home Security Intl Inc,0,0,0
19991126,13242,HMSI',AMEX,2.5,2.5,167,0,Home Security Intl Inc,0,0,0
19991129,13242,HMSI',AMEX,2.625,2.625,341,0,Home Security Intl Inc,0,0,0
19991130,13242,HMSI',AMEX,2.5,2.5,12,0,Home Security Intl Inc,0,0,0
19991201,13242,HMSI',AMEX,2.5,2.5,0,0,Home Security Intl Inc,0,0,0
19991202,13242,HMSI',AMEX,2.3125,2.3125,23,0,Home Security Intl Inc,0,0,0
19991203,13242,HMSI',AMEX,2.3125,2.3125,0,0,Home Security Intl Inc,0,0,0
19991206,13242,HMSI',AMEX,2.1875,2.1875,112,0,Home Security Intl Inc,0,0,0
19991207,13242,HMSI',AMEX,2.125,2.125,60,0,Home Security Intl Inc,0,0,0
19991208,13242,HMSI',AMEX,1.75,1.75,171,0,Home Security Intl Inc,0,0,0
19991209,13242,HMSI',AMEX,1.75,1.75,86,0,Home Security Intl Inc,0,0,0
19991210,13242,HMSI',AMEX,1.75,1.75,21,0,Home Security Intl Inc,0,0,0
19991213,13242,HMSI',AMEX,1.875,1.875,195,0,Home Security Intl Inc,0,0,0
19991214,13242,HMSI',AMEX,1.875,1.875,0,0,Home Security Intl Inc,0,0,0
19991215,13242,HMSI',AMEX,1.9375,1.9375,687,0,Home Security Intl Inc,0,0,0
19991216,13242,HMSI',AMEX,1.9375,1.9375,0,0,Home Security Intl Inc,0,0,0
19991217,13242,HMSI',AMEX,1.9375,1.9375,197,0,Home Security Intl Inc,0,0,0
19991220,13242,HMSI',AMEX,2.5,2.5,96,0,Home Security Intl Inc,0,0,0
19991221,13242,HMSI',AMEX,2.75,2.75,1076,0,Home Security Intl Inc,0,0,0
19991222,13242,HMSI',AMEX,3.5,3.5,149,0,Home Security Intl Inc,0,0,0
19991223,13242,HMSI',AMEX,3.125,3.125,112,0,Home Security Intl Inc,0,0,0
19991227,13242,HMSI',AMEX,3.25,3.25,34,0,Home Security Intl Inc,0,0,0
19991228,13242,HMSI',AMEX,3.1875,3.1875,5,0,Home Security Intl Inc,0,0,0
19991229,13242,HMSI',AMEX,3.125,3.125,32,0,Home Security Intl Inc,0,0,0
19991230,13242,HMSI',AMEX,3.1875,3.1875,36,0,Home Security Intl Inc,0,0,0
19991231,13242,HMSI',AMEX,3.25,3.25,23,0,Home Security Intl Inc,0,0,0
20000103,13242,HMSI',AMEX,3.25,3.25,0,0,Home Security Intl Inc,0,0,0
20000104,13242,HMSI',AMEX,3.125,3.125,5,0,Home Security Intl Inc,0,0,0
20000105,13242,HMSI',AMEX,3,3,22,0,Home Security Intl Inc,0,0,0
20000106,13242,HMSI',AMEX,3.0625,3.0625,544,0,Home Security Intl Inc,0,0,0
20000107,13242,HMSI',AMEX,3,3,2,0,Home Security Intl Inc,0,0,0
20000110,13242,HMSI',AMEX,3,3,3,0,Home Security Intl Inc,0,0,0
20000111,13242,HMSI',AMEX,3.0625,3.0625,5,0,Home Security Intl Inc,0,0,0
20000112,13242,HMSI',AMEX,3.0625,3.0625,79,0,Home Security Intl Inc,0,0,0
20000113,13242,HMSI',AMEX,3.0625,3.0625,0,0,Home Security Intl Inc,0,0,0
20000114,13242,HMSI',AMEX,3.125,3.125,43,0,Home Security Intl Inc,0,0,0
20000118,13242,HMSI',AMEX,3.125,3.125,43,0,Home Security Intl Inc,0,0,0
20000119,13242,HMSI',AMEX,3.375,3.375,91,0,Home Security Intl Inc,0,0,0
20000120,13242,HMSI',AMEX,3.375,3.375,22,0,Home Security Intl Inc,0,0,0
20000121,13242,HMSI',AMEX,3.125,3.125,1,0,Home Security Intl Inc,0,0,0
20000124,13242,HMSI',AMEX,3.375,3.375,15,0,Home Security Intl Inc,0,0,0
20000125,13242,HMSI',AMEX,3.4375,3.4375,22,0,Home Security Intl Inc,0,0,0
20000126,13242,HMSI',AMEX,3.5,3.5,5,0,Home Security Intl Inc,0,0,0
20000127,13242,HMSI',AMEX,3.5,3.5,0,0,Home Security Intl Inc,0,0,0
20000128,13242,HMSI',AMEX,3.5,3.5,0,0,Home Security Intl Inc,0,0,0
20000131,13242,HMSI',AMEX,3.5,3.5,0,0,Home Security Intl Inc,0,0,0
20000201,13242,HMSI',AMEX,3.5,3.5,0,0,Home Security Intl Inc,0,0,0
20000202,13242,HMSI',AMEX,3.5,3.5,0,0,Home Security Intl Inc,0,0,0
20000203,13242,HMSI',AMEX,3.5,3.5,4,0,Home Security Intl Inc,0,0,0
20000204,13242,HMSI',AMEX,3.125,3.125,29,0,Home Security Intl Inc,0,0,0
20000207,13242,HMSI',AMEX,2.875,2.875,13,0,Home Security Intl Inc,0,0,0
20000208,13242,HMSI',AMEX,2.75,2.75,34,0,Home Security Intl Inc,0,0,0
20000209,13242,HMSI',AMEX,2.75,2.75,0,0,Home Security Intl Inc,0,0,0
20000210,13242,HMSI',AMEX,2.75,2.75,0,0,Home Security Intl Inc,0,0,0
20000211,13242,HMSI',AMEX,3,3,22,0,Home Security Intl Inc,0,0,0
20000214,13242,HMSI',AMEX,3,3,0,0,Home Security Intl Inc,0,0,0
20000215,13242,HMSI',AMEX,3,3,0,0,Home Security Intl Inc,0,0,0
20000216,13242,HMSI',AMEX,2.875,2.875,1,0,Home Security Intl Inc,0,0,0
20000217,13242,HMSI',AMEX,3.125,3.125,74,0,Home Security Intl Inc,0,0,0
20000218,13242,HMSI',AMEX,3.625,3.625,210,0,Home Security Intl Inc,0,0,0
20000222,13242,HMSI',AMEX,3.5,3.5,35,0,Home Security Intl Inc,0,0,0
20000223,13242,HMSI',AMEX,4,4,37,0,Home Security Intl Inc,0,0,0
20000224,13242,HMSI',AMEX,4,4,0,0,Home Security Intl Inc,0,0,0
20000225,13242,HMSI',AMEX,3.0625,3.0625,125,0,Home Security Intl Inc,0,0,0
20000228,13242,HMSI',AMEX,3,3,36,0,Home Security Intl Inc,0,0,0
20000229,13242,HMSI',AMEX,3,3,22,0,Home Security Intl Inc,0,0,0
20000301,13242,HMSI',AMEX,3.6875,3.6875,191,0,Home Security Intl Inc,0,0,0
20000302,13242,HMSI',AMEX,3.5,3.5,110,0,Home Security Intl Inc,0,0,0
20000303,13242,HMSI',AMEX,3.25,3.25,40,0,Home Security Intl Inc,0,0,0
20000306,13242,HMSI',AMEX,2.875,2.875,26,0,Home Security Intl Inc,0,0,0
20000307,13242,HMSI',AMEX,3.1875,3.1875,65,0,Home Security Intl Inc,0,0,0
20000308,13242,HMSI',AMEX,3.0625,3.0625,35,0,Home Security Intl Inc,0,0,0
20000309,13242,HMSI',AMEX,2.875,2.875,23,0,Home Security Intl Inc,0,0,0
20000310,13242,HMSI',AMEX,2.25,2.25,235,0,Home Security Intl Inc,0,0,0
20000313,13242,HMSI',AMEX,2.25,2.25,60,0,Home Security Intl Inc,0,0,0
20000314,13242,HMSI',AMEX,2.125,2.125,84,0,Home Security Intl Inc,0,0,0
20000315,13242,HMSI',AMEX,2.125,2.125,85,0,Home Security Intl Inc,0,0,0
20000316,13242,HMSI',AMEX,2.25,2.25,1,0,Home Security Intl Inc,0,0,0
20000317,13242,HMSI',AMEX,2.375,2.375,51,0,Home Security Intl Inc,0,0,0
20000320,13242,HMSI',AMEX,2.25,2.25,22,0,Home Security Intl Inc,0,0,0
20000321,13242,HMSI',AMEX,2.25,2.25,6,0,Home Security Intl Inc,0,0,0
20000322,13242,HMSI',AMEX,2.375,2.375,82,0,Home Security Intl Inc,0,0,0
20000323,13242,HMSI',AMEX,2,2,293,0,Home Security Intl Inc,0,0,0
20000324,13242,HMSI',AMEX,2,2,101,0,Home Security Intl Inc,0,0,0
20000327,13242,HMSI',AMEX,2,2,85,0,Home Security Intl Inc,0,0,0
20000328,13242,HMSI',AMEX,1.875,1.875,105,0,Home Security Intl Inc,0,0,0
20000329,13242,HMSI',AMEX,1.6875,1.6875,95,0,Home Security Intl Inc,0,0,0
20000330,13242,HMSI',AMEX,1.75,1.75,95,0,Home Security Intl Inc,0,0,0
20000331,13242,HMSI',AMEX,1.875,1.875,24,0,Home Security Intl Inc,0,0,0
20000403,13242,HMSI',AMEX,1.75,1.75,235,0,Home Security Intl Inc,0,0,0
20000404,13242,HMSI',AMEX,1.625,1.625,6,0,Home Security Intl Inc,0,0,0
20000405,13242,HMSI',AMEX,1.375,1.375,61,0,Home Security Intl Inc,0,0,0
20000406,13242,HMSI',AMEX,1.375,1.375,28,0,Home Security Intl Inc,0,0,0
20000407,13242,HMSI',AMEX,1.375,1.375,13,0,Home Security Intl Inc,0,0,0
20000410,13242,HMSI',AMEX,1.3125,1.3125,61,0,Home Security Intl Inc,0,0,0
20000411,13242,HMSI',AMEX,1.375,1.375,43,0,Home Security Intl Inc,0,0,0
20000412,13242,HMSI',AMEX,1.3125,1.3125,82,0,Home Security Intl Inc,0,0,0
20000413,13242,HMSI',AMEX,1.375,1.375,12,0,Home Security Intl Inc,0,0,0
20000414,13242,HMSI',AMEX,1.375,1.375,0,0,Home Security Intl Inc,0,0,0
20000417,13242,HMSI',AMEX,1.375,1.375,0,0,Home Security Intl Inc,0,0,0
20000418,13242,HMSI',AMEX,1.375,1.375,0,0,Home Security Intl Inc,0,0,0
20000419,13242,HMSI',AMEX,1.375,1.375,0,0,Home Security Intl Inc,0,0,0
20000420,13242,HMSI',AMEX,1.3125,1.3125,24,0,Home Security Intl Inc,0,0,0
20000424,13242,HMSI',AMEX,1.3125,1.3125,0,0,Home Security Intl Inc,0,0,0
20000425,13242,HMSI',AMEX,1.3125,1.3125,0,0,Home Security Intl Inc,0,0,0
20000426,13242,HMSI',AMEX,1.375,1.375,26,0,Home Security Intl Inc,0,0,0
20000427,13242,HMSI',AMEX,1.375,1.375,134,0,Home Security Intl Inc,0,0,0
20000428,13242,HMSI',AMEX,1.25,1.25,11,0,Home Security Intl Inc,0,0,0
20000501,13242,HMSI',AMEX,1.375,1.375,14,0,Home Security Intl Inc,0,0,0
20000502,13242,HMSI',AMEX,1.375,1.375,23,0,Home Security Intl Inc,0,0,0
20000503,13242,HMSI',AMEX,1.375,1.375,0,0,Home Security Intl Inc,0,0,0
20000504,13242,HMSI',AMEX,1.375,1.375,0,0,Home Security Intl Inc,0,0,0
20000505,13242,HMSI',AMEX,1.375,1.375,0,0,Home Security Intl Inc,0,0,0
20000508,13242,HMSI',AMEX,1.25,1.25,10,0,Home Security Intl Inc,0,0,0
20000509,13242,HMSI',AMEX,1.25,1.25,0,0,Home Security Intl Inc,0,0,0
20000510,13242,HMSI',AMEX,1.25,1.25,0,0,Home Security Intl Inc,0,0,0
20000511,13242,HMSI',AMEX,1.25,1.25,0,0,Home Security Intl Inc,0,0,0
20000512,13242,HMSI',AMEX,1.25,1.25,25,0,Home Security Intl Inc,0,0,0
20000515,13242,HMSI',AMEX,1.3125,1.3125,15,0,Home Security Intl Inc,0,0,0
20000516,13242,HMSI',AMEX,1.3125,1.3125,0,0,Home Security Intl Inc,0,0,0
20000517,13242,HMSI',AMEX,1.3125,1.3125,2,0,Home Security Intl Inc,0,0,0
20000518,13242,HMSI',AMEX,1,1,72,0,Home Security Intl Inc,0,0,0
20000519,13242,HMSI',AMEX,0.75,0.75,55,0,Home Security Intl Inc,0,0,0
20000522,13242,HMSI',AMEX,0.875,0.875,33,0,Home Security Intl Inc,0,0,0
20000523,13242,HMSI',AMEX,1,1,17,0,Home Security Intl Inc,0,0,0
20000524,13242,HMSI',AMEX,0.9375,0.9375,8,0,Home Security Intl Inc,0,0,0
20000525,13242,HMSI',AMEX,0.6875,0.6875,16810,0,Home Security Intl Inc,0,0,0
20000526,13242,HMSI',AMEX,0.875,0.875,92,0,Home Security Intl Inc,0,0,0
20000530,13242,HMSI',AMEX,0.75,0.75,3,0,Home Security Intl Inc,0,0,0
20000531,13242,HMSI',AMEX,0.75,0.75,0,0,Home Security Intl Inc,0,0,0
20000601,13242,HMSI',AMEX,0.75,0.75,0,0,Home Security Intl Inc,0,0,0
20000602,13242,HMSI',AMEX,1,1,7,0,Home Security Intl Inc,0,0,0
20000605,13242,HMSI',AMEX,1,1,0,0,Home Security Intl Inc,0,0,0
20000606,13242,HMSI',AMEX,1,1,4,0,Home Security Intl Inc,0,0,0
20000607,13242,HMSI',AMEX,1,1,0,0,Home Security Intl Inc,0,0,0
20000608,13242,HMSI',AMEX,1,1,0,0,Home Security Intl Inc,0,0,0
20000609,13242,HMSI',AMEX,1,1,0,0,Home Security Intl Inc,0,0,0
20000612,13242,HMSI',AMEX,1.25,1.25,20,0,Home Security Intl Inc,0,0,0
20000613,13242,HMSI',AMEX,1.4375,1.4375,24,0,Home Security Intl Inc,0,0,0
20000614,13242,HMSI',AMEX,1.5,1.5,17,0,Home Security Intl Inc,0,0,0
20000615,13242,HMSI',AMEX,1.5625,1.5625,5,0,Home Security Intl Inc,0,0,0
20000616,13242,HMSI',AMEX,1.625,1.625,6,0,Home Security Intl Inc,0,0,0
20000619,13242,HMSI',AMEX,1.875,1.875,77,0,Home Security Intl Inc,0,0,0
20000620,13242,HMSI',AMEX,1.8125,1.8125,17,0,Home Security Intl Inc,0,0,0
20000621,13242,HMSI',AMEX,1.8125,1.8125,0,0,Home Security Intl Inc,0,0,0
20000622,13242,HMSI',AMEX,1.625,1.625,17,0,Home Security Intl Inc,0,0,0
20000623,13242,HMSI',AMEX,1.5,1.5,3,0,Home Security Intl Inc,0,0,0
20000626,13242,HMSI',AMEX,1.375,1.375,8,0,Home Security Intl Inc,0,0,0
20000627,13242,HMSI',AMEX,1.375,1.375,0,0,Home Security Intl Inc,0,0,0
20000628,13242,HMSI',AMEX,1.375,1.375,0,0,Home Security Intl Inc,0,0,0
20000629,13242,HMSI',AMEX,1.25,1.25,5,0,Home Security Intl Inc,0,0,0
20000630,13242,HMSI',AMEX,1.25,1.25,0,0,Home Security Intl Inc,0,0,0
20000703,13242,HMSI',AMEX,1.25,1.25,0,0,Home Security Intl Inc,0,0,0
20000705,13242,HMSI',AMEX,1.625,1.625,45,0,Home Security Intl Inc,0,0,0
20000706,13242,HMSI',AMEX,1.5,1.5,98,0,Home Security Intl Inc,0,0,0
20000707,13242,HMSI',AMEX,1.5,1.5,0,0,Home Security Intl Inc,0,0,0
20000710,13242,HMSI',AMEX,1.5,1.5,0,0,Home Security Intl Inc,0,0,0
20000711,13242,HMSI',AMEX,1.5,1.5,0,0,Home Security Intl Inc,0,0,0
20000712,13242,HMSI',AMEX,1.125,1.125,256,0,Home Security Intl Inc,0,0,0
20000713,13242,HMSI',AMEX,1.125,1.125,101,0,Home Security Intl Inc,0,0,0
20000714,13242,HMSI',AMEX,1.25,1.25,20,0,Home Security Intl Inc,0,0,0
20000717,13242,HMSI',AMEX,1.0625,1.0625,52,0,Home Security Intl Inc,0,0,0
20000718,13242,HMSI',AMEX,1.0625,1.0625,0,0,Home Security Intl Inc,0,0,0
20000719,13242,HMSI',AMEX,1.0625,1.0625,0,0,Home Security Intl Inc,0,0,0
20000720,13242,HMSI',AMEX,1.0625,1.0625,0,0,Home Security Intl Inc,0,0,0
20000721,13242,HMSI',AMEX,1.0625,1.0625,50,0,Home Security Intl Inc,0,0,0
20000724,13242,HMSI',AMEX,0.9375,0.9375,73,0,Home Security Intl Inc,0,0,0
20000725,13242,HMSI',AMEX,0.9375,0.9375,0,0,Home Security Intl Inc,0,0,0
20000726,13242,HMSI',AMEX,0.9375,0.9375,100,0,Home Security Intl Inc,0,0,0
20000727,13242,HMSI',AMEX,0.9375,0.9375,0,0,Home Security Intl Inc,0,0,0
20000728,13242,HMSI',AMEX,0.9375,0.9375,12,0,Home Security Intl Inc,0,0,0
20000731,13242,HMSI',AMEX,0.9375,0.9375,42,0,Home Security Intl Inc,0,0,0
20000801,13242,HMSI',AMEX,0.9375,0.9375,0,0,Home Security Intl Inc,0,0,0
20000802,13242,HMSI',AMEX,0.9375,0.9375,0,0,Home Security Intl Inc,0,0,0
20000803,13242,HMSI',AMEX,0.875,0.875,92,0,Home Security Intl Inc,0,0,0
20000804,13242,HMSI',AMEX,0.875,0.875,0,0,Home Security Intl Inc,0,0,0
20000807,13242,HMSI',AMEX,0.625,0.625,70,0,Home Security Intl Inc,0,0,0
20000808,13242,HMSI',AMEX,0.625,0.625,104,0,Home Security Intl Inc,0,0,0
20000809,13242,HMSI',AMEX,0.5625,0.5625,81,0,Home Security Intl Inc,0,0,0
20000810,13242,HMSI',AMEX,0.5625,0.5625,94,0,Home Security Intl Inc,0,0,0
20000811,13242,HMSI',AMEX,0.5625,0.5625,0,0,Home Security Intl Inc,0,0,0
20000814,13242,HMSI',AMEX,0.5625,0.5625,0,0,Home Security Intl Inc,0,0,0
20000815,13242,HMSI',AMEX,0.5,0.5,50,0,Home Security Intl Inc,0,0,0
20000816,13242,HMSI',AMEX,0.5,0.5,50,0,Home Security Intl Inc,0,0,0
20000817,13242,HMSI',AMEX,0.5,0.5,21,0,Home Security Intl Inc,0,0,0
20000818,13242,HMSI',AMEX,0.5,0.5,0,0,Home Security Intl Inc,0,0,0
20000821,13242,HMSI',AMEX,0.5,0.5,0,0,Home Security Intl Inc,0,0,0
20000822,13242,HMSI',AMEX,0.5,0.5,0,0,Home Security Intl Inc,0,0,0
20000823,13242,HMSI',AMEX,0.5,0.5,0,0,Home Security Intl Inc,0,0,0
20000824,13242,HMSI',AMEX,0.5,0.5,3,0,Home Security Intl Inc,0,0,0
20000825,13242,HMSI',AMEX,0.5,0.5,20,0,Home Security Intl Inc,0,0,0
20000828,13242,HMSI',AMEX,0.5,0.5,0,0,Home Security Intl Inc,0,0,0
20000829,13242,HMSI',AMEX,0.5,0.5,0,0,Home Security Intl Inc,0,0,0
20000830,13242,HMSI',AMEX,0.5,0.5,60,0,Home Security Intl Inc,0,0,0
20000831,13242,HMSI',AMEX,0.5,0.5,20,0,Home Security Intl Inc,0,0,0
20000901,13242,HMSI',AMEX,0.5,0.5,0,0,Home Security Intl Inc,0,0,0
20000905,13242,HMSI',AMEX,0.4375,0.4375,20,0,Home Security Intl Inc,0,0,0
20000906,13242,HMSI',AMEX,0.4375,0.4375,0,0,Home Security Intl Inc,0,0,0
20000907,13242,HMSI',AMEX,0.5,0.5,57,0,Home Security Intl Inc,0,0,0
20000908,13242,HMSI',AMEX,0.5,0.5,0,0,Home Security Intl Inc,0,0,0
20000911,13242,HMSI',AMEX,0.5,0.5,0,0,Home Security Intl Inc,0,0,0
20000912,13242,HMSI',AMEX,0.5,0.5,8,0,Home Security Intl Inc,0,0,0
20000913,13242,HMSI',AMEX,0.5,0.5,22,0,Home Security Intl Inc,0,0,0
20000914,13242,HMSI',AMEX,0.5,0.5,0,0,Home Security Intl Inc,0,0,0
20000915,13242,HMSI',AMEX,0.5,0.5,0,0,Home Security Intl Inc,0,0,0
20000918,13242,HMSI',AMEX,0.5,0.5,0,0,Home Security Intl Inc,0,0,0
20000919,13242,HMSI',AMEX,0.5,0.5,22,0,Home Security Intl Inc,0,0,0
20000920,13242,HMSI',AMEX,0.375,0.375,51,0,Home Security Intl Inc,0,0,0
20000921,13242,HMSI',AMEX,0.4375,0.4375,16,0,Home Security Intl Inc,0,0,0
20000922,13242,HMSI',AMEX,0.4375,0.4375,115,0,Home Security Intl Inc,0,0,0
20000925,13242,HMSI',AMEX,0.4375,0.4375,0,0,Home Security Intl Inc,0,0,0
20000926,13242,HMSI',AMEX,0.4375,0.4375,0,0,Home Security Intl Inc,0,0,0
20000927,13242,HMSI',AMEX,0.4375,0.4375,3,0,Home Security Intl Inc,0,0,0
20000928,13242,HMSI',AMEX,0.4375,0.4375,11,0,Home Security Intl Inc,0,0,0
20000929,13242,HMSI',AMEX,0.3125,0.3125,50,0,Home Security Intl Inc,0,0,0
20001002,13242,HMSI',AMEX,0.25,0.25,46,0,Home Security Intl Inc,0,0,0
20001003,13242,HMSI',AMEX,0.25,0.25,0,0,Home Security Intl Inc,0,0,0
20001004,13242,HMSI',AMEX,0.25,0.25,0,0,Home Security Intl Inc,0,0,0
20001005,13242,HMSI',AMEX,0.1875,0.1875,118,0,Home Security Intl Inc,0,0,0
20001006,13242,HMSI',AMEX,0.1875,0.1875,0,0,Home Security Intl Inc,0,0,0
20001009,13242,HMSI',AMEX,0.1875,0.1875,0,0,Home Security Intl Inc,0,0,0
20001010,13242,HMSI',AMEX,0.1875,0.1875,71,0,Home Security Intl Inc,0,0,0
20001011,13242,HMSI',AMEX,0.1875,0.1875,0,0,Home Security Intl Inc,0,0,0
20001012,13242,HMSI',AMEX,0.1875,0.1875,0,0,Home Security Intl Inc,0,0,0
20001013,13242,HMSI',AMEX,0.125,0.125,7,0,Home Security Intl Inc,0,0,0
20001016,13242,HMSI',AMEX,0.3125,0.3125,206,0,Home Security Intl Inc,0,0,0
20001017,13242,HMSI',AMEX,0.375,0.375,325,0,Home Security Intl Inc,0,0,0
20001018,13242,HMSI',AMEX,0.3125,0.3125,20,0,Home Security Intl Inc,0,0,0
20001019,13242,HMSI',AMEX,0.25,0.25,10,0,Home Security Intl Inc,0,0,0
20001020,13242,HMSI',AMEX,0.375,0.375,20,0,Home Security Intl Inc,0,0,0
20001023,13242,HMSI',AMEX,0.375,0.375,39,0,Home Security Intl Inc,0,0,0
20001024,13242,HMSI',AMEX,0.1875,0.1875,30,0,Home Security Intl Inc,0,0,0
20001025,13242,HMSI',AMEX,0.3125,0.3125,35,0,Home Security Intl Inc,0,0,0
20001026,13242,HMSI',AMEX,0.625,0.625,372,0,Home Security Intl Inc,0,0,0
20001027,13242,HMSI',AMEX,0.5625,0.5625,126,0,Home Security Intl Inc,0,0,0
20001030,13242,HMSI',AMEX,0.5,0.5,314,0,Home Security Intl Inc,0,0,0
20001031,13242,HMSI',AMEX,0.5,0.5,22,0,Home Security Intl Inc,0,0,0
20001101,13242,HMSI',AMEX,0.5,0.5,114,0,Home Security Intl Inc,0,0,0
20001102,13242,HMSI',AMEX,0.625,0.625,21,0,Home Security Intl Inc,0,0,0
20001103,13242,HMSI',AMEX,0.5,0.5,13,0,Home Security Intl Inc,0,0,0
20001106,13242,HMSI',AMEX,0.5,0.5,0,0,Home Security Intl Inc,0,0,0
20001107,13242,HMSI',AMEX,0.5,0.5,0,0,Home Security Intl Inc,0,0,0
20001108,13242,HMSI',AMEX,0.5,0.5,0,0,Home Security Intl Inc,0,0,0
20001109,13242,HMSI',AMEX,0.5,0.5,10,0,Home Security Intl Inc,0,0,0
20001110,13242,HMSI',AMEX,0.375,0.375,164,0,Home Security Intl Inc,0,0,0
20001113,13242,HMSI',AMEX,0.375,0.375,0,0,Home Security Intl Inc,0,0,0
20001114,13242,HMSI',AMEX,0.3125,0.3125,68,0,Home Security Intl Inc,0,0,0
20001115,13242,HMSI',AMEX,0.3125,0.3125,0,0,Home Security Intl Inc,0,0,0
20001116,13242,HMSI',AMEX,0.375,0.375,21,0,Home Security Intl Inc,0,0,0
20001117,13242,HMSI',AMEX,0.3125,0.3125,34,0,Home Security Intl Inc,0,0,0
20001120,13242,HMSI',AMEX,0.375,0.375,81,0,Home Security Intl Inc,0,0,0
20001121,13242,HMSI',AMEX,0.4375,0.4375,100,0,Home Security Intl Inc,0,0,0
20001122,13242,HMSI',AMEX,0.375,0.375,55,0,Home Security Intl Inc,0,0,0
20001124,13242,HMSI',AMEX,0.375,0.375,0,0,Home Security Intl Inc,0,0,0
20001127,13242,HMSI',AMEX,0.25,0.25,12,0,Home Security Intl Inc,0,0,0
20001128,13242,HMSI',AMEX,0.25,0.25,0,0,Home Security Intl Inc,0,0,0
20001129,13242,HMSI',AMEX,0.3125,0.3125,27,0,Home Security Intl Inc,0,0,0
20001130,13242,HMSI',AMEX,0.25,0.25,41,0,Home Security Intl Inc,0,0,0
20001201,13242,HMSI',AMEX,0.25,0.25,98,0,Home Security Intl Inc,0,0,0
20001204,13242,HMSI',AMEX,0.25,0.25,30,0,Home Security Intl Inc,0,0,0
20001205,13242,HMSI',AMEX,0.1875,0.1875,332,0,Home Security Intl Inc,0,0,0
20001206,13242,HMSI',AMEX,0.1875,0.1875,447,0,Home Security Intl Inc,0,0,0
20001207,13242,HMSI',AMEX,0.1875,0.1875,45,0,Home Security Intl Inc,0,0,0
20001208,13242,HMSI',AMEX,0.1875,0.1875,0,0,Home Security Intl Inc,0,0,0
20001211,13242,HMSI',AMEX,0.1875,0.1875,10,0,Home Security Intl Inc,0,0,0
20001212,13242,HMSI',AMEX,0.1875,0.1875,53,0,Home Security Intl Inc,0,0,0
20001213,13242,HMSI',AMEX,0.125,0.125,38,0,Home Security Intl Inc,0,0,0
20001214,13242,HMSI',AMEX,0.125,0.125,246,0,Home Security Intl Inc,0,0,0
20001215,13242,HMSI',AMEX,0.125,0.125,786,0,Home Security Intl Inc,0,0,0
20001218,13242,HMSI',AMEX,0.125,0.125,650,0,Home Security Intl Inc,0,0,0
20001219,13242,HMSI',AMEX,0.125,0.125,402,0,Home Security Intl Inc,0,0,0
20001220,13242,HMSI',AMEX,0.1875,0.1875,4,0,Home Security Intl Inc,0,0,0
20001221,13242,HMSI',AMEX,0.1875,0.1875,15,0,Home Security Intl Inc,0,0,0
20001222,13242,HMSI',AMEX,0.125,0.125,776,0,Home Security Intl Inc,0,0,0
20001226,13242,HMSI',AMEX,0.0625,0.0625,454,0,Home Security Intl Inc,0,0,0
20001227,13242,HMSI',AMEX,0.0625,0.0625,3636,0,Home Security Intl Inc,0,0,0
20001228,13242,HMSI',AMEX,0.0625,0.0625,3543,0,Home Security Intl Inc,0,0,0
20001229,13242,HMSI',AMEX,0.0625,0.0625,463,0,Home Security Intl Inc,0,0,0
20010102,13242,HMSI',AMEX,0.09375,0.09375,1,0,Home Security Intl Inc,0,0,0
20010103,13242,HMSI',AMEX,0.09375,0.09375,360,0,Home Security Intl Inc,0,0,0
20010104,13242,HMSI',AMEX,0.15625,0.15625,321,0,Home Security Intl Inc,0,0,0
20010105,13242,HMSI',AMEX,0.15625,0.15625,0,0,Home Security Intl Inc,0,0,0
20010108,13242,HMSI',AMEX,0.15625,0.15625,286,0,Home Security Intl Inc,0,0,0
20010109,13242,HMSI',AMEX,0.15625,0.15625,0,0,Home Security Intl Inc,0,0,0
20010110,13242,HMSI',AMEX,0.125,0.125,263,0,Home Security Intl Inc,0,0,0
20010111,13242,HMSI',AMEX,0.125,0.125,166,0,Home Security Intl Inc,0,0,0
20010112,13242,HMSI',AMEX,0.21875,0.21875,1978,0,Home Security Intl Inc,0,0,0
20010116,13242,HMSI',AMEX,0.21875,0.21875,404,0,Home Security Intl Inc,0,0,0
20010117,13242,HMSI',AMEX,0.21875,0.21875,210,0,Home Security Intl Inc,0,0,0
20010118,13242,HMSI',AMEX,0.25,0.25,184,0,Home Security Intl Inc,0,0,0
20010119,13242,HMSI',AMEX,0.1875,0.1875,17,0,Home Security Intl Inc,0,0,0
20010122,13242,HMSI',AMEX,0.21875,0.21875,150,0,Home Security Intl Inc,0,0,0
20010123,13242,HMSI',AMEX,0.21875,0.21875,140,0,Home Security Intl Inc,0,0,0
20010124,13242,HMSI',AMEX,0.1875,0.1875,803,0,Home Security Intl Inc,0,0,0
20010125,13242,HMSI',AMEX,0.15625,0.15625,1968,0,Home Security Intl Inc,0,0,0
20010126,13242,HMSI',AMEX,0.15625,0.15625,19,0,Home Security Intl Inc,0,0,0
20010129,13242,HMSI',AMEX,0.2,0.2,1822,0,Home Security Intl Inc,0,0,0
20010130,13242,HMSI',AMEX,0.2,0.2,605,0,Home Security Intl Inc,0,0,0
20010131,13242,HMSI',AMEX,0.28,0.28,533,0,Home Security Intl Inc,0,0,0
20010201,13242,HMSI',AMEX,0.4,0.4,719,0,Home Security Intl Inc,0,0,0
20010202,13242,HMSI',AMEX,0.4,0.4,145,0,Home Security Intl Inc,0,0,0
20010205,13242,HMSI',AMEX,0.33,0.33,85,0,Home Security Intl Inc,0,0,0
20010206,13242,HMSI',AMEX,0.31,0.31,440,0,Home Security Intl Inc,0,0,0
20010207,13242,HMSI',AMEX,0.26,0.26,105,0,Home Security Intl Inc,0,0,0
20010208,13242,HMSI',AMEX,0.27,0.27,202,0,Home Security Intl Inc,0,0,0
20010209,13242,HMSI',AMEX,0.28,0.28,388,0,Home Security Intl Inc,0,0,0
20010212,13242,HMSI',AMEX,0.24,0.24,788,0,Home Security Intl Inc,0,0,0
20010213,13242,HMSI',AMEX,0.25,0.25,195,0,Home Security Intl Inc,0,0,0
20010214,13242,HMSI',AMEX,0.23,0.23,171,0,Home Security Intl Inc,0,0,0
20010215,13242,HMSI',AMEX,0.23,0.23,22,0,Home Security Intl Inc,0,0,0
20010216,13242,HMSI',AMEX,0.2,0.2,84,0,Home Security Intl Inc,0,0,0
20010220,13242,HMSI',AMEX,0.16,0.16,54,0,Home Security Intl Inc,0,0,0
20010221,13242,HMSI',AMEX,0.24,0.24,837,0,Home Security Intl Inc,0,0,0
20010222,13242,HMSI',AMEX,0.35,0.35,584,0,Home Security Intl Inc,0,0,0
20010223,13242,HMSI',AMEX,0.48,0.48,1253,0,Home Security Intl Inc,0,0,0
20010226,13242,HMSI',AMEX,0.42,0.42,117,0,Home Security Intl Inc,0,0,0
20010227,13242,HMSI',AMEX,0.45,0.45,44,0,Home Security Intl Inc,0,0,0
20010228,13242,HMSI',AMEX,0.42,0.42,162,0,Home Security Intl Inc,0,0,0
20010301,13242,HMSI',AMEX,0.42,0.42,0,0,Home Security Intl Inc,0,0,0
20010302,13242,HMSI',AMEX,0.35,0.35,5,0,Home Security Intl Inc,0,0,0
20010305,13242,HMSI',AMEX,0.3,0.3,142,0,Home Security Intl Inc,0,0,0
20010306,13242,HMSI',AMEX,0.34,0.34,155,0,Home Security Intl Inc,0,0,0
20010307,13242,HMSI',AMEX,0.34,0.34,87,0,Home Security Intl Inc,0,0,0
20010308,13242,HMSI',AMEX,0.32,0.32,7,0,Home Security Intl Inc,0,0,0
20010309,13242,HMSI',AMEX,0.25,0.25,275,0,Home Security Intl Inc,0,0,0
20010312,13242,HMSI',AMEX,0.3,0.3,432,0,Home Security Intl Inc,0,0,0
20010313,13242,HMSI',AMEX,0.25,0.25,17,0,Home Security Intl Inc,0,0,0
20010314,13242,HMSI',AMEX,0.28,0.28,10,0,Home Security Intl Inc,0,0,0
20010315,13242,HMSI',AMEX,0.28,0.28,12,0,Home Security Intl Inc,0,0,0
20010316,13242,HMSI',AMEX,0.28,0.28,0,0,Home Security Intl Inc,0,0,0
20010319,13242,HMSI',AMEX,0.28,0.28,0,0,Home Security Intl Inc,0,0,0
20010320,13242,HMSI',AMEX,0.2,0.2,24,0,Home Security Intl Inc,0,0,0
20010321,13242,HMSI',AMEX,0.2,0.2,0,0,Home Security Intl Inc,0,0,0
20010322,13242,HMSI',AMEX,0.19,0.19,47,0,Home Security Intl Inc,0,0,0
20010323,13242,HMSI',AMEX,0.25,0.25,17,0,Home Security Intl Inc,0,0,0
20010326,13242,HMSI',AMEX,0.25,0.25,0,0,Home Security Intl Inc,0,0,0
20010327,13242,HMSI',AMEX,0.17,0.17,49,0,Home Security Intl Inc,0,0,0
20010328,13242,HMSI',AMEX,0.15,0.15,40,0,Home Security Intl Inc,0,0,0
20010329,13242,HMSI',AMEX,0.15,0.15,0,0,Home Security Intl Inc,0,0,0
20010330,13242,HMSI',AMEX,0.15,0.15,0,0,Home Security Intl Inc,0,0,0
20010402,13242,HMSI',AMEX,0.19,0.19,5,0,Home Security Intl Inc,0,0,0
20010403,13242,HMSI',AMEX,0.24,0.24,30,0,Home Security Intl Inc,0,0,0
20010404,13242,HMSI',AMEX,0.24,0.24,4,0,Home Security Intl Inc,0,0,0
20010405,13242,HMSI',AMEX,0.14,0.14,43,0,Home Security Intl Inc,0,0,0
20010406,13242,HMSI',AMEX,0.22,0.22,16,0,Home Security Intl Inc,0,0,0
20010409,13242,HMSI',AMEX,0.15,0.15,5,0,Home Security Intl Inc,0,0,0
20010410,13242,HMSI',AMEX,0.15,0.15,285,0,Home Security Intl Inc,0,0,0
20010411,13242,HMSI',AMEX,0.2,0.2,275,0,Home Security Intl Inc,0,0,0
20010412,13242,HMSI',AMEX,0.22,0.22,178,0,Home Security Intl Inc,0,0,0
20010416,13242,HMSI',AMEX,0.23,0.23,268,0,Home Security Intl Inc,0,0,0
20010417,13242,HMSI',AMEX,0.16,0.16,72,0,Home Security Intl Inc,0,0,0
20010418,13242,HMSI',AMEX,0.18,0.18,367,0,Home Security Intl Inc,0,0,0
20010419,13242,HMSI',AMEX,0.18,0.18,50,0,Home Security Intl Inc,0,0,0
20010420,13242,HMSI',AMEX,0.18,0.18,0,0,Home Security Intl Inc,0,0,0
20010423,13242,HMSI',AMEX,0.23,0.23,2,0,Home Security Intl Inc,0,0,0
20010424,13242,HMSI',AMEX,0.18,0.18,50,0,Home Security Intl Inc,0,0,0
20010425,13242,HMSI',AMEX,0.16,0.16,27,0,Home Security Intl Inc,0,0,0
20010426,13242,HMSI',AMEX,0.13,0.13,22,0,Home Security Intl Inc,0,0,0
20010427,13242,HMSI',AMEX,0.1,0.1,117,0,Home Security Intl Inc,0,0,0
20010430,13242,HMSI',AMEX,0.12,0.12,192,0,Home Security Intl Inc,0,0,0
20010501,13242,HMSI',AMEX,0.12,0.12,15,0,Home Security Intl Inc,0,0,0
20010502,13242,HMSI',AMEX,0.14,0.14,95,0,Home Security Intl Inc,0,0,0
20010503,13242,HMSI',AMEX,0.2,0.2,56,0,Home Security Intl Inc,0,0,0
20010504,13242,HMSI',AMEX,0.2,0.2,21,0,Home Security Intl Inc,0,0,0
20010507,13242,HMSI',AMEX,0.2,0.2,2,0,Home Security Intl Inc,0,0,0
20010508,13242,HMSI',AMEX,0.19,0.19,7,0,Home Security Intl Inc,0,0,0
20010509,13242,HMSI',AMEX,0.19,0.19,0,0,Home Security Intl Inc,0,0,0
20010510,13242,HMSI',AMEX,0.19,0.19,0,0,Home Security Intl Inc,0,0,0
20010511,13242,HMSI',AMEX,0.1,0.1,13,0,Home Security Intl Inc,0,0,0
20010514,13242,HMSI',AMEX,0.19,0.19,109,0,Home Security Intl Inc,0,0,0
20010515,13242,HMSI',AMEX,0.19,0.19,6,0,Home Security Intl Inc,0,0,0
20010516,13242,HMSI',AMEX,0.19,0.19,30,0,Home Security Intl Inc,0,0,0
20010517,13242,HMSI',AMEX,0.11,0.11,21,0,Home Security Intl Inc,0,0,0
20010518,13242,HMSI',AMEX,0.12,0.12,9,0,Home Security Intl Inc,0,0,0
20010521,13242,HMSI',AMEX,0.12,0.12,0,0,Home Security Intl Inc,0,0,0
20010522,13242,HMSI',AMEX,0.12,0.12,0,0,Home Security Intl Inc,0,0,0
20010523,13242,HMSI',AMEX,0.12,0.12,0,0,Home Security Intl Inc,0,0,0
20010524,13242,HMSI',AMEX,0.12,0.12,0,0,Home Security Intl Inc,0,0,0
20010525,13242,HMSI',AMEX,0.12,0.12,0,0,Home Security Intl Inc,0,0,0
20010529,13242,HMSI',AMEX,0.12,0.12,0,0,Home Security Intl Inc,0,0,0
20010530,13242,HMSI',AMEX,0.12,0.12,0,0,Home Security Intl Inc,0,0,0
20010531,13242,HMSI',AMEX,0.12,0.12,0,0,Home Security Intl Inc,0,0,0
20010601,13242,HMSI',AMEX,0.12,0.12,5,0,Home Security Intl Inc,0,0,0
20010604,13242,HMSI',AMEX,0.12,0.12,0,0,Home Security Intl Inc,0,0,0
20010605,13242,HMSI',AMEX,0.12,0.12,0,0,Home Security Intl Inc,0,0,0
20010606,13242,HMSI',AMEX,0.12,0.12,0,0,Home Security Intl Inc,0,0,0
20010607,13242,HMSI',AMEX,0.12,0.12,0,0,Home Security Intl Inc,0,0,0
20010608,13242,HMSI',AMEX,0.07,0.07,65,0,Home Security Intl Inc,0,0,0
20010611,13242,HMSI',AMEX,0.07,0.07,0,0,Home Security Intl Inc,0,0,0
20010612,13242,HMSI',AMEX,0.07,0.07,0,0,Home Security Intl Inc,0,0,0
20010613,13242,HMSI',AMEX,0.07,0.07,0,0,Home Security Intl Inc,0,0,0
20010614,13242,HMSI',AMEX,0.07,0.07,0,0,Home Security Intl Inc,0,0,0
20010615,13242,HMSI',AMEX,0.07,0.07,0,0,Home Security Intl Inc,0,0,0
20010618,13242,HMSI',AMEX,0.07,0.07,0,0,Home Security Intl Inc,0,0,0
20010619,13242,HMSI',AMEX,0.07,0.07,0,0,Home Security Intl Inc,0,0,0
20010620,13242,HMSI',AMEX,0.07,0.07,0,0,Home Security Intl Inc,0,0,0
20010621,13242,HMSI',AMEX,0.07,0.07,0,0,Home Security Intl Inc,0,0,0
20010622,13242,HMSI',AMEX,0.07,0.07,0,0,Home Security Intl Inc,0,0,0
20010625,13242,HMSI',AMEX,0.07,0.07,1,0,Home Security Intl Inc,0,0,0
20010626,13242,HMSI',AMEX,0.07,0.07,0,0,Home Security Intl Inc,0,0,0
20010627,13242,HMSI',AMEX,0.07,0.07,1,0,Home Security Intl Inc,0,0,0
20010628,13242,HMSI',AMEX,0.07,0.07,0,0,Home Security Intl Inc,0,0,0
20010629,13242,HMSI',AMEX,0.07,0.07,2,0,Home Security Intl Inc,0,0,0
20010702,13242,HMSI',AMEX,0.07,0.07,0,0,Home Security Intl Inc,0,0,0
20010703,13242,HMSI',AMEX,0.07,0.07,0,0,Home Security Intl Inc,0,0,0
20010705,13242,HMSI',AMEX,0.08,0.08,62,0,Home Security Intl Inc,0,0,0
20010706,13242,HMSI',AMEX,0.08,0.08,0,0,Home Security Intl Inc,0,0,0
20010709,13242,HMSI',AMEX,0.08,0.08,0,0,Home Security Intl Inc,0,0,0
20010710,13242,HMSI',AMEX,0.08,0.08,0,0,Home Security Intl Inc,0,0,0
20010711,13242,HMSI',AMEX,0.07,0.07,40,0,Home Security Intl Inc,0,0,0
20010712,13242,HMSI',AMEX,0.07,0.07,0,0,Home Security Intl Inc,0,0,0
20010713,13242,HMSI',AMEX,0.07,0.07,0,0,Home Security Intl Inc,0,0,0
20010716,13242,HMSI',AMEX,0.07,0.07,0,0,Home Security Intl Inc,0,0,0
20010717,13242,HMSI',AMEX,0.07,0.07,0,0,Home Security Intl Inc,0,0,0
20010718,13242,HMSI',AMEX,0.07,0.07,0,0,Home Security Intl Inc,0,0,0
20010719,13242,HMSI',AMEX,0.07,0.07,0,0,Home Security Intl Inc,0,0,0
20010720,13242,HMSI',AMEX,0.07,0.07,0,0,Home Security Intl Inc,0,0,0
20010723,13242,HMSI',AMEX,0.07,0.07,15,0,Home Security Intl Inc,0,0,0
20010724,13242,HMSI',AMEX,0.07,0.07,25,0,Home Security Intl Inc,0,0,0
20010725,13242,HMSI',AMEX,0.07,0.07,0,0,Home Security Intl Inc,0,0,0
20010726,13242,HMSI',AMEX,0.07,0.07,0,0,Home Security Intl Inc,0,0,0
20010727,13242,HMSI',AMEX,0.07,0.07,5,0,Home Security Intl Inc,0,0,0
20010730,13242,HMSI',AMEX,0.07,0.07,0,0,Home Security Intl Inc,0,0,0
20010731,13242,HMSI',AMEX,0.07,0.07,0,0,Home Security Intl Inc,0,0,0
20010801,13242,HMSI',AMEX,0.07,0.07,22,0,Home Security Intl Inc,0,0,0
20010802,13242,HMSI',AMEX,0.07,0.07,0,0,Home Security Intl Inc,0,0,0
20010803,13242,HMSI',AMEX,0.07,0.07,0,0,Home Security Intl Inc,0,0,0
20010806,13242,HMSI',AMEX,0.07,0.07,0,0,Home Security Intl Inc,0,0,0
20010807,13242,HMSI',AMEX,0.07,0.07,0,0,Home Security Intl Inc,0,0,0
20010808,13242,HMSI',AMEX,0.07,0.07,0,0,Home Security Intl Inc,0,0,0
20010809,13242,HMSI',AMEX,0.07,0.07,0,0,Home Security Intl Inc,0,0,0
20010810,13242,HMSI',AMEX,0.07,0.07,0,0,Home Security Intl Inc,0,0,0
20010813,13242,HMSI',AMEX,0.07,0.07,0,0,Home Security Intl Inc,0,0,0
20010814,13242,HMSI',AMEX,0.07,0.07,0,0,Home Security Intl Inc,0,0,0
20010815,13242,HMSI',AMEX,0.07,0.07,0,0,Home Security Intl Inc,0,0,0
20010816,13242,HMSI',AMEX,0.07,0.07,0,0,Home Security Intl Inc,0,0,0
20010817,13242,HMSI',AMEX,0.07,0.07,0,0,Home Security Intl Inc,0,0,0
20010820,13242,HMSI',AMEX,0.07,0.07,0,0,Home Security Intl Inc,0,0,0
20010821,13242,HMSI',AMEX,0.07,0.07,0,0,Home Security Intl Inc,0,0,0
20010822,13242,HMSI',AMEX,0.07,0.07,0,0,Home Security Intl Inc,0,0,0
20010823,13242,HMSI',AMEX,0.07,0.07,0,0,Home Security Intl Inc,0,0,0
20010824,13242,HMSI',AMEX,0.07,0.07,0,0,Home Security Intl Inc,0,0,0
20010827,13242,HMSI',AMEX,0.07,0.07,0,0,Home Security Intl Inc,0,0,0
20010828,13242,HMSI',AMEX,0.07,0.07,0,0,Home Security Intl Inc,0,0,0
20010829,13242,HMSI',AMEX,0.07,0.07,0,0,Home Security Intl Inc,0,0,0
20010830,13242,HMSI',AMEX,0.07,0.07,0,0,Home Security Intl Inc,0,0,0
20010831,13242,HMSI',AMEX,0.07,0.07,0,0,Home Security Intl Inc,0,0,0
20010904,13242,HMSI',AMEX,0.07,0.07,0,0,Home Security Intl Inc,0,0,0
20010905,13242,HMSI',AMEX,0.07,0.07,0,0,Home Security Intl Inc,0,0,0
20010906,13242,HMSI',AMEX,0.07,0.07,0,0,Home Security Intl Inc,0,0,0
20010907,13242,HMSI',AMEX,0.07,0.07,0,0,Home Security Intl Inc,0,0,0
20010910,13242,HMSI',AMEX,0.07,0.07,0,0,Home Security Intl Inc,0,0,0
20010917,13242,HMSI',AMEX,0.07,0.07,0,0,Home Security Intl Inc,0,0,0
20010918,13242,HMSI',AMEX,0.07,0.07,0,0,Home Security Intl Inc,0,0,0
20010919,13242,HMSI',AMEX,0.07,0.07,0,0,Home Security Intl Inc,0,0,0
20010920,13242,HMSI',AMEX,0.07,0.07,0,0,Home Security Intl Inc,0,0,0
20010921,13242,HMSI',AMEX,0.07,0.07,60,0,Home Security Intl Inc,0,0,0
20010924,13242,HMSI',AMEX,0.07,0.07,0,0,Home Security Intl Inc,0,0,0
20010925,13242,HMSI',AMEX,0.07,0.07,0,0,Home Security Intl Inc,0,0,0
20010926,13242,HMSI',AMEX,0.07,0.07,50,0,Home Security Intl Inc,0,0,0
20010927,13242,HMSI',AMEX,0.07,0.07,0,0,Home Security Intl Inc,0,0,0
20010928,13242,HMSI',AMEX,0.07,0.07,0,0,Home Security Intl Inc,0,0,0
20011001,13242,HMSI',AMEX,0.07,0.07,0,0,Home Security Intl Inc,0,0,0
20011002,13242,HMSI',AMEX,0.2,0.2,2,0,Home Security Intl Inc,0,0,0
20011003,13242,HMSI',AMEX,0.05,0.05,17,0,Home Security Intl Inc,0,0,0
20011004,13242,HMSI',AMEX,0.05,0.05,0,0,Home Security Intl Inc,0,0,0
20011005,13242,HMSI',AMEX,0.05,0.05,0,0,Home Security Intl Inc,0,0,0
20011008,13242,HMSI',AMEX,0.05,0.05,0,0,Home Security Intl Inc,0,0,0
20011009,13242,HMSI',AMEX,0.05,0.05,0,0,Home Security Intl Inc,0,0,0
20011010,13242,HMSI',AMEX,0.05,0.05,0,0,Home Security Intl Inc,0,0,0
20011011,13242,HMSI',AMEX,0.05,0.05,0,0,Home Security Intl Inc,0,0,0
20011012,13242,HMSI',AMEX,0.05,0.05,0,0,Home Security Intl Inc,0,0,0
20011015,13242,HMSI',AMEX,0.05,0.05,0,0,Home Security Intl Inc,0,0,0
20011016,13242,HMSI',AMEX,0.05,0.05,0,0,Home Security Intl Inc,0,0,0
20011017,13242,HMSI',AMEX,0.05,0.05,0,0,Home Security Intl Inc,0,0,0
20011018,13242,HMSI',AMEX,0.05,0.05,0,0,Home Security Intl Inc,0,0,0
20011019,13242,HMSI',AMEX,0.05,0.05,45,0,Home Security Intl Inc,0,0,0
20011022,13242,HMSI',AMEX,0.05,0.05,0,0,Home Security Intl Inc,0,0,0
20011023,13242,HMSI',AMEX,0.05,0.05,0,0,Home Security Intl Inc,0,0,0
20011024,13242,HMSI',AMEX,0.05,0.05,0,0,Home Security Intl Inc,0,0,0
20011025,13242,HMSI',AMEX,0.05,0.05,0,0,Home Security Intl Inc,0,0,0
20011026,13242,HMSI',AMEX,0.05,0.05,0,0,Home Security Intl Inc,0,0,0
20011029,13242,HMSI',AMEX,0.05,0.05,0,0,Home Security Intl Inc,0,0,0
20011030,13242,HMSI',AMEX,0.05,0.05,0,0,Home Security Intl Inc,0,0,0
20011031,13242,HMSI',AMEX,0.05,0.05,0,0,Home Security Intl Inc,0,0,0
20011101,13242,HMSI',AMEX,0.05,0.05,0,0,Home Security Intl Inc,0,0,0
20011102,13242,HMSI',AMEX,0.05,0.05,0,0,Home Security Intl Inc,0,0,0
20011105,13242,HMSI',AMEX,0.05,0.05,0,0,Home Security Intl Inc,0,0,0
20011106,13242,HMSI',AMEX,0.05,0.05,0,0,Home Security Intl Inc,0,0,0
20011107,13242,HMSI',AMEX,0.05,0.05,0,0,Home Security Intl Inc,0,0,0
20011108,13242,HMSI',AMEX,0.05,0.05,0,0,Home Security Intl Inc,0,0,0
20011109,13242,HMSI',AMEX,0.05,0.05,0,0,Home Security Intl Inc,0,0,0
20011112,13242,HMSI',AMEX,0.05,0.05,0,0,Home Security Intl Inc,0,0,0
20011113,13242,HMSI',AMEX,0.05,0.05,0,0,Home Security Intl Inc,0,0,0
20011114,13242,HMSI',AMEX,0.05,0.05,0,0,Home Security Intl Inc,0,0,0
20011115,13242,HMSI',AMEX,0.05,0.05,0,0,Home Security Intl Inc,0,0,0
20011116,13242,HMSI',AMEX,0.05,0.05,0,0,Home Security Intl Inc,0,0,0
20011119,13242,HMSI',AMEX,0.05,0.05,0,0,Home Security Intl Inc,0,0,0
20011120,13242,HMSI',AMEX,0.05,0.05,0,0,Home Security Intl Inc,0,0,0
20011121,13242,HMSI',AMEX,0.05,0.05,0,0,Home Security Intl Inc,0,0,0
20011123,13242,HMSI',AMEX,0.05,0.05,0,0,Home Security Intl Inc,0,0,0
20011126,13242,HMSI',AMEX,0.05,0.05,0,0,Home Security Intl Inc,0,0,0
20011127,13242,HMSI',AMEX,0.05,0.05,0,0,Home Security Intl Inc,0,0,0
20011128,13242,HMSI',AMEX,0.05,0.05,0,0,Home Security Intl Inc,0,0,0
20011129,13242,HMSI',AMEX,0.05,0.05,16,0,Home Security Intl Inc,0,0,0
20011130,13242,HMSI',AMEX,0.05,0.05,10,0,Home Security Intl Inc,0,0,0
20011203,13242,HMSI',AMEX,0.05,0.05,0,0,Home Security Intl Inc,0,0,0
20011204,13242,HMSI',AMEX,0.05,0.05,0,0,Home Security Intl Inc,0,0,0
20011205,13242,HMSI',AMEX,0.05,0.05,5,0,Home Security Intl Inc,0,0,0
20011206,13242,HMSI',AMEX,0.05,0.05,29,0,Home Security Intl Inc,0,0,0
20011207,13242,HMSI',AMEX,0.05,0.05,0,0,Home Security Intl Inc,0,0,0
20011210,13242,HMSI',AMEX,0.05,0.05,0,0,Home Security Intl Inc,0,0,0
20011211,13242,HMSI',AMEX,0.05,0.05,0,0,Home Security Intl Inc,0,0,0
20011212,13242,HMSI',AMEX,0.05,0.05,0,0,Home Security Intl Inc,0,0,0
20011213,13242,HMSI',AMEX,0.05,0.05,0,0,Home Security Intl Inc,0,0,0
20011214,13242,HMSI',AMEX,0.05,0.05,0,0,Home Security Intl Inc,0,0,0
20011217,13242,HMSI',AMEX,0.04,0.04,5,0,Home Security Intl Inc,0,0,0
20011218,13242,HMSI',AMEX,0.04,0.04,26,0,Home Security Intl Inc,0,0,0
20011219,13242,HMSI',AMEX,0.04,0.04,0,0,Home Security Intl Inc,0,0,0
20011220,13242,HMSI',AMEX,0.04,0.04,0,0,Home Security Intl Inc,0,0,0
20011221,13242,HMSI',AMEX,0.04,0.04,0,0,Home Security Intl Inc,0,0,0
20011224,13242,HMSI',AMEX,0.04,0.04,0,0,Home Security Intl Inc,0,0,0
20011226,13242,HMSI',AMEX,0.04,0.04,8,0,Home Security Intl Inc,0,0,0
20011227,13242,HMSI',AMEX,0.04,0.04,25,0,Home Security Intl Inc,0,0,0
20011228,13242,HMSI',AMEX,0.04,0.04,0,0,Home Security Intl Inc,0,0,0
20011231,13242,HMSI',AMEX,0.04,0.04,39,0,Home Security Intl Inc,0,0,0
20020102,13242,HMSI',AMEX,0.04,0.04,0,0,Home Security Intl Inc,0,0,0
20020103,13242,HMSI',AMEX,0.04,0.04,0,0,Home Security Intl Inc,0,0,0
20020104,13242,HMSI',AMEX,0.04,0.04,0,0,Home Security Intl Inc,0,0,0
20020107,13242,HMSI',AMEX,0.04,0.04,0,0,Home Security Intl Inc,0,0,0
20020108,13242,HMSI',AMEX,0.04,0.04,0,0,Home Security Intl Inc,0,0,0
20020109,13242,HMSI',AMEX,0.04,0.04,0,0,Home Security Intl Inc,0,0,0
20020110,13242,HMSI',AMEX,0.04,0.04,0,0,Home Security Intl Inc,0,0,0
20020111,13242,HMSI',AMEX,0.04,0.04,0,0,Home Security Intl Inc,0,0,0
20020114,13242,HMSI',AMEX,0.04,0.04,0,0,Home Security Intl Inc,0,0,0
20020115,13242,HMSI',AMEX,0.04,0.04,4,0,Home Security Intl Inc,0,0,0
20020116,13242,HMSI',AMEX,0.04,0.04,0,0,Home Security Intl Inc,0,0,0
20020117,13242,HMSI',AMEX,0.04,0.04,0,0,Home Security Intl Inc,0,0,0
20020118,13242,HMSI',AMEX,0.04,0.04,0,0,Home Security Intl Inc,0,0,0
20020122,13242,HMSI',AMEX,0.04,0.04,0,0,Home Security Intl Inc,0,0,0
20020123,13242,HMSI',AMEX,0.04,0.04,0,0,Home Security Intl Inc,0,0,0
20020124,13242,HMSI',AMEX,0.04,0.04,0,0,Home Security Intl Inc,0,0,0
20020125,13242,HMSI',AMEX,0.04,0.04,0,0,Home Security Intl Inc,0,0,0
20020128,13242,HMSI',AMEX,0.04,0.04,0,0,Home Security Intl Inc,0,0,0
20020129,13242,HMSI',AMEX,0.04,0.04,0,0,Home Security Intl Inc,0,0,0
20020130,13242,HMSI',AMEX,0.04,0.04,0,0,Home Security Intl Inc,0,0,0
20020131,13242,HMSI',AMEX,0.04,0.04,29,0,Home Security Intl Inc,0,0,0
20020201,13242,HMSI',AMEX,0.04,0.04,0,0,Home Security Intl Inc,0,0,0
20020204,13242,HMSI',AMEX,0.04,0.04,13,0,Home Security Intl Inc,0,0,0
20020205,13242,HMSI',AMEX,0.04,0.04,0,0,Home Security Intl Inc,0,0,0
20020206,13242,HMSI',AMEX,0.04,0.04,0,0,Home Security Intl Inc,0,0,0
20020207,13242,HMSI',AMEX,0.04,0.04,0,0,Home Security Intl Inc,0,0,0
20020208,13242,HMSI',AMEX,0.04,0.04,0,0,Home Security Intl Inc,0,0,0
20020211,13242,HMSI',AMEX,0.04,0.04,0,0,Home Security Intl Inc,0,0,0
20020212,13242,HMSI',AMEX,0.04,0.04,4,0,Home Security Intl Inc,0,0,0
20020213,13242,HMSI',AMEX,0.04,0.04,0,0,Home Security Intl Inc,0,0,0
20020214,13242,HMSI',AMEX,0.04,0.04,100,0,Home Security Intl Inc,0,0,0
20020215,13242,HMSI',AMEX,0.04,0.04,0,0,Home Security Intl Inc,0,0,0
20020219,13242,HMSI',AMEX,0.04,0.04,5,0,Home Security Intl Inc,0,0,0
20020220,13242,HMSI',AMEX,0.04,0.04,100,0,Home Security Intl Inc,0,0,0
20020221,13242,HMSI',AMEX,0.04,0.04,0,0,Home Security Intl Inc,0,0,0
20020222,13242,HMSI',AMEX,0.03,0.03,6,0,Home Security Intl Inc,0,0,0
20020225,13242,HMSI',AMEX,0.03,0.03,0,0,Home Security Intl Inc,0,0,0
20020226,13242,HMSI',AMEX,0.03,0.03,0,0,Home Security Intl Inc,0,0,0
20020227,13242,HMSI',AMEX,0.03,0.03,0,0,Home Security Intl Inc,0,0,0
20020228,13242,HMSI',AMEX,0.03,0.03,4,0,Home Security Intl Inc,0,0,0
20020301,13242,HMSI',AMEX,0.03,0.03,0,0,Home Security Intl Inc,0,0,0
20020304,13242,HMSI',AMEX,0.03,0.03,0,0,Home Security Intl Inc,0,0,0
20020305,13242,HMSI',AMEX,0.03,0.03,0,0,Home Security Intl Inc,0,0,0
20020306,13242,HMSI',AMEX,0.03,0.03,0,0,Home Security Intl Inc,0,0,0
20020307,13242,HMSI',AMEX,0.03,0.03,0,0,Home Security Intl Inc,0,0,0
20020308,13242,HMSI',AMEX,0.03,0.03,0,0,Home Security Intl Inc,0,0,0
20020311,13242,HMSI',AMEX,0.03,0.03,0,0,Home Security Intl Inc,0,0,0
20020312,13242,HMSI',AMEX,0.03,0.03,0,0,Home Security Intl Inc,0,0,0
20020313,13242,HMSI',AMEX,0.03,0.03,0,0,Home Security Intl Inc,0,0,0
20020314,13242,HMSI',AMEX,0.03,0.03,0,0,Home Security Intl Inc,0,0,0
20020315,13242,HMSI',AMEX,0.03,0.03,0,0,Home Security Intl Inc,0,0,0
20020318,13242,HMSI',AMEX,0.04,0.04,178,0,Home Security Intl Inc,0,0,0
20020319,13242,HMSI',AMEX,0.04,0.04,0,0,Home Security Intl Inc,0,0,0
20020320,13242,HMSI',AMEX,0.03,0.03,5,0,Home Security Intl Inc,0,0,0
20020321,13242,HMSI',AMEX,0.03,0.03,50,0,Home Security Intl Inc,0,0,0
