DDate,CSINumber,Symbol,Exchange,DClose,UnAdjustedClose,TotalVolume,Cash,MarketName,PTB,PSR,DPS
19970701,31391,LBMTE',OTC,2.75,2.75,1069,0,Liberty Mint Ltd,0,0,0
19970702,31391,LBMTE',OTC,2.84375,2.84375,968,0,Liberty Mint Ltd,0,0,0
19970703,31391,LBMTE',OTC,2.5625,2.5625,797,0,Liberty Mint Ltd,0,0,0
19970707,31391,LBMTE',OTC,2.75,2.75,59,0,Liberty Mint Ltd,0,0,0
19970708,31391,LBMTE',OTC,2.75,2.75,61,0,Liberty Mint Ltd,0,0,0
19970709,31391,LBMTE',OTC,2.875,2.875,89,0,Liberty Mint Ltd,0,0,0
19970710,31391,LBMTE',OTC,2.875,2.875,316,0,Liberty Mint Ltd,0,0,0
19970711,31391,LBMTE',OTC,2.875,2.875,28,0,Liberty Mint Ltd,0,0,0
19970714,31391,LBMTE',OTC,2.875,2.875,172,0,Liberty Mint Ltd,0,0,0
19970715,31391,LBMTE',OTC,2.75,2.75,145,0,Liberty Mint Ltd,0,0,0
19970716,31391,LBMTE',OTC,2.703125,2.703125,161,0,Liberty Mint Ltd,0,0,0
19970717,31391,LBMTE',OTC,2.625,2.625,173,0,Liberty Mint Ltd,0,0,0
19970718,31391,LBMTE',OTC,2.75,2.75,151,0,Liberty Mint Ltd,0,0,0
19970721,31391,LBMTE',OTC,2.703125,2.703125,127,0,Liberty Mint Ltd,0,0,0
19970722,31391,LBMTE',OTC,2.75,2.75,170,0,Liberty Mint Ltd,0,0,0
19970723,31391,LBMTE',OTC,2.75,2.75,58,0,Liberty Mint Ltd,0,0,0
19970724,31391,LBMTE',OTC,2.625,2.625,30,0,Liberty Mint Ltd,0,0,0
19970725,31391,LBMTE',OTC,2.625,2.625,204,0,Liberty Mint Ltd,0,0,0
19970728,31391,LBMTE',OTC,2.75,2.75,43,0,Liberty Mint Ltd,0,0,0
19970729,31391,LBMTE',OTC,2.75,2.75,43,0,Liberty Mint Ltd,0,0,0
19970730,31391,LBMTE',OTC,2.75,2.75,59,0,Liberty Mint Ltd,0,0,0
19970731,31391,LBMTE',OTC,2.75,2.75,0,0,Liberty Mint Ltd,0,0,0
19970801,31391,LBMTE',OTC,2.75,2.75,189,0,Liberty Mint Ltd,0,0,0
19970804,31391,LBMTE',OTC,2.75,2.75,167,0,Liberty Mint Ltd,0,0,0
19970805,31391,LBMTE',OTC,2.625,2.625,30,0,Liberty Mint Ltd,0,0,0
19970806,31391,LBMTE',OTC,2.71875,2.71875,10,0,Liberty Mint Ltd,0,0,0
19970807,31391,LBMTE',OTC,2.625,2.625,10,0,Liberty Mint Ltd,0,0,0
19970808,31391,LBMTE',OTC,2.625,2.625,35,0,Liberty Mint Ltd,0,0,0
19970811,31391,LBMTE',OTC,2.625,2.625,6,0,Liberty Mint Ltd,0,0,0
19970812,31391,LBMTE',OTC,2.65625,2.65625,18,0,Liberty Mint Ltd,0,0,0
19970813,31391,LBMTE',OTC,2.625,2.625,36,0,Liberty Mint Ltd,0,0,0
19970814,31391,LBMTE',OTC,2.625,2.625,0,0,Liberty Mint Ltd,0,0,0
19970815,31391,LBMTE',OTC,2.625,2.625,12,0,Liberty Mint Ltd,0,0,0
19970818,31391,LBMTE',OTC,2.625,2.625,10,0,Liberty Mint Ltd,0,0,0
19970819,31391,LBMTE',OTC,2.625,2.625,62,0,Liberty Mint Ltd,0,0,0
19970820,31391,LBMTE',OTC,2.625,2.625,0,0,Liberty Mint Ltd,0,0,0
19970821,31391,LBMTE',OTC,2.625,2.625,0,0,Liberty Mint Ltd,0,0,0
19970822,31391,LBMTE',OTC,2.71875,2.71875,5,0,Liberty Mint Ltd,0,0,0
19970825,31391,LBMTE',OTC,2.71875,2.71875,0,0,Liberty Mint Ltd,0,0,0
19970826,31391,LBMTE',OTC,2.625,2.625,1,0,Liberty Mint Ltd,0,0,0
19970827,31391,LBMTE',OTC,2.625,2.625,39,0,Liberty Mint Ltd,0,0,0
19970828,31391,LBMTE',OTC,2.625,2.625,0,0,Liberty Mint Ltd,0,0,0
19970829,31391,LBMTE',OTC,2.71875,2.71875,94,0,Liberty Mint Ltd,0,0,0
19970902,31391,LBMTE',OTC,2.71875,2.71875,0,0,Liberty Mint Ltd,0,0,0
19970903,31391,LBMTE',OTC,2.71875,2.71875,50,0,Liberty Mint Ltd,0,0,0
19970904,31391,LBMTE',OTC,2.625,2.625,60,0,Liberty Mint Ltd,0,0,0
19970905,31391,LBMTE',OTC,2.71875,2.71875,11,0,Liberty Mint Ltd,0,0,0
19970908,31391,LBMTE',OTC,2.71875,2.71875,411,0,Liberty Mint Ltd,0,0,0
19970909,31391,LBMTE',OTC,2.71875,2.71875,271,0,Liberty Mint Ltd,0,0,0
19970910,31391,LBMTE',OTC,2.703125,2.703125,308,0,Liberty Mint Ltd,0,0,0
19970911,31391,LBMTE',OTC,2.71875,2.71875,168,0,Liberty Mint Ltd,0,0,0
19970912,31391,LBMTE',OTC,2.6875,2.6875,1,0,Liberty Mint Ltd,0,0,0
19970915,31391,LBMTE',OTC,2.703125,2.703125,195,0,Liberty Mint Ltd,0,0,0
19970916,31391,LBMTE',OTC,2.71875,2.71875,161,0,Liberty Mint Ltd,0,0,0
19970917,31391,LBMTE',OTC,2.71875,2.71875,8,0,Liberty Mint Ltd,0,0,0
19970918,31391,LBMTE',OTC,2.6875,2.6875,279,0,Liberty Mint Ltd,0,0,0
19970919,31391,LBMTE',OTC,2.6875,2.6875,181,0,Liberty Mint Ltd,0,0,0
19970922,31391,LBMTE',OTC,2.71875,2.71875,62,0,Liberty Mint Ltd,0,0,0
19970923,31391,LBMTE',OTC,2.75,2.75,249,0,Liberty Mint Ltd,0,0,0
19970924,31391,LBMTE',OTC,2.75,2.75,149,0,Liberty Mint Ltd,0,0,0
19970925,31391,LBMTE',OTC,2.71875,2.71875,279,0,Liberty Mint Ltd,0,0,0
19970926,31391,LBMTE',OTC,2.6875,2.6875,248,0,Liberty Mint Ltd,0,0,0
19970929,31391,LBMTE',OTC,2.78125,2.78125,286,0,Liberty Mint Ltd,0,0,0
19970930,31391,LBMTE',OTC,2.75,2.75,299,0,Liberty Mint Ltd,0,0,0
19971001,31391,LBMTE',OTC,2.75,2.75,398,0,Liberty Mint Ltd,0,0,0
19971002,31391,LBMTE',OTC,2.75,2.75,259,0,Liberty Mint Ltd,0,0,0
19971003,31391,LBMTE',OTC,2.625,2.625,493,0,Liberty Mint Ltd,0,0,0
19971006,31391,LBMTE',OTC,2.71875,2.71875,277,0,Liberty Mint Ltd,0,0,0
19971007,31391,LBMTE',OTC,2.71875,2.71875,126,0,Liberty Mint Ltd,0,0,0
19971008,31391,LBMTE',OTC,2.71875,2.71875,199,0,Liberty Mint Ltd,0,0,0
19971009,31391,LBMTE',OTC,2.65625,2.65625,81,0,Liberty Mint Ltd,0,0,0
19971010,31391,LBMTE',OTC,2.6875,2.6875,215,0,Liberty Mint Ltd,0,0,0
19971013,31391,LBMTE',OTC,2.6875,2.6875,329,0,Liberty Mint Ltd,0,0,0
19971014,31391,LBMTE',OTC,2.71875,2.71875,241,0,Liberty Mint Ltd,0,0,0
19971015,31391,LBMTE',OTC,2.71875,2.71875,184,0,Liberty Mint Ltd,0,0,0
19971016,31391,LBMTE',OTC,2.65625,2.65625,131,0,Liberty Mint Ltd,0,0,0
19971017,31391,LBMTE',OTC,2.71875,2.71875,5,0,Liberty Mint Ltd,0,0,0
19971020,31391,LBMTE',OTC,2.65625,2.65625,56,0,Liberty Mint Ltd,0,0,0
19971021,31391,LBMTE',OTC,2.6875,2.6875,171,0,Liberty Mint Ltd,0,0,0
19971022,31391,LBMTE',OTC,2.6875,2.6875,65,0,Liberty Mint Ltd,0,0,0
19971023,31391,LBMTE',OTC,2.6875,2.6875,27,0,Liberty Mint Ltd,0,0,0
19971024,31391,LBMTE',OTC,2.65625,2.65625,24,0,Liberty Mint Ltd,0,0,0
19971027,31391,LBMTE',OTC,2.65625,2.65625,39,0,Liberty Mint Ltd,0,0,0
19971028,31391,LBMTE',OTC,2.65625,2.65625,24,0,Liberty Mint Ltd,0,0,0
19971029,31391,LBMTE',OTC,2.53125,2.53125,15,0,Liberty Mint Ltd,0,0,0
19971030,31391,LBMTE',OTC,2.65625,2.65625,17,0,Liberty Mint Ltd,0,0,0
19971031,31391,LBMTE',OTC,2.625,2.625,45,0,Liberty Mint Ltd,0,0,0
19971103,31391,LBMTE',OTC,2.625,2.625,40,0,Liberty Mint Ltd,0,0,0
19971104,31391,LBMTE',OTC,2.40625,2.40625,57,0,Liberty Mint Ltd,0,0,0
19971105,31391,LBMTE',OTC,2.5625,2.5625,23,0,Liberty Mint Ltd,0,0,0
19971106,31391,LBMTE',OTC,2.5,2.5,209,0,Liberty Mint Ltd,0,0,0
19971107,31391,LBMTE',OTC,2.5625,2.5625,106,0,Liberty Mint Ltd,0,0,0
19971110,31391,LBMTE',OTC,2.4375,2.4375,144,0,Liberty Mint Ltd,0,0,0
19971111,31391,LBMTE',OTC,2.4375,2.4375,23,0,Liberty Mint Ltd,0,0,0
19971112,31391,LBMTE',OTC,2.4375,2.4375,1,0,Liberty Mint Ltd,0,0,0
19971113,31391,LBMTE',OTC,2.5,2.5,88,0,Liberty Mint Ltd,0,0,0
19971114,31391,LBMTE',OTC,2.5,2.5,5,0,Liberty Mint Ltd,0,0,0
19971117,31391,LBMTE',OTC,2.5,2.5,23,0,Liberty Mint Ltd,0,0,0
19971118,31391,LBMTE',OTC,2.3125,2.3125,1,0,Liberty Mint Ltd,0,0,0
19971119,31391,LBMTE',OTC,2.3125,2.3125,0,0,Liberty Mint Ltd,0,0,0
19971120,31391,LBMTE',OTC,2.3125,2.3125,0,0,Liberty Mint Ltd,0,0,0
19971121,31391,LBMTE',OTC,2.3125,2.3125,23,0,Liberty Mint Ltd,0,0,0
19971124,31391,LBMTE',OTC,2.46875,2.46875,10,0,Liberty Mint Ltd,0,0,0
19971125,31391,LBMTE',OTC,2.40625,2.40625,21,0,Liberty Mint Ltd,0,0,0
19971126,31391,LBMTE',OTC,2.40625,2.40625,0,0,Liberty Mint Ltd,0,0,0
19971128,31391,LBMTE',OTC,2.40625,2.40625,0,0,Liberty Mint Ltd,0,0,0
19971201,31391,LBMTE',OTC,2.40625,2.40625,95,0,Liberty Mint Ltd,0,0,0
19971202,31391,LBMTE',OTC,2.40625,2.40625,0,0,Liberty Mint Ltd,0,0,0
19971203,31391,LBMTE',OTC,2.40625,2.40625,0,0,Liberty Mint Ltd,0,0,0
19971204,31391,LBMTE',OTC,2.40625,2.40625,0,0,Liberty Mint Ltd,0,0,0
19971205,31391,LBMTE',OTC,2.40625,2.40625,0,0,Liberty Mint Ltd,0,0,0
19971208,31391,LBMTE',OTC,2.375,2.375,11,0,Liberty Mint Ltd,0,0,0
19971209,31391,LBMTE',OTC,2.15625,2.15625,11,0,Liberty Mint Ltd,0,0,0
19971210,31391,LBMTE',OTC,2.15625,2.15625,10,0,Liberty Mint Ltd,0,0,0
19971211,31391,LBMTE',OTC,2.375,2.375,1,0,Liberty Mint Ltd,0,0,0
19971212,31391,LBMTE',OTC,2.09375,2.09375,24,0,Liberty Mint Ltd,0,0,0
19971215,31391,LBMTE',OTC,2.09375,2.09375,3,0,Liberty Mint Ltd,0,0,0
19971216,31391,LBMTE',OTC,2.09375,2.09375,0,0,Liberty Mint Ltd,0,0,0
19971217,31391,LBMTE',OTC,2.09375,2.09375,3,0,Liberty Mint Ltd,0,0,0
19971218,31391,LBMTE',OTC,2.09375,2.09375,0,0,Liberty Mint Ltd,0,0,0
19971219,31391,LBMTE',OTC,2.09375,2.09375,0,0,Liberty Mint Ltd,0,0,0
19971222,31391,LBMTE',OTC,2.09375,2.09375,0,0,Liberty Mint Ltd,0,0,0
19971223,31391,LBMTE',OTC,2.15625,2.15625,67,0,Liberty Mint Ltd,0,0,0
19971224,31391,LBMTE',OTC,2.15625,2.15625,0,0,Liberty Mint Ltd,0,0,0
19971226,31391,LBMTE',OTC,2.15625,2.15625,0,0,Liberty Mint Ltd,0,0,0
19971229,31391,LBMTE',OTC,2.15625,2.15625,0,0,Liberty Mint Ltd,0,0,0
19971230,31391,LBMTE',OTC,2.15625,2.15625,0,0,Liberty Mint Ltd,0,0,0
19971231,31391,LBMTE',OTC,2.15625,2.15625,11,0,Liberty Mint Ltd,0,0,0
19980102,31391,LBMTE',OTC,2.15625,2.15625,0,0,Liberty Mint Ltd,0,0,0
19980105,31391,LBMTE',OTC,2.15625,2.15625,0,0,Liberty Mint Ltd,0,0,0
19980106,31391,LBMTE',OTC,2.15625,2.15625,0,0,Liberty Mint Ltd,0,0,0
19980107,31391,LBMTE',OTC,2,2,58,0,Liberty Mint Ltd,0,0,0
19980108,31391,LBMTE',OTC,1.9375,1.9375,30,0,Liberty Mint Ltd,0,0,0
19980109,31391,LBMTE',OTC,1.9375,1.9375,0,0,Liberty Mint Ltd,0,0,0
19980112,31391,LBMTE',OTC,1.9375,1.9375,0,0,Liberty Mint Ltd,0,0,0
19980113,31391,LBMTE',OTC,1.9375,1.9375,0,0,Liberty Mint Ltd,0,0,0
19980114,31391,LBMTE',OTC,1.9375,1.9375,0,0,Liberty Mint Ltd,0,0,0
19980115,31391,LBMTE',OTC,1.9375,1.9375,20,0,Liberty Mint Ltd,0,0,0
19980116,31391,LBMTE',OTC,2.125,2.125,19,0,Liberty Mint Ltd,0,0,0
19980120,31391,LBMTE',OTC,2.125,2.125,0,0,Liberty Mint Ltd,0,0,0
19980121,31391,LBMTE',OTC,2.125,2.125,0,0,Liberty Mint Ltd,0,0,0
19980122,31391,LBMTE',OTC,2,2,10,0,Liberty Mint Ltd,0,0,0
19980123,31391,LBMTE',OTC,2,2,0,0,Liberty Mint Ltd,0,0,0
19980126,31391,LBMTE',OTC,1.9375,1.9375,5,0,Liberty Mint Ltd,0,0,0
19980127,31391,LBMTE',OTC,1.9375,1.9375,0,0,Liberty Mint Ltd,0,0,0
19980128,31391,LBMTE',OTC,1.9375,1.9375,0,0,Liberty Mint Ltd,0,0,0
19980129,31391,LBMTE',OTC,1.875,1.875,253,0,Liberty Mint Ltd,0,0,0
19980130,31391,LBMTE',OTC,1.875,1.875,87,0,Liberty Mint Ltd,0,0,0
19980202,31391,LBMTE',OTC,1.875,1.875,5,0,Liberty Mint Ltd,0,0,0
19980203,31391,LBMTE',OTC,1.96875,1.96875,10,0,Liberty Mint Ltd,0,0,0
19980204,31391,LBMTE',OTC,1.96875,1.96875,0,0,Liberty Mint Ltd,0,0,0
19980205,31391,LBMTE',OTC,1.875,1.875,33,0,Liberty Mint Ltd,0,0,0
19980206,31391,LBMTE',OTC,1.875,1.875,0,0,Liberty Mint Ltd,0,0,0
19980209,31391,LBMTE',OTC,1.875,1.875,0,0,Liberty Mint Ltd,0,0,0
19980210,31391,LBMTE',OTC,1.875,1.875,0,0,Liberty Mint Ltd,0,0,0
19980211,31391,LBMTE',OTC,1.875,1.875,40,0,Liberty Mint Ltd,0,0,0
19980212,31391,LBMTE',OTC,1.875,1.875,100,0,Liberty Mint Ltd,0,0,0
19980213,31391,LBMTE',OTC,2.125,2.125,56,0,Liberty Mint Ltd,0,0,0
19980217,31391,LBMTE',OTC,2,2,31,0,Liberty Mint Ltd,0,0,0
19980218,31391,LBMTE',OTC,2,2,0,0,Liberty Mint Ltd,0,0,0
19980219,31391,LBMTE',OTC,2,2,67,0,Liberty Mint Ltd,0,0,0
19980220,31391,LBMTE',OTC,1.875,1.875,20,0,Liberty Mint Ltd,0,0,0
19980223,31391,LBMTE',OTC,1.875,1.875,0,0,Liberty Mint Ltd,0,0,0
19980224,31391,LBMTE',OTC,2.09375,2.09375,145,0,Liberty Mint Ltd,0,0,0
19980225,31391,LBMTE',OTC,2.09375,2.09375,0,0,Liberty Mint Ltd,0,0,0
19980226,31391,LBMTE',OTC,2.09375,2.09375,0,0,Liberty Mint Ltd,0,0,0
19980227,31391,LBMTE',OTC,2.09375,2.09375,0,0,Liberty Mint Ltd,0,0,0
19980302,31391,LBMTE',OTC,2.25,2.25,34,0,Liberty Mint Ltd,0,0,0
19980303,31391,LBMTE',OTC,2.3125,2.3125,91,0,Liberty Mint Ltd,0,0,0
19980304,31391,LBMTE',OTC,2.3125,2.3125,79,0,Liberty Mint Ltd,0,0,0
19980305,31391,LBMTE',OTC,2.4375,2.4375,342,0,Liberty Mint Ltd,0,0,0
19980306,31391,LBMTE',OTC,2.375,2.375,417,0,Liberty Mint Ltd,0,0,0
19980309,31391,LBMTE',OTC,2.4375,2.4375,115,0,Liberty Mint Ltd,0,0,0
19980310,31391,LBMTE',OTC,2.4375,2.4375,92,0,Liberty Mint Ltd,0,0,0
19980311,31391,LBMTE',OTC,2.375,2.375,261,0,Liberty Mint Ltd,0,0,0
19980312,31391,LBMTE',OTC,2.46875,2.46875,286,0,Liberty Mint Ltd,0,0,0
19980313,31391,LBMTE',OTC,2.46875,2.46875,344,0,Liberty Mint Ltd,0,0,0
19980316,31391,LBMTE',OTC,2.453125,2.453125,209,0,Liberty Mint Ltd,0,0,0
19980317,31391,LBMTE',OTC,2.5,2.5,115,0,Liberty Mint Ltd,0,0,0
19980318,31391,LBMTE',OTC,2.5,2.5,27,0,Liberty Mint Ltd,0,0,0
19980319,31391,LBMTE',OTC,2.5,2.5,103,0,Liberty Mint Ltd,0,0,0
19980320,31391,LBMTE',OTC,2.5,2.5,100,0,Liberty Mint Ltd,0,0,0
19980323,31391,LBMTE',OTC,2.3125,2.3125,110,0,Liberty Mint Ltd,0,0,0
19980324,31391,LBMTE',OTC,2.1875,2.1875,52,0,Liberty Mint Ltd,0,0,0
19980325,31391,LBMTE',OTC,2.203125,2.203125,50,0,Liberty Mint Ltd,0,0,0
19980326,31391,LBMTE',OTC,2.328125,2.328125,20,0,Liberty Mint Ltd,0,0,0
19980327,31391,LBMTE',OTC,2.328125,2.328125,121,0,Liberty Mint Ltd,0,0,0
19980330,31391,LBMTE',OTC,2.328125,2.328125,15,0,Liberty Mint Ltd,0,0,0
19980331,31391,LBMTE',OTC,2.125,2.125,93,0,Liberty Mint Ltd,0,0,0
19980401,31391,LBMTE',OTC,2.328125,2.328125,51,0,Liberty Mint Ltd,0,0,0
19980402,31391,LBMTE',OTC,2,2,30,0,Liberty Mint Ltd,0,0,0
19980403,31391,LBMTE',OTC,2.328125,2.328125,40,0,Liberty Mint Ltd,0,0,0
19980406,31391,LBMTE',OTC,2.328125,2.328125,25,0,Liberty Mint Ltd,0,0,0
19980407,31391,LBMTE',OTC,2,2,27,0,Liberty Mint Ltd,0,0,0
19980408,31391,LBMTE',OTC,2.328125,2.328125,10,0,Liberty Mint Ltd,0,0,0
19980409,31391,LBMTE',OTC,2,2,11,0,Liberty Mint Ltd,0,0,0
19980413,31391,LBMTE',OTC,2,2,99,0,Liberty Mint Ltd,0,0,0
19980414,31391,LBMTE',OTC,2,2,0,0,Liberty Mint Ltd,0,0,0
19980415,31391,LBMTE',OTC,2,2,0,0,Liberty Mint Ltd,0,0,0
19980416,31391,LBMTE',OTC,2.296875,2.296875,12,0,Liberty Mint Ltd,0,0,0
19980417,31391,LBMTE',OTC,2.296875,2.296875,46,0,Liberty Mint Ltd,0,0,0
19980420,31391,LBMTE',OTC,2.296875,2.296875,3,0,Liberty Mint Ltd,0,0,0
19980421,31391,LBMTE',OTC,2,2,2,0,Liberty Mint Ltd,0,0,0
19980422,31391,LBMTE',OTC,2,2,0,0,Liberty Mint Ltd,0,0,0
19980423,31391,LBMTE',OTC,2,2,10,0,Liberty Mint Ltd,0,0,0
19980424,31391,LBMTE',OTC,2,2,0,0,Liberty Mint Ltd,0,0,0
19980427,31391,LBMTE',OTC,2.3125,2.3125,5,0,Liberty Mint Ltd,0,0,0
19980428,31391,LBMTE',OTC,2,2,1,0,Liberty Mint Ltd,0,0,0
19980429,31391,LBMTE',OTC,2,2,46,0,Liberty Mint Ltd,0,0,0
19980430,31391,LBMTE',OTC,1.9375,1.9375,234,0,Liberty Mint Ltd,0,0,0
19980501,31391,LBMTE',OTC,2,2,95,0,Liberty Mint Ltd,0,0,0
19980504,31391,LBMTE',OTC,2,2,0,0,Liberty Mint Ltd,0,0,0
19980505,31391,LBMTE',OTC,2,2,0,0,Liberty Mint Ltd,0,0,0
19980506,31391,LBMTE',OTC,2.1875,2.1875,14,0,Liberty Mint Ltd,0,0,0
19980507,31391,LBMTE',OTC,2.1875,2.1875,0,0,Liberty Mint Ltd,0,0,0
19980508,31391,LBMTE',OTC,1.921875,1.921875,88,0,Liberty Mint Ltd,0,0,0
19980511,31391,LBMTE',OTC,1.921875,1.921875,0,0,Liberty Mint Ltd,0,0,0
19980512,31391,LBMTE',OTC,2.1875,2.1875,22,0,Liberty Mint Ltd,0,0,0
19980513,31391,LBMTE',OTC,2,2,40,0,Liberty Mint Ltd,0,0,0
19980514,31391,LBMTE',OTC,2,2,0,0,Liberty Mint Ltd,0,0,0
19980515,31391,LBMTE',OTC,2,2,0,0,Liberty Mint Ltd,0,0,0
19980518,31391,LBMTE',OTC,1.875,1.875,10,0,Liberty Mint Ltd,0,0,0
19980519,31391,LBMTE',OTC,2.125,2.125,15,0,Liberty Mint Ltd,0,0,0
19980520,31391,LBMTE',OTC,2.125,2.125,0,0,Liberty Mint Ltd,0,0,0
19980521,31391,LBMTE',OTC,1.875,1.875,23,0,Liberty Mint Ltd,0,0,0
19980522,31391,LBMTE',OTC,2.125,2.125,49,0,Liberty Mint Ltd,0,0,0
19980526,31391,LBMTE',OTC,1.875,1.875,10,0,Liberty Mint Ltd,0,0,0
19980527,31391,LBMTE',OTC,1.875,1.875,0,0,Liberty Mint Ltd,0,0,0
19980528,31391,LBMTE',OTC,1.875,1.875,0,0,Liberty Mint Ltd,0,0,0
19980529,31391,LBMTE',OTC,1.875,1.875,0,0,Liberty Mint Ltd,0,0,0
19980601,31391,LBMTE',OTC,1.8125,1.8125,30,0,Liberty Mint Ltd,0,0,0
19980602,31391,LBMTE',OTC,1.796875,1.796875,0,0,Liberty Mint Ltd,0,0,0
19980603,31391,LBMTE',OTC,2,2,12,0,Liberty Mint Ltd,0,0,0
19980604,31391,LBMTE',OTC,2,2,0,0,Liberty Mint Ltd,0,0,0
19980605,31391,LBMTE',OTC,1.8125,1.8125,20,0,Liberty Mint Ltd,0,0,0
19980608,31391,LBMTE',OTC,1.8125,1.8125,0,0,Liberty Mint Ltd,0,0,0
19980609,31391,LBMTE',OTC,1.8125,1.8125,0,0,Liberty Mint Ltd,0,0,0
19980610,31391,LBMTE',OTC,1.8125,1.8125,35,0,Liberty Mint Ltd,0,0,0
19980611,31391,LBMTE',OTC,1.6875,1.6875,54,0,Liberty Mint Ltd,0,0,0
19980612,31391,LBMTE',OTC,1.25,1.25,45,0,Liberty Mint Ltd,0,0,0
19980615,31391,LBMTE',OTC,1.25,1.25,0,0,Liberty Mint Ltd,0,0,0
19980616,31391,LBMTE',OTC,1.1875,1.1875,64,0,Liberty Mint Ltd,0,0,0
19980617,31391,LBMTE',OTC,1.1875,1.1875,0,0,Liberty Mint Ltd,0,0,0
19980618,31391,LBMTE',OTC,1.1875,1.1875,0,0,Liberty Mint Ltd,0,0,0
19980619,31391,LBMTE',OTC,1.1875,1.1875,0,0,Liberty Mint Ltd,0,0,0
19980622,31391,LBMTE',OTC,1.125,1.125,20,0,Liberty Mint Ltd,0,0,0
19980623,31391,LBMTE',OTC,1.125,1.125,0,0,Liberty Mint Ltd,0,0,0
19980624,31391,LBMTE',OTC,0.75,0.75,55,0,Liberty Mint Ltd,0,0,0
19980625,31391,LBMTE',OTC,0.625,0.625,5,0,Liberty Mint Ltd,0,0,0
19980626,31391,LBMTE',OTC,0.953125,0.953125,2,0,Liberty Mint Ltd,0,0,0
19980629,31391,LBMTE',OTC,0.5625,0.5625,50,0,Liberty Mint Ltd,0,0,0
19980630,31391,LBMTE',OTC,0.625,0.625,13,0,Liberty Mint Ltd,0,0,0
19980701,31391,LBMTE',OTC,0.625,0.625,0,0,Liberty Mint Ltd,0,0,0
19980702,31391,LBMTE',OTC,1.03125,1.03125,30,0,Liberty Mint Ltd,0,0,0
19980706,31391,LBMTE',OTC,1,1,42,0,Liberty Mint Ltd,0,0,0
19980707,31391,LBMTE',OTC,0.71875,0.71875,52,0,Liberty Mint Ltd,0,0,0
19980708,31391,LBMTE',OTC,0.875,0.875,5,0,Liberty Mint Ltd,0,0,0
19980709,31391,LBMTE',OTC,0.5625,0.5625,2,0,Liberty Mint Ltd,0,0,0
19980710,31391,LBMTE',OTC,0.5625,0.5625,5,0,Liberty Mint Ltd,0,0,0
19980713,31391,LBMTE',OTC,0.5625,0.5625,0,0,Liberty Mint Ltd,0,0,0
19980714,31391,LBMTE',OTC,0.5625,0.5625,0,0,Liberty Mint Ltd,0,0,0
19980715,31391,LBMTE',OTC,0.5625,0.5625,50,0,Liberty Mint Ltd,0,0,0
19980716,31391,LBMTE',OTC,0.5625,0.5625,3,0,Liberty Mint Ltd,0,0,0
19980717,31391,LBMTE',OTC,0.546875,0.546875,1,0,Liberty Mint Ltd,0,0,0
19980720,31391,LBMTE',OTC,0.5625,0.5625,0,0,Liberty Mint Ltd,0,0,0
19980721,31391,LBMTE',OTC,0.625,0.625,63,0,Liberty Mint Ltd,0,0,0
19980722,31391,LBMTE',OTC,0.546875,0.546875,3,0,Liberty Mint Ltd,0,0,0
19980723,31391,LBMTE',OTC,0.5625,0.5625,1,0,Liberty Mint Ltd,0,0,0
19980724,31391,LBMTE',OTC,0.5625,0.5625,0,0,Liberty Mint Ltd,0,0,0
19980727,31391,LBMTE',OTC,0.5625,0.5625,40,0,Liberty Mint Ltd,0,0,0
19980728,31391,LBMTE',OTC,0.5625,0.5625,31,0,Liberty Mint Ltd,0,0,0
19980729,31391,LBMTE',OTC,0.75,0.75,30,0,Liberty Mint Ltd,0,0,0
19980730,31391,LBMTE',OTC,0.75,0.75,0,0,Liberty Mint Ltd,0,0,0
19980731,31391,LBMTE',OTC,0.5625,0.5625,25,0,Liberty Mint Ltd,0,0,0
19980803,31391,LBMTE',OTC,0.5625,0.5625,0,0,Liberty Mint Ltd,0,0,0
19980804,31391,LBMTE',OTC,0.5625,0.5625,5,0,Liberty Mint Ltd,0,0,0
19980805,31391,LBMTE',OTC,0.5625,0.5625,0,0,Liberty Mint Ltd,0,0,0
19980806,31391,LBMTE',OTC,0.5625,0.5625,0,0,Liberty Mint Ltd,0,0,0
19980807,31391,LBMTE',OTC,0.5625,0.5625,0,0,Liberty Mint Ltd,0,0,0
19980810,31391,LBMTE',OTC,0.546875,0.546875,22,0,Liberty Mint Ltd,0,0,0
19980811,31391,LBMTE',OTC,0.671875,0.671875,75,0,Liberty Mint Ltd,0,0,0
19980812,31391,LBMTE',OTC,0.53125,0.53125,10,0,Liberty Mint Ltd,0,0,0
19980813,31391,LBMTE',OTC,0.515625,0.515625,0,0,Liberty Mint Ltd,0,0,0
19980814,31391,LBMTE',OTC,0.53125,0.53125,0,0,Liberty Mint Ltd,0,0,0
19980817,31391,LBMTE',OTC,0.515625,0.515625,46,0,Liberty Mint Ltd,0,0,0
19980818,31391,LBMTE',OTC,0.46875,0.46875,3,0,Liberty Mint Ltd,0,0,0
19980819,31391,LBMTE',OTC,0.46875,0.46875,0,0,Liberty Mint Ltd,0,0,0
19980820,31391,LBMTE',OTC,0.453125,0.453125,10,0,Liberty Mint Ltd,0,0,0
19980821,31391,LBMTE',OTC,0.46875,0.46875,0,0,Liberty Mint Ltd,0,0,0
19980824,31391,LBMTE',OTC,0.46875,0.46875,0,0,Liberty Mint Ltd,0,0,0
19980825,31391,LBMTE',OTC,0.8125,0.8125,10,0,Liberty Mint Ltd,0,0,0
19980826,31391,LBMTE',OTC,0.796875,0.796875,0,0,Liberty Mint Ltd,0,0,0
19980827,31391,LBMTE',OTC,0.8125,0.8125,0,0,Liberty Mint Ltd,0,0,0
19980828,31391,LBMTE',OTC,0.46875,0.46875,8,0,Liberty Mint Ltd,0,0,0
19980831,31391,LBMTE',OTC,0.46875,0.46875,5,0,Liberty Mint Ltd,0,0,0
19980901,31391,LBMTE',OTC,0.46875,0.46875,0,0,Liberty Mint Ltd,0,0,0
19980902,31391,LBMTE',OTC,0.46875,0.46875,0,0,Liberty Mint Ltd,0,0,0
19980903,31391,LBMTE',OTC,0.5,0.5,129,0,Liberty Mint Ltd,0,0,0
19980904,31391,LBMTE',OTC,0.5,0.5,0,0,Liberty Mint Ltd,0,0,0
19980908,31391,LBMTE',OTC,0.4375,0.4375,40,0,Liberty Mint Ltd,0,0,0
19980909,31391,LBMTE',OTC,0.4375,0.4375,0,0,Liberty Mint Ltd,0,0,0
19980910,31391,LBMTE',OTC,0.4375,0.4375,0,0,Liberty Mint Ltd,0,0,0
19980911,31391,LBMTE',OTC,0.4375,0.4375,0,0,Liberty Mint Ltd,0,0,0
19980914,31391,LBMTE',OTC,0.4375,0.4375,0,0,Liberty Mint Ltd,0,0,0
19980915,31391,LBMTE',OTC,0.4375,0.4375,0,0,Liberty Mint Ltd,0,0,0
19980916,31391,LBMTE',OTC,0.4375,0.4375,83,0,Liberty Mint Ltd,0,0,0
19980917,31391,LBMTE',OTC,0.4375,0.4375,0,0,Liberty Mint Ltd,0,0,0
19980918,31391,LBMTE',OTC,0.4375,0.4375,0,0,Liberty Mint Ltd,0,0,0
19980921,31391,LBMTE',OTC,0.3125,0.3125,2,0,Liberty Mint Ltd,0,0,0
19980922,31391,LBMTE',OTC,0.625,0.625,20,0,Liberty Mint Ltd,0,0,0
19980923,31391,LBMTE',OTC,0.453125,0.453125,42,0,Liberty Mint Ltd,0,0,0
19980924,31391,LBMTE',OTC,0.453125,0.453125,0,0,Liberty Mint Ltd,0,0,0
19980925,31391,LBMTE',OTC,0.453125,0.453125,10,0,Liberty Mint Ltd,0,0,0
19980928,31391,LBMTE',OTC,0.75,0.75,16,0,Liberty Mint Ltd,0,0,0
19980929,31391,LBMTE',OTC,0.75,0.75,0,0,Liberty Mint Ltd,0,0,0
19980930,31391,LBMTE',OTC,0.75,0.75,0,0,Liberty Mint Ltd,0,0,0
19981001,31391,LBMTE',OTC,0.75,0.75,0,0,Liberty Mint Ltd,0,0,0
19981002,31391,LBMTE',OTC,0.75,0.75,0,0,Liberty Mint Ltd,0,0,0
19981005,31391,LBMTE',OTC,0.75,0.75,0,0,Liberty Mint Ltd,0,0,0
19981006,31391,LBMTE',OTC,0.40625,0.40625,3,0,Liberty Mint Ltd,0,0,0
19981007,31391,LBMTE',OTC,0.40625,0.40625,0,0,Liberty Mint Ltd,0,0,0
19981008,31391,LBMTE',OTC,0.75,0.75,3,0,Liberty Mint Ltd,0,0,0
19981009,31391,LBMTE',OTC,0.15625,0.15625,481,0,Liberty Mint Ltd,0,0,0
19981012,31391,LBMTE',OTC,0.15625,0.15625,85,0,Liberty Mint Ltd,0,0,0
19981013,31391,LBMTE',OTC,0.15625,0.15625,0,0,Liberty Mint Ltd,0,0,0
19981014,31391,LBMTE',OTC,0.1875,0.1875,25,0,Liberty Mint Ltd,0,0,0
19981015,31391,LBMTE',OTC,0.1875,0.1875,16,0,Liberty Mint Ltd,0,0,0
19981016,31391,LBMTE',OTC,0.1875,0.1875,10,0,Liberty Mint Ltd,0,0,0
19981019,31391,LBMTE',OTC,0.1875,0.1875,20,0,Liberty Mint Ltd,0,0,0
19981020,31391,LBMTE',OTC,0.0625,0.0625,92,0,Liberty Mint Ltd,0,0,0
19981021,31391,LBMTE',OTC,0.0625,0.0625,0,0,Liberty Mint Ltd,0,0,0
19981022,31391,LBMTE',OTC,0.0625,0.0625,0,0,Liberty Mint Ltd,0,0,0
19981023,31391,LBMTE',OTC,0.0625,0.0625,5,0,Liberty Mint Ltd,0,0,0
19981026,31391,LBMTE',OTC,0.0625,0.0625,0,0,Liberty Mint Ltd,0,0,0
19981027,31391,LBMTE',OTC,0.0625,0.0625,0,0,Liberty Mint Ltd,0,0,0
19981028,31391,LBMTE',OTC,0.0625,0.0625,0,0,Liberty Mint Ltd,0,0,0
19981029,31391,LBMTE',OTC,0.0625,0.0625,0,0,Liberty Mint Ltd,0,0,0
19981030,31391,LBMTE',OTC,0.140625,0.140625,40,0,Liberty Mint Ltd,0,0,0
19981102,31391,LBMTE',OTC,0.296875,0.296875,30,0,Liberty Mint Ltd,0,0,0
19981103,31391,LBMTE',OTC,0.296875,0.296875,0,0,Liberty Mint Ltd,0,0,0
19981104,31391,LBMTE',OTC,0.09375,0.09375,2,0,Liberty Mint Ltd,0,0,0
19981105,31391,LBMTE',OTC,0.09375,0.09375,0,0,Liberty Mint Ltd,0,0,0
19981106,31391,LBMTE',OTC,0.09375,0.09375,63,0,Liberty Mint Ltd,0,0,0
19981109,31391,LBMTE',OTC,0.25,0.25,6,0,Liberty Mint Ltd,0,0,0
19981110,31391,LBMTE',OTC,0.34375,0.34375,40,0,Liberty Mint Ltd,0,0,0
19981111,31391,LBMTE',OTC,0.34375,0.34375,35,0,Liberty Mint Ltd,0,0,0
19981112,31391,LBMTE',OTC,0.34375,0.34375,0,0,Liberty Mint Ltd,0,0,0
19981113,31391,LBMTE',OTC,0.34375,0.34375,0,0,Liberty Mint Ltd,0,0,0
19981116,31391,LBMTE',OTC,0.34375,0.34375,0,0,Liberty Mint Ltd,0,0,0
19981117,31391,LBMTE',OTC,0.09375,0.09375,1,0,Liberty Mint Ltd,0,0,0
19981118,31391,LBMTE',OTC,0.09375,0.09375,0,0,Liberty Mint Ltd,0,0,0
19981119,31391,LBMTE',OTC,0.09375,0.09375,0,0,Liberty Mint Ltd,0,0,0
19981120,31391,LBMTE',OTC,0.34375,0.34375,30,0,Liberty Mint Ltd,0,0,0
19981123,31391,LBMTE',OTC,0.34375,0.34375,0,0,Liberty Mint Ltd,0,0,0
19981124,31391,LBMTE',OTC,0.09375,0.09375,3,0,Liberty Mint Ltd,0,0,0
19981125,31391,LBMTE',OTC,0.125,0.125,120,0,Liberty Mint Ltd,0,0,0
19981127,31391,LBMTE',OTC,0.375,0.375,56,0,Liberty Mint Ltd,0,0,0
19981130,31391,LBMTE',OTC,0.1875,0.1875,23,0,Liberty Mint Ltd,0,0,0
19981201,31391,LBMTE',OTC,0.1875,0.1875,14,0,Liberty Mint Ltd,0,0,0
19981202,31391,LBMTE',OTC,0.1875,0.1875,5,0,Liberty Mint Ltd,0,0,0
19981203,31391,LBMTE',OTC,0.1875,0.1875,30,0,Liberty Mint Ltd,0,0,0
19981204,31391,LBMTE',OTC,0.15625,0.15625,4,0,Liberty Mint Ltd,0,0,0
19981207,31391,LBMTE',OTC,0.15625,0.15625,2,0,Liberty Mint Ltd,0,0,0
19981208,31391,LBMTE',OTC,0.15625,0.15625,12,0,Liberty Mint Ltd,0,0,0
19981209,31391,LBMTE',OTC,0.265625,0.265625,22,0,Liberty Mint Ltd,0,0,0
19981210,31391,LBMTE',OTC,0.15625,0.15625,5,0,Liberty Mint Ltd,0,0,0
19981211,31391,LBMTE',OTC,0.15625,0.15625,32,0,Liberty Mint Ltd,0,0,0
19981214,31391,LBMTE',OTC,0.125,0.125,40,0,Liberty Mint Ltd,0,0,0
19981215,31391,LBMTE',OTC,0.125,0.125,560,0,Liberty Mint Ltd,0,0,0
19981216,31391,LBMTE',OTC,0.125,0.125,40,0,Liberty Mint Ltd,0,0,0
19981217,31391,LBMTE',OTC,0.140625,0.140625,100,0,Liberty Mint Ltd,0,0,0
19981218,31391,LBMTE',OTC,0.0625,0.0625,268,0,Liberty Mint Ltd,0,0,0
19981221,31391,LBMTE',OTC,0.0625,0.0625,90,0,Liberty Mint Ltd,0,0,0
19981222,31391,LBMTE',OTC,0.09375,0.09375,62,0,Liberty Mint Ltd,0,0,0
19981223,31391,LBMTE',OTC,0.09375,0.09375,9,0,Liberty Mint Ltd,0,0,0
19981224,31391,LBMTE',OTC,0.09375,0.09375,0,0,Liberty Mint Ltd,0,0,0
19981228,31391,LBMTE',OTC,0.125,0.125,44,0,Liberty Mint Ltd,0,0,0
19981229,31391,LBMTE',OTC,0.09375,0.09375,17,0,Liberty Mint Ltd,0,0,0
19981230,31391,LBMTE',OTC,0.09375,0.09375,180,0,Liberty Mint Ltd,0,0,0
19981231,31391,LBMTE',OTC,0.15625,0.15625,58,0,Liberty Mint Ltd,0,0,0
19990104,31391,LBMTE',OTC,0.09375,0.09375,5,0,Liberty Mint Ltd,0,0,0
19990105,31391,LBMTE',OTC,0.09375,0.09375,0,0,Liberty Mint Ltd,0,0,0
19990106,31391,LBMTE',OTC,0.09375,0.09375,0,0,Liberty Mint Ltd,0,0,0
19990107,31391,LBMTE',OTC,0.140625,0.140625,4,0,Liberty Mint Ltd,0,0,0
19990108,31391,LBMTE',OTC,0.140625,0.140625,0,0,Liberty Mint Ltd,0,0,0
19990111,31391,LBMTE',OTC,0.140625,0.140625,0,0,Liberty Mint Ltd,0,0,0
19990112,31391,LBMTE',OTC,0.140625,0.140625,0,0,Liberty Mint Ltd,0,0,0
19990113,31391,LBMTE',OTC,0.1875,0.1875,49,0,Liberty Mint Ltd,0,0,0
19990114,31391,LBMTE',OTC,0.1875,0.1875,0,0,Liberty Mint Ltd,0,0,0
19990115,31391,LBMTE',OTC,0.1875,0.1875,0,0,Liberty Mint Ltd,0,0,0
19990119,31391,LBMTE',OTC,0.1875,0.1875,0,0,Liberty Mint Ltd,0,0,0
19990120,31391,LBMTE',OTC,0.1875,0.1875,250,0,Liberty Mint Ltd,0,0,0
19990121,31391,LBMTE',OTC,0.125,0.125,110,0,Liberty Mint Ltd,0,0,0
19990122,31391,LBMTE',OTC,0.125,0.125,2,0,Liberty Mint Ltd,0,0,0
19990125,31391,LBMTE',OTC,0.125,0.125,0,0,Liberty Mint Ltd,0,0,0
19990126,31391,LBMTE',OTC,0.125,0.125,15,0,Liberty Mint Ltd,0,0,0
19990127,31391,LBMTE',OTC,0.125,0.125,33,0,Liberty Mint Ltd,0,0,0
19990128,31391,LBMTE',OTC,0.125,0.125,0,0,Liberty Mint Ltd,0,0,0
19990129,31391,LBMTE',OTC,0.125,0.125,1,0,Liberty Mint Ltd,0,0,0
19990201,31391,LBMTE',OTC,0.125,0.125,0,0,Liberty Mint Ltd,0,0,0
19990202,31391,LBMTE',OTC,0.125,0.125,0,0,Liberty Mint Ltd,0,0,0
19990203,31391,LBMTE',OTC,0.1875,0.1875,20,0,Liberty Mint Ltd,0,0,0
19990204,31391,LBMTE',OTC,0.25,0.25,150,0,Liberty Mint Ltd,0,0,0
19990205,31391,LBMTE',OTC,0.25,0.25,0,0,Liberty Mint Ltd,0,0,0
19990208,31391,LBMTE',OTC,0.125,0.125,2,0,Liberty Mint Ltd,0,0,0
19990209,31391,LBMTE',OTC,0.125,0.125,0,0,Liberty Mint Ltd,0,0,0
19990210,31391,LBMTE',OTC,0.125,0.125,0,0,Liberty Mint Ltd,0,0,0
19990211,31391,LBMTE',OTC,0.125,0.125,0,0,Liberty Mint Ltd,0,0,0
19990212,31391,LBMTE',OTC,0.125,0.125,0,0,Liberty Mint Ltd,0,0,0
19990216,31391,LBMTE',OTC,0.125,0.125,0,0,Liberty Mint Ltd,0,0,0
19990217,31391,LBMTE',OTC,0.125,0.125,0,0,Liberty Mint Ltd,0,0,0
19990218,31391,LBMTE',OTC,0.1875,0.1875,13,0,Liberty Mint Ltd,0,0,0
19990219,31391,LBMTE',OTC,0.1875,0.1875,0,0,Liberty Mint Ltd,0,0,0
19990222,31391,LBMTE',OTC,0.25,0.25,35,0,Liberty Mint Ltd,0,0,0
19990223,31391,LBMTE',OTC,0.25,0.25,0,0,Liberty Mint Ltd,0,0,0
19990224,31391,LBMTE',OTC,0.25,0.25,0,0,Liberty Mint Ltd,0,0,0
19990225,31391,LBMTE',OTC,0.25,0.25,0,0,Liberty Mint Ltd,0,0,0
19990226,31391,LBMTE',OTC,0.25,0.25,0,0,Liberty Mint Ltd,0,0,0
19990301,31391,LBMTE',OTC,0.40625,0.40625,280,0,Liberty Mint Ltd,0,0,0
19990302,31391,LBMTE',OTC,0.40625,0.40625,0,0,Liberty Mint Ltd,0,0,0
19990303,31391,LBMTE',OTC,0.3125,0.3125,35,0,Liberty Mint Ltd,0,0,0
19990304,31391,LBMTE',OTC,0.25,0.25,6,0,Liberty Mint Ltd,0,0,0
19990305,31391,LBMTE',OTC,0.25,0.25,0,0,Liberty Mint Ltd,0,0,0
19990308,31391,LBMTE',OTC,0.25,0.25,0,0,Liberty Mint Ltd,0,0,0
19990309,31391,LBMTE',OTC,0.25,0.25,18,0,Liberty Mint Ltd,0,0,0
19990310,31391,LBMTE',OTC,0.25,0.25,0,0,Liberty Mint Ltd,0,0,0
19990311,31391,LBMTE',OTC,0.25,0.25,0,0,Liberty Mint Ltd,0,0,0
19990312,31391,LBMTE',OTC,0.25,0.25,2,0,Liberty Mint Ltd,0,0,0
19990315,31391,LBMTE',OTC,0.25,0.25,5,0,Liberty Mint Ltd,0,0,0
19990316,31391,LBMTE',OTC,0.25,0.25,0,0,Liberty Mint Ltd,0,0,0
19990317,31391,LBMTE',OTC,0.25,0.25,0,0,Liberty Mint Ltd,0,0,0
19990318,31391,LBMTE',OTC,0.25,0.25,30,0,Liberty Mint Ltd,0,0,0
19990319,31391,LBMTE',OTC,0.25,0.25,9,0,Liberty Mint Ltd,0,0,0
19990322,31391,LBMTE',OTC,0.25,0.25,44,0,Liberty Mint Ltd,0,0,0
19990323,31391,LBMTE',OTC,0.25,0.25,0,0,Liberty Mint Ltd,0,0,0
19990324,31391,LBMTE',OTC,0.25,0.25,0,0,Liberty Mint Ltd,0,0,0
19990325,31391,LBMTE',OTC,0.1875,0.1875,50,0,Liberty Mint Ltd,0,0,0
19990326,31391,LBMTE',OTC,0.15625,0.15625,50,0,Liberty Mint Ltd,0,0,0
19990329,31391,LBMTE',OTC,0.1875,0.1875,28,0,Liberty Mint Ltd,0,0,0
19990330,31391,LBMTE',OTC,0.15625,0.15625,12,0,Liberty Mint Ltd,0,0,0
19990331,31391,LBMTE',OTC,0.15625,0.15625,0,0,Liberty Mint Ltd,0,0,0
19990401,31391,LBMTE',OTC,0.15625,0.15625,5,0,Liberty Mint Ltd,0,0,0
19990405,31391,LBMTE',OTC,0.15625,0.15625,0,0,Liberty Mint Ltd,0,0,0
19990406,31391,LBMTE',OTC,0.15625,0.15625,0,0,Liberty Mint Ltd,0,0,0
19990407,31391,LBMTE',OTC,0.15625,0.15625,0,0,Liberty Mint Ltd,0,0,0
19990408,31391,LBMTE',OTC,0.15625,0.15625,0,0,Liberty Mint Ltd,0,0,0
19990409,31391,LBMTE',OTC,0.15625,0.15625,0,0,Liberty Mint Ltd,0,0,0
19990412,31391,LBMTE',OTC,0.15625,0.15625,5,0,Liberty Mint Ltd,0,0,0
19990413,31391,LBMTE',OTC,0.40625,0.40625,150,0,Liberty Mint Ltd,0,0,0
19990414,31391,LBMTE',OTC,0.40625,0.40625,0,0,Liberty Mint Ltd,0,0,0
19990415,31391,LBMTE',OTC,0.3125,0.3125,185,0,Liberty Mint Ltd,0,0,0
19990416,31391,LBMTE',OTC,0.625,0.625,35,0,Liberty Mint Ltd,0,0,0
19990419,31391,LBMTE',OTC,1.0625,1.0625,82,0,Liberty Mint Ltd,0,0,0
19990420,31391,LBMTE',OTC,1.140625,1.140625,287,0,Liberty Mint Ltd,0,0,0
19990421,31391,LBMTE',OTC,1.375,1.375,326,0,Liberty Mint Ltd,0,0,0
19990422,31391,LBMTE',OTC,1.4375,1.4375,82,0,Liberty Mint Ltd,0,0,0
19990423,31391,LBMTE',OTC,1.1875,1.1875,120,0,Liberty Mint Ltd,0,0,0
19990426,31391,LBMTE',OTC,1.125,1.125,90,0,Liberty Mint Ltd,0,0,0
19990427,31391,LBMTE',OTC,0.625,0.625,87,0,Liberty Mint Ltd,0,0,0
19990428,31391,LBMTE',OTC,0.625,0.625,0,0,Liberty Mint Ltd,0,0,0
19990429,31391,LBMTE',OTC,1,1,180,0,Liberty Mint Ltd,0,0,0
19990430,31391,LBMTE',OTC,1.0625,1.0625,272,0,Liberty Mint Ltd,0,0,0
19990503,31391,LBMTE',OTC,1.0625,1.0625,58,0,Liberty Mint Ltd,0,0,0
19990504,31391,LBMTE',OTC,1.0625,1.0625,176,0,Liberty Mint Ltd,0,0,0
19990505,31391,LBMTE',OTC,1.0625,1.0625,104,0,Liberty Mint Ltd,0,0,0
19990506,31391,LBMTE',OTC,1.0625,1.0625,0,0,Liberty Mint Ltd,0,0,0
19990507,31391,LBMTE',OTC,1.03125,1.03125,125,0,Liberty Mint Ltd,0,0,0
19990510,31391,LBMTE',OTC,0.9375,0.9375,10,0,Liberty Mint Ltd,0,0,0
19990511,31391,LBMTE',OTC,1,1,86,0,Liberty Mint Ltd,0,0,0
19990512,31391,LBMTE',OTC,0.833333333,5,30,0,Liberty Mint Ltd,0,0,0
19990513,31391,LBMTE',OTC,1.166666667,7,12,0,Liberty Mint Ltd,0,0,0
19990514,31391,LBMTE',OTC,1.166666667,7,60,0,Liberty Mint Ltd,0,0,0
19990517,31391,LBMTE',OTC,1.166666667,7,0,0,Liberty Mint Ltd,0,0,0
19990518,31391,LBMTE',OTC,1.166666667,7,0,0,Liberty Mint Ltd,0,0,0
19990519,31391,LBMTE',OTC,1.041666667,6.25,204,0,Liberty Mint Ltd,0,0,0
19990520,31391,LBMTE',OTC,1.041666667,6.25,0,0,Liberty Mint Ltd,0,0,0
19990521,31391,LBMTE',OTC,1.166666667,7,1020,0,Liberty Mint Ltd,0,0,0
19990524,31391,LBMTE',OTC,1.244791667,7.46875,990,0,Liberty Mint Ltd,0,0,0
19990525,31391,LBMTE',OTC,1.15625,6.9375,1608,0,Liberty Mint Ltd,0,0,0
19990526,31391,LBMTE',OTC,1.166666667,7,402,0,Liberty Mint Ltd,0,0,0
19990527,31391,LBMTE',OTC,1,6,1224,0,Liberty Mint Ltd,0,0,0
19990528,31391,LBMTE',OTC,1.333333333,8,516,0,Liberty Mint Ltd,0,0,0
19990601,31391,LBMTE',OTC,1.333333333,8,0,0,Liberty Mint Ltd,0,0,0
19990602,31391,LBMTE',OTC,1.166666667,7,90,0,Liberty Mint Ltd,0,0,0
19990603,31391,LBMTE',OTC,0.838541667,5.03125,1320,0,Liberty Mint Ltd,0,0,0
19990604,31391,LBMTE',OTC,1.0625,6.375,1920,0,Liberty Mint Ltd,0,0,0
19990607,31391,LBMTE',OTC,1.0625,6.375,0,0,Liberty Mint Ltd,0,0,0
19990608,31391,LBMTE',OTC,0.875,5.25,156,0,Liberty Mint Ltd,0,0,0
19990609,31391,LBMTE',OTC,0.989583333,5.9375,120,0,Liberty Mint Ltd,0,0,0
19990610,31391,LBMTE',OTC,0.916666667,5.5,96,0,Liberty Mint Ltd,0,0,0
19990611,31391,LBMTE',OTC,0.807291667,4.84375,1860,0,Liberty Mint Ltd,0,0,0
19990614,31391,LBMTE',OTC,1,6,240,0,Liberty Mint Ltd,0,0,0
19990615,31391,LBMTE',OTC,0.958333333,5.75,798,0,Liberty Mint Ltd,0,0,0
19990616,31391,LBMTE',OTC,0.822916667,4.9375,180,0,Liberty Mint Ltd,0,0,0
19990617,31391,LBMTE',OTC,0.822916667,4.9375,0,0,Liberty Mint Ltd,0,0,0
19990618,31391,LBMTE',OTC,0.541666667,3.25,456,0,Liberty Mint Ltd,0,0,0
19990621,31391,LBMTE',OTC,0.5,3,2760,0,Liberty Mint Ltd,0,0,0
19990622,31391,LBMTE',OTC,0.4375,2.625,684,0,Liberty Mint Ltd,0,0,0
19990623,31391,LBMTE',OTC,0.395833333,2.375,1374,0,Liberty Mint Ltd,0,0,0
19990624,31391,LBMTE',OTC,0.338541667,2.03125,900,0,Liberty Mint Ltd,0,0,0
19990625,31391,LBMTE',OTC,0.338541667,2.03125,0,0,Liberty Mint Ltd,0,0,0
19990628,31391,LBMTE',OTC,0.375,2.25,48,0,Liberty Mint Ltd,0,0,0
19990629,31391,LBMTE',OTC,0.375,2.25,0,0,Liberty Mint Ltd,0,0,0
19990630,31391,LBMTE',OTC,0.291666667,1.75,42,0,Liberty Mint Ltd,0,0,0
19990701,31391,LBMTE',OTC,0.291666667,1.75,30,0,Liberty Mint Ltd,0,0,0
19990702,31391,LBMTE',OTC,0.583333333,3.5,210,0,Liberty Mint Ltd,0,0,0
19990706,31391,LBMTE',OTC,0.333333333,2,12,0,Liberty Mint Ltd,0,0,0
19990707,31391,LBMTE',OTC,0.416666667,2.5,486,0,Liberty Mint Ltd,0,0,0
19990708,31391,LBMTE',OTC,0.328125,1.96875,540,0,Liberty Mint Ltd,0,0,0
19990709,31391,LBMTE',OTC,0.328125,1.96875,0,0,Liberty Mint Ltd,0,0,0
19990712,31391,LBMTE',OTC,0.25,1.5,72,0,Liberty Mint Ltd,0,0,0
19990713,31391,LBMTE',OTC,0.416666667,2.5,54,0,Liberty Mint Ltd,0,0,0
19990714,31391,LBMTE',OTC,0.375,2.25,510,0,Liberty Mint Ltd,0,0,0
19990715,31391,LBMTE',OTC,0.375,2.25,0,0,Liberty Mint Ltd,0,0,0
19990716,31391,LBMTE',OTC,0.458333333,2.75,264,0,Liberty Mint Ltd,0,0,0
19990719,31391,LBMTE',OTC,0.354166667,2.125,30,0,Liberty Mint Ltd,0,0,0
19990720,31391,LBMTE',OTC,0.395833333,2.375,120,0,Liberty Mint Ltd,0,0,0
19990721,31391,LBMTE',OTC,0.4375,2.625,36,0,Liberty Mint Ltd,0,0,0
19990722,31391,LBMTE',OTC,0.4375,2.625,0,0,Liberty Mint Ltd,0,0,0
19990723,31391,LBMTE',OTC,0.416666667,2.5,156,0,Liberty Mint Ltd,0,0,0
19990726,31391,LBMTE',OTC,0.416666667,2.5,60,0,Liberty Mint Ltd,0,0,0
19990727,31391,LBMTE',OTC,0.4375,2.625,162,0,Liberty Mint Ltd,0,0,0
19990728,31391,LBMTE',OTC,0.4375,2.625,180,0,Liberty Mint Ltd,0,0,0
19990729,31391,LBMTE',OTC,0.385416667,2.3125,222,0,Liberty Mint Ltd,0,0,0
19990730,31391,LBMTE',OTC,0.416666667,2.5,1680,0,Liberty Mint Ltd,0,0,0
19990802,31391,LBMTE',OTC,0.3125,1.875,174,0,Liberty Mint Ltd,0,0,0
19990803,31391,LBMTE',OTC,0.3125,1.875,0,0,Liberty Mint Ltd,0,0,0
19990804,31391,LBMTE',OTC,0.322916667,1.9375,6,0,Liberty Mint Ltd,0,0,0
19990805,31391,LBMTE',OTC,0.416666667,2.5,120,0,Liberty Mint Ltd,0,0,0
19990806,31391,LBMTE',OTC,0.4375,2.625,486,0,Liberty Mint Ltd,0,0,0
19990809,31391,LBMTE',OTC,0.479166667,2.875,60,0,Liberty Mint Ltd,0,0,0
19990810,31391,LBMTE',OTC,0.4375,2.625,6,0,Liberty Mint Ltd,0,0,0
19990811,31391,LBMTE',OTC,0.666666667,4,2580,0,Liberty Mint Ltd,0,0,0
19990812,31391,LBMTE',OTC,0.635416667,3.8125,102,0,Liberty Mint Ltd,0,0,0
19990813,31391,LBMTE',OTC,0.583333333,3.5,30,0,Liberty Mint Ltd,0,0,0
19990816,31391,LBMTE',OTC,0.5,3,150,0,Liberty Mint Ltd,0,0,0
19990817,31391,LBMTE',OTC,0.5,3,0,0,Liberty Mint Ltd,0,0,0
19990818,31391,LBMTE',OTC,0.479166667,2.875,90,0,Liberty Mint Ltd,0,0,0
19990819,31391,LBMTE',OTC,0.479166667,2.875,204,0,Liberty Mint Ltd,0,0,0
19990820,31391,LBMTE',OTC,0.4375,2.625,126,0,Liberty Mint Ltd,0,0,0
19990823,31391,LBMTE',OTC,0.4375,2.625,0,0,Liberty Mint Ltd,0,0,0
19990824,31391,LBMTE',OTC,0.416666667,2.5,42,0,Liberty Mint Ltd,0,0,0
19990825,31391,LBMTE',OTC,0.416666667,2.5,0,0,Liberty Mint Ltd,0,0,0
19990826,31391,LBMTE',OTC,0.416666667,2.5,504,0,Liberty Mint Ltd,0,0,0
19990827,31391,LBMTE',OTC,0.416666667,2.5,24,0,Liberty Mint Ltd,0,0,0
19990830,31391,LBMTE',OTC,0.479166667,2.875,30,0,Liberty Mint Ltd,0,0,0
19990831,31391,LBMTE',OTC,0.479166667,2.875,0,0,Liberty Mint Ltd,0,0,0
19990901,31391,LBMTE',OTC,0.541666667,3.25,612,0,Liberty Mint Ltd,0,0,0
19990902,31391,LBMTE',OTC,0.4375,2.625,108,0,Liberty Mint Ltd,0,0,0
19990903,31391,LBMTE',OTC,0.4375,2.625,0,0,Liberty Mint Ltd,0,0,0
19990907,31391,LBMTE',OTC,0.4375,2.625,0,0,Liberty Mint Ltd,0,0,0
19990908,31391,LBMTE',OTC,0.4375,2.625,0,0,Liberty Mint Ltd,0,0,0
19990909,31391,LBMTE',OTC,0.416666667,2.5,132,0,Liberty Mint Ltd,0,0,0
19990910,31391,LBMTE',OTC,0.375,2.25,570,0,Liberty Mint Ltd,0,0,0
19990913,31391,LBMTE',OTC,0.333333333,2,132,0,Liberty Mint Ltd,0,0,0
19990914,31391,LBMTE',OTC,0.333333333,2,126,0,Liberty Mint Ltd,0,0,0
19990915,31391,LBMTE',OTC,0.333333333,2,36,0,Liberty Mint Ltd,0,0,0
19990916,31391,LBMTE',OTC,0.333333333,2,30,0,Liberty Mint Ltd,0,0,0
19990917,31391,LBMTE',OTC,0.333333333,2,6,0,Liberty Mint Ltd,0,0,0
19990920,31391,LBMTE',OTC,0.333333333,2,0,0,Liberty Mint Ltd,0,0,0
19990921,31391,LBMTE',OTC,0.333333333,2,126,0,Liberty Mint Ltd,0,0,0
19990922,31391,LBMTE',OTC,0.333333333,2,0,0,Liberty Mint Ltd,0,0,0
19990923,31391,LBMTE',OTC,0.333333333,2,366,0,Liberty Mint Ltd,0,0,0
19990924,31391,LBMTE',OTC,0.333333333,2,0,0,Liberty Mint Ltd,0,0,0
19990927,31391,LBMTE',OTC,0.25,1.5,30,0,Liberty Mint Ltd,0,0,0
19990928,31391,LBMTE',OTC,0.25,1.5,0,0,Liberty Mint Ltd,0,0,0
19990929,31391,LBMTE',OTC,0.239583333,1.4375,210,0,Liberty Mint Ltd,0,0,0
19990930,31391,LBMTE',OTC,0.25,1.5,228,0,Liberty Mint Ltd,0,0,0
19991001,31391,LBMTE',OTC,0.25,1.5,0,0,Liberty Mint Ltd,0,0,0
19991004,31391,LBMTE',OTC,0.25,1.5,0,0,Liberty Mint Ltd,0,0,0
19991005,31391,LBMTE',OTC,0.229166667,1.375,12,0,Liberty Mint Ltd,0,0,0
19991006,31391,LBMTE',OTC,0.354166667,2.125,330,0,Liberty Mint Ltd,0,0,0
19991007,31391,LBMTE',OTC,0.229166667,1.375,6,0,Liberty Mint Ltd,0,0,0
19991008,31391,LBMTE',OTC,0.333333333,2,24,0,Liberty Mint Ltd,0,0,0
19991011,31391,LBMTE',OTC,0.333333333,2,0,0,Liberty Mint Ltd,0,0,0
19991012,31391,LBMTE',OTC,0.333333333,2,270,0,Liberty Mint Ltd,0,0,0
19991013,31391,LBMTE',OTC,0.270833333,1.625,738,0,Liberty Mint Ltd,0,0,0
19991014,31391,LBMTE',OTC,0.333333333,2,480,0,Liberty Mint Ltd,0,0,0
19991015,31391,LBMTE',OTC,0.375,2.25,150,0,Liberty Mint Ltd,0,0,0
19991018,31391,LBMTE',OTC,0.333333333,2,132,0,Liberty Mint Ltd,0,0,0
19991019,31391,LBMTE',OTC,0.333333333,2,600,0,Liberty Mint Ltd,0,0,0
19991020,31391,LBMTE',OTC,0.375,2.25,90,0,Liberty Mint Ltd,0,0,0
19991021,31391,LBMTE',OTC,0.354166667,2.125,180,0,Liberty Mint Ltd,0,0,0
19991022,31391,LBMTE',OTC,0.291666667,1.75,156,0,Liberty Mint Ltd,0,0,0
19991025,31391,LBMTE',OTC,0.229166667,1.375,426,0,Liberty Mint Ltd,0,0,0
19991026,31391,LBMTE',OTC,0.21875,1.3125,120,0,Liberty Mint Ltd,0,0,0
19991027,31391,LBMTE',OTC,0.21875,1.3125,0,0,Liberty Mint Ltd,0,0,0
19991028,31391,LBMTE',OTC,0.25,1.5,60,0,Liberty Mint Ltd,0,0,0
19991029,31391,LBMTE',OTC,0.25,1.5,0,0,Liberty Mint Ltd,0,0,0
19991101,31391,LBMTE',OTC,0.1875,1.125,60,0,Liberty Mint Ltd,0,0,0
19991102,31391,LBMTE',OTC,0.1875,1.125,0,0,Liberty Mint Ltd,0,0,0
19991103,31391,LBMTE',OTC,0.1875,1.125,0,0,Liberty Mint Ltd,0,0,0
19991104,31391,LBMTE',OTC,0.1875,1.125,12,0,Liberty Mint Ltd,0,0,0
19991105,31391,LBMTE',OTC,0.260416667,1.5625,540,0,Liberty Mint Ltd,0,0,0
19991108,31391,LBMTE',OTC,0.270833333,1.625,60,0,Liberty Mint Ltd,0,0,0
19991109,31391,LBMTE',OTC,0.270833333,1.625,0,0,Liberty Mint Ltd,0,0,0
19991110,31391,LBMTE',OTC,0.291666667,1.75,1170,0,Liberty Mint Ltd,0,0,0
19991111,31391,LBMTE',OTC,0.333333333,2,1494,0,Liberty Mint Ltd,0,0,0
19991112,31391,LBMTE',OTC,0.354166667,2.125,696,0,Liberty Mint Ltd,0,0,0
19991115,31391,LBMTE',OTC,0.354166667,2.125,0,0,Liberty Mint Ltd,0,0,0
19991116,31391,LBMTE',OTC,0.395833333,2.375,90,0,Liberty Mint Ltd,0,0,0
19991117,31391,LBMTE',OTC,0.333333333,2,456,0,Liberty Mint Ltd,0,0,0
19991118,31391,LBMTE',OTC,0.375,2.25,150,0,Liberty Mint Ltd,0,0,0
19991119,31391,LBMTE',OTC,0.395833333,2.375,1836,0,Liberty Mint Ltd,0,0,0
19991122,31391,LBMTE',OTC,0.520833333,3.125,11934,0,Liberty Mint Ltd,0,0,0
19991123,31391,LBMTE',OTC,0.354166667,2.125,2922,0,Liberty Mint Ltd,0,0,0
19991124,31391,LBMTE',OTC,0.395833333,2.375,978,0,Liberty Mint Ltd,0,0,0
19991126,31391,LBMTE',OTC,0.416666667,2.5,354,0,Liberty Mint Ltd,0,0,0
19991129,31391,LBMTE',OTC,0.458333333,2.75,2772,0,Liberty Mint Ltd,0,0,0
19991130,31391,LBMTE',OTC,0.40625,2.4375,1302,0,Liberty Mint Ltd,0,0,0
19991201,31391,LBMTE',OTC,0.40625,2.4375,246,0,Liberty Mint Ltd,0,0,0
19991202,31391,LBMTE',OTC,0.395833333,2.375,654,0,Liberty Mint Ltd,0,0,0
19991203,31391,LBMTE',OTC,0.395833333,2.375,6,0,Liberty Mint Ltd,0,0,0
19991206,31391,LBMTE',OTC,0.479166667,2.875,612,0,Liberty Mint Ltd,0,0,0
19991207,31391,LBMTE',OTC,0.385416667,2.3125,708,0,Liberty Mint Ltd,0,0,0
19991208,31391,LBMTE',OTC,0.354166667,2.125,510,0,Liberty Mint Ltd,0,0,0
19991209,31391,LBMTE',OTC,0.239583333,1.4375,1794,0,Liberty Mint Ltd,0,0,0
19991210,31391,LBMTE',OTC,0.197916667,1.1875,114,0,Liberty Mint Ltd,0,0,0
19991213,31391,LBMTE',OTC,0.333333333,2,732,0,Liberty Mint Ltd,0,0,0
19991214,31391,LBMTE',OTC,0.333333333,2,1014,0,Liberty Mint Ltd,0,0,0
19991215,31391,LBMTE',OTC,0.34375,2.0625,1884,0,Liberty Mint Ltd,0,0,0
19991216,31391,LBMTE',OTC,0.239583333,1.4375,708,0,Liberty Mint Ltd,0,0,0
19991217,31391,LBMTE',OTC,0.208333333,1.25,1386,0,Liberty Mint Ltd,0,0,0
19991220,31391,LBMTE',OTC,0.208333333,1.25,138,0,Liberty Mint Ltd,0,0,0
19991221,31391,LBMTE',OTC,0.208333333,1.25,390,0,Liberty Mint Ltd,0,0,0
19991222,31391,LBMTE',OTC,0.2109375,1.265625,6582,0,Liberty Mint Ltd,0,0,0
19991223,31391,LBMTE',OTC,0.2109375,1.265625,0,0,Liberty Mint Ltd,0,0,0
19991227,31391,LBMTE',OTC,0.197916667,1.1875,420,0,Liberty Mint Ltd,0,0,0
19991228,31391,LBMTE',OTC,0.1875,1.125,78,0,Liberty Mint Ltd,0,0,0
19991229,31391,LBMTE',OTC,0.21875,1.3125,870,0,Liberty Mint Ltd,0,0,0
19991230,31391,LBMTE',OTC,0.239583333,1.4375,204,0,Liberty Mint Ltd,0,0,0
19991231,31391,LBMTE',OTC,0.21875,1.3125,156,0,Liberty Mint Ltd,0,0,0
20000103,31391,LBMTE',OTC,0.270833333,1.625,276,0,Liberty Mint Ltd,0,0,0
20000104,31391,LBMTE',OTC,0.208333333,1.25,702,0,Liberty Mint Ltd,0,0,0
20000105,31391,LBMTE',OTC,0.208333333,1.25,6,0,Liberty Mint Ltd,0,0,0
20000106,31391,LBMTE',OTC,0.208333333,1.25,0,0,Liberty Mint Ltd,0,0,0
20000107,31391,LBMTE',OTC,0.208333333,1.25,0,0,Liberty Mint Ltd,0,0,0
20000110,31391,LBMTE',OTC,0.234375,1.40625,480,0,Liberty Mint Ltd,0,0,0
20000111,31391,LBMTE',OTC,0.234375,1.40625,0,0,Liberty Mint Ltd,0,0,0
20000112,31391,LBMTE',OTC,0.1875,1.125,360,0,Liberty Mint Ltd,0,0,0
20000113,31391,LBMTE',OTC,0.192708333,1.15625,870,0,Liberty Mint Ltd,0,0,0
20000114,31391,LBMTE',OTC,0.25,1.5,288,0,Liberty Mint Ltd,0,0,0
20000118,31391,LBMTE',OTC,0.177083333,1.0625,300,0,Liberty Mint Ltd,0,0,0
20000119,31391,LBMTE',OTC,0.177083333,1.0625,2106,0,Liberty Mint Ltd,0,0,0
20000120,31391,LBMTE',OTC,0.177083333,1.0625,0,0,Liberty Mint Ltd,0,0,0
20000121,31391,LBMTE',OTC,0.083333333,0.5,24,0,Liberty Mint Ltd,0,0,0
20000124,31391,LBMTE',OTC,0.208333333,1.25,6,0,Liberty Mint Ltd,0,0,0
20000125,31391,LBMTE',OTC,0.208333333,1.25,0,0,Liberty Mint Ltd,0,0,0
20000126,31391,LBMTE',OTC,0.208333333,1.25,0,0,Liberty Mint Ltd,0,0,0
20000127,31391,LBMTE',OTC,0.208333333,1.25,0,0,Liberty Mint Ltd,0,0,0
20000128,31391,LBMTE',OTC,0.208333333,1.25,0,0,Liberty Mint Ltd,0,0,0
20000131,31391,LBMTE',OTC,0.208333333,1.25,0,0,Liberty Mint Ltd,0,0,0
20000201,31391,LBMTE',OTC,0.166666667,1,30,0,Liberty Mint Ltd,0,0,0
20000202,31391,LBMTE',OTC,0.166666667,1,48,0,Liberty Mint Ltd,0,0,0
20000203,31391,LBMTE',OTC,0.25,1.5,204,0,Liberty Mint Ltd,0,0,0
20000204,31391,LBMTE',OTC,0.25,1.5,0,0,Liberty Mint Ltd,0,0,0
20000207,31391,LBMTE',OTC,0.25,1.5,0,0,Liberty Mint Ltd,0,0,0
20000208,31391,LBMTE',OTC,0.25,1.5,0,0,Liberty Mint Ltd,0,0,0
20000209,31391,LBMTE',OTC,0.177083333,1.0625,30,0,Liberty Mint Ltd,0,0,0
20000210,31391,LBMTE',OTC,0.177083333,1.0625,0,0,Liberty Mint Ltd,0,0,0
20000211,31391,LBMTE',OTC,0.177083333,1.0625,0,0,Liberty Mint Ltd,0,0,0
20000214,31391,LBMTE',OTC,0.177083333,1.0625,0,0,Liberty Mint Ltd,0,0,0
20000215,31391,LBMTE',OTC,0.177083333,1.0625,0,0,Liberty Mint Ltd,0,0,0
20000216,31391,LBMTE',OTC,0.177083333,1.0625,0,0,Liberty Mint Ltd,0,0,0
20000217,31391,LBMTE',OTC,0.083333333,0.5,36,0,Liberty Mint Ltd,0,0,0
20000218,31391,LBMTE',OTC,0.083333333,0.5,0,0,Liberty Mint Ltd,0,0,0
20000222,31391,LBMTE',OTC,0.083333333,0.5,0,0,Liberty Mint Ltd,0,0,0
20000223,31391,LBMTE',OTC,0.25,1.5,108,0,Liberty Mint Ltd,0,0,0
20000224,31391,LBMTE',OTC,0.25,1.5,18,0,Liberty Mint Ltd,0,0,0
20000225,31391,LBMTE',OTC,0.25,1.5,0,0,Liberty Mint Ltd,0,0,0
20000228,31391,LBMTE',OTC,0.25,1.5,12,0,Liberty Mint Ltd,0,0,0
20000229,31391,LBMTE',OTC,0.25,1.5,0,0,Liberty Mint Ltd,0,0,0
20000301,31391,LBMTE',OTC,0.083333333,0.5,132,0,Liberty Mint Ltd,0,0,0
20000302,31391,LBMTE',OTC,0.083333333,0.5,0,0,Liberty Mint Ltd,0,0,0
20000303,31391,LBMTE',OTC,0.083333333,0.5,0,0,Liberty Mint Ltd,0,0,0
20000306,31391,LBMTE',OTC,0.291666667,1.75,60,0,Liberty Mint Ltd,0,0,0
20000307,31391,LBMTE',OTC,0.291666667,1.75,0,0,Liberty Mint Ltd,0,0,0
20000308,31391,LBMTE',OTC,0.25,1.5,60,0,Liberty Mint Ltd,0,0,0
20000309,31391,LBMTE',OTC,0.25,1.5,0,0,Liberty Mint Ltd,0,0,0
20000310,31391,LBMTE',OTC,0.291666667,1.75,30,0,Liberty Mint Ltd,0,0,0
20000313,31391,LBMTE',OTC,0.291666667,1.75,0,0,Liberty Mint Ltd,0,0,0
20000314,31391,LBMTE',OTC,0.291666667,1.75,0,0,Liberty Mint Ltd,0,0,0
20000315,31391,LBMTE',OTC,0.291666667,1.75,0,0,Liberty Mint Ltd,0,0,0
20000316,31391,LBMTE',OTC,0.291666667,1.75,0,0,Liberty Mint Ltd,0,0,0
20000317,31391,LBMTE',OTC,0.291666667,1.75,0,0,Liberty Mint Ltd,0,0,0
20000320,31391,LBMTE',OTC,0.171875,1.03125,138,0,Liberty Mint Ltd,0,0,0
20000321,31391,LBMTE',OTC,0.041666667,0.25,18,0,Liberty Mint Ltd,0,0,0
20000322,31391,LBMTE',OTC,0.041666667,0.25,0,0,Liberty Mint Ltd,0,0,0
20000323,31391,LBMTE',OTC,0.041666667,0.25,0,0,Liberty Mint Ltd,0,0,0
20000324,31391,LBMTE',OTC,0.171875,1.03125,66,0,Liberty Mint Ltd,0,0,0
20000327,31391,LBMTE',OTC,0.171875,1.03125,0,0,Liberty Mint Ltd,0,0,0
20000328,31391,LBMTE',OTC,0.171875,1.03125,0,0,Liberty Mint Ltd,0,0,0
20000329,31391,LBMTE',OTC,0.171875,1.03125,0,0,Liberty Mint Ltd,0,0,0
20000330,31391,LBMTE',OTC,0.270833333,1.625,30,0,Liberty Mint Ltd,0,0,0
20000331,31391,LBMTE',OTC,0.270833333,1.625,0,0,Liberty Mint Ltd,0,0,0
20000403,31391,LBMTE',OTC,0.169270833,1.015625,36,0,Liberty Mint Ltd,0,0,0
20000404,31391,LBMTE',OTC,0.083333333,0.5,6,0,Liberty Mint Ltd,0,0,0
20000405,31391,LBMTE',OTC,0.177083333,1.0625,108,0,Liberty Mint Ltd,0,0,0
20000406,31391,LBMTE',OTC,0.208333333,1.25,228,0,Liberty Mint Ltd,0,0,0
20000407,31391,LBMTE',OTC,0.208333333,1.25,0,0,Liberty Mint Ltd,0,0,0
20000410,31391,LBMTE',OTC,0.208333333,1.25,0,0,Liberty Mint Ltd,0,0,0
20000411,31391,LBMTE',OTC,0.208333333,1.25,0,0,Liberty Mint Ltd,0,0,0
20000412,31391,LBMTE',OTC,0.208333333,1.25,0,0,Liberty Mint Ltd,0,0,0
20000413,31391,LBMTE',OTC,0.208333333,1.25,6,0,Liberty Mint Ltd,0,0,0
20000414,31391,LBMTE',OTC,0.208333333,1.25,0,0,Liberty Mint Ltd,0,0,0
20000417,31391,LBMTE',OTC,0.208333333,1.25,0,0,Liberty Mint Ltd,0,0,0
20000418,31391,LBMTE',OTC,0.083333333,0.5,6,0,Liberty Mint Ltd,0,0,0
20000419,31391,LBMTE',OTC,0.083333333,0.5,0,0,Liberty Mint Ltd,0,0,0
20000420,31391,LBMTE',OTC,0.083333333,0.5,0,0,Liberty Mint Ltd,0,0,0
20000424,31391,LBMTE',OTC,0.174479167,1.046875,18,0,Liberty Mint Ltd,0,0,0
20000425,31391,LBMTE',OTC,0.174479167,1.046875,60,0,Liberty Mint Ltd,0,0,0
20000426,31391,LBMTE',OTC,0.174479167,1.046875,0,0,Liberty Mint Ltd,0,0,0
20000427,31391,LBMTE',OTC,0.174479167,1.046875,0,0,Liberty Mint Ltd,0,0,0
20000428,31391,LBMTE',OTC,0.174479167,1.046875,0,0,Liberty Mint Ltd,0,0,0
20000501,31391,LBMTE',OTC,0.067708333,0.40625,60,0,Liberty Mint Ltd,0,0,0
20000502,31391,LBMTE',OTC,0.125,0.75,42,0,Liberty Mint Ltd,0,0,0
20000503,31391,LBMTE',OTC,0.125,0.75,0,0,Liberty Mint Ltd,0,0,0
20000504,31391,LBMTE',OTC,0.125,0.75,0,0,Liberty Mint Ltd,0,0,0
20000505,31391,LBMTE',OTC,0.041666667,0.25,6,0,Liberty Mint Ltd,0,0,0
20000508,31391,LBMTE',OTC,0.041666667,0.25,0,0,Liberty Mint Ltd,0,0,0
20000509,31391,LBMTE',OTC,0.104166667,0.625,90,0,Liberty Mint Ltd,0,0,0
20000510,31391,LBMTE',OTC,0.104166667,0.625,0,0,Liberty Mint Ltd,0,0,0
20000511,31391,LBMTE',OTC,0.104166667,0.625,0,0,Liberty Mint Ltd,0,0,0
20000512,31391,LBMTE',OTC,0.104166667,0.625,0,0,Liberty Mint Ltd,0,0,0
20000515,31391,LBMTE',OTC,0.049479167,0.296875,18,0,Liberty Mint Ltd,0,0,0
20000516,31391,LBMTE',OTC,0.049479167,0.296875,0,0,Liberty Mint Ltd,0,0,0
20000517,31391,LBMTE',OTC,0.049479167,0.296875,0,0,Liberty Mint Ltd,0,0,0
20000518,31391,LBMTE',OTC,0.049479167,0.296875,0,0,Liberty Mint Ltd,0,0,0
20000519,31391,LBMTE',OTC,0.049479167,0.296875,0,0,Liberty Mint Ltd,0,0,0
20000522,31391,LBMTE',OTC,0.049479167,0.296875,6,0,Liberty Mint Ltd,0,0,0
20000523,31391,LBMTE',OTC,0.049479167,0.296875,66,0,Liberty Mint Ltd,0,0,0
20000524,31391,LBMTE',OTC,0.049479167,0.296875,0,0,Liberty Mint Ltd,0,0,0
20000525,31391,LBMTE',OTC,0.049479167,0.296875,0,0,Liberty Mint Ltd,0,0,0
20000526,31391,LBMTE',OTC,0.049479167,0.296875,0,0,Liberty Mint Ltd,0,0,0
20000530,31391,LBMTE',OTC,0.049479167,0.296875,0,0,Liberty Mint Ltd,0,0,0
20000531,31391,LBMTE',OTC,0.049479167,0.296875,6,0,Liberty Mint Ltd,0,0,0
20000601,31391,LBMTE',OTC,0.049479167,0.296875,6,0,Liberty Mint Ltd,0,0,0
20000602,31391,LBMTE',OTC,0.049479167,0.296875,0,0,Liberty Mint Ltd,0,0,0
20000605,31391,LBMTE',OTC,0.049479167,0.296875,0,0,Liberty Mint Ltd,0,0,0
20000606,31391,LBMTE',OTC,0.049479167,0.296875,0,0,Liberty Mint Ltd,0,0,0
20000607,31391,LBMTE',OTC,0.049479167,0.296875,0,0,Liberty Mint Ltd,0,0,0
20000608,31391,LBMTE',OTC,0.049479167,0.296875,0,0,Liberty Mint Ltd,0,0,0
20000609,31391,LBMTE',OTC,0.049479167,0.296875,0,0,Liberty Mint Ltd,0,0,0
20000612,31391,LBMTE',OTC,0.049479167,0.296875,0,0,Liberty Mint Ltd,0,0,0
20000613,31391,LBMTE',OTC,0.049479167,0.296875,0,0,Liberty Mint Ltd,0,0,0
20000614,31391,LBMTE',OTC,0.049479167,0.296875,0,0,Liberty Mint Ltd,0,0,0
20000615,31391,LBMTE',OTC,0.049479167,0.296875,0,0,Liberty Mint Ltd,0,0,0
20000616,31391,LBMTE',OTC,0.049479167,0.296875,0,0,Liberty Mint Ltd,0,0,0
20000619,31391,LBMTE',OTC,0.049479167,0.296875,0,0,Liberty Mint Ltd,0,0,0
20000620,31391,LBMTE',OTC,0.049479167,0.296875,0,0,Liberty Mint Ltd,0,0,0
20000621,31391,LBMTE',OTC,0.049479167,0.296875,0,0,Liberty Mint Ltd,0,0,0
20000622,31391,LBMTE',OTC,0.075520833,0.453125,840,0,Liberty Mint Ltd,0,0,0
20000623,31391,LBMTE',OTC,0.075520833,0.453125,0,0,Liberty Mint Ltd,0,0,0
20000626,31391,LBMTE',OTC,0.075520833,0.453125,0,0,Liberty Mint Ltd,0,0,0
20000627,31391,LBMTE',OTC,0.075520833,0.453125,0,0,Liberty Mint Ltd,0,0,0
20000628,31391,LBMTE',OTC,0.075520833,0.453125,0,0,Liberty Mint Ltd,0,0,0
20000629,31391,LBMTE',OTC,0.075520833,0.453125,0,0,Liberty Mint Ltd,0,0,0
20000630,31391,LBMTE',OTC,0.075520833,0.453125,0,0,Liberty Mint Ltd,0,0,0
20000703,31391,LBMTE',OTC,0.075520833,0.453125,0,0,Liberty Mint Ltd,0,0,0
20000705,31391,LBMTE',OTC,0.075520833,0.453125,0,0,Liberty Mint Ltd,0,0,0
20000706,31391,LBMTE',OTC,0.075520833,0.453125,0,0,Liberty Mint Ltd,0,0,0
20000707,31391,LBMTE',OTC,0.075520833,0.453125,0,0,Liberty Mint Ltd,0,0,0
20000710,31391,LBMTE',OTC,0.075520833,0.453125,0,0,Liberty Mint Ltd,0,0,0
20000711,31391,LBMTE',OTC,0.041666667,0.25,6,0,Liberty Mint Ltd,0,0,0
20000712,31391,LBMTE',OTC,0.041666667,0.25,0,0,Liberty Mint Ltd,0,0,0
20000713,31391,LBMTE',OTC,0.041666667,0.25,0,0,Liberty Mint Ltd,0,0,0
20000714,31391,LBMTE',OTC,0.041666667,0.25,0,0,Liberty Mint Ltd,0,0,0
20000717,31391,LBMTE',OTC,0.1171875,0.703125,240,0,Liberty Mint Ltd,0,0,0
20000718,31391,LBMTE',OTC,0.1171875,0.703125,0,0,Liberty Mint Ltd,0,0,0
20000719,31391,LBMTE',OTC,0.1171875,0.703125,18,0,Liberty Mint Ltd,0,0,0
20000720,31391,LBMTE',OTC,0.1171875,0.703125,0,0,Liberty Mint Ltd,0,0,0
20000721,31391,LBMTE',OTC,0.0625,0.375,24,0,Liberty Mint Ltd,0,0,0
20000724,31391,LBMTE',OTC,0.0625,0.375,0,0,Liberty Mint Ltd,0,0,0
20000725,31391,LBMTE',OTC,0.0625,0.375,0,0,Liberty Mint Ltd,0,0,0
20000726,31391,LBMTE',OTC,0.0625,0.375,0,0,Liberty Mint Ltd,0,0,0
20000727,31391,LBMTE',OTC,0.0625,0.375,0,0,Liberty Mint Ltd,0,0,0
20000728,31391,LBMTE',OTC,0.0625,0.375,0,0,Liberty Mint Ltd,0,0,0
20000731,31391,LBMTE',OTC,0.0625,0.375,0,0,Liberty Mint Ltd,0,0,0
20000801,31391,LBMTE',OTC,0.0625,0.375,0,0,Liberty Mint Ltd,0,0,0
20000802,31391,LBMTE',OTC,0.0625,0.375,0,0,Liberty Mint Ltd,0,0,0
20000803,31391,LBMTE',OTC,0.0625,0.375,0,0,Liberty Mint Ltd,0,0,0
20000804,31391,LBMTE',OTC,0.0625,0.375,0,0,Liberty Mint Ltd,0,0,0
20000807,31391,LBMTE',OTC,0.0625,0.375,0,0,Liberty Mint Ltd,0,0,0
20000808,31391,LBMTE',OTC,0.0625,0.375,0,0,Liberty Mint Ltd,0,0,0
20000809,31391,LBMTE',OTC,0.169270833,1.015625,468,0,Liberty Mint Ltd,0,0,0
20000810,31391,LBMTE',OTC,0.2421875,1.453125,642,0,Liberty Mint Ltd,0,0,0
20000811,31391,LBMTE',OTC,0.25,1.5,126,0,Liberty Mint Ltd,0,0,0
20000814,31391,LBMTE',OTC,0.34375,0.34375,290,0,Liberty Mint Ltd,0,0,0
20000815,31391,LBMTE',OTC,0.28125,0.28125,6,0,Liberty Mint Ltd,0,0,0
20000816,31391,LBMTE',OTC,0.375,0.375,80,0,Liberty Mint Ltd,0,0,0
20000817,31391,LBMTE',OTC,0.296875,0.296875,286,0,Liberty Mint Ltd,0,0,0
20000818,31391,LBMTE',OTC,0.28125,0.28125,46,0,Liberty Mint Ltd,0,0,0
20000821,31391,LBMTE',OTC,0.28125,0.28125,24,0,Liberty Mint Ltd,0,0,0
20000822,31391,LBMTE',OTC,0.34375,0.34375,50,0,Liberty Mint Ltd,0,0,0
20000823,31391,LBMTE',OTC,0.34375,0.34375,212,0,Liberty Mint Ltd,0,0,0
20000824,31391,LBMTE',OTC,0.28125,0.28125,1063,0,Liberty Mint Ltd,0,0,0
20000825,31391,LBMTE',OTC,0.1875,0.1875,104,0,Liberty Mint Ltd,0,0,0
20000828,31391,LBMTE',OTC,0.25,0.25,166,0,Liberty Mint Ltd,0,0,0
20000829,31391,LBMTE',OTC,0.28125,0.28125,112,0,Liberty Mint Ltd,0,0,0
20000830,31391,LBMTE',OTC,0.28125,0.28125,52,0,Liberty Mint Ltd,0,0,0
20000831,31391,LBMTE',OTC,0.34375,0.34375,1370,0,Liberty Mint Ltd,0,0,0
20000901,31391,LBMTE',OTC,0.359375,0.359375,965,0,Liberty Mint Ltd,0,0,0
20000905,31391,LBMTE',OTC,0.328125,0.328125,1311,0,Liberty Mint Ltd,0,0,0
20000906,31391,LBMTE',OTC,0.3125,0.3125,133,0,Liberty Mint Ltd,0,0,0
20000907,31391,LBMTE',OTC,0.203125,0.203125,1445,0,Liberty Mint Ltd,0,0,0
20000908,31391,LBMTE',OTC,0.296875,0.296875,515,0,Liberty Mint Ltd,0,0,0
20000911,31391,LBMTE',OTC,0.296875,0.296875,132,0,Liberty Mint Ltd,0,0,0
20000912,31391,LBMTE',OTC,0.25,0.25,400,0,Liberty Mint Ltd,0,0,0
20000913,31391,LBMTE',OTC,0.234375,0.234375,3196,0,Liberty Mint Ltd,0,0,0
20000914,31391,LBMTE',OTC,0.234375,0.234375,160,0,Liberty Mint Ltd,0,0,0
20000915,31391,LBMTE',OTC,0.234375,0.234375,368,0,Liberty Mint Ltd,0,0,0
20000918,31391,LBMTE',OTC,0.234375,0.234375,148,0,Liberty Mint Ltd,0,0,0
20000919,31391,LBMTE',OTC,0.1875,0.1875,28,0,Liberty Mint Ltd,0,0,0
20000920,31391,LBMTE',OTC,0.234375,0.234375,70,0,Liberty Mint Ltd,0,0,0
20000921,31391,LBMTE',OTC,0.234375,0.234375,50,0,Liberty Mint Ltd,0,0,0
20000922,31391,LBMTE',OTC,0.15625,0.15625,1666,0,Liberty Mint Ltd,0,0,0
20000925,31391,LBMTE',OTC,0.171875,0.171875,716,0,Liberty Mint Ltd,0,0,0
20000926,31391,LBMTE',OTC,0.1875,0.1875,762,0,Liberty Mint Ltd,0,0,0
20000927,31391,LBMTE',OTC,0.1875,0.1875,1912,0,Liberty Mint Ltd,0,0,0
20000928,31391,LBMTE',OTC,0.1875,0.1875,835,0,Liberty Mint Ltd,0,0,0
20000929,31391,LBMTE',OTC,0.171875,0.171875,1449,0,Liberty Mint Ltd,0,0,0
20001002,31391,LBMTE',OTC,0.1875,0.1875,6179,0,Liberty Mint Ltd,0,0,0
20001003,31391,LBMTE',OTC,0.1875,0.1875,2553,0,Liberty Mint Ltd,0,0,0
20001004,31391,LBMTE',OTC,0.171875,0.171875,2430,0,Liberty Mint Ltd,0,0,0
20001005,31391,LBMTE',OTC,0.203125,0.203125,1216,0,Liberty Mint Ltd,0,0,0
20001006,31391,LBMTE',OTC,0.203125,0.203125,538,0,Liberty Mint Ltd,0,0,0
20001009,31391,LBMTE',OTC,0.1875,0.1875,1,0,Liberty Mint Ltd,0,0,0
20001010,31391,LBMTE',OTC,0.203125,0.203125,1171,0,Liberty Mint Ltd,0,0,0
20001011,31391,LBMTE',OTC,0.1875,0.1875,3084,0,Liberty Mint Ltd,0,0,0
20001012,31391,LBMTE',OTC,0.203125,0.203125,1045,0,Liberty Mint Ltd,0,0,0
20001013,31391,LBMTE',OTC,0.203125,0.203125,1790,0,Liberty Mint Ltd,0,0,0
20001016,31391,LBMTE',OTC,0.1875,0.1875,1288,0,Liberty Mint Ltd,0,0,0
20001017,31391,LBMTE',OTC,0.1875,0.1875,2464,0,Liberty Mint Ltd,0,0,0
20001018,31391,LBMTE',OTC,0.171875,0.171875,345,0,Liberty Mint Ltd,0,0,0
20001019,31391,LBMTE',OTC,0.1875,0.1875,86,0,Liberty Mint Ltd,0,0,0
20001020,31391,LBMTE',OTC,0.1875,0.1875,228,0,Liberty Mint Ltd,0,0,0
20001023,31391,LBMTE',OTC,0.15625,0.15625,779,0,Liberty Mint Ltd,0,0,0
20001024,31391,LBMTE',OTC,0.140625,0.140625,323,0,Liberty Mint Ltd,0,0,0
20001025,31391,LBMTE',OTC,0.15625,0.15625,4089,0,Liberty Mint Ltd,0,0,0
20001026,31391,LBMTE',OTC,0.1875,0.1875,1716,0,Liberty Mint Ltd,0,0,0
20001027,31391,LBMTE',OTC,0.125,0.125,3775,0,Liberty Mint Ltd,0,0,0
20001030,31391,LBMTE',OTC,0.15625,0.15625,386,0,Liberty Mint Ltd,0,0,0
20001031,31391,LBMTE',OTC,0.125,0.125,153,0,Liberty Mint Ltd,0,0,0
20001101,31391,LBMTE',OTC,0.15625,0.15625,34,0,Liberty Mint Ltd,0,0,0
20001102,31391,LBMTE',OTC,0.15625,0.15625,70,0,Liberty Mint Ltd,0,0,0
20001103,31391,LBMTE',OTC,0.125,0.125,3497,0,Liberty Mint Ltd,0,0,0
20001106,31391,LBMTE',OTC,0.15625,0.15625,443,0,Liberty Mint Ltd,0,0,0
20001107,31391,LBMTE',OTC,0.140625,0.140625,334,0,Liberty Mint Ltd,0,0,0
20001108,31391,LBMTE',OTC,0.140625,0.140625,20,0,Liberty Mint Ltd,0,0,0
20001109,31391,LBMTE',OTC,0.09375,0.09375,2337,0,Liberty Mint Ltd,0,0,0
20001110,31391,LBMTE',OTC,0.09375,0.09375,183,0,Liberty Mint Ltd,0,0,0
20001113,31391,LBMTE',OTC,0.09375,0.09375,616,0,Liberty Mint Ltd,0,0,0
20001114,31391,LBMTE',OTC,0.078125,0.078125,897,0,Liberty Mint Ltd,0,0,0
20001115,31391,LBMTE',OTC,0.0625,0.0625,1530,0,Liberty Mint Ltd,0,0,0
20001116,31391,LBMTE',OTC,0.078125,0.078125,1690,0,Liberty Mint Ltd,0,0,0
20001117,31391,LBMTE',OTC,0.0625,0.0625,1060,0,Liberty Mint Ltd,0,0,0
20001120,31391,LBMTE',OTC,0.0625,0.0625,321,0,Liberty Mint Ltd,0,0,0
20001121,31391,LBMTE',OTC,0.0625,0.0625,280,0,Liberty Mint Ltd,0,0,0
20001122,31391,LBMTE',OTC,0.0625,0.0625,816,0,Liberty Mint Ltd,0,0,0
20001124,31391,LBMTE',OTC,0.0625,0.0625,1010,0,Liberty Mint Ltd,0,0,0
20001127,31391,LBMTE',OTC,0.0625,0.0625,690,0,Liberty Mint Ltd,0,0,0
20001128,31391,LBMTE',OTC,0.0625,0.0625,2635,0,Liberty Mint Ltd,0,0,0
20001129,31391,LBMTE',OTC,0.0625,0.0625,1775,0,Liberty Mint Ltd,0,0,0
20001130,31391,LBMTE',OTC,0.046875,0.046875,4567,0,Liberty Mint Ltd,0,0,0
20001201,31391,LBMTE',OTC,0.0625,0.0625,39,0,Liberty Mint Ltd,0,0,0
20001204,31391,LBMTE',OTC,0.046875,0.046875,114,0,Liberty Mint Ltd,0,0,0
20001205,31391,LBMTE',OTC,0.046875,0.046875,173,0,Liberty Mint Ltd,0,0,0
20001206,31391,LBMTE',OTC,0.0625,0.0625,103,0,Liberty Mint Ltd,0,0,0
20001207,31391,LBMTE',OTC,0.0625,0.0625,30,0,Liberty Mint Ltd,0,0,0
20001208,31391,LBMTE',OTC,0.046875,0.046875,2160,0,Liberty Mint Ltd,0,0,0
20001211,31391,LBMTE',OTC,0.03125,0.03125,29993,0,Liberty Mint Ltd,0,0,0
20001212,31391,LBMTE',OTC,0.03125,0.03125,2455,0,Liberty Mint Ltd,0,0,0
20001213,31391,LBMTE',OTC,0.03125,0.03125,15900,0,Liberty Mint Ltd,0,0,0
20001214,31391,LBMTE',OTC,0.03125,0.03125,1001,0,Liberty Mint Ltd,0,0,0
20001215,31391,LBMTE',OTC,0.015625,0.015625,23634,0,Liberty Mint Ltd,0,0,0
20001218,31391,LBMTE',OTC,0.015625,0.015625,39435,0,Liberty Mint Ltd,0,0,0
20001219,31391,LBMTE',OTC,0.015625,0.015625,8010,0,Liberty Mint Ltd,0,0,0
20001220,31391,LBMTE',OTC,0.015625,0.015625,4989,0,Liberty Mint Ltd,0,0,0
20001221,31391,LBMTE',OTC,0.015625,0.015625,15745,0,Liberty Mint Ltd,0,0,0
20001222,31391,LBMTE',OTC,0.015625,0.015625,5873,0,Liberty Mint Ltd,0,0,0
20001226,31391,LBMTE',OTC,0.015625,0.015625,22096,0,Liberty Mint Ltd,0,0,0
20001227,31391,LBMTE',OTC,0.03125,0.03125,6032,0,Liberty Mint Ltd,0,0,0
20001228,31391,LBMTE',OTC,0.03125,0.03125,1931,0,Liberty Mint Ltd,0,0,0
20001229,31391,LBMTE',OTC,0.03125,0.03125,8296,0,Liberty Mint Ltd,0,0,0
20010102,31391,LBMTE',OTC,0.03125,0.03125,491,0,Liberty Mint Ltd,0,0,0
20010103,31391,LBMTE',OTC,0.03125,0.03125,1618,0,Liberty Mint Ltd,0,0,0
20010104,31391,LBMTE',OTC,0.03125,0.03125,2703,0,Liberty Mint Ltd,0,0,0
20010105,31391,LBMTE',OTC,0.03125,0.03125,415,0,Liberty Mint Ltd,0,0,0
20010108,31391,LBMTE',OTC,0.03125,0.03125,1319,0,Liberty Mint Ltd,0,0,0
20010109,31391,LBMTE',OTC,0.03125,0.03125,1127,0,Liberty Mint Ltd,0,0,0
20010110,31391,LBMTE',OTC,0.03125,0.03125,255,0,Liberty Mint Ltd,0,0,0
20010111,31391,LBMTE',OTC,0.03125,0.03125,200,0,Liberty Mint Ltd,0,0,0
20010112,31391,LBMTE',OTC,0.03125,0.03125,1011,0,Liberty Mint Ltd,0,0,0
20010116,31391,LBMTE',OTC,0.03125,0.03125,1964,0,Liberty Mint Ltd,0,0,0
20010117,31391,LBMTE',OTC,0.03125,0.03125,613,0,Liberty Mint Ltd,0,0,0
20010118,31391,LBMTE',OTC,0.03125,0.03125,125,0,Liberty Mint Ltd,0,0,0
20010119,31391,LBMTE',OTC,0.03125,0.03125,200,0,Liberty Mint Ltd,0,0,0
20010122,31391,LBMTE',OTC,0.03125,0.03125,216,0,Liberty Mint Ltd,0,0,0
20010123,31391,LBMTE',OTC,0.03125,0.03125,1568,0,Liberty Mint Ltd,0,0,0
20010124,31391,LBMTE',OTC,0.03125,0.03125,895,0,Liberty Mint Ltd,0,0,0
20010125,31391,LBMTE',OTC,0.03125,0.03125,519,0,Liberty Mint Ltd,0,0,0
20010126,31391,LBMTE',OTC,0.03125,0.03125,705,0,Liberty Mint Ltd,0,0,0
20010129,31391,LBMTE',OTC,0.015625,0.015625,1686,0,Liberty Mint Ltd,0,0,0
20010130,31391,LBMTE',OTC,0.03125,0.03125,1135,0,Liberty Mint Ltd,0,0,0
20010131,31391,LBMTE',OTC,0.03125,0.03125,0,0,Liberty Mint Ltd,0,0,0
20010201,31391,LBMTE',OTC,0.03125,0.03125,300,0,Liberty Mint Ltd,0,0,0
20010202,31391,LBMTE',OTC,0.03125,0.03125,1086,0,Liberty Mint Ltd,0,0,0
20010205,31391,LBMTE',OTC,0.03125,0.03125,2813,0,Liberty Mint Ltd,0,0,0
20010206,31391,LBMTE',OTC,0.046875,0.046875,14998,0,Liberty Mint Ltd,0,0,0
20010207,31391,LBMTE',OTC,0.03125,0.03125,7983,0,Liberty Mint Ltd,0,0,0
20010208,31391,LBMTE',OTC,0.03125,0.03125,1585,0,Liberty Mint Ltd,0,0,0
20010209,31391,LBMTE',OTC,0.03125,0.03125,260,0,Liberty Mint Ltd,0,0,0
20010212,31391,LBMTE',OTC,0.03125,0.03125,2050,0,Liberty Mint Ltd,0,0,0
20010213,31391,LBMTE',OTC,0.03125,0.03125,120,0,Liberty Mint Ltd,0,0,0
20010214,31391,LBMTE',OTC,0.03125,0.03125,363,0,Liberty Mint Ltd,0,0,0
20010215,31391,LBMTE',OTC,0.03125,0.03125,1283,0,Liberty Mint Ltd,0,0,0
20010216,31391,LBMTE',OTC,0.03125,0.03125,387,0,Liberty Mint Ltd,0,0,0
20010220,31391,LBMTE',OTC,0.03125,0.03125,2742,0,Liberty Mint Ltd,0,0,0
20010221,31391,LBMTE',OTC,0.03125,0.03125,577,0,Liberty Mint Ltd,0,0,0
20010222,31391,LBMTE',OTC,0.03125,0.03125,1038,0,Liberty Mint Ltd,0,0,0
20010223,31391,LBMTE',OTC,0.03125,0.03125,812,0,Liberty Mint Ltd,0,0,0
20010226,31391,LBMTE',OTC,0.03125,0.03125,1446,0,Liberty Mint Ltd,0,0,0
20010227,31391,LBMTE',OTC,0.03125,0.03125,251,0,Liberty Mint Ltd,0,0,0
20010228,31391,LBMTE',OTC,0.03125,0.03125,561,0,Liberty Mint Ltd,0,0,0
20010301,31391,LBMTE',OTC,0.03125,0.03125,900,0,Liberty Mint Ltd,0,0,0
20010302,31391,LBMTE',OTC,0.03125,0.03125,458,0,Liberty Mint Ltd,0,0,0
20010305,31391,LBMTE',OTC,0.03125,0.03125,0,0,Liberty Mint Ltd,0,0,0
20010306,31391,LBMTE',OTC,0.03125,0.03125,433,0,Liberty Mint Ltd,0,0,0
20010307,31391,LBMTE',OTC,0.03125,0.03125,419,0,Liberty Mint Ltd,0,0,0
20010308,31391,LBMTE',OTC,0.03125,0.03125,126,0,Liberty Mint Ltd,0,0,0
20010309,31391,LBMTE',OTC,0.03125,0.03125,290,0,Liberty Mint Ltd,0,0,0
20010312,31391,LBMTE',OTC,0.03125,0.03125,770,0,Liberty Mint Ltd,0,0,0
20010313,31391,LBMTE',OTC,0.03125,0.03125,175,0,Liberty Mint Ltd,0,0,0
20010314,31391,LBMTE',OTC,0.03125,0.03125,520,0,Liberty Mint Ltd,0,0,0
20010315,31391,LBMTE',OTC,0.03125,0.03125,48,0,Liberty Mint Ltd,0,0,0
20010316,31391,LBMTE',OTC,0.03125,0.03125,2280,0,Liberty Mint Ltd,0,0,0
20010319,31391,LBMTE',OTC,0.03125,0.03125,160,0,Liberty Mint Ltd,0,0,0
20010320,31391,LBMTE',OTC,0.03125,0.03125,200,0,Liberty Mint Ltd,0,0,0
20010321,31391,LBMTE',OTC,0.03125,0.03125,470,0,Liberty Mint Ltd,0,0,0
20010322,31391,LBMTE',OTC,0.03125,0.03125,300,0,Liberty Mint Ltd,0,0,0
20010323,31391,LBMTE',OTC,0.03125,0.03125,250,0,Liberty Mint Ltd,0,0,0
20010326,31391,LBMTE',OTC,0.03125,0.03125,250,0,Liberty Mint Ltd,0,0,0
20010327,31391,LBMTE',OTC,0.015625,0.015625,2470,0,Liberty Mint Ltd,0,0,0
20010328,31391,LBMTE',OTC,0.015625,0.015625,541,0,Liberty Mint Ltd,0,0,0
20010329,31391,LBMTE',OTC,0.015625,0.015625,520,0,Liberty Mint Ltd,0,0,0
20010330,31391,LBMTE',OTC,0.03125,0.03125,250,0,Liberty Mint Ltd,0,0,0
20010402,31391,LBMTE',OTC,0.015625,0.015625,1900,0,Liberty Mint Ltd,0,0,0
20010403,31391,LBMTE',OTC,0.015625,0.015625,1290,0,Liberty Mint Ltd,0,0,0
20010404,31391,LBMTE',OTC,0.015625,0.015625,1000,0,Liberty Mint Ltd,0,0,0
20010405,31391,LBMTE',OTC,0.015625,0.015625,0,0,Liberty Mint Ltd,0,0,0
20010406,31391,LBMTE',OTC,0.03125,0.03125,7750,0,Liberty Mint Ltd,0,0,0
20010409,31391,LBMTE',OTC,0.03,0.03,350,0,Liberty Mint Ltd,0,0,0
20010410,31391,LBMTE',OTC,0.03,0.03,0,0,Liberty Mint Ltd,0,0,0
20010411,31391,LBMTE',OTC,0.03,0.03,130,0,Liberty Mint Ltd,0,0,0
20010412,31391,LBMTE',OTC,0.03,0.03,100,0,Liberty Mint Ltd,0,0,0
20010416,31391,LBMTE',OTC,0.03,0.03,803,0,Liberty Mint Ltd,0,0,0
20010417,31391,LBMTE',OTC,0.03,0.03,99,0,Liberty Mint Ltd,0,0,0
20010418,31391,LBMTE',OTC,0.03,0.03,1496,0,Liberty Mint Ltd,0,0,0
20010419,31391,LBMTE',OTC,0.03,0.03,0,0,Liberty Mint Ltd,0,0,0
20010420,31391,LBMTE',OTC,0.02,0.02,7050,0,Liberty Mint Ltd,0,0,0
20010423,31391,LBMTE',OTC,0.02,0.02,383,0,Liberty Mint Ltd,0,0,0
20010424,31391,LBMTE',OTC,0.02,0.02,0,0,Liberty Mint Ltd,0,0,0
20010425,31391,LBMTE',OTC,0.02,0.02,33,0,Liberty Mint Ltd,0,0,0
20010426,31391,LBMTE',OTC,0.02,0.02,0,0,Liberty Mint Ltd,0,0,0
20010427,31391,LBMTE',OTC,0.02,0.02,12135,0,Liberty Mint Ltd,0,0,0
20010430,31391,LBMTE',OTC,0.02,0.02,175,0,Liberty Mint Ltd,0,0,0
20010501,31391,LBMTE',OTC,0.02,0.02,3800,0,Liberty Mint Ltd,0,0,0
20010502,31391,LBMTE',OTC,0.02,0.02,3323,0,Liberty Mint Ltd,0,0,0
20010503,31391,LBMTE',OTC,0.02,0.02,0,0,Liberty Mint Ltd,0,0,0
20010504,31391,LBMTE',OTC,0.02,0.02,250,0,Liberty Mint Ltd,0,0,0
20010507,31391,LBMTE',OTC,0.03,0.03,500,0,Liberty Mint Ltd,0,0,0
20010508,31391,LBMTE',OTC,0.03,0.03,3,0,Liberty Mint Ltd,0,0,0
20010509,31391,LBMTE',OTC,0.03,0.03,232,0,Liberty Mint Ltd,0,0,0
20010510,31391,LBMTE',OTC,0.03,0.03,0,0,Liberty Mint Ltd,0,0,0
20010511,31391,LBMTE',OTC,0.03,0.03,430,0,Liberty Mint Ltd,0,0,0
20010514,31391,LBMTE',OTC,0.03,0.03,50,0,Liberty Mint Ltd,0,0,0
20010515,31391,LBMTE',OTC,0.03,0.03,32,0,Liberty Mint Ltd,0,0,0
20010516,31391,LBMTE',OTC,0.02,0.02,818,0,Liberty Mint Ltd,0,0,0
20010517,31391,LBMTE',OTC,0.02,0.02,0,0,Liberty Mint Ltd,0,0,0
20010518,31391,LBMTE',OTC,0.02,0.02,7,0,Liberty Mint Ltd,0,0,0
20010521,31391,LBMTE',OTC,0.02,0.02,4,0,Liberty Mint Ltd,0,0,0
20010522,31391,LBMTE',OTC,0.02,0.02,0,0,Liberty Mint Ltd,0,0,0
20010523,31391,LBMTE',OTC,0.03,0.03,550,0,Liberty Mint Ltd,0,0,0
20010524,31391,LBMTE',OTC,0.03,0.03,250,0,Liberty Mint Ltd,0,0,0
20010525,31391,LBMTE',OTC,0.03,0.03,0,0,Liberty Mint Ltd,0,0,0
20010529,31391,LBMTE',OTC,0.03,0.03,0,0,Liberty Mint Ltd,0,0,0
20010530,31391,LBMTE',OTC,0.03,0.03,0,0,Liberty Mint Ltd,0,0,0
20010531,31391,LBMTE',OTC,0.03,0.03,0,0,Liberty Mint Ltd,0,0,0
20010601,31391,LBMTE',OTC,0.02,0.02,950,0,Liberty Mint Ltd,0,0,0
20010604,31391,LBMTE',OTC,0.03,0.03,320,0,Liberty Mint Ltd,0,0,0
20010605,31391,LBMTE',OTC,0.03,0.03,420,0,Liberty Mint Ltd,0,0,0
20010606,31391,LBMTE',OTC,0.03,0.03,0,0,Liberty Mint Ltd,0,0,0
20010607,31391,LBMTE',OTC,0.03,0.03,1375,0,Liberty Mint Ltd,0,0,0
20010608,31391,LBMTE',OTC,0.04,0.04,2022,0,Liberty Mint Ltd,0,0,0
20010611,31391,LBMTE',OTC,0.03,0.03,3510,0,Liberty Mint Ltd,0,0,0
20010612,31391,LBMTE',OTC,0.03,0.03,3,0,Liberty Mint Ltd,0,0,0
20010613,31391,LBMTE',OTC,0.03,0.03,0,0,Liberty Mint Ltd,0,0,0
20010614,31391,LBMTE',OTC,0.04,0.04,1794,0,Liberty Mint Ltd,0,0,0
20010615,31391,LBMTE',OTC,0.03,0.03,360,0,Liberty Mint Ltd,0,0,0
20010618,31391,LBMTE',OTC,0.03,0.03,1289,0,Liberty Mint Ltd,0,0,0
20010619,31391,LBMTE',OTC,0.03,0.03,608,0,Liberty Mint Ltd,0,0,0
20010620,31391,LBMTE',OTC,0.03,0.03,200,0,Liberty Mint Ltd,0,0,0
20010621,31391,LBMTE',OTC,0.03,0.03,0,0,Liberty Mint Ltd,0,0,0
20010622,31391,LBMTE',OTC,0.03,0.03,780,0,Liberty Mint Ltd,0,0,0
20010625,31391,LBMTE',OTC,0.03,0.03,0,0,Liberty Mint Ltd,0,0,0
20010626,31391,LBMTE',OTC,0.03,0.03,2204,0,Liberty Mint Ltd,0,0,0
20010627,31391,LBMTE',OTC,0.03,0.03,0,0,Liberty Mint Ltd,0,0,0
20010628,31391,LBMTE',OTC,0.03,0.03,10,0,Liberty Mint Ltd,0,0,0
20010629,31391,LBMTE',OTC,0.03,0.03,100,0,Liberty Mint Ltd,0,0,0
20010702,31391,LBMTE',OTC,0.04,0.04,150,0,Liberty Mint Ltd,0,0,0
20010703,31391,LBMTE',OTC,0.04,0.04,0,0,Liberty Mint Ltd,0,0,0
20010705,31391,LBMTE',OTC,0.03,0.03,1,0,Liberty Mint Ltd,0,0,0
20010706,31391,LBMTE',OTC,0.03,0.03,4,0,Liberty Mint Ltd,0,0,0
20010709,31391,LBMTE',OTC,0.03,0.03,179,0,Liberty Mint Ltd,0,0,0
20010710,31391,LBMTE',OTC,0.03,0.03,151,0,Liberty Mint Ltd,0,0,0
20010711,31391,LBMTE',OTC,0.03,0.03,350,0,Liberty Mint Ltd,0,0,0
20010712,31391,LBMTE',OTC,0.04,0.04,504,0,Liberty Mint Ltd,0,0,0
20010713,31391,LBMTE',OTC,0.03,0.03,490,0,Liberty Mint Ltd,0,0,0
20010716,31391,LBMTE',OTC,0.03,0.03,108,0,Liberty Mint Ltd,0,0,0
20010717,31391,LBMTE',OTC,0.03,0.03,570,0,Liberty Mint Ltd,0,0,0
20010718,31391,LBMTE',OTC,0.03,0.03,1050,0,Liberty Mint Ltd,0,0,0
20010719,31391,LBMTE',OTC,0.03,0.03,0,0,Liberty Mint Ltd,0,0,0
20010720,31391,LBMTE',OTC,0.03,0.03,0,0,Liberty Mint Ltd,0,0,0
20010723,31391,LBMTE',OTC,0.03,0.03,0,0,Liberty Mint Ltd,0,0,0
20010724,31391,LBMTE',OTC,0.03,0.03,0,0,Liberty Mint Ltd,0,0,0
20010725,31391,LBMTE',OTC,0.03,0.03,0,0,Liberty Mint Ltd,0,0,0
20010726,31391,LBMTE',OTC,0.03,0.03,0,0,Liberty Mint Ltd,0,0,0
20010727,31391,LBMTE',OTC,0.03,0.03,780,0,Liberty Mint Ltd,0,0,0
20010730,31391,LBMTE',OTC,0.03,0.03,830,0,Liberty Mint Ltd,0,0,0
20010731,31391,LBMTE',OTC,0.03,0.03,1026,0,Liberty Mint Ltd,0,0,0
20010801,31391,LBMTE',OTC,0.03,0.03,200,0,Liberty Mint Ltd,0,0,0
20010802,31391,LBMTE',OTC,0.03,0.03,0,0,Liberty Mint Ltd,0,0,0
20010803,31391,LBMTE',OTC,0.03,0.03,0,0,Liberty Mint Ltd,0,0,0
20010806,31391,LBMTE',OTC,0.03,0.03,36,0,Liberty Mint Ltd,0,0,0
20010807,31391,LBMTE',OTC,0.04,0.04,10378,0,Liberty Mint Ltd,0,0,0
20010808,31391,LBMTE',OTC,0.04,0.04,302,0,Liberty Mint Ltd,0,0,0
20010809,31391,LBMTE',OTC,0.04,0.04,1223,0,Liberty Mint Ltd,0,0,0
20010810,31391,LBMTE',OTC,0.04,0.04,2700,0,Liberty Mint Ltd,0,0,0
20010813,31391,LBMTE',OTC,0.05,0.05,477,0,Liberty Mint Ltd,0,0,0
20010814,31391,LBMTE',OTC,0.05,0.05,10177,0,Liberty Mint Ltd,0,0,0
20010815,31391,LBMTE',OTC,0.05,0.05,3416,0,Liberty Mint Ltd,0,0,0
20010816,31391,LBMTE',OTC,0.05,0.05,308,0,Liberty Mint Ltd,0,0,0
20010817,31391,LBMTE',OTC,0.05,0.05,3245,0,Liberty Mint Ltd,0,0,0
20010820,31391,LBMTE',OTC,0.05,0.05,110,0,Liberty Mint Ltd,0,0,0
20010821,31391,LBMTE',OTC,0.05,0.05,293,0,Liberty Mint Ltd,0,0,0
20010822,31391,LBMTE',OTC,0.06,0.06,116,0,Liberty Mint Ltd,0,0,0
20010823,31391,LBMTE',OTC,0.05,0.05,994,0,Liberty Mint Ltd,0,0,0
20010824,31391,LBMTE',OTC,0.05,0.05,125,0,Liberty Mint Ltd,0,0,0
20010827,31391,LBMTE',OTC,0.06,0.06,300,0,Liberty Mint Ltd,0,0,0
20010828,31391,LBMTE',OTC,0.05,0.05,216,0,Liberty Mint Ltd,0,0,0
20010829,31391,LBMTE',OTC,0.05,0.05,55,0,Liberty Mint Ltd,0,0,0
20010830,31391,LBMTE',OTC,0.06,0.06,2537,0,Liberty Mint Ltd,0,0,0
20010831,31391,LBMTE',OTC,0.05,0.05,6,0,Liberty Mint Ltd,0,0,0
20010904,31391,LBMTE',OTC,0.05,0.05,10,0,Liberty Mint Ltd,0,0,0
20010905,31391,LBMTE',OTC,0.06,0.06,1787,0,Liberty Mint Ltd,0,0,0
20010906,31391,LBMTE',OTC,0.06,0.06,0,0,Liberty Mint Ltd,0,0,0
20010907,31391,LBMTE',OTC,0.05,0.05,600,0,Liberty Mint Ltd,0,0,0
20010910,31391,LBMTE',OTC,0.05,0.05,132,0,Liberty Mint Ltd,0,0,0
20010917,31391,LBMTE',OTC,0.05,0.05,570,0,Liberty Mint Ltd,0,0,0
20010918,31391,LBMTE',OTC,0.05,0.05,2980,0,Liberty Mint Ltd,0,0,0
20010919,31391,LBMTE',OTC,0.05,0.05,2400,0,Liberty Mint Ltd,0,0,0
20010920,31391,LBMTE',OTC,0.04,0.04,8750,0,Liberty Mint Ltd,0,0,0
20010921,31391,LBMTE',OTC,0.04,0.04,315,0,Liberty Mint Ltd,0,0,0
20010924,31391,LBMTE',OTC,0.03,0.03,266,0,Liberty Mint Ltd,0,0,0
20010925,31391,LBMTE',OTC,0.04,0.04,400,0,Liberty Mint Ltd,0,0,0
20010926,31391,LBMTE',OTC,0.03,0.03,50,0,Liberty Mint Ltd,0,0,0
20010927,31391,LBMTE',OTC,0.03,0.03,700,0,Liberty Mint Ltd,0,0,0
20010928,31391,LBMTE',OTC,0.03,0.03,0,0,Liberty Mint Ltd,0,0,0
20011001,31391,LBMTE',OTC,0.03,0.03,0,0,Liberty Mint Ltd,0,0,0
20011002,31391,LBMTE',OTC,0.03,0.03,82,0,Liberty Mint Ltd,0,0,0
20011003,31391,LBMTE',OTC,0.03,0.03,0,0,Liberty Mint Ltd,0,0,0
20011004,31391,LBMTE',OTC,0.02,0.02,750,0,Liberty Mint Ltd,0,0,0
20011005,31391,LBMTE',OTC,0.02,0.02,0,0,Liberty Mint Ltd,0,0,0
20011008,31391,LBMTE',OTC,0.01,0.01,1400,0,Liberty Mint Ltd,0,0,0
20011009,31391,LBMTE',OTC,0.01,0.01,0,0,Liberty Mint Ltd,0,0,0
20011010,31391,LBMTE',OTC,0.01,0.01,0,0,Liberty Mint Ltd,0,0,0
20011011,31391,LBMTE',OTC,0.01,0.01,0,0,Liberty Mint Ltd,0,0,0
20011012,31391,LBMTE',OTC,0.01,0.01,9,0,Liberty Mint Ltd,0,0,0
20011015,31391,LBMTE',OTC,0.01,0.01,0,0,Liberty Mint Ltd,0,0,0
20011016,31391,LBMTE',OTC,0.01,0.01,0,0,Liberty Mint Ltd,0,0,0
20011017,31391,LBMTE',OTC,0.01,0.01,0,0,Liberty Mint Ltd,0,0,0
20011018,31391,LBMTE',OTC,0.01,0.01,0,0,Liberty Mint Ltd,0,0,0
20011019,31391,LBMTE',OTC,0.01,0.01,0,0,Liberty Mint Ltd,0,0,0
20011022,31391,LBMTE',OTC,0.01,0.01,15,0,Liberty Mint Ltd,0,0,0
20011023,31391,LBMTE',OTC,0.01,0.01,0,0,Liberty Mint Ltd,0,0,0
20011024,31391,LBMTE',OTC,0.01,0.01,430,0,Liberty Mint Ltd,0,0,0
20011025,31391,LBMTE',OTC,0.01,0.01,300,0,Liberty Mint Ltd,0,0,0
20011026,31391,LBMTE',OTC,0.01,0.01,0,0,Liberty Mint Ltd,0,0,0
20011029,31391,LBMTE',OTC,0.01,0.01,520,0,Liberty Mint Ltd,0,0,0
20011030,31391,LBMTE',OTC,0.01,0.01,250,0,Liberty Mint Ltd,0,0,0
20011031,31391,LBMTE',OTC,0.02,0.02,21,0,Liberty Mint Ltd,0,0,0
20011101,31391,LBMTE',OTC,0.03,0.03,100,0,Liberty Mint Ltd,0,0,0
20011102,31391,LBMTE',OTC,0.03,0.03,0,0,Liberty Mint Ltd,0,0,0
20011105,31391,LBMTE',OTC,0.03,0.03,0,0,Liberty Mint Ltd,0,0,0
20011106,31391,LBMTE',OTC,0.02,0.02,350,0,Liberty Mint Ltd,0,0,0
20011107,31391,LBMTE',OTC,0.02,0.02,250,0,Liberty Mint Ltd,0,0,0
20011108,31391,LBMTE',OTC,0.02,0.02,2436,0,Liberty Mint Ltd,0,0,0
20011109,31391,LBMTE',OTC,0.02,0.02,0,0,Liberty Mint Ltd,0,0,0
20011112,31391,LBMTE',OTC,0.02,0.02,0,0,Liberty Mint Ltd,0,0,0
20011113,31391,LBMTE',OTC,0.02,0.02,1200,0,Liberty Mint Ltd,0,0,0
20011114,31391,LBMTE',OTC,0.02,0.02,1000,0,Liberty Mint Ltd,0,0,0
20011115,31391,LBMTE',OTC,0.02,0.02,229,0,Liberty Mint Ltd,0,0,0
20011116,31391,LBMTE',OTC,0.02,0.02,1000,0,Liberty Mint Ltd,0,0,0
20011119,31391,LBMTE',OTC,0.02,0.02,1000,0,Liberty Mint Ltd,0,0,0
20011120,31391,LBMTE',OTC,0.02,0.02,100,0,Liberty Mint Ltd,0,0,0
20011121,31391,LBMTE',OTC,0.01,0.01,23,0,Liberty Mint Ltd,0,0,0
20011123,31391,LBMTE',OTC,0.01,0.01,0,0,Liberty Mint Ltd,0,0,0
20011126,31391,LBMTE',OTC,0.01,0.01,0,0,Liberty Mint Ltd,0,0,0
20011127,31391,LBMTE',OTC,0.01,0.01,0,0,Liberty Mint Ltd,0,0,0
20011128,31391,LBMTE',OTC,0.01,0.01,0,0,Liberty Mint Ltd,0,0,0
20011129,31391,LBMTE',OTC,0.02,0.02,2,0,Liberty Mint Ltd,0,0,0
20011130,31391,LBMTE',OTC,0.02,0.02,23,0,Liberty Mint Ltd,0,0,0
20011203,31391,LBMTE',OTC,0.01,0.01,110,0,Liberty Mint Ltd,0,0,0
20011204,31391,LBMTE',OTC,0.01,0.01,113,0,Liberty Mint Ltd,0,0,0
20011205,31391,LBMTE',OTC,0.01,0.01,0,0,Liberty Mint Ltd,0,0,0
20011206,31391,LBMTE',OTC,0.01,0.01,0,0,Liberty Mint Ltd,0,0,0
20011207,31391,LBMTE',OTC,0.02,0.02,3253,0,Liberty Mint Ltd,0,0,0
20011210,31391,LBMTE',OTC,0.02,0.02,0,0,Liberty Mint Ltd,0,0,0
20011211,31391,LBMTE',OTC,0.02,0.02,160,0,Liberty Mint Ltd,0,0,0
20011212,31391,LBMTE',OTC,0.02,0.02,503,0,Liberty Mint Ltd,0,0,0
20011213,31391,LBMTE',OTC,0.02,0.02,50,0,Liberty Mint Ltd,0,0,0
20011214,31391,LBMTE',OTC,0.02,0.02,0,0,Liberty Mint Ltd,0,0,0
20011217,31391,LBMTE',OTC,0.02,0.02,2575,0,Liberty Mint Ltd,0,0,0
20011218,31391,LBMTE',OTC,0.02,0.02,32,0,Liberty Mint Ltd,0,0,0
20011219,31391,LBMTE',OTC,0.02,0.02,50,0,Liberty Mint Ltd,0,0,0
20011220,31391,LBMTE',OTC,0.02,0.02,200,0,Liberty Mint Ltd,0,0,0
20011221,31391,LBMTE',OTC,0.02,0.02,454,0,Liberty Mint Ltd,0,0,0
20011224,31391,LBMTE',OTC,0.02,0.02,1514,0,Liberty Mint Ltd,0,0,0
20011226,31391,LBMTE',OTC,0.02,0.02,139,0,Liberty Mint Ltd,0,0,0
20011227,31391,LBMTE',OTC,0.02,0.02,24,0,Liberty Mint Ltd,0,0,0
20011228,31391,LBMTE',OTC,0.02,0.02,139,0,Liberty Mint Ltd,0,0,0
20011231,31391,LBMTE',OTC,0.03,0.03,34,0,Liberty Mint Ltd,0,0,0
20020102,31391,LBMTE',OTC,0.03,0.03,0,0,Liberty Mint Ltd,0,0,0
20020103,31391,LBMTE',OTC,0.03,0.03,0,0,Liberty Mint Ltd,0,0,0
20020104,31391,LBMTE',OTC,0.03,0.03,0,0,Liberty Mint Ltd,0,0,0
20020107,31391,LBMTE',OTC,0.03,0.03,0,0,Liberty Mint Ltd,0,0,0
20020108,31391,LBMTE',OTC,0.03,0.03,0,0,Liberty Mint Ltd,0,0,0
20020109,31391,LBMTE',OTC,0.03,0.03,0,0,Liberty Mint Ltd,0,0,0
20020110,31391,LBMTE',OTC,0.03,0.03,200,0,Liberty Mint Ltd,0,0,0
20020111,31391,LBMTE',OTC,0.03,0.03,1000,0,Liberty Mint Ltd,0,0,0
20020114,31391,LBMTE',OTC,0.03,0.03,0,0,Liberty Mint Ltd,0,0,0
20020115,31391,LBMTE',OTC,0.03,0.03,0,0,Liberty Mint Ltd,0,0,0
20020116,31391,LBMTE',OTC,0.03,0.03,0,0,Liberty Mint Ltd,0,0,0
20020117,31391,LBMTE',OTC,0.03,0.03,26,0,Liberty Mint Ltd,0,0,0
20020118,31391,LBMTE',OTC,0.03,0.03,251,0,Liberty Mint Ltd,0,0,0
20020122,31391,LBMTE',OTC,0.03,0.03,83,0,Liberty Mint Ltd,0,0,0
20020123,31391,LBMTE',OTC,0.03,0.03,5,0,Liberty Mint Ltd,0,0,0
20020124,31391,LBMTE',OTC,0.03,0.03,180,0,Liberty Mint Ltd,0,0,0
20020125,31391,LBMTE',OTC,0.03,0.03,0,0,Liberty Mint Ltd,0,0,0
20020128,31391,LBMTE',OTC,0.03,0.03,1000,0,Liberty Mint Ltd,0,0,0
20020129,31391,LBMTE',OTC,0.03,0.03,0,0,Liberty Mint Ltd,0,0,0
20020130,31391,LBMTE',OTC,0.03,0.03,120,0,Liberty Mint Ltd,0,0,0
20020131,31391,LBMTE',OTC,0.02,0.02,858,0,Liberty Mint Ltd,0,0,0
20020201,31391,LBMTE',OTC,0.02,0.02,0,0,Liberty Mint Ltd,0,0,0
20020204,31391,LBMTE',OTC,0.02,0.02,0,0,Liberty Mint Ltd,0,0,0
20020205,31391,LBMTE',OTC,0.02,0.02,13,0,Liberty Mint Ltd,0,0,0
20020206,31391,LBMTE',OTC,0.02,0.02,355,0,Liberty Mint Ltd,0,0,0
20020207,31391,LBMTE',OTC,0.02,0.02,1,0,Liberty Mint Ltd,0,0,0
20020208,31391,LBMTE',OTC,0.02,0.02,0,0,Liberty Mint Ltd,0,0,0
20020211,31391,LBMTE',OTC,0.02,0.02,0,0,Liberty Mint Ltd,0,0,0
20020212,31391,LBMTE',OTC,0.02,0.02,0,0,Liberty Mint Ltd,0,0,0
20020213,31391,LBMTE',OTC,0.02,0.02,140,0,Liberty Mint Ltd,0,0,0
20020214,31391,LBMTE',OTC,0.02,0.02,0,0,Liberty Mint Ltd,0,0,0
20020215,31391,LBMTE',OTC,0.02,0.02,0,0,Liberty Mint Ltd,0,0,0
20020219,31391,LBMTE',OTC,0.02,0.02,0,0,Liberty Mint Ltd,0,0,0
20020220,31391,LBMTE',OTC,0.02,0.02,20,0,Liberty Mint Ltd,0,0,0
20020221,31391,LBMTE',OTC,0.02,0.02,0,0,Liberty Mint Ltd,0,0,0
20020222,31391,LBMTE',OTC,0.02,0.02,0,0,Liberty Mint Ltd,0,0,0
20020225,31391,LBMTE',OTC,0.02,0.02,25,0,Liberty Mint Ltd,0,0,0
20020226,31391,LBMTE',OTC,0.02,0.02,0,0,Liberty Mint Ltd,0,0,0
20020227,31391,LBMTE',OTC,0.02,0.02,0,0,Liberty Mint Ltd,0,0,0
20020228,31391,LBMTE',OTC,0.02,0.02,0,0,Liberty Mint Ltd,0,0,0
20020301,31391,LBMTE',OTC,0.02,0.02,10,0,Liberty Mint Ltd,0,0,0
20020304,31391,LBMTE',OTC,0.02,0.02,0,0,Liberty Mint Ltd,0,0,0
20020305,31391,LBMTE',OTC,0.02,0.02,50,0,Liberty Mint Ltd,0,0,0
20020306,31391,LBMTE',OTC,0.02,0.02,0,0,Liberty Mint Ltd,0,0,0
20020307,31391,LBMTE',OTC,0.02,0.02,0,0,Liberty Mint Ltd,0,0,0
20020308,31391,LBMTE',OTC,0.02,0.02,0,0,Liberty Mint Ltd,0,0,0
20020311,31391,LBMTE',OTC,0.02,0.02,0,0,Liberty Mint Ltd,0,0,0
20020312,31391,LBMTE',OTC,0.02,0.02,0,0,Liberty Mint Ltd,0,0,0
20020313,31391,LBMTE',OTC,0.02,0.02,1,0,Liberty Mint Ltd,0,0,0
20020314,31391,LBMTE',OTC,0.02,0.02,10,0,Liberty Mint Ltd,0,0,0
20020315,31391,LBMTE',OTC,0.02,0.02,0,0,Liberty Mint Ltd,0,0,0
20020318,31391,LBMTE',OTC,0.02,0.02,80,0,Liberty Mint Ltd,0,0,0
20020319,31391,LBMTE',OTC,0.02,0.02,0,0,Liberty Mint Ltd,0,0,0
20020320,31391,LBMTE',OTC,0.02,0.02,63,0,Liberty Mint Ltd,0,0,0
20020321,31391,LBMTE',OTC,0.02,0.02,0,0,Liberty Mint Ltd,0,0,0
20020322,31391,LBMTE',OTC,0.02,0.02,0,0,Liberty Mint Ltd,0,0,0
20020325,31391,LBMTE',OTC,0.02,0.02,200,0,Liberty Mint Ltd,0,0,0
20020326,31391,LBMTE',OTC,0.02,0.02,300,0,Liberty Mint Ltd,0,0,0
20020327,31391,LBMTE',OTC,0.02,0.02,54,0,Liberty Mint Ltd,0,0,0
20020328,31391,LBMTE',OTC,0.02,0.02,0,0,Liberty Mint Ltd,0,0,0
20020401,31391,LBMTE',OTC,0.02,0.02,0,0,Liberty Mint Ltd,0,0,0
20020402,31391,LBMTE',OTC,0.02,0.02,12,0,Liberty Mint Ltd,0,0,0
20020403,31391,LBMTE',OTC,0.02,0.02,9,0,Liberty Mint Ltd,0,0,0
20020404,31391,LBMTE',OTC,0.02,0.02,10,0,Liberty Mint Ltd,0,0,0
20020405,31391,LBMTE',OTC,0.02,0.02,10,0,Liberty Mint Ltd,0,0,0
20020408,31391,LBMTE',OTC,0.02,0.02,25,0,Liberty Mint Ltd,0,0,0
20020409,31391,LBMTE',OTC,0.02,0.02,0,0,Liberty Mint Ltd,0,0,0
20020410,31391,LBMTE',OTC,0.02,0.02,5,0,Liberty Mint Ltd,0,0,0
20020411,31391,LBMTE',OTC,0.02,0.02,412,0,Liberty Mint Ltd,0,0,0
20020412,31391,LBMTE',OTC,0.02,0.02,0,0,Liberty Mint Ltd,0,0,0
20020415,31391,LBMTE',OTC,0.02,0.02,20,0,Liberty Mint Ltd,0,0,0
20020416,31391,LBMTE',OTC,0.02,0.02,0,0,Liberty Mint Ltd,0,0,0
20020417,31391,LBMTE',OTC,0.02,0.02,10,0,Liberty Mint Ltd,0,0,0
20020418,31391,LBMTE',OTC,0.02,0.02,0,0,Liberty Mint Ltd,0,0,0
20020419,31391,LBMTE',OTC,0.02,0.02,0,0,Liberty Mint Ltd,0,0,0
20020422,31391,LBMTE',OTC,0.02,0.02,3,0,Liberty Mint Ltd,0,0,0
20020423,31391,LBMTE',OTC,0.02,0.02,0,0,Liberty Mint Ltd,0,0,0
20020424,31391,LBMTE',OTC,0.01,0.01,416,0,Liberty Mint Ltd,0,0,0
20020425,31391,LBMTE',OTC,0.01,0.01,16,0,Liberty Mint Ltd,0,0,0
20020426,31391,LBMTE',OTC,0.01,0.01,0,0,Liberty Mint Ltd,0,0,0
20020429,31391,LBMTE',OTC,0.01,0.01,6,0,Liberty Mint Ltd,0,0,0
20020430,31391,LBMTE',OTC,0.01,0.01,123,0,Liberty Mint Ltd,0,0,0
20020501,31391,LBMTE',OTC,0.01,0.01,29,0,Liberty Mint Ltd,0,0,0
20020502,31391,LBMTE',OTC,0.01,0.01,50,0,Liberty Mint Ltd,0,0,0
20020503,31391,LBMTE',OTC,0.01,0.01,10,0,Liberty Mint Ltd,0,0,0
20020506,31391,LBMTE',OTC,0.01,0.01,0,0,Liberty Mint Ltd,0,0,0
20020507,31391,LBMTE',OTC,0.01,0.01,0,0,Liberty Mint Ltd,0,0,0
20020508,31391,LBMTE',OTC,0.01,0.01,0,0,Liberty Mint Ltd,0,0,0
20020509,31391,LBMTE',OTC,0.01,0.01,312,0,Liberty Mint Ltd,0,0,0
20020510,31391,LBMTE',OTC,0.01,0.01,0,0,Liberty Mint Ltd,0,0,0
20020513,31391,LBMTE',OTC,0.01,0.01,0,0,Liberty Mint Ltd,0,0,0
20020514,31391,LBMTE',OTC,0.01,0.01,0,0,Liberty Mint Ltd,0,0,0
20020515,31391,LBMTE',OTC,0.01,0.01,0,0,Liberty Mint Ltd,0,0,0
20020516,31391,LBMTE',OTC,0.01,0.01,60,0,Liberty Mint Ltd,0,0,0
20020517,31391,LBMTE',OTC,0.01,0.01,295,0,Liberty Mint Ltd,0,0,0
20020520,31391,LBMTE',OTC,0.01,0.01,0,0,Liberty Mint Ltd,0,0,0
20020521,31391,LBMTE',OTC,0.01,0.01,75,0,Liberty Mint Ltd,0,0,0
20020522,31391,LBMTE',OTC,0.01,0.01,0,0,Liberty Mint Ltd,0,0,0
