DDate,CSINumber,Symbol,Exchange,DClose,UnAdjustedClose,TotalVolume,Cash,MarketName,PTB,PSR,DPS
19980507,31482,DISSE',OTC,4.25,4.25,676,0,Diversified Senior Services Inc,0,0,0
19980508,31482,DISSE',OTC,5,5,1150,0,Diversified Senior Services Inc,0,0,0
19980511,31482,DISSE',OTC,5.21875,5.21875,2041,0,Diversified Senior Services Inc,0,0,0
19980512,31482,DISSE',OTC,4.9375,4.9375,394,0,Diversified Senior Services Inc,0,0,0
19980513,31482,DISSE',OTC,5,5,839,0,Diversified Senior Services Inc,0,0,0
19980514,31482,DISSE',OTC,4.9375,4.9375,751,0,Diversified Senior Services Inc,0,0,0
19980515,31482,DISSE',OTC,4.9375,4.9375,559,0,Diversified Senior Services Inc,0,0,0
19980518,31482,DISSE',OTC,5,5,138,0,Diversified Senior Services Inc,0,0,0
19980519,31482,DISSE',OTC,4.9375,4.9375,230,0,Diversified Senior Services Inc,0,0,0
19980520,31482,DISSE',OTC,4.875,4.875,197,0,Diversified Senior Services Inc,0,0,0
19980521,31482,DISSE',OTC,4.9375,4.9375,155,0,Diversified Senior Services Inc,0,0,0
19980522,31482,DISSE',OTC,4.9375,4.9375,39,0,Diversified Senior Services Inc,0,0,0
19980526,31482,DISSE',OTC,4.625,4.625,166,0,Diversified Senior Services Inc,0,0,0
19980527,31482,DISSE',OTC,4.34375,4.34375,93,0,Diversified Senior Services Inc,0,0,0
19980528,31482,DISSE',OTC,4.75,4.75,60,0,Diversified Senior Services Inc,0,0,0
19980529,31482,DISSE',OTC,4.375,4.375,75,0,Diversified Senior Services Inc,0,0,0
19980601,31482,DISSE',OTC,4.3125,4.3125,40,0,Diversified Senior Services Inc,0,0,0
19980602,31482,DISSE',OTC,4.625,4.625,55,0,Diversified Senior Services Inc,0,0,0
19980603,31482,DISSE',OTC,4.5,4.5,78,0,Diversified Senior Services Inc,0,0,0
19980604,31482,DISSE',OTC,4.5,4.5,12,0,Diversified Senior Services Inc,0,0,0
19980605,31482,DISSE',OTC,4.4375,4.4375,10,0,Diversified Senior Services Inc,0,0,0
19980608,31482,DISSE',OTC,4.21875,4.21875,47,0,Diversified Senior Services Inc,0,0,0
19980609,31482,DISSE',OTC,4.4375,4.4375,132,0,Diversified Senior Services Inc,0,0,0
19980610,31482,DISSE',OTC,4.1875,4.1875,50,0,Diversified Senior Services Inc,0,0,0
19980611,31482,DISSE',OTC,4.1875,4.1875,142,0,Diversified Senior Services Inc,0,0,0
19980612,31482,DISSE',OTC,4.3125,4.3125,63,0,Diversified Senior Services Inc,0,0,0
19980615,31482,DISSE',OTC,3.875,3.875,68,0,Diversified Senior Services Inc,0,0,0
19980616,31482,DISSE',OTC,3.875,3.875,119,0,Diversified Senior Services Inc,0,0,0
19980617,31482,DISSE',OTC,3.875,3.875,25,0,Diversified Senior Services Inc,0,0,0
19980618,31482,DISSE',OTC,3.6875,3.6875,112,0,Diversified Senior Services Inc,0,0,0
19980619,31482,DISSE',OTC,3.625,3.625,10,0,Diversified Senior Services Inc,0,0,0
19980622,31482,DISSE',OTC,4,4,167,0,Diversified Senior Services Inc,0,0,0
19980623,31482,DISSE',OTC,3.5625,3.5625,110,0,Diversified Senior Services Inc,0,0,0
19980624,31482,DISSE',OTC,3.75,3.75,56,0,Diversified Senior Services Inc,0,0,0
19980625,31482,DISSE',OTC,3.5625,3.5625,19,0,Diversified Senior Services Inc,0,0,0
19980626,31482,DISSE',OTC,3.6875,3.6875,90,0,Diversified Senior Services Inc,0,0,0
19980629,31482,DISSE',OTC,3.6875,3.6875,0,0,Diversified Senior Services Inc,0,0,0
19980630,31482,DISSE',OTC,4.125,4.125,345,0,Diversified Senior Services Inc,0,0,0
19980701,31482,DISSE',OTC,4.1875,4.1875,30,0,Diversified Senior Services Inc,0,0,0
19980702,31482,DISSE',OTC,4.375,4.375,11,0,Diversified Senior Services Inc,0,0,0
19980706,31482,DISSE',OTC,4,4,88,0,Diversified Senior Services Inc,0,0,0
19980707,31482,DISSE',OTC,4,4,3,0,Diversified Senior Services Inc,0,0,0
19980708,31482,DISSE',OTC,3.875,3.875,69,0,Diversified Senior Services Inc,0,0,0
19980709,31482,DISSE',OTC,4.125,4.125,211,0,Diversified Senior Services Inc,0,0,0
19980710,31482,DISSE',OTC,4.5625,4.5625,158,0,Diversified Senior Services Inc,0,0,0
19980713,31482,DISSE',OTC,4.75,4.75,329,0,Diversified Senior Services Inc,0,0,0
19980714,31482,DISSE',OTC,5,5,366,0,Diversified Senior Services Inc,0,0,0
19980715,31482,DISSE',OTC,5.25,5.25,1483,0,Diversified Senior Services Inc,0,0,0
19980716,31482,DISSE',OTC,5.25,5.25,298,0,Diversified Senior Services Inc,0,0,0
19980717,31482,DISSE',OTC,5.5,5.5,1021,0,Diversified Senior Services Inc,0,0,0
19980720,31482,DISSE',OTC,5.75,5.75,810,0,Diversified Senior Services Inc,0,0,0
19980721,31482,DISSE',OTC,5.5625,5.5625,430,0,Diversified Senior Services Inc,0,0,0
19980722,31482,DISSE',OTC,5.5,5.5,210,0,Diversified Senior Services Inc,0,0,0
19980723,31482,DISSE',OTC,5.75,5.75,307,0,Diversified Senior Services Inc,0,0,0
19980724,31482,DISSE',OTC,5.5,5.5,298,0,Diversified Senior Services Inc,0,0,0
19980727,31482,DISSE',OTC,5.25,5.25,75,0,Diversified Senior Services Inc,0,0,0
19980728,31482,DISSE',OTC,5.1875,5.1875,22,0,Diversified Senior Services Inc,0,0,0
19980729,31482,DISSE',OTC,5.0625,5.0625,75,0,Diversified Senior Services Inc,0,0,0
19980730,31482,DISSE',OTC,5,5,146,0,Diversified Senior Services Inc,0,0,0
19980731,31482,DISSE',OTC,4.875,4.875,20,0,Diversified Senior Services Inc,0,0,0
19980803,31482,DISSE',OTC,4.875,4.875,89,0,Diversified Senior Services Inc,0,0,0
19980804,31482,DISSE',OTC,4.625,4.625,56,0,Diversified Senior Services Inc,0,0,0
19980805,31482,DISSE',OTC,4.6875,4.6875,176,0,Diversified Senior Services Inc,0,0,0
19980806,31482,DISSE',OTC,4.5,4.5,111,0,Diversified Senior Services Inc,0,0,0
19980807,31482,DISSE',OTC,4.375,4.375,6,0,Diversified Senior Services Inc,0,0,0
19980810,31482,DISSE',OTC,4.375,4.375,0,0,Diversified Senior Services Inc,0,0,0
19980811,31482,DISSE',OTC,4.5,4.5,6,0,Diversified Senior Services Inc,0,0,0
19980812,31482,DISSE',OTC,4.5,4.5,71,0,Diversified Senior Services Inc,0,0,0
19980813,31482,DISSE',OTC,4.5,4.5,23,0,Diversified Senior Services Inc,0,0,0
19980814,31482,DISSE',OTC,4.5,4.5,20,0,Diversified Senior Services Inc,0,0,0
19980817,31482,DISSE',OTC,4.625,4.625,55,0,Diversified Senior Services Inc,0,0,0
19980818,31482,DISSE',OTC,4.375,4.375,14,0,Diversified Senior Services Inc,0,0,0
19980819,31482,DISSE',OTC,4.25,4.25,130,0,Diversified Senior Services Inc,0,0,0
19980820,31482,DISSE',OTC,4.25,4.25,109,0,Diversified Senior Services Inc,0,0,0
19980821,31482,DISSE',OTC,4,4,20,0,Diversified Senior Services Inc,0,0,0
19980824,31482,DISSE',OTC,4,4,0,0,Diversified Senior Services Inc,0,0,0
19980825,31482,DISSE',OTC,4,4,8,0,Diversified Senior Services Inc,0,0,0
19980826,31482,DISSE',OTC,4.25,4.25,20,0,Diversified Senior Services Inc,0,0,0
19980827,31482,DISSE',OTC,4.1875,4.1875,91,0,Diversified Senior Services Inc,0,0,0
19980828,31482,DISSE',OTC,4.1875,4.1875,0,0,Diversified Senior Services Inc,0,0,0
19980831,31482,DISSE',OTC,4.0625,4.0625,13,0,Diversified Senior Services Inc,0,0,0
19980901,31482,DISSE',OTC,4.1875,4.1875,177,0,Diversified Senior Services Inc,0,0,0
19980902,31482,DISSE',OTC,4.3125,4.3125,20,0,Diversified Senior Services Inc,0,0,0
19980903,31482,DISSE',OTC,4.375,4.375,30,0,Diversified Senior Services Inc,0,0,0
19980904,31482,DISSE',OTC,4.3125,4.3125,55,0,Diversified Senior Services Inc,0,0,0
19980908,31482,DISSE',OTC,4.5,4.5,54,0,Diversified Senior Services Inc,0,0,0
19980909,31482,DISSE',OTC,4.75,4.75,35,0,Diversified Senior Services Inc,0,0,0
19980910,31482,DISSE',OTC,4.5625,4.5625,31,0,Diversified Senior Services Inc,0,0,0
19980911,31482,DISSE',OTC,4.25,4.25,30,0,Diversified Senior Services Inc,0,0,0
19980914,31482,DISSE',OTC,4.375,4.375,10,0,Diversified Senior Services Inc,0,0,0
19980915,31482,DISSE',OTC,3.9375,3.9375,59,0,Diversified Senior Services Inc,0,0,0
19980916,31482,DISSE',OTC,4,4,35,0,Diversified Senior Services Inc,0,0,0
19980917,31482,DISSE',OTC,4,4,0,0,Diversified Senior Services Inc,0,0,0
19980918,31482,DISSE',OTC,4,4,0,0,Diversified Senior Services Inc,0,0,0
19980921,31482,DISSE',OTC,4,4,0,0,Diversified Senior Services Inc,0,0,0
19980922,31482,DISSE',OTC,3.875,3.875,39,0,Diversified Senior Services Inc,0,0,0
19980923,31482,DISSE',OTC,4,4,30,0,Diversified Senior Services Inc,0,0,0
19980924,31482,DISSE',OTC,3.875,3.875,70,0,Diversified Senior Services Inc,0,0,0
19980925,31482,DISSE',OTC,3.875,3.875,18,0,Diversified Senior Services Inc,0,0,0
19980928,31482,DISSE',OTC,4,4,103,0,Diversified Senior Services Inc,0,0,0
19980929,31482,DISSE',OTC,3.75,3.75,65,0,Diversified Senior Services Inc,0,0,0
19980930,31482,DISSE',OTC,3.75,3.75,10,0,Diversified Senior Services Inc,0,0,0
19981001,31482,DISSE',OTC,3.75,3.75,6,0,Diversified Senior Services Inc,0,0,0
19981002,31482,DISSE',OTC,3.75,3.75,55,0,Diversified Senior Services Inc,0,0,0
19981005,31482,DISSE',OTC,3.75,3.75,13,0,Diversified Senior Services Inc,0,0,0
19981006,31482,DISSE',OTC,3.75,3.75,55,0,Diversified Senior Services Inc,0,0,0
19981007,31482,DISSE',OTC,3.75,3.75,0,0,Diversified Senior Services Inc,0,0,0
19981008,31482,DISSE',OTC,4,4,37,0,Diversified Senior Services Inc,0,0,0
19981009,31482,DISSE',OTC,4,4,25,0,Diversified Senior Services Inc,0,0,0
19981012,31482,DISSE',OTC,4,4,0,0,Diversified Senior Services Inc,0,0,0
19981013,31482,DISSE',OTC,3.875,3.875,60,0,Diversified Senior Services Inc,0,0,0
19981014,31482,DISSE',OTC,4,4,5,0,Diversified Senior Services Inc,0,0,0
19981015,31482,DISSE',OTC,4,4,2,0,Diversified Senior Services Inc,0,0,0
19981016,31482,DISSE',OTC,3.75,3.75,76,0,Diversified Senior Services Inc,0,0,0
19981019,31482,DISSE',OTC,4,4,105,0,Diversified Senior Services Inc,0,0,0
19981020,31482,DISSE',OTC,4.375,4.375,135,0,Diversified Senior Services Inc,0,0,0
19981021,31482,DISSE',OTC,4.375,4.375,11,0,Diversified Senior Services Inc,0,0,0
19981022,31482,DISSE',OTC,4,4,135,0,Diversified Senior Services Inc,0,0,0
19981023,31482,DISSE',OTC,4.125,4.125,6,0,Diversified Senior Services Inc,0,0,0
19981026,31482,DISSE',OTC,4.25,4.25,28,0,Diversified Senior Services Inc,0,0,0
19981027,31482,DISSE',OTC,4.375,4.375,10,0,Diversified Senior Services Inc,0,0,0
19981028,31482,DISSE',OTC,4.5,4.5,68,0,Diversified Senior Services Inc,0,0,0
19981029,31482,DISSE',OTC,4.875,4.875,170,0,Diversified Senior Services Inc,0,0,0
19981030,31482,DISSE',OTC,5,5,131,0,Diversified Senior Services Inc,0,0,0
19981102,31482,DISSE',OTC,5,5,333,0,Diversified Senior Services Inc,0,0,0
19981103,31482,DISSE',OTC,5,5,98,0,Diversified Senior Services Inc,0,0,0
19981104,31482,DISSE',OTC,5,5,117,0,Diversified Senior Services Inc,0,0,0
19981105,31482,DISSE',OTC,5,5,0,0,Diversified Senior Services Inc,0,0,0
19981106,31482,DISSE',OTC,4.5,4.5,32,0,Diversified Senior Services Inc,0,0,0
19981109,31482,DISSE',OTC,5,5,17,0,Diversified Senior Services Inc,0,0,0
19981110,31482,DISSE',OTC,4.5625,4.5625,20,0,Diversified Senior Services Inc,0,0,0
19981111,31482,DISSE',OTC,4.875,4.875,4,0,Diversified Senior Services Inc,0,0,0
19981112,31482,DISSE',OTC,4.75,4.75,10,0,Diversified Senior Services Inc,0,0,0
19981113,31482,DISSE',OTC,4.75,4.75,17,0,Diversified Senior Services Inc,0,0,0
19981116,31482,DISSE',OTC,4.75,4.75,0,0,Diversified Senior Services Inc,0,0,0
19981117,31482,DISSE',OTC,4.875,4.875,27,0,Diversified Senior Services Inc,0,0,0
19981118,31482,DISSE',OTC,4.875,4.875,2,0,Diversified Senior Services Inc,0,0,0
19981119,31482,DISSE',OTC,4.5625,4.5625,12,0,Diversified Senior Services Inc,0,0,0
19981120,31482,DISSE',OTC,4.65625,4.65625,10,0,Diversified Senior Services Inc,0,0,0
19981123,31482,DISSE',OTC,4,4,182,0,Diversified Senior Services Inc,0,0,0
19981124,31482,DISSE',OTC,4.4375,4.4375,15,0,Diversified Senior Services Inc,0,0,0
19981125,31482,DISSE',OTC,4.25,4.25,5,0,Diversified Senior Services Inc,0,0,0
19981127,31482,DISSE',OTC,4.25,4.25,0,0,Diversified Senior Services Inc,0,0,0
19981130,31482,DISSE',OTC,4.25,4.25,50,0,Diversified Senior Services Inc,0,0,0
19981201,31482,DISSE',OTC,4.25,4.25,0,0,Diversified Senior Services Inc,0,0,0
19981202,31482,DISSE',OTC,4.125,4.125,42,0,Diversified Senior Services Inc,0,0,0
19981203,31482,DISSE',OTC,4,4,16,0,Diversified Senior Services Inc,0,0,0
19981204,31482,DISSE',OTC,4.0625,4.0625,10,0,Diversified Senior Services Inc,0,0,0
19981207,31482,DISSE',OTC,4.125,4.125,6,0,Diversified Senior Services Inc,0,0,0
19981208,31482,DISSE',OTC,4.125,4.125,0,0,Diversified Senior Services Inc,0,0,0
19981209,31482,DISSE',OTC,4.125,4.125,0,0,Diversified Senior Services Inc,0,0,0
19981210,31482,DISSE',OTC,4.1875,4.1875,15,0,Diversified Senior Services Inc,0,0,0
19981211,31482,DISSE',OTC,4.125,4.125,41,0,Diversified Senior Services Inc,0,0,0
19981214,31482,DISSE',OTC,3.75,3.75,61,0,Diversified Senior Services Inc,0,0,0
19981215,31482,DISSE',OTC,3.625,3.625,30,0,Diversified Senior Services Inc,0,0,0
19981216,31482,DISSE',OTC,3,3,36,0,Diversified Senior Services Inc,0,0,0
19981217,31482,DISSE',OTC,3.5,3.5,165,0,Diversified Senior Services Inc,0,0,0
19981218,31482,DISSE',OTC,3.5,3.5,0,0,Diversified Senior Services Inc,0,0,0
19981221,31482,DISSE',OTC,3.4375,3.4375,1,0,Diversified Senior Services Inc,0,0,0
19981222,31482,DISSE',OTC,3.4375,3.4375,0,0,Diversified Senior Services Inc,0,0,0
19981223,31482,DISSE',OTC,3.8125,3.8125,230,0,Diversified Senior Services Inc,0,0,0
19981224,31482,DISSE',OTC,4,4,144,0,Diversified Senior Services Inc,0,0,0
19981228,31482,DISSE',OTC,4,4,30,0,Diversified Senior Services Inc,0,0,0
19981229,31482,DISSE',OTC,3.875,3.875,16,0,Diversified Senior Services Inc,0,0,0
19981230,31482,DISSE',OTC,4.25,4.25,40,0,Diversified Senior Services Inc,0,0,0
19981231,31482,DISSE',OTC,4.375,4.375,22,0,Diversified Senior Services Inc,0,0,0
19990104,31482,DISSE',OTC,4.25,4.25,45,0,Diversified Senior Services Inc,0,0,0
19990105,31482,DISSE',OTC,3.875,3.875,19,0,Diversified Senior Services Inc,0,0,0
19990106,31482,DISSE',OTC,3.875,3.875,0,0,Diversified Senior Services Inc,0,0,0
19990107,31482,DISSE',OTC,3.75,3.75,50,0,Diversified Senior Services Inc,0,0,0
19990108,31482,DISSE',OTC,4,4,15,0,Diversified Senior Services Inc,0,0,0
19990111,31482,DISSE',OTC,3.625,3.625,7,0,Diversified Senior Services Inc,0,0,0
19990112,31482,DISSE',OTC,3.625,3.625,13,0,Diversified Senior Services Inc,0,0,0
19990113,31482,DISSE',OTC,3.1875,3.1875,68,0,Diversified Senior Services Inc,0,0,0
19990114,31482,DISSE',OTC,3.25,3.25,2,0,Diversified Senior Services Inc,0,0,0
19990115,31482,DISSE',OTC,3.1875,3.1875,54,0,Diversified Senior Services Inc,0,0,0
19990119,31482,DISSE',OTC,3.875,3.875,116,0,Diversified Senior Services Inc,0,0,0
19990120,31482,DISSE',OTC,4.0625,4.0625,32,0,Diversified Senior Services Inc,0,0,0
19990121,31482,DISSE',OTC,4.0625,4.0625,0,0,Diversified Senior Services Inc,0,0,0
19990122,31482,DISSE',OTC,3.875,3.875,30,0,Diversified Senior Services Inc,0,0,0
19990125,31482,DISSE',OTC,3.625,3.625,47,0,Diversified Senior Services Inc,0,0,0
19990126,31482,DISSE',OTC,3.625,3.625,0,0,Diversified Senior Services Inc,0,0,0
19990127,31482,DISSE',OTC,3.75,3.75,106,0,Diversified Senior Services Inc,0,0,0
19990128,31482,DISSE',OTC,3.625,3.625,9,0,Diversified Senior Services Inc,0,0,0
19990129,31482,DISSE',OTC,3.875,3.875,49,0,Diversified Senior Services Inc,0,0,0
19990201,31482,DISSE',OTC,3.75,3.75,33,0,Diversified Senior Services Inc,0,0,0
19990202,31482,DISSE',OTC,3.875,3.875,109,0,Diversified Senior Services Inc,0,0,0
19990203,31482,DISSE',OTC,3.625,3.625,53,0,Diversified Senior Services Inc,0,0,0
19990204,31482,DISSE',OTC,3.875,3.875,108,0,Diversified Senior Services Inc,0,0,0
19990205,31482,DISSE',OTC,3.375,3.375,39,0,Diversified Senior Services Inc,0,0,0
19990208,31482,DISSE',OTC,3.375,3.375,0,0,Diversified Senior Services Inc,0,0,0
19990209,31482,DISSE',OTC,2.9375,2.9375,175,0,Diversified Senior Services Inc,0,0,0
19990210,31482,DISSE',OTC,2.875,2.875,151,0,Diversified Senior Services Inc,0,0,0
19990211,31482,DISSE',OTC,3,3,65,0,Diversified Senior Services Inc,0,0,0
19990212,31482,DISSE',OTC,3.3125,3.3125,10,0,Diversified Senior Services Inc,0,0,0
19990216,31482,DISSE',OTC,3,3,125,0,Diversified Senior Services Inc,0,0,0
19990217,31482,DISSE',OTC,3,3,0,0,Diversified Senior Services Inc,0,0,0
19990218,31482,DISSE',OTC,3,3,40,0,Diversified Senior Services Inc,0,0,0
19990219,31482,DISSE',OTC,3.25,3.25,46,0,Diversified Senior Services Inc,0,0,0
19990222,31482,DISSE',OTC,2.9375,2.9375,124,0,Diversified Senior Services Inc,0,0,0
19990223,31482,DISSE',OTC,2.4375,2.4375,58,0,Diversified Senior Services Inc,0,0,0
19990224,31482,DISSE',OTC,2.5,2.5,193,0,Diversified Senior Services Inc,0,0,0
19990225,31482,DISSE',OTC,3.25,3.25,19,0,Diversified Senior Services Inc,0,0,0
19990226,31482,DISSE',OTC,3.25,3.25,50,0,Diversified Senior Services Inc,0,0,0
19990301,31482,DISSE',OTC,3.25,3.25,0,0,Diversified Senior Services Inc,0,0,0
19990302,31482,DISSE',OTC,3.46875,3.46875,45,0,Diversified Senior Services Inc,0,0,0
19990303,31482,DISSE',OTC,3.1875,3.1875,26,0,Diversified Senior Services Inc,0,0,0
19990304,31482,DISSE',OTC,3.5,3.5,182,0,Diversified Senior Services Inc,0,0,0
19990305,31482,DISSE',OTC,3.8125,3.8125,151,0,Diversified Senior Services Inc,0,0,0
19990308,31482,DISSE',OTC,3.875,3.875,176,0,Diversified Senior Services Inc,0,0,0
19990309,31482,DISSE',OTC,4,4,50,0,Diversified Senior Services Inc,0,0,0
19990310,31482,DISSE',OTC,4.25,4.25,59,0,Diversified Senior Services Inc,0,0,0
19990311,31482,DISSE',OTC,4.5,4.5,300,0,Diversified Senior Services Inc,0,0,0
19990312,31482,DISSE',OTC,4.625,4.625,73,0,Diversified Senior Services Inc,0,0,0
19990315,31482,DISSE',OTC,4.5625,4.5625,15,0,Diversified Senior Services Inc,0,0,0
19990316,31482,DISSE',OTC,4.4375,4.4375,24,0,Diversified Senior Services Inc,0,0,0
19990317,31482,DISSE',OTC,4.625,4.625,68,0,Diversified Senior Services Inc,0,0,0
19990318,31482,DISSE',OTC,4.5625,4.5625,6,0,Diversified Senior Services Inc,0,0,0
19990319,31482,DISSE',OTC,4.625,4.625,27,0,Diversified Senior Services Inc,0,0,0
19990322,31482,DISSE',OTC,4.625,4.625,0,0,Diversified Senior Services Inc,0,0,0
19990323,31482,DISSE',OTC,4.75,4.75,7,0,Diversified Senior Services Inc,0,0,0
19990324,31482,DISSE',OTC,4.625,4.625,7,0,Diversified Senior Services Inc,0,0,0
19990325,31482,DISSE',OTC,4.625,4.625,85,0,Diversified Senior Services Inc,0,0,0
19990326,31482,DISSE',OTC,4.625,4.625,128,0,Diversified Senior Services Inc,0,0,0
19990329,31482,DISSE',OTC,4.625,4.625,2,0,Diversified Senior Services Inc,0,0,0
19990330,31482,DISSE',OTC,4.5625,4.5625,10,0,Diversified Senior Services Inc,0,0,0
19990331,31482,DISSE',OTC,4.6875,4.6875,40,0,Diversified Senior Services Inc,0,0,0
19990401,31482,DISSE',OTC,4.6875,4.6875,77,0,Diversified Senior Services Inc,0,0,0
19990405,31482,DISSE',OTC,4.6875,4.6875,61,0,Diversified Senior Services Inc,0,0,0
19990406,31482,DISSE',OTC,4.6875,4.6875,46,0,Diversified Senior Services Inc,0,0,0
19990407,31482,DISSE',OTC,4.6875,4.6875,21,0,Diversified Senior Services Inc,0,0,0
19990408,31482,DISSE',OTC,4.875,4.875,1,0,Diversified Senior Services Inc,0,0,0
19990409,31482,DISSE',OTC,4.875,4.875,60,0,Diversified Senior Services Inc,0,0,0
19990412,31482,DISSE',OTC,4.125,4.125,91,0,Diversified Senior Services Inc,0,0,0
19990413,31482,DISSE',OTC,4.375,4.375,19,0,Diversified Senior Services Inc,0,0,0
19990414,31482,DISSE',OTC,4.375,4.375,83,0,Diversified Senior Services Inc,0,0,0
19990415,31482,DISSE',OTC,4.375,4.375,33,0,Diversified Senior Services Inc,0,0,0
19990416,31482,DISSE',OTC,4.4375,4.4375,81,0,Diversified Senior Services Inc,0,0,0
19990419,31482,DISSE',OTC,4.25,4.25,44,0,Diversified Senior Services Inc,0,0,0
19990420,31482,DISSE',OTC,4.125,4.125,89,0,Diversified Senior Services Inc,0,0,0
19990421,31482,DISSE',OTC,4.5,4.5,62,0,Diversified Senior Services Inc,0,0,0
19990422,31482,DISSE',OTC,4,4,7,0,Diversified Senior Services Inc,0,0,0
19990423,31482,DISSE',OTC,4.3125,4.3125,34,0,Diversified Senior Services Inc,0,0,0
19990426,31482,DISSE',OTC,4.3125,4.3125,0,0,Diversified Senior Services Inc,0,0,0
19990427,31482,DISSE',OTC,4.125,4.125,60,0,Diversified Senior Services Inc,0,0,0
19990428,31482,DISSE',OTC,3.5625,3.5625,141,0,Diversified Senior Services Inc,0,0,0
19990429,31482,DISSE',OTC,3.5625,3.5625,44,0,Diversified Senior Services Inc,0,0,0
19990430,31482,DISSE',OTC,4.125,4.125,23,0,Diversified Senior Services Inc,0,0,0
19990503,31482,DISSE',OTC,4.125,4.125,0,0,Diversified Senior Services Inc,0,0,0
19990504,31482,DISSE',OTC,4.125,4.125,118,0,Diversified Senior Services Inc,0,0,0
19990505,31482,DISSE',OTC,3.5,3.5,33,0,Diversified Senior Services Inc,0,0,0
19990506,31482,DISSE',OTC,3.75,3.75,252,0,Diversified Senior Services Inc,0,0,0
19990507,31482,DISSE',OTC,3.75,3.75,0,0,Diversified Senior Services Inc,0,0,0
19990510,31482,DISSE',OTC,3.75,3.75,0,0,Diversified Senior Services Inc,0,0,0
19990511,31482,DISSE',OTC,3.75,3.75,42,0,Diversified Senior Services Inc,0,0,0
19990512,31482,DISSE',OTC,4.25,4.25,181,0,Diversified Senior Services Inc,0,0,0
19990513,31482,DISSE',OTC,4.25,4.25,59,0,Diversified Senior Services Inc,0,0,0
19990514,31482,DISSE',OTC,4.25,4.25,0,0,Diversified Senior Services Inc,0,0,0
19990517,31482,DISSE',OTC,4,4,155,0,Diversified Senior Services Inc,0,0,0
19990518,31482,DISSE',OTC,3.875,3.875,188,0,Diversified Senior Services Inc,0,0,0
19990519,31482,DISSE',OTC,3.75,3.75,60,0,Diversified Senior Services Inc,0,0,0
19990520,31482,DISSE',OTC,3.625,3.625,68,0,Diversified Senior Services Inc,0,0,0
19990521,31482,DISSE',OTC,3.5,3.5,22,0,Diversified Senior Services Inc,0,0,0
19990524,31482,DISSE',OTC,3.375,3.375,14,0,Diversified Senior Services Inc,0,0,0
19990525,31482,DISSE',OTC,3.375,3.375,0,0,Diversified Senior Services Inc,0,0,0
19990526,31482,DISSE',OTC,3.5,3.5,10,0,Diversified Senior Services Inc,0,0,0
19990527,31482,DISSE',OTC,3.5625,3.5625,8,0,Diversified Senior Services Inc,0,0,0
19990528,31482,DISSE',OTC,3.25,3.25,19,0,Diversified Senior Services Inc,0,0,0
19990601,31482,DISSE',OTC,3.6875,3.6875,50,0,Diversified Senior Services Inc,0,0,0
19990602,31482,DISSE',OTC,3.6875,3.6875,0,0,Diversified Senior Services Inc,0,0,0
19990603,31482,DISSE',OTC,3.6875,3.6875,10,0,Diversified Senior Services Inc,0,0,0
19990604,31482,DISSE',OTC,3.5625,3.5625,51,0,Diversified Senior Services Inc,0,0,0
19990607,31482,DISSE',OTC,3.875,3.875,46,0,Diversified Senior Services Inc,0,0,0
19990608,31482,DISSE',OTC,3.625,3.625,41,0,Diversified Senior Services Inc,0,0,0
19990609,31482,DISSE',OTC,3.5625,3.5625,51,0,Diversified Senior Services Inc,0,0,0
19990610,31482,DISSE',OTC,3.5625,3.5625,0,0,Diversified Senior Services Inc,0,0,0
19990611,31482,DISSE',OTC,3.5625,3.5625,0,0,Diversified Senior Services Inc,0,0,0
19990614,31482,DISSE',OTC,3.5625,3.5625,0,0,Diversified Senior Services Inc,0,0,0
19990615,31482,DISSE',OTC,3.5625,3.5625,0,0,Diversified Senior Services Inc,0,0,0
19990616,31482,DISSE',OTC,3.375,3.375,44,0,Diversified Senior Services Inc,0,0,0
19990617,31482,DISSE',OTC,3.375,3.375,0,0,Diversified Senior Services Inc,0,0,0
19990618,31482,DISSE',OTC,3.5,3.5,16,0,Diversified Senior Services Inc,0,0,0
19990621,31482,DISSE',OTC,3.375,3.375,30,0,Diversified Senior Services Inc,0,0,0
19990622,31482,DISSE',OTC,3.3125,3.3125,67,0,Diversified Senior Services Inc,0,0,0
19990623,31482,DISSE',OTC,3.25,3.25,29,0,Diversified Senior Services Inc,0,0,0
19990624,31482,DISSE',OTC,3,3,125,0,Diversified Senior Services Inc,0,0,0
19990625,31482,DISSE',OTC,3,3,210,0,Diversified Senior Services Inc,0,0,0
19990628,31482,DISSE',OTC,3.0625,3.0625,21,0,Diversified Senior Services Inc,0,0,0
19990629,31482,DISSE',OTC,3.125,3.125,78,0,Diversified Senior Services Inc,0,0,0
19990630,31482,DISSE',OTC,3.6875,3.6875,90,0,Diversified Senior Services Inc,0,0,0
19990701,31482,DISSE',OTC,3.6875,3.6875,75,0,Diversified Senior Services Inc,0,0,0
19990702,31482,DISSE',OTC,3.6875,3.6875,62,0,Diversified Senior Services Inc,0,0,0
19990706,31482,DISSE',OTC,3.75,3.75,19,0,Diversified Senior Services Inc,0,0,0
19990707,31482,DISSE',OTC,3.75,3.75,0,0,Diversified Senior Services Inc,0,0,0
19990708,31482,DISSE',OTC,3.75,3.75,0,0,Diversified Senior Services Inc,0,0,0
19990709,31482,DISSE',OTC,3.75,3.75,0,0,Diversified Senior Services Inc,0,0,0
19990712,31482,DISSE',OTC,3.75,3.75,88,0,Diversified Senior Services Inc,0,0,0
19990713,31482,DISSE',OTC,3.125,3.125,9,0,Diversified Senior Services Inc,0,0,0
19990714,31482,DISSE',OTC,3.4375,3.4375,247,0,Diversified Senior Services Inc,0,0,0
19990715,31482,DISSE',OTC,3.4375,3.4375,1,0,Diversified Senior Services Inc,0,0,0
19990716,31482,DISSE',OTC,3.5,3.5,30,0,Diversified Senior Services Inc,0,0,0
19990719,31482,DISSE',OTC,3.5,3.5,0,0,Diversified Senior Services Inc,0,0,0
19990720,31482,DISSE',OTC,3.5,3.5,14,0,Diversified Senior Services Inc,0,0,0
19990721,31482,DISSE',OTC,3.5,3.5,0,0,Diversified Senior Services Inc,0,0,0
19990722,31482,DISSE',OTC,3.375,3.375,10,0,Diversified Senior Services Inc,0,0,0
19990723,31482,DISSE',OTC,3.375,3.375,9,0,Diversified Senior Services Inc,0,0,0
19990726,31482,DISSE',OTC,3.3125,3.3125,43,0,Diversified Senior Services Inc,0,0,0
19990727,31482,DISSE',OTC,3.1875,3.1875,46,0,Diversified Senior Services Inc,0,0,0
19990728,31482,DISSE',OTC,3.5,3.5,47,0,Diversified Senior Services Inc,0,0,0
19990729,31482,DISSE',OTC,3.75,3.75,50,0,Diversified Senior Services Inc,0,0,0
19990730,31482,DISSE',OTC,4,4,165,0,Diversified Senior Services Inc,0,0,0
19990802,31482,DISSE',OTC,3.875,3.875,140,0,Diversified Senior Services Inc,0,0,0
19990803,31482,DISSE',OTC,3.875,3.875,0,0,Diversified Senior Services Inc,0,0,0
19990804,31482,DISSE',OTC,3.75,3.75,5,0,Diversified Senior Services Inc,0,0,0
19990805,31482,DISSE',OTC,3.5,3.5,43,0,Diversified Senior Services Inc,0,0,0
19990806,31482,DISSE',OTC,3.5,3.5,0,0,Diversified Senior Services Inc,0,0,0
19990809,31482,DISSE',OTC,3.5,3.5,21,0,Diversified Senior Services Inc,0,0,0
19990810,31482,DISSE',OTC,3.4375,3.4375,26,0,Diversified Senior Services Inc,0,0,0
19990811,31482,DISSE',OTC,3.3125,3.3125,32,0,Diversified Senior Services Inc,0,0,0
19990812,31482,DISSE',OTC,3.3125,3.3125,31,0,Diversified Senior Services Inc,0,0,0
19990813,31482,DISSE',OTC,3.5,3.5,30,0,Diversified Senior Services Inc,0,0,0
19990816,31482,DISSE',OTC,3.5,3.5,29,0,Diversified Senior Services Inc,0,0,0
19990817,31482,DISSE',OTC,3.84375,3.84375,177,0,Diversified Senior Services Inc,0,0,0
19990818,31482,DISSE',OTC,3.375,3.375,91,0,Diversified Senior Services Inc,0,0,0
19990819,31482,DISSE',OTC,3.625,3.625,42,0,Diversified Senior Services Inc,0,0,0
19990820,31482,DISSE',OTC,3.5625,3.5625,22,0,Diversified Senior Services Inc,0,0,0
19990823,31482,DISSE',OTC,3.5625,3.5625,0,0,Diversified Senior Services Inc,0,0,0
19990824,31482,DISSE',OTC,3.625,3.625,43,0,Diversified Senior Services Inc,0,0,0
19990825,31482,DISSE',OTC,3.625,3.625,22,0,Diversified Senior Services Inc,0,0,0
19990826,31482,DISSE',OTC,3.375,3.375,22,0,Diversified Senior Services Inc,0,0,0
19990827,31482,DISSE',OTC,3.375,3.375,139,0,Diversified Senior Services Inc,0,0,0
19990830,31482,DISSE',OTC,3.375,3.375,0,0,Diversified Senior Services Inc,0,0,0
19990831,31482,DISSE',OTC,3.375,3.375,5,0,Diversified Senior Services Inc,0,0,0
19990901,31482,DISSE',OTC,3.375,3.375,0,0,Diversified Senior Services Inc,0,0,0
19990902,31482,DISSE',OTC,3.375,3.375,4,0,Diversified Senior Services Inc,0,0,0
19990903,31482,DISSE',OTC,3.375,3.375,0,0,Diversified Senior Services Inc,0,0,0
19990907,31482,DISSE',OTC,3.375,3.375,7,0,Diversified Senior Services Inc,0,0,0
19990908,31482,DISSE',OTC,3.5625,3.5625,29,0,Diversified Senior Services Inc,0,0,0
19990909,31482,DISSE',OTC,3.5625,3.5625,30,0,Diversified Senior Services Inc,0,0,0
19990910,31482,DISSE',OTC,3.5625,3.5625,39,0,Diversified Senior Services Inc,0,0,0
19990913,31482,DISSE',OTC,3.375,3.375,28,0,Diversified Senior Services Inc,0,0,0
19990914,31482,DISSE',OTC,3.375,3.375,5,0,Diversified Senior Services Inc,0,0,0
19990915,31482,DISSE',OTC,3.25,3.25,1,0,Diversified Senior Services Inc,0,0,0
19990916,31482,DISSE',OTC,3.25,3.25,0,0,Diversified Senior Services Inc,0,0,0
19990917,31482,DISSE',OTC,3.5625,3.5625,37,0,Diversified Senior Services Inc,0,0,0
19990920,31482,DISSE',OTC,3.5625,3.5625,0,0,Diversified Senior Services Inc,0,0,0
19990921,31482,DISSE',OTC,3.25,3.25,10,0,Diversified Senior Services Inc,0,0,0
19990922,31482,DISSE',OTC,3.375,3.375,25,0,Diversified Senior Services Inc,0,0,0
19990923,31482,DISSE',OTC,3.375,3.375,17,0,Diversified Senior Services Inc,0,0,0
19990924,31482,DISSE',OTC,3.5,3.5,15,0,Diversified Senior Services Inc,0,0,0
19990927,31482,DISSE',OTC,3.5,3.5,20,0,Diversified Senior Services Inc,0,0,0
19990928,31482,DISSE',OTC,3.5,3.5,30,0,Diversified Senior Services Inc,0,0,0
19990929,31482,DISSE',OTC,3.125,3.125,66,0,Diversified Senior Services Inc,0,0,0
19990930,31482,DISSE',OTC,3.3125,3.3125,31,0,Diversified Senior Services Inc,0,0,0
19991001,31482,DISSE',OTC,3.46875,3.46875,25,0,Diversified Senior Services Inc,0,0,0
19991004,31482,DISSE',OTC,3.46875,3.46875,12,0,Diversified Senior Services Inc,0,0,0
19991005,31482,DISSE',OTC,3.03125,3.03125,101,0,Diversified Senior Services Inc,0,0,0
19991006,31482,DISSE',OTC,3.46875,3.46875,12,0,Diversified Senior Services Inc,0,0,0
19991007,31482,DISSE',OTC,3.5,3.5,13,0,Diversified Senior Services Inc,0,0,0
19991008,31482,DISSE',OTC,3.125,3.125,70,0,Diversified Senior Services Inc,0,0,0
19991011,31482,DISSE',OTC,3.3125,3.3125,21,0,Diversified Senior Services Inc,0,0,0
19991012,31482,DISSE',OTC,3.3125,3.3125,0,0,Diversified Senior Services Inc,0,0,0
19991013,31482,DISSE',OTC,3.3125,3.3125,0,0,Diversified Senior Services Inc,0,0,0
19991014,31482,DISSE',OTC,3.3125,3.3125,0,0,Diversified Senior Services Inc,0,0,0
19991015,31482,DISSE',OTC,3.1875,3.1875,1,0,Diversified Senior Services Inc,0,0,0
19991018,31482,DISSE',OTC,3.1875,3.1875,0,0,Diversified Senior Services Inc,0,0,0
19991019,31482,DISSE',OTC,3.1875,3.1875,0,0,Diversified Senior Services Inc,0,0,0
19991020,31482,DISSE',OTC,3.1875,3.1875,101,0,Diversified Senior Services Inc,0,0,0
19991021,31482,DISSE',OTC,3.125,3.125,11,0,Diversified Senior Services Inc,0,0,0
19991022,31482,DISSE',OTC,3.125,3.125,0,0,Diversified Senior Services Inc,0,0,0
19991025,31482,DISSE',OTC,3.125,3.125,0,0,Diversified Senior Services Inc,0,0,0
19991026,31482,DISSE',OTC,3.125,3.125,42,0,Diversified Senior Services Inc,0,0,0
19991027,31482,DISSE',OTC,3.125,3.125,0,0,Diversified Senior Services Inc,0,0,0
19991028,31482,DISSE',OTC,3.125,3.125,0,0,Diversified Senior Services Inc,0,0,0
19991029,31482,DISSE',OTC,3.0625,3.0625,23,0,Diversified Senior Services Inc,0,0,0
19991101,31482,DISSE',OTC,3.0625,3.0625,0,0,Diversified Senior Services Inc,0,0,0
19991102,31482,DISSE',OTC,3,3,1,0,Diversified Senior Services Inc,0,0,0
19991103,31482,DISSE',OTC,2.875,2.875,42,0,Diversified Senior Services Inc,0,0,0
19991104,31482,DISSE',OTC,2.8125,2.8125,32,0,Diversified Senior Services Inc,0,0,0
19991105,31482,DISSE',OTC,2.25,2.25,45,0,Diversified Senior Services Inc,0,0,0
19991108,31482,DISSE',OTC,2.375,2.375,35,0,Diversified Senior Services Inc,0,0,0
19991109,31482,DISSE',OTC,2.625,2.625,35,0,Diversified Senior Services Inc,0,0,0
19991110,31482,DISSE',OTC,2.875,2.875,17,0,Diversified Senior Services Inc,0,0,0
19991111,31482,DISSE',OTC,2.625,2.625,15,0,Diversified Senior Services Inc,0,0,0
19991112,31482,DISSE',OTC,2.625,2.625,27,0,Diversified Senior Services Inc,0,0,0
19991115,31482,DISSE',OTC,2.625,2.625,0,0,Diversified Senior Services Inc,0,0,0
19991116,31482,DISSE',OTC,2.5,2.5,55,0,Diversified Senior Services Inc,0,0,0
19991117,31482,DISSE',OTC,2.75,2.75,58,0,Diversified Senior Services Inc,0,0,0
19991118,31482,DISSE',OTC,2.875,2.875,36,0,Diversified Senior Services Inc,0,0,0
19991119,31482,DISSE',OTC,3,3,63,0,Diversified Senior Services Inc,0,0,0
19991122,31482,DISSE',OTC,2.9375,2.9375,121,0,Diversified Senior Services Inc,0,0,0
19991123,31482,DISSE',OTC,3,3,55,0,Diversified Senior Services Inc,0,0,0
19991124,31482,DISSE',OTC,3,3,0,0,Diversified Senior Services Inc,0,0,0
19991126,31482,DISSE',OTC,3,3,8,0,Diversified Senior Services Inc,0,0,0
19991129,31482,DISSE',OTC,2.75,2.75,24,0,Diversified Senior Services Inc,0,0,0
19991130,31482,DISSE',OTC,3,3,86,0,Diversified Senior Services Inc,0,0,0
19991201,31482,DISSE',OTC,3.0625,3.0625,89,0,Diversified Senior Services Inc,0,0,0
19991202,31482,DISSE',OTC,3.0625,3.0625,0,0,Diversified Senior Services Inc,0,0,0
19991203,31482,DISSE',OTC,3.0625,3.0625,0,0,Diversified Senior Services Inc,0,0,0
19991206,31482,DISSE',OTC,2.6875,2.6875,2,0,Diversified Senior Services Inc,0,0,0
19991207,31482,DISSE',OTC,2.6875,2.6875,0,0,Diversified Senior Services Inc,0,0,0
19991208,31482,DISSE',OTC,3,3,50,0,Diversified Senior Services Inc,0,0,0
19991209,31482,DISSE',OTC,2.6875,2.6875,21,0,Diversified Senior Services Inc,0,0,0
19991210,31482,DISSE',OTC,3,3,22,0,Diversified Senior Services Inc,0,0,0
19991213,31482,DISSE',OTC,3,3,15,0,Diversified Senior Services Inc,0,0,0
19991214,31482,DISSE',OTC,2.875,2.875,86,0,Diversified Senior Services Inc,0,0,0
19991215,31482,DISSE',OTC,2.75,2.75,23,0,Diversified Senior Services Inc,0,0,0
19991216,31482,DISSE',OTC,2.75,2.75,0,0,Diversified Senior Services Inc,0,0,0
19991217,31482,DISSE',OTC,2.625,2.625,80,0,Diversified Senior Services Inc,0,0,0
19991220,31482,DISSE',OTC,2.5,2.5,66,0,Diversified Senior Services Inc,0,0,0
19991221,31482,DISSE',OTC,3,3,19,0,Diversified Senior Services Inc,0,0,0
19991222,31482,DISSE',OTC,3,3,23,0,Diversified Senior Services Inc,0,0,0
19991223,31482,DISSE',OTC,3,3,0,0,Diversified Senior Services Inc,0,0,0
19991227,31482,DISSE',OTC,2.5,2.5,406,0,Diversified Senior Services Inc,0,0,0
19991228,31482,DISSE',OTC,2.25,2.25,168,0,Diversified Senior Services Inc,0,0,0
19991229,31482,DISSE',OTC,2.3125,2.3125,42,0,Diversified Senior Services Inc,0,0,0
19991230,31482,DISSE',OTC,2.375,2.375,471,0,Diversified Senior Services Inc,0,0,0
19991231,31482,DISSE',OTC,2.375,2.375,15,0,Diversified Senior Services Inc,0,0,0
20000103,31482,DISSE',OTC,2.375,2.375,13,0,Diversified Senior Services Inc,0,0,0
20000104,31482,DISSE',OTC,2.375,2.375,0,0,Diversified Senior Services Inc,0,0,0
20000105,31482,DISSE',OTC,2.5,2.5,58,0,Diversified Senior Services Inc,0,0,0
20000106,31482,DISSE',OTC,2.96875,2.96875,87,0,Diversified Senior Services Inc,0,0,0
20000107,31482,DISSE',OTC,2.96875,2.96875,0,0,Diversified Senior Services Inc,0,0,0
20000110,31482,DISSE',OTC,3,3,60,0,Diversified Senior Services Inc,0,0,0
20000111,31482,DISSE',OTC,2.75,2.75,3,0,Diversified Senior Services Inc,0,0,0
20000112,31482,DISSE',OTC,3,3,9,0,Diversified Senior Services Inc,0,0,0
20000113,31482,DISSE',OTC,3,3,0,0,Diversified Senior Services Inc,0,0,0
20000114,31482,DISSE',OTC,3,3,2,0,Diversified Senior Services Inc,0,0,0
20000118,31482,DISSE',OTC,2.75,2.75,6,0,Diversified Senior Services Inc,0,0,0
20000119,31482,DISSE',OTC,2.75,2.75,5,0,Diversified Senior Services Inc,0,0,0
20000120,31482,DISSE',OTC,2.75,2.75,27,0,Diversified Senior Services Inc,0,0,0
20000121,31482,DISSE',OTC,2.625,2.625,39,0,Diversified Senior Services Inc,0,0,0
20000124,31482,DISSE',OTC,2.75,2.75,100,0,Diversified Senior Services Inc,0,0,0
20000125,31482,DISSE',OTC,2.75,2.75,0,0,Diversified Senior Services Inc,0,0,0
20000126,31482,DISSE',OTC,2.875,2.875,32,0,Diversified Senior Services Inc,0,0,0
20000127,31482,DISSE',OTC,3.125,3.125,34,0,Diversified Senior Services Inc,0,0,0
20000128,31482,DISSE',OTC,3.375,3.375,93,0,Diversified Senior Services Inc,0,0,0
20000131,31482,DISSE',OTC,3.25,3.25,139,0,Diversified Senior Services Inc,0,0,0
20000201,31482,DISSE',OTC,3.25,3.25,13,0,Diversified Senior Services Inc,0,0,0
20000202,31482,DISSE',OTC,3.5,3.5,33,0,Diversified Senior Services Inc,0,0,0
20000203,31482,DISSE',OTC,3.375,3.375,29,0,Diversified Senior Services Inc,0,0,0
20000204,31482,DISSE',OTC,3,3,20,0,Diversified Senior Services Inc,0,0,0
20000207,31482,DISSE',OTC,3.5,3.5,2,0,Diversified Senior Services Inc,0,0,0
20000208,31482,DISSE',OTC,3.5,3.5,4,0,Diversified Senior Services Inc,0,0,0
20000209,31482,DISSE',OTC,3,3,1,0,Diversified Senior Services Inc,0,0,0
20000210,31482,DISSE',OTC,3,3,0,0,Diversified Senior Services Inc,0,0,0
20000211,31482,DISSE',OTC,3,3,0,0,Diversified Senior Services Inc,0,0,0
20000214,31482,DISSE',OTC,3,3,3,0,Diversified Senior Services Inc,0,0,0
20000215,31482,DISSE',OTC,3,3,0,0,Diversified Senior Services Inc,0,0,0
20000216,31482,DISSE',OTC,2.875,2.875,3,0,Diversified Senior Services Inc,0,0,0
20000217,31482,DISSE',OTC,2.75,2.75,31,0,Diversified Senior Services Inc,0,0,0
20000218,31482,DISSE',OTC,2.75,2.75,0,0,Diversified Senior Services Inc,0,0,0
20000222,31482,DISSE',OTC,2.75,2.75,0,0,Diversified Senior Services Inc,0,0,0
20000223,31482,DISSE',OTC,3.5,3.5,10,0,Diversified Senior Services Inc,0,0,0
20000224,31482,DISSE',OTC,3.5,3.5,70,0,Diversified Senior Services Inc,0,0,0
20000225,31482,DISSE',OTC,3.5,3.5,212,0,Diversified Senior Services Inc,0,0,0
20000228,31482,DISSE',OTC,3.5,3.5,0,0,Diversified Senior Services Inc,0,0,0
20000229,31482,DISSE',OTC,3.5,3.5,0,0,Diversified Senior Services Inc,0,0,0
20000301,31482,DISSE',OTC,3.6875,3.6875,146,0,Diversified Senior Services Inc,0,0,0
20000302,31482,DISSE',OTC,3.4375,3.4375,26,0,Diversified Senior Services Inc,0,0,0
20000303,31482,DISSE',OTC,3.4375,3.4375,1,0,Diversified Senior Services Inc,0,0,0
20000306,31482,DISSE',OTC,3.4375,3.4375,0,0,Diversified Senior Services Inc,0,0,0
20000307,31482,DISSE',OTC,3.25,3.25,46,0,Diversified Senior Services Inc,0,0,0
20000308,31482,DISSE',OTC,3.125,3.125,17,0,Diversified Senior Services Inc,0,0,0
20000309,31482,DISSE',OTC,2.5625,2.5625,126,0,Diversified Senior Services Inc,0,0,0
20000310,31482,DISSE',OTC,2.4375,2.4375,9,0,Diversified Senior Services Inc,0,0,0
20000313,31482,DISSE',OTC,3.25,3.25,91,0,Diversified Senior Services Inc,0,0,0
20000314,31482,DISSE',OTC,2.75,2.75,19,0,Diversified Senior Services Inc,0,0,0
20000315,31482,DISSE',OTC,2.8125,2.8125,104,0,Diversified Senior Services Inc,0,0,0
20000316,31482,DISSE',OTC,2.8125,2.8125,5,0,Diversified Senior Services Inc,0,0,0
20000317,31482,DISSE',OTC,2.6875,2.6875,32,0,Diversified Senior Services Inc,0,0,0
20000320,31482,DISSE',OTC,2.6875,2.6875,1,0,Diversified Senior Services Inc,0,0,0
20000321,31482,DISSE',OTC,2.6875,2.6875,0,0,Diversified Senior Services Inc,0,0,0
20000322,31482,DISSE',OTC,2.6875,2.6875,0,0,Diversified Senior Services Inc,0,0,0
20000323,31482,DISSE',OTC,2.6875,2.6875,0,0,Diversified Senior Services Inc,0,0,0
20000324,31482,DISSE',OTC,2.6875,2.6875,23,0,Diversified Senior Services Inc,0,0,0
20000327,31482,DISSE',OTC,2.625,2.625,91,0,Diversified Senior Services Inc,0,0,0
20000328,31482,DISSE',OTC,2.625,2.625,0,0,Diversified Senior Services Inc,0,0,0
20000329,31482,DISSE',OTC,2.5,2.5,85,0,Diversified Senior Services Inc,0,0,0
20000330,31482,DISSE',OTC,2.5,2.5,0,0,Diversified Senior Services Inc,0,0,0
20000331,31482,DISSE',OTC,2.5,2.5,4,0,Diversified Senior Services Inc,0,0,0
20000403,31482,DISSE',OTC,2.5625,2.5625,136,0,Diversified Senior Services Inc,0,0,0
20000404,31482,DISSE',OTC,2.5,2.5,104,0,Diversified Senior Services Inc,0,0,0
20000405,31482,DISSE',OTC,2.5,2.5,0,0,Diversified Senior Services Inc,0,0,0
20000406,31482,DISSE',OTC,2.3125,2.3125,14,0,Diversified Senior Services Inc,0,0,0
20000407,31482,DISSE',OTC,2.3125,2.3125,45,0,Diversified Senior Services Inc,0,0,0
20000410,31482,DISSE',OTC,2.3125,2.3125,54,0,Diversified Senior Services Inc,0,0,0
20000411,31482,DISSE',OTC,2.3125,2.3125,77,0,Diversified Senior Services Inc,0,0,0
20000412,31482,DISSE',OTC,2.3125,2.3125,8,0,Diversified Senior Services Inc,0,0,0
20000413,31482,DISSE',OTC,2.3125,2.3125,0,0,Diversified Senior Services Inc,0,0,0
20000414,31482,DISSE',OTC,1.5,1.5,67,0,Diversified Senior Services Inc,0,0,0
20000417,31482,DISSE',OTC,1.5,1.5,19,0,Diversified Senior Services Inc,0,0,0
20000418,31482,DISSE',OTC,1.625,1.625,67,0,Diversified Senior Services Inc,0,0,0
20000419,31482,DISSE',OTC,1.75,1.75,30,0,Diversified Senior Services Inc,0,0,0
20000420,31482,DISSE',OTC,1.75,1.75,0,0,Diversified Senior Services Inc,0,0,0
20000424,31482,DISSE',OTC,1.75,1.75,0,0,Diversified Senior Services Inc,0,0,0
20000425,31482,DISSE',OTC,1.75,1.75,0,0,Diversified Senior Services Inc,0,0,0
20000426,31482,DISSE',OTC,1.75,1.75,12,0,Diversified Senior Services Inc,0,0,0
20000427,31482,DISSE',OTC,1.75,1.75,2,0,Diversified Senior Services Inc,0,0,0
20000428,31482,DISSE',OTC,1.875,1.875,23,0,Diversified Senior Services Inc,0,0,0
20000501,31482,DISSE',OTC,2,2,51,0,Diversified Senior Services Inc,0,0,0
20000502,31482,DISSE',OTC,1.75,1.75,10,0,Diversified Senior Services Inc,0,0,0
20000503,31482,DISSE',OTC,1.75,1.75,0,0,Diversified Senior Services Inc,0,0,0
20000504,31482,DISSE',OTC,1.75,1.75,0,0,Diversified Senior Services Inc,0,0,0
20000505,31482,DISSE',OTC,1.75,1.75,0,0,Diversified Senior Services Inc,0,0,0
20000508,31482,DISSE',OTC,2,2,8,0,Diversified Senior Services Inc,0,0,0
20000509,31482,DISSE',OTC,2,2,7,0,Diversified Senior Services Inc,0,0,0
20000510,31482,DISSE',OTC,2,2,0,0,Diversified Senior Services Inc,0,0,0
20000511,31482,DISSE',OTC,2,2,0,0,Diversified Senior Services Inc,0,0,0
20000512,31482,DISSE',OTC,1.625,1.625,49,0,Diversified Senior Services Inc,0,0,0
20000515,31482,DISSE',OTC,1.875,1.875,30,0,Diversified Senior Services Inc,0,0,0
20000516,31482,DISSE',OTC,1.875,1.875,0,0,Diversified Senior Services Inc,0,0,0
20000517,31482,DISSE',OTC,1.875,1.875,0,0,Diversified Senior Services Inc,0,0,0
20000518,31482,DISSE',OTC,1.875,1.875,0,0,Diversified Senior Services Inc,0,0,0
20000519,31482,DISSE',OTC,1.875,1.875,0,0,Diversified Senior Services Inc,0,0,0
20000522,31482,DISSE',OTC,1.75,1.75,12,0,Diversified Senior Services Inc,0,0,0
20000523,31482,DISSE',OTC,1.75,1.75,0,0,Diversified Senior Services Inc,0,0,0
20000524,31482,DISSE',OTC,1.75,1.75,121,0,Diversified Senior Services Inc,0,0,0
20000525,31482,DISSE',OTC,1.75,1.75,0,0,Diversified Senior Services Inc,0,0,0
20000526,31482,DISSE',OTC,1.75,1.75,0,0,Diversified Senior Services Inc,0,0,0
20000530,31482,DISSE',OTC,1.53125,1.53125,8,0,Diversified Senior Services Inc,0,0,0
20000531,31482,DISSE',OTC,1.53125,1.53125,0,0,Diversified Senior Services Inc,0,0,0
20000601,31482,DISSE',OTC,1.9375,1.9375,94,0,Diversified Senior Services Inc,0,0,0
20000602,31482,DISSE',OTC,1.9375,1.9375,17,0,Diversified Senior Services Inc,0,0,0
20000605,31482,DISSE',OTC,1.9375,1.9375,0,0,Diversified Senior Services Inc,0,0,0
20000606,31482,DISSE',OTC,1.9375,1.9375,79,0,Diversified Senior Services Inc,0,0,0
20000607,31482,DISSE',OTC,1.9375,1.9375,0,0,Diversified Senior Services Inc,0,0,0
20000608,31482,DISSE',OTC,1.625,1.625,1,0,Diversified Senior Services Inc,0,0,0
20000609,31482,DISSE',OTC,1.625,1.625,0,0,Diversified Senior Services Inc,0,0,0
20000612,31482,DISSE',OTC,1.625,1.625,0,0,Diversified Senior Services Inc,0,0,0
20000613,31482,DISSE',OTC,1.625,1.625,0,0,Diversified Senior Services Inc,0,0,0
20000614,31482,DISSE',OTC,1.625,1.625,23,0,Diversified Senior Services Inc,0,0,0
20000615,31482,DISSE',OTC,1.625,1.625,0,0,Diversified Senior Services Inc,0,0,0
20000616,31482,DISSE',OTC,1.625,1.625,0,0,Diversified Senior Services Inc,0,0,0
20000619,31482,DISSE',OTC,1.625,1.625,0,0,Diversified Senior Services Inc,0,0,0
20000620,31482,DISSE',OTC,1.625,1.625,5,0,Diversified Senior Services Inc,0,0,0
20000621,31482,DISSE',OTC,1.9375,1.9375,5,0,Diversified Senior Services Inc,0,0,0
20000622,31482,DISSE',OTC,1.9375,1.9375,0,0,Diversified Senior Services Inc,0,0,0
20000623,31482,DISSE',OTC,1.9375,1.9375,0,0,Diversified Senior Services Inc,0,0,0
20000626,31482,DISSE',OTC,1.5625,1.5625,134,0,Diversified Senior Services Inc,0,0,0
20000627,31482,DISSE',OTC,1.5625,1.5625,0,0,Diversified Senior Services Inc,0,0,0
20000628,31482,DISSE',OTC,1.875,1.875,47,0,Diversified Senior Services Inc,0,0,0
20000629,31482,DISSE',OTC,1.875,1.875,0,0,Diversified Senior Services Inc,0,0,0
20000630,31482,DISSE',OTC,1.875,1.875,0,0,Diversified Senior Services Inc,0,0,0
20000703,31482,DISSE',OTC,1.875,1.875,0,0,Diversified Senior Services Inc,0,0,0
20000705,31482,DISSE',OTC,1.875,1.875,0,0,Diversified Senior Services Inc,0,0,0
20000706,31482,DISSE',OTC,1.875,1.875,0,0,Diversified Senior Services Inc,0,0,0
20000707,31482,DISSE',OTC,1.875,1.875,0,0,Diversified Senior Services Inc,0,0,0
20000710,31482,DISSE',OTC,1.625,1.625,6,0,Diversified Senior Services Inc,0,0,0
20000711,31482,DISSE',OTC,1.625,1.625,138,0,Diversified Senior Services Inc,0,0,0
20000712,31482,DISSE',OTC,1.625,1.625,11,0,Diversified Senior Services Inc,0,0,0
20000713,31482,DISSE',OTC,1.75,1.75,26,0,Diversified Senior Services Inc,0,0,0
20000714,31482,DISSE',OTC,1.75,1.75,0,0,Diversified Senior Services Inc,0,0,0
20000717,31482,DISSE',OTC,1.75,1.75,0,0,Diversified Senior Services Inc,0,0,0
20000718,31482,DISSE',OTC,1.875,1.875,4,0,Diversified Senior Services Inc,0,0,0
20000719,31482,DISSE',OTC,1.875,1.875,14,0,Diversified Senior Services Inc,0,0,0
20000720,31482,DISSE',OTC,1.875,1.875,89,0,Diversified Senior Services Inc,0,0,0
20000721,31482,DISSE',OTC,1.875,1.875,0,0,Diversified Senior Services Inc,0,0,0
20000724,31482,DISSE',OTC,1.875,1.875,0,0,Diversified Senior Services Inc,0,0,0
20000725,31482,DISSE',OTC,1.875,1.875,1,0,Diversified Senior Services Inc,0,0,0
20000726,31482,DISSE',OTC,1.8125,1.8125,6,0,Diversified Senior Services Inc,0,0,0
20000727,31482,DISSE',OTC,1.5,1.5,84,0,Diversified Senior Services Inc,0,0,0
20000728,31482,DISSE',OTC,1.375,1.375,20,0,Diversified Senior Services Inc,0,0,0
20000731,31482,DISSE',OTC,1.875,1.875,34,0,Diversified Senior Services Inc,0,0,0
20000801,31482,DISSE',OTC,1.625,1.625,4,0,Diversified Senior Services Inc,0,0,0
20000802,31482,DISSE',OTC,1.625,1.625,0,0,Diversified Senior Services Inc,0,0,0
20000803,31482,DISSE',OTC,1.625,1.625,0,0,Diversified Senior Services Inc,0,0,0
20000804,31482,DISSE',OTC,1.625,1.625,0,0,Diversified Senior Services Inc,0,0,0
20000807,31482,DISSE',OTC,1.4375,1.4375,36,0,Diversified Senior Services Inc,0,0,0
20000808,31482,DISSE',OTC,1.375,1.375,85,0,Diversified Senior Services Inc,0,0,0
20000809,31482,DISSE',OTC,1.25,1.25,3,0,Diversified Senior Services Inc,0,0,0
20000810,31482,DISSE',OTC,1.125,1.125,227,0,Diversified Senior Services Inc,0,0,0
20000811,31482,DISSE',OTC,1.40625,1.40625,31,0,Diversified Senior Services Inc,0,0,0
20000814,31482,DISSE',OTC,1.46875,1.46875,75,0,Diversified Senior Services Inc,0,0,0
20000815,31482,DISSE',OTC,1.75,1.75,64,0,Diversified Senior Services Inc,0,0,0
20000816,31482,DISSE',OTC,1.4375,1.4375,19,0,Diversified Senior Services Inc,0,0,0
20000817,31482,DISSE',OTC,1.1875,1.1875,80,0,Diversified Senior Services Inc,0,0,0
20000818,31482,DISSE',OTC,1.1875,1.1875,31,0,Diversified Senior Services Inc,0,0,0
20000821,31482,DISSE',OTC,1.1875,1.1875,0,0,Diversified Senior Services Inc,0,0,0
20000822,31482,DISSE',OTC,1.1875,1.1875,0,0,Diversified Senior Services Inc,0,0,0
20000823,31482,DISSE',OTC,1.1875,1.1875,25,0,Diversified Senior Services Inc,0,0,0
20000824,31482,DISSE',OTC,1.125,1.125,65,0,Diversified Senior Services Inc,0,0,0
20000825,31482,DISSE',OTC,1.125,1.125,110,0,Diversified Senior Services Inc,0,0,0
20000828,31482,DISSE',OTC,1.0625,1.0625,15,0,Diversified Senior Services Inc,0,0,0
20000829,31482,DISSE',OTC,1.0625,1.0625,154,0,Diversified Senior Services Inc,0,0,0
20000830,31482,DISSE',OTC,1,1,111,0,Diversified Senior Services Inc,0,0,0
20000831,31482,DISSE',OTC,1,1,70,0,Diversified Senior Services Inc,0,0,0
20000901,31482,DISSE',OTC,1.0625,1.0625,79,0,Diversified Senior Services Inc,0,0,0
20000905,31482,DISSE',OTC,1.0625,1.0625,91,0,Diversified Senior Services Inc,0,0,0
20000906,31482,DISSE',OTC,1,1,235,0,Diversified Senior Services Inc,0,0,0
20000907,31482,DISSE',OTC,1.0625,1.0625,25,0,Diversified Senior Services Inc,0,0,0
20000908,31482,DISSE',OTC,1.0625,1.0625,10,0,Diversified Senior Services Inc,0,0,0
20000911,31482,DISSE',OTC,1.0625,1.0625,16,0,Diversified Senior Services Inc,0,0,0
20000912,31482,DISSE',OTC,1,1,69,0,Diversified Senior Services Inc,0,0,0
20000913,31482,DISSE',OTC,1.125,1.125,156,0,Diversified Senior Services Inc,0,0,0
20000914,31482,DISSE',OTC,1.0625,1.0625,121,0,Diversified Senior Services Inc,0,0,0
20000915,31482,DISSE',OTC,1.0625,1.0625,26,0,Diversified Senior Services Inc,0,0,0
20000918,31482,DISSE',OTC,1,1,74,0,Diversified Senior Services Inc,0,0,0
20000919,31482,DISSE',OTC,1.0625,1.0625,50,0,Diversified Senior Services Inc,0,0,0
20000920,31482,DISSE',OTC,1.0625,1.0625,42,0,Diversified Senior Services Inc,0,0,0
20000921,31482,DISSE',OTC,1,1,94,0,Diversified Senior Services Inc,0,0,0
20000922,31482,DISSE',OTC,1,1,12,0,Diversified Senior Services Inc,0,0,0
20000925,31482,DISSE',OTC,1,1,0,0,Diversified Senior Services Inc,0,0,0
20000926,31482,DISSE',OTC,1,1,21,0,Diversified Senior Services Inc,0,0,0
20000927,31482,DISSE',OTC,0.96875,0.96875,60,0,Diversified Senior Services Inc,0,0,0
20000928,31482,DISSE',OTC,0.96875,0.96875,0,0,Diversified Senior Services Inc,0,0,0
20000929,31482,DISSE',OTC,0.96875,0.96875,0,0,Diversified Senior Services Inc,0,0,0
20001002,31482,DISSE',OTC,0.875,0.875,6,0,Diversified Senior Services Inc,0,0,0
20001003,31482,DISSE',OTC,0.875,0.875,6,0,Diversified Senior Services Inc,0,0,0
20001004,31482,DISSE',OTC,0.59375,0.59375,29,0,Diversified Senior Services Inc,0,0,0
20001005,31482,DISSE',OTC,0.875,0.875,60,0,Diversified Senior Services Inc,0,0,0
20001006,31482,DISSE',OTC,0.8125,0.8125,2,0,Diversified Senior Services Inc,0,0,0
20001009,31482,DISSE',OTC,0.8125,0.8125,0,0,Diversified Senior Services Inc,0,0,0
20001010,31482,DISSE',OTC,0.8125,0.8125,0,0,Diversified Senior Services Inc,0,0,0
20001011,31482,DISSE',OTC,0.8125,0.8125,0,0,Diversified Senior Services Inc,0,0,0
20001012,31482,DISSE',OTC,0.8125,0.8125,0,0,Diversified Senior Services Inc,0,0,0
20001013,31482,DISSE',OTC,0.75,0.75,21,0,Diversified Senior Services Inc,0,0,0
20001016,31482,DISSE',OTC,0.75,0.75,0,0,Diversified Senior Services Inc,0,0,0
20001017,31482,DISSE',OTC,0.59375,0.59375,43,0,Diversified Senior Services Inc,0,0,0
20001018,31482,DISSE',OTC,0.25,0.25,43,0,Diversified Senior Services Inc,0,0,0
20001019,31482,DISSE',OTC,0.71875,0.71875,125,0,Diversified Senior Services Inc,0,0,0
20001020,31482,DISSE',OTC,0.65625,0.65625,67,0,Diversified Senior Services Inc,0,0,0
20001023,31482,DISSE',OTC,0.65625,0.65625,0,0,Diversified Senior Services Inc,0,0,0
20001024,31482,DISSE',OTC,0.4375,0.4375,94,0,Diversified Senior Services Inc,0,0,0
20001025,31482,DISSE',OTC,0.6875,0.6875,528,0,Diversified Senior Services Inc,0,0,0
20001026,31482,DISSE',OTC,0.59375,0.59375,38,0,Diversified Senior Services Inc,0,0,0
20001027,31482,DISSE',OTC,0.71875,0.71875,84,0,Diversified Senior Services Inc,0,0,0
20001030,31482,DISSE',OTC,0.6875,0.6875,57,0,Diversified Senior Services Inc,0,0,0
20001031,31482,DISSE',OTC,0.6875,0.6875,0,0,Diversified Senior Services Inc,0,0,0
20001101,31482,DISSE',OTC,0.703125,0.703125,10,0,Diversified Senior Services Inc,0,0,0
20001102,31482,DISSE',OTC,0.625,0.625,157,0,Diversified Senior Services Inc,0,0,0
20001103,31482,DISSE',OTC,0.625,0.625,0,0,Diversified Senior Services Inc,0,0,0
20001106,31482,DISSE',OTC,0.625,0.625,266,0,Diversified Senior Services Inc,0,0,0
20001107,31482,DISSE',OTC,0.5625,0.5625,1,0,Diversified Senior Services Inc,0,0,0
20001108,31482,DISSE',OTC,0.5625,0.5625,6,0,Diversified Senior Services Inc,0,0,0
20001109,31482,DISSE',OTC,0.5,0.5,111,0,Diversified Senior Services Inc,0,0,0
20001110,31482,DISSE',OTC,0.5,0.5,0,0,Diversified Senior Services Inc,0,0,0
20001113,31482,DISSE',OTC,0.5,0.5,20,0,Diversified Senior Services Inc,0,0,0
20001114,31482,DISSE',OTC,0.5625,0.5625,465,0,Diversified Senior Services Inc,0,0,0
20001115,31482,DISSE',OTC,0.5625,0.5625,175,0,Diversified Senior Services Inc,0,0,0
20001116,31482,DISSE',OTC,0.4375,0.4375,204,0,Diversified Senior Services Inc,0,0,0
20001117,31482,DISSE',OTC,0.5,0.5,92,0,Diversified Senior Services Inc,0,0,0
20001120,31482,DISSE',OTC,0.5,0.5,0,0,Diversified Senior Services Inc,0,0,0
20001121,31482,DISSE',OTC,0.46875,0.46875,266,0,Diversified Senior Services Inc,0,0,0
20001122,31482,DISSE',OTC,0.46875,0.46875,0,0,Diversified Senior Services Inc,0,0,0
20001124,31482,DISSE',OTC,0.5,0.5,92,0,Diversified Senior Services Inc,0,0,0
20001127,31482,DISSE',OTC,0.5,0.5,151,0,Diversified Senior Services Inc,0,0,0
20001128,31482,DISSE',OTC,0.4375,0.4375,248,0,Diversified Senior Services Inc,0,0,0
20001129,31482,DISSE',OTC,0.375,0.375,50,0,Diversified Senior Services Inc,0,0,0
20001130,31482,DISSE',OTC,0.375,0.375,219,0,Diversified Senior Services Inc,0,0,0
20001201,31482,DISSE',OTC,0.375,0.375,179,0,Diversified Senior Services Inc,0,0,0
20001204,31482,DISSE',OTC,0.375,0.375,422,0,Diversified Senior Services Inc,0,0,0
20001205,31482,DISSE',OTC,0.375,0.375,165,0,Diversified Senior Services Inc,0,0,0
20001206,31482,DISSE',OTC,0.375,0.375,0,0,Diversified Senior Services Inc,0,0,0
20001207,31482,DISSE',OTC,0.375,0.375,75,0,Diversified Senior Services Inc,0,0,0
20001208,31482,DISSE',OTC,0.3125,0.3125,1456,0,Diversified Senior Services Inc,0,0,0
20001211,31482,DISSE',OTC,0.3125,0.3125,64,0,Diversified Senior Services Inc,0,0,0
20001212,31482,DISSE',OTC,0.25,0.25,282,0,Diversified Senior Services Inc,0,0,0
20001213,31482,DISSE',OTC,0.25,0.25,0,0,Diversified Senior Services Inc,0,0,0
20001214,31482,DISSE',OTC,0.3125,0.3125,60,0,Diversified Senior Services Inc,0,0,0
20001215,31482,DISSE',OTC,0.3125,0.3125,9,0,Diversified Senior Services Inc,0,0,0
20001218,31482,DISSE',OTC,0.3125,0.3125,10,0,Diversified Senior Services Inc,0,0,0
20001219,31482,DISSE',OTC,0.25,0.25,215,0,Diversified Senior Services Inc,0,0,0
20001220,31482,DISSE',OTC,0.25,0.25,284,0,Diversified Senior Services Inc,0,0,0
20001221,31482,DISSE',OTC,0.3125,0.3125,963,0,Diversified Senior Services Inc,0,0,0
20001222,31482,DISSE',OTC,0.25,0.25,4,0,Diversified Senior Services Inc,0,0,0
20001226,31482,DISSE',OTC,0.1875,0.1875,726,0,Diversified Senior Services Inc,0,0,0
20001227,31482,DISSE',OTC,0.28125,0.28125,502,0,Diversified Senior Services Inc,0,0,0
20001228,31482,DISSE',OTC,0.21875,0.21875,548,0,Diversified Senior Services Inc,0,0,0
20001229,31482,DISSE',OTC,0.28125,0.28125,1299,0,Diversified Senior Services Inc,0,0,0
20010102,31482,DISSE',OTC,0.34375,0.34375,8,0,Diversified Senior Services Inc,0,0,0
20010103,31482,DISSE',OTC,0.375,0.375,55,0,Diversified Senior Services Inc,0,0,0
20010104,31482,DISSE',OTC,0.28125,0.28125,960,0,Diversified Senior Services Inc,0,0,0
20010105,31482,DISSE',OTC,0.28125,0.28125,453,0,Diversified Senior Services Inc,0,0,0
20010108,31482,DISSE',OTC,0.25,0.25,38,0,Diversified Senior Services Inc,0,0,0
20010109,31482,DISSE',OTC,0.28125,0.28125,857,0,Diversified Senior Services Inc,0,0,0
20010110,31482,DISSE',OTC,0.28125,0.28125,414,0,Diversified Senior Services Inc,0,0,0
20010111,31482,DISSE',OTC,0.203125,0.203125,690,0,Diversified Senior Services Inc,0,0,0
20010112,31482,DISSE',OTC,0.21875,0.21875,2703,0,Diversified Senior Services Inc,0,0,0
20010116,31482,DISSE',OTC,0.21875,0.21875,1148,0,Diversified Senior Services Inc,0,0,0
20010117,31482,DISSE',OTC,0.21875,0.21875,1846,0,Diversified Senior Services Inc,0,0,0
20010118,31482,DISSE',OTC,0.21875,0.21875,733,0,Diversified Senior Services Inc,0,0,0
20010119,31482,DISSE',OTC,0.1875,0.1875,996,0,Diversified Senior Services Inc,0,0,0
20010122,31482,DISSE',OTC,0.21875,0.21875,2794,0,Diversified Senior Services Inc,0,0,0
20010123,31482,DISSE',OTC,0.1875,0.1875,1223,0,Diversified Senior Services Inc,0,0,0
20010124,31482,DISSE',OTC,0.1875,0.1875,517,0,Diversified Senior Services Inc,0,0,0
20010125,31482,DISSE',OTC,0.1875,0.1875,528,0,Diversified Senior Services Inc,0,0,0
20010126,31482,DISSE',OTC,0.21875,0.21875,48,0,Diversified Senior Services Inc,0,0,0
20010129,31482,DISSE',OTC,0.21875,0.21875,385,0,Diversified Senior Services Inc,0,0,0
20010130,31482,DISSE',OTC,0.15625,0.15625,49,0,Diversified Senior Services Inc,0,0,0
20010131,31482,DISSE',OTC,0.1875,0.1875,356,0,Diversified Senior Services Inc,0,0,0
20010201,31482,DISSE',OTC,0.1875,0.1875,78,0,Diversified Senior Services Inc,0,0,0
20010202,31482,DISSE',OTC,0.15625,0.15625,102,0,Diversified Senior Services Inc,0,0,0
20010205,31482,DISSE',OTC,0.15625,0.15625,121,0,Diversified Senior Services Inc,0,0,0
20010206,31482,DISSE',OTC,0.21875,0.21875,298,0,Diversified Senior Services Inc,0,0,0
20010207,31482,DISSE',OTC,0.1875,0.1875,86,0,Diversified Senior Services Inc,0,0,0
20010208,31482,DISSE',OTC,0.1875,0.1875,81,0,Diversified Senior Services Inc,0,0,0
20010209,31482,DISSE',OTC,0.1875,0.1875,153,0,Diversified Senior Services Inc,0,0,0
20010212,31482,DISSE',OTC,0.15625,0.15625,510,0,Diversified Senior Services Inc,0,0,0
20010213,31482,DISSE',OTC,0.1875,0.1875,175,0,Diversified Senior Services Inc,0,0,0
20010214,31482,DISSE',OTC,0.1875,0.1875,456,0,Diversified Senior Services Inc,0,0,0
20010215,31482,DISSE',OTC,0.1875,0.1875,356,0,Diversified Senior Services Inc,0,0,0
20010216,31482,DISSE',OTC,0.1875,0.1875,80,0,Diversified Senior Services Inc,0,0,0
20010220,31482,DISSE',OTC,0.15625,0.15625,18,0,Diversified Senior Services Inc,0,0,0
20010221,31482,DISSE',OTC,0.1875,0.1875,373,0,Diversified Senior Services Inc,0,0,0
20010222,31482,DISSE',OTC,0.1875,0.1875,441,0,Diversified Senior Services Inc,0,0,0
20010223,31482,DISSE',OTC,0.1875,0.1875,75,0,Diversified Senior Services Inc,0,0,0
20010226,31482,DISSE',OTC,0.1875,0.1875,35,0,Diversified Senior Services Inc,0,0,0
20010227,31482,DISSE',OTC,0.1875,0.1875,121,0,Diversified Senior Services Inc,0,0,0
20010228,31482,DISSE',OTC,0.1875,0.1875,35,0,Diversified Senior Services Inc,0,0,0
20010301,31482,DISSE',OTC,0.1875,0.1875,413,0,Diversified Senior Services Inc,0,0,0
20010302,31482,DISSE',OTC,0.1875,0.1875,56,0,Diversified Senior Services Inc,0,0,0
20010305,31482,DISSE',OTC,0.1875,0.1875,94,0,Diversified Senior Services Inc,0,0,0
20010306,31482,DISSE',OTC,0.15625,0.15625,2,0,Diversified Senior Services Inc,0,0,0
20010307,31482,DISSE',OTC,0.1875,0.1875,2,0,Diversified Senior Services Inc,0,0,0
20010308,31482,DISSE',OTC,0.15625,0.15625,95,0,Diversified Senior Services Inc,0,0,0
20010309,31482,DISSE',OTC,0.1875,0.1875,8,0,Diversified Senior Services Inc,0,0,0
20010312,31482,DISSE',OTC,0.1875,0.1875,272,0,Diversified Senior Services Inc,0,0,0
20010313,31482,DISSE',OTC,0.1875,0.1875,32,0,Diversified Senior Services Inc,0,0,0
20010314,31482,DISSE',OTC,0.1875,0.1875,11,0,Diversified Senior Services Inc,0,0,0
20010315,31482,DISSE',OTC,0.1875,0.1875,32,0,Diversified Senior Services Inc,0,0,0
20010316,31482,DISSE',OTC,0.1875,0.1875,119,0,Diversified Senior Services Inc,0,0,0
20010319,31482,DISSE',OTC,0.15625,0.15625,5,0,Diversified Senior Services Inc,0,0,0
20010320,31482,DISSE',OTC,0.15625,0.15625,37,0,Diversified Senior Services Inc,0,0,0
20010321,31482,DISSE',OTC,0.1875,0.1875,5,0,Diversified Senior Services Inc,0,0,0
20010322,31482,DISSE',OTC,0.1875,0.1875,6,0,Diversified Senior Services Inc,0,0,0
20010323,31482,DISSE',OTC,0.1875,0.1875,0,0,Diversified Senior Services Inc,0,0,0
20010326,31482,DISSE',OTC,0.1875,0.1875,19,0,Diversified Senior Services Inc,0,0,0
20010327,31482,DISSE',OTC,0.1875,0.1875,0,0,Diversified Senior Services Inc,0,0,0
20010328,31482,DISSE',OTC,0.1875,0.1875,20,0,Diversified Senior Services Inc,0,0,0
20010329,31482,DISSE',OTC,0.1875,0.1875,0,0,Diversified Senior Services Inc,0,0,0
20010330,31482,DISSE',OTC,0.1875,0.1875,49,0,Diversified Senior Services Inc,0,0,0
20010402,31482,DISSE',OTC,0.15625,0.15625,132,0,Diversified Senior Services Inc,0,0,0
20010403,31482,DISSE',OTC,0.15625,0.15625,0,0,Diversified Senior Services Inc,0,0,0
20010404,31482,DISSE',OTC,0.15625,0.15625,14,0,Diversified Senior Services Inc,0,0,0
20010405,31482,DISSE',OTC,0.1875,0.1875,83,0,Diversified Senior Services Inc,0,0,0
20010406,31482,DISSE',OTC,0.125,0.125,68,0,Diversified Senior Services Inc,0,0,0
20010409,31482,DISSE',OTC,0.13,0.13,0,0,Diversified Senior Services Inc,0,0,0
20010410,31482,DISSE',OTC,0.19,0.19,15,0,Diversified Senior Services Inc,0,0,0
20010411,31482,DISSE',OTC,0.19,0.19,0,0,Diversified Senior Services Inc,0,0,0
20010412,31482,DISSE',OTC,0.19,0.19,0,0,Diversified Senior Services Inc,0,0,0
20010416,31482,DISSE',OTC,0.19,0.19,0,0,Diversified Senior Services Inc,0,0,0
20010417,31482,DISSE',OTC,0.13,0.13,15,0,Diversified Senior Services Inc,0,0,0
20010418,31482,DISSE',OTC,0.15,0.15,59,0,Diversified Senior Services Inc,0,0,0
20010419,31482,DISSE',OTC,0.17,0.17,99,0,Diversified Senior Services Inc,0,0,0
20010420,31482,DISSE',OTC,0.15,0.15,62,0,Diversified Senior Services Inc,0,0,0
20010423,31482,DISSE',OTC,0.15,0.15,0,0,Diversified Senior Services Inc,0,0,0
20010424,31482,DISSE',OTC,0.15,0.15,0,0,Diversified Senior Services Inc,0,0,0
20010425,31482,DISSE',OTC,0.09,0.09,42,0,Diversified Senior Services Inc,0,0,0
20010426,31482,DISSE',OTC,0.13,0.13,127,0,Diversified Senior Services Inc,0,0,0
20010427,31482,DISSE',OTC,0.12,0.12,130,0,Diversified Senior Services Inc,0,0,0
20010430,31482,DISSE',OTC,0.11,0.11,1,0,Diversified Senior Services Inc,0,0,0
20010501,31482,DISSE',OTC,0.19,0.19,105,0,Diversified Senior Services Inc,0,0,0
20010502,31482,DISSE',OTC,0.11,0.11,576,0,Diversified Senior Services Inc,0,0,0
20010503,31482,DISSE',OTC,0.1,0.1,60,0,Diversified Senior Services Inc,0,0,0
20010504,31482,DISSE',OTC,0.1,0.1,0,0,Diversified Senior Services Inc,0,0,0
20010507,31482,DISSE',OTC,0.1,0.1,20,0,Diversified Senior Services Inc,0,0,0
20010508,31482,DISSE',OTC,0.11,0.11,50,0,Diversified Senior Services Inc,0,0,0
20010509,31482,DISSE',OTC,0.11,0.11,0,0,Diversified Senior Services Inc,0,0,0
20010510,31482,DISSE',OTC,0.11,0.11,0,0,Diversified Senior Services Inc,0,0,0
20010511,31482,DISSE',OTC,0.11,0.11,0,0,Diversified Senior Services Inc,0,0,0
20010514,31482,DISSE',OTC,0.1,0.1,356,0,Diversified Senior Services Inc,0,0,0
20010515,31482,DISSE',OTC,0.1,0.1,0,0,Diversified Senior Services Inc,0,0,0
20010516,31482,DISSE',OTC,0.1,0.1,0,0,Diversified Senior Services Inc,0,0,0
20010517,31482,DISSE',OTC,0.1,0.1,0,0,Diversified Senior Services Inc,0,0,0
20010518,31482,DISSE',OTC,0.12,0.12,10,0,Diversified Senior Services Inc,0,0,0
20010521,31482,DISSE',OTC,0.11,0.11,4,0,Diversified Senior Services Inc,0,0,0
20010522,31482,DISSE',OTC,0.12,0.12,240,0,Diversified Senior Services Inc,0,0,0
20010523,31482,DISSE',OTC,0.11,0.11,60,0,Diversified Senior Services Inc,0,0,0
20010524,31482,DISSE',OTC,0.11,0.11,0,0,Diversified Senior Services Inc,0,0,0
20010525,31482,DISSE',OTC,0.11,0.11,0,0,Diversified Senior Services Inc,0,0,0
20010529,31482,DISSE',OTC,0.11,0.11,0,0,Diversified Senior Services Inc,0,0,0
20010530,31482,DISSE',OTC,0.1,0.1,50,0,Diversified Senior Services Inc,0,0,0
20010531,31482,DISSE',OTC,0.08,0.08,10,0,Diversified Senior Services Inc,0,0,0
20010601,31482,DISSE',OTC,0.1,0.1,155,0,Diversified Senior Services Inc,0,0,0
20010604,31482,DISSE',OTC,0.1,0.1,50,0,Diversified Senior Services Inc,0,0,0
20010605,31482,DISSE',OTC,0.1,0.1,0,0,Diversified Senior Services Inc,0,0,0
20010606,31482,DISSE',OTC,0.09,0.09,17,0,Diversified Senior Services Inc,0,0,0
20010607,31482,DISSE',OTC,0.09,0.09,0,0,Diversified Senior Services Inc,0,0,0
20010608,31482,DISSE',OTC,0.1,0.1,110,0,Diversified Senior Services Inc,0,0,0
20010611,31482,DISSE',OTC,0.1,0.1,0,0,Diversified Senior Services Inc,0,0,0
20010612,31482,DISSE',OTC,0.09,0.09,1,0,Diversified Senior Services Inc,0,0,0
20010613,31482,DISSE',OTC,0.09,0.09,0,0,Diversified Senior Services Inc,0,0,0
20010614,31482,DISSE',OTC,0.09,0.09,0,0,Diversified Senior Services Inc,0,0,0
20010615,31482,DISSE',OTC,0.09,0.09,0,0,Diversified Senior Services Inc,0,0,0
20010618,31482,DISSE',OTC,0.14,0.14,613,0,Diversified Senior Services Inc,0,0,0
20010619,31482,DISSE',OTC,0.11,0.11,5,0,Diversified Senior Services Inc,0,0,0
20010620,31482,DISSE',OTC,0.11,0.11,0,0,Diversified Senior Services Inc,0,0,0
20010621,31482,DISSE',OTC,0.11,0.11,45,0,Diversified Senior Services Inc,0,0,0
20010622,31482,DISSE',OTC,0.11,0.11,0,0,Diversified Senior Services Inc,0,0,0
20010625,31482,DISSE',OTC,0.14,0.14,20,0,Diversified Senior Services Inc,0,0,0
20010626,31482,DISSE',OTC,0.14,0.14,0,0,Diversified Senior Services Inc,0,0,0
20010627,31482,DISSE',OTC,0.14,0.14,0,0,Diversified Senior Services Inc,0,0,0
20010628,31482,DISSE',OTC,0.14,0.14,0,0,Diversified Senior Services Inc,0,0,0
20010629,31482,DISSE',OTC,0.14,0.14,0,0,Diversified Senior Services Inc,0,0,0
20010702,31482,DISSE',OTC,0.14,0.14,350,0,Diversified Senior Services Inc,0,0,0
20010703,31482,DISSE',OTC,0.14,0.14,0,0,Diversified Senior Services Inc,0,0,0
20010705,31482,DISSE',OTC,0.17,0.17,256,0,Diversified Senior Services Inc,0,0,0
20010706,31482,DISSE',OTC,0.17,0.17,5,0,Diversified Senior Services Inc,0,0,0
20010709,31482,DISSE',OTC,0.17,0.17,0,0,Diversified Senior Services Inc,0,0,0
20010710,31482,DISSE',OTC,0.17,0.17,50,0,Diversified Senior Services Inc,0,0,0
20010711,31482,DISSE',OTC,0.17,0.17,0,0,Diversified Senior Services Inc,0,0,0
20010712,31482,DISSE',OTC,0.15,0.15,20,0,Diversified Senior Services Inc,0,0,0
20010713,31482,DISSE',OTC,0.15,0.15,50,0,Diversified Senior Services Inc,0,0,0
20010716,31482,DISSE',OTC,0.17,0.17,168,0,Diversified Senior Services Inc,0,0,0
20010717,31482,DISSE',OTC,0.17,0.17,0,0,Diversified Senior Services Inc,0,0,0
20010718,31482,DISSE',OTC,0.17,0.17,0,0,Diversified Senior Services Inc,0,0,0
20010719,31482,DISSE',OTC,0.17,0.17,0,0,Diversified Senior Services Inc,0,0,0
20010720,31482,DISSE',OTC,0.17,0.17,0,0,Diversified Senior Services Inc,0,0,0
20010723,31482,DISSE',OTC,0.17,0.17,21,0,Diversified Senior Services Inc,0,0,0
20010724,31482,DISSE',OTC,0.1,0.1,30,0,Diversified Senior Services Inc,0,0,0
20010725,31482,DISSE',OTC,0.1,0.1,0,0,Diversified Senior Services Inc,0,0,0
20010726,31482,DISSE',OTC,0.1,0.1,1,0,Diversified Senior Services Inc,0,0,0
20010727,31482,DISSE',OTC,0.17,0.17,4,0,Diversified Senior Services Inc,0,0,0
20010730,31482,DISSE',OTC,0.17,0.17,0,0,Diversified Senior Services Inc,0,0,0
20010731,31482,DISSE',OTC,0.1,0.1,1,0,Diversified Senior Services Inc,0,0,0
20010801,31482,DISSE',OTC,0.1,0.1,0,0,Diversified Senior Services Inc,0,0,0
20010802,31482,DISSE',OTC,0.15,0.15,150,0,Diversified Senior Services Inc,0,0,0
20010803,31482,DISSE',OTC,0.13,0.13,170,0,Diversified Senior Services Inc,0,0,0
20010806,31482,DISSE',OTC,0.1,0.1,5,0,Diversified Senior Services Inc,0,0,0
20010807,31482,DISSE',OTC,0.1,0.1,0,0,Diversified Senior Services Inc,0,0,0
20010808,31482,DISSE',OTC,0.07,0.07,1560,0,Diversified Senior Services Inc,0,0,0
20010809,31482,DISSE',OTC,0.09,0.09,396,0,Diversified Senior Services Inc,0,0,0
20010810,31482,DISSE',OTC,0.09,0.09,0,0,Diversified Senior Services Inc,0,0,0
20010813,31482,DISSE',OTC,0.13,0.13,100,0,Diversified Senior Services Inc,0,0,0
20010814,31482,DISSE',OTC,0.13,0.13,0,0,Diversified Senior Services Inc,0,0,0
20010815,31482,DISSE',OTC,0.13,0.13,0,0,Diversified Senior Services Inc,0,0,0
20010816,31482,DISSE',OTC,0.08,0.08,350,0,Diversified Senior Services Inc,0,0,0
20010817,31482,DISSE',OTC,0.11,0.11,20,0,Diversified Senior Services Inc,0,0,0
20010820,31482,DISSE',OTC,0.11,0.11,0,0,Diversified Senior Services Inc,0,0,0
20010821,31482,DISSE',OTC,0.13,0.13,120,0,Diversified Senior Services Inc,0,0,0
20010822,31482,DISSE',OTC,0.13,0.13,0,0,Diversified Senior Services Inc,0,0,0
20010823,31482,DISSE',OTC,0.1,0.1,30,0,Diversified Senior Services Inc,0,0,0
20010824,31482,DISSE',OTC,0.1,0.1,0,0,Diversified Senior Services Inc,0,0,0
20010827,31482,DISSE',OTC,0.1,0.1,0,0,Diversified Senior Services Inc,0,0,0
20010828,31482,DISSE',OTC,0.13,0.13,100,0,Diversified Senior Services Inc,0,0,0
20010829,31482,DISSE',OTC,0.13,0.13,960,0,Diversified Senior Services Inc,0,0,0
20010830,31482,DISSE',OTC,0.1,0.1,144,0,Diversified Senior Services Inc,0,0,0
20010831,31482,DISSE',OTC,0.1,0.1,0,0,Diversified Senior Services Inc,0,0,0
20010904,31482,DISSE',OTC,0.1,0.1,0,0,Diversified Senior Services Inc,0,0,0
20010905,31482,DISSE',OTC,0.1,0.1,20,0,Diversified Senior Services Inc,0,0,0
20010906,31482,DISSE',OTC,0.1,0.1,8,0,Diversified Senior Services Inc,0,0,0
20010907,31482,DISSE',OTC,0.13,0.13,150,0,Diversified Senior Services Inc,0,0,0
20010910,31482,DISSE',OTC,0.13,0.13,0,0,Diversified Senior Services Inc,0,0,0
20010917,31482,DISSE',OTC,0.13,0.13,75,0,Diversified Senior Services Inc,0,0,0
20010918,31482,DISSE',OTC,0.13,0.13,25,0,Diversified Senior Services Inc,0,0,0
20010919,31482,DISSE',OTC,0.13,0.13,0,0,Diversified Senior Services Inc,0,0,0
20010920,31482,DISSE',OTC,0.13,0.13,0,0,Diversified Senior Services Inc,0,0,0
20010921,31482,DISSE',OTC,0.13,0.13,0,0,Diversified Senior Services Inc,0,0,0
20010924,31482,DISSE',OTC,0.09,0.09,21,0,Diversified Senior Services Inc,0,0,0
20010925,31482,DISSE',OTC,0.09,0.09,0,0,Diversified Senior Services Inc,0,0,0
20010926,31482,DISSE',OTC,0.09,0.09,0,0,Diversified Senior Services Inc,0,0,0
20010927,31482,DISSE',OTC,0.09,0.09,0,0,Diversified Senior Services Inc,0,0,0
20010928,31482,DISSE',OTC,0.09,0.09,0,0,Diversified Senior Services Inc,0,0,0
20011001,31482,DISSE',OTC,0.09,0.09,0,0,Diversified Senior Services Inc,0,0,0
20011002,31482,DISSE',OTC,0.09,0.09,0,0,Diversified Senior Services Inc,0,0,0
20011003,31482,DISSE',OTC,0.1,0.1,192,0,Diversified Senior Services Inc,0,0,0
20011004,31482,DISSE',OTC,0.1,0.1,0,0,Diversified Senior Services Inc,0,0,0
20011005,31482,DISSE',OTC,0.1,0.1,0,0,Diversified Senior Services Inc,0,0,0
20011008,31482,DISSE',OTC,0.1,0.1,0,0,Diversified Senior Services Inc,0,0,0
20011009,31482,DISSE',OTC,0.1,0.1,0,0,Diversified Senior Services Inc,0,0,0
20011010,31482,DISSE',OTC,0.11,0.11,7,0,Diversified Senior Services Inc,0,0,0
20011011,31482,DISSE',OTC,0.11,0.11,0,0,Diversified Senior Services Inc,0,0,0
20011012,31482,DISSE',OTC,0.11,0.11,0,0,Diversified Senior Services Inc,0,0,0
20011015,31482,DISSE',OTC,0.15,0.15,109,0,Diversified Senior Services Inc,0,0,0
20011016,31482,DISSE',OTC,0.14,0.14,25,0,Diversified Senior Services Inc,0,0,0
20011017,31482,DISSE',OTC,0.14,0.14,0,0,Diversified Senior Services Inc,0,0,0
20011018,31482,DISSE',OTC,0.14,0.14,10,0,Diversified Senior Services Inc,0,0,0
20011019,31482,DISSE',OTC,0.14,0.14,103,0,Diversified Senior Services Inc,0,0,0
20011022,31482,DISSE',OTC,0.14,0.14,162,0,Diversified Senior Services Inc,0,0,0
20011023,31482,DISSE',OTC,0.14,0.14,50,0,Diversified Senior Services Inc,0,0,0
20011024,31482,DISSE',OTC,0.17,0.17,410,0,Diversified Senior Services Inc,0,0,0
20011025,31482,DISSE',OTC,0.17,0.17,0,0,Diversified Senior Services Inc,0,0,0
20011026,31482,DISSE',OTC,0.13,0.13,1,0,Diversified Senior Services Inc,0,0,0
20011029,31482,DISSE',OTC,0.14,0.14,345,0,Diversified Senior Services Inc,0,0,0
20011030,31482,DISSE',OTC,0.14,0.14,0,0,Diversified Senior Services Inc,0,0,0
20011031,31482,DISSE',OTC,0.14,0.14,0,0,Diversified Senior Services Inc,0,0,0
20011101,31482,DISSE',OTC,0.14,0.14,0,0,Diversified Senior Services Inc,0,0,0
20011102,31482,DISSE',OTC,0.14,0.14,0,0,Diversified Senior Services Inc,0,0,0
20011105,31482,DISSE',OTC,0.14,0.14,0,0,Diversified Senior Services Inc,0,0,0
20011106,31482,DISSE',OTC,0.14,0.14,50,0,Diversified Senior Services Inc,0,0,0
20011107,31482,DISSE',OTC,0.14,0.14,42,0,Diversified Senior Services Inc,0,0,0
20011108,31482,DISSE',OTC,0.14,0.14,161,0,Diversified Senior Services Inc,0,0,0
20011109,31482,DISSE',OTC,0.14,0.14,0,0,Diversified Senior Services Inc,0,0,0
20011112,31482,DISSE',OTC,0.14,0.14,0,0,Diversified Senior Services Inc,0,0,0
20011113,31482,DISSE',OTC,0.15,0.15,4,0,Diversified Senior Services Inc,0,0,0
20011114,31482,DISSE',OTC,0.15,0.15,0,0,Diversified Senior Services Inc,0,0,0
20011115,31482,DISSE',OTC,0.15,0.15,0,0,Diversified Senior Services Inc,0,0,0
20011116,31482,DISSE',OTC,0.15,0.15,0,0,Diversified Senior Services Inc,0,0,0
20011119,31482,DISSE',OTC,0.12,0.12,20,0,Diversified Senior Services Inc,0,0,0
20011120,31482,DISSE',OTC,0.14,0.14,200,0,Diversified Senior Services Inc,0,0,0
20011121,31482,DISSE',OTC,0.14,0.14,0,0,Diversified Senior Services Inc,0,0,0
20011123,31482,DISSE',OTC,0.14,0.14,0,0,Diversified Senior Services Inc,0,0,0
20011126,31482,DISSE',OTC,0.14,0.14,0,0,Diversified Senior Services Inc,0,0,0
20011127,31482,DISSE',OTC,0.14,0.14,39,0,Diversified Senior Services Inc,0,0,0
20011128,31482,DISSE',OTC,0.14,0.14,0,0,Diversified Senior Services Inc,0,0,0
20011129,31482,DISSE',OTC,0.12,0.12,10,0,Diversified Senior Services Inc,0,0,0
20011130,31482,DISSE',OTC,0.12,0.12,0,0,Diversified Senior Services Inc,0,0,0
20011203,31482,DISSE',OTC,0.12,0.12,0,0,Diversified Senior Services Inc,0,0,0
20011204,31482,DISSE',OTC,0.12,0.12,0,0,Diversified Senior Services Inc,0,0,0
20011205,31482,DISSE',OTC,0.13,0.13,20,0,Diversified Senior Services Inc,0,0,0
20011206,31482,DISSE',OTC,0.13,0.13,5,0,Diversified Senior Services Inc,0,0,0
20011207,31482,DISSE',OTC,0.15,0.15,120,0,Diversified Senior Services Inc,0,0,0
20011210,31482,DISSE',OTC,0.15,0.15,100,0,Diversified Senior Services Inc,0,0,0
20011211,31482,DISSE',OTC,0.15,0.15,0,0,Diversified Senior Services Inc,0,0,0
20011212,31482,DISSE',OTC,0.15,0.15,0,0,Diversified Senior Services Inc,0,0,0
20011213,31482,DISSE',OTC,0.15,0.15,0,0,Diversified Senior Services Inc,0,0,0
20011214,31482,DISSE',OTC,0.15,0.15,0,0,Diversified Senior Services Inc,0,0,0
20011217,31482,DISSE',OTC,0.15,0.15,0,0,Diversified Senior Services Inc,0,0,0
20011218,31482,DISSE',OTC,0.09,0.09,180,0,Diversified Senior Services Inc,0,0,0
20011219,31482,DISSE',OTC,0.08,0.08,203,0,Diversified Senior Services Inc,0,0,0
20011220,31482,DISSE',OTC,0.09,0.09,106,0,Diversified Senior Services Inc,0,0,0
20011221,31482,DISSE',OTC,0.09,0.09,0,0,Diversified Senior Services Inc,0,0,0
20011224,31482,DISSE',OTC,0.08,0.08,34,0,Diversified Senior Services Inc,0,0,0
20011226,31482,DISSE',OTC,0.08,0.08,19,0,Diversified Senior Services Inc,0,0,0
20011227,31482,DISSE',OTC,0.08,0.08,9,0,Diversified Senior Services Inc,0,0,0
20011228,31482,DISSE',OTC,0.08,0.08,149,0,Diversified Senior Services Inc,0,0,0
20011231,31482,DISSE',OTC,0.08,0.08,6,0,Diversified Senior Services Inc,0,0,0
20020102,31482,DISSE',OTC,0.08,0.08,0,0,Diversified Senior Services Inc,0,0,0
20020103,31482,DISSE',OTC,0.08,0.08,0,0,Diversified Senior Services Inc,0,0,0
20020104,31482,DISSE',OTC,0.08,0.08,0,0,Diversified Senior Services Inc,0,0,0
20020107,31482,DISSE',OTC,0.08,0.08,0,0,Diversified Senior Services Inc,0,0,0
20020108,31482,DISSE',OTC,0.08,0.08,0,0,Diversified Senior Services Inc,0,0,0
20020109,31482,DISSE',OTC,0.08,0.08,0,0,Diversified Senior Services Inc,0,0,0
20020110,31482,DISSE',OTC,0.08,0.08,0,0,Diversified Senior Services Inc,0,0,0
20020111,31482,DISSE',OTC,0.08,0.08,0,0,Diversified Senior Services Inc,0,0,0
20020114,31482,DISSE',OTC,0.08,0.08,0,0,Diversified Senior Services Inc,0,0,0
20020115,31482,DISSE',OTC,0.08,0.08,39,0,Diversified Senior Services Inc,0,0,0
20020116,31482,DISSE',OTC,0.08,0.08,0,0,Diversified Senior Services Inc,0,0,0
20020117,31482,DISSE',OTC,0.08,0.08,0,0,Diversified Senior Services Inc,0,0,0
20020118,31482,DISSE',OTC,0.08,0.08,0,0,Diversified Senior Services Inc,0,0,0
20020122,31482,DISSE',OTC,0.08,0.08,0,0,Diversified Senior Services Inc,0,0,0
20020123,31482,DISSE',OTC,0.12,0.12,45,0,Diversified Senior Services Inc,0,0,0
20020124,31482,DISSE',OTC,0.12,0.12,0,0,Diversified Senior Services Inc,0,0,0
20020125,31482,DISSE',OTC,0.12,0.12,0,0,Diversified Senior Services Inc,0,0,0
20020128,31482,DISSE',OTC,0.12,0.12,0,0,Diversified Senior Services Inc,0,0,0
20020129,31482,DISSE',OTC,0.12,0.12,0,0,Diversified Senior Services Inc,0,0,0
20020130,31482,DISSE',OTC,0.12,0.12,0,0,Diversified Senior Services Inc,0,0,0
20020131,31482,DISSE',OTC,0.12,0.12,0,0,Diversified Senior Services Inc,0,0,0
20020201,31482,DISSE',OTC,0.12,0.12,0,0,Diversified Senior Services Inc,0,0,0
20020204,31482,DISSE',OTC,0.16,0.16,20,0,Diversified Senior Services Inc,0,0,0
20020205,31482,DISSE',OTC,0.16,0.16,0,0,Diversified Senior Services Inc,0,0,0
20020206,31482,DISSE',OTC,0.16,0.16,0,0,Diversified Senior Services Inc,0,0,0
20020207,31482,DISSE',OTC,0.16,0.16,0,0,Diversified Senior Services Inc,0,0,0
20020208,31482,DISSE',OTC,0.16,0.16,0,0,Diversified Senior Services Inc,0,0,0
20020211,31482,DISSE',OTC,0.09,0.09,100,0,Diversified Senior Services Inc,0,0,0
20020212,31482,DISSE',OTC,0.12,0.12,48,0,Diversified Senior Services Inc,0,0,0
20020213,31482,DISSE',OTC,0.09,0.09,260,0,Diversified Senior Services Inc,0,0,0
20020214,31482,DISSE',OTC,0.09,0.09,0,0,Diversified Senior Services Inc,0,0,0
20020215,31482,DISSE',OTC,0.07,0.07,8,0,Diversified Senior Services Inc,0,0,0
20020219,31482,DISSE',OTC,0.1,0.1,140,0,Diversified Senior Services Inc,0,0,0
20020220,31482,DISSE',OTC,0.1,0.1,0,0,Diversified Senior Services Inc,0,0,0
20020221,31482,DISSE',OTC,0.1,0.1,0,0,Diversified Senior Services Inc,0,0,0
20020222,31482,DISSE',OTC,0.1,0.1,0,0,Diversified Senior Services Inc,0,0,0
20020225,31482,DISSE',OTC,0.1,0.1,0,0,Diversified Senior Services Inc,0,0,0
20020226,31482,DISSE',OTC,0.1,0.1,0,0,Diversified Senior Services Inc,0,0,0
20020227,31482,DISSE',OTC,0.1,0.1,14,0,Diversified Senior Services Inc,0,0,0
20020228,31482,DISSE',OTC,0.1,0.1,0,0,Diversified Senior Services Inc,0,0,0
20020301,31482,DISSE',OTC,0.11,0.11,280,0,Diversified Senior Services Inc,0,0,0
20020304,31482,DISSE',OTC,0.11,0.11,0,0,Diversified Senior Services Inc,0,0,0
20020305,31482,DISSE',OTC,0.11,0.11,0,0,Diversified Senior Services Inc,0,0,0
20020306,31482,DISSE',OTC,0.11,0.11,0,0,Diversified Senior Services Inc,0,0,0
20020307,31482,DISSE',OTC,0.11,0.11,195,0,Diversified Senior Services Inc,0,0,0
20020308,31482,DISSE',OTC,0.11,0.11,0,0,Diversified Senior Services Inc,0,0,0
20020311,31482,DISSE',OTC,0.11,0.11,0,0,Diversified Senior Services Inc,0,0,0
20020312,31482,DISSE',OTC,0.11,0.11,0,0,Diversified Senior Services Inc,0,0,0
20020313,31482,DISSE',OTC,0.11,0.11,0,0,Diversified Senior Services Inc,0,0,0
20020314,31482,DISSE',OTC,0.11,0.11,0,0,Diversified Senior Services Inc,0,0,0
20020315,31482,DISSE',OTC,0.11,0.11,0,0,Diversified Senior Services Inc,0,0,0
20020318,31482,DISSE',OTC,0.11,0.11,0,0,Diversified Senior Services Inc,0,0,0
20020319,31482,DISSE',OTC,0.11,0.11,0,0,Diversified Senior Services Inc,0,0,0
20020320,31482,DISSE',OTC,0.13,0.13,50,0,Diversified Senior Services Inc,0,0,0
20020321,31482,DISSE',OTC,0.13,0.13,0,0,Diversified Senior Services Inc,0,0,0
20020322,31482,DISSE',OTC,0.13,0.13,0,0,Diversified Senior Services Inc,0,0,0
20020325,31482,DISSE',OTC,0.13,0.13,0,0,Diversified Senior Services Inc,0,0,0
20020326,31482,DISSE',OTC,0.13,0.13,0,0,Diversified Senior Services Inc,0,0,0
20020327,31482,DISSE',OTC,0.07,0.07,1,0,Diversified Senior Services Inc,0,0,0
20020328,31482,DISSE',OTC,0.07,0.07,0,0,Diversified Senior Services Inc,0,0,0
20020401,31482,DISSE',OTC,0.07,0.07,0,0,Diversified Senior Services Inc,0,0,0
20020402,31482,DISSE',OTC,0.07,0.07,0,0,Diversified Senior Services Inc,0,0,0
20020403,31482,DISSE',OTC,0.07,0.07,0,0,Diversified Senior Services Inc,0,0,0
20020404,31482,DISSE',OTC,0.07,0.07,0,0,Diversified Senior Services Inc,0,0,0
20020405,31482,DISSE',OTC,0.07,0.07,0,0,Diversified Senior Services Inc,0,0,0
20020408,31482,DISSE',OTC,0.07,0.07,0,0,Diversified Senior Services Inc,0,0,0
20020409,31482,DISSE',OTC,0.1,0.1,18,0,Diversified Senior Services Inc,0,0,0
20020410,31482,DISSE',OTC,0.1,0.1,5,0,Diversified Senior Services Inc,0,0,0
20020411,31482,DISSE',OTC,0.1,0.1,0,0,Diversified Senior Services Inc,0,0,0
20020412,31482,DISSE',OTC,0.11,0.11,300,0,Diversified Senior Services Inc,0,0,0
20020415,31482,DISSE',OTC,0.11,0.11,0,0,Diversified Senior Services Inc,0,0,0
20020416,31482,DISSE',OTC,0.1,0.1,74,0,Diversified Senior Services Inc,0,0,0
20020417,31482,DISSE',OTC,0.1,0.1,0,0,Diversified Senior Services Inc,0,0,0
20020418,31482,DISSE',OTC,0.1,0.1,0,0,Diversified Senior Services Inc,0,0,0
20020419,31482,DISSE',OTC,0.07,0.07,211,0,Diversified Senior Services Inc,0,0,0
20020422,31482,DISSE',OTC,0.1,0.1,104,0,Diversified Senior Services Inc,0,0,0
20020423,31482,DISSE',OTC,0.1,0.1,0,0,Diversified Senior Services Inc,0,0,0
20020424,31482,DISSE',OTC,0.1,0.1,0,0,Diversified Senior Services Inc,0,0,0
20020425,31482,DISSE',OTC,0.1,0.1,0,0,Diversified Senior Services Inc,0,0,0
20020426,31482,DISSE',OTC,0.1,0.1,0,0,Diversified Senior Services Inc,0,0,0
20020429,31482,DISSE',OTC,0.1,0.1,0,0,Diversified Senior Services Inc,0,0,0
20020430,31482,DISSE',OTC,0.1,0.1,0,0,Diversified Senior Services Inc,0,0,0
20020501,31482,DISSE',OTC,0.1,0.1,0,0,Diversified Senior Services Inc,0,0,0
20020502,31482,DISSE',OTC,0.1,0.1,0,0,Diversified Senior Services Inc,0,0,0
20020503,31482,DISSE',OTC,0.1,0.1,0,0,Diversified Senior Services Inc,0,0,0
20020506,31482,DISSE',OTC,0.1,0.1,0,0,Diversified Senior Services Inc,0,0,0
20020507,31482,DISSE',OTC,0.13,0.13,60,0,Diversified Senior Services Inc,0,0,0
20020508,31482,DISSE',OTC,0.13,0.13,0,0,Diversified Senior Services Inc,0,0,0
20020509,31482,DISSE',OTC,0.13,0.13,0,0,Diversified Senior Services Inc,0,0,0
20020510,31482,DISSE',OTC,0.13,0.13,0,0,Diversified Senior Services Inc,0,0,0
20020513,31482,DISSE',OTC,0.13,0.13,0,0,Diversified Senior Services Inc,0,0,0
20020514,31482,DISSE',OTC,0.13,0.13,0,0,Diversified Senior Services Inc,0,0,0
20020515,31482,DISSE',OTC,0.13,0.13,0,0,Diversified Senior Services Inc,0,0,0
20020516,31482,DISSE',OTC,0.13,0.13,0,0,Diversified Senior Services Inc,0,0,0
20020517,31482,DISSE',OTC,0.13,0.13,0,0,Diversified Senior Services Inc,0,0,0
20020520,31482,DISSE',OTC,0.11,0.11,60,0,Diversified Senior Services Inc,0,0,0
20020521,31482,DISSE',OTC,0.1,0.1,79,0,Diversified Senior Services Inc,0,0,0
20020522,31482,DISSE',OTC,0.03,0.03,80,0,Diversified Senior Services Inc,0,0,0
