DDate,CSINumber,Symbol,Exchange,DClose,UnAdjustedClose,TotalVolume,Cash,MarketName,PTB,PSR,DPS
19980603,31684,TLXNG',OTC,118,118,1,0,Telxon Corp,0,0,0
19980604,31684,TLXNG',OTC,132.5,132.5,1,0,Telxon Corp,0,0,0
19980605,31684,TLXNG',OTC,129,129,1,0,Telxon Corp,0,0,0
19980608,31684,TLXNG',OTC,116,116,1,0,Telxon Corp,0,0,0
19980609,31684,TLXNG',OTC,116,116,0,0,Telxon Corp,0,0,0
19980610,31684,TLXNG',OTC,122.5,122.5,1,0,Telxon Corp,0,0,0
19980611,31684,TLXNG',OTC,122.5,122.5,0,0,Telxon Corp,0,0,0
19980612,31684,TLXNG',OTC,122.5,122.5,0,0,Telxon Corp,0,0,0
19980615,31684,TLXNG',OTC,122.5,122.5,0,0,Telxon Corp,0,0,0
19980616,31684,TLXNG',OTC,122.5,122.5,0,0,Telxon Corp,0,0,0
19980617,31684,TLXNG',OTC,123,123,1,0,Telxon Corp,0,0,0
19980618,31684,TLXNG',OTC,114,114,1,0,Telxon Corp,0,0,0
19980619,31684,TLXNG',OTC,114,114,0,0,Telxon Corp,0,0,0
19980622,31684,TLXNG',OTC,114,114,1,0,Telxon Corp,0,0,0
19980623,31684,TLXNG',OTC,114,114,0,0,Telxon Corp,0,0,0
19980624,31684,TLXNG',OTC,114,114,0,0,Telxon Corp,0,0,0
19980625,31684,TLXNG',OTC,120,120,1,0,Telxon Corp,0,0,0
19980626,31684,TLXNG',OTC,117,117,1,0,Telxon Corp,0,0,0
19980629,31684,TLXNG',OTC,117,117,0,0,Telxon Corp,0,0,0
19980630,31684,TLXNG',OTC,117,117,0,0,Telxon Corp,0,0,0
19980701,31684,TLXNG',OTC,117,117,0,0,Telxon Corp,0,0,0
19980702,31684,TLXNG',OTC,117,117,0,0,Telxon Corp,0,0,0
19980706,31684,TLXNG',OTC,117,117,0,0,Telxon Corp,0,0,0
19980707,31684,TLXNG',OTC,117,117,0,0,Telxon Corp,0,0,0
19980708,31684,TLXNG',OTC,117,117,0,0,Telxon Corp,0,0,0
19980709,31684,TLXNG',OTC,117,117,0,0,Telxon Corp,0,0,0
19980710,31684,TLXNG',OTC,119,119,1,0,Telxon Corp,0,0,0
19980713,31684,TLXNG',OTC,115,115,0,0,Telxon Corp,0,0,0
19980714,31684,TLXNG',OTC,115,115,0,0,Telxon Corp,0,0,0
19980715,31684,TLXNG',OTC,115,115,0,0,Telxon Corp,0,0,0
19980716,31684,TLXNG',OTC,115,115,0,0,Telxon Corp,0,0,0
19980717,31684,TLXNG',OTC,115,115,0,0,Telxon Corp,0,0,0
19980720,31684,TLXNG',OTC,115,115,0,0,Telxon Corp,0,0,0
19980721,31684,TLXNG',OTC,104,104,1,0,Telxon Corp,0,0,0
19980722,31684,TLXNG',OTC,103,103,1,0,Telxon Corp,0,0,0
19980723,31684,TLXNG',OTC,103,103,0,0,Telxon Corp,0,0,0
19980724,31684,TLXNG',OTC,103,103,1,0,Telxon Corp,0,0,0
19980727,31684,TLXNG',OTC,100,100,1,0,Telxon Corp,0,0,0
19980728,31684,TLXNG',OTC,100,100,0,0,Telxon Corp,0,0,0
19980729,31684,TLXNG',OTC,103,103,1,0,Telxon Corp,0,0,0
19980730,31684,TLXNG',OTC,97,97,1,0,Telxon Corp,0,0,0
19980731,31684,TLXNG',OTC,97,97,0,0,Telxon Corp,0,0,0
19980803,31684,TLXNG',OTC,97,97,0,0,Telxon Corp,0,0,0
19980804,31684,TLXNG',OTC,97,97,0,0,Telxon Corp,0,0,0
19980805,31684,TLXNG',OTC,97,97,0,0,Telxon Corp,0,0,0
19980806,31684,TLXNG',OTC,97,97,0,0,Telxon Corp,0,0,0
19980807,31684,TLXNG',OTC,97,97,0,0,Telxon Corp,0,0,0
19980810,31684,TLXNG',OTC,97,97,0,0,Telxon Corp,0,0,0
19980811,31684,TLXNG',OTC,97,97,0,0,Telxon Corp,0,0,0
19980812,31684,TLXNG',OTC,100,100,1,0,Telxon Corp,0,0,0
19980813,31684,TLXNG',OTC,100,100,0,0,Telxon Corp,0,0,0
19980814,31684,TLXNG',OTC,100,100,0,0,Telxon Corp,0,0,0
19980817,31684,TLXNG',OTC,100,100,0,0,Telxon Corp,0,0,0
19980818,31684,TLXNG',OTC,100,100,0,0,Telxon Corp,0,0,0
19980819,31684,TLXNG',OTC,100,100,0,0,Telxon Corp,0,0,0
19980820,31684,TLXNG',OTC,99,99,0,0,Telxon Corp,0,0,0
19980821,31684,TLXNG',OTC,99,99,0,0,Telxon Corp,0,0,0
19980824,31684,TLXNG',OTC,99,99,0,0,Telxon Corp,0,0,0
19980825,31684,TLXNG',OTC,100,100,1,0,Telxon Corp,0,0,0
19980826,31684,TLXNG',OTC,100,100,1,0,Telxon Corp,0,0,0
19980827,31684,TLXNG',OTC,100,100,0,0,Telxon Corp,0,0,0
19980828,31684,TLXNG',OTC,100,100,0,0,Telxon Corp,0,0,0
19980831,31684,TLXNG',OTC,96,96,1,0,Telxon Corp,0,0,0
19980901,31684,TLXNG',OTC,96,96,0,0,Telxon Corp,0,0,0
19980902,31684,TLXNG',OTC,96,96,0,0,Telxon Corp,0,0,0
19980903,31684,TLXNG',OTC,101,101,1,0,Telxon Corp,0,0,0
19980904,31684,TLXNG',OTC,96,96,1,0,Telxon Corp,0,0,0
19980908,31684,TLXNG',OTC,96,96,0,0,Telxon Corp,0,0,0
19980909,31684,TLXNG',OTC,96,96,1,0,Telxon Corp,0,0,0
19980910,31684,TLXNG',OTC,96,96,0,0,Telxon Corp,0,0,0
19980911,31684,TLXNG',OTC,96,96,0,0,Telxon Corp,0,0,0
19980914,31684,TLXNG',OTC,96,96,0,0,Telxon Corp,0,0,0
19980915,31684,TLXNG',OTC,96,96,0,0,Telxon Corp,0,0,0
19980916,31684,TLXNG',OTC,96,96,0,0,Telxon Corp,0,0,0
19980917,31684,TLXNG',OTC,96,96,0,0,Telxon Corp,0,0,0
19980918,31684,TLXNG',OTC,96,96,0,0,Telxon Corp,0,0,0
19980921,31684,TLXNG',OTC,96,96,0,0,Telxon Corp,0,0,0
19980922,31684,TLXNG',OTC,100,100,1,0,Telxon Corp,0,0,0
19980923,31684,TLXNG',OTC,102,102,1,0,Telxon Corp,0,0,0
19980924,31684,TLXNG',OTC,102,102,0,0,Telxon Corp,0,0,0
19980925,31684,TLXNG',OTC,101,101,1,0,Telxon Corp,0,0,0
19980928,31684,TLXNG',OTC,102,102,1,0,Telxon Corp,0,0,0
19980929,31684,TLXNG',OTC,102,102,0,0,Telxon Corp,0,0,0
19980930,31684,TLXNG',OTC,102,102,0,0,Telxon Corp,0,0,0
19981001,31684,TLXNG',OTC,102,102,0,0,Telxon Corp,0,0,0
19981002,31684,TLXNG',OTC,102,102,0,0,Telxon Corp,0,0,0
19981005,31684,TLXNG',OTC,95,95,1,0,Telxon Corp,0,0,0
19981006,31684,TLXNG',OTC,97,97,2,0,Telxon Corp,0,0,0
19981007,31684,TLXNG',OTC,92,92,1,0,Telxon Corp,0,0,0
19981008,31684,TLXNG',OTC,94,94,1,0,Telxon Corp,0,0,0
19981009,31684,TLXNG',OTC,96,96,1,0,Telxon Corp,0,0,0
19981012,31684,TLXNG',OTC,96,96,0,0,Telxon Corp,0,0,0
19981013,31684,TLXNG',OTC,91,91,1,0,Telxon Corp,0,0,0
19981014,31684,TLXNG',OTC,91,91,0,0,Telxon Corp,0,0,0
19981015,31684,TLXNG',OTC,91,91,0,0,Telxon Corp,0,0,0
19981016,31684,TLXNG',OTC,91,91,0,0,Telxon Corp,0,0,0
19981019,31684,TLXNG',OTC,90,90,1,0,Telxon Corp,0,0,0
19981020,31684,TLXNG',OTC,96.5,96.5,1,0,Telxon Corp,0,0,0
19981021,31684,TLXNG',OTC,101,101,1,0,Telxon Corp,0,0,0
19981022,31684,TLXNG',OTC,101,101,1,0,Telxon Corp,0,0,0
19981023,31684,TLXNG',OTC,101,101,0,0,Telxon Corp,0,0,0
19981026,31684,TLXNG',OTC,98,98,1,0,Telxon Corp,0,0,0
19981027,31684,TLXNG',OTC,100,100,1,0,Telxon Corp,0,0,0
19981028,31684,TLXNG',OTC,100,100,0,0,Telxon Corp,0,0,0
19981029,31684,TLXNG',OTC,100,100,0,0,Telxon Corp,0,0,0
19981030,31684,TLXNG',OTC,100.125,100.125,1,0,Telxon Corp,0,0,0
19981102,31684,TLXNG',OTC,101,101,1,0,Telxon Corp,0,0,0
19981103,31684,TLXNG',OTC,101,101,0,0,Telxon Corp,0,0,0
19981104,31684,TLXNG',OTC,96,96,1,0,Telxon Corp,0,0,0
19981105,31684,TLXNG',OTC,96,96,0,0,Telxon Corp,0,0,0
19981106,31684,TLXNG',OTC,96,96,0,0,Telxon Corp,0,0,0
19981109,31684,TLXNG',OTC,96,96,0,0,Telxon Corp,0,0,0
19981110,31684,TLXNG',OTC,96,96,0,0,Telxon Corp,0,0,0
19981111,31684,TLXNG',OTC,96,96,0,0,Telxon Corp,0,0,0
19981112,31684,TLXNG',OTC,101.875,101.875,1,0,Telxon Corp,0,0,0
19981113,31684,TLXNG',OTC,96,96,0,0,Telxon Corp,0,0,0
19981116,31684,TLXNG',OTC,96,96,0,0,Telxon Corp,0,0,0
19981117,31684,TLXNG',OTC,96,96,0,0,Telxon Corp,0,0,0
19981118,31684,TLXNG',OTC,100,100,1,0,Telxon Corp,0,0,0
19981119,31684,TLXNG',OTC,100.25,100.25,1,0,Telxon Corp,0,0,0
19981120,31684,TLXNG',OTC,100.25,100.25,0,0,Telxon Corp,0,0,0
19981123,31684,TLXNG',OTC,100.25,100.25,0,0,Telxon Corp,0,0,0
19981124,31684,TLXNG',OTC,100.25,100.25,0,0,Telxon Corp,0,0,0
19981125,31684,TLXNG',OTC,108.75,108.75,2,0,Telxon Corp,0,0,0
19981127,31684,TLXNG',OTC,108.75,108.75,0,0,Telxon Corp,0,0,0
19981130,31684,TLXNG',OTC,109.25,109.25,2,0,Telxon Corp,0,0,0
19981201,31684,TLXNG',OTC,111,111,2,0,Telxon Corp,0,0,0
19981202,31684,TLXNG',OTC,111,111,0,0,Telxon Corp,0,0,0
19981203,31684,TLXNG',OTC,111,111,0,0,Telxon Corp,0,0,0
19981204,31684,TLXNG',OTC,111,111,0,0,Telxon Corp,0,0,0
19981207,31684,TLXNG',OTC,113,113,1,0,Telxon Corp,0,0,0
19981208,31684,TLXNG',OTC,112.5,112.5,1,0,Telxon Corp,0,0,0
19981209,31684,TLXNG',OTC,112.5,112.5,0,0,Telxon Corp,0,0,0
19981210,31684,TLXNG',OTC,112.5,112.5,0,0,Telxon Corp,0,0,0
19981211,31684,TLXNG',OTC,85,85,4,0,Telxon Corp,0,0,0
19981214,31684,TLXNG',OTC,81.25,81.25,7,0,Telxon Corp,0,0,0
19981215,31684,TLXNG',OTC,79.5,79.5,5,0,Telxon Corp,0,0,0
19981216,31684,TLXNG',OTC,79.75,79.75,4,0,Telxon Corp,0,0,0
19981217,31684,TLXNG',OTC,80.5,80.5,1,0,Telxon Corp,0,0,0
19981218,31684,TLXNG',OTC,81,81,1,0,Telxon Corp,0,0,0
19981221,31684,TLXNG',OTC,79.25,79.25,3,0,Telxon Corp,0,0,0
19981222,31684,TLXNG',OTC,78,78,1,0,Telxon Corp,0,0,0
19981223,31684,TLXNG',OTC,77.5,77.5,3,0,Telxon Corp,0,0,0
19981224,31684,TLXNG',OTC,78.5,78.5,1,0,Telxon Corp,0,0,0
19981228,31684,TLXNG',OTC,78.75,78.75,1,0,Telxon Corp,0,0,0
19981229,31684,TLXNG',OTC,78.25,78.25,2,0,Telxon Corp,0,0,0
19981230,31684,TLXNG',OTC,80,80,1,0,Telxon Corp,0,0,0
19981231,31684,TLXNG',OTC,81,81,2,0,Telxon Corp,0,0,0
19990104,31684,TLXNG',OTC,82,82,1,0,Telxon Corp,0,0,0
19990105,31684,TLXNG',OTC,80.75,80.75,2,0,Telxon Corp,0,0,0
19990106,31684,TLXNG',OTC,81,81,2,0,Telxon Corp,0,0,0
19990107,31684,TLXNG',OTC,81,81,1,0,Telxon Corp,0,0,0
19990108,31684,TLXNG',OTC,82,82,1,0,Telxon Corp,0,0,0
19990111,31684,TLXNG',OTC,81,81,1,0,Telxon Corp,0,0,0
19990112,31684,TLXNG',OTC,81,81,1,0,Telxon Corp,0,0,0
19990113,31684,TLXNG',OTC,82,82,1,0,Telxon Corp,0,0,0
19990114,31684,TLXNG',OTC,83,83,1,0,Telxon Corp,0,0,0
19990115,31684,TLXNG',OTC,83,83,0,0,Telxon Corp,0,0,0
19990119,31684,TLXNG',OTC,83,83,0,0,Telxon Corp,0,0,0
19990120,31684,TLXNG',OTC,84.5,84.5,1,0,Telxon Corp,0,0,0
19990121,31684,TLXNG',OTC,84.5,84.5,0,0,Telxon Corp,0,0,0
19990122,31684,TLXNG',OTC,84.5,84.5,0,0,Telxon Corp,0,0,0
19990125,31684,TLXNG',OTC,84.5,84.5,1,0,Telxon Corp,0,0,0
19990126,31684,TLXNG',OTC,84,84,1,0,Telxon Corp,0,0,0
19990127,31684,TLXNG',OTC,74,74,2,0,Telxon Corp,0,0,0
19990128,31684,TLXNG',OTC,68.5,68.5,1,0,Telxon Corp,0,0,0
19990129,31684,TLXNG',OTC,73,73,2,0,Telxon Corp,0,0,0
19990201,31684,TLXNG',OTC,69.5,69.5,1,0,Telxon Corp,0,0,0
19990202,31684,TLXNG',OTC,74,74,1,0,Telxon Corp,0,0,0
19990203,31684,TLXNG',OTC,74,74,0,0,Telxon Corp,0,0,0
19990204,31684,TLXNG',OTC,74,74,0,0,Telxon Corp,0,0,0
19990205,31684,TLXNG',OTC,74,74,0,0,Telxon Corp,0,0,0
19990208,31684,TLXNG',OTC,74,74,0,0,Telxon Corp,0,0,0
19990209,31684,TLXNG',OTC,74,74,0,0,Telxon Corp,0,0,0
19990210,31684,TLXNG',OTC,74,74,0,0,Telxon Corp,0,0,0
19990211,31684,TLXNG',OTC,71,71,1,0,Telxon Corp,0,0,0
19990212,31684,TLXNG',OTC,71.25,71.25,1,0,Telxon Corp,0,0,0
19990216,31684,TLXNG',OTC,72,72,1,0,Telxon Corp,0,0,0
19990217,31684,TLXNG',OTC,71.75,71.75,1,0,Telxon Corp,0,0,0
19990218,31684,TLXNG',OTC,71.75,71.75,0,0,Telxon Corp,0,0,0
19990219,31684,TLXNG',OTC,71.75,71.75,0,0,Telxon Corp,0,0,0
19990222,31684,TLXNG',OTC,69.125,69.125,2,0,Telxon Corp,0,0,0
19990223,31684,TLXNG',OTC,64,64,2,0,Telxon Corp,0,0,0
19990224,31684,TLXNG',OTC,63.125,63.125,45,0,Telxon Corp,0,0,0
19990225,31684,TLXNG',OTC,60.125,60.125,0,0,Telxon Corp,0,0,0
19990226,31684,TLXNG',OTC,60.125,60.125,0,0,Telxon Corp,0,0,0
19990301,31684,TLXNG',OTC,60,60,0,0,Telxon Corp,0,0,0
19990302,31684,TLXNG',OTC,60,60,0,0,Telxon Corp,0,0,0
19990303,31684,TLXNG',OTC,60,60,0,0,Telxon Corp,0,0,0
19990304,31684,TLXNG',OTC,60,60,0,0,Telxon Corp,0,0,0
19990305,31684,TLXNG',OTC,56,56,0,0,Telxon Corp,0,0,0
19990308,31684,TLXNG',OTC,55,55,0,0,Telxon Corp,0,0,0
19990309,31684,TLXNG',OTC,58,58,0,0,Telxon Corp,0,0,0
19990310,31684,TLXNG',OTC,55,55,0,0,Telxon Corp,0,0,0
19990311,31684,TLXNG',OTC,58.5,58.5,1,0,Telxon Corp,0,0,0
19990312,31684,TLXNG',OTC,59.875,59.875,0,0,Telxon Corp,0,0,0
19990315,31684,TLXNG',OTC,59.875,59.875,0,0,Telxon Corp,0,0,0
19990316,31684,TLXNG',OTC,55,55,0,0,Telxon Corp,0,0,0
19990317,31684,TLXNG',OTC,57,57,2,0,Telxon Corp,0,0,0
19990318,31684,TLXNG',OTC,57,57,0,0,Telxon Corp,0,0,0
19990319,31684,TLXNG',OTC,57,57,0,0,Telxon Corp,0,0,0
19990322,31684,TLXNG',OTC,62,62,0,0,Telxon Corp,0,0,0
19990323,31684,TLXNG',OTC,63,63,0,0,Telxon Corp,0,0,0
19990324,31684,TLXNG',OTC,65,65,0,0,Telxon Corp,0,0,0
19990325,31684,TLXNG',OTC,70,70,0,0,Telxon Corp,0,0,0
19990326,31684,TLXNG',OTC,68.875,68.875,0,0,Telxon Corp,0,0,0
19990329,31684,TLXNG',OTC,68.875,68.875,0,0,Telxon Corp,0,0,0
19990330,31684,TLXNG',OTC,68.875,68.875,0,0,Telxon Corp,0,0,0
19990331,31684,TLXNG',OTC,67.5,67.5,0,0,Telxon Corp,0,0,0
19990401,31684,TLXNG',OTC,67.5,67.5,0,0,Telxon Corp,0,0,0
19990405,31684,TLXNG',OTC,67.5,67.5,0,0,Telxon Corp,0,0,0
19990406,31684,TLXNG',OTC,67,67,0,0,Telxon Corp,0,0,0
19990407,31684,TLXNG',OTC,67,67,0,0,Telxon Corp,0,0,0
19990408,31684,TLXNG',OTC,67,67,0,0,Telxon Corp,0,0,0
19990409,31684,TLXNG',OTC,67,67,0,0,Telxon Corp,0,0,0
19990412,31684,TLXNG',OTC,67,67,0,0,Telxon Corp,0,0,0
19990413,31684,TLXNG',OTC,66,66,0,0,Telxon Corp,0,0,0
19990414,31684,TLXNG',OTC,66,66,0,0,Telxon Corp,0,0,0
19990415,31684,TLXNG',OTC,69,69,0,0,Telxon Corp,0,0,0
19990416,31684,TLXNG',OTC,69,69,0,0,Telxon Corp,0,0,0
19990419,31684,TLXNG',OTC,69,69,0,0,Telxon Corp,0,0,0
19990420,31684,TLXNG',OTC,67,67,0,0,Telxon Corp,0,0,0
19990421,31684,TLXNG',OTC,67,67,0,0,Telxon Corp,0,0,0
19990422,31684,TLXNG',OTC,67,67,0,0,Telxon Corp,0,0,0
19990423,31684,TLXNG',OTC,67,67,0,0,Telxon Corp,0,0,0
19990426,31684,TLXNG',OTC,65,65,0,0,Telxon Corp,0,0,0
19990427,31684,TLXNG',OTC,68,68,0,0,Telxon Corp,0,0,0
19990428,31684,TLXNG',OTC,68,68,0,0,Telxon Corp,0,0,0
19990429,31684,TLXNG',OTC,68,68,0,0,Telxon Corp,0,0,0
19990430,31684,TLXNG',OTC,68,68,0,0,Telxon Corp,0,0,0
19990503,31684,TLXNG',OTC,68,68,0,0,Telxon Corp,0,0,0
19990504,31684,TLXNG',OTC,63,63,0,0,Telxon Corp,0,0,0
19990505,31684,TLXNG',OTC,62,62,0,0,Telxon Corp,0,0,0
19990506,31684,TLXNG',OTC,62.5,62.5,0,0,Telxon Corp,0,0,0
19990507,31684,TLXNG',OTC,62.5,62.5,0,0,Telxon Corp,0,0,0
19990510,31684,TLXNG',OTC,62.5,62.5,0,0,Telxon Corp,0,0,0
19990511,31684,TLXNG',OTC,61,61,0,0,Telxon Corp,0,0,0
19990512,31684,TLXNG',OTC,61,61,0,0,Telxon Corp,0,0,0
19990513,31684,TLXNG',OTC,65,65,0,0,Telxon Corp,0,0,0
19990514,31684,TLXNG',OTC,64,64,0,0,Telxon Corp,0,0,0
19990517,31684,TLXNG',OTC,64,64,0,0,Telxon Corp,0,0,0
19990518,31684,TLXNG',OTC,70.5,70.5,0,0,Telxon Corp,0,0,0
19990519,31684,TLXNG',OTC,70.5,70.5,0,0,Telxon Corp,0,0,0
19990520,31684,TLXNG',OTC,70.5,70.5,0,0,Telxon Corp,0,0,0
19990521,31684,TLXNG',OTC,70,70,0,0,Telxon Corp,0,0,0
19990524,31684,TLXNG',OTC,70,70,0,0,Telxon Corp,0,0,0
19990525,31684,TLXNG',OTC,67,67,0,0,Telxon Corp,0,0,0
19990526,31684,TLXNG',OTC,67,67,0,0,Telxon Corp,0,0,0
19990527,31684,TLXNG',OTC,69,69,0,0,Telxon Corp,0,0,0
19990528,31684,TLXNG',OTC,69,69,0,0,Telxon Corp,0,0,0
19990601,31684,TLXNG',OTC,69,69,0,0,Telxon Corp,0,0,0
19990602,31684,TLXNG',OTC,67,67,0,0,Telxon Corp,0,0,0
19990603,31684,TLXNG',OTC,65,65,0,0,Telxon Corp,0,0,0
19990604,31684,TLXNG',OTC,68.5,68.5,0,0,Telxon Corp,0,0,0
19990607,31684,TLXNG',OTC,66,66,0,0,Telxon Corp,0,0,0
19990608,31684,TLXNG',OTC,68.5,68.5,0,0,Telxon Corp,0,0,0
19990609,31684,TLXNG',OTC,68.5,68.5,0,0,Telxon Corp,0,0,0
19990610,31684,TLXNG',OTC,67.5,67.5,0,0,Telxon Corp,0,0,0
19990611,31684,TLXNG',OTC,67.5,67.5,0,0,Telxon Corp,0,0,0
19990614,31684,TLXNG',OTC,67,67,0,0,Telxon Corp,0,0,0
19990615,31684,TLXNG',OTC,66,66,0,0,Telxon Corp,0,0,0
19990616,31684,TLXNG',OTC,66,66,0,0,Telxon Corp,0,0,0
19990617,31684,TLXNG',OTC,60,60,0,0,Telxon Corp,0,0,0
19990618,31684,TLXNG',OTC,65,65,0,0,Telxon Corp,0,0,0
19990621,31684,TLXNG',OTC,66,66,0,0,Telxon Corp,0,0,0
19990622,31684,TLXNG',OTC,65,65,0,0,Telxon Corp,0,0,0
19990623,31684,TLXNG',OTC,62.5,62.5,0,0,Telxon Corp,0,0,0
19990624,31684,TLXNG',OTC,64.5,64.5,0,0,Telxon Corp,0,0,0
19990625,31684,TLXNG',OTC,64.5,64.5,0,0,Telxon Corp,0,0,0
19990628,31684,TLXNG',OTC,63,63,0,0,Telxon Corp,0,0,0
19990629,31684,TLXNG',OTC,63.5,63.5,0,0,Telxon Corp,0,0,0
19990630,31684,TLXNG',OTC,64,64,0,0,Telxon Corp,0,0,0
19990701,31684,TLXNG',OTC,64,64,0,0,Telxon Corp,0,0,0
19990702,31684,TLXNG',OTC,64,64,0,0,Telxon Corp,0,0,0
19990706,31684,TLXNG',OTC,64.75,64.75,0,0,Telxon Corp,0,0,0
19990707,31684,TLXNG',OTC,64,64,0,0,Telxon Corp,0,0,0
19990708,31684,TLXNG',OTC,64,64,0,0,Telxon Corp,0,0,0
19990709,31684,TLXNG',OTC,64,64,0,0,Telxon Corp,0,0,0
19990712,31684,TLXNG',OTC,63,63,0,0,Telxon Corp,0,0,0
19990713,31684,TLXNG',OTC,63,63,0,0,Telxon Corp,0,0,0
19990714,31684,TLXNG',OTC,64.5,64.5,0,0,Telxon Corp,0,0,0
19990715,31684,TLXNG',OTC,64.5,64.5,0,0,Telxon Corp,0,0,0
19990716,31684,TLXNG',OTC,64.5,64.5,0,0,Telxon Corp,0,0,0
19990719,31684,TLXNG',OTC,64.5,64.5,0,0,Telxon Corp,0,0,0
19990720,31684,TLXNG',OTC,67,67,0,0,Telxon Corp,0,0,0
19990721,31684,TLXNG',OTC,67,67,0,0,Telxon Corp,0,0,0
19990722,31684,TLXNG',OTC,67,67,0,0,Telxon Corp,0,0,0
19990723,31684,TLXNG',OTC,62,62,0,0,Telxon Corp,0,0,0
19990726,31684,TLXNG',OTC,62,62,0,0,Telxon Corp,0,0,0
19990727,31684,TLXNG',OTC,62,62,0,0,Telxon Corp,0,0,0
19990728,31684,TLXNG',OTC,62,62,0,0,Telxon Corp,0,0,0
19990729,31684,TLXNG',OTC,64,64,0,0,Telxon Corp,0,0,0
19990730,31684,TLXNG',OTC,64,64,0,0,Telxon Corp,0,0,0
19990802,31684,TLXNG',OTC,64,64,0,0,Telxon Corp,0,0,0
19990803,31684,TLXNG',OTC,64,64,0,0,Telxon Corp,0,0,0
19990804,31684,TLXNG',OTC,64,64,0,0,Telxon Corp,0,0,0
19990805,31684,TLXNG',OTC,62.5,62.5,0,0,Telxon Corp,0,0,0
19990806,31684,TLXNG',OTC,62.5,62.5,0,0,Telxon Corp,0,0,0
19990809,31684,TLXNG',OTC,62.5,62.5,0,0,Telxon Corp,0,0,0
19990810,31684,TLXNG',OTC,59,59,0,0,Telxon Corp,0,0,0
19990811,31684,TLXNG',OTC,57,57,0,0,Telxon Corp,0,0,0
19990812,31684,TLXNG',OTC,57,57,0,0,Telxon Corp,0,0,0
19990813,31684,TLXNG',OTC,57,57,0,0,Telxon Corp,0,0,0
19990816,31684,TLXNG',OTC,61,61,0,0,Telxon Corp,0,0,0
19990817,31684,TLXNG',OTC,61,61,0,0,Telxon Corp,0,0,0
19990818,31684,TLXNG',OTC,57,57,0,0,Telxon Corp,0,0,0
19990819,31684,TLXNG',OTC,61,61,0,0,Telxon Corp,0,0,0
19990820,31684,TLXNG',OTC,60,60,0,0,Telxon Corp,0,0,0
19990823,31684,TLXNG',OTC,60,60,0,0,Telxon Corp,0,0,0
19990824,31684,TLXNG',OTC,58.5,58.5,0,0,Telxon Corp,0,0,0
19990825,31684,TLXNG',OTC,58.5,58.5,0,0,Telxon Corp,0,0,0
19990826,31684,TLXNG',OTC,61,61,0,0,Telxon Corp,0,0,0
19990827,31684,TLXNG',OTC,61,61,0,0,Telxon Corp,0,0,0
19990830,31684,TLXNG',OTC,61,61,0,0,Telxon Corp,0,0,0
19990831,31684,TLXNG',OTC,59,59,0,0,Telxon Corp,0,0,0
19990901,31684,TLXNG',OTC,59,59,0,0,Telxon Corp,0,0,0
19990902,31684,TLXNG',OTC,60.5,60.5,0,0,Telxon Corp,0,0,0
19990903,31684,TLXNG',OTC,60.5,60.5,0,0,Telxon Corp,0,0,0
19990907,31684,TLXNG',OTC,58,58,0,0,Telxon Corp,0,0,0
19990908,31684,TLXNG',OTC,57,57,0,0,Telxon Corp,0,0,0
19990909,31684,TLXNG',OTC,57,57,0,0,Telxon Corp,0,0,0
19990910,31684,TLXNG',OTC,57,57,0,0,Telxon Corp,0,0,0
19990913,31684,TLXNG',OTC,59.75,59.75,0,0,Telxon Corp,0,0,0
19990914,31684,TLXNG',OTC,59.75,59.75,0,0,Telxon Corp,0,0,0
19990915,31684,TLXNG',OTC,59.75,59.75,0,0,Telxon Corp,0,0,0
19990916,31684,TLXNG',OTC,59.75,59.75,0,0,Telxon Corp,0,0,0
19990917,31684,TLXNG',OTC,60,60,0,0,Telxon Corp,0,0,0
19990920,31684,TLXNG',OTC,60,60,0,0,Telxon Corp,0,0,0
19990921,31684,TLXNG',OTC,61,61,0,0,Telxon Corp,0,0,0
19990922,31684,TLXNG',OTC,61,61,0,0,Telxon Corp,0,0,0
19990923,31684,TLXNG',OTC,61,61,0,0,Telxon Corp,0,0,0
19990924,31684,TLXNG',OTC,61,61,0,0,Telxon Corp,0,0,0
19990927,31684,TLXNG',OTC,61,61,0,0,Telxon Corp,0,0,0
19990928,31684,TLXNG',OTC,61,61,0,0,Telxon Corp,0,0,0
19990929,31684,TLXNG',OTC,60,60,0,0,Telxon Corp,0,0,0
19990930,31684,TLXNG',OTC,60,60,0,0,Telxon Corp,0,0,0
19991001,31684,TLXNG',OTC,60,60,0,0,Telxon Corp,0,0,0
19991004,31684,TLXNG',OTC,57,57,0,0,Telxon Corp,0,0,0
19991005,31684,TLXNG',OTC,57.9375,57.9375,0,0,Telxon Corp,0,0,0
19991006,31684,TLXNG',OTC,57.9375,57.9375,0,0,Telxon Corp,0,0,0
19991007,31684,TLXNG',OTC,57.9375,57.9375,0,0,Telxon Corp,0,0,0
19991008,31684,TLXNG',OTC,57.9375,57.9375,0,0,Telxon Corp,0,0,0
19991011,31684,TLXNG',OTC,57.9375,57.9375,0,0,Telxon Corp,0,0,0
19991012,31684,TLXNG',OTC,57.9375,57.9375,0,0,Telxon Corp,0,0,0
19991013,31684,TLXNG',OTC,62,62,0,0,Telxon Corp,0,0,0
19991014,31684,TLXNG',OTC,62,62,0,0,Telxon Corp,0,0,0
19991015,31684,TLXNG',OTC,58,58,0,0,Telxon Corp,0,0,0
19991018,31684,TLXNG',OTC,60,60,0,0,Telxon Corp,0,0,0
19991019,31684,TLXNG',OTC,60,60,0,0,Telxon Corp,0,0,0
19991020,31684,TLXNG',OTC,58.625,58.625,0,0,Telxon Corp,0,0,0
19991021,31684,TLXNG',OTC,58.625,58.625,0,0,Telxon Corp,0,0,0
19991022,31684,TLXNG',OTC,58.625,58.625,0,0,Telxon Corp,0,0,0
19991025,31684,TLXNG',OTC,62,62,0,0,Telxon Corp,0,0,0
19991026,31684,TLXNG',OTC,65,65,1,0,Telxon Corp,0,0,0
19991027,31684,TLXNG',OTC,65.5,65.5,0,0,Telxon Corp,0,0,0
19991028,31684,TLXNG',OTC,66.5,66.5,0,0,Telxon Corp,0,0,0
19991029,31684,TLXNG',OTC,65,65,0,0,Telxon Corp,0,0,0
19991101,31684,TLXNG',OTC,66,66,0,0,Telxon Corp,0,0,0
19991102,31684,TLXNG',OTC,70,70,0,0,Telxon Corp,0,0,0
19991103,31684,TLXNG',OTC,73,73,0,0,Telxon Corp,0,0,0
19991104,31684,TLXNG',OTC,68,68,0,0,Telxon Corp,0,0,0
19991105,31684,TLXNG',OTC,73,73,0,0,Telxon Corp,0,0,0
19991108,31684,TLXNG',OTC,73,73,0,0,Telxon Corp,0,0,0
19991109,31684,TLXNG',OTC,73,73,0,0,Telxon Corp,0,0,0
19991110,31684,TLXNG',OTC,77,77,2,0,Telxon Corp,0,0,0
19991111,31684,TLXNG',OTC,77,77,0,0,Telxon Corp,0,0,0
19991112,31684,TLXNG',OTC,77,77,0,0,Telxon Corp,0,0,0
19991115,31684,TLXNG',OTC,80.5,80.5,1,0,Telxon Corp,0,0,0
19991116,31684,TLXNG',OTC,80.5,80.5,1,0,Telxon Corp,0,0,0
19991117,31684,TLXNG',OTC,80,80,1,0,Telxon Corp,0,0,0
19991118,31684,TLXNG',OTC,80,80,0,0,Telxon Corp,0,0,0
19991119,31684,TLXNG',OTC,80,80,0,0,Telxon Corp,0,0,0
19991122,31684,TLXNG',OTC,79,79,1,0,Telxon Corp,0,0,0
19991123,31684,TLXNG',OTC,79,79,1,0,Telxon Corp,0,0,0
19991124,31684,TLXNG',OTC,83,83,1,0,Telxon Corp,0,0,0
19991126,31684,TLXNG',OTC,83,83,0,0,Telxon Corp,0,0,0
19991129,31684,TLXNG',OTC,82,82,1,0,Telxon Corp,0,0,0
19991130,31684,TLXNG',OTC,82,82,0,0,Telxon Corp,0,0,0
19991201,31684,TLXNG',OTC,82,82,0,0,Telxon Corp,0,0,0
19991202,31684,TLXNG',OTC,85,85,1,0,Telxon Corp,0,0,0
19991203,31684,TLXNG',OTC,85,85,0,0,Telxon Corp,0,0,0
19991206,31684,TLXNG',OTC,80.5,80.5,1,0,Telxon Corp,0,0,0
19991207,31684,TLXNG',OTC,80.5,80.5,0,0,Telxon Corp,0,0,0
19991208,31684,TLXNG',OTC,85,85,2,0,Telxon Corp,0,0,0
19991209,31684,TLXNG',OTC,90,90,2,0,Telxon Corp,0,0,0
19991210,31684,TLXNG',OTC,88.25,88.25,2,0,Telxon Corp,0,0,0
19991213,31684,TLXNG',OTC,87,87,1,0,Telxon Corp,0,0,0
19991214,31684,TLXNG',OTC,86,86,3,0,Telxon Corp,0,0,0
19991215,31684,TLXNG',OTC,86.875,86.875,1,0,Telxon Corp,0,0,0
19991216,31684,TLXNG',OTC,86,86,3,0,Telxon Corp,0,0,0
19991217,31684,TLXNG',OTC,85.125,85.125,1,0,Telxon Corp,0,0,0
19991220,31684,TLXNG',OTC,88,88,1,0,Telxon Corp,0,0,0
19991221,31684,TLXNG',OTC,85.5,85.5,1,0,Telxon Corp,0,0,0
19991222,31684,TLXNG',OTC,89,89,1,0,Telxon Corp,0,0,0
19991223,31684,TLXNG',OTC,88.25,88.25,1,0,Telxon Corp,0,0,0
19991227,31684,TLXNG',OTC,88.25,88.25,0,0,Telxon Corp,0,0,0
19991228,31684,TLXNG',OTC,88.25,88.25,1,0,Telxon Corp,0,0,0
19991229,31684,TLXNG',OTC,87.75,87.75,1,0,Telxon Corp,0,0,0
19991230,31684,TLXNG',OTC,86,86,1,0,Telxon Corp,0,0,0
19991231,31684,TLXNG',OTC,86,86,0,0,Telxon Corp,0,0,0
20000103,31684,TLXNG',OTC,87,87,1,0,Telxon Corp,0,0,0
20000104,31684,TLXNG',OTC,87,87,0,0,Telxon Corp,0,0,0
20000105,31684,TLXNG',OTC,86,86,1,0,Telxon Corp,0,0,0
20000106,31684,TLXNG',OTC,84,84,1,0,Telxon Corp,0,0,0
20000107,31684,TLXNG',OTC,87.5,87.5,1,0,Telxon Corp,0,0,0
20000110,31684,TLXNG',OTC,87.5,87.5,1,0,Telxon Corp,0,0,0
20000111,31684,TLXNG',OTC,87.5,87.5,1,0,Telxon Corp,0,0,0
20000112,31684,TLXNG',OTC,86,86,1,0,Telxon Corp,0,0,0
20000113,31684,TLXNG',OTC,86.5,86.5,1,0,Telxon Corp,0,0,0
20000114,31684,TLXNG',OTC,84.5,84.5,1,0,Telxon Corp,0,0,0
20000118,31684,TLXNG',OTC,89,89,1,0,Telxon Corp,0,0,0
20000119,31684,TLXNG',OTC,84,84,1,0,Telxon Corp,0,0,0
20000120,31684,TLXNG',OTC,84,84,2,0,Telxon Corp,0,0,0
20000121,31684,TLXNG',OTC,84,84,0,0,Telxon Corp,0,0,0
20000124,31684,TLXNG',OTC,86.875,86.875,1,0,Telxon Corp,0,0,0
20000125,31684,TLXNG',OTC,87.5,87.5,1,0,Telxon Corp,0,0,0
20000126,31684,TLXNG',OTC,85,85,1,0,Telxon Corp,0,0,0
20000127,31684,TLXNG',OTC,88,88,1,0,Telxon Corp,0,0,0
20000128,31684,TLXNG',OTC,88,88,0,0,Telxon Corp,0,0,0
20000131,31684,TLXNG',OTC,88,88,0,0,Telxon Corp,0,0,0
20000201,31684,TLXNG',OTC,84.25,84.25,1,0,Telxon Corp,0,0,0
20000202,31684,TLXNG',OTC,88,88,1,0,Telxon Corp,0,0,0
20000203,31684,TLXNG',OTC,89,89,1,0,Telxon Corp,0,0,0
20000204,31684,TLXNG',OTC,89,89,1,0,Telxon Corp,0,0,0
20000207,31684,TLXNG',OTC,89,89,0,0,Telxon Corp,0,0,0
20000208,31684,TLXNG',OTC,87,87,1,0,Telxon Corp,0,0,0
20000209,31684,TLXNG',OTC,88.75,88.75,2,0,Telxon Corp,0,0,0
20000210,31684,TLXNG',OTC,91,91,2,0,Telxon Corp,0,0,0
20000211,31684,TLXNG',OTC,88,88,1,0,Telxon Corp,0,0,0
20000214,31684,TLXNG',OTC,88,88,0,0,Telxon Corp,0,0,0
20000215,31684,TLXNG',OTC,86.5,86.5,1,0,Telxon Corp,0,0,0
20000216,31684,TLXNG',OTC,86.5,86.5,1,0,Telxon Corp,0,0,0
20000217,31684,TLXNG',OTC,91,91,1,0,Telxon Corp,0,0,0
20000218,31684,TLXNG',OTC,92,92,2,0,Telxon Corp,0,0,0
20000222,31684,TLXNG',OTC,98,98,2,0,Telxon Corp,0,0,0
20000223,31684,TLXNG',OTC,99,99,1,0,Telxon Corp,0,0,0
20000224,31684,TLXNG',OTC,98,98,1,0,Telxon Corp,0,0,0
20000225,31684,TLXNG',OTC,97,97,1,0,Telxon Corp,0,0,0
20000228,31684,TLXNG',OTC,96,96,1,0,Telxon Corp,0,0,0
20000229,31684,TLXNG',OTC,97,97,1,0,Telxon Corp,0,0,0
20000301,31684,TLXNG',OTC,95.5,95.5,1,0,Telxon Corp,0,0,0
20000302,31684,TLXNG',OTC,95.5,95.5,0,0,Telxon Corp,0,0,0
20000303,31684,TLXNG',OTC,103.5,103.5,1,0,Telxon Corp,0,0,0
20000306,31684,TLXNG',OTC,103.25,103.25,1,0,Telxon Corp,0,0,0
20000307,31684,TLXNG',OTC,101.75,101.75,1,0,Telxon Corp,0,0,0
20000308,31684,TLXNG',OTC,101.75,101.75,1,0,Telxon Corp,0,0,0
20000309,31684,TLXNG',OTC,104,104,1,0,Telxon Corp,0,0,0
20000310,31684,TLXNG',OTC,103,103,1,0,Telxon Corp,0,0,0
20000313,31684,TLXNG',OTC,104,104,1,0,Telxon Corp,0,0,0
20000314,31684,TLXNG',OTC,102.5,102.5,1,0,Telxon Corp,0,0,0
20000315,31684,TLXNG',OTC,101.5,101.5,1,0,Telxon Corp,0,0,0
20000316,31684,TLXNG',OTC,98.5,98.5,1,0,Telxon Corp,0,0,0
20000317,31684,TLXNG',OTC,99.5,99.5,1,0,Telxon Corp,0,0,0
20000320,31684,TLXNG',OTC,101,101,1,0,Telxon Corp,0,0,0
20000321,31684,TLXNG',OTC,101,101,1,0,Telxon Corp,0,0,0
20000322,31684,TLXNG',OTC,100,100,1,0,Telxon Corp,0,0,0
20000323,31684,TLXNG',OTC,100,100,0,0,Telxon Corp,0,0,0
20000324,31684,TLXNG',OTC,98,98,1,0,Telxon Corp,0,0,0
20000327,31684,TLXNG',OTC,95.5,95.5,1,0,Telxon Corp,0,0,0
20000328,31684,TLXNG',OTC,95,95,1,0,Telxon Corp,0,0,0
20000329,31684,TLXNG',OTC,94.75,94.75,1,0,Telxon Corp,0,0,0
20000330,31684,TLXNG',OTC,94.75,94.75,0,0,Telxon Corp,0,0,0
20000331,31684,TLXNG',OTC,94.75,94.75,0,0,Telxon Corp,0,0,0
20000403,31684,TLXNG',OTC,93,93,1,0,Telxon Corp,0,0,0
20000404,31684,TLXNG',OTC,92,92,1,0,Telxon Corp,0,0,0
20000405,31684,TLXNG',OTC,91.5,91.5,1,0,Telxon Corp,0,0,0
20000406,31684,TLXNG',OTC,91.5,91.5,0,0,Telxon Corp,0,0,0
20000407,31684,TLXNG',OTC,92,92,1,0,Telxon Corp,0,0,0
20000410,31684,TLXNG',OTC,91.5,91.5,1,0,Telxon Corp,0,0,0
20000411,31684,TLXNG',OTC,91.75,91.75,1,0,Telxon Corp,0,0,0
20000412,31684,TLXNG',OTC,90.5,90.5,1,0,Telxon Corp,0,0,0
20000413,31684,TLXNG',OTC,89.5,89.5,1,0,Telxon Corp,0,0,0
20000414,31684,TLXNG',OTC,87.875,87.875,1,0,Telxon Corp,0,0,0
20000417,31684,TLXNG',OTC,87.875,87.875,0,0,Telxon Corp,0,0,0
20000418,31684,TLXNG',OTC,87.875,87.875,0,0,Telxon Corp,0,0,0
20000419,31684,TLXNG',OTC,87.875,87.875,0,0,Telxon Corp,0,0,0
20000420,31684,TLXNG',OTC,87.875,87.875,0,0,Telxon Corp,0,0,0
20000424,31684,TLXNG',OTC,87.875,87.875,0,0,Telxon Corp,0,0,0
20000425,31684,TLXNG',OTC,86,86,1,0,Telxon Corp,0,0,0
20000426,31684,TLXNG',OTC,86,86,0,0,Telxon Corp,0,0,0
20000427,31684,TLXNG',OTC,86,86,0,0,Telxon Corp,0,0,0
20000428,31684,TLXNG',OTC,86,86,0,0,Telxon Corp,0,0,0
20000501,31684,TLXNG',OTC,86,86,0,0,Telxon Corp,0,0,0
20000502,31684,TLXNG',OTC,85,85,1,0,Telxon Corp,0,0,0
20000503,31684,TLXNG',OTC,85,85,0,0,Telxon Corp,0,0,0
20000504,31684,TLXNG',OTC,89,89,1,0,Telxon Corp,0,0,0
20000505,31684,TLXNG',OTC,89,89,0,0,Telxon Corp,0,0,0
20000508,31684,TLXNG',OTC,87,87,1,0,Telxon Corp,0,0,0
20000509,31684,TLXNG',OTC,84,84,1,0,Telxon Corp,0,0,0
20000510,31684,TLXNG',OTC,83,83,1,0,Telxon Corp,0,0,0
20000511,31684,TLXNG',OTC,83,83,0,0,Telxon Corp,0,0,0
20000512,31684,TLXNG',OTC,83,83,0,0,Telxon Corp,0,0,0
20000515,31684,TLXNG',OTC,83,83,1,0,Telxon Corp,0,0,0
20000516,31684,TLXNG',OTC,83,83,0,0,Telxon Corp,0,0,0
20000517,31684,TLXNG',OTC,83,83,0,0,Telxon Corp,0,0,0
20000518,31684,TLXNG',OTC,83,83,0,0,Telxon Corp,0,0,0
20000519,31684,TLXNG',OTC,83,83,0,0,Telxon Corp,0,0,0
20000522,31684,TLXNG',OTC,82,82,0,0,Telxon Corp,0,0,0
20000523,31684,TLXNG',OTC,83,83,1,0,Telxon Corp,0,0,0
20000524,31684,TLXNG',OTC,83,83,0,0,Telxon Corp,0,0,0
20000525,31684,TLXNG',OTC,81,81,1,0,Telxon Corp,0,0,0
20000526,31684,TLXNG',OTC,81,81,0,0,Telxon Corp,0,0,0
20000530,31684,TLXNG',OTC,82,82,1,0,Telxon Corp,0,0,0
20000531,31684,TLXNG',OTC,82,82,0,0,Telxon Corp,0,0,0
20000601,31684,TLXNG',OTC,82,82,1,0,Telxon Corp,0,0,0
20000602,31684,TLXNG',OTC,82,82,0,0,Telxon Corp,0,0,0
20000605,31684,TLXNG',OTC,82,82,1,0,Telxon Corp,0,0,0
20000606,31684,TLXNG',OTC,82,82,1,0,Telxon Corp,0,0,0
20000607,31684,TLXNG',OTC,81,81,0,0,Telxon Corp,0,0,0
20000608,31684,TLXNG',OTC,81,81,1,0,Telxon Corp,0,0,0
20000609,31684,TLXNG',OTC,82,82,1,0,Telxon Corp,0,0,0
20000612,31684,TLXNG',OTC,82,82,0,0,Telxon Corp,0,0,0
20000613,31684,TLXNG',OTC,82,82,0,0,Telxon Corp,0,0,0
20000614,31684,TLXNG',OTC,82,82,0,0,Telxon Corp,0,0,0
20000615,31684,TLXNG',OTC,82,82,0,0,Telxon Corp,0,0,0
20000616,31684,TLXNG',OTC,81,81,1,0,Telxon Corp,0,0,0
20000619,31684,TLXNG',OTC,84,84,1,0,Telxon Corp,0,0,0
20000620,31684,TLXNG',OTC,84,84,0,0,Telxon Corp,0,0,0
20000621,31684,TLXNG',OTC,84,84,0,0,Telxon Corp,0,0,0
20000622,31684,TLXNG',OTC,84,84,0,0,Telxon Corp,0,0,0
20000623,31684,TLXNG',OTC,83.875,83.875,1,0,Telxon Corp,0,0,0
20000626,31684,TLXNG',OTC,83.875,83.875,0,0,Telxon Corp,0,0,0
20000627,31684,TLXNG',OTC,83.875,83.875,0,0,Telxon Corp,0,0,0
20000628,31684,TLXNG',OTC,83,83,1,0,Telxon Corp,0,0,0
20000629,31684,TLXNG',OTC,89,89,5,0,Telxon Corp,0,0,0
20000630,31684,TLXNG',OTC,89,89,0,0,Telxon Corp,0,0,0
20000703,31684,TLXNG',OTC,89,89,0,0,Telxon Corp,0,0,0
20000705,31684,TLXNG',OTC,83,83,1,0,Telxon Corp,0,0,0
20000706,31684,TLXNG',OTC,83,83,0,0,Telxon Corp,0,0,0
20000707,31684,TLXNG',OTC,83,83,0,0,Telxon Corp,0,0,0
20000710,31684,TLXNG',OTC,83,83,0,0,Telxon Corp,0,0,0
20000711,31684,TLXNG',OTC,83,83,0,0,Telxon Corp,0,0,0
20000712,31684,TLXNG',OTC,83,83,0,0,Telxon Corp,0,0,0
20000713,31684,TLXNG',OTC,83,83,0,0,Telxon Corp,0,0,0
20000714,31684,TLXNG',OTC,88,88,1,0,Telxon Corp,0,0,0
20000717,31684,TLXNG',OTC,89,89,2,0,Telxon Corp,0,0,0
20000718,31684,TLXNG',OTC,89,89,1,0,Telxon Corp,0,0,0
20000719,31684,TLXNG',OTC,85,85,1,0,Telxon Corp,0,0,0
20000720,31684,TLXNG',OTC,84,84,1,0,Telxon Corp,0,0,0
20000721,31684,TLXNG',OTC,84,84,0,0,Telxon Corp,0,0,0
20000724,31684,TLXNG',OTC,84,84,0,0,Telxon Corp,0,0,0
20000725,31684,TLXNG',OTC,90,90,1,0,Telxon Corp,0,0,0
20000726,31684,TLXNG',OTC,99,99,1,0,Telxon Corp,0,0,0
20000727,31684,TLXNG',OTC,99,99,0,0,Telxon Corp,0,0,0
20000728,31684,TLXNG',OTC,92.5,92.5,1,0,Telxon Corp,0,0,0
20000731,31684,TLXNG',OTC,96,96,1,0,Telxon Corp,0,0,0
20000801,31684,TLXNG',OTC,96,96,0,0,Telxon Corp,0,0,0
20000802,31684,TLXNG',OTC,96,96,0,0,Telxon Corp,0,0,0
20000803,31684,TLXNG',OTC,96,96,0,0,Telxon Corp,0,0,0
20000804,31684,TLXNG',OTC,96,96,2,0,Telxon Corp,0,0,0
20000807,31684,TLXNG',OTC,94.5,94.5,1,0,Telxon Corp,0,0,0
20000808,31684,TLXNG',OTC,95.25,95.25,2,0,Telxon Corp,0,0,0
20000809,31684,TLXNG',OTC,95.25,95.25,0,0,Telxon Corp,0,0,0
20000810,31684,TLXNG',OTC,95.25,95.25,0,0,Telxon Corp,0,0,0
20000811,31684,TLXNG',OTC,95.25,95.25,0,0,Telxon Corp,0,0,0
20000814,31684,TLXNG',OTC,95.25,95.25,0,0,Telxon Corp,0,0,0
20000815,31684,TLXNG',OTC,95.25,95.25,0,0,Telxon Corp,0,0,0
20000816,31684,TLXNG',OTC,93.5,93.5,1,0,Telxon Corp,0,0,0
20000817,31684,TLXNG',OTC,93.5,93.5,0,0,Telxon Corp,0,0,0
20000818,31684,TLXNG',OTC,93.5,93.5,0,0,Telxon Corp,0,0,0
20000821,31684,TLXNG',OTC,95.75,95.75,2,0,Telxon Corp,0,0,0
20000822,31684,TLXNG',OTC,95.75,95.75,0,0,Telxon Corp,0,0,0
20000823,31684,TLXNG',OTC,92,92,0,0,Telxon Corp,0,0,0
20000824,31684,TLXNG',OTC,92,92,0,0,Telxon Corp,0,0,0
20000825,31684,TLXNG',OTC,95,95,2,0,Telxon Corp,0,0,0
20000828,31684,TLXNG',OTC,95,95,0,0,Telxon Corp,0,0,0
20000829,31684,TLXNG',OTC,96,96,1,0,Telxon Corp,0,0,0
20000830,31684,TLXNG',OTC,97,97,1,0,Telxon Corp,0,0,0
20000831,31684,TLXNG',OTC,97,97,0,0,Telxon Corp,0,0,0
20000901,31684,TLXNG',OTC,97,97,0,0,Telxon Corp,0,0,0
20000905,31684,TLXNG',OTC,97,97,0,0,Telxon Corp,0,0,0
20000906,31684,TLXNG',OTC,96.5,96.5,1,0,Telxon Corp,0,0,0
20000907,31684,TLXNG',OTC,96.5,96.5,0,0,Telxon Corp,0,0,0
20000908,31684,TLXNG',OTC,97,97,1,0,Telxon Corp,0,0,0
20000911,31684,TLXNG',OTC,96,96,0,0,Telxon Corp,0,0,0
20000912,31684,TLXNG',OTC,95.5,95.5,1,0,Telxon Corp,0,0,0
20000913,31684,TLXNG',OTC,94,94,1,0,Telxon Corp,0,0,0
20000914,31684,TLXNG',OTC,96,96,1,0,Telxon Corp,0,0,0
20000915,31684,TLXNG',OTC,96,96,0,0,Telxon Corp,0,0,0
20000918,31684,TLXNG',OTC,96,96,0,0,Telxon Corp,0,0,0
20000919,31684,TLXNG',OTC,95,95,0,0,Telxon Corp,0,0,0
20000920,31684,TLXNG',OTC,95,95,0,0,Telxon Corp,0,0,0
20000921,31684,TLXNG',OTC,95,95,0,0,Telxon Corp,0,0,0
20000922,31684,TLXNG',OTC,93,93,1,0,Telxon Corp,0,0,0
20000925,31684,TLXNG',OTC,93,93,0,0,Telxon Corp,0,0,0
20000926,31684,TLXNG',OTC,93,93,0,0,Telxon Corp,0,0,0
20000927,31684,TLXNG',OTC,92,92,0,0,Telxon Corp,0,0,0
20000928,31684,TLXNG',OTC,92,92,0,0,Telxon Corp,0,0,0
20000929,31684,TLXNG',OTC,93,93,1,0,Telxon Corp,0,0,0
20001002,31684,TLXNG',OTC,93,93,0,0,Telxon Corp,0,0,0
20001003,31684,TLXNG',OTC,93,93,0,0,Telxon Corp,0,0,0
20001004,31684,TLXNG',OTC,93,93,1,0,Telxon Corp,0,0,0
20001005,31684,TLXNG',OTC,93,93,0,0,Telxon Corp,0,0,0
20001006,31684,TLXNG',OTC,93,93,0,0,Telxon Corp,0,0,0
20001009,31684,TLXNG',OTC,93,93,0,0,Telxon Corp,0,0,0
20001010,31684,TLXNG',OTC,93,93,1,0,Telxon Corp,0,0,0
20001011,31684,TLXNG',OTC,93,93,0,0,Telxon Corp,0,0,0
20001012,31684,TLXNG',OTC,91,91,1,0,Telxon Corp,0,0,0
20001013,31684,TLXNG',OTC,91,91,1,0,Telxon Corp,0,0,0
20001016,31684,TLXNG',OTC,91,91,0,0,Telxon Corp,0,0,0
20001017,31684,TLXNG',OTC,90,90,1,0,Telxon Corp,0,0,0
20001018,31684,TLXNG',OTC,88,88,1,0,Telxon Corp,0,0,0
20001019,31684,TLXNG',OTC,88,88,0,0,Telxon Corp,0,0,0
20001020,31684,TLXNG',OTC,88,88,0,0,Telxon Corp,0,0,0
20001023,31684,TLXNG',OTC,88,88,0,0,Telxon Corp,0,0,0
20001024,31684,TLXNG',OTC,92.5,92.5,1,0,Telxon Corp,0,0,0
20001025,31684,TLXNG',OTC,92.5,92.5,0,0,Telxon Corp,0,0,0
20001026,31684,TLXNG',OTC,92.5,92.5,0,0,Telxon Corp,0,0,0
20001027,31684,TLXNG',OTC,91.5,91.5,1,0,Telxon Corp,0,0,0
20001030,31684,TLXNG',OTC,91.5,91.5,0,0,Telxon Corp,0,0,0
20001031,31684,TLXNG',OTC,91.5,91.5,0,0,Telxon Corp,0,0,0
20001101,31684,TLXNG',OTC,91.5,91.5,0,0,Telxon Corp,0,0,0
20001102,31684,TLXNG',OTC,91.5,91.5,0,0,Telxon Corp,0,0,0
20001103,31684,TLXNG',OTC,91.5,91.5,0,0,Telxon Corp,0,0,0
20001106,31684,TLXNG',OTC,96,96,1,0,Telxon Corp,0,0,0
20001107,31684,TLXNG',OTC,94,94,1,0,Telxon Corp,0,0,0
20001108,31684,TLXNG',OTC,93,93,1,0,Telxon Corp,0,0,0
20001109,31684,TLXNG',OTC,93,93,0,0,Telxon Corp,0,0,0
20001110,31684,TLXNG',OTC,92,92,1,0,Telxon Corp,0,0,0
20001113,31684,TLXNG',OTC,92,92,0,0,Telxon Corp,0,0,0
20001114,31684,TLXNG',OTC,96,96,1,0,Telxon Corp,0,0,0
20001115,31684,TLXNG',OTC,93,93,1,0,Telxon Corp,0,0,0
20001116,31684,TLXNG',OTC,93,93,0,0,Telxon Corp,0,0,0
20001117,31684,TLXNG',OTC,94,94,1,0,Telxon Corp,0,0,0
20001120,31684,TLXNG',OTC,94,94,0,0,Telxon Corp,0,0,0
20001121,31684,TLXNG',OTC,96,96,1,0,Telxon Corp,0,0,0
20001122,31684,TLXNG',OTC,96,96,0,0,Telxon Corp,0,0,0
20001124,31684,TLXNG',OTC,96,96,0,0,Telxon Corp,0,0,0
20001127,31684,TLXNG',OTC,96,96,0,0,Telxon Corp,0,0,0
20001128,31684,TLXNG',OTC,94,94,1,0,Telxon Corp,0,0,0
20001129,31684,TLXNG',OTC,95.25,95.25,1,0,Telxon Corp,0,0,0
20001130,31684,TLXNG',OTC,95.25,95.25,0,0,Telxon Corp,0,0,0
20001201,31684,TLXNG',OTC,95.25,95.25,0,0,Telxon Corp,0,0,0
20001204,31684,TLXNG',OTC,95.25,95.25,0,0,Telxon Corp,0,0,0
20001205,31684,TLXNG',OTC,96.875,96.875,1,0,Telxon Corp,0,0,0
20001206,31684,TLXNG',OTC,97,97,1,0,Telxon Corp,0,0,0
20001207,31684,TLXNG',OTC,97,97,1,0,Telxon Corp,0,0,0
20001208,31684,TLXNG',OTC,96.375,96.375,1,0,Telxon Corp,0,0,0
20001211,31684,TLXNG',OTC,96.375,96.375,0,0,Telxon Corp,0,0,0
20001212,31684,TLXNG',OTC,96.375,96.375,0,0,Telxon Corp,0,0,0
20001213,31684,TLXNG',OTC,96.375,96.375,0,0,Telxon Corp,0,0,0
20001214,31684,TLXNG',OTC,96.375,96.375,0,0,Telxon Corp,0,0,0
20001215,31684,TLXNG',OTC,96.375,96.375,0,0,Telxon Corp,0,0,0
20001218,31684,TLXNG',OTC,96.375,96.375,0,0,Telxon Corp,0,0,0
20001219,31684,TLXNG',OTC,94,94,1,0,Telxon Corp,0,0,0
20001220,31684,TLXNG',OTC,94,94,0,0,Telxon Corp,0,0,0
20001221,31684,TLXNG',OTC,95.5,95.5,1,0,Telxon Corp,0,0,0
20001222,31684,TLXNG',OTC,95.5,95.5,0,0,Telxon Corp,0,0,0
20001226,31684,TLXNG',OTC,95.5,95.5,0,0,Telxon Corp,0,0,0
20001227,31684,TLXNG',OTC,95.5,95.5,0,0,Telxon Corp,0,0,0
20001228,31684,TLXNG',OTC,94,94,1,0,Telxon Corp,0,0,0
20001229,31684,TLXNG',OTC,94,94,1,0,Telxon Corp,0,0,0
20010102,31684,TLXNG',OTC,94,94,0,0,Telxon Corp,0,0,0
20010103,31684,TLXNG',OTC,96,96,1,0,Telxon Corp,0,0,0
20010104,31684,TLXNG',OTC,96,96,0,0,Telxon Corp,0,0,0
20010105,31684,TLXNG',OTC,96,96,0,0,Telxon Corp,0,0,0
20010108,31684,TLXNG',OTC,92,92,1,0,Telxon Corp,0,0,0
20010109,31684,TLXNG',OTC,92,92,0,0,Telxon Corp,0,0,0
20010110,31684,TLXNG',OTC,92,92,0,0,Telxon Corp,0,0,0
20010111,31684,TLXNG',OTC,92,92,0,0,Telxon Corp,0,0,0
20010112,31684,TLXNG',OTC,95.5,95.5,1,0,Telxon Corp,0,0,0
20010116,31684,TLXNG',OTC,95.5,95.5,0,0,Telxon Corp,0,0,0
20010117,31684,TLXNG',OTC,97,97,1,0,Telxon Corp,0,0,0
20010118,31684,TLXNG',OTC,95,95,1,0,Telxon Corp,0,0,0
20010119,31684,TLXNG',OTC,92,92,1,0,Telxon Corp,0,0,0
20010122,31684,TLXNG',OTC,92,92,0,0,Telxon Corp,0,0,0
20010123,31684,TLXNG',OTC,97,97,1,0,Telxon Corp,0,0,0
20010124,31684,TLXNG',OTC,97,97,0,0,Telxon Corp,0,0,0
20010125,31684,TLXNG',OTC,96.5,96.5,2,0,Telxon Corp,0,0,0
20010126,31684,TLXNG',OTC,96.75,96.75,1,0,Telxon Corp,0,0,0
20010129,31684,TLXNG',OTC,103,103,2,0,Telxon Corp,0,0,0
20010130,31684,TLXNG',OTC,103,103,0,0,Telxon Corp,0,0,0
20010131,31684,TLXNG',OTC,103,103,0,0,Telxon Corp,0,0,0
20010201,31684,TLXNG',OTC,98,98,1,0,Telxon Corp,0,0,0
20010202,31684,TLXNG',OTC,98,98,0,0,Telxon Corp,0,0,0
20010205,31684,TLXNG',OTC,98,98,0,0,Telxon Corp,0,0,0
20010206,31684,TLXNG',OTC,102.921875,102.921875,1,0,Telxon Corp,0,0,0
20010207,31684,TLXNG',OTC,102.921875,102.921875,0,0,Telxon Corp,0,0,0
20010208,31684,TLXNG',OTC,98,98,1,0,Telxon Corp,0,0,0
20010209,31684,TLXNG',OTC,98,98,1,0,Telxon Corp,0,0,0
20010212,31684,TLXNG',OTC,100,100,1,0,Telxon Corp,0,0,0
20010213,31684,TLXNG',OTC,99,99,1,0,Telxon Corp,0,0,0
20010214,31684,TLXNG',OTC,101,101,1,0,Telxon Corp,0,0,0
20010215,31684,TLXNG',OTC,101,101,0,0,Telxon Corp,0,0,0
20010216,31684,TLXNG',OTC,104,104,1,0,Telxon Corp,0,0,0
20010220,31684,TLXNG',OTC,104,104,0,0,Telxon Corp,0,0,0
20010221,31684,TLXNG',OTC,104,104,0,0,Telxon Corp,0,0,0
20010222,31684,TLXNG',OTC,104,104,0,0,Telxon Corp,0,0,0
20010223,31684,TLXNG',OTC,104,104,0,0,Telxon Corp,0,0,0
20010226,31684,TLXNG',OTC,98.5,98.5,1,0,Telxon Corp,0,0,0
20010227,31684,TLXNG',OTC,98.5,98.5,0,0,Telxon Corp,0,0,0
20010228,31684,TLXNG',OTC,98.5,98.5,0,0,Telxon Corp,0,0,0
20010301,31684,TLXNG',OTC,98.5,98.5,0,0,Telxon Corp,0,0,0
20010302,31684,TLXNG',OTC,101,101,1,0,Telxon Corp,0,0,0
20010305,31684,TLXNG',OTC,101,101,0,0,Telxon Corp,0,0,0
20010306,31684,TLXNG',OTC,105,105,1,0,Telxon Corp,0,0,0
20010307,31684,TLXNG',OTC,105,105,0,0,Telxon Corp,0,0,0
20010308,31684,TLXNG',OTC,102,102,1,0,Telxon Corp,0,0,0
20010309,31684,TLXNG',OTC,102,102,0,0,Telxon Corp,0,0,0
20010312,31684,TLXNG',OTC,101,101,1,0,Telxon Corp,0,0,0
20010313,31684,TLXNG',OTC,100,100,1,0,Telxon Corp,0,0,0
20010314,31684,TLXNG',OTC,100,100,0,0,Telxon Corp,0,0,0
20010315,31684,TLXNG',OTC,100,100,0,0,Telxon Corp,0,0,0
20010316,31684,TLXNG',OTC,100,100,1,0,Telxon Corp,0,0,0
20010319,31684,TLXNG',OTC,103,103,1,0,Telxon Corp,0,0,0
20010320,31684,TLXNG',OTC,103,103,0,0,Telxon Corp,0,0,0
20010321,31684,TLXNG',OTC,102.75,102.75,1,0,Telxon Corp,0,0,0
20010322,31684,TLXNG',OTC,102.75,102.75,0,0,Telxon Corp,0,0,0
20010323,31684,TLXNG',OTC,102.75,102.75,0,0,Telxon Corp,0,0,0
20010326,31684,TLXNG',OTC,102.75,102.75,0,0,Telxon Corp,0,0,0
20010327,31684,TLXNG',OTC,102.75,102.75,0,0,Telxon Corp,0,0,0
20010328,31684,TLXNG',OTC,98.5,98.5,2,0,Telxon Corp,0,0,0
20010329,31684,TLXNG',OTC,92,92,1,0,Telxon Corp,0,0,0
20010330,31684,TLXNG',OTC,92,92,0,0,Telxon Corp,0,0,0
20010402,31684,TLXNG',OTC,96,96,1,0,Telxon Corp,0,0,0
20010403,31684,TLXNG',OTC,92.125,92.125,2,0,Telxon Corp,0,0,0
20010404,31684,TLXNG',OTC,92.125,92.125,0,0,Telxon Corp,0,0,0
20010405,31684,TLXNG',OTC,97,97,1,0,Telxon Corp,0,0,0
20010406,31684,TLXNG',OTC,99,99,1,0,Telxon Corp,0,0,0
20010409,31684,TLXNG',OTC,99,99,0,0,Telxon Corp,0,0,0
20010410,31684,TLXNG',OTC,94,94,1,0,Telxon Corp,0,0,0
20010411,31684,TLXNG',OTC,94.5,94.5,1,0,Telxon Corp,0,0,0
20010412,31684,TLXNG',OTC,98,98,1,0,Telxon Corp,0,0,0
20010416,31684,TLXNG',OTC,98,98,0,0,Telxon Corp,0,0,0
20010417,31684,TLXNG',OTC,98,98,0,0,Telxon Corp,0,0,0
20010418,31684,TLXNG',OTC,98,98,0,0,Telxon Corp,0,0,0
20010419,31684,TLXNG',OTC,95,95,1,0,Telxon Corp,0,0,0
20010420,31684,TLXNG',OTC,95,95,0,0,Telxon Corp,0,0,0
20010423,31684,TLXNG',OTC,95,95,0,0,Telxon Corp,0,0,0
20010424,31684,TLXNG',OTC,99.75,99.75,1,0,Telxon Corp,0,0,0
20010425,31684,TLXNG',OTC,95.5,95.5,1,0,Telxon Corp,0,0,0
20010426,31684,TLXNG',OTC,102,102,1,0,Telxon Corp,0,0,0
20010427,31684,TLXNG',OTC,102,102,0,0,Telxon Corp,0,0,0
20010430,31684,TLXNG',OTC,102,102,0,0,Telxon Corp,0,0,0
20010501,31684,TLXNG',OTC,102,102,0,0,Telxon Corp,0,0,0
20010502,31684,TLXNG',OTC,102,102,0,0,Telxon Corp,0,0,0
20010503,31684,TLXNG',OTC,95.5,95.5,1,0,Telxon Corp,0,0,0
20010504,31684,TLXNG',OTC,99.5,99.5,1,0,Telxon Corp,0,0,0
20010507,31684,TLXNG',OTC,93.5,93.5,1,0,Telxon Corp,0,0,0
20010508,31684,TLXNG',OTC,93.5,93.5,0,0,Telxon Corp,0,0,0
20010509,31684,TLXNG',OTC,93.5,93.5,0,0,Telxon Corp,0,0,0
20010510,31684,TLXNG',OTC,93.5,93.5,0,0,Telxon Corp,0,0,0
20010511,31684,TLXNG',OTC,93.5,93.5,0,0,Telxon Corp,0,0,0
20010514,31684,TLXNG',OTC,93.5,93.5,0,0,Telxon Corp,0,0,0
20010515,31684,TLXNG',OTC,99.5,99.5,1,0,Telxon Corp,0,0,0
20010516,31684,TLXNG',OTC,99.5,99.5,0,0,Telxon Corp,0,0,0
20010517,31684,TLXNG',OTC,99.5,99.5,0,0,Telxon Corp,0,0,0
20010518,31684,TLXNG',OTC,94.5,94.5,1,0,Telxon Corp,0,0,0
20010521,31684,TLXNG',OTC,98,98,1,0,Telxon Corp,0,0,0
20010522,31684,TLXNG',OTC,98,98,0,0,Telxon Corp,0,0,0
20010523,31684,TLXNG',OTC,98,98,0,0,Telxon Corp,0,0,0
20010524,31684,TLXNG',OTC,98,98,0,0,Telxon Corp,0,0,0
20010525,31684,TLXNG',OTC,98,98,0,0,Telxon Corp,0,0,0
20010529,31684,TLXNG',OTC,99.5,99.5,1,0,Telxon Corp,0,0,0
20010530,31684,TLXNG',OTC,99.5,99.5,0,0,Telxon Corp,0,0,0
20010531,31684,TLXNG',OTC,99.5,99.5,0,0,Telxon Corp,0,0,0
20010601,31684,TLXNG',OTC,99.5,99.5,0,0,Telxon Corp,0,0,0
20010604,31684,TLXNG',OTC,99.5,99.5,0,0,Telxon Corp,0,0,0
20010605,31684,TLXNG',OTC,99.5,99.5,0,0,Telxon Corp,0,0,0
20010606,31684,TLXNG',OTC,99.5,99.5,0,0,Telxon Corp,0,0,0
20010607,31684,TLXNG',OTC,99.5,99.5,0,0,Telxon Corp,0,0,0
20010608,31684,TLXNG',OTC,99.88,99.88,1,0,Telxon Corp,0,0,0
20010611,31684,TLXNG',OTC,99.88,99.88,0,0,Telxon Corp,0,0,0
20010612,31684,TLXNG',OTC,96,96,1,0,Telxon Corp,0,0,0
20010613,31684,TLXNG',OTC,96,96,0,0,Telxon Corp,0,0,0
20010614,31684,TLXNG',OTC,96,96,0,0,Telxon Corp,0,0,0
20010615,31684,TLXNG',OTC,96,96,0,0,Telxon Corp,0,0,0
20010618,31684,TLXNG',OTC,96,96,0,0,Telxon Corp,0,0,0
20010619,31684,TLXNG',OTC,98,98,1,0,Telxon Corp,0,0,0
20010620,31684,TLXNG',OTC,98,98,0,0,Telxon Corp,0,0,0
20010621,31684,TLXNG',OTC,98,98,0,0,Telxon Corp,0,0,0
20010622,31684,TLXNG',OTC,98,98,0,0,Telxon Corp,0,0,0
20010625,31684,TLXNG',OTC,98,98,0,0,Telxon Corp,0,0,0
20010626,31684,TLXNG',OTC,98,98,0,0,Telxon Corp,0,0,0
20010627,31684,TLXNG',OTC,98,98,0,0,Telxon Corp,0,0,0
20010628,31684,TLXNG',OTC,98,98,0,0,Telxon Corp,0,0,0
20010629,31684,TLXNG',OTC,98,98,0,0,Telxon Corp,0,0,0
20010702,31684,TLXNG',OTC,98,98,0,0,Telxon Corp,0,0,0
20010703,31684,TLXNG',OTC,98,98,0,0,Telxon Corp,0,0,0
20010705,31684,TLXNG',OTC,99,99,1,0,Telxon Corp,0,0,0
20010706,31684,TLXNG',OTC,99,99,0,0,Telxon Corp,0,0,0
20010709,31684,TLXNG',OTC,99,99,0,0,Telxon Corp,0,0,0
20010710,31684,TLXNG',OTC,93,93,1,0,Telxon Corp,0,0,0
20010711,31684,TLXNG',OTC,93,93,0,0,Telxon Corp,0,0,0
20010712,31684,TLXNG',OTC,93,93,0,0,Telxon Corp,0,0,0
20010713,31684,TLXNG',OTC,93,93,0,0,Telxon Corp,0,0,0
20010716,31684,TLXNG',OTC,93,93,0,0,Telxon Corp,0,0,0
20010717,31684,TLXNG',OTC,93,93,0,0,Telxon Corp,0,0,0
20010718,31684,TLXNG',OTC,93,93,0,0,Telxon Corp,0,0,0
20010719,31684,TLXNG',OTC,88,88,1,0,Telxon Corp,0,0,0
20010720,31684,TLXNG',OTC,93,93,1,0,Telxon Corp,0,0,0
20010723,31684,TLXNG',OTC,93,93,0,0,Telxon Corp,0,0,0
20010724,31684,TLXNG',OTC,93,93,0,0,Telxon Corp,0,0,0
20010725,31684,TLXNG',OTC,93,93,0,0,Telxon Corp,0,0,0
20010726,31684,TLXNG',OTC,93,93,0,0,Telxon Corp,0,0,0
20010727,31684,TLXNG',OTC,93,93,0,0,Telxon Corp,0,0,0
20010730,31684,TLXNG',OTC,93,93,0,0,Telxon Corp,0,0,0
20010731,31684,TLXNG',OTC,93,93,0,0,Telxon Corp,0,0,0
20010801,31684,TLXNG',OTC,93,93,0,0,Telxon Corp,0,0,0
20010802,31684,TLXNG',OTC,93,93,0,0,Telxon Corp,0,0,0
20010803,31684,TLXNG',OTC,93,93,0,0,Telxon Corp,0,0,0
20010806,31684,TLXNG',OTC,93,93,0,0,Telxon Corp,0,0,0
20010807,31684,TLXNG',OTC,93,93,0,0,Telxon Corp,0,0,0
20010808,31684,TLXNG',OTC,93,93,0,0,Telxon Corp,0,0,0
20010809,31684,TLXNG',OTC,93,93,0,0,Telxon Corp,0,0,0
20010810,31684,TLXNG',OTC,93,93,0,0,Telxon Corp,0,0,0
20010813,31684,TLXNG',OTC,93,93,0,0,Telxon Corp,0,0,0
20010814,31684,TLXNG',OTC,93,93,0,0,Telxon Corp,0,0,0
20010815,31684,TLXNG',OTC,93,93,0,0,Telxon Corp,0,0,0
20010816,31684,TLXNG',OTC,93,93,1,0,Telxon Corp,0,0,0
20010817,31684,TLXNG',OTC,93,93,0,0,Telxon Corp,0,0,0
20010820,31684,TLXNG',OTC,90.5,90.5,1,0,Telxon Corp,0,0,0
20010821,31684,TLXNG',OTC,90.5,90.5,0,0,Telxon Corp,0,0,0
20010822,31684,TLXNG',OTC,90.5,90.5,0,0,Telxon Corp,0,0,0
20010823,31684,TLXNG',OTC,90.5,90.5,0,0,Telxon Corp,0,0,0
20010824,31684,TLXNG',OTC,90.5,90.5,0,0,Telxon Corp,0,0,0
20010827,31684,TLXNG',OTC,90.5,90.5,0,0,Telxon Corp,0,0,0
20010828,31684,TLXNG',OTC,90.5,90.5,0,0,Telxon Corp,0,0,0
20010829,31684,TLXNG',OTC,90.5,90.5,0,0,Telxon Corp,0,0,0
20010830,31684,TLXNG',OTC,94,94,1,0,Telxon Corp,0,0,0
20010831,31684,TLXNG',OTC,94,94,0,0,Telxon Corp,0,0,0
20010904,31684,TLXNG',OTC,94,94,1,0,Telxon Corp,0,0,0
20010905,31684,TLXNG',OTC,93,93,1,0,Telxon Corp,0,0,0
20010906,31684,TLXNG',OTC,94,94,1,0,Telxon Corp,0,0,0
20010907,31684,TLXNG',OTC,89.5,89.5,1,0,Telxon Corp,0,0,0
20010910,31684,TLXNG',OTC,95,95,1,0,Telxon Corp,0,0,0
20010917,31684,TLXNG',OTC,95,95,0,0,Telxon Corp,0,0,0
20010918,31684,TLXNG',OTC,95,95,0,0,Telxon Corp,0,0,0
20010919,31684,TLXNG',OTC,95,95,1,0,Telxon Corp,0,0,0
20010920,31684,TLXNG',OTC,95,95,0,0,Telxon Corp,0,0,0
20010921,31684,TLXNG',OTC,95,95,0,0,Telxon Corp,0,0,0
20010924,31684,TLXNG',OTC,89,89,1,0,Telxon Corp,0,0,0
20010925,31684,TLXNG',OTC,89,89,0,0,Telxon Corp,0,0,0
20010926,31684,TLXNG',OTC,89,89,0,0,Telxon Corp,0,0,0
20010927,31684,TLXNG',OTC,89,89,0,0,Telxon Corp,0,0,0
20010928,31684,TLXNG',OTC,89,89,0,0,Telxon Corp,0,0,0
20011001,31684,TLXNG',OTC,89,89,0,0,Telxon Corp,0,0,0
20011002,31684,TLXNG',OTC,96,96,1,0,Telxon Corp,0,0,0
20011003,31684,TLXNG',OTC,96,96,0,0,Telxon Corp,0,0,0
20011004,31684,TLXNG',OTC,96,96,0,0,Telxon Corp,0,0,0
20011005,31684,TLXNG',OTC,96,96,0,0,Telxon Corp,0,0,0
20011008,31684,TLXNG',OTC,96,96,0,0,Telxon Corp,0,0,0
20011009,31684,TLXNG',OTC,96,96,0,0,Telxon Corp,0,0,0
20011010,31684,TLXNG',OTC,96,96,0,0,Telxon Corp,0,0,0
20011011,31684,TLXNG',OTC,96,96,1,0,Telxon Corp,0,0,0
20011012,31684,TLXNG',OTC,96,96,0,0,Telxon Corp,0,0,0
20011015,31684,TLXNG',OTC,96,96,0,0,Telxon Corp,0,0,0
20011016,31684,TLXNG',OTC,98,98,1,0,Telxon Corp,0,0,0
20011017,31684,TLXNG',OTC,98,98,0,0,Telxon Corp,0,0,0
20011018,31684,TLXNG',OTC,98,98,0,0,Telxon Corp,0,0,0
20011019,31684,TLXNG',OTC,98,98,0,0,Telxon Corp,0,0,0
20011022,31684,TLXNG',OTC,98,98,0,0,Telxon Corp,0,0,0
20011023,31684,TLXNG',OTC,92,92,1,0,Telxon Corp,0,0,0
20011024,31684,TLXNG',OTC,92,92,0,0,Telxon Corp,0,0,0
20011025,31684,TLXNG',OTC,92,92,0,0,Telxon Corp,0,0,0
20011026,31684,TLXNG',OTC,92,92,0,0,Telxon Corp,0,0,0
20011029,31684,TLXNG',OTC,92,92,0,0,Telxon Corp,0,0,0
20011030,31684,TLXNG',OTC,97,97,1,0,Telxon Corp,0,0,0
20011031,31684,TLXNG',OTC,97,97,0,0,Telxon Corp,0,0,0
20011101,31684,TLXNG',OTC,97,97,0,0,Telxon Corp,0,0,0
20011102,31684,TLXNG',OTC,97,97,0,0,Telxon Corp,0,0,0
20011105,31684,TLXNG',OTC,95.25,95.25,1,0,Telxon Corp,0,0,0
20011106,31684,TLXNG',OTC,95.5,95.5,1,0,Telxon Corp,0,0,0
20011107,31684,TLXNG',OTC,95.5,95.5,0,0,Telxon Corp,0,0,0
20011108,31684,TLXNG',OTC,95.5,95.5,0,0,Telxon Corp,0,0,0
20011109,31684,TLXNG',OTC,95.5,95.5,0,0,Telxon Corp,0,0,0
20011112,31684,TLXNG',OTC,95.5,95.5,0,0,Telxon Corp,0,0,0
20011113,31684,TLXNG',OTC,95.5,95.5,0,0,Telxon Corp,0,0,0
20011114,31684,TLXNG',OTC,95.5,95.5,0,0,Telxon Corp,0,0,0
20011115,31684,TLXNG',OTC,95.5,95.5,0,0,Telxon Corp,0,0,0
20011116,31684,TLXNG',OTC,95.5,95.5,0,0,Telxon Corp,0,0,0
20011119,31684,TLXNG',OTC,95.5,95.5,0,0,Telxon Corp,0,0,0
20011120,31684,TLXNG',OTC,93,93,1,0,Telxon Corp,0,0,0
20011121,31684,TLXNG',OTC,93,93,0,0,Telxon Corp,0,0,0
20011123,31684,TLXNG',OTC,93,93,0,0,Telxon Corp,0,0,0
20011126,31684,TLXNG',OTC,93,93,0,0,Telxon Corp,0,0,0
20011127,31684,TLXNG',OTC,93,93,0,0,Telxon Corp,0,0,0
20011128,31684,TLXNG',OTC,93,93,0,0,Telxon Corp,0,0,0
20011129,31684,TLXNG',OTC,93,93,0,0,Telxon Corp,0,0,0
20011130,31684,TLXNG',OTC,93,93,0,0,Telxon Corp,0,0,0
20011203,31684,TLXNG',OTC,93,93,0,0,Telxon Corp,0,0,0
20011204,31684,TLXNG',OTC,93,93,1,0,Telxon Corp,0,0,0
20011205,31684,TLXNG',OTC,93,93,0,0,Telxon Corp,0,0,0
20011206,31684,TLXNG',OTC,96.5,96.5,1,0,Telxon Corp,0,0,0
20011207,31684,TLXNG',OTC,96.5,96.5,0,0,Telxon Corp,0,0,0
20011210,31684,TLXNG',OTC,96.5,96.5,0,0,Telxon Corp,0,0,0
20011211,31684,TLXNG',OTC,96.5,96.5,0,0,Telxon Corp,0,0,0
20011212,31684,TLXNG',OTC,96.5,96.5,0,0,Telxon Corp,0,0,0
20011213,31684,TLXNG',OTC,93,93,1,0,Telxon Corp,0,0,0
20011214,31684,TLXNG',OTC,93,93,0,0,Telxon Corp,0,0,0
20011217,31684,TLXNG',OTC,93,93,0,0,Telxon Corp,0,0,0
20011218,31684,TLXNG',OTC,97,97,1,0,Telxon Corp,0,0,0
20011219,31684,TLXNG',OTC,97,97,0,0,Telxon Corp,0,0,0
20011220,31684,TLXNG',OTC,95.5,95.5,1,0,Telxon Corp,0,0,0
20011221,31684,TLXNG',OTC,95.5,95.5,0,0,Telxon Corp,0,0,0
20011224,31684,TLXNG',OTC,93.25,93.25,1,0,Telxon Corp,0,0,0
20011226,31684,TLXNG',OTC,93.25,93.25,0,0,Telxon Corp,0,0,0
20011227,31684,TLXNG',OTC,93.25,93.25,0,0,Telxon Corp,0,0,0
20011228,31684,TLXNG',OTC,93.25,93.25,0,0,Telxon Corp,0,0,0
20011231,31684,TLXNG',OTC,93.25,93.25,0,0,Telxon Corp,0,0,0
20020102,31684,TLXNG',OTC,93.25,93.25,0,0,Telxon Corp,0,0,0
20020103,31684,TLXNG',OTC,93,93,1,0,Telxon Corp,0,0,0
20020104,31684,TLXNG',OTC,99,99,1,0,Telxon Corp,0,0,0
20020107,31684,TLXNG',OTC,99,99,0,0,Telxon Corp,0,0,0
20020108,31684,TLXNG',OTC,93,93,1,0,Telxon Corp,0,0,0
20020109,31684,TLXNG',OTC,92,92,1,0,Telxon Corp,0,0,0
20020110,31684,TLXNG',OTC,92,92,0,0,Telxon Corp,0,0,0
20020111,31684,TLXNG',OTC,92,92,0,0,Telxon Corp,0,0,0
20020114,31684,TLXNG',OTC,93.87,93.87,1,0,Telxon Corp,0,0,0
20020115,31684,TLXNG',OTC,93.87,93.87,0,0,Telxon Corp,0,0,0
20020116,31684,TLXNG',OTC,92,92,1,0,Telxon Corp,0,0,0
20020117,31684,TLXNG',OTC,96,96,1,0,Telxon Corp,0,0,0
20020118,31684,TLXNG',OTC,96,96,0,0,Telxon Corp,0,0,0
20020122,31684,TLXNG',OTC,96,96,0,0,Telxon Corp,0,0,0
20020123,31684,TLXNG',OTC,96,96,0,0,Telxon Corp,0,0,0
20020124,31684,TLXNG',OTC,92,92,1,0,Telxon Corp,0,0,0
20020125,31684,TLXNG',OTC,92,92,0,0,Telxon Corp,0,0,0
20020128,31684,TLXNG',OTC,92,92,0,0,Telxon Corp,0,0,0
20020129,31684,TLXNG',OTC,92,92,0,0,Telxon Corp,0,0,0
20020130,31684,TLXNG',OTC,92,92,0,0,Telxon Corp,0,0,0
20020131,31684,TLXNG',OTC,96.25,96.25,1,0,Telxon Corp,0,0,0
20020201,31684,TLXNG',OTC,96.25,96.25,0,0,Telxon Corp,0,0,0
20020204,31684,TLXNG',OTC,96.25,96.25,0,0,Telxon Corp,0,0,0
20020205,31684,TLXNG',OTC,96.25,96.25,0,0,Telxon Corp,0,0,0
20020206,31684,TLXNG',OTC,96.25,96.25,0,0,Telxon Corp,0,0,0
20020207,31684,TLXNG',OTC,96.25,96.25,0,0,Telxon Corp,0,0,0
20020208,31684,TLXNG',OTC,96.25,96.25,0,0,Telxon Corp,0,0,0
20020211,31684,TLXNG',OTC,96.25,96.25,0,0,Telxon Corp,0,0,0
20020212,31684,TLXNG',OTC,96.25,96.25,0,0,Telxon Corp,0,0,0
20020213,31684,TLXNG',OTC,92,92,1,0,Telxon Corp,0,0,0
20020214,31684,TLXNG',OTC,95,95,2,0,Telxon Corp,0,0,0
20020215,31684,TLXNG',OTC,95,95,0,0,Telxon Corp,0,0,0
20020219,31684,TLXNG',OTC,88,88,1,0,Telxon Corp,0,0,0
20020220,31684,TLXNG',OTC,88,88,0,0,Telxon Corp,0,0,0
20020221,31684,TLXNG',OTC,88,88,0,0,Telxon Corp,0,0,0
20020222,31684,TLXNG',OTC,88,88,0,0,Telxon Corp,0,0,0
20020225,31684,TLXNG',OTC,88,88,0,0,Telxon Corp,0,0,0
20020226,31684,TLXNG',OTC,88,88,0,0,Telxon Corp,0,0,0
20020227,31684,TLXNG',OTC,88,88,0,0,Telxon Corp,0,0,0
20020228,31684,TLXNG',OTC,88,88,0,0,Telxon Corp,0,0,0
20020301,31684,TLXNG',OTC,88,88,0,0,Telxon Corp,0,0,0
20020304,31684,TLXNG',OTC,96,96,1,0,Telxon Corp,0,0,0
20020305,31684,TLXNG',OTC,96,96,0,0,Telxon Corp,0,0,0
20020306,31684,TLXNG',OTC,98,98,1,0,Telxon Corp,0,0,0
20020307,31684,TLXNG',OTC,98,98,0,0,Telxon Corp,0,0,0
20020308,31684,TLXNG',OTC,98,98,0,0,Telxon Corp,0,0,0
20020311,31684,TLXNG',OTC,98,98,0,0,Telxon Corp,0,0,0
20020312,31684,TLXNG',OTC,98,98,0,0,Telxon Corp,0,0,0
20020313,31684,TLXNG',OTC,98,98,0,0,Telxon Corp,0,0,0
20020314,31684,TLXNG',OTC,98,98,0,0,Telxon Corp,0,0,0
20020315,31684,TLXNG',OTC,98,98,0,0,Telxon Corp,0,0,0
20020318,31684,TLXNG',OTC,98,98,0,0,Telxon Corp,0,0,0
20020319,31684,TLXNG',OTC,98,98,0,0,Telxon Corp,0,0,0
20020320,31684,TLXNG',OTC,98,98,0,0,Telxon Corp,0,0,0
20020321,31684,TLXNG',OTC,98,98,0,0,Telxon Corp,0,0,0
20020322,31684,TLXNG',OTC,98,98,0,0,Telxon Corp,0,0,0
20020325,31684,TLXNG',OTC,98,98,0,0,Telxon Corp,0,0,0
20020326,31684,TLXNG',OTC,98,98,0,0,Telxon Corp,0,0,0
20020327,31684,TLXNG',OTC,98,98,0,0,Telxon Corp,0,0,0
20020328,31684,TLXNG',OTC,98,98,0,0,Telxon Corp,0,0,0
20020401,31684,TLXNG',OTC,98,98,0,0,Telxon Corp,0,0,0
20020402,31684,TLXNG',OTC,98,98,0,0,Telxon Corp,0,0,0
20020403,31684,TLXNG',OTC,98,98,0,0,Telxon Corp,0,0,0
20020404,31684,TLXNG',OTC,98,98,0,0,Telxon Corp,0,0,0
20020405,31684,TLXNG',OTC,98,98,0,0,Telxon Corp,0,0,0
20020408,31684,TLXNG',OTC,98,98,0,0,Telxon Corp,0,0,0
20020409,31684,TLXNG',OTC,98,98,0,0,Telxon Corp,0,0,0
20020410,31684,TLXNG',OTC,98,98,0,0,Telxon Corp,0,0,0
20020411,31684,TLXNG',OTC,98,98,0,0,Telxon Corp,0,0,0
20020412,31684,TLXNG',OTC,98,98,0,0,Telxon Corp,0,0,0
20020415,31684,TLXNG',OTC,98,98,0,0,Telxon Corp,0,0,0
20020416,31684,TLXNG',OTC,98,98,0,0,Telxon Corp,0,0,0
20020417,31684,TLXNG',OTC,98,98,0,0,Telxon Corp,0,0,0
20020418,31684,TLXNG',OTC,98,98,0,0,Telxon Corp,0,0,0
20020419,31684,TLXNG',OTC,98,98,0,0,Telxon Corp,0,0,0
20020422,31684,TLXNG',OTC,98,98,0,0,Telxon Corp,0,0,0
20020423,31684,TLXNG',OTC,98,98,0,0,Telxon Corp,0,0,0
20020424,31684,TLXNG',OTC,98,98,0,0,Telxon Corp,0,0,0
20020425,31684,TLXNG',OTC,98,98,0,0,Telxon Corp,0,0,0
20020426,31684,TLXNG',OTC,98,98,0,0,Telxon Corp,0,0,0
