DDate,CSINumber,Symbol,Exchange,DClose,UnAdjustedClose,TotalVolume,Cash,MarketName,PTB,PSR,DPS
19981106,31899,RKNG',OTC,10.47619048,11,0,0,Rockingham Heritage Bank,0,0,0
19981109,31899,RKNG',OTC,11.30952381,11.875,65,0,Rockingham Heritage Bank,0,0,0
19981110,31899,RKNG',OTC,11.30952381,11.875,0,0,Rockingham Heritage Bank,0,0,0
19981111,31899,RKNG',OTC,11.07142857,11.625,81,0,Rockingham Heritage Bank,0,0,0
19981112,31899,RKNG',OTC,11.07142857,11.625,0,0,Rockingham Heritage Bank,0,0,0
19981113,31899,RKNG',OTC,11.07142857,11.625,0,0,Rockingham Heritage Bank,0,0,0
19981116,31899,RKNG',OTC,11.07142857,11.625,0,0,Rockingham Heritage Bank,0,0,0
19981117,31899,RKNG',OTC,11.07142857,11.625,0,0,Rockingham Heritage Bank,0,0,0
19981118,31899,RKNG',OTC,11.07142857,11.625,0,0,Rockingham Heritage Bank,0,0,0
19981119,31899,RKNG',OTC,11.07142857,11.625,0,0,Rockingham Heritage Bank,0,0,0
19981120,31899,RKNG',OTC,11.07142857,11.625,0,0,Rockingham Heritage Bank,0,0,0
19981123,31899,RKNG',OTC,11.07142857,11.625,0,0,Rockingham Heritage Bank,0,0,0
19981124,31899,RKNG',OTC,11.07142857,11.625,0,0,Rockingham Heritage Bank,0,0,0
19981125,31899,RKNG',OTC,11.07142857,11.625,0,0,Rockingham Heritage Bank,0,0,0
19981127,31899,RKNG',OTC,10.23809524,10.75,164,0,Rockingham Heritage Bank,0,0,0
19981130,31899,RKNG',OTC,10,10.5,2,0,Rockingham Heritage Bank,0,0,0
19981201,31899,RKNG',OTC,10,10.5,0,0,Rockingham Heritage Bank,0,0,0
19981202,31899,RKNG',OTC,10.95238095,11.5,89,0,Rockingham Heritage Bank,0,0,0
19981203,31899,RKNG',OTC,10.95238095,11.5,0,0,Rockingham Heritage Bank,0,0,0
19981204,31899,RKNG',OTC,10.71428571,11.25,32,0,Rockingham Heritage Bank,0,0,0
19981207,31899,RKNG',OTC,10.71428571,11.25,0,0,Rockingham Heritage Bank,0,0,0
19981208,31899,RKNG',OTC,10.71428571,11.25,0,0,Rockingham Heritage Bank,0,0,0
19981209,31899,RKNG',OTC,10.83333333,11.375,204,0,Rockingham Heritage Bank,0,0,0
19981210,31899,RKNG',OTC,10.53571429,11.0625,27,0,Rockingham Heritage Bank,0,0,0
19981211,31899,RKNG',OTC,10.95238095,11.5,13,0,Rockingham Heritage Bank,0,0,0
19981214,31899,RKNG',OTC,10.95238095,11.5,55,0,Rockingham Heritage Bank,0,0,0
19981215,31899,RKNG',OTC,11.07142857,11.625,74,0,Rockingham Heritage Bank,0,0,0
19981216,31899,RKNG',OTC,11.07142857,11.625,141,0,Rockingham Heritage Bank,0,0,0
19981217,31899,RKNG',OTC,11.07142857,11.625,26,0,Rockingham Heritage Bank,0,0,0
19981218,31899,RKNG',OTC,11.07142857,11.625,0,0,Rockingham Heritage Bank,0,0,0
19981221,31899,RKNG',OTC,11.07142857,11.625,0,0,Rockingham Heritage Bank,0,0,0
19981222,31899,RKNG',OTC,11.07142857,11.625,0,0,Rockingham Heritage Bank,0,0,0
19981223,31899,RKNG',OTC,10.83333333,11.375,2,0,Rockingham Heritage Bank,0,0,0
19981224,31899,RKNG',OTC,10.83333333,11.375,0,0,Rockingham Heritage Bank,0,0,0
19981228,31899,RKNG',OTC,11.42857143,12,3,0,Rockingham Heritage Bank,0,0,0
19981229,31899,RKNG',OTC,11.42857143,12,0,0,Rockingham Heritage Bank,0,0,0
19981230,31899,RKNG',OTC,11.42857143,12,0,0,Rockingham Heritage Bank,0,0,0
19981231,31899,RKNG',OTC,11.42857143,12,0,0,Rockingham Heritage Bank,0,0,0
19990104,31899,RKNG',OTC,11.42857143,12,4,0,Rockingham Heritage Bank,0,0,0
19990105,31899,RKNG',OTC,11.42857143,12,0,0,Rockingham Heritage Bank,0,0,0
19990106,31899,RKNG',OTC,11.42857143,12,0,0,Rockingham Heritage Bank,0,0,0
19990107,31899,RKNG',OTC,11.30952381,11.875,17,0,Rockingham Heritage Bank,0,0,0
19990108,31899,RKNG',OTC,10.83333333,11.375,21,0,Rockingham Heritage Bank,0,0,0
19990111,31899,RKNG',OTC,10.95238095,11.5,11,0,Rockingham Heritage Bank,0,0,0
19990112,31899,RKNG',OTC,10.83333333,11.375,5,0,Rockingham Heritage Bank,0,0,0
19990113,31899,RKNG',OTC,10.83333333,11.375,2,0,Rockingham Heritage Bank,0,0,0
19990114,31899,RKNG',OTC,11.01190476,11.5625,29,0,Rockingham Heritage Bank,0,0,0
19990115,31899,RKNG',OTC,11.01190476,11.5625,0,0,Rockingham Heritage Bank,0,0,0
19990119,31899,RKNG',OTC,11.01190476,11.5625,0,0,Rockingham Heritage Bank,0,0,0
19990120,31899,RKNG',OTC,10.71428571,11.25,4,0,Rockingham Heritage Bank,0,0,0
19990121,31899,RKNG',OTC,10.71428571,11.25,0,0,Rockingham Heritage Bank,0,0,0
19990122,31899,RKNG',OTC,10.71428571,11.25,0,0,Rockingham Heritage Bank,0,0,0
19990125,31899,RKNG',OTC,10.71428571,11.25,0,0,Rockingham Heritage Bank,0,0,0
19990126,31899,RKNG',OTC,10.71428571,11.25,0,0,Rockingham Heritage Bank,0,0,0
19990127,31899,RKNG',OTC,10.71428571,11.25,6,0,Rockingham Heritage Bank,0,0,0
19990128,31899,RKNG',OTC,10.5952381,11.125,56,0,Rockingham Heritage Bank,0,0,0
19990129,31899,RKNG',OTC,10.5952381,11.125,0,0,Rockingham Heritage Bank,0,0,0
19990201,31899,RKNG',OTC,10.5952381,11.125,9,0,Rockingham Heritage Bank,0,0,0
19990202,31899,RKNG',OTC,10.5952381,11.125,3,0,Rockingham Heritage Bank,0,0,0
19990203,31899,RKNG',OTC,10.5952381,11.125,0,0,Rockingham Heritage Bank,0,0,0
19990204,31899,RKNG',OTC,10.5952381,11.125,0,0,Rockingham Heritage Bank,0,0,0
19990205,31899,RKNG',OTC,10.53571429,11.0625,101,0,Rockingham Heritage Bank,0,0,0
19990208,31899,RKNG',OTC,10.95238095,11.5,5,0,Rockingham Heritage Bank,0,0,0
19990209,31899,RKNG',OTC,10.95238095,11.5,0,0,Rockingham Heritage Bank,0,0,0
19990210,31899,RKNG',OTC,10.95238095,11.5,0,0,Rockingham Heritage Bank,0,0,0
19990211,31899,RKNG',OTC,10.95238095,11.5,0,0,Rockingham Heritage Bank,0,0,0
19990212,31899,RKNG',OTC,10.47619048,11,11,0,Rockingham Heritage Bank,0,0,0
19990216,31899,RKNG',OTC,10.47619048,11,0,0,Rockingham Heritage Bank,0,0,0
19990217,31899,RKNG',OTC,10.6547619,11.1875,13,0,Rockingham Heritage Bank,0,0,0
19990218,31899,RKNG',OTC,10.6547619,11.1875,0,0,Rockingham Heritage Bank,0,0,0
19990219,31899,RKNG',OTC,10.6547619,11.1875,0,0,Rockingham Heritage Bank,0,0,0
19990222,31899,RKNG',OTC,10.625,10.625,0,0,Rockingham Heritage Bank,0,0,0
19990223,31899,RKNG',OTC,11,11,85,0,Rockingham Heritage Bank,0,0,0
19990224,31899,RKNG',OTC,11,11,0,0,Rockingham Heritage Bank,0,0,0
19990225,31899,RKNG',OTC,11,11,0,0,Rockingham Heritage Bank,0,0,0
19990226,31899,RKNG',OTC,10.625,10.625,5,0,Rockingham Heritage Bank,0,0,0
19990301,31899,RKNG',OTC,10.625,10.625,0,0,Rockingham Heritage Bank,0,0,0
19990302,31899,RKNG',OTC,11,11,10,0,Rockingham Heritage Bank,0,0,0
19990303,31899,RKNG',OTC,11,11,0,0,Rockingham Heritage Bank,0,0,0
19990304,31899,RKNG',OTC,11,11,0,0,Rockingham Heritage Bank,0,0,0
19990305,31899,RKNG',OTC,11,11,17,0,Rockingham Heritage Bank,0,0,0
19990308,31899,RKNG',OTC,11,11,0,0,Rockingham Heritage Bank,0,0,0
19990309,31899,RKNG',OTC,11,11,18,0,Rockingham Heritage Bank,0,0,0
19990310,31899,RKNG',OTC,10.5,10.5,5,0,Rockingham Heritage Bank,0,0,0
19990311,31899,RKNG',OTC,10.5,10.5,0,0,Rockingham Heritage Bank,0,0,0
19990312,31899,RKNG',OTC,10.5,10.5,0,0,Rockingham Heritage Bank,0,0,0
19990315,31899,RKNG',OTC,10.5,10.5,0,0,Rockingham Heritage Bank,0,0,0
19990316,31899,RKNG',OTC,10.5,10.5,0,0,Rockingham Heritage Bank,0,0,0
19990317,31899,RKNG',OTC,10.5,10.5,0,0,Rockingham Heritage Bank,0,0,0
19990318,31899,RKNG',OTC,10.5,10.5,0,0,Rockingham Heritage Bank,0,0,0
19990319,31899,RKNG',OTC,10.5,10.5,0,0,Rockingham Heritage Bank,0,0,0
19990322,31899,RKNG',OTC,10.5,10.5,0,0,Rockingham Heritage Bank,0,0,0
19990323,31899,RKNG',OTC,10.5,10.5,0,0,Rockingham Heritage Bank,0,0,0
19990324,31899,RKNG',OTC,10,10,5,0,Rockingham Heritage Bank,0,0,0
19990325,31899,RKNG',OTC,10,10,7,0,Rockingham Heritage Bank,0,0,0
19990326,31899,RKNG',OTC,10,10,0,0,Rockingham Heritage Bank,0,0,0
19990329,31899,RKNG',OTC,10,10,0,0,Rockingham Heritage Bank,0,0,0
19990330,31899,RKNG',OTC,10,10,0,0,Rockingham Heritage Bank,0,0,0
19990331,31899,RKNG',OTC,10,10,0,0,Rockingham Heritage Bank,0,0,0
19990401,31899,RKNG',OTC,10,10,0,0,Rockingham Heritage Bank,0,0,0
19990405,31899,RKNG',OTC,10.5,10.5,44,0,Rockingham Heritage Bank,0,0,0
19990406,31899,RKNG',OTC,10.5,10.5,0,0,Rockingham Heritage Bank,0,0,0
19990407,31899,RKNG',OTC,10.5,10.5,0,0,Rockingham Heritage Bank,0,0,0
19990408,31899,RKNG',OTC,10.5,10.5,0,0,Rockingham Heritage Bank,0,0,0
19990409,31899,RKNG',OTC,10.5,10.5,6,0,Rockingham Heritage Bank,0,0,0
19990412,31899,RKNG',OTC,10.5,10.5,7,0,Rockingham Heritage Bank,0,0,0
19990413,31899,RKNG',OTC,10.5,10.5,0,0,Rockingham Heritage Bank,0,0,0
19990414,31899,RKNG',OTC,10.5,10.5,0,0,Rockingham Heritage Bank,0,0,0
19990415,31899,RKNG',OTC,10.5,10.5,0,0,Rockingham Heritage Bank,0,0,0
19990416,31899,RKNG',OTC,10.5,10.5,0,0,Rockingham Heritage Bank,0,0,0
19990419,31899,RKNG',OTC,10.5,10.5,0,0,Rockingham Heritage Bank,0,0,0
19990420,31899,RKNG',OTC,10.5,10.5,0,0,Rockingham Heritage Bank,0,0,0
19990421,31899,RKNG',OTC,10.5,10.5,0,0,Rockingham Heritage Bank,0,0,0
19990422,31899,RKNG',OTC,10,10,6,0,Rockingham Heritage Bank,0,0,0
19990423,31899,RKNG',OTC,10,10,0,0,Rockingham Heritage Bank,0,0,0
19990426,31899,RKNG',OTC,10,10,0,0,Rockingham Heritage Bank,0,0,0
19990427,31899,RKNG',OTC,10,10,0,0,Rockingham Heritage Bank,0,0,0
19990428,31899,RKNG',OTC,10,10,0,0,Rockingham Heritage Bank,0,0,0
19990429,31899,RKNG',OTC,10.25,10.25,21,0,Rockingham Heritage Bank,0,0,0
19990430,31899,RKNG',OTC,9.375,9.375,6,0,Rockingham Heritage Bank,0,0,0
19990503,31899,RKNG',OTC,9.375,9.375,0,0,Rockingham Heritage Bank,0,0,0
19990504,31899,RKNG',OTC,9.375,9.375,0,0,Rockingham Heritage Bank,0,0,0
19990505,31899,RKNG',OTC,9.375,9.375,0,0,Rockingham Heritage Bank,0,0,0
19990506,31899,RKNG',OTC,9.375,9.375,0,0,Rockingham Heritage Bank,0,0,0
19990507,31899,RKNG',OTC,9.375,9.375,0,0,Rockingham Heritage Bank,0,0,0
19990510,31899,RKNG',OTC,9.375,9.375,0,0,Rockingham Heritage Bank,0,0,0
19990511,31899,RKNG',OTC,9.375,9.375,0,0,Rockingham Heritage Bank,0,0,0
19990512,31899,RKNG',OTC,9.375,9.375,0,0,Rockingham Heritage Bank,0,0,0
19990513,31899,RKNG',OTC,9.375,9.375,0,0,Rockingham Heritage Bank,0,0,0
19990514,31899,RKNG',OTC,9.375,9.375,0,0,Rockingham Heritage Bank,0,0,0
19990517,31899,RKNG',OTC,10.125,10.125,1,0,Rockingham Heritage Bank,0,0,0
19990518,31899,RKNG',OTC,10.125,10.125,0,0,Rockingham Heritage Bank,0,0,0
19990519,31899,RKNG',OTC,10.125,10.125,0,0,Rockingham Heritage Bank,0,0,0
19990520,31899,RKNG',OTC,10.125,10.125,0,0,Rockingham Heritage Bank,0,0,0
19990521,31899,RKNG',OTC,9.5,9.5,10,0,Rockingham Heritage Bank,0,0,0
19990524,31899,RKNG',OTC,9.5,9.5,0,0,Rockingham Heritage Bank,0,0,0
19990525,31899,RKNG',OTC,9.5,9.5,0,0,Rockingham Heritage Bank,0,0,0
19990526,31899,RKNG',OTC,9.5,9.5,0,0,Rockingham Heritage Bank,0,0,0
19990527,31899,RKNG',OTC,9.5,9.5,0,0,Rockingham Heritage Bank,0,0,0
19990528,31899,RKNG',OTC,9.5,9.5,0,0,Rockingham Heritage Bank,0,0,0
19990601,31899,RKNG',OTC,9.25,9.25,2,0,Rockingham Heritage Bank,0,0,0
19990602,31899,RKNG',OTC,9.375,9.375,188,0,Rockingham Heritage Bank,0,0,0
19990603,31899,RKNG',OTC,9.375,9.375,0,0,Rockingham Heritage Bank,0,0,0
19990604,31899,RKNG',OTC,9.375,9.375,0,0,Rockingham Heritage Bank,0,0,0
19990607,31899,RKNG',OTC,9.375,9.375,0,0,Rockingham Heritage Bank,0,0,0
19990608,31899,RKNG',OTC,9.375,9.375,0,0,Rockingham Heritage Bank,0,0,0
19990609,31899,RKNG',OTC,9.375,9.375,0,0,Rockingham Heritage Bank,0,0,0
19990610,31899,RKNG',OTC,9.375,9.375,0,0,Rockingham Heritage Bank,0,0,0
19990611,31899,RKNG',OTC,9.375,9.375,0,0,Rockingham Heritage Bank,0,0,0
19990614,31899,RKNG',OTC,9.375,9.375,0,0,Rockingham Heritage Bank,0,0,0
19990615,31899,RKNG',OTC,9.375,9.375,0,0,Rockingham Heritage Bank,0,0,0
19990616,31899,RKNG',OTC,9.375,9.375,0,0,Rockingham Heritage Bank,0,0,0
19990617,31899,RKNG',OTC,9.375,9.375,0,0,Rockingham Heritage Bank,0,0,0
19990618,31899,RKNG',OTC,9.375,9.375,0,0,Rockingham Heritage Bank,0,0,0
19990621,31899,RKNG',OTC,9.375,9.375,0,0,Rockingham Heritage Bank,0,0,0
19990622,31899,RKNG',OTC,10,10,4,0,Rockingham Heritage Bank,0,0,0
19990623,31899,RKNG',OTC,10,10,0,0,Rockingham Heritage Bank,0,0,0
19990624,31899,RKNG',OTC,9.25,9.25,2,0,Rockingham Heritage Bank,0,0,0
19990625,31899,RKNG',OTC,9.25,9.25,0,0,Rockingham Heritage Bank,0,0,0
19990628,31899,RKNG',OTC,9.25,9.25,0,0,Rockingham Heritage Bank,0,0,0
19990629,31899,RKNG',OTC,9.25,9.25,0,0,Rockingham Heritage Bank,0,0,0
19990630,31899,RKNG',OTC,9.25,9.25,0,0,Rockingham Heritage Bank,0,0,0
19990701,31899,RKNG',OTC,9.25,9.25,0,0,Rockingham Heritage Bank,0,0,0
19990702,31899,RKNG',OTC,9.25,9.25,0,0,Rockingham Heritage Bank,0,0,0
19990706,31899,RKNG',OTC,9.5,9.5,130,0,Rockingham Heritage Bank,0,0,0
19990707,31899,RKNG',OTC,9.5,9.5,88,0,Rockingham Heritage Bank,0,0,0
19990708,31899,RKNG',OTC,9.5,9.5,4,0,Rockingham Heritage Bank,0,0,0
19990709,31899,RKNG',OTC,9.5,9.5,0,0,Rockingham Heritage Bank,0,0,0
19990712,31899,RKNG',OTC,9.5,9.5,8,0,Rockingham Heritage Bank,0,0,0
19990713,31899,RKNG',OTC,9.5,9.5,0,0,Rockingham Heritage Bank,0,0,0
19990714,31899,RKNG',OTC,9.5,9.5,0,0,Rockingham Heritage Bank,0,0,0
19990715,31899,RKNG',OTC,10.125,10.125,5,0,Rockingham Heritage Bank,0,0,0
19990716,31899,RKNG',OTC,10.125,10.125,0,0,Rockingham Heritage Bank,0,0,0
19990719,31899,RKNG',OTC,10.125,10.125,3,0,Rockingham Heritage Bank,0,0,0
19990720,31899,RKNG',OTC,10.125,10.125,0,0,Rockingham Heritage Bank,0,0,0
19990721,31899,RKNG',OTC,10.125,10.125,2,0,Rockingham Heritage Bank,0,0,0
19990722,31899,RKNG',OTC,10.125,10.125,0,0,Rockingham Heritage Bank,0,0,0
19990723,31899,RKNG',OTC,10.5,10.5,14,0,Rockingham Heritage Bank,0,0,0
19990726,31899,RKNG',OTC,10.5,10.5,0,0,Rockingham Heritage Bank,0,0,0
19990727,31899,RKNG',OTC,10.5,10.5,0,0,Rockingham Heritage Bank,0,0,0
19990728,31899,RKNG',OTC,10.5,10.5,0,0,Rockingham Heritage Bank,0,0,0
19990729,31899,RKNG',OTC,11,11,20,0,Rockingham Heritage Bank,0,0,0
19990730,31899,RKNG',OTC,11,11,0,0,Rockingham Heritage Bank,0,0,0
19990802,31899,RKNG',OTC,11,11,0,0,Rockingham Heritage Bank,0,0,0
19990803,31899,RKNG',OTC,11,11,0,0,Rockingham Heritage Bank,0,0,0
19990804,31899,RKNG',OTC,11,11,0,0,Rockingham Heritage Bank,0,0,0
19990805,31899,RKNG',OTC,11,11,0,0,Rockingham Heritage Bank,0,0,0
19990806,31899,RKNG',OTC,11,11,0,0,Rockingham Heritage Bank,0,0,0
19990809,31899,RKNG',OTC,11,11,0,0,Rockingham Heritage Bank,0,0,0
19990810,31899,RKNG',OTC,11,11,0,0,Rockingham Heritage Bank,0,0,0
19990811,31899,RKNG',OTC,11,11,0,0,Rockingham Heritage Bank,0,0,0
19990812,31899,RKNG',OTC,11,11,0,0,Rockingham Heritage Bank,0,0,0
19990813,31899,RKNG',OTC,11,11,0,0,Rockingham Heritage Bank,0,0,0
19990816,31899,RKNG',OTC,11,11,0,0,Rockingham Heritage Bank,0,0,0
19990817,31899,RKNG',OTC,11,11,0,0,Rockingham Heritage Bank,0,0,0
19990818,31899,RKNG',OTC,11,11,0,0,Rockingham Heritage Bank,0,0,0
19990819,31899,RKNG',OTC,11,11,0,0,Rockingham Heritage Bank,0,0,0
19990820,31899,RKNG',OTC,11,11,0,0,Rockingham Heritage Bank,0,0,0
19990823,31899,RKNG',OTC,11,11,0,0,Rockingham Heritage Bank,0,0,0
19990824,31899,RKNG',OTC,11.5,11.5,17,0,Rockingham Heritage Bank,0,0,0
19990825,31899,RKNG',OTC,11.5,11.5,10,0,Rockingham Heritage Bank,0,0,0
19990826,31899,RKNG',OTC,11.5,11.5,47,0,Rockingham Heritage Bank,0,0,0
19990827,31899,RKNG',OTC,11.5,11.5,0,0,Rockingham Heritage Bank,0,0,0
19990830,31899,RKNG',OTC,11.5,11.5,0,0,Rockingham Heritage Bank,0,0,0
19990831,31899,RKNG',OTC,11.5,11.5,1,0,Rockingham Heritage Bank,0,0,0
19990901,31899,RKNG',OTC,11.5,11.5,0,0,Rockingham Heritage Bank,0,0,0
19990902,31899,RKNG',OTC,11.5,11.5,0,0,Rockingham Heritage Bank,0,0,0
19990903,31899,RKNG',OTC,11.5,11.5,0,0,Rockingham Heritage Bank,0,0,0
19990907,31899,RKNG',OTC,11.5,11.5,0,0,Rockingham Heritage Bank,0,0,0
19990908,31899,RKNG',OTC,11.5,11.5,0,0,Rockingham Heritage Bank,0,0,0
19990909,31899,RKNG',OTC,11.5,11.5,0,0,Rockingham Heritage Bank,0,0,0
19990910,31899,RKNG',OTC,11.5,11.5,0,0,Rockingham Heritage Bank,0,0,0
19990913,31899,RKNG',OTC,10.75,10.75,2,0,Rockingham Heritage Bank,0,0,0
19990914,31899,RKNG',OTC,10.75,10.75,0,0,Rockingham Heritage Bank,0,0,0
19990915,31899,RKNG',OTC,10.75,10.75,0,0,Rockingham Heritage Bank,0,0,0
19990916,31899,RKNG',OTC,11.5,11.5,16,0,Rockingham Heritage Bank,0,0,0
19990917,31899,RKNG',OTC,11.25,11.25,2,0,Rockingham Heritage Bank,0,0,0
19990920,31899,RKNG',OTC,11.25,11.25,0,0,Rockingham Heritage Bank,0,0,0
19990921,31899,RKNG',OTC,10,10,132,0,Rockingham Heritage Bank,0,0,0
19990922,31899,RKNG',OTC,10,10,0,0,Rockingham Heritage Bank,0,0,0
19990923,31899,RKNG',OTC,10,10,0,0,Rockingham Heritage Bank,0,0,0
19990924,31899,RKNG',OTC,9.5,9.5,19,0,Rockingham Heritage Bank,0,0,0
19990927,31899,RKNG',OTC,10,10,10,0,Rockingham Heritage Bank,0,0,0
19990928,31899,RKNG',OTC,10,10,0,0,Rockingham Heritage Bank,0,0,0
19990929,31899,RKNG',OTC,10,10,0,0,Rockingham Heritage Bank,0,0,0
19990930,31899,RKNG',OTC,10,10,0,0,Rockingham Heritage Bank,0,0,0
19991001,31899,RKNG',OTC,10,10,0,0,Rockingham Heritage Bank,0,0,0
19991004,31899,RKNG',OTC,10,10,0,0,Rockingham Heritage Bank,0,0,0
19991005,31899,RKNG',OTC,10,10,0,0,Rockingham Heritage Bank,0,0,0
19991006,31899,RKNG',OTC,9.5,9.5,28,0,Rockingham Heritage Bank,0,0,0
19991007,31899,RKNG',OTC,9.5,9.5,0,0,Rockingham Heritage Bank,0,0,0
19991008,31899,RKNG',OTC,9.5,9.5,0,0,Rockingham Heritage Bank,0,0,0
19991011,31899,RKNG',OTC,9.5,9.5,0,0,Rockingham Heritage Bank,0,0,0
19991012,31899,RKNG',OTC,9.5,9.5,0,0,Rockingham Heritage Bank,0,0,0
19991013,31899,RKNG',OTC,9.5,9.5,0,0,Rockingham Heritage Bank,0,0,0
19991014,31899,RKNG',OTC,9.5,9.5,0,0,Rockingham Heritage Bank,0,0,0
19991015,31899,RKNG',OTC,9.5,9.5,0,0,Rockingham Heritage Bank,0,0,0
19991018,31899,RKNG',OTC,9.5,9.5,0,0,Rockingham Heritage Bank,0,0,0
19991019,31899,RKNG',OTC,9.5,9.5,0,0,Rockingham Heritage Bank,0,0,0
19991020,31899,RKNG',OTC,9.5,9.5,0,0,Rockingham Heritage Bank,0,0,0
19991021,31899,RKNG',OTC,9.75,9.75,4,0,Rockingham Heritage Bank,0,0,0
19991022,31899,RKNG',OTC,9.75,9.75,0,0,Rockingham Heritage Bank,0,0,0
19991025,31899,RKNG',OTC,9.75,9.75,0,0,Rockingham Heritage Bank,0,0,0
19991026,31899,RKNG',OTC,9.6875,9.6875,35,0,Rockingham Heritage Bank,0,0,0
19991027,31899,RKNG',OTC,9.6875,9.6875,0,0,Rockingham Heritage Bank,0,0,0
19991028,31899,RKNG',OTC,9.5625,9.5625,7,0,Rockingham Heritage Bank,0,0,0
19991029,31899,RKNG',OTC,12.0625,12.0625,102,0,Rockingham Heritage Bank,0,0,0
19991101,31899,RKNG',OTC,12.0625,12.0625,0,0,Rockingham Heritage Bank,0,0,0
19991102,31899,RKNG',OTC,12.0625,12.0625,0,0,Rockingham Heritage Bank,0,0,0
19991103,31899,RKNG',OTC,12.0625,12.0625,0,0,Rockingham Heritage Bank,0,0,0
19991104,31899,RKNG',OTC,12.0625,12.0625,0,0,Rockingham Heritage Bank,0,0,0
19991105,31899,RKNG',OTC,12.0625,12.0625,0,0,Rockingham Heritage Bank,0,0,0
19991108,31899,RKNG',OTC,12.0625,12.0625,0,0,Rockingham Heritage Bank,0,0,0
19991109,31899,RKNG',OTC,12.0625,12.0625,0,0,Rockingham Heritage Bank,0,0,0
19991110,31899,RKNG',OTC,12.0625,12.0625,0,0,Rockingham Heritage Bank,0,0,0
19991111,31899,RKNG',OTC,11.625,11.625,35,0,Rockingham Heritage Bank,0,0,0
19991112,31899,RKNG',OTC,12,12,5,0,Rockingham Heritage Bank,0,0,0
19991115,31899,RKNG',OTC,12,12,0,0,Rockingham Heritage Bank,0,0,0
19991116,31899,RKNG',OTC,12,12,0,0,Rockingham Heritage Bank,0,0,0
19991117,31899,RKNG',OTC,12,12,0,0,Rockingham Heritage Bank,0,0,0
19991118,31899,RKNG',OTC,12,12,0,0,Rockingham Heritage Bank,0,0,0
19991119,31899,RKNG',OTC,12,12,0,0,Rockingham Heritage Bank,0,0,0
19991122,31899,RKNG',OTC,12,12,0,0,Rockingham Heritage Bank,0,0,0
19991123,31899,RKNG',OTC,12.25,12.25,1,0,Rockingham Heritage Bank,0,0,0
19991124,31899,RKNG',OTC,11.5,11.5,5,0,Rockingham Heritage Bank,0,0,0
19991126,31899,RKNG',OTC,11.5,11.5,0,0,Rockingham Heritage Bank,0,0,0
19991129,31899,RKNG',OTC,10,10,1,0,Rockingham Heritage Bank,0,0,0
19991130,31899,RKNG',OTC,10,10,0,0,Rockingham Heritage Bank,0,0,0
19991201,31899,RKNG',OTC,10,10,0,0,Rockingham Heritage Bank,0,0,0
19991202,31899,RKNG',OTC,10,10,0,0,Rockingham Heritage Bank,0,0,0
19991203,31899,RKNG',OTC,10,10,0,0,Rockingham Heritage Bank,0,0,0
19991206,31899,RKNG',OTC,10,10,3,0,Rockingham Heritage Bank,0,0,0
19991207,31899,RKNG',OTC,10,10,0,0,Rockingham Heritage Bank,0,0,0
19991208,31899,RKNG',OTC,10,10,0,0,Rockingham Heritage Bank,0,0,0
19991209,31899,RKNG',OTC,10.5,10.5,9,0,Rockingham Heritage Bank,0,0,0
19991210,31899,RKNG',OTC,10.5,10.5,0,0,Rockingham Heritage Bank,0,0,0
19991213,31899,RKNG',OTC,10.5,10.5,0,0,Rockingham Heritage Bank,0,0,0
19991214,31899,RKNG',OTC,10.5,10.5,0,0,Rockingham Heritage Bank,0,0,0
19991215,31899,RKNG',OTC,10.5,10.5,0,0,Rockingham Heritage Bank,0,0,0
19991216,31899,RKNG',OTC,10.5,10.5,2,0,Rockingham Heritage Bank,0,0,0
19991217,31899,RKNG',OTC,10.5,10.5,0,0,Rockingham Heritage Bank,0,0,0
19991220,31899,RKNG',OTC,10.75,10.75,2,0,Rockingham Heritage Bank,0,0,0
19991221,31899,RKNG',OTC,10.75,10.75,0,0,Rockingham Heritage Bank,0,0,0
19991222,31899,RKNG',OTC,10.5,10.5,4,0,Rockingham Heritage Bank,0,0,0
19991223,31899,RKNG',OTC,10.5,10.5,0,0,Rockingham Heritage Bank,0,0,0
19991227,31899,RKNG',OTC,10.5,10.5,4,0,Rockingham Heritage Bank,0,0,0
19991228,31899,RKNG',OTC,10.5,10.5,0,0,Rockingham Heritage Bank,0,0,0
19991229,31899,RKNG',OTC,10.5,10.5,0,0,Rockingham Heritage Bank,0,0,0
19991230,31899,RKNG',OTC,10.5,10.5,5,0,Rockingham Heritage Bank,0,0,0
19991231,31899,RKNG',OTC,11,11,37,0,Rockingham Heritage Bank,0,0,0
20000103,31899,RKNG',OTC,10.625,10.625,5,0,Rockingham Heritage Bank,0,0,0
20000104,31899,RKNG',OTC,10.625,10.625,0,0,Rockingham Heritage Bank,0,0,0
20000105,31899,RKNG',OTC,11,11,1,0,Rockingham Heritage Bank,0,0,0
20000106,31899,RKNG',OTC,10.4375,10.4375,103,0,Rockingham Heritage Bank,0,0,0
20000107,31899,RKNG',OTC,10.4375,10.4375,0,0,Rockingham Heritage Bank,0,0,0
20000110,31899,RKNG',OTC,10.5,10.5,12,0,Rockingham Heritage Bank,0,0,0
20000111,31899,RKNG',OTC,10.5,10.5,0,0,Rockingham Heritage Bank,0,0,0
20000112,31899,RKNG',OTC,10.5,10.5,0,0,Rockingham Heritage Bank,0,0,0
20000113,31899,RKNG',OTC,10.5,10.5,0,0,Rockingham Heritage Bank,0,0,0
20000114,31899,RKNG',OTC,10.5,10.5,0,0,Rockingham Heritage Bank,0,0,0
20000118,31899,RKNG',OTC,10,10,9,0,Rockingham Heritage Bank,0,0,0
20000119,31899,RKNG',OTC,10,10,0,0,Rockingham Heritage Bank,0,0,0
20000120,31899,RKNG',OTC,10,10,0,0,Rockingham Heritage Bank,0,0,0
20000121,31899,RKNG',OTC,10,10,0,0,Rockingham Heritage Bank,0,0,0
20000124,31899,RKNG',OTC,10,10,6,0,Rockingham Heritage Bank,0,0,0
20000125,31899,RKNG',OTC,10,10,0,0,Rockingham Heritage Bank,0,0,0
20000126,31899,RKNG',OTC,10,10,0,0,Rockingham Heritage Bank,0,0,0
20000127,31899,RKNG',OTC,10,10,0,0,Rockingham Heritage Bank,0,0,0
20000128,31899,RKNG',OTC,10,10,0,0,Rockingham Heritage Bank,0,0,0
20000131,31899,RKNG',OTC,10,10,4,0,Rockingham Heritage Bank,0,0,0
20000201,31899,RKNG',OTC,9.515625,9.515625,0,0,Rockingham Heritage Bank,0,0,0
20000202,31899,RKNG',OTC,9.515625,9.515625,0,0,Rockingham Heritage Bank,0,0,0
20000203,31899,RKNG',OTC,9.515625,9.515625,0,0,Rockingham Heritage Bank,0,0,0
20000204,31899,RKNG',OTC,9.515625,9.515625,0,0,Rockingham Heritage Bank,0,0,0
20000207,31899,RKNG',OTC,9.515625,9.515625,0,0,Rockingham Heritage Bank,0,0,0
20000208,31899,RKNG',OTC,9.515625,9.515625,0,0,Rockingham Heritage Bank,0,0,0
20000209,31899,RKNG',OTC,9.515625,9.515625,0,0,Rockingham Heritage Bank,0,0,0
20000210,31899,RKNG',OTC,9.515625,9.515625,0,0,Rockingham Heritage Bank,0,0,0
20000211,31899,RKNG',OTC,9.515625,9.515625,0,0,Rockingham Heritage Bank,0,0,0
20000214,31899,RKNG',OTC,9.515625,9.515625,0,0,Rockingham Heritage Bank,0,0,0
20000215,31899,RKNG',OTC,9.515625,9.515625,0,0,Rockingham Heritage Bank,0,0,0
20000216,31899,RKNG',OTC,9.515625,9.515625,0,0,Rockingham Heritage Bank,0,0,0
20000217,31899,RKNG',OTC,9.515625,9.515625,0,0,Rockingham Heritage Bank,0,0,0
20000218,31899,RKNG',OTC,9.515625,9.515625,0,0,Rockingham Heritage Bank,0,0,0
20000222,31899,RKNG',OTC,9.515625,9.515625,0,0,Rockingham Heritage Bank,0,0,0
20000223,31899,RKNG',OTC,9.515625,9.515625,0,0,Rockingham Heritage Bank,0,0,0
20000224,31899,RKNG',OTC,9.5,9.5,25,0,Rockingham Heritage Bank,0,0,0
20000225,31899,RKNG',OTC,9.625,9.625,1,0,Rockingham Heritage Bank,0,0,0
20000228,31899,RKNG',OTC,9.625,9.625,0,0,Rockingham Heritage Bank,0,0,0
20000229,31899,RKNG',OTC,9,9,20,0,Rockingham Heritage Bank,0,0,0
20000301,31899,RKNG',OTC,9.0625,9.0625,10,0,Rockingham Heritage Bank,0,0,0
20000302,31899,RKNG',OTC,9.0625,9.0625,0,0,Rockingham Heritage Bank,0,0,0
20000303,31899,RKNG',OTC,9.0625,9.0625,0,0,Rockingham Heritage Bank,0,0,0
20000306,31899,RKNG',OTC,9.0625,9.0625,0,0,Rockingham Heritage Bank,0,0,0
20000307,31899,RKNG',OTC,9.0625,9.0625,0,0,Rockingham Heritage Bank,0,0,0
20000308,31899,RKNG',OTC,9.0625,9.0625,0,0,Rockingham Heritage Bank,0,0,0
20000309,31899,RKNG',OTC,9.0625,9.0625,0,0,Rockingham Heritage Bank,0,0,0
20000310,31899,RKNG',OTC,9.0625,9.0625,0,0,Rockingham Heritage Bank,0,0,0
20000313,31899,RKNG',OTC,9.5,9.5,3,0,Rockingham Heritage Bank,0,0,0
20000314,31899,RKNG',OTC,9.5,9.5,0,0,Rockingham Heritage Bank,0,0,0
20000315,31899,RKNG',OTC,9.875,9.875,2,0,Rockingham Heritage Bank,0,0,0
20000316,31899,RKNG',OTC,9.875,9.875,0,0,Rockingham Heritage Bank,0,0,0
20000317,31899,RKNG',OTC,9.875,9.875,0,0,Rockingham Heritage Bank,0,0,0
20000320,31899,RKNG',OTC,9.875,9.875,0,0,Rockingham Heritage Bank,0,0,0
20000321,31899,RKNG',OTC,9.25,9.25,9,0,Rockingham Heritage Bank,0,0,0
20000322,31899,RKNG',OTC,9.25,9.25,12,0,Rockingham Heritage Bank,0,0,0
20000323,31899,RKNG',OTC,9,9,9,0,Rockingham Heritage Bank,0,0,0
20000324,31899,RKNG',OTC,9.5,9.5,10,0,Rockingham Heritage Bank,0,0,0
20000327,31899,RKNG',OTC,8,8,6,0,Rockingham Heritage Bank,0,0,0
20000328,31899,RKNG',OTC,8,8,5,0,Rockingham Heritage Bank,0,0,0
20000329,31899,RKNG',OTC,9,9,40,0,Rockingham Heritage Bank,0,0,0
20000330,31899,RKNG',OTC,8.625,8.625,22,0,Rockingham Heritage Bank,0,0,0
20000331,31899,RKNG',OTC,8.625,8.625,24,0,Rockingham Heritage Bank,0,0,0
20000403,31899,RKNG',OTC,8.5,8.5,5,0,Rockingham Heritage Bank,0,0,0
20000404,31899,RKNG',OTC,8.5,8.5,0,0,Rockingham Heritage Bank,0,0,0
20000405,31899,RKNG',OTC,8.5,8.5,0,0,Rockingham Heritage Bank,0,0,0
20000406,31899,RKNG',OTC,8.5,8.5,0,0,Rockingham Heritage Bank,0,0,0
20000407,31899,RKNG',OTC,8.25,8.25,6,0,Rockingham Heritage Bank,0,0,0
20000410,31899,RKNG',OTC,9.5,9.5,60,0,Rockingham Heritage Bank,0,0,0
20000411,31899,RKNG',OTC,9.5,9.5,0,0,Rockingham Heritage Bank,0,0,0
20000412,31899,RKNG',OTC,9.5,9.5,0,0,Rockingham Heritage Bank,0,0,0
20000413,31899,RKNG',OTC,9.5,9.5,0,0,Rockingham Heritage Bank,0,0,0
20000414,31899,RKNG',OTC,9.5,9.5,0,0,Rockingham Heritage Bank,0,0,0
20000417,31899,RKNG',OTC,9.5,9.5,0,0,Rockingham Heritage Bank,0,0,0
20000418,31899,RKNG',OTC,9.5,9.5,0,0,Rockingham Heritage Bank,0,0,0
20000419,31899,RKNG',OTC,9.5,9.5,0,0,Rockingham Heritage Bank,0,0,0
20000420,31899,RKNG',OTC,9.5,9.5,0,0,Rockingham Heritage Bank,0,0,0
20000424,31899,RKNG',OTC,9.5,9.5,0,0,Rockingham Heritage Bank,0,0,0
20000425,31899,RKNG',OTC,9.5,9.5,0,0,Rockingham Heritage Bank,0,0,0
20000426,31899,RKNG',OTC,9.5,9.5,0,0,Rockingham Heritage Bank,0,0,0
20000427,31899,RKNG',OTC,9.5,9.5,0,0,Rockingham Heritage Bank,0,0,0
20000428,31899,RKNG',OTC,9.5,9.5,2,0,Rockingham Heritage Bank,0,0,0
20000501,31899,RKNG',OTC,9.5,9.5,0,0,Rockingham Heritage Bank,0,0,0
20000502,31899,RKNG',OTC,9.5,9.5,0,0,Rockingham Heritage Bank,0,0,0
20000503,31899,RKNG',OTC,9.5,9.5,28,0,Rockingham Heritage Bank,0,0,0
20000504,31899,RKNG',OTC,9.5,9.5,0,0,Rockingham Heritage Bank,0,0,0
20000505,31899,RKNG',OTC,9.5,9.5,0,0,Rockingham Heritage Bank,0,0,0
20000508,31899,RKNG',OTC,9,9,26,0,Rockingham Heritage Bank,0,0,0
20000509,31899,RKNG',OTC,9,9,4,0,Rockingham Heritage Bank,0,0,0
20000510,31899,RKNG',OTC,9,9,42,0,Rockingham Heritage Bank,0,0,0
20000511,31899,RKNG',OTC,9,9,8,0,Rockingham Heritage Bank,0,0,0
20000512,31899,RKNG',OTC,9,9,0,0,Rockingham Heritage Bank,0,0,0
20000515,31899,RKNG',OTC,9,9,0,0,Rockingham Heritage Bank,0,0,0
20000516,31899,RKNG',OTC,9,9,18,0,Rockingham Heritage Bank,0,0,0
20000517,31899,RKNG',OTC,8.75,8.75,2,0,Rockingham Heritage Bank,0,0,0
20000518,31899,RKNG',OTC,8.75,8.75,0,0,Rockingham Heritage Bank,0,0,0
20000519,31899,RKNG',OTC,8.75,8.75,0,0,Rockingham Heritage Bank,0,0,0
20000522,31899,RKNG',OTC,8.75,8.75,0,0,Rockingham Heritage Bank,0,0,0
20000523,31899,RKNG',OTC,8.75,8.75,0,0,Rockingham Heritage Bank,0,0,0
20000524,31899,RKNG',OTC,8.75,8.75,0,0,Rockingham Heritage Bank,0,0,0
20000525,31899,RKNG',OTC,8.75,8.75,0,0,Rockingham Heritage Bank,0,0,0
20000526,31899,RKNG',OTC,9.5,9.5,7,0,Rockingham Heritage Bank,0,0,0
20000530,31899,RKNG',OTC,9.5,9.5,0,0,Rockingham Heritage Bank,0,0,0
20000531,31899,RKNG',OTC,9.5,9.5,0,0,Rockingham Heritage Bank,0,0,0
20000601,31899,RKNG',OTC,9.5,9.5,0,0,Rockingham Heritage Bank,0,0,0
20000602,31899,RKNG',OTC,9.5,9.5,0,0,Rockingham Heritage Bank,0,0,0
20000605,31899,RKNG',OTC,9.5,9.5,0,0,Rockingham Heritage Bank,0,0,0
20000606,31899,RKNG',OTC,9.5,9.5,0,0,Rockingham Heritage Bank,0,0,0
20000607,31899,RKNG',OTC,9.5,9.5,0,0,Rockingham Heritage Bank,0,0,0
20000608,31899,RKNG',OTC,9.5,9.5,0,0,Rockingham Heritage Bank,0,0,0
20000609,31899,RKNG',OTC,9.5,9.5,0,0,Rockingham Heritage Bank,0,0,0
20000612,31899,RKNG',OTC,9.5,9.5,0,0,Rockingham Heritage Bank,0,0,0
20000613,31899,RKNG',OTC,9.5,9.5,0,0,Rockingham Heritage Bank,0,0,0
20000614,31899,RKNG',OTC,8.5,8.5,11,0,Rockingham Heritage Bank,0,0,0
20000615,31899,RKNG',OTC,8.5,8.5,0,0,Rockingham Heritage Bank,0,0,0
20000616,31899,RKNG',OTC,8.5,8.5,0,0,Rockingham Heritage Bank,0,0,0
20000619,31899,RKNG',OTC,8,8,20,0,Rockingham Heritage Bank,0,0,0
20000620,31899,RKNG',OTC,8.25,8.25,19,0,Rockingham Heritage Bank,0,0,0
20000621,31899,RKNG',OTC,8,8,18,0,Rockingham Heritage Bank,0,0,0
20000622,31899,RKNG',OTC,9,9,10,0,Rockingham Heritage Bank,0,0,0
20000623,31899,RKNG',OTC,9,9,0,0,Rockingham Heritage Bank,0,0,0
20000626,31899,RKNG',OTC,9,9,0,0,Rockingham Heritage Bank,0,0,0
20000627,31899,RKNG',OTC,8.25,8.25,1,0,Rockingham Heritage Bank,0,0,0
20000628,31899,RKNG',OTC,8.25,8.25,0,0,Rockingham Heritage Bank,0,0,0
20000629,31899,RKNG',OTC,8.125,8.125,11,0,Rockingham Heritage Bank,0,0,0
20000630,31899,RKNG',OTC,8.125,8.125,0,0,Rockingham Heritage Bank,0,0,0
20000703,31899,RKNG',OTC,8.125,8.125,0,0,Rockingham Heritage Bank,0,0,0
20000705,31899,RKNG',OTC,8.125,8.125,0,0,Rockingham Heritage Bank,0,0,0
20000706,31899,RKNG',OTC,7.75,7.75,19,0,Rockingham Heritage Bank,0,0,0
20000707,31899,RKNG',OTC,7.75,7.75,0,0,Rockingham Heritage Bank,0,0,0
20000710,31899,RKNG',OTC,7.625,7.625,20,0,Rockingham Heritage Bank,0,0,0
20000711,31899,RKNG',OTC,7.875,7.875,63,0,Rockingham Heritage Bank,0,0,0
20000712,31899,RKNG',OTC,7.875,7.875,0,0,Rockingham Heritage Bank,0,0,0
20000713,31899,RKNG',OTC,7.875,7.875,2,0,Rockingham Heritage Bank,0,0,0
20000714,31899,RKNG',OTC,7.875,7.875,0,0,Rockingham Heritage Bank,0,0,0
20000717,31899,RKNG',OTC,8.25,8.25,2,0,Rockingham Heritage Bank,0,0,0
20000718,31899,RKNG',OTC,8.25,8.25,0,0,Rockingham Heritage Bank,0,0,0
20000719,31899,RKNG',OTC,8.25,8.25,0,0,Rockingham Heritage Bank,0,0,0
20000720,31899,RKNG',OTC,8.25,8.25,0,0,Rockingham Heritage Bank,0,0,0
20000721,31899,RKNG',OTC,8,8,20,0,Rockingham Heritage Bank,0,0,0
20000724,31899,RKNG',OTC,8.0625,8.0625,20,0,Rockingham Heritage Bank,0,0,0
20000725,31899,RKNG',OTC,8.125,8.125,24,0,Rockingham Heritage Bank,0,0,0
20000726,31899,RKNG',OTC,8.0625,8.0625,8,0,Rockingham Heritage Bank,0,0,0
20000727,31899,RKNG',OTC,8.0625,8.0625,0,0,Rockingham Heritage Bank,0,0,0
20000728,31899,RKNG',OTC,8.0625,8.0625,0,0,Rockingham Heritage Bank,0,0,0
20000731,31899,RKNG',OTC,8.0625,8.0625,0,0,Rockingham Heritage Bank,0,0,0
20000801,31899,RKNG',OTC,8.0625,8.0625,0,0,Rockingham Heritage Bank,0,0,0
20000802,31899,RKNG',OTC,8.0625,8.0625,0,0,Rockingham Heritage Bank,0,0,0
20000803,31899,RKNG',OTC,8.0625,8.0625,0,0,Rockingham Heritage Bank,0,0,0
20000804,31899,RKNG',OTC,8.0625,8.0625,0,0,Rockingham Heritage Bank,0,0,0
20000807,31899,RKNG',OTC,8.0625,8.0625,0,0,Rockingham Heritage Bank,0,0,0
20000808,31899,RKNG',OTC,9,9,2,0,Rockingham Heritage Bank,0,0,0
20000809,31899,RKNG',OTC,8.4375,8.4375,15,0,Rockingham Heritage Bank,0,0,0
20000810,31899,RKNG',OTC,8.203125,8.203125,37,0,Rockingham Heritage Bank,0,0,0
20000811,31899,RKNG',OTC,8.5,8.5,3,0,Rockingham Heritage Bank,0,0,0
20000814,31899,RKNG',OTC,8.25,8.25,32,0,Rockingham Heritage Bank,0,0,0
20000815,31899,RKNG',OTC,8.1875,8.1875,8,0,Rockingham Heritage Bank,0,0,0
20000816,31899,RKNG',OTC,8.1875,8.1875,2,0,Rockingham Heritage Bank,0,0,0
20000817,31899,RKNG',OTC,8.1875,8.1875,219,0,Rockingham Heritage Bank,0,0,0
20000818,31899,RKNG',OTC,8.1875,8.1875,0,0,Rockingham Heritage Bank,0,0,0
20000821,31899,RKNG',OTC,8.1875,8.1875,0,0,Rockingham Heritage Bank,0,0,0
20000822,31899,RKNG',OTC,8.25,8.25,2,0,Rockingham Heritage Bank,0,0,0
20000823,31899,RKNG',OTC,8.25,8.25,0,0,Rockingham Heritage Bank,0,0,0
20000824,31899,RKNG',OTC,8.25,8.25,0,0,Rockingham Heritage Bank,0,0,0
20000825,31899,RKNG',OTC,8.25,8.25,0,0,Rockingham Heritage Bank,0,0,0
20000828,31899,RKNG',OTC,8.25,8.25,0,0,Rockingham Heritage Bank,0,0,0
20000829,31899,RKNG',OTC,8.25,8.25,0,0,Rockingham Heritage Bank,0,0,0
20000830,31899,RKNG',OTC,8.25,8.25,0,0,Rockingham Heritage Bank,0,0,0
20000831,31899,RKNG',OTC,8.25,8.25,0,0,Rockingham Heritage Bank,0,0,0
20000901,31899,RKNG',OTC,8.25,8.25,0,0,Rockingham Heritage Bank,0,0,0
20000905,31899,RKNG',OTC,8.25,8.25,0,0,Rockingham Heritage Bank,0,0,0
20000906,31899,RKNG',OTC,8.25,8.25,0,0,Rockingham Heritage Bank,0,0,0
20000907,31899,RKNG',OTC,8.25,8.25,0,0,Rockingham Heritage Bank,0,0,0
20000908,31899,RKNG',OTC,8.25,8.25,0,0,Rockingham Heritage Bank,0,0,0
20000911,31899,RKNG',OTC,8.25,8.25,0,0,Rockingham Heritage Bank,0,0,0
20000912,31899,RKNG',OTC,8.25,8.25,0,0,Rockingham Heritage Bank,0,0,0
20000913,31899,RKNG',OTC,8.875,8.875,11,0,Rockingham Heritage Bank,0,0,0
20000914,31899,RKNG',OTC,9.875,9.875,32,0,Rockingham Heritage Bank,0,0,0
20000915,31899,RKNG',OTC,8.875,8.875,44,0,Rockingham Heritage Bank,0,0,0
20000918,31899,RKNG',OTC,9.375,9.375,1,0,Rockingham Heritage Bank,0,0,0
20000919,31899,RKNG',OTC,9.375,9.375,0,0,Rockingham Heritage Bank,0,0,0
20000920,31899,RKNG',OTC,9.375,9.375,0,0,Rockingham Heritage Bank,0,0,0
20000921,31899,RKNG',OTC,8.875,8.875,7,0,Rockingham Heritage Bank,0,0,0
20000922,31899,RKNG',OTC,8.875,8.875,0,0,Rockingham Heritage Bank,0,0,0
20000925,31899,RKNG',OTC,8.75,8.75,4,0,Rockingham Heritage Bank,0,0,0
20000926,31899,RKNG',OTC,9,9,15,0,Rockingham Heritage Bank,0,0,0
20000927,31899,RKNG',OTC,8.625,8.625,1,0,Rockingham Heritage Bank,0,0,0
20000928,31899,RKNG',OTC,8.75,8.75,152,0,Rockingham Heritage Bank,0,0,0
20000929,31899,RKNG',OTC,8.75,8.75,0,0,Rockingham Heritage Bank,0,0,0
20001002,31899,RKNG',OTC,8.625,8.625,8,0,Rockingham Heritage Bank,0,0,0
20001003,31899,RKNG',OTC,8.625,8.625,0,0,Rockingham Heritage Bank,0,0,0
20001004,31899,RKNG',OTC,8.625,8.625,154,0,Rockingham Heritage Bank,0,0,0
20001005,31899,RKNG',OTC,8.625,8.625,0,0,Rockingham Heritage Bank,0,0,0
20001006,31899,RKNG',OTC,8.625,8.625,0,0,Rockingham Heritage Bank,0,0,0
20001009,31899,RKNG',OTC,8,8,8,0,Rockingham Heritage Bank,0,0,0
20001010,31899,RKNG',OTC,8,8,0,0,Rockingham Heritage Bank,0,0,0
20001011,31899,RKNG',OTC,7.75,7.75,45,0,Rockingham Heritage Bank,0,0,0
20001012,31899,RKNG',OTC,7.75,7.75,0,0,Rockingham Heritage Bank,0,0,0
20001013,31899,RKNG',OTC,7.75,7.75,0,0,Rockingham Heritage Bank,0,0,0
20001016,31899,RKNG',OTC,7.75,7.75,0,0,Rockingham Heritage Bank,0,0,0
20001017,31899,RKNG',OTC,7.75,7.75,0,0,Rockingham Heritage Bank,0,0,0
20001018,31899,RKNG',OTC,7.75,7.75,0,0,Rockingham Heritage Bank,0,0,0
20001019,31899,RKNG',OTC,7.5,7.5,133,0,Rockingham Heritage Bank,0,0,0
20001020,31899,RKNG',OTC,7.5,7.5,22,0,Rockingham Heritage Bank,0,0,0
20001023,31899,RKNG',OTC,7.5,7.5,0,0,Rockingham Heritage Bank,0,0,0
20001024,31899,RKNG',OTC,7.5,7.5,0,0,Rockingham Heritage Bank,0,0,0
20001025,31899,RKNG',OTC,7.5,7.5,0,0,Rockingham Heritage Bank,0,0,0
20001026,31899,RKNG',OTC,7.5,7.5,0,0,Rockingham Heritage Bank,0,0,0
20001027,31899,RKNG',OTC,7.4375,7.4375,49,0,Rockingham Heritage Bank,0,0,0
20001030,31899,RKNG',OTC,7.4375,7.4375,0,0,Rockingham Heritage Bank,0,0,0
20001031,31899,RKNG',OTC,7.53125,7.53125,395,0,Rockingham Heritage Bank,0,0,0
20001101,31899,RKNG',OTC,7.53125,7.53125,0,0,Rockingham Heritage Bank,0,0,0
20001102,31899,RKNG',OTC,7.5,7.5,33,0,Rockingham Heritage Bank,0,0,0
20001103,31899,RKNG',OTC,7.5,7.5,0,0,Rockingham Heritage Bank,0,0,0
20001106,31899,RKNG',OTC,7.5,7.5,0,0,Rockingham Heritage Bank,0,0,0
20001107,31899,RKNG',OTC,7.5,7.5,5,0,Rockingham Heritage Bank,0,0,0
20001108,31899,RKNG',OTC,7.5,7.5,0,0,Rockingham Heritage Bank,0,0,0
20001109,31899,RKNG',OTC,7.75,7.75,21,0,Rockingham Heritage Bank,0,0,0
20001110,31899,RKNG',OTC,7.75,7.75,0,0,Rockingham Heritage Bank,0,0,0
20001113,31899,RKNG',OTC,7.75,7.75,0,0,Rockingham Heritage Bank,0,0,0
20001114,31899,RKNG',OTC,7.75,7.75,0,0,Rockingham Heritage Bank,0,0,0
20001115,31899,RKNG',OTC,7.75,7.75,62,0,Rockingham Heritage Bank,0,0,0
20001116,31899,RKNG',OTC,7.75,7.75,0,0,Rockingham Heritage Bank,0,0,0
20001117,31899,RKNG',OTC,7.75,7.75,1,0,Rockingham Heritage Bank,0,0,0
20001120,31899,RKNG',OTC,7.75,7.75,0,0,Rockingham Heritage Bank,0,0,0
