DDate,CSINumber,Symbol,Exchange,DClose,UnAdjustedClose,TotalVolume,Cash,MarketName,PTB,PSR,DPS
19971027,33022,OSIXE',OTC,14.875,14.875,6894,0,Outsource Intl Inc,0,0,0
19971028,33022,OSIXE',OTC,15.25,15.25,7230,0,Outsource Intl Inc,0,0,0
19971029,33022,OSIXE',OTC,15.5,15.5,3192,0,Outsource Intl Inc,0,0,0
19971030,33022,OSIXE',OTC,14.75,14.75,1227,0,Outsource Intl Inc,0,0,0
19971031,33022,OSIXE',OTC,15.125,15.125,883,0,Outsource Intl Inc,0,0,0
19971103,33022,OSIXE',OTC,15.125,15.125,1779,0,Outsource Intl Inc,0,0,0
19971104,33022,OSIXE',OTC,15.0625,15.0625,732,0,Outsource Intl Inc,0,0,0
19971105,33022,OSIXE',OTC,15.25,15.25,1250,0,Outsource Intl Inc,0,0,0
19971106,33022,OSIXE',OTC,15.125,15.125,1357,0,Outsource Intl Inc,0,0,0
19971107,33022,OSIXE',OTC,15,15,1982,0,Outsource Intl Inc,0,0,0
19971110,33022,OSIXE',OTC,14.8125,14.8125,517,0,Outsource Intl Inc,0,0,0
19971111,33022,OSIXE',OTC,14.375,14.375,1764,0,Outsource Intl Inc,0,0,0
19971112,33022,OSIXE',OTC,13,13,911,0,Outsource Intl Inc,0,0,0
19971113,33022,OSIXE',OTC,13.5,13.5,1690,0,Outsource Intl Inc,0,0,0
19971114,33022,OSIXE',OTC,13.375,13.375,559,0,Outsource Intl Inc,0,0,0
19971117,33022,OSIXE',OTC,14,14,9488,0,Outsource Intl Inc,0,0,0
19971118,33022,OSIXE',OTC,13.25,13.25,643,0,Outsource Intl Inc,0,0,0
19971119,33022,OSIXE',OTC,13.625,13.625,1475,0,Outsource Intl Inc,0,0,0
19971120,33022,OSIXE',OTC,14.125,14.125,1083,0,Outsource Intl Inc,0,0,0
19971121,33022,OSIXE',OTC,14.625,14.625,1840,0,Outsource Intl Inc,0,0,0
19971124,33022,OSIXE',OTC,14.25,14.25,710,0,Outsource Intl Inc,0,0,0
19971125,33022,OSIXE',OTC,13.375,13.375,1667,0,Outsource Intl Inc,0,0,0
19971126,33022,OSIXE',OTC,13.5,13.5,209,0,Outsource Intl Inc,0,0,0
19971128,33022,OSIXE',OTC,13.375,13.375,78,0,Outsource Intl Inc,0,0,0
19971201,33022,OSIXE',OTC,13.25,13.25,236,0,Outsource Intl Inc,0,0,0
19971202,33022,OSIXE',OTC,12.25,12.25,611,0,Outsource Intl Inc,0,0,0
19971203,33022,OSIXE',OTC,12.1875,12.1875,472,0,Outsource Intl Inc,0,0,0
19971204,33022,OSIXE',OTC,12.875,12.875,423,0,Outsource Intl Inc,0,0,0
19971205,33022,OSIXE',OTC,13.6875,13.6875,663,0,Outsource Intl Inc,0,0,0
19971208,33022,OSIXE',OTC,13.125,13.125,211,0,Outsource Intl Inc,0,0,0
19971209,33022,OSIXE',OTC,12.5,12.5,260,0,Outsource Intl Inc,0,0,0
19971210,33022,OSIXE',OTC,12.25,12.25,401,0,Outsource Intl Inc,0,0,0
19971211,33022,OSIXE',OTC,11.75,11.75,848,0,Outsource Intl Inc,0,0,0
19971212,33022,OSIXE',OTC,11.375,11.375,457,0,Outsource Intl Inc,0,0,0
19971215,33022,OSIXE',OTC,11.125,11.125,268,0,Outsource Intl Inc,0,0,0
19971216,33022,OSIXE',OTC,10.5,10.5,2587,0,Outsource Intl Inc,0,0,0
19971217,33022,OSIXE',OTC,10.625,10.625,883,0,Outsource Intl Inc,0,0,0
19971218,33022,OSIXE',OTC,11.625,11.625,608,0,Outsource Intl Inc,0,0,0
19971219,33022,OSIXE',OTC,11.375,11.375,395,0,Outsource Intl Inc,0,0,0
19971222,33022,OSIXE',OTC,12,12,485,0,Outsource Intl Inc,0,0,0
19971223,33022,OSIXE',OTC,11.75,11.75,1289,0,Outsource Intl Inc,0,0,0
19971224,33022,OSIXE',OTC,11.5,11.5,111,0,Outsource Intl Inc,0,0,0
19971226,33022,OSIXE',OTC,11.25,11.25,141,0,Outsource Intl Inc,0,0,0
19971229,33022,OSIXE',OTC,11.125,11.125,568,0,Outsource Intl Inc,0,0,0
19971230,33022,OSIXE',OTC,12,12,734,0,Outsource Intl Inc,0,0,0
19971231,33022,OSIXE',OTC,12.125,12.125,518,0,Outsource Intl Inc,0,0,0
19980102,33022,OSIXE',OTC,12.125,12.125,596,0,Outsource Intl Inc,0,0,0
19980105,33022,OSIXE',OTC,12,12,324,0,Outsource Intl Inc,0,0,0
19980106,33022,OSIXE',OTC,11.875,11.875,225,0,Outsource Intl Inc,0,0,0
19980107,33022,OSIXE',OTC,11.5,11.5,38,0,Outsource Intl Inc,0,0,0
19980108,33022,OSIXE',OTC,11.75,11.75,171,0,Outsource Intl Inc,0,0,0
19980109,33022,OSIXE',OTC,10.875,10.875,620,0,Outsource Intl Inc,0,0,0
19980112,33022,OSIXE',OTC,11,11,193,0,Outsource Intl Inc,0,0,0
19980113,33022,OSIXE',OTC,11.75,11.75,890,0,Outsource Intl Inc,0,0,0
19980114,33022,OSIXE',OTC,11.875,11.875,3027,0,Outsource Intl Inc,0,0,0
19980115,33022,OSIXE',OTC,13,13,727,0,Outsource Intl Inc,0,0,0
19980116,33022,OSIXE',OTC,12.75,12.75,715,0,Outsource Intl Inc,0,0,0
19980120,33022,OSIXE',OTC,13.375,13.375,544,0,Outsource Intl Inc,0,0,0
19980121,33022,OSIXE',OTC,13.125,13.125,123,0,Outsource Intl Inc,0,0,0
19980122,33022,OSIXE',OTC,13.75,13.75,230,0,Outsource Intl Inc,0,0,0
19980123,33022,OSIXE',OTC,13.875,13.875,312,0,Outsource Intl Inc,0,0,0
19980126,33022,OSIXE',OTC,13.375,13.375,237,0,Outsource Intl Inc,0,0,0
19980127,33022,OSIXE',OTC,13.6875,13.6875,206,0,Outsource Intl Inc,0,0,0
19980128,33022,OSIXE',OTC,13.5,13.5,247,0,Outsource Intl Inc,0,0,0
19980129,33022,OSIXE',OTC,13.625,13.625,1079,0,Outsource Intl Inc,0,0,0
19980130,33022,OSIXE',OTC,13.875,13.875,581,0,Outsource Intl Inc,0,0,0
19980202,33022,OSIXE',OTC,13.9375,13.9375,449,0,Outsource Intl Inc,0,0,0
19980203,33022,OSIXE',OTC,13.875,13.875,272,0,Outsource Intl Inc,0,0,0
19980204,33022,OSIXE',OTC,14.3125,14.3125,451,0,Outsource Intl Inc,0,0,0
19980205,33022,OSIXE',OTC,14.75,14.75,753,0,Outsource Intl Inc,0,0,0
19980206,33022,OSIXE',OTC,15.5,15.5,1138,0,Outsource Intl Inc,0,0,0
19980209,33022,OSIXE',OTC,15.5,15.5,1267,0,Outsource Intl Inc,0,0,0
19980210,33022,OSIXE',OTC,15.625,15.625,849,0,Outsource Intl Inc,0,0,0
19980211,33022,OSIXE',OTC,15.125,15.125,859,0,Outsource Intl Inc,0,0,0
19980212,33022,OSIXE',OTC,15.625,15.625,693,0,Outsource Intl Inc,0,0,0
19980213,33022,OSIXE',OTC,15.5,15.5,61,0,Outsource Intl Inc,0,0,0
19980217,33022,OSIXE',OTC,15.375,15.375,310,0,Outsource Intl Inc,0,0,0
19980218,33022,OSIXE',OTC,15.5,15.5,204,0,Outsource Intl Inc,0,0,0
19980219,33022,OSIXE',OTC,15.625,15.625,246,0,Outsource Intl Inc,0,0,0
19980220,33022,OSIXE',OTC,17,17,1206,0,Outsource Intl Inc,0,0,0
19980223,33022,OSIXE',OTC,17.125,17.125,687,0,Outsource Intl Inc,0,0,0
19980224,33022,OSIXE',OTC,16.875,16.875,661,0,Outsource Intl Inc,0,0,0
19980225,33022,OSIXE',OTC,16.875,16.875,678,0,Outsource Intl Inc,0,0,0
19980226,33022,OSIXE',OTC,17.25,17.25,645,0,Outsource Intl Inc,0,0,0
19980227,33022,OSIXE',OTC,17.25,17.25,85,0,Outsource Intl Inc,0,0,0
19980302,33022,OSIXE',OTC,16.875,16.875,498,0,Outsource Intl Inc,0,0,0
19980303,33022,OSIXE',OTC,16.5,16.5,116,0,Outsource Intl Inc,0,0,0
19980304,33022,OSIXE',OTC,16.5,16.5,323,0,Outsource Intl Inc,0,0,0
19980305,33022,OSIXE',OTC,16.5,16.5,43,0,Outsource Intl Inc,0,0,0
19980306,33022,OSIXE',OTC,17.25,17.25,608,0,Outsource Intl Inc,0,0,0
19980309,33022,OSIXE',OTC,17,17,320,0,Outsource Intl Inc,0,0,0
19980310,33022,OSIXE',OTC,17.125,17.125,195,0,Outsource Intl Inc,0,0,0
19980311,33022,OSIXE',OTC,17.25,17.25,106,0,Outsource Intl Inc,0,0,0
19980312,33022,OSIXE',OTC,17.875,17.875,853,0,Outsource Intl Inc,0,0,0
19980313,33022,OSIXE',OTC,18.875,18.875,737,0,Outsource Intl Inc,0,0,0
19980316,33022,OSIXE',OTC,20.25,20.25,1445,0,Outsource Intl Inc,0,0,0
19980317,33022,OSIXE',OTC,20.375,20.375,827,0,Outsource Intl Inc,0,0,0
19980318,33022,OSIXE',OTC,20.75,20.75,856,0,Outsource Intl Inc,0,0,0
19980319,33022,OSIXE',OTC,22,22,714,0,Outsource Intl Inc,0,0,0
19980320,33022,OSIXE',OTC,21,21,436,0,Outsource Intl Inc,0,0,0
19980323,33022,OSIXE',OTC,21.5,21.5,609,0,Outsource Intl Inc,0,0,0
19980324,33022,OSIXE',OTC,21.625,21.625,412,0,Outsource Intl Inc,0,0,0
19980325,33022,OSIXE',OTC,21.75,21.75,612,0,Outsource Intl Inc,0,0,0
19980326,33022,OSIXE',OTC,22.5,22.5,703,0,Outsource Intl Inc,0,0,0
19980327,33022,OSIXE',OTC,25,25,1083,0,Outsource Intl Inc,0,0,0
19980330,33022,OSIXE',OTC,23.875,23.875,401,0,Outsource Intl Inc,0,0,0
19980331,33022,OSIXE',OTC,24,24,723,0,Outsource Intl Inc,0,0,0
19980401,33022,OSIXE',OTC,23.1875,23.1875,630,0,Outsource Intl Inc,0,0,0
19980402,33022,OSIXE',OTC,23.25,23.25,286,0,Outsource Intl Inc,0,0,0
19980403,33022,OSIXE',OTC,22.375,22.375,635,0,Outsource Intl Inc,0,0,0
19980406,33022,OSIXE',OTC,22.125,22.125,411,0,Outsource Intl Inc,0,0,0
19980407,33022,OSIXE',OTC,22,22,431,0,Outsource Intl Inc,0,0,0
19980408,33022,OSIXE',OTC,19.5625,19.5625,886,0,Outsource Intl Inc,0,0,0
19980409,33022,OSIXE',OTC,21.25,21.25,318,0,Outsource Intl Inc,0,0,0
19980413,33022,OSIXE',OTC,20.875,20.875,249,0,Outsource Intl Inc,0,0,0
19980414,33022,OSIXE',OTC,22,22,235,0,Outsource Intl Inc,0,0,0
19980415,33022,OSIXE',OTC,22.5,22.5,251,0,Outsource Intl Inc,0,0,0
19980416,33022,OSIXE',OTC,21.6875,21.6875,37,0,Outsource Intl Inc,0,0,0
19980417,33022,OSIXE',OTC,23,23,500,0,Outsource Intl Inc,0,0,0
19980420,33022,OSIXE',OTC,23,23,380,0,Outsource Intl Inc,0,0,0
19980421,33022,OSIXE',OTC,22.875,22.875,123,0,Outsource Intl Inc,0,0,0
19980422,33022,OSIXE',OTC,21.875,21.875,160,0,Outsource Intl Inc,0,0,0
19980423,33022,OSIXE',OTC,21.375,21.375,174,0,Outsource Intl Inc,0,0,0
19980424,33022,OSIXE',OTC,21.625,21.625,245,0,Outsource Intl Inc,0,0,0
19980427,33022,OSIXE',OTC,20.625,20.625,468,0,Outsource Intl Inc,0,0,0
19980428,33022,OSIXE',OTC,20.75,20.75,156,0,Outsource Intl Inc,0,0,0
19980429,33022,OSIXE',OTC,20.375,20.375,57,0,Outsource Intl Inc,0,0,0
19980430,33022,OSIXE',OTC,20.5,20.5,286,0,Outsource Intl Inc,0,0,0
19980501,33022,OSIXE',OTC,20.375,20.375,82,0,Outsource Intl Inc,0,0,0
19980504,33022,OSIXE',OTC,20,20,159,0,Outsource Intl Inc,0,0,0
19980505,33022,OSIXE',OTC,19.9375,19.9375,453,0,Outsource Intl Inc,0,0,0
19980506,33022,OSIXE',OTC,20,20,293,0,Outsource Intl Inc,0,0,0
19980507,33022,OSIXE',OTC,20,20,519,0,Outsource Intl Inc,0,0,0
19980508,33022,OSIXE',OTC,20.125,20.125,299,0,Outsource Intl Inc,0,0,0
19980511,33022,OSIXE',OTC,19.5,19.5,106,0,Outsource Intl Inc,0,0,0
19980512,33022,OSIXE',OTC,19.5,19.5,173,0,Outsource Intl Inc,0,0,0
19980513,33022,OSIXE',OTC,19.5,19.5,70,0,Outsource Intl Inc,0,0,0
19980514,33022,OSIXE',OTC,19.375,19.375,91,0,Outsource Intl Inc,0,0,0
19980515,33022,OSIXE',OTC,19.25,19.25,48,0,Outsource Intl Inc,0,0,0
19980518,33022,OSIXE',OTC,18.5,18.5,192,0,Outsource Intl Inc,0,0,0
19980519,33022,OSIXE',OTC,19,19,428,0,Outsource Intl Inc,0,0,0
19980520,33022,OSIXE',OTC,19,19,50,0,Outsource Intl Inc,0,0,0
19980521,33022,OSIXE',OTC,18.75,18.75,67,0,Outsource Intl Inc,0,0,0
19980522,33022,OSIXE',OTC,18.75,18.75,33,0,Outsource Intl Inc,0,0,0
19980526,33022,OSIXE',OTC,19,19,17,0,Outsource Intl Inc,0,0,0
19980527,33022,OSIXE',OTC,17.875,17.875,259,0,Outsource Intl Inc,0,0,0
19980528,33022,OSIXE',OTC,18.375,18.375,29,0,Outsource Intl Inc,0,0,0
19980529,33022,OSIXE',OTC,18.25,18.25,357,0,Outsource Intl Inc,0,0,0
19980601,33022,OSIXE',OTC,18,18,25,0,Outsource Intl Inc,0,0,0
19980602,33022,OSIXE',OTC,17.0625,17.0625,304,0,Outsource Intl Inc,0,0,0
19980603,33022,OSIXE',OTC,17.0625,17.0625,123,0,Outsource Intl Inc,0,0,0
19980604,33022,OSIXE',OTC,17.25,17.25,22,0,Outsource Intl Inc,0,0,0
19980605,33022,OSIXE',OTC,17,17,68,0,Outsource Intl Inc,0,0,0
19980608,33022,OSIXE',OTC,16.625,16.625,166,0,Outsource Intl Inc,0,0,0
19980609,33022,OSIXE',OTC,16.75,16.75,191,0,Outsource Intl Inc,0,0,0
19980610,33022,OSIXE',OTC,15.75,15.75,515,0,Outsource Intl Inc,0,0,0
19980611,33022,OSIXE',OTC,14.375,14.375,742,0,Outsource Intl Inc,0,0,0
19980612,33022,OSIXE',OTC,15,15,395,0,Outsource Intl Inc,0,0,0
19980615,33022,OSIXE',OTC,14.5,14.5,41,0,Outsource Intl Inc,0,0,0
19980616,33022,OSIXE',OTC,15,15,50,0,Outsource Intl Inc,0,0,0
19980617,33022,OSIXE',OTC,14.75,14.75,162,0,Outsource Intl Inc,0,0,0
19980618,33022,OSIXE',OTC,14.75,14.75,0,0,Outsource Intl Inc,0,0,0
19980619,33022,OSIXE',OTC,14,14,126,0,Outsource Intl Inc,0,0,0
19980622,33022,OSIXE',OTC,12.75,12.75,265,0,Outsource Intl Inc,0,0,0
19980623,33022,OSIXE',OTC,9.8125,9.8125,2598,0,Outsource Intl Inc,0,0,0
19980624,33022,OSIXE',OTC,8.6875,8.6875,4317,0,Outsource Intl Inc,0,0,0
19980625,33022,OSIXE',OTC,8.8125,8.8125,1552,0,Outsource Intl Inc,0,0,0
19980626,33022,OSIXE',OTC,8.8125,8.8125,576,0,Outsource Intl Inc,0,0,0
19980629,33022,OSIXE',OTC,8.875,8.875,1306,0,Outsource Intl Inc,0,0,0
19980630,33022,OSIXE',OTC,9,9,337,0,Outsource Intl Inc,0,0,0
19980701,33022,OSIXE',OTC,8.875,8.875,502,0,Outsource Intl Inc,0,0,0
19980702,33022,OSIXE',OTC,8.375,8.375,333,0,Outsource Intl Inc,0,0,0
19980706,33022,OSIXE',OTC,8.375,8.375,249,0,Outsource Intl Inc,0,0,0
19980707,33022,OSIXE',OTC,8.25,8.25,222,0,Outsource Intl Inc,0,0,0
19980708,33022,OSIXE',OTC,8.375,8.375,690,0,Outsource Intl Inc,0,0,0
19980709,33022,OSIXE',OTC,8.5,8.5,218,0,Outsource Intl Inc,0,0,0
19980710,33022,OSIXE',OTC,8.375,8.375,261,0,Outsource Intl Inc,0,0,0
19980713,33022,OSIXE',OTC,8.375,8.375,74,0,Outsource Intl Inc,0,0,0
19980714,33022,OSIXE',OTC,8.875,8.875,873,0,Outsource Intl Inc,0,0,0
19980715,33022,OSIXE',OTC,8.75,8.75,972,0,Outsource Intl Inc,0,0,0
19980716,33022,OSIXE',OTC,8.875,8.875,192,0,Outsource Intl Inc,0,0,0
19980717,33022,OSIXE',OTC,9.125,9.125,182,0,Outsource Intl Inc,0,0,0
19980720,33022,OSIXE',OTC,9.375,9.375,561,0,Outsource Intl Inc,0,0,0
19980721,33022,OSIXE',OTC,10.75,10.75,751,0,Outsource Intl Inc,0,0,0
19980722,33022,OSIXE',OTC,10.25,10.25,575,0,Outsource Intl Inc,0,0,0
19980723,33022,OSIXE',OTC,9.875,9.875,898,0,Outsource Intl Inc,0,0,0
19980724,33022,OSIXE',OTC,9.5,9.5,97,0,Outsource Intl Inc,0,0,0
19980727,33022,OSIXE',OTC,9.25,9.25,34,0,Outsource Intl Inc,0,0,0
19980728,33022,OSIXE',OTC,8.625,8.625,98,0,Outsource Intl Inc,0,0,0
19980729,33022,OSIXE',OTC,8.375,8.375,134,0,Outsource Intl Inc,0,0,0
19980730,33022,OSIXE',OTC,8.375,8.375,59,0,Outsource Intl Inc,0,0,0
19980731,33022,OSIXE',OTC,8.5625,8.5625,60,0,Outsource Intl Inc,0,0,0
19980803,33022,OSIXE',OTC,8.25,8.25,223,0,Outsource Intl Inc,0,0,0
19980804,33022,OSIXE',OTC,7.5,7.5,131,0,Outsource Intl Inc,0,0,0
19980805,33022,OSIXE',OTC,7.125,7.125,242,0,Outsource Intl Inc,0,0,0
19980806,33022,OSIXE',OTC,6.9375,6.9375,569,0,Outsource Intl Inc,0,0,0
19980807,33022,OSIXE',OTC,7.25,7.25,184,0,Outsource Intl Inc,0,0,0
19980810,33022,OSIXE',OTC,7.5,7.5,375,0,Outsource Intl Inc,0,0,0
19980811,33022,OSIXE',OTC,6.8125,6.8125,563,0,Outsource Intl Inc,0,0,0
19980812,33022,OSIXE',OTC,6.875,6.875,1249,0,Outsource Intl Inc,0,0,0
19980813,33022,OSIXE',OTC,6.875,6.875,104,0,Outsource Intl Inc,0,0,0
19980814,33022,OSIXE',OTC,6.875,6.875,117,0,Outsource Intl Inc,0,0,0
19980817,33022,OSIXE',OTC,6.75,6.75,96,0,Outsource Intl Inc,0,0,0
19980818,33022,OSIXE',OTC,6.5625,6.5625,305,0,Outsource Intl Inc,0,0,0
19980819,33022,OSIXE',OTC,6.625,6.625,433,0,Outsource Intl Inc,0,0,0
19980820,33022,OSIXE',OTC,5.75,5.75,666,0,Outsource Intl Inc,0,0,0
19980821,33022,OSIXE',OTC,6,6,267,0,Outsource Intl Inc,0,0,0
19980824,33022,OSIXE',OTC,6,6,67,0,Outsource Intl Inc,0,0,0
19980825,33022,OSIXE',OTC,6,6,210,0,Outsource Intl Inc,0,0,0
19980826,33022,OSIXE',OTC,5.75,5.75,156,0,Outsource Intl Inc,0,0,0
19980827,33022,OSIXE',OTC,5.1875,5.1875,470,0,Outsource Intl Inc,0,0,0
19980828,33022,OSIXE',OTC,5.125,5.125,441,0,Outsource Intl Inc,0,0,0
19980831,33022,OSIXE',OTC,3.5,3.5,554,0,Outsource Intl Inc,0,0,0
19980901,33022,OSIXE',OTC,4.4375,4.4375,10089,0,Outsource Intl Inc,0,0,0
19980902,33022,OSIXE',OTC,4.4375,4.4375,812,0,Outsource Intl Inc,0,0,0
19980903,33022,OSIXE',OTC,4.4375,4.4375,754,0,Outsource Intl Inc,0,0,0
19980904,33022,OSIXE',OTC,4.875,4.875,1358,0,Outsource Intl Inc,0,0,0
19980908,33022,OSIXE',OTC,5.125,5.125,160,0,Outsource Intl Inc,0,0,0
19980909,33022,OSIXE',OTC,5.125,5.125,100,0,Outsource Intl Inc,0,0,0
19980910,33022,OSIXE',OTC,5,5,186,0,Outsource Intl Inc,0,0,0
19980911,33022,OSIXE',OTC,5,5,29,0,Outsource Intl Inc,0,0,0
19980914,33022,OSIXE',OTC,4.875,4.875,29,0,Outsource Intl Inc,0,0,0
19980915,33022,OSIXE',OTC,5,5,66,0,Outsource Intl Inc,0,0,0
19980916,33022,OSIXE',OTC,6.75,6.75,253,0,Outsource Intl Inc,0,0,0
19980917,33022,OSIXE',OTC,7,7,70,0,Outsource Intl Inc,0,0,0
19980918,33022,OSIXE',OTC,7,7,115,0,Outsource Intl Inc,0,0,0
19980921,33022,OSIXE',OTC,6.5,6.5,112,0,Outsource Intl Inc,0,0,0
19980922,33022,OSIXE',OTC,6.5,6.5,112,0,Outsource Intl Inc,0,0,0
19980923,33022,OSIXE',OTC,6.125,6.125,98,0,Outsource Intl Inc,0,0,0
19980924,33022,OSIXE',OTC,6.125,6.125,119,0,Outsource Intl Inc,0,0,0
19980925,33022,OSIXE',OTC,5.625,5.625,218,0,Outsource Intl Inc,0,0,0
19980928,33022,OSIXE',OTC,5.4375,5.4375,374,0,Outsource Intl Inc,0,0,0
19980929,33022,OSIXE',OTC,5.25,5.25,305,0,Outsource Intl Inc,0,0,0
19980930,33022,OSIXE',OTC,4.875,4.875,33,0,Outsource Intl Inc,0,0,0
19981001,33022,OSIXE',OTC,4.75,4.75,101,0,Outsource Intl Inc,0,0,0
19981002,33022,OSIXE',OTC,4.5,4.5,194,0,Outsource Intl Inc,0,0,0
19981005,33022,OSIXE',OTC,4.25,4.25,283,0,Outsource Intl Inc,0,0,0
19981006,33022,OSIXE',OTC,4,4,167,0,Outsource Intl Inc,0,0,0
19981007,33022,OSIXE',OTC,4,4,123,0,Outsource Intl Inc,0,0,0
19981008,33022,OSIXE',OTC,3.5,3.5,290,0,Outsource Intl Inc,0,0,0
19981009,33022,OSIXE',OTC,4.25,4.25,584,0,Outsource Intl Inc,0,0,0
19981012,33022,OSIXE',OTC,4.125,4.125,240,0,Outsource Intl Inc,0,0,0
19981013,33022,OSIXE',OTC,3.875,3.875,301,0,Outsource Intl Inc,0,0,0
19981014,33022,OSIXE',OTC,3.625,3.625,6,0,Outsource Intl Inc,0,0,0
19981015,33022,OSIXE',OTC,3.875,3.875,61,0,Outsource Intl Inc,0,0,0
19981016,33022,OSIXE',OTC,3.75,3.75,1547,0,Outsource Intl Inc,0,0,0
19981019,33022,OSIXE',OTC,4,4,19,0,Outsource Intl Inc,0,0,0
19981020,33022,OSIXE',OTC,3.75,3.75,969,0,Outsource Intl Inc,0,0,0
19981021,33022,OSIXE',OTC,3.8125,3.8125,598,0,Outsource Intl Inc,0,0,0
19981022,33022,OSIXE',OTC,4.125,4.125,3478,0,Outsource Intl Inc,0,0,0
19981023,33022,OSIXE',OTC,4.625,4.625,1528,0,Outsource Intl Inc,0,0,0
19981026,33022,OSIXE',OTC,5,5,552,0,Outsource Intl Inc,0,0,0
19981027,33022,OSIXE',OTC,5.875,5.875,984,0,Outsource Intl Inc,0,0,0
19981028,33022,OSIXE',OTC,5.75,5.75,155,0,Outsource Intl Inc,0,0,0
19981029,33022,OSIXE',OTC,5.875,5.875,215,0,Outsource Intl Inc,0,0,0
19981030,33022,OSIXE',OTC,6.5,6.5,644,0,Outsource Intl Inc,0,0,0
19981102,33022,OSIXE',OTC,6.375,6.375,510,0,Outsource Intl Inc,0,0,0
19981103,33022,OSIXE',OTC,6.25,6.25,426,0,Outsource Intl Inc,0,0,0
19981104,33022,OSIXE',OTC,6.75,6.75,506,0,Outsource Intl Inc,0,0,0
19981105,33022,OSIXE',OTC,6.75,6.75,1009,0,Outsource Intl Inc,0,0,0
19981106,33022,OSIXE',OTC,6.125,6.125,369,0,Outsource Intl Inc,0,0,0
19981109,33022,OSIXE',OTC,6,6,342,0,Outsource Intl Inc,0,0,0
19981110,33022,OSIXE',OTC,5.8125,5.8125,496,0,Outsource Intl Inc,0,0,0
19981111,33022,OSIXE',OTC,5.875,5.875,189,0,Outsource Intl Inc,0,0,0
19981112,33022,OSIXE',OTC,5.875,5.875,121,0,Outsource Intl Inc,0,0,0
19981113,33022,OSIXE',OTC,6,6,44,0,Outsource Intl Inc,0,0,0
19981116,33022,OSIXE',OTC,5.875,5.875,150,0,Outsource Intl Inc,0,0,0
19981117,33022,OSIXE',OTC,6,6,276,0,Outsource Intl Inc,0,0,0
19981118,33022,OSIXE',OTC,6,6,119,0,Outsource Intl Inc,0,0,0
19981119,33022,OSIXE',OTC,6,6,47,0,Outsource Intl Inc,0,0,0
19981120,33022,OSIXE',OTC,6,6,37,0,Outsource Intl Inc,0,0,0
19981123,33022,OSIXE',OTC,6,6,470,0,Outsource Intl Inc,0,0,0
19981124,33022,OSIXE',OTC,5.75,5.75,328,0,Outsource Intl Inc,0,0,0
19981125,33022,OSIXE',OTC,5.5,5.5,224,0,Outsource Intl Inc,0,0,0
19981127,33022,OSIXE',OTC,5.375,5.375,179,0,Outsource Intl Inc,0,0,0
19981130,33022,OSIXE',OTC,5,5,174,0,Outsource Intl Inc,0,0,0
19981201,33022,OSIXE',OTC,5,5,171,0,Outsource Intl Inc,0,0,0
19981202,33022,OSIXE',OTC,5.125,5.125,163,0,Outsource Intl Inc,0,0,0
19981203,33022,OSIXE',OTC,5.125,5.125,319,0,Outsource Intl Inc,0,0,0
19981204,33022,OSIXE',OTC,5.4375,5.4375,459,0,Outsource Intl Inc,0,0,0
19981207,33022,OSIXE',OTC,5.5,5.5,424,0,Outsource Intl Inc,0,0,0
19981208,33022,OSIXE',OTC,5.25,5.25,132,0,Outsource Intl Inc,0,0,0
19981209,33022,OSIXE',OTC,5.0625,5.0625,1064,0,Outsource Intl Inc,0,0,0
19981210,33022,OSIXE',OTC,5,5,64,0,Outsource Intl Inc,0,0,0
19981211,33022,OSIXE',OTC,5.0625,5.0625,136,0,Outsource Intl Inc,0,0,0
19981214,33022,OSIXE',OTC,4.9375,4.9375,276,0,Outsource Intl Inc,0,0,0
19981215,33022,OSIXE',OTC,4.625,4.625,783,0,Outsource Intl Inc,0,0,0
19981216,33022,OSIXE',OTC,4.5,4.5,121,0,Outsource Intl Inc,0,0,0
19981217,33022,OSIXE',OTC,4.5,4.5,105,0,Outsource Intl Inc,0,0,0
19981218,33022,OSIXE',OTC,4.5,4.5,105,0,Outsource Intl Inc,0,0,0
19981221,33022,OSIXE',OTC,4.125,4.125,701,0,Outsource Intl Inc,0,0,0
19981222,33022,OSIXE',OTC,4.125,4.125,422,0,Outsource Intl Inc,0,0,0
19981223,33022,OSIXE',OTC,4.125,4.125,202,0,Outsource Intl Inc,0,0,0
19981224,33022,OSIXE',OTC,4.4375,4.4375,220,0,Outsource Intl Inc,0,0,0
19981228,33022,OSIXE',OTC,4.9375,4.9375,562,0,Outsource Intl Inc,0,0,0
19981229,33022,OSIXE',OTC,4.5,4.5,645,0,Outsource Intl Inc,0,0,0
19981230,33022,OSIXE',OTC,4.5,4.5,556,0,Outsource Intl Inc,0,0,0
19981231,33022,OSIXE',OTC,4.875,4.875,963,0,Outsource Intl Inc,0,0,0
19990104,33022,OSIXE',OTC,5,5,485,0,Outsource Intl Inc,0,0,0
19990105,33022,OSIXE',OTC,5.375,5.375,594,0,Outsource Intl Inc,0,0,0
19990106,33022,OSIXE',OTC,5.75,5.75,926,0,Outsource Intl Inc,0,0,0
19990107,33022,OSIXE',OTC,5.75,5.75,243,0,Outsource Intl Inc,0,0,0
19990108,33022,OSIXE',OTC,6,6,792,0,Outsource Intl Inc,0,0,0
19990111,33022,OSIXE',OTC,6.625,6.625,776,0,Outsource Intl Inc,0,0,0
19990112,33022,OSIXE',OTC,6.4375,6.4375,223,0,Outsource Intl Inc,0,0,0
19990113,33022,OSIXE',OTC,5.9375,5.9375,209,0,Outsource Intl Inc,0,0,0
19990114,33022,OSIXE',OTC,6.375,6.375,308,0,Outsource Intl Inc,0,0,0
19990115,33022,OSIXE',OTC,6.5,6.5,147,0,Outsource Intl Inc,0,0,0
19990119,33022,OSIXE',OTC,6.1875,6.1875,185,0,Outsource Intl Inc,0,0,0
19990120,33022,OSIXE',OTC,6,6,160,0,Outsource Intl Inc,0,0,0
19990121,33022,OSIXE',OTC,6.125,6.125,132,0,Outsource Intl Inc,0,0,0
19990122,33022,OSIXE',OTC,6,6,96,0,Outsource Intl Inc,0,0,0
19990125,33022,OSIXE',OTC,5.75,5.75,234,0,Outsource Intl Inc,0,0,0
19990126,33022,OSIXE',OTC,6,6,345,0,Outsource Intl Inc,0,0,0
19990127,33022,OSIXE',OTC,5.625,5.625,246,0,Outsource Intl Inc,0,0,0
19990128,33022,OSIXE',OTC,5.4375,5.4375,438,0,Outsource Intl Inc,0,0,0
19990129,33022,OSIXE',OTC,5.125,5.125,320,0,Outsource Intl Inc,0,0,0
19990201,33022,OSIXE',OTC,5.5625,5.5625,287,0,Outsource Intl Inc,0,0,0
19990202,33022,OSIXE',OTC,5.375,5.375,47,0,Outsource Intl Inc,0,0,0
19990203,33022,OSIXE',OTC,5,5,81,0,Outsource Intl Inc,0,0,0
19990204,33022,OSIXE',OTC,5.0625,5.0625,124,0,Outsource Intl Inc,0,0,0
19990205,33022,OSIXE',OTC,5.25,5.25,101,0,Outsource Intl Inc,0,0,0
19990208,33022,OSIXE',OTC,5.375,5.375,63,0,Outsource Intl Inc,0,0,0
19990209,33022,OSIXE',OTC,5.125,5.125,118,0,Outsource Intl Inc,0,0,0
19990210,33022,OSIXE',OTC,4.875,4.875,92,0,Outsource Intl Inc,0,0,0
19990211,33022,OSIXE',OTC,4.875,4.875,6,0,Outsource Intl Inc,0,0,0
19990212,33022,OSIXE',OTC,4.875,4.875,381,0,Outsource Intl Inc,0,0,0
19990216,33022,OSIXE',OTC,4.75,4.75,85,0,Outsource Intl Inc,0,0,0
19990217,33022,OSIXE',OTC,4.8125,4.8125,86,0,Outsource Intl Inc,0,0,0
19990218,33022,OSIXE',OTC,4.4375,4.4375,365,0,Outsource Intl Inc,0,0,0
19990219,33022,OSIXE',OTC,4.5,4.5,47,0,Outsource Intl Inc,0,0,0
19990222,33022,OSIXE',OTC,4.375,4.375,348,0,Outsource Intl Inc,0,0,0
19990223,33022,OSIXE',OTC,4.3125,4.3125,91,0,Outsource Intl Inc,0,0,0
19990224,33022,OSIXE',OTC,4.5,4.5,182,0,Outsource Intl Inc,0,0,0
19990225,33022,OSIXE',OTC,4.375,4.375,93,0,Outsource Intl Inc,0,0,0
19990226,33022,OSIXE',OTC,4.375,4.375,160,0,Outsource Intl Inc,0,0,0
19990301,33022,OSIXE',OTC,4.1875,4.1875,83,0,Outsource Intl Inc,0,0,0
19990302,33022,OSIXE',OTC,4,4,299,0,Outsource Intl Inc,0,0,0
19990303,33022,OSIXE',OTC,4.125,4.125,312,0,Outsource Intl Inc,0,0,0
19990304,33022,OSIXE',OTC,4.125,4.125,35,0,Outsource Intl Inc,0,0,0
19990305,33022,OSIXE',OTC,4.125,4.125,122,0,Outsource Intl Inc,0,0,0
19990308,33022,OSIXE',OTC,4,4,99,0,Outsource Intl Inc,0,0,0
19990309,33022,OSIXE',OTC,4.0625,4.0625,100,0,Outsource Intl Inc,0,0,0
19990310,33022,OSIXE',OTC,4,4,293,0,Outsource Intl Inc,0,0,0
19990311,33022,OSIXE',OTC,4.0625,4.0625,244,0,Outsource Intl Inc,0,0,0
19990312,33022,OSIXE',OTC,4.0625,4.0625,6127,0,Outsource Intl Inc,0,0,0
19990315,33022,OSIXE',OTC,4.0625,4.0625,308,0,Outsource Intl Inc,0,0,0
19990316,33022,OSIXE',OTC,4,4,53,0,Outsource Intl Inc,0,0,0
19990317,33022,OSIXE',OTC,4,4,288,0,Outsource Intl Inc,0,0,0
19990318,33022,OSIXE',OTC,3.9375,3.9375,130,0,Outsource Intl Inc,0,0,0
19990319,33022,OSIXE',OTC,3.75,3.75,320,0,Outsource Intl Inc,0,0,0
19990322,33022,OSIXE',OTC,3.875,3.875,101,0,Outsource Intl Inc,0,0,0
19990323,33022,OSIXE',OTC,3.9375,3.9375,41,0,Outsource Intl Inc,0,0,0
19990324,33022,OSIXE',OTC,3.875,3.875,103,0,Outsource Intl Inc,0,0,0
19990325,33022,OSIXE',OTC,3.875,3.875,371,0,Outsource Intl Inc,0,0,0
19990326,33022,OSIXE',OTC,3.75,3.75,194,0,Outsource Intl Inc,0,0,0
19990329,33022,OSIXE',OTC,3.8125,3.8125,235,0,Outsource Intl Inc,0,0,0
19990330,33022,OSIXE',OTC,3.75,3.75,91,0,Outsource Intl Inc,0,0,0
19990331,33022,OSIXE',OTC,3.25,3.25,954,0,Outsource Intl Inc,0,0,0
19990401,33022,OSIXE',OTC,3.5,3.5,59,0,Outsource Intl Inc,0,0,0
19990405,33022,OSIXE',OTC,3.25,3.25,484,0,Outsource Intl Inc,0,0,0
19990406,33022,OSIXE',OTC,3.25,3.25,58,0,Outsource Intl Inc,0,0,0
19990407,33022,OSIXE',OTC,3.3125,3.3125,239,0,Outsource Intl Inc,0,0,0
19990408,33022,OSIXE',OTC,3.375,3.375,153,0,Outsource Intl Inc,0,0,0
19990409,33022,OSIXE',OTC,3.75,3.75,287,0,Outsource Intl Inc,0,0,0
19990412,33022,OSIXE',OTC,3.75,3.75,27,0,Outsource Intl Inc,0,0,0
19990413,33022,OSIXE',OTC,3.25,3.25,226,0,Outsource Intl Inc,0,0,0
19990414,33022,OSIXE',OTC,3.25,3.25,313,0,Outsource Intl Inc,0,0,0
19990415,33022,OSIXE',OTC,3.25,3.25,150,0,Outsource Intl Inc,0,0,0
19990416,33022,OSIXE',OTC,3.25,3.25,114,0,Outsource Intl Inc,0,0,0
19990419,33022,OSIXE',OTC,3.25,3.25,112,0,Outsource Intl Inc,0,0,0
19990420,33022,OSIXE',OTC,3.625,3.625,152,0,Outsource Intl Inc,0,0,0
19990421,33022,OSIXE',OTC,3.5,3.5,123,0,Outsource Intl Inc,0,0,0
19990422,33022,OSIXE',OTC,3.5625,3.5625,11,0,Outsource Intl Inc,0,0,0
19990423,33022,OSIXE',OTC,3.5625,3.5625,26,0,Outsource Intl Inc,0,0,0
19990426,33022,OSIXE',OTC,3.25,3.25,67,0,Outsource Intl Inc,0,0,0
19990427,33022,OSIXE',OTC,3.625,3.625,373,0,Outsource Intl Inc,0,0,0
19990428,33022,OSIXE',OTC,3.625,3.625,487,0,Outsource Intl Inc,0,0,0
19990429,33022,OSIXE',OTC,3.9375,3.9375,441,0,Outsource Intl Inc,0,0,0
19990430,33022,OSIXE',OTC,3.9375,3.9375,496,0,Outsource Intl Inc,0,0,0
19990503,33022,OSIXE',OTC,3.75,3.75,311,0,Outsource Intl Inc,0,0,0
19990504,33022,OSIXE',OTC,4.25,4.25,296,0,Outsource Intl Inc,0,0,0
19990505,33022,OSIXE',OTC,4.25,4.25,111,0,Outsource Intl Inc,0,0,0
19990506,33022,OSIXE',OTC,4.375,4.375,51,0,Outsource Intl Inc,0,0,0
19990507,33022,OSIXE',OTC,4.25,4.25,318,0,Outsource Intl Inc,0,0,0
19990510,33022,OSIXE',OTC,3.90625,3.90625,409,0,Outsource Intl Inc,0,0,0
19990511,33022,OSIXE',OTC,3.875,3.875,387,0,Outsource Intl Inc,0,0,0
19990512,33022,OSIXE',OTC,3.875,3.875,172,0,Outsource Intl Inc,0,0,0
19990513,33022,OSIXE',OTC,3.75,3.75,127,0,Outsource Intl Inc,0,0,0
19990514,33022,OSIXE',OTC,4.5625,4.5625,3198,0,Outsource Intl Inc,0,0,0
19990517,33022,OSIXE',OTC,4.3125,4.3125,553,0,Outsource Intl Inc,0,0,0
19990518,33022,OSIXE',OTC,4.1875,4.1875,455,0,Outsource Intl Inc,0,0,0
19990519,33022,OSIXE',OTC,4.09375,4.09375,113,0,Outsource Intl Inc,0,0,0
19990520,33022,OSIXE',OTC,4.25,4.25,123,0,Outsource Intl Inc,0,0,0
19990521,33022,OSIXE',OTC,4.125,4.125,76,0,Outsource Intl Inc,0,0,0
19990524,33022,OSIXE',OTC,4.125,4.125,15,0,Outsource Intl Inc,0,0,0
19990525,33022,OSIXE',OTC,4.6875,4.6875,2237,0,Outsource Intl Inc,0,0,0
19990526,33022,OSIXE',OTC,4.53125,4.53125,675,0,Outsource Intl Inc,0,0,0
19990527,33022,OSIXE',OTC,4.4375,4.4375,204,0,Outsource Intl Inc,0,0,0
19990528,33022,OSIXE',OTC,4.46875,4.46875,57,0,Outsource Intl Inc,0,0,0
19990601,33022,OSIXE',OTC,4.46875,4.46875,84,0,Outsource Intl Inc,0,0,0
19990602,33022,OSIXE',OTC,4.5,4.5,182,0,Outsource Intl Inc,0,0,0
19990603,33022,OSIXE',OTC,4.4375,4.4375,132,0,Outsource Intl Inc,0,0,0
19990604,33022,OSIXE',OTC,4.5625,4.5625,94,0,Outsource Intl Inc,0,0,0
19990607,33022,OSIXE',OTC,4.5,4.5,316,0,Outsource Intl Inc,0,0,0
19990608,33022,OSIXE',OTC,4.375,4.375,527,0,Outsource Intl Inc,0,0,0
19990609,33022,OSIXE',OTC,4.5,4.5,40,0,Outsource Intl Inc,0,0,0
19990610,33022,OSIXE',OTC,4.5,4.5,26,0,Outsource Intl Inc,0,0,0
19990611,33022,OSIXE',OTC,4.25,4.25,50,0,Outsource Intl Inc,0,0,0
19990614,33022,OSIXE',OTC,4.0625,4.0625,111,0,Outsource Intl Inc,0,0,0
19990615,33022,OSIXE',OTC,4.0625,4.0625,178,0,Outsource Intl Inc,0,0,0
19990616,33022,OSIXE',OTC,4.0625,4.0625,0,0,Outsource Intl Inc,0,0,0
19990617,33022,OSIXE',OTC,4.0625,4.0625,0,0,Outsource Intl Inc,0,0,0
19990618,33022,OSIXE',OTC,4.0625,4.0625,15,0,Outsource Intl Inc,0,0,0
19990621,33022,OSIXE',OTC,4,4,382,0,Outsource Intl Inc,0,0,0
19990622,33022,OSIXE',OTC,3.875,3.875,50,0,Outsource Intl Inc,0,0,0
19990623,33022,OSIXE',OTC,3.875,3.875,52,0,Outsource Intl Inc,0,0,0
19990624,33022,OSIXE',OTC,3.6875,3.6875,112,0,Outsource Intl Inc,0,0,0
19990625,33022,OSIXE',OTC,3.8125,3.8125,262,0,Outsource Intl Inc,0,0,0
19990628,33022,OSIXE',OTC,3.875,3.875,20,0,Outsource Intl Inc,0,0,0
19990629,33022,OSIXE',OTC,3.875,3.875,0,0,Outsource Intl Inc,0,0,0
19990630,33022,OSIXE',OTC,3.8125,3.8125,18,0,Outsource Intl Inc,0,0,0
19990701,33022,OSIXE',OTC,3.8125,3.8125,0,0,Outsource Intl Inc,0,0,0
19990702,33022,OSIXE',OTC,3.625,3.625,6,0,Outsource Intl Inc,0,0,0
19990706,33022,OSIXE',OTC,3.625,3.625,67,0,Outsource Intl Inc,0,0,0
19990707,33022,OSIXE',OTC,3.625,3.625,108,0,Outsource Intl Inc,0,0,0
19990708,33022,OSIXE',OTC,3.5,3.5,245,0,Outsource Intl Inc,0,0,0
19990709,33022,OSIXE',OTC,3.25,3.25,210,0,Outsource Intl Inc,0,0,0
19990712,33022,OSIXE',OTC,3.4375,3.4375,149,0,Outsource Intl Inc,0,0,0
19990713,33022,OSIXE',OTC,3.5,3.5,3,0,Outsource Intl Inc,0,0,0
19990714,33022,OSIXE',OTC,3.25,3.25,98,0,Outsource Intl Inc,0,0,0
19990715,33022,OSIXE',OTC,3.25,3.25,38,0,Outsource Intl Inc,0,0,0
19990716,33022,OSIXE',OTC,3.375,3.375,8,0,Outsource Intl Inc,0,0,0
19990719,33022,OSIXE',OTC,3.25,3.25,91,0,Outsource Intl Inc,0,0,0
19990720,33022,OSIXE',OTC,3.1875,3.1875,445,0,Outsource Intl Inc,0,0,0
19990721,33022,OSIXE',OTC,3.25,3.25,197,0,Outsource Intl Inc,0,0,0
19990722,33022,OSIXE',OTC,3.25,3.25,369,0,Outsource Intl Inc,0,0,0
19990723,33022,OSIXE',OTC,3.25,3.25,329,0,Outsource Intl Inc,0,0,0
19990726,33022,OSIXE',OTC,3.1875,3.1875,254,0,Outsource Intl Inc,0,0,0
19990727,33022,OSIXE',OTC,3.25,3.25,665,0,Outsource Intl Inc,0,0,0
19990728,33022,OSIXE',OTC,3.25,3.25,25,0,Outsource Intl Inc,0,0,0
19990729,33022,OSIXE',OTC,3.25,3.25,190,0,Outsource Intl Inc,0,0,0
19990730,33022,OSIXE',OTC,3.1875,3.1875,113,0,Outsource Intl Inc,0,0,0
19990802,33022,OSIXE',OTC,3.1875,3.1875,8,0,Outsource Intl Inc,0,0,0
19990803,33022,OSIXE',OTC,3.5,3.5,81,0,Outsource Intl Inc,0,0,0
19990804,33022,OSIXE',OTC,3.5,3.5,0,0,Outsource Intl Inc,0,0,0
19990805,33022,OSIXE',OTC,3.25,3.25,15,0,Outsource Intl Inc,0,0,0
19990806,33022,OSIXE',OTC,2.875,2.875,518,0,Outsource Intl Inc,0,0,0
19990809,33022,OSIXE',OTC,2.5625,2.5625,1114,0,Outsource Intl Inc,0,0,0
19990810,33022,OSIXE',OTC,2.5,2.5,103,0,Outsource Intl Inc,0,0,0
19990811,33022,OSIXE',OTC,2.5625,2.5625,76,0,Outsource Intl Inc,0,0,0
19990812,33022,OSIXE',OTC,2.8125,2.8125,188,0,Outsource Intl Inc,0,0,0
19990813,33022,OSIXE',OTC,2.8125,2.8125,16,0,Outsource Intl Inc,0,0,0
19990816,33022,OSIXE',OTC,2.5,2.5,97,0,Outsource Intl Inc,0,0,0
19990817,33022,OSIXE',OTC,2.4375,2.4375,24,0,Outsource Intl Inc,0,0,0
19990818,33022,OSIXE',OTC,2.5,2.5,323,0,Outsource Intl Inc,0,0,0
19990819,33022,OSIXE',OTC,2.5,2.5,35,0,Outsource Intl Inc,0,0,0
19990820,33022,OSIXE',OTC,2.46875,2.46875,241,0,Outsource Intl Inc,0,0,0
19990823,33022,OSIXE',OTC,2.5,2.5,305,0,Outsource Intl Inc,0,0,0
19990824,33022,OSIXE',OTC,2.125,2.125,112,0,Outsource Intl Inc,0,0,0
19990825,33022,OSIXE',OTC,2.1875,2.1875,38,0,Outsource Intl Inc,0,0,0
19990826,33022,OSIXE',OTC,2.25,2.25,82,0,Outsource Intl Inc,0,0,0
19990827,33022,OSIXE',OTC,2.09375,2.09375,73,0,Outsource Intl Inc,0,0,0
19990830,33022,OSIXE',OTC,2.25,2.25,27,0,Outsource Intl Inc,0,0,0
19990831,33022,OSIXE',OTC,2.21875,2.21875,75,0,Outsource Intl Inc,0,0,0
19990901,33022,OSIXE',OTC,1.875,1.875,131,0,Outsource Intl Inc,0,0,0
19990902,33022,OSIXE',OTC,2,2,370,0,Outsource Intl Inc,0,0,0
19990903,33022,OSIXE',OTC,2.0625,2.0625,338,0,Outsource Intl Inc,0,0,0
19990907,33022,OSIXE',OTC,1.8125,1.8125,713,0,Outsource Intl Inc,0,0,0
19990908,33022,OSIXE',OTC,1.6875,1.6875,361,0,Outsource Intl Inc,0,0,0
19990909,33022,OSIXE',OTC,1.75,1.75,682,0,Outsource Intl Inc,0,0,0
19990910,33022,OSIXE',OTC,1.625,1.625,222,0,Outsource Intl Inc,0,0,0
19990913,33022,OSIXE',OTC,1.75,1.75,53,0,Outsource Intl Inc,0,0,0
19990914,33022,OSIXE',OTC,1.625,1.625,270,0,Outsource Intl Inc,0,0,0
19990915,33022,OSIXE',OTC,1.59375,1.59375,593,0,Outsource Intl Inc,0,0,0
19990916,33022,OSIXE',OTC,1.5,1.5,196,0,Outsource Intl Inc,0,0,0
19990917,33022,OSIXE',OTC,1.4375,1.4375,650,0,Outsource Intl Inc,0,0,0
19990920,33022,OSIXE',OTC,1.375,1.375,619,0,Outsource Intl Inc,0,0,0
19990921,33022,OSIXE',OTC,1.3125,1.3125,94,0,Outsource Intl Inc,0,0,0
19990922,33022,OSIXE',OTC,1.3125,1.3125,200,0,Outsource Intl Inc,0,0,0
19990923,33022,OSIXE',OTC,1.0625,1.0625,119,0,Outsource Intl Inc,0,0,0
19990924,33022,OSIXE',OTC,1,1,319,0,Outsource Intl Inc,0,0,0
19990927,33022,OSIXE',OTC,1,1,328,0,Outsource Intl Inc,0,0,0
19990928,33022,OSIXE',OTC,0.71875,0.71875,663,0,Outsource Intl Inc,0,0,0
19990929,33022,OSIXE',OTC,0.6875,0.6875,164,0,Outsource Intl Inc,0,0,0
19990930,33022,OSIXE',OTC,1,1,1365,0,Outsource Intl Inc,0,0,0
19991001,33022,OSIXE',OTC,1.03125,1.03125,1522,0,Outsource Intl Inc,0,0,0
19991004,33022,OSIXE',OTC,1,1,1545,0,Outsource Intl Inc,0,0,0
19991005,33022,OSIXE',OTC,0.96875,0.96875,498,0,Outsource Intl Inc,0,0,0
19991006,33022,OSIXE',OTC,1.03125,1.03125,339,0,Outsource Intl Inc,0,0,0
19991007,33022,OSIXE',OTC,1,1,345,0,Outsource Intl Inc,0,0,0
19991008,33022,OSIXE',OTC,1,1,456,0,Outsource Intl Inc,0,0,0
19991011,33022,OSIXE',OTC,1,1,1628,0,Outsource Intl Inc,0,0,0
19991012,33022,OSIXE',OTC,1,1,704,0,Outsource Intl Inc,0,0,0
19991013,33022,OSIXE',OTC,1,1,510,0,Outsource Intl Inc,0,0,0
19991014,33022,OSIXE',OTC,0.984375,0.984375,365,0,Outsource Intl Inc,0,0,0
19991015,33022,OSIXE',OTC,1.09375,1.09375,4,0,Outsource Intl Inc,0,0,0
19991018,33022,OSIXE',OTC,1,1,73,0,Outsource Intl Inc,0,0,0
19991019,33022,OSIXE',OTC,1,1,504,0,Outsource Intl Inc,0,0,0
19991020,33022,OSIXE',OTC,1.0625,1.0625,111,0,Outsource Intl Inc,0,0,0
19991021,33022,OSIXE',OTC,0.96875,0.96875,1048,0,Outsource Intl Inc,0,0,0
19991022,33022,OSIXE',OTC,1,1,64,0,Outsource Intl Inc,0,0,0
19991025,33022,OSIXE',OTC,1,1,170,0,Outsource Intl Inc,0,0,0
19991026,33022,OSIXE',OTC,1,1,185,0,Outsource Intl Inc,0,0,0
19991027,33022,OSIXE',OTC,0.96875,0.96875,109,0,Outsource Intl Inc,0,0,0
19991028,33022,OSIXE',OTC,1,1,320,0,Outsource Intl Inc,0,0,0
19991029,33022,OSIXE',OTC,1,1,53,0,Outsource Intl Inc,0,0,0
19991101,33022,OSIXE',OTC,0.96875,0.96875,428,0,Outsource Intl Inc,0,0,0
19991102,33022,OSIXE',OTC,0.9375,0.9375,496,0,Outsource Intl Inc,0,0,0
19991103,33022,OSIXE',OTC,1.03125,1.03125,127,0,Outsource Intl Inc,0,0,0
19991104,33022,OSIXE',OTC,0.9375,0.9375,643,0,Outsource Intl Inc,0,0,0
19991105,33022,OSIXE',OTC,1.03125,1.03125,138,0,Outsource Intl Inc,0,0,0
19991108,33022,OSIXE',OTC,1,1,378,0,Outsource Intl Inc,0,0,0
19991109,33022,OSIXE',OTC,1,1,248,0,Outsource Intl Inc,0,0,0
19991110,33022,OSIXE',OTC,1,1,645,0,Outsource Intl Inc,0,0,0
19991111,33022,OSIXE',OTC,0.96875,0.96875,1142,0,Outsource Intl Inc,0,0,0
19991112,33022,OSIXE',OTC,0.90625,0.90625,58,0,Outsource Intl Inc,0,0,0
19991115,33022,OSIXE',OTC,0.9375,0.9375,496,0,Outsource Intl Inc,0,0,0
19991116,33022,OSIXE',OTC,0.90625,0.90625,207,0,Outsource Intl Inc,0,0,0
19991117,33022,OSIXE',OTC,0.90625,0.90625,134,0,Outsource Intl Inc,0,0,0
19991118,33022,OSIXE',OTC,0.78125,0.78125,1049,0,Outsource Intl Inc,0,0,0
19991119,33022,OSIXE',OTC,0.875,0.875,6468,0,Outsource Intl Inc,0,0,0
19991122,33022,OSIXE',OTC,1.0625,1.0625,716,0,Outsource Intl Inc,0,0,0
19991123,33022,OSIXE',OTC,1,1,252,0,Outsource Intl Inc,0,0,0
19991124,33022,OSIXE',OTC,1,1,227,0,Outsource Intl Inc,0,0,0
19991126,33022,OSIXE',OTC,0.96875,0.96875,39,0,Outsource Intl Inc,0,0,0
19991129,33022,OSIXE',OTC,1.0625,1.0625,98,0,Outsource Intl Inc,0,0,0
19991130,33022,OSIXE',OTC,0.9375,0.9375,408,0,Outsource Intl Inc,0,0,0
19991201,33022,OSIXE',OTC,0.875,0.875,361,0,Outsource Intl Inc,0,0,0
19991202,33022,OSIXE',OTC,0.9375,0.9375,197,0,Outsource Intl Inc,0,0,0
19991203,33022,OSIXE',OTC,0.90625,0.90625,133,0,Outsource Intl Inc,0,0,0
19991206,33022,OSIXE',OTC,0.875,0.875,955,0,Outsource Intl Inc,0,0,0
19991207,33022,OSIXE',OTC,1.03125,1.03125,1039,0,Outsource Intl Inc,0,0,0
19991208,33022,OSIXE',OTC,1.03125,1.03125,309,0,Outsource Intl Inc,0,0,0
19991209,33022,OSIXE',OTC,0.96875,0.96875,383,0,Outsource Intl Inc,0,0,0
19991210,33022,OSIXE',OTC,1.0625,1.0625,328,0,Outsource Intl Inc,0,0,0
19991213,33022,OSIXE',OTC,0.96875,0.96875,312,0,Outsource Intl Inc,0,0,0
19991214,33022,OSIXE',OTC,1.3125,1.3125,1635,0,Outsource Intl Inc,0,0,0
19991215,33022,OSIXE',OTC,1.375,1.375,1118,0,Outsource Intl Inc,0,0,0
19991216,33022,OSIXE',OTC,1.5,1.5,993,0,Outsource Intl Inc,0,0,0
19991217,33022,OSIXE',OTC,1.9375,1.9375,461,0,Outsource Intl Inc,0,0,0
19991220,33022,OSIXE',OTC,1.8125,1.8125,904,0,Outsource Intl Inc,0,0,0
19991221,33022,OSIXE',OTC,1.8125,1.8125,94,0,Outsource Intl Inc,0,0,0
19991222,33022,OSIXE',OTC,1.5625,1.5625,604,0,Outsource Intl Inc,0,0,0
19991223,33022,OSIXE',OTC,1.75,1.75,947,0,Outsource Intl Inc,0,0,0
19991227,33022,OSIXE',OTC,1.6875,1.6875,599,0,Outsource Intl Inc,0,0,0
19991228,33022,OSIXE',OTC,1.625,1.625,309,0,Outsource Intl Inc,0,0,0
19991229,33022,OSIXE',OTC,1.4375,1.4375,247,0,Outsource Intl Inc,0,0,0
19991230,33022,OSIXE',OTC,1.4375,1.4375,377,0,Outsource Intl Inc,0,0,0
19991231,33022,OSIXE',OTC,1.90625,1.90625,580,0,Outsource Intl Inc,0,0,0
20000103,33022,OSIXE',OTC,1.75,1.75,362,0,Outsource Intl Inc,0,0,0
20000104,33022,OSIXE',OTC,1.75,1.75,208,0,Outsource Intl Inc,0,0,0
20000105,33022,OSIXE',OTC,1.6875,1.6875,69,0,Outsource Intl Inc,0,0,0
20000106,33022,OSIXE',OTC,1.375,1.375,248,0,Outsource Intl Inc,0,0,0
20000107,33022,OSIXE',OTC,1.4375,1.4375,211,0,Outsource Intl Inc,0,0,0
20000110,33022,OSIXE',OTC,1.6875,1.6875,101,0,Outsource Intl Inc,0,0,0
20000111,33022,OSIXE',OTC,1.6875,1.6875,116,0,Outsource Intl Inc,0,0,0
20000112,33022,OSIXE',OTC,1.75,1.75,239,0,Outsource Intl Inc,0,0,0
20000113,33022,OSIXE',OTC,2,2,437,0,Outsource Intl Inc,0,0,0
20000114,33022,OSIXE',OTC,2.15625,2.15625,645,0,Outsource Intl Inc,0,0,0
20000118,33022,OSIXE',OTC,2.75,2.75,694,0,Outsource Intl Inc,0,0,0
20000119,33022,OSIXE',OTC,3,3,1347,0,Outsource Intl Inc,0,0,0
20000120,33022,OSIXE',OTC,2.6875,2.6875,635,0,Outsource Intl Inc,0,0,0
20000121,33022,OSIXE',OTC,2.625,2.625,152,0,Outsource Intl Inc,0,0,0
20000124,33022,OSIXE',OTC,2.625,2.625,538,0,Outsource Intl Inc,0,0,0
20000125,33022,OSIXE',OTC,2.25,2.25,245,0,Outsource Intl Inc,0,0,0
20000126,33022,OSIXE',OTC,2.5,2.5,130,0,Outsource Intl Inc,0,0,0
20000127,33022,OSIXE',OTC,2.9375,2.9375,440,0,Outsource Intl Inc,0,0,0
20000128,33022,OSIXE',OTC,2.75,2.75,120,0,Outsource Intl Inc,0,0,0
20000131,33022,OSIXE',OTC,2.875,2.875,601,0,Outsource Intl Inc,0,0,0
20000201,33022,OSIXE',OTC,2.875,2.875,529,0,Outsource Intl Inc,0,0,0
20000202,33022,OSIXE',OTC,2.875,2.875,114,0,Outsource Intl Inc,0,0,0
20000203,33022,OSIXE',OTC,2.90625,2.90625,5,0,Outsource Intl Inc,0,0,0
20000204,33022,OSIXE',OTC,2.875,2.875,141,0,Outsource Intl Inc,0,0,0
20000207,33022,OSIXE',OTC,2.75,2.75,218,0,Outsource Intl Inc,0,0,0
20000208,33022,OSIXE',OTC,2.65625,2.65625,226,0,Outsource Intl Inc,0,0,0
20000209,33022,OSIXE',OTC,2.4375,2.4375,140,0,Outsource Intl Inc,0,0,0
20000210,33022,OSIXE',OTC,2.5,2.5,99,0,Outsource Intl Inc,0,0,0
20000211,33022,OSIXE',OTC,2.25,2.25,433,0,Outsource Intl Inc,0,0,0
20000214,33022,OSIXE',OTC,2.25,2.25,238,0,Outsource Intl Inc,0,0,0
20000215,33022,OSIXE',OTC,2.125,2.125,39,0,Outsource Intl Inc,0,0,0
20000216,33022,OSIXE',OTC,2,2,330,0,Outsource Intl Inc,0,0,0
20000217,33022,OSIXE',OTC,1.84375,1.84375,1348,0,Outsource Intl Inc,0,0,0
20000218,33022,OSIXE',OTC,1.875,1.875,69,0,Outsource Intl Inc,0,0,0
20000222,33022,OSIXE',OTC,1.875,1.875,469,0,Outsource Intl Inc,0,0,0
20000223,33022,OSIXE',OTC,2,2,338,0,Outsource Intl Inc,0,0,0
20000224,33022,OSIXE',OTC,2,2,279,0,Outsource Intl Inc,0,0,0
20000225,33022,OSIXE',OTC,2,2,116,0,Outsource Intl Inc,0,0,0
20000228,33022,OSIXE',OTC,1.875,1.875,520,0,Outsource Intl Inc,0,0,0
20000229,33022,OSIXE',OTC,2.25,2.25,181,0,Outsource Intl Inc,0,0,0
20000301,33022,OSIXE',OTC,2.125,2.125,76,0,Outsource Intl Inc,0,0,0
20000302,33022,OSIXE',OTC,1.9375,1.9375,23,0,Outsource Intl Inc,0,0,0
20000303,33022,OSIXE',OTC,1.9375,1.9375,38,0,Outsource Intl Inc,0,0,0
20000306,33022,OSIXE',OTC,2,2,258,0,Outsource Intl Inc,0,0,0
20000307,33022,OSIXE',OTC,2.25,2.25,159,0,Outsource Intl Inc,0,0,0
20000308,33022,OSIXE',OTC,2.125,2.125,75,0,Outsource Intl Inc,0,0,0
20000309,33022,OSIXE',OTC,2.09375,2.09375,153,0,Outsource Intl Inc,0,0,0
20000310,33022,OSIXE',OTC,2,2,154,0,Outsource Intl Inc,0,0,0
20000313,33022,OSIXE',OTC,2,2,32,0,Outsource Intl Inc,0,0,0
20000314,33022,OSIXE',OTC,1.96875,1.96875,161,0,Outsource Intl Inc,0,0,0
20000315,33022,OSIXE',OTC,1.8125,1.8125,65,0,Outsource Intl Inc,0,0,0
20000316,33022,OSIXE',OTC,1.6875,1.6875,301,0,Outsource Intl Inc,0,0,0
20000317,33022,OSIXE',OTC,1.625,1.625,29,0,Outsource Intl Inc,0,0,0
20000320,33022,OSIXE',OTC,1.53125,1.53125,174,0,Outsource Intl Inc,0,0,0
20000321,33022,OSIXE',OTC,1.59375,1.59375,1,0,Outsource Intl Inc,0,0,0
20000322,33022,OSIXE',OTC,1.75,1.75,157,0,Outsource Intl Inc,0,0,0
20000323,33022,OSIXE',OTC,1.375,1.375,137,0,Outsource Intl Inc,0,0,0
20000324,33022,OSIXE',OTC,2,2,1892,0,Outsource Intl Inc,0,0,0
20000327,33022,OSIXE',OTC,2,2,534,0,Outsource Intl Inc,0,0,0
20000328,33022,OSIXE',OTC,2.25,2.25,630,0,Outsource Intl Inc,0,0,0
20000329,33022,OSIXE',OTC,1.9375,1.9375,207,0,Outsource Intl Inc,0,0,0
20000330,33022,OSIXE',OTC,1.75,1.75,105,0,Outsource Intl Inc,0,0,0
20000331,33022,OSIXE',OTC,1.625,1.625,178,0,Outsource Intl Inc,0,0,0
20000403,33022,OSIXE',OTC,1.625,1.625,83,0,Outsource Intl Inc,0,0,0
20000404,33022,OSIXE',OTC,1.625,1.625,91,0,Outsource Intl Inc,0,0,0
20000405,33022,OSIXE',OTC,1.625,1.625,46,0,Outsource Intl Inc,0,0,0
20000406,33022,OSIXE',OTC,1.65625,1.65625,111,0,Outsource Intl Inc,0,0,0
20000407,33022,OSIXE',OTC,1.875,1.875,204,0,Outsource Intl Inc,0,0,0
20000410,33022,OSIXE',OTC,1.6875,1.6875,170,0,Outsource Intl Inc,0,0,0
20000411,33022,OSIXE',OTC,1.5625,1.5625,80,0,Outsource Intl Inc,0,0,0
20000412,33022,OSIXE',OTC,1.9375,1.9375,619,0,Outsource Intl Inc,0,0,0
20000413,33022,OSIXE',OTC,1.5625,1.5625,216,0,Outsource Intl Inc,0,0,0
20000414,33022,OSIXE',OTC,1.5,1.5,240,0,Outsource Intl Inc,0,0,0
20000417,33022,OSIXE',OTC,1.4375,1.4375,353,0,Outsource Intl Inc,0,0,0
20000418,33022,OSIXE',OTC,1.46875,1.46875,207,0,Outsource Intl Inc,0,0,0
20000419,33022,OSIXE',OTC,1.625,1.625,189,0,Outsource Intl Inc,0,0,0
20000420,33022,OSIXE',OTC,1.4375,1.4375,4,0,Outsource Intl Inc,0,0,0
20000424,33022,OSIXE',OTC,1.4375,1.4375,3,0,Outsource Intl Inc,0,0,0
20000425,33022,OSIXE',OTC,1.4375,1.4375,81,0,Outsource Intl Inc,0,0,0
20000426,33022,OSIXE',OTC,1.4375,1.4375,86,0,Outsource Intl Inc,0,0,0
20000427,33022,OSIXE',OTC,1.453125,1.453125,14,0,Outsource Intl Inc,0,0,0
20000428,33022,OSIXE',OTC,1.46875,1.46875,232,0,Outsource Intl Inc,0,0,0
20000501,33022,OSIXE',OTC,1.3125,1.3125,179,0,Outsource Intl Inc,0,0,0
20000502,33022,OSIXE',OTC,1.25,1.25,51,0,Outsource Intl Inc,0,0,0
20000503,33022,OSIXE',OTC,1.25,1.25,86,0,Outsource Intl Inc,0,0,0
20000504,33022,OSIXE',OTC,1.25,1.25,181,0,Outsource Intl Inc,0,0,0
20000505,33022,OSIXE',OTC,1.3125,1.3125,211,0,Outsource Intl Inc,0,0,0
20000508,33022,OSIXE',OTC,1.25,1.25,271,0,Outsource Intl Inc,0,0,0
20000509,33022,OSIXE',OTC,1.375,1.375,25,0,Outsource Intl Inc,0,0,0
20000510,33022,OSIXE',OTC,1.25,1.25,96,0,Outsource Intl Inc,0,0,0
20000511,33022,OSIXE',OTC,1.25,1.25,1,0,Outsource Intl Inc,0,0,0
20000512,33022,OSIXE',OTC,1.25,1.25,1,0,Outsource Intl Inc,0,0,0
20000515,33022,OSIXE',OTC,1.25,1.25,46,0,Outsource Intl Inc,0,0,0
20000516,33022,OSIXE',OTC,1.25,1.25,5,0,Outsource Intl Inc,0,0,0
20000517,33022,OSIXE',OTC,1.375,1.375,277,0,Outsource Intl Inc,0,0,0
20000518,33022,OSIXE',OTC,1.3125,1.3125,138,0,Outsource Intl Inc,0,0,0
20000519,33022,OSIXE',OTC,1.25,1.25,186,0,Outsource Intl Inc,0,0,0
20000522,33022,OSIXE',OTC,1.25,1.25,678,0,Outsource Intl Inc,0,0,0
20000523,33022,OSIXE',OTC,1.25,1.25,735,0,Outsource Intl Inc,0,0,0
20000524,33022,OSIXE',OTC,0.84375,0.84375,763,0,Outsource Intl Inc,0,0,0
20000525,33022,OSIXE',OTC,0.875,0.875,325,0,Outsource Intl Inc,0,0,0
20000526,33022,OSIXE',OTC,0.78125,0.78125,185,0,Outsource Intl Inc,0,0,0
20000530,33022,OSIXE',OTC,0.96875,0.96875,696,0,Outsource Intl Inc,0,0,0
20000531,33022,OSIXE',OTC,1.25,1.25,367,0,Outsource Intl Inc,0,0,0
20000601,33022,OSIXE',OTC,1.3125,1.3125,76,0,Outsource Intl Inc,0,0,0
20000602,33022,OSIXE',OTC,1.375,1.375,638,0,Outsource Intl Inc,0,0,0
20000605,33022,OSIXE',OTC,1.3125,1.3125,212,0,Outsource Intl Inc,0,0,0
20000606,33022,OSIXE',OTC,1.125,1.125,325,0,Outsource Intl Inc,0,0,0
20000607,33022,OSIXE',OTC,1.125,1.125,168,0,Outsource Intl Inc,0,0,0
20000608,33022,OSIXE',OTC,1,1,25,0,Outsource Intl Inc,0,0,0
20000609,33022,OSIXE',OTC,1.0625,1.0625,154,0,Outsource Intl Inc,0,0,0
20000612,33022,OSIXE',OTC,1,1,170,0,Outsource Intl Inc,0,0,0
20000613,33022,OSIXE',OTC,1,1,10,0,Outsource Intl Inc,0,0,0
20000614,33022,OSIXE',OTC,1.0625,1.0625,77,0,Outsource Intl Inc,0,0,0
20000615,33022,OSIXE',OTC,1.375,1.375,696,0,Outsource Intl Inc,0,0,0
20000616,33022,OSIXE',OTC,1.4375,1.4375,923,0,Outsource Intl Inc,0,0,0
20000619,33022,OSIXE',OTC,1.3125,1.3125,2,0,Outsource Intl Inc,0,0,0
20000620,33022,OSIXE',OTC,1.25,1.25,138,0,Outsource Intl Inc,0,0,0
20000621,33022,OSIXE',OTC,1.25,1.25,2,0,Outsource Intl Inc,0,0,0
20000622,33022,OSIXE',OTC,1.375,1.375,76,0,Outsource Intl Inc,0,0,0
20000623,33022,OSIXE',OTC,1.125,1.125,51,0,Outsource Intl Inc,0,0,0
20000626,33022,OSIXE',OTC,1.125,1.125,23,0,Outsource Intl Inc,0,0,0
20000627,33022,OSIXE',OTC,1.125,1.125,30,0,Outsource Intl Inc,0,0,0
20000628,33022,OSIXE',OTC,1.125,1.125,112,0,Outsource Intl Inc,0,0,0
20000629,33022,OSIXE',OTC,1.125,1.125,240,0,Outsource Intl Inc,0,0,0
20000630,33022,OSIXE',OTC,1.125,1.125,2,0,Outsource Intl Inc,0,0,0
20000703,33022,OSIXE',OTC,1.125,1.125,1,0,Outsource Intl Inc,0,0,0
20000705,33022,OSIXE',OTC,1.125,1.125,28,0,Outsource Intl Inc,0,0,0
20000706,33022,OSIXE',OTC,1.1875,1.1875,120,0,Outsource Intl Inc,0,0,0
20000707,33022,OSIXE',OTC,1.1875,1.1875,18,0,Outsource Intl Inc,0,0,0
20000710,33022,OSIXE',OTC,1.1875,1.1875,4,0,Outsource Intl Inc,0,0,0
20000711,33022,OSIXE',OTC,1.0625,1.0625,134,0,Outsource Intl Inc,0,0,0
20000712,33022,OSIXE',OTC,1.0625,1.0625,87,0,Outsource Intl Inc,0,0,0
20000713,33022,OSIXE',OTC,1.125,1.125,321,0,Outsource Intl Inc,0,0,0
20000714,33022,OSIXE',OTC,1.28125,1.28125,16,0,Outsource Intl Inc,0,0,0
20000717,33022,OSIXE',OTC,1.1875,1.1875,263,0,Outsource Intl Inc,0,0,0
20000718,33022,OSIXE',OTC,1.25,1.25,802,0,Outsource Intl Inc,0,0,0
20000719,33022,OSIXE',OTC,1.125,1.125,58,0,Outsource Intl Inc,0,0,0
20000720,33022,OSIXE',OTC,1.09375,1.09375,18,0,Outsource Intl Inc,0,0,0
20000721,33022,OSIXE',OTC,1.125,1.125,123,0,Outsource Intl Inc,0,0,0
20000724,33022,OSIXE',OTC,1.125,1.125,292,0,Outsource Intl Inc,0,0,0
20000725,33022,OSIXE',OTC,1.15625,1.15625,60,0,Outsource Intl Inc,0,0,0
20000726,33022,OSIXE',OTC,1.375,1.375,327,0,Outsource Intl Inc,0,0,0
20000727,33022,OSIXE',OTC,1.375,1.375,11,0,Outsource Intl Inc,0,0,0
20000728,33022,OSIXE',OTC,1.3125,1.3125,120,0,Outsource Intl Inc,0,0,0
20000731,33022,OSIXE',OTC,1.375,1.375,474,0,Outsource Intl Inc,0,0,0
20000801,33022,OSIXE',OTC,1.1875,1.1875,60,0,Outsource Intl Inc,0,0,0
20000802,33022,OSIXE',OTC,1.375,1.375,26,0,Outsource Intl Inc,0,0,0
20000803,33022,OSIXE',OTC,1.25,1.25,54,0,Outsource Intl Inc,0,0,0
20000804,33022,OSIXE',OTC,1.25,1.25,541,0,Outsource Intl Inc,0,0,0
20000807,33022,OSIXE',OTC,1.3125,1.3125,1,0,Outsource Intl Inc,0,0,0
20000808,33022,OSIXE',OTC,1.375,1.375,1,0,Outsource Intl Inc,0,0,0
20000809,33022,OSIXE',OTC,1.375,1.375,2,0,Outsource Intl Inc,0,0,0
20000810,33022,OSIXE',OTC,0.9375,0.9375,57,0,Outsource Intl Inc,0,0,0
20000811,33022,OSIXE',OTC,1.5,1.5,1411,0,Outsource Intl Inc,0,0,0
20000814,33022,OSIXE',OTC,1.25,1.25,324,0,Outsource Intl Inc,0,0,0
20000815,33022,OSIXE',OTC,1.1875,1.1875,242,0,Outsource Intl Inc,0,0,0
20000816,33022,OSIXE',OTC,1.125,1.125,508,0,Outsource Intl Inc,0,0,0
20000817,33022,OSIXE',OTC,1,1,1456,0,Outsource Intl Inc,0,0,0
20000818,33022,OSIXE',OTC,1.03125,1.03125,741,0,Outsource Intl Inc,0,0,0
20000821,33022,OSIXE',OTC,1.3125,1.3125,336,0,Outsource Intl Inc,0,0,0
20000822,33022,OSIXE',OTC,1.34375,1.34375,366,0,Outsource Intl Inc,0,0,0
20000823,33022,OSIXE',OTC,1.34375,1.34375,1,0,Outsource Intl Inc,0,0,0
20000824,33022,OSIXE',OTC,1.375,1.375,829,0,Outsource Intl Inc,0,0,0
20000825,33022,OSIXE',OTC,1.375,1.375,31,0,Outsource Intl Inc,0,0,0
20000828,33022,OSIXE',OTC,1.4375,1.4375,8,0,Outsource Intl Inc,0,0,0
20000829,33022,OSIXE',OTC,1.40625,1.40625,148,0,Outsource Intl Inc,0,0,0
20000830,33022,OSIXE',OTC,1.34375,1.34375,238,0,Outsource Intl Inc,0,0,0
20000831,33022,OSIXE',OTC,1.34375,1.34375,822,0,Outsource Intl Inc,0,0,0
20000901,33022,OSIXE',OTC,1.375,1.375,385,0,Outsource Intl Inc,0,0,0
20000905,33022,OSIXE',OTC,1.375,1.375,451,0,Outsource Intl Inc,0,0,0
20000906,33022,OSIXE',OTC,1.375,1.375,100,0,Outsource Intl Inc,0,0,0
20000907,33022,OSIXE',OTC,1.3125,1.3125,348,0,Outsource Intl Inc,0,0,0
20000908,33022,OSIXE',OTC,1.375,1.375,223,0,Outsource Intl Inc,0,0,0
20000911,33022,OSIXE',OTC,1.3125,1.3125,20,0,Outsource Intl Inc,0,0,0
20000912,33022,OSIXE',OTC,1.3125,1.3125,25,0,Outsource Intl Inc,0,0,0
20000913,33022,OSIXE',OTC,1.3125,1.3125,0,0,Outsource Intl Inc,0,0,0
20000914,33022,OSIXE',OTC,1.1875,1.1875,131,0,Outsource Intl Inc,0,0,0
20000915,33022,OSIXE',OTC,1.21875,1.21875,215,0,Outsource Intl Inc,0,0,0
20000918,33022,OSIXE',OTC,1.21875,1.21875,0,0,Outsource Intl Inc,0,0,0
20000919,33022,OSIXE',OTC,1.1875,1.1875,50,0,Outsource Intl Inc,0,0,0
20000920,33022,OSIXE',OTC,1.1875,1.1875,0,0,Outsource Intl Inc,0,0,0
20000921,33022,OSIXE',OTC,1.15625,1.15625,25,0,Outsource Intl Inc,0,0,0
20000922,33022,OSIXE',OTC,1.234375,1.234375,105,0,Outsource Intl Inc,0,0,0
20000925,33022,OSIXE',OTC,1.1875,1.1875,393,0,Outsource Intl Inc,0,0,0
20000926,33022,OSIXE',OTC,1.15625,1.15625,364,0,Outsource Intl Inc,0,0,0
20000927,33022,OSIXE',OTC,1.1875,1.1875,10,0,Outsource Intl Inc,0,0,0
20000928,33022,OSIXE',OTC,1.125,1.125,40,0,Outsource Intl Inc,0,0,0
20000929,33022,OSIXE',OTC,1.125,1.125,3,0,Outsource Intl Inc,0,0,0
20001002,33022,OSIXE',OTC,1.125,1.125,88,0,Outsource Intl Inc,0,0,0
20001003,33022,OSIXE',OTC,1.0625,1.0625,70,0,Outsource Intl Inc,0,0,0
20001004,33022,OSIXE',OTC,1.1875,1.1875,87,0,Outsource Intl Inc,0,0,0
20001005,33022,OSIXE',OTC,1.1875,1.1875,1,0,Outsource Intl Inc,0,0,0
20001006,33022,OSIXE',OTC,1,1,267,0,Outsource Intl Inc,0,0,0
20001009,33022,OSIXE',OTC,0.953125,0.953125,4,0,Outsource Intl Inc,0,0,0
20001010,33022,OSIXE',OTC,0.953125,0.953125,26,0,Outsource Intl Inc,0,0,0
20001011,33022,OSIXE',OTC,0.984375,0.984375,160,0,Outsource Intl Inc,0,0,0
20001012,33022,OSIXE',OTC,0.96875,0.96875,17,0,Outsource Intl Inc,0,0,0
20001013,33022,OSIXE',OTC,1.125,1.125,155,0,Outsource Intl Inc,0,0,0
20001016,33022,OSIXE',OTC,1.03125,1.03125,227,0,Outsource Intl Inc,0,0,0
20001017,33022,OSIXE',OTC,1.03125,1.03125,0,0,Outsource Intl Inc,0,0,0
20001018,33022,OSIXE',OTC,0.9375,0.9375,216,0,Outsource Intl Inc,0,0,0
20001019,33022,OSIXE',OTC,0.8125,0.8125,221,0,Outsource Intl Inc,0,0,0
20001020,33022,OSIXE',OTC,0.8125,0.8125,30,0,Outsource Intl Inc,0,0,0
20001023,33022,OSIXE',OTC,0.875,0.875,48,0,Outsource Intl Inc,0,0,0
20001024,33022,OSIXE',OTC,0.6875,0.6875,3,0,Outsource Intl Inc,0,0,0
20001025,33022,OSIXE',OTC,0.9375,0.9375,40,0,Outsource Intl Inc,0,0,0
20001026,33022,OSIXE',OTC,1,1,4,0,Outsource Intl Inc,0,0,0
20001027,33022,OSIXE',OTC,1,1,0,0,Outsource Intl Inc,0,0,0
20001030,33022,OSIXE',OTC,1,1,0,0,Outsource Intl Inc,0,0,0
20001031,33022,OSIXE',OTC,0.9375,0.9375,26,0,Outsource Intl Inc,0,0,0
20001101,33022,OSIXE',OTC,0.9375,0.9375,13,0,Outsource Intl Inc,0,0,0
20001102,33022,OSIXE',OTC,0.9375,0.9375,0,0,Outsource Intl Inc,0,0,0
20001103,33022,OSIXE',OTC,0.9375,0.9375,21,0,Outsource Intl Inc,0,0,0
20001106,33022,OSIXE',OTC,0.9375,0.9375,30,0,Outsource Intl Inc,0,0,0
20001107,33022,OSIXE',OTC,0.75,0.75,6,0,Outsource Intl Inc,0,0,0
20001108,33022,OSIXE',OTC,1.03125,1.03125,45,0,Outsource Intl Inc,0,0,0
20001109,33022,OSIXE',OTC,1.03125,1.03125,75,0,Outsource Intl Inc,0,0,0
20001110,33022,OSIXE',OTC,1.015625,1.015625,3,0,Outsource Intl Inc,0,0,0
20001113,33022,OSIXE',OTC,0.8125,0.8125,300,0,Outsource Intl Inc,0,0,0
20001114,33022,OSIXE',OTC,1.03125,1.03125,469,0,Outsource Intl Inc,0,0,0
20001115,33022,OSIXE',OTC,1.03125,1.03125,0,0,Outsource Intl Inc,0,0,0
20001116,33022,OSIXE',OTC,0.8125,0.8125,1,0,Outsource Intl Inc,0,0,0
20001117,33022,OSIXE',OTC,1,1,13,0,Outsource Intl Inc,0,0,0
20001120,33022,OSIXE',OTC,0.8125,0.8125,10,0,Outsource Intl Inc,0,0,0
20001121,33022,OSIXE',OTC,0.75,0.75,57,0,Outsource Intl Inc,0,0,0
20001122,33022,OSIXE',OTC,0.625,0.625,54,0,Outsource Intl Inc,0,0,0
20001124,33022,OSIXE',OTC,0.59375,0.59375,10,0,Outsource Intl Inc,0,0,0
20001127,33022,OSIXE',OTC,0.9375,0.9375,460,0,Outsource Intl Inc,0,0,0
20001128,33022,OSIXE',OTC,0.90625,0.90625,196,0,Outsource Intl Inc,0,0,0
20001129,33022,OSIXE',OTC,0.90625,0.90625,0,0,Outsource Intl Inc,0,0,0
20001130,33022,OSIXE',OTC,0.59375,0.59375,145,0,Outsource Intl Inc,0,0,0
20001201,33022,OSIXE',OTC,0.6875,0.6875,55,0,Outsource Intl Inc,0,0,0
20001204,33022,OSIXE',OTC,0.9375,0.9375,157,0,Outsource Intl Inc,0,0,0
20001205,33022,OSIXE',OTC,0.59375,0.59375,350,0,Outsource Intl Inc,0,0,0
20001206,33022,OSIXE',OTC,0.75,0.75,52,0,Outsource Intl Inc,0,0,0
20001207,33022,OSIXE',OTC,0.75,0.75,276,0,Outsource Intl Inc,0,0,0
20001208,33022,OSIXE',OTC,0.6875,0.6875,60,0,Outsource Intl Inc,0,0,0
20001211,33022,OSIXE',OTC,0.6875,0.6875,81,0,Outsource Intl Inc,0,0,0
20001212,33022,OSIXE',OTC,0.6875,0.6875,624,0,Outsource Intl Inc,0,0,0
20001213,33022,OSIXE',OTC,0.75,0.75,235,0,Outsource Intl Inc,0,0,0
20001214,33022,OSIXE',OTC,0.625,0.625,509,0,Outsource Intl Inc,0,0,0
20001215,33022,OSIXE',OTC,0.625,0.625,162,0,Outsource Intl Inc,0,0,0
20001218,33022,OSIXE',OTC,0.59375,0.59375,215,0,Outsource Intl Inc,0,0,0
20001219,33022,OSIXE',OTC,0.625,0.625,533,0,Outsource Intl Inc,0,0,0
20001220,33022,OSIXE',OTC,0.5625,0.5625,13,0,Outsource Intl Inc,0,0,0
20001221,33022,OSIXE',OTC,0.625,0.625,115,0,Outsource Intl Inc,0,0,0
20001222,33022,OSIXE',OTC,0.5625,0.5625,87,0,Outsource Intl Inc,0,0,0
20001226,33022,OSIXE',OTC,0.53125,0.53125,151,0,Outsource Intl Inc,0,0,0
20001227,33022,OSIXE',OTC,0.515625,0.515625,96,0,Outsource Intl Inc,0,0,0
20001228,33022,OSIXE',OTC,0.453125,0.453125,431,0,Outsource Intl Inc,0,0,0
20001229,33022,OSIXE',OTC,0.5,0.5,113,0,Outsource Intl Inc,0,0,0
20010102,33022,OSIXE',OTC,0.5625,0.5625,605,0,Outsource Intl Inc,0,0,0
20010103,33022,OSIXE',OTC,0.5625,0.5625,0,0,Outsource Intl Inc,0,0,0
20010104,33022,OSIXE',OTC,0.46875,0.46875,52,0,Outsource Intl Inc,0,0,0
20010105,33022,OSIXE',OTC,0.46875,0.46875,0,0,Outsource Intl Inc,0,0,0
20010108,33022,OSIXE',OTC,0.46875,0.46875,0,0,Outsource Intl Inc,0,0,0
20010109,33022,OSIXE',OTC,0.40625,0.40625,30,0,Outsource Intl Inc,0,0,0
20010110,33022,OSIXE',OTC,0.40625,0.40625,0,0,Outsource Intl Inc,0,0,0
20010111,33022,OSIXE',OTC,0.40625,0.40625,0,0,Outsource Intl Inc,0,0,0
20010112,33022,OSIXE',OTC,0.5625,0.5625,38,0,Outsource Intl Inc,0,0,0
20010116,33022,OSIXE',OTC,0.5625,0.5625,0,0,Outsource Intl Inc,0,0,0
20010117,33022,OSIXE',OTC,0.40625,0.40625,7,0,Outsource Intl Inc,0,0,0
20010118,33022,OSIXE',OTC,0.40625,0.40625,115,0,Outsource Intl Inc,0,0,0
20010119,33022,OSIXE',OTC,0.40625,0.40625,0,0,Outsource Intl Inc,0,0,0
20010122,33022,OSIXE',OTC,0.5625,0.5625,23,0,Outsource Intl Inc,0,0,0
20010123,33022,OSIXE',OTC,0.5625,0.5625,0,0,Outsource Intl Inc,0,0,0
20010124,33022,OSIXE',OTC,0.40625,0.40625,30,0,Outsource Intl Inc,0,0,0
20010125,33022,OSIXE',OTC,0.5625,0.5625,30,0,Outsource Intl Inc,0,0,0
20010126,33022,OSIXE',OTC,0.5,0.5,240,0,Outsource Intl Inc,0,0,0
20010129,33022,OSIXE',OTC,0.5,0.5,120,0,Outsource Intl Inc,0,0,0
20010130,33022,OSIXE',OTC,0.5625,0.5625,4,0,Outsource Intl Inc,0,0,0
20010131,33022,OSIXE',OTC,0.5625,0.5625,5,0,Outsource Intl Inc,0,0,0
20010201,33022,OSIXE',OTC,0.625,0.625,16,0,Outsource Intl Inc,0,0,0
20010202,33022,OSIXE',OTC,0.4375,0.4375,114,0,Outsource Intl Inc,0,0,0
20010205,33022,OSIXE',OTC,0.5,0.5,22,0,Outsource Intl Inc,0,0,0
20010206,33022,OSIXE',OTC,0.46875,0.46875,92,0,Outsource Intl Inc,0,0,0
20010207,33022,OSIXE',OTC,0.46875,0.46875,14,0,Outsource Intl Inc,0,0,0
20010208,33022,OSIXE',OTC,0.46875,0.46875,53,0,Outsource Intl Inc,0,0,0
20010209,33022,OSIXE',OTC,0.46875,0.46875,0,0,Outsource Intl Inc,0,0,0
20010212,33022,OSIXE',OTC,0.625,0.625,385,0,Outsource Intl Inc,0,0,0
20010213,33022,OSIXE',OTC,0.6875,0.6875,50,0,Outsource Intl Inc,0,0,0
20010214,33022,OSIXE',OTC,0.75,0.75,46,0,Outsource Intl Inc,0,0,0
20010215,33022,OSIXE',OTC,0.75,0.75,6,0,Outsource Intl Inc,0,0,0
20010216,33022,OSIXE',OTC,0.75,0.75,16,0,Outsource Intl Inc,0,0,0
20010220,33022,OSIXE',OTC,0.75,0.75,0,0,Outsource Intl Inc,0,0,0
20010221,33022,OSIXE',OTC,0.8125,0.8125,93,0,Outsource Intl Inc,0,0,0
20010222,33022,OSIXE',OTC,0.78125,0.78125,47,0,Outsource Intl Inc,0,0,0
20010223,33022,OSIXE',OTC,0.78125,0.78125,0,0,Outsource Intl Inc,0,0,0
20010226,33022,OSIXE',OTC,0.6875,0.6875,25,0,Outsource Intl Inc,0,0,0
20010227,33022,OSIXE',OTC,0.6875,0.6875,50,0,Outsource Intl Inc,0,0,0
20010228,33022,OSIXE',OTC,0.6875,0.6875,49,0,Outsource Intl Inc,0,0,0
20010301,33022,OSIXE',OTC,0.625,0.625,144,0,Outsource Intl Inc,0,0,0
20010302,33022,OSIXE',OTC,0.75,0.75,2,0,Outsource Intl Inc,0,0,0
20010305,33022,OSIXE',OTC,0.59375,0.59375,270,0,Outsource Intl Inc,0,0,0
20010306,33022,OSIXE',OTC,0.5625,0.5625,46,0,Outsource Intl Inc,0,0,0
20010307,33022,OSIXE',OTC,0.6875,0.6875,1,0,Outsource Intl Inc,0,0,0
20010308,33022,OSIXE',OTC,0.5,0.5,15,0,Outsource Intl Inc,0,0,0
20010309,33022,OSIXE',OTC,0.5,0.5,2,0,Outsource Intl Inc,0,0,0
20010312,33022,OSIXE',OTC,0.5625,0.5625,48,0,Outsource Intl Inc,0,0,0
20010313,33022,OSIXE',OTC,0.5625,0.5625,0,0,Outsource Intl Inc,0,0,0
20010314,33022,OSIXE',OTC,0.5,0.5,13,0,Outsource Intl Inc,0,0,0
20010315,33022,OSIXE',OTC,0.625,0.625,20,0,Outsource Intl Inc,0,0,0
20010316,33022,OSIXE',OTC,0.625,0.625,6,0,Outsource Intl Inc,0,0,0
20010319,33022,OSIXE',OTC,0.6875,0.6875,11,0,Outsource Intl Inc,0,0,0
20010320,33022,OSIXE',OTC,0.6875,0.6875,0,0,Outsource Intl Inc,0,0,0
20010321,33022,OSIXE',OTC,0.6875,0.6875,0,0,Outsource Intl Inc,0,0,0
20010322,33022,OSIXE',OTC,0.625,0.625,164,0,Outsource Intl Inc,0,0,0
20010323,33022,OSIXE',OTC,0.625,0.625,0,0,Outsource Intl Inc,0,0,0
20010326,33022,OSIXE',OTC,0.625,0.625,25,0,Outsource Intl Inc,0,0,0
20010327,33022,OSIXE',OTC,0.625,0.625,72,0,Outsource Intl Inc,0,0,0
20010328,33022,OSIXE',OTC,0.625,0.625,0,0,Outsource Intl Inc,0,0,0
20010329,33022,OSIXE',OTC,0.625,0.625,0,0,Outsource Intl Inc,0,0,0
20010330,33022,OSIXE',OTC,0.625,0.625,0,0,Outsource Intl Inc,0,0,0
20010402,33022,OSIXE',OTC,0.625,0.625,0,0,Outsource Intl Inc,0,0,0
20010403,33022,OSIXE',OTC,0.625,0.625,0,0,Outsource Intl Inc,0,0,0
20010404,33022,OSIXE',OTC,0.59375,0.59375,21,0,Outsource Intl Inc,0,0,0
20010405,33022,OSIXE',OTC,0.5,0.5,315,0,Outsource Intl Inc,0,0,0
20010406,33022,OSIXE',OTC,0.515625,0.515625,25,0,Outsource Intl Inc,0,0,0
20010409,33022,OSIXE',OTC,0.5,0.5,45,0,Outsource Intl Inc,0,0,0
20010410,33022,OSIXE',OTC,0.5,0.5,66,0,Outsource Intl Inc,0,0,0
20010411,33022,OSIXE',OTC,0.5,0.5,0,0,Outsource Intl Inc,0,0,0
20010412,33022,OSIXE',OTC,0.5,0.5,60,0,Outsource Intl Inc,0,0,0
20010416,33022,OSIXE',OTC,0.45,0.45,37,0,Outsource Intl Inc,0,0,0
20010417,33022,OSIXE',OTC,0.49,0.49,20,0,Outsource Intl Inc,0,0,0
20010418,33022,OSIXE',OTC,0.5,0.5,381,0,Outsource Intl Inc,0,0,0
20010419,33022,OSIXE',OTC,0.5,0.5,0,0,Outsource Intl Inc,0,0,0
20010420,33022,OSIXE',OTC,0.5,0.5,0,0,Outsource Intl Inc,0,0,0
20010423,33022,OSIXE',OTC,0.5,0.5,0,0,Outsource Intl Inc,0,0,0
20010424,33022,OSIXE',OTC,0.48,0.48,110,0,Outsource Intl Inc,0,0,0
20010425,33022,OSIXE',OTC,0.48,0.48,0,0,Outsource Intl Inc,0,0,0
20010426,33022,OSIXE',OTC,0.48,0.48,73,0,Outsource Intl Inc,0,0,0
20010427,33022,OSIXE',OTC,0.48,0.48,0,0,Outsource Intl Inc,0,0,0
20010430,33022,OSIXE',OTC,0.48,0.48,0,0,Outsource Intl Inc,0,0,0
20010501,33022,OSIXE',OTC,0.48,0.48,40,0,Outsource Intl Inc,0,0,0
20010502,33022,OSIXE',OTC,0.48,0.48,27,0,Outsource Intl Inc,0,0,0
20010503,33022,OSIXE',OTC,0.48,0.48,0,0,Outsource Intl Inc,0,0,0
20010504,33022,OSIXE',OTC,0.45,0.45,100,0,Outsource Intl Inc,0,0,0
20010507,33022,OSIXE',OTC,0.45,0.45,20,0,Outsource Intl Inc,0,0,0
20010508,33022,OSIXE',OTC,0.43,0.43,218,0,Outsource Intl Inc,0,0,0
20010509,33022,OSIXE',OTC,0.43,0.43,25,0,Outsource Intl Inc,0,0,0
20010510,33022,OSIXE',OTC,0.43,0.43,156,0,Outsource Intl Inc,0,0,0
20010511,33022,OSIXE',OTC,0.38,0.38,50,0,Outsource Intl Inc,0,0,0
20010514,33022,OSIXE',OTC,0.4,0.4,12,0,Outsource Intl Inc,0,0,0
20010515,33022,OSIXE',OTC,0.37,0.37,236,0,Outsource Intl Inc,0,0,0
20010516,33022,OSIXE',OTC,0.33,0.33,70,0,Outsource Intl Inc,0,0,0
20010517,33022,OSIXE',OTC,0.25,0.25,1595,0,Outsource Intl Inc,0,0,0
20010518,33022,OSIXE',OTC,0.21,0.21,514,0,Outsource Intl Inc,0,0,0
20010521,33022,OSIXE',OTC,0.2,0.2,217,0,Outsource Intl Inc,0,0,0
20010522,33022,OSIXE',OTC,0.2,0.2,283,0,Outsource Intl Inc,0,0,0
20010523,33022,OSIXE',OTC,0.2,0.2,106,0,Outsource Intl Inc,0,0,0
20010524,33022,OSIXE',OTC,0.19,0.19,89,0,Outsource Intl Inc,0,0,0
20010525,33022,OSIXE',OTC,0.2,0.2,521,0,Outsource Intl Inc,0,0,0
20010529,33022,OSIXE',OTC,0.21,0.21,10,0,Outsource Intl Inc,0,0,0
20010530,33022,OSIXE',OTC,0.21,0.21,0,0,Outsource Intl Inc,0,0,0
20010531,33022,OSIXE',OTC,0.25,0.25,267,0,Outsource Intl Inc,0,0,0
20010601,33022,OSIXE',OTC,0.24,0.24,158,0,Outsource Intl Inc,0,0,0
20010604,33022,OSIXE',OTC,0.24,0.24,21,0,Outsource Intl Inc,0,0,0
20010605,33022,OSIXE',OTC,0.19,0.19,1193,0,Outsource Intl Inc,0,0,0
20010606,33022,OSIXE',OTC,0.18,0.18,311,0,Outsource Intl Inc,0,0,0
20010607,33022,OSIXE',OTC,0.15,0.15,248,0,Outsource Intl Inc,0,0,0
20010608,33022,OSIXE',OTC,0.15,0.15,405,0,Outsource Intl Inc,0,0,0
20010611,33022,OSIXE',OTC,0.13,0.13,537,0,Outsource Intl Inc,0,0,0
20010612,33022,OSIXE',OTC,0.1,0.1,4062,0,Outsource Intl Inc,0,0,0
20010613,33022,OSIXE',OTC,0.11,0.11,610,0,Outsource Intl Inc,0,0,0
20010614,33022,OSIXE',OTC,0.12,0.12,630,0,Outsource Intl Inc,0,0,0
20010615,33022,OSIXE',OTC,0.14,0.14,476,0,Outsource Intl Inc,0,0,0
20010618,33022,OSIXE',OTC,0.13,0.13,422,0,Outsource Intl Inc,0,0,0
20010619,33022,OSIXE',OTC,0.13,0.13,2,0,Outsource Intl Inc,0,0,0
20010620,33022,OSIXE',OTC,0.11,0.11,5,0,Outsource Intl Inc,0,0,0
20010621,33022,OSIXE',OTC,0.13,0.13,151,0,Outsource Intl Inc,0,0,0
20010622,33022,OSIXE',OTC,0.12,0.12,10,0,Outsource Intl Inc,0,0,0
20010625,33022,OSIXE',OTC,0.12,0.12,0,0,Outsource Intl Inc,0,0,0
20010626,33022,OSIXE',OTC,0.12,0.12,0,0,Outsource Intl Inc,0,0,0
20010627,33022,OSIXE',OTC,0.11,0.11,11,0,Outsource Intl Inc,0,0,0
20010628,33022,OSIXE',OTC,0.12,0.12,1,0,Outsource Intl Inc,0,0,0
20010629,33022,OSIXE',OTC,0.13,0.13,10,0,Outsource Intl Inc,0,0,0
20010702,33022,OSIXE',OTC,0.13,0.13,0,0,Outsource Intl Inc,0,0,0
20010703,33022,OSIXE',OTC,0.13,0.13,0,0,Outsource Intl Inc,0,0,0
20010705,33022,OSIXE',OTC,0.12,0.12,525,0,Outsource Intl Inc,0,0,0
20010706,33022,OSIXE',OTC,0.12,0.12,413,0,Outsource Intl Inc,0,0,0
20010709,33022,OSIXE',OTC,0.12,0.12,538,0,Outsource Intl Inc,0,0,0
20010710,33022,OSIXE',OTC,0.12,0.12,201,0,Outsource Intl Inc,0,0,0
20010711,33022,OSIXE',OTC,0.14,0.14,3159,0,Outsource Intl Inc,0,0,0
20010712,33022,OSIXE',OTC,0.14,0.14,471,0,Outsource Intl Inc,0,0,0
20010713,33022,OSIXE',OTC,0.16,0.16,882,0,Outsource Intl Inc,0,0,0
20010716,33022,OSIXE',OTC,0.16,0.16,1081,0,Outsource Intl Inc,0,0,0
20010717,33022,OSIXE',OTC,0.15,0.15,13,0,Outsource Intl Inc,0,0,0
20010718,33022,OSIXE',OTC,0.17,0.17,120,0,Outsource Intl Inc,0,0,0
20010719,33022,OSIXE',OTC,0.3,0.3,2148,0,Outsource Intl Inc,0,0,0
20010720,33022,OSIXE',OTC,0.3,0.3,1278,0,Outsource Intl Inc,0,0,0
20010723,33022,OSIXE',OTC,0.34,0.34,1006,0,Outsource Intl Inc,0,0,0
20010724,33022,OSIXE',OTC,0.36,0.36,847,0,Outsource Intl Inc,0,0,0
20010725,33022,OSIXE',OTC,0.32,0.32,150,0,Outsource Intl Inc,0,0,0
20010726,33022,OSIXE',OTC,0.31,0.31,114,0,Outsource Intl Inc,0,0,0
20010727,33022,OSIXE',OTC,0.33,0.33,190,0,Outsource Intl Inc,0,0,0
20010730,33022,OSIXE',OTC,0.31,0.31,14,0,Outsource Intl Inc,0,0,0
20010731,33022,OSIXE',OTC,0.31,0.31,153,0,Outsource Intl Inc,0,0,0
20010801,33022,OSIXE',OTC,0.31,0.31,1140,0,Outsource Intl Inc,0,0,0
20010802,33022,OSIXE',OTC,0.26,0.26,630,0,Outsource Intl Inc,0,0,0
20010803,33022,OSIXE',OTC,0.26,0.26,0,0,Outsource Intl Inc,0,0,0
20010806,33022,OSIXE',OTC,0.26,0.26,10,0,Outsource Intl Inc,0,0,0
20010807,33022,OSIXE',OTC,0.27,0.27,200,0,Outsource Intl Inc,0,0,0
20010808,33022,OSIXE',OTC,0.25,0.25,50,0,Outsource Intl Inc,0,0,0
20010809,33022,OSIXE',OTC,0.24,0.24,1,0,Outsource Intl Inc,0,0,0
20010810,33022,OSIXE',OTC,0.24,0.24,5,0,Outsource Intl Inc,0,0,0
20010813,33022,OSIXE',OTC,0.24,0.24,116,0,Outsource Intl Inc,0,0,0
20010814,33022,OSIXE',OTC,0.24,0.24,0,0,Outsource Intl Inc,0,0,0
20010815,33022,OSIXE',OTC,0.24,0.24,0,0,Outsource Intl Inc,0,0,0
20010816,33022,OSIXE',OTC,0.24,0.24,0,0,Outsource Intl Inc,0,0,0
20010817,33022,OSIXE',OTC,0.24,0.24,0,0,Outsource Intl Inc,0,0,0
20010820,33022,OSIXE',OTC,0.24,0.24,0,0,Outsource Intl Inc,0,0,0
20010821,33022,OSIXE',OTC,0.24,0.24,0,0,Outsource Intl Inc,0,0,0
20010822,33022,OSIXE',OTC,0.24,0.24,150,0,Outsource Intl Inc,0,0,0
20010823,33022,OSIXE',OTC,0.25,0.25,28,0,Outsource Intl Inc,0,0,0
20010824,33022,OSIXE',OTC,0.25,0.25,10,0,Outsource Intl Inc,0,0,0
20010827,33022,OSIXE',OTC,0.18,0.18,747,0,Outsource Intl Inc,0,0,0
20010828,33022,OSIXE',OTC,0.16,0.16,220,0,Outsource Intl Inc,0,0,0
20010829,33022,OSIXE',OTC,0.16,0.16,0,0,Outsource Intl Inc,0,0,0
