DDate,CSINumber,Symbol,Exchange,DClose,UnAdjustedClose,TotalVolume,Cash,MarketName,PTB,PSR,DPS
19961231,33191,WORC',OTC,0.28125,0.28125,10,0,Wardcraft Systems Inc,0,0,0
19970102,33191,WORC',OTC,0.28125,0.28125,93,0,Wardcraft Systems Inc,0,0,0
19970103,33191,WORC',OTC,0.296875,0.296875,10,0,Wardcraft Systems Inc,0,0,0
19970106,33191,WORC',OTC,0.4375,0.4375,30,0,Wardcraft Systems Inc,0,0,0
19970107,33191,WORC',OTC,0.296875,0.296875,139,0,Wardcraft Systems Inc,0,0,0
19970108,33191,WORC',OTC,0.296875,0.296875,0,0,Wardcraft Systems Inc,0,0,0
19970109,33191,WORC',OTC,0.375,0.375,415,0,Wardcraft Systems Inc,0,0,0
19970110,33191,WORC',OTC,0.34375,0.34375,976,0,Wardcraft Systems Inc,0,0,0
19970113,33191,WORC',OTC,0.375,0.375,654,0,Wardcraft Systems Inc,0,0,0
19970114,33191,WORC',OTC,0.4375,0.4375,885,0,Wardcraft Systems Inc,0,0,0
19970115,33191,WORC',OTC,0.5,0.5,2073,0,Wardcraft Systems Inc,0,0,0
19970116,33191,WORC',OTC,0.453125,0.453125,266,0,Wardcraft Systems Inc,0,0,0
19970117,33191,WORC',OTC,0.453125,0.453125,0,0,Wardcraft Systems Inc,0,0,0
19970120,33191,WORC',OTC,0.453125,0.453125,1,0,Wardcraft Systems Inc,0,0,0
19970121,33191,WORC',OTC,0.5,0.5,243,0,Wardcraft Systems Inc,0,0,0
19970122,33191,WORC',OTC,0.453125,0.453125,366,0,Wardcraft Systems Inc,0,0,0
19970123,33191,WORC',OTC,0.453125,0.453125,30,0,Wardcraft Systems Inc,0,0,0
19970124,33191,WORC',OTC,0.4375,0.4375,530,0,Wardcraft Systems Inc,0,0,0
19970127,33191,WORC',OTC,0.4375,0.4375,90,0,Wardcraft Systems Inc,0,0,0
19970128,33191,WORC',OTC,0.4375,0.4375,130,0,Wardcraft Systems Inc,0,0,0
19970129,33191,WORC',OTC,0.515625,0.515625,1731,0,Wardcraft Systems Inc,0,0,0
19970130,33191,WORC',OTC,0.453125,0.453125,238,0,Wardcraft Systems Inc,0,0,0
19970131,33191,WORC',OTC,0.515625,0.515625,60,0,Wardcraft Systems Inc,0,0,0
19970203,33191,WORC',OTC,0.515625,0.515625,76,0,Wardcraft Systems Inc,0,0,0
19970204,33191,WORC',OTC,0.515625,0.515625,30,0,Wardcraft Systems Inc,0,0,0
19970205,33191,WORC',OTC,0.4375,0.4375,300,0,Wardcraft Systems Inc,0,0,0
19970206,33191,WORC',OTC,0.4375,0.4375,0,0,Wardcraft Systems Inc,0,0,0
19970207,33191,WORC',OTC,0.484375,0.484375,200,0,Wardcraft Systems Inc,0,0,0
19970210,33191,WORC',OTC,0.484375,0.484375,1130,0,Wardcraft Systems Inc,0,0,0
19970211,33191,WORC',OTC,0.484375,0.484375,14,0,Wardcraft Systems Inc,0,0,0
19970212,33191,WORC',OTC,0.421875,0.421875,40,0,Wardcraft Systems Inc,0,0,0
19970213,33191,WORC',OTC,0.40625,0.40625,13,0,Wardcraft Systems Inc,0,0,0
19970214,33191,WORC',OTC,0.4375,0.4375,335,0,Wardcraft Systems Inc,0,0,0
19970218,33191,WORC',OTC,0.375,0.375,100,0,Wardcraft Systems Inc,0,0,0
19970219,33191,WORC',OTC,0.375,0.375,0,0,Wardcraft Systems Inc,0,0,0
19970220,33191,WORC',OTC,0.375,0.375,0,0,Wardcraft Systems Inc,0,0,0
19970221,33191,WORC',OTC,0.375,0.375,0,0,Wardcraft Systems Inc,0,0,0
19970224,33191,WORC',OTC,0.375,0.375,0,0,Wardcraft Systems Inc,0,0,0
19970225,33191,WORC',OTC,0.40625,0.40625,715,0,Wardcraft Systems Inc,0,0,0
19970226,33191,WORC',OTC,0.40625,0.40625,555,0,Wardcraft Systems Inc,0,0,0
19970227,33191,WORC',OTC,0.390625,0.390625,750,0,Wardcraft Systems Inc,0,0,0
19970228,33191,WORC',OTC,0.296875,0.296875,450,0,Wardcraft Systems Inc,0,0,0
19970303,33191,WORC',OTC,0.296875,0.296875,0,0,Wardcraft Systems Inc,0,0,0
19970304,33191,WORC',OTC,0.296875,0.296875,100,0,Wardcraft Systems Inc,0,0,0
19970305,33191,WORC',OTC,0.296875,0.296875,0,0,Wardcraft Systems Inc,0,0,0
19970306,33191,WORC',OTC,0.390625,0.390625,3487,0,Wardcraft Systems Inc,0,0,0
19970307,33191,WORC',OTC,0.375,0.375,680,0,Wardcraft Systems Inc,0,0,0
19970310,33191,WORC',OTC,0.5,0.5,585,0,Wardcraft Systems Inc,0,0,0
19970311,33191,WORC',OTC,0.453125,0.453125,990,0,Wardcraft Systems Inc,0,0,0
19970312,33191,WORC',OTC,0.53125,0.53125,1476,0,Wardcraft Systems Inc,0,0,0
19970313,33191,WORC',OTC,0.515625,0.515625,300,0,Wardcraft Systems Inc,0,0,0
19970314,33191,WORC',OTC,0.5,0.5,100,0,Wardcraft Systems Inc,0,0,0
19970317,33191,WORC',OTC,0.5,0.5,126,0,Wardcraft Systems Inc,0,0,0
19970318,33191,WORC',OTC,0.484375,0.484375,222,0,Wardcraft Systems Inc,0,0,0
19970319,33191,WORC',OTC,0.484375,0.484375,630,0,Wardcraft Systems Inc,0,0,0
19970320,33191,WORC',OTC,0.484375,0.484375,255,0,Wardcraft Systems Inc,0,0,0
19970321,33191,WORC',OTC,0.40625,0.40625,140,0,Wardcraft Systems Inc,0,0,0
19970324,33191,WORC',OTC,0.40625,0.40625,0,0,Wardcraft Systems Inc,0,0,0
19970325,33191,WORC',OTC,0.40625,0.40625,0,0,Wardcraft Systems Inc,0,0,0
19970326,33191,WORC',OTC,0.484375,0.484375,70,0,Wardcraft Systems Inc,0,0,0
19970327,33191,WORC',OTC,0.40625,0.40625,500,0,Wardcraft Systems Inc,0,0,0
19970331,33191,WORC',OTC,0.375,0.375,50,0,Wardcraft Systems Inc,0,0,0
19970401,33191,WORC',OTC,0.34375,0.34375,5,0,Wardcraft Systems Inc,0,0,0
19970402,33191,WORC',OTC,0.34375,0.34375,6,0,Wardcraft Systems Inc,0,0,0
19970403,33191,WORC',OTC,0.34375,0.34375,0,0,Wardcraft Systems Inc,0,0,0
19970404,33191,WORC',OTC,0.46875,0.46875,200,0,Wardcraft Systems Inc,0,0,0
19970407,33191,WORC',OTC,0.5,0.5,50,0,Wardcraft Systems Inc,0,0,0
19970408,33191,WORC',OTC,0.5,0.5,200,0,Wardcraft Systems Inc,0,0,0
19970409,33191,WORC',OTC,0.5,0.5,0,0,Wardcraft Systems Inc,0,0,0
19970410,33191,WORC',OTC,0.5,0.5,0,0,Wardcraft Systems Inc,0,0,0
19970411,33191,WORC',OTC,0.453125,0.453125,200,0,Wardcraft Systems Inc,0,0,0
19970414,33191,WORC',OTC,0.40625,0.40625,10,0,Wardcraft Systems Inc,0,0,0
19970415,33191,WORC',OTC,0.4375,0.4375,223,0,Wardcraft Systems Inc,0,0,0
19970416,33191,WORC',OTC,0.421875,0.421875,750,0,Wardcraft Systems Inc,0,0,0
19970417,33191,WORC',OTC,0.4375,0.4375,340,0,Wardcraft Systems Inc,0,0,0
19970418,33191,WORC',OTC,0.4375,0.4375,0,0,Wardcraft Systems Inc,0,0,0
19970421,33191,WORC',OTC,0.46875,0.46875,40,0,Wardcraft Systems Inc,0,0,0
19970422,33191,WORC',OTC,0.46875,0.46875,0,0,Wardcraft Systems Inc,0,0,0
19970423,33191,WORC',OTC,0.46875,0.46875,0,0,Wardcraft Systems Inc,0,0,0
19970424,33191,WORC',OTC,0.46875,0.46875,0,0,Wardcraft Systems Inc,0,0,0
19970425,33191,WORC',OTC,0.3125,0.3125,200,0,Wardcraft Systems Inc,0,0,0
19970428,33191,WORC',OTC,0.3125,0.3125,287,0,Wardcraft Systems Inc,0,0,0
19970429,33191,WORC',OTC,0.3125,0.3125,0,0,Wardcraft Systems Inc,0,0,0
19970430,33191,WORC',OTC,0.3125,0.3125,50,0,Wardcraft Systems Inc,0,0,0
19970501,33191,WORC',OTC,0.3125,0.3125,50,0,Wardcraft Systems Inc,0,0,0
19970502,33191,WORC',OTC,0.3125,0.3125,580,0,Wardcraft Systems Inc,0,0,0
19970505,33191,WORC',OTC,0.375,0.375,195,0,Wardcraft Systems Inc,0,0,0
19970506,33191,WORC',OTC,0.296875,0.296875,175,0,Wardcraft Systems Inc,0,0,0
19970507,33191,WORC',OTC,0.34375,0.34375,100,0,Wardcraft Systems Inc,0,0,0
19970508,33191,WORC',OTC,0.34375,0.34375,0,0,Wardcraft Systems Inc,0,0,0
19970509,33191,WORC',OTC,0.34375,0.34375,455,0,Wardcraft Systems Inc,0,0,0
19970512,33191,WORC',OTC,0.3125,0.3125,362,0,Wardcraft Systems Inc,0,0,0
19970513,33191,WORC',OTC,0.3125,0.3125,0,0,Wardcraft Systems Inc,0,0,0
19970514,33191,WORC',OTC,0.359375,0.359375,5,0,Wardcraft Systems Inc,0,0,0
19970515,33191,WORC',OTC,0.359375,0.359375,0,0,Wardcraft Systems Inc,0,0,0
19970516,33191,WORC',OTC,0.296875,0.296875,20,0,Wardcraft Systems Inc,0,0,0
19970519,33191,WORC',OTC,0.296875,0.296875,0,0,Wardcraft Systems Inc,0,0,0
19970520,33191,WORC',OTC,0.296875,0.296875,70,0,Wardcraft Systems Inc,0,0,0
19970521,33191,WORC',OTC,0.296875,0.296875,0,0,Wardcraft Systems Inc,0,0,0
19970522,33191,WORC',OTC,0.296875,0.296875,0,0,Wardcraft Systems Inc,0,0,0
19970523,33191,WORC',OTC,0.296875,0.296875,40,0,Wardcraft Systems Inc,0,0,0
19970527,33191,WORC',OTC,0.296875,0.296875,0,0,Wardcraft Systems Inc,0,0,0
19970528,33191,WORC',OTC,0.296875,0.296875,150,0,Wardcraft Systems Inc,0,0,0
19970529,33191,WORC',OTC,0.296875,0.296875,0,0,Wardcraft Systems Inc,0,0,0
19970530,33191,WORC',OTC,0.296875,0.296875,0,0,Wardcraft Systems Inc,0,0,0
19970602,33191,WORC',OTC,0.296875,0.296875,0,0,Wardcraft Systems Inc,0,0,0
19970603,33191,WORC',OTC,0.296875,0.296875,0,0,Wardcraft Systems Inc,0,0,0
19970604,33191,WORC',OTC,0.265625,0.265625,49,0,Wardcraft Systems Inc,0,0,0
19970605,33191,WORC',OTC,0.265625,0.265625,170,0,Wardcraft Systems Inc,0,0,0
19970606,33191,WORC',OTC,0.265625,0.265625,42,0,Wardcraft Systems Inc,0,0,0
19970609,33191,WORC',OTC,0.34375,0.34375,55,0,Wardcraft Systems Inc,0,0,0
19970610,33191,WORC',OTC,0.34375,0.34375,120,0,Wardcraft Systems Inc,0,0,0
19970611,33191,WORC',OTC,0.34375,0.34375,0,0,Wardcraft Systems Inc,0,0,0
19970612,33191,WORC',OTC,0.3125,0.3125,200,0,Wardcraft Systems Inc,0,0,0
19970613,33191,WORC',OTC,0.3125,0.3125,656,0,Wardcraft Systems Inc,0,0,0
19970616,33191,WORC',OTC,0.3125,0.3125,0,0,Wardcraft Systems Inc,0,0,0
19970617,33191,WORC',OTC,0.28125,0.28125,20,0,Wardcraft Systems Inc,0,0,0
19970618,33191,WORC',OTC,0.28125,0.28125,0,0,Wardcraft Systems Inc,0,0,0
19970619,33191,WORC',OTC,0.28125,0.28125,50,0,Wardcraft Systems Inc,0,0,0
19970620,33191,WORC',OTC,0.3125,0.3125,160,0,Wardcraft Systems Inc,0,0,0
19970623,33191,WORC',OTC,0.3125,0.3125,0,0,Wardcraft Systems Inc,0,0,0
19970624,33191,WORC',OTC,0.296875,0.296875,80,0,Wardcraft Systems Inc,0,0,0
19970625,33191,WORC',OTC,0.296875,0.296875,0,0,Wardcraft Systems Inc,0,0,0
19970626,33191,WORC',OTC,0.296875,0.296875,20,0,Wardcraft Systems Inc,0,0,0
19970627,33191,WORC',OTC,0.296875,0.296875,70,0,Wardcraft Systems Inc,0,0,0
19970630,33191,WORC',OTC,0.234375,0.234375,1648,0,Wardcraft Systems Inc,0,0,0
19970701,33191,WORC',OTC,0.296875,0.296875,26,0,Wardcraft Systems Inc,0,0,0
19970702,33191,WORC',OTC,0.34375,0.34375,2698,0,Wardcraft Systems Inc,0,0,0
19970703,33191,WORC',OTC,0.3125,0.3125,760,0,Wardcraft Systems Inc,0,0,0
19970707,33191,WORC',OTC,0.328125,0.328125,225,0,Wardcraft Systems Inc,0,0,0
19970708,33191,WORC',OTC,0.3125,0.3125,1022,0,Wardcraft Systems Inc,0,0,0
19970709,33191,WORC',OTC,0.3125,0.3125,0,0,Wardcraft Systems Inc,0,0,0
19970710,33191,WORC',OTC,0.3125,0.3125,0,0,Wardcraft Systems Inc,0,0,0
19970711,33191,WORC',OTC,0.3125,0.3125,0,0,Wardcraft Systems Inc,0,0,0
19970714,33191,WORC',OTC,0.265625,0.265625,68,0,Wardcraft Systems Inc,0,0,0
19970715,33191,WORC',OTC,0.265625,0.265625,0,0,Wardcraft Systems Inc,0,0,0
19970716,33191,WORC',OTC,0.265625,0.265625,2,0,Wardcraft Systems Inc,0,0,0
19970717,33191,WORC',OTC,0.296875,0.296875,400,0,Wardcraft Systems Inc,0,0,0
19970718,33191,WORC',OTC,0.265625,0.265625,170,0,Wardcraft Systems Inc,0,0,0
19970721,33191,WORC',OTC,0.234375,0.234375,510,0,Wardcraft Systems Inc,0,0,0
19970722,33191,WORC',OTC,0.28125,0.28125,700,0,Wardcraft Systems Inc,0,0,0
19970723,33191,WORC',OTC,0.28125,0.28125,0,0,Wardcraft Systems Inc,0,0,0
19970724,33191,WORC',OTC,0.25,0.25,1,0,Wardcraft Systems Inc,0,0,0
19970725,33191,WORC',OTC,0.28125,0.28125,52,0,Wardcraft Systems Inc,0,0,0
19970728,33191,WORC',OTC,0.28125,0.28125,0,0,Wardcraft Systems Inc,0,0,0
19970729,33191,WORC',OTC,0.28125,0.28125,0,0,Wardcraft Systems Inc,0,0,0
19970730,33191,WORC',OTC,0.25,0.25,313,0,Wardcraft Systems Inc,0,0,0
19970731,33191,WORC',OTC,0.25,0.25,0,0,Wardcraft Systems Inc,0,0,0
19970801,33191,WORC',OTC,0.234375,0.234375,50,0,Wardcraft Systems Inc,0,0,0
19970804,33191,WORC',OTC,0.234375,0.234375,0,0,Wardcraft Systems Inc,0,0,0
19970805,33191,WORC',OTC,0.234375,0.234375,0,0,Wardcraft Systems Inc,0,0,0
19970806,33191,WORC',OTC,0.234375,0.234375,75,0,Wardcraft Systems Inc,0,0,0
19970807,33191,WORC',OTC,0.234375,0.234375,10,0,Wardcraft Systems Inc,0,0,0
19970808,33191,WORC',OTC,0.265625,0.265625,160,0,Wardcraft Systems Inc,0,0,0
19970811,33191,WORC',OTC,0.234375,0.234375,30,0,Wardcraft Systems Inc,0,0,0
19970812,33191,WORC',OTC,0.234375,0.234375,0,0,Wardcraft Systems Inc,0,0,0
19970813,33191,WORC',OTC,0.234375,0.234375,0,0,Wardcraft Systems Inc,0,0,0
19970814,33191,WORC',OTC,0.234375,0.234375,0,0,Wardcraft Systems Inc,0,0,0
19970815,33191,WORC',OTC,0.234375,0.234375,0,0,Wardcraft Systems Inc,0,0,0
19970818,33191,WORC',OTC,0.234375,0.234375,0,0,Wardcraft Systems Inc,0,0,0
19970819,33191,WORC',OTC,0.234375,0.234375,0,0,Wardcraft Systems Inc,0,0,0
19970820,33191,WORC',OTC,0.234375,0.234375,40,0,Wardcraft Systems Inc,0,0,0
19970821,33191,WORC',OTC,0.234375,0.234375,0,0,Wardcraft Systems Inc,0,0,0
19970822,33191,WORC',OTC,0.234375,0.234375,0,0,Wardcraft Systems Inc,0,0,0
19970825,33191,WORC',OTC,0.234375,0.234375,100,0,Wardcraft Systems Inc,0,0,0
19970826,33191,WORC',OTC,0.234375,0.234375,0,0,Wardcraft Systems Inc,0,0,0
19970827,33191,WORC',OTC,0.234375,0.234375,0,0,Wardcraft Systems Inc,0,0,0
19970828,33191,WORC',OTC,0.234375,0.234375,50,0,Wardcraft Systems Inc,0,0,0
19970829,33191,WORC',OTC,0.234375,0.234375,0,0,Wardcraft Systems Inc,0,0,0
19970902,33191,WORC',OTC,0.25,0.25,150,0,Wardcraft Systems Inc,0,0,0
19970903,33191,WORC',OTC,0.1875,0.1875,250,0,Wardcraft Systems Inc,0,0,0
19970904,33191,WORC',OTC,0.1875,0.1875,0,0,Wardcraft Systems Inc,0,0,0
19970905,33191,WORC',OTC,0.140625,0.140625,100,0,Wardcraft Systems Inc,0,0,0
19970908,33191,WORC',OTC,0.140625,0.140625,25,0,Wardcraft Systems Inc,0,0,0
19970909,33191,WORC',OTC,0.140625,0.140625,85,0,Wardcraft Systems Inc,0,0,0
19970910,33191,WORC',OTC,0.140625,0.140625,0,0,Wardcraft Systems Inc,0,0,0
19970911,33191,WORC',OTC,0.140625,0.140625,38,0,Wardcraft Systems Inc,0,0,0
19970912,33191,WORC',OTC,0.140625,0.140625,0,0,Wardcraft Systems Inc,0,0,0
19970915,33191,WORC',OTC,0.140625,0.140625,0,0,Wardcraft Systems Inc,0,0,0
19970916,33191,WORC',OTC,0.140625,0.140625,0,0,Wardcraft Systems Inc,0,0,0
19970917,33191,WORC',OTC,0.140625,0.140625,0,0,Wardcraft Systems Inc,0,0,0
19970918,33191,WORC',OTC,0.1875,0.1875,180,0,Wardcraft Systems Inc,0,0,0
19970919,33191,WORC',OTC,0.1875,0.1875,0,0,Wardcraft Systems Inc,0,0,0
19970922,33191,WORC',OTC,0.15625,0.15625,51,0,Wardcraft Systems Inc,0,0,0
19970923,33191,WORC',OTC,0.15625,0.15625,0,0,Wardcraft Systems Inc,0,0,0
19970924,33191,WORC',OTC,0.15625,0.15625,0,0,Wardcraft Systems Inc,0,0,0
19970925,33191,WORC',OTC,0.15625,0.15625,0,0,Wardcraft Systems Inc,0,0,0
19970926,33191,WORC',OTC,0.15625,0.15625,0,0,Wardcraft Systems Inc,0,0,0
19970929,33191,WORC',OTC,0.15625,0.15625,0,0,Wardcraft Systems Inc,0,0,0
19970930,33191,WORC',OTC,0.15625,0.15625,0,0,Wardcraft Systems Inc,0,0,0
19971001,33191,WORC',OTC,0.1875,0.1875,50,0,Wardcraft Systems Inc,0,0,0
19971002,33191,WORC',OTC,0.1875,0.1875,0,0,Wardcraft Systems Inc,0,0,0
19971003,33191,WORC',OTC,0.1875,0.1875,0,0,Wardcraft Systems Inc,0,0,0
19971006,33191,WORC',OTC,0.1875,0.1875,0,0,Wardcraft Systems Inc,0,0,0
19971007,33191,WORC',OTC,0.140625,0.140625,74,0,Wardcraft Systems Inc,0,0,0
19971008,33191,WORC',OTC,0.125,0.125,100,0,Wardcraft Systems Inc,0,0,0
19971009,33191,WORC',OTC,0.125,0.125,0,0,Wardcraft Systems Inc,0,0,0
19971010,33191,WORC',OTC,0.125,0.125,0,0,Wardcraft Systems Inc,0,0,0
19971013,33191,WORC',OTC,0.15625,0.15625,100,0,Wardcraft Systems Inc,0,0,0
19971014,33191,WORC',OTC,0.15625,0.15625,0,0,Wardcraft Systems Inc,0,0,0
19971015,33191,WORC',OTC,0.15625,0.15625,0,0,Wardcraft Systems Inc,0,0,0
19971016,33191,WORC',OTC,0.15625,0.15625,0,0,Wardcraft Systems Inc,0,0,0
19971017,33191,WORC',OTC,0.125,0.125,46,0,Wardcraft Systems Inc,0,0,0
19971020,33191,WORC',OTC,0.125,0.125,0,0,Wardcraft Systems Inc,0,0,0
19971021,33191,WORC',OTC,0.125,0.125,0,0,Wardcraft Systems Inc,0,0,0
19971022,33191,WORC',OTC,0.15625,0.15625,250,0,Wardcraft Systems Inc,0,0,0
19971023,33191,WORC',OTC,0.1875,0.1875,105,0,Wardcraft Systems Inc,0,0,0
19971024,33191,WORC',OTC,0.1875,0.1875,0,0,Wardcraft Systems Inc,0,0,0
19971027,33191,WORC',OTC,0.1875,0.1875,0,0,Wardcraft Systems Inc,0,0,0
19971028,33191,WORC',OTC,0.1875,0.1875,0,0,Wardcraft Systems Inc,0,0,0
19971029,33191,WORC',OTC,0.203125,0.203125,343,0,Wardcraft Systems Inc,0,0,0
19971030,33191,WORC',OTC,0.203125,0.203125,0,0,Wardcraft Systems Inc,0,0,0
19971031,33191,WORC',OTC,0.203125,0.203125,0,0,Wardcraft Systems Inc,0,0,0
19971103,33191,WORC',OTC,0.203125,0.203125,0,0,Wardcraft Systems Inc,0,0,0
19971104,33191,WORC',OTC,0.203125,0.203125,0,0,Wardcraft Systems Inc,0,0,0
19971105,33191,WORC',OTC,0.203125,0.203125,0,0,Wardcraft Systems Inc,0,0,0
19971106,33191,WORC',OTC,0.203125,0.203125,0,0,Wardcraft Systems Inc,0,0,0
19971107,33191,WORC',OTC,0.203125,0.203125,0,0,Wardcraft Systems Inc,0,0,0
19971110,33191,WORC',OTC,0.203125,0.203125,0,0,Wardcraft Systems Inc,0,0,0
19971111,33191,WORC',OTC,0.203125,0.203125,0,0,Wardcraft Systems Inc,0,0,0
19971112,33191,WORC',OTC,0.203125,0.203125,0,0,Wardcraft Systems Inc,0,0,0
19971113,33191,WORC',OTC,0.203125,0.203125,0,0,Wardcraft Systems Inc,0,0,0
19971114,33191,WORC',OTC,0.140625,0.140625,20,0,Wardcraft Systems Inc,0,0,0
19971117,33191,WORC',OTC,0.140625,0.140625,22,0,Wardcraft Systems Inc,0,0,0
19971118,33191,WORC',OTC,0.140625,0.140625,0,0,Wardcraft Systems Inc,0,0,0
19971119,33191,WORC',OTC,0.140625,0.140625,0,0,Wardcraft Systems Inc,0,0,0
19971120,33191,WORC',OTC,0.140625,0.140625,0,0,Wardcraft Systems Inc,0,0,0
19971121,33191,WORC',OTC,0.140625,0.140625,0,0,Wardcraft Systems Inc,0,0,0
19971124,33191,WORC',OTC,0.140625,0.140625,0,0,Wardcraft Systems Inc,0,0,0
19971125,33191,WORC',OTC,0.140625,0.140625,0,0,Wardcraft Systems Inc,0,0,0
19971126,33191,WORC',OTC,0.140625,0.140625,0,0,Wardcraft Systems Inc,0,0,0
19971128,33191,WORC',OTC,0.140625,0.140625,0,0,Wardcraft Systems Inc,0,0,0
19971201,33191,WORC',OTC,0.1875,0.1875,100,0,Wardcraft Systems Inc,0,0,0
19971202,33191,WORC',OTC,0.1875,0.1875,0,0,Wardcraft Systems Inc,0,0,0
19971203,33191,WORC',OTC,0.15625,0.15625,10,0,Wardcraft Systems Inc,0,0,0
19971204,33191,WORC',OTC,0.15625,0.15625,0,0,Wardcraft Systems Inc,0,0,0
19971205,33191,WORC',OTC,0.15625,0.15625,0,0,Wardcraft Systems Inc,0,0,0
19971208,33191,WORC',OTC,0.15625,0.15625,0,0,Wardcraft Systems Inc,0,0,0
19971209,33191,WORC',OTC,0.15625,0.15625,0,0,Wardcraft Systems Inc,0,0,0
19971210,33191,WORC',OTC,0.15625,0.15625,0,0,Wardcraft Systems Inc,0,0,0
19971211,33191,WORC',OTC,0.15625,0.15625,0,0,Wardcraft Systems Inc,0,0,0
19971212,33191,WORC',OTC,0.15625,0.15625,20,0,Wardcraft Systems Inc,0,0,0
19971215,33191,WORC',OTC,0.140625,0.140625,153,0,Wardcraft Systems Inc,0,0,0
19971216,33191,WORC',OTC,0.125,0.125,10,0,Wardcraft Systems Inc,0,0,0
19971217,33191,WORC',OTC,0.125,0.125,200,0,Wardcraft Systems Inc,0,0,0
19971218,33191,WORC',OTC,0.125,0.125,0,0,Wardcraft Systems Inc,0,0,0
19971219,33191,WORC',OTC,0.125,0.125,0,0,Wardcraft Systems Inc,0,0,0
19971222,33191,WORC',OTC,0.125,0.125,17,0,Wardcraft Systems Inc,0,0,0
19971223,33191,WORC',OTC,0.125,0.125,50,0,Wardcraft Systems Inc,0,0,0
19971224,33191,WORC',OTC,0.125,0.125,0,0,Wardcraft Systems Inc,0,0,0
19971226,33191,WORC',OTC,0.125,0.125,0,0,Wardcraft Systems Inc,0,0,0
19971229,33191,WORC',OTC,0.125,0.125,40,0,Wardcraft Systems Inc,0,0,0
19971230,33191,WORC',OTC,0.125,0.125,25,0,Wardcraft Systems Inc,0,0,0
19971231,33191,WORC',OTC,0.125,0.125,0,0,Wardcraft Systems Inc,0,0,0
19980102,33191,WORC',OTC,0.125,0.125,0,0,Wardcraft Systems Inc,0,0,0
19980105,33191,WORC',OTC,0.125,0.125,0,0,Wardcraft Systems Inc,0,0,0
19980106,33191,WORC',OTC,0.125,0.125,0,0,Wardcraft Systems Inc,0,0,0
19980107,33191,WORC',OTC,0.125,0.125,135,0,Wardcraft Systems Inc,0,0,0
19980108,33191,WORC',OTC,0.125,0.125,0,0,Wardcraft Systems Inc,0,0,0
19980109,33191,WORC',OTC,0.125,0.125,0,0,Wardcraft Systems Inc,0,0,0
19980112,33191,WORC',OTC,0.125,0.125,0,0,Wardcraft Systems Inc,0,0,0
19980113,33191,WORC',OTC,0.125,0.125,150,0,Wardcraft Systems Inc,0,0,0
19980114,33191,WORC',OTC,0.125,0.125,0,0,Wardcraft Systems Inc,0,0,0
19980115,33191,WORC',OTC,0.125,0.125,0,0,Wardcraft Systems Inc,0,0,0
19980116,33191,WORC',OTC,0.125,0.125,0,0,Wardcraft Systems Inc,0,0,0
19980120,33191,WORC',OTC,0.125,0.125,0,0,Wardcraft Systems Inc,0,0,0
19980121,33191,WORC',OTC,0.125,0.125,0,0,Wardcraft Systems Inc,0,0,0
19980122,33191,WORC',OTC,0.125,0.125,0,0,Wardcraft Systems Inc,0,0,0
19980123,33191,WORC',OTC,0.125,0.125,0,0,Wardcraft Systems Inc,0,0,0
19980126,33191,WORC',OTC,0.125,0.125,0,0,Wardcraft Systems Inc,0,0,0
19980127,33191,WORC',OTC,0.09375,0.09375,55,0,Wardcraft Systems Inc,0,0,0
19980128,33191,WORC',OTC,0.09375,0.09375,0,0,Wardcraft Systems Inc,0,0,0
19980129,33191,WORC',OTC,0.09375,0.09375,0,0,Wardcraft Systems Inc,0,0,0
19980130,33191,WORC',OTC,0.09375,0.09375,0,0,Wardcraft Systems Inc,0,0,0
19980202,33191,WORC',OTC,0.0625,0.0625,231,0,Wardcraft Systems Inc,0,0,0
19980203,33191,WORC',OTC,0.0625,0.0625,0,0,Wardcraft Systems Inc,0,0,0
19980204,33191,WORC',OTC,0.0625,0.0625,0,0,Wardcraft Systems Inc,0,0,0
19980205,33191,WORC',OTC,0.0625,0.0625,0,0,Wardcraft Systems Inc,0,0,0
19980206,33191,WORC',OTC,0.0625,0.0625,0,0,Wardcraft Systems Inc,0,0,0
19980209,33191,WORC',OTC,0.0625,0.0625,0,0,Wardcraft Systems Inc,0,0,0
19980210,33191,WORC',OTC,0.0625,0.0625,0,0,Wardcraft Systems Inc,0,0,0
19980211,33191,WORC',OTC,0.0625,0.0625,0,0,Wardcraft Systems Inc,0,0,0
19980212,33191,WORC',OTC,0.046875,0.046875,1140,0,Wardcraft Systems Inc,0,0,0
19980213,33191,WORC',OTC,0.046875,0.046875,30,0,Wardcraft Systems Inc,0,0,0
19980217,33191,WORC',OTC,0.046875,0.046875,0,0,Wardcraft Systems Inc,0,0,0
19980218,33191,WORC',OTC,0.046875,0.046875,0,0,Wardcraft Systems Inc,0,0,0
19980219,33191,WORC',OTC,0.046875,0.046875,0,0,Wardcraft Systems Inc,0,0,0
19980220,33191,WORC',OTC,0.046875,0.046875,0,0,Wardcraft Systems Inc,0,0,0
19980223,33191,WORC',OTC,0.046875,0.046875,0,0,Wardcraft Systems Inc,0,0,0
19980224,33191,WORC',OTC,0.046875,0.046875,0,0,Wardcraft Systems Inc,0,0,0
19980225,33191,WORC',OTC,0.046875,0.046875,0,0,Wardcraft Systems Inc,0,0,0
19980226,33191,WORC',OTC,0.046875,0.046875,0,0,Wardcraft Systems Inc,0,0,0
19980227,33191,WORC',OTC,0.046875,0.046875,0,0,Wardcraft Systems Inc,0,0,0
19980302,33191,WORC',OTC,0.046875,0.046875,0,0,Wardcraft Systems Inc,0,0,0
19980303,33191,WORC',OTC,0.046875,0.046875,0,0,Wardcraft Systems Inc,0,0,0
19980304,33191,WORC',OTC,0.046875,0.046875,0,0,Wardcraft Systems Inc,0,0,0
19980305,33191,WORC',OTC,0.046875,0.046875,0,0,Wardcraft Systems Inc,0,0,0
19980306,33191,WORC',OTC,0.046875,0.046875,0,0,Wardcraft Systems Inc,0,0,0
19980309,33191,WORC',OTC,0.0625,0.0625,140,0,Wardcraft Systems Inc,0,0,0
19980310,33191,WORC',OTC,0.0625,0.0625,0,0,Wardcraft Systems Inc,0,0,0
19980311,33191,WORC',OTC,0.0625,0.0625,0,0,Wardcraft Systems Inc,0,0,0
19980312,33191,WORC',OTC,0.0625,0.0625,0,0,Wardcraft Systems Inc,0,0,0
19980313,33191,WORC',OTC,0.0625,0.0625,0,0,Wardcraft Systems Inc,0,0,0
19980316,33191,WORC',OTC,0.0625,0.0625,0,0,Wardcraft Systems Inc,0,0,0
19980317,33191,WORC',OTC,0.046875,0.046875,70,0,Wardcraft Systems Inc,0,0,0
19980318,33191,WORC',OTC,0.046875,0.046875,0,0,Wardcraft Systems Inc,0,0,0
19980319,33191,WORC',OTC,0.046875,0.046875,0,0,Wardcraft Systems Inc,0,0,0
19980320,33191,WORC',OTC,0.046875,0.046875,10,0,Wardcraft Systems Inc,0,0,0
19980323,33191,WORC',OTC,0.046875,0.046875,0,0,Wardcraft Systems Inc,0,0,0
19980324,33191,WORC',OTC,0.0625,0.0625,15,0,Wardcraft Systems Inc,0,0,0
19980325,33191,WORC',OTC,0.0625,0.0625,0,0,Wardcraft Systems Inc,0,0,0
19980326,33191,WORC',OTC,0.0625,0.0625,0,0,Wardcraft Systems Inc,0,0,0
19980327,33191,WORC',OTC,0.0625,0.0625,200,0,Wardcraft Systems Inc,0,0,0
19980330,33191,WORC',OTC,0.0625,0.0625,0,0,Wardcraft Systems Inc,0,0,0
19980331,33191,WORC',OTC,0.0625,0.0625,0,0,Wardcraft Systems Inc,0,0,0
19980401,33191,WORC',OTC,0.0625,0.0625,0,0,Wardcraft Systems Inc,0,0,0
19980402,33191,WORC',OTC,0.0625,0.0625,0,0,Wardcraft Systems Inc,0,0,0
19980403,33191,WORC',OTC,0.0625,0.0625,0,0,Wardcraft Systems Inc,0,0,0
19980406,33191,WORC',OTC,0.0625,0.0625,0,0,Wardcraft Systems Inc,0,0,0
19980407,33191,WORC',OTC,0.0625,0.0625,0,0,Wardcraft Systems Inc,0,0,0
19980408,33191,WORC',OTC,0.0625,0.0625,0,0,Wardcraft Systems Inc,0,0,0
19980409,33191,WORC',OTC,0.0625,0.0625,0,0,Wardcraft Systems Inc,0,0,0
19980413,33191,WORC',OTC,0.0625,0.0625,0,0,Wardcraft Systems Inc,0,0,0
19980414,33191,WORC',OTC,0.0625,0.0625,0,0,Wardcraft Systems Inc,0,0,0
19980415,33191,WORC',OTC,0.0625,0.0625,0,0,Wardcraft Systems Inc,0,0,0
19980416,33191,WORC',OTC,0.0625,0.0625,150,0,Wardcraft Systems Inc,0,0,0
19980417,33191,WORC',OTC,0.09375,0.09375,757,0,Wardcraft Systems Inc,0,0,0
19980420,33191,WORC',OTC,0.09375,0.09375,100,0,Wardcraft Systems Inc,0,0,0
19980421,33191,WORC',OTC,0.09375,0.09375,0,0,Wardcraft Systems Inc,0,0,0
19980422,33191,WORC',OTC,0.09375,0.09375,0,0,Wardcraft Systems Inc,0,0,0
19980423,33191,WORC',OTC,0.09375,0.09375,0,0,Wardcraft Systems Inc,0,0,0
19980424,33191,WORC',OTC,0.09375,0.09375,0,0,Wardcraft Systems Inc,0,0,0
19980427,33191,WORC',OTC,0.09375,0.09375,0,0,Wardcraft Systems Inc,0,0,0
19980428,33191,WORC',OTC,0.09375,0.09375,0,0,Wardcraft Systems Inc,0,0,0
19980429,33191,WORC',OTC,0.078125,0.078125,47,0,Wardcraft Systems Inc,0,0,0
19980430,33191,WORC',OTC,0.078125,0.078125,10,0,Wardcraft Systems Inc,0,0,0
19980501,33191,WORC',OTC,0.078125,0.078125,0,0,Wardcraft Systems Inc,0,0,0
19980504,33191,WORC',OTC,0.078125,0.078125,0,0,Wardcraft Systems Inc,0,0,0
19980505,33191,WORC',OTC,0.078125,0.078125,0,0,Wardcraft Systems Inc,0,0,0
19980506,33191,WORC',OTC,0.078125,0.078125,0,0,Wardcraft Systems Inc,0,0,0
19980507,33191,WORC',OTC,0.09375,0.09375,200,0,Wardcraft Systems Inc,0,0,0
19980508,33191,WORC',OTC,0.15625,0.15625,844,0,Wardcraft Systems Inc,0,0,0
19980511,33191,WORC',OTC,0.15625,0.15625,0,0,Wardcraft Systems Inc,0,0,0
19980512,33191,WORC',OTC,0.15625,0.15625,0,0,Wardcraft Systems Inc,0,0,0
19980513,33191,WORC',OTC,0.140625,0.140625,22,0,Wardcraft Systems Inc,0,0,0
19980514,33191,WORC',OTC,0.140625,0.140625,2000,0,Wardcraft Systems Inc,0,0,0
19980515,33191,WORC',OTC,0.203125,0.203125,700,0,Wardcraft Systems Inc,0,0,0
19980518,33191,WORC',OTC,0.46875,0.46875,9398,0,Wardcraft Systems Inc,0,0,0
19980519,33191,WORC',OTC,0.46875,0.46875,3342,0,Wardcraft Systems Inc,0,0,0
19980520,33191,WORC',OTC,0.375,0.375,5955,0,Wardcraft Systems Inc,0,0,0
19980521,33191,WORC',OTC,0.484375,0.484375,4227,0,Wardcraft Systems Inc,0,0,0
19980522,33191,WORC',OTC,0.453125,0.453125,7174,0,Wardcraft Systems Inc,0,0,0
19980526,33191,WORC',OTC,0.5625,0.5625,10052,0,Wardcraft Systems Inc,0,0,0
19980527,33191,WORC',OTC,0.71875,0.71875,5693,0,Wardcraft Systems Inc,0,0,0
19980528,33191,WORC',OTC,0.703125,0.703125,4815,0,Wardcraft Systems Inc,0,0,0
19980529,33191,WORC',OTC,0.625,0.625,2028,0,Wardcraft Systems Inc,0,0,0
19980601,33191,WORC',OTC,0.515625,0.515625,1498,0,Wardcraft Systems Inc,0,0,0
19980602,33191,WORC',OTC,0.515625,0.515625,3622,0,Wardcraft Systems Inc,0,0,0
19980603,33191,WORC',OTC,0.53125,0.53125,1968,0,Wardcraft Systems Inc,0,0,0
19980604,33191,WORC',OTC,0.515625,0.515625,725,0,Wardcraft Systems Inc,0,0,0
19980605,33191,WORC',OTC,0.5,0.5,1613,0,Wardcraft Systems Inc,0,0,0
19980608,33191,WORC',OTC,0.484375,0.484375,717,0,Wardcraft Systems Inc,0,0,0
19980609,33191,WORC',OTC,0.453125,0.453125,1095,0,Wardcraft Systems Inc,0,0,0
19980610,33191,WORC',OTC,0.40625,0.40625,124,0,Wardcraft Systems Inc,0,0,0
19980611,33191,WORC',OTC,0.390625,0.390625,2210,0,Wardcraft Systems Inc,0,0,0
19980612,33191,WORC',OTC,0.328125,0.328125,1160,0,Wardcraft Systems Inc,0,0,0
19980615,33191,WORC',OTC,0.4375,0.4375,3045,0,Wardcraft Systems Inc,0,0,0
19980616,33191,WORC',OTC,0.453125,0.453125,3102,0,Wardcraft Systems Inc,0,0,0
19980617,33191,WORC',OTC,0.40625,0.40625,1410,0,Wardcraft Systems Inc,0,0,0
19980618,33191,WORC',OTC,0.390625,0.390625,2455,0,Wardcraft Systems Inc,0,0,0
19980619,33191,WORC',OTC,0.40625,0.40625,1416,0,Wardcraft Systems Inc,0,0,0
19980622,33191,WORC',OTC,0.359375,0.359375,6528,0,Wardcraft Systems Inc,0,0,0
19980623,33191,WORC',OTC,0.34375,0.34375,4284,0,Wardcraft Systems Inc,0,0,0
19980624,33191,WORC',OTC,0.34375,0.34375,823,0,Wardcraft Systems Inc,0,0,0
19980625,33191,WORC',OTC,0.296875,0.296875,1973,0,Wardcraft Systems Inc,0,0,0
19980626,33191,WORC',OTC,0.296875,0.296875,832,0,Wardcraft Systems Inc,0,0,0
19980629,33191,WORC',OTC,0.265625,0.265625,2834,0,Wardcraft Systems Inc,0,0,0
19980630,33191,WORC',OTC,0.3125,0.3125,115,0,Wardcraft Systems Inc,0,0,0
19980701,33191,WORC',OTC,0.3125,0.3125,881,0,Wardcraft Systems Inc,0,0,0
19980702,33191,WORC',OTC,0.328125,0.328125,6449,0,Wardcraft Systems Inc,0,0,0
19980706,33191,WORC',OTC,0.328125,0.328125,1697,0,Wardcraft Systems Inc,0,0,0
19980707,33191,WORC',OTC,0.34375,0.34375,1029,0,Wardcraft Systems Inc,0,0,0
19980708,33191,WORC',OTC,0.34375,0.34375,74,0,Wardcraft Systems Inc,0,0,0
19980709,33191,WORC',OTC,0.34375,0.34375,1360,0,Wardcraft Systems Inc,0,0,0
19980710,33191,WORC',OTC,0.3125,0.3125,1171,0,Wardcraft Systems Inc,0,0,0
19980713,33191,WORC',OTC,0.328125,0.328125,541,0,Wardcraft Systems Inc,0,0,0
19980714,33191,WORC',OTC,0.34375,0.34375,671,0,Wardcraft Systems Inc,0,0,0
19980715,33191,WORC',OTC,0.296875,0.296875,954,0,Wardcraft Systems Inc,0,0,0
19980716,33191,WORC',OTC,0.3125,0.3125,365,0,Wardcraft Systems Inc,0,0,0
19980717,33191,WORC',OTC,0.296875,0.296875,516,0,Wardcraft Systems Inc,0,0,0
19980720,33191,WORC',OTC,0.328125,0.328125,1290,0,Wardcraft Systems Inc,0,0,0
19980721,33191,WORC',OTC,0.3125,0.3125,343,0,Wardcraft Systems Inc,0,0,0
19980722,33191,WORC',OTC,0.359375,0.359375,2584,0,Wardcraft Systems Inc,0,0,0
19980723,33191,WORC',OTC,0.34375,0.34375,1409,0,Wardcraft Systems Inc,0,0,0
19980724,33191,WORC',OTC,0.328125,0.328125,2418,0,Wardcraft Systems Inc,0,0,0
19980727,33191,WORC',OTC,0.34375,0.34375,1126,0,Wardcraft Systems Inc,0,0,0
19980728,33191,WORC',OTC,0.328125,0.328125,1544,0,Wardcraft Systems Inc,0,0,0
19980729,33191,WORC',OTC,0.3125,0.3125,1497,0,Wardcraft Systems Inc,0,0,0
19980730,33191,WORC',OTC,0.3125,0.3125,1577,0,Wardcraft Systems Inc,0,0,0
19980731,33191,WORC',OTC,0.3125,0.3125,1201,0,Wardcraft Systems Inc,0,0,0
19980803,33191,WORC',OTC,0.296875,0.296875,215,0,Wardcraft Systems Inc,0,0,0
19980804,33191,WORC',OTC,0.25,0.25,1940,0,Wardcraft Systems Inc,0,0,0
19980805,33191,WORC',OTC,0.234375,0.234375,575,0,Wardcraft Systems Inc,0,0,0
19980806,33191,WORC',OTC,0.25,0.25,1439,0,Wardcraft Systems Inc,0,0,0
19980807,33191,WORC',OTC,0.234375,0.234375,278,0,Wardcraft Systems Inc,0,0,0
19980810,33191,WORC',OTC,0.25,0.25,1673,0,Wardcraft Systems Inc,0,0,0
19980811,33191,WORC',OTC,0.21875,0.21875,3780,0,Wardcraft Systems Inc,0,0,0
19980812,33191,WORC',OTC,0.203125,0.203125,754,0,Wardcraft Systems Inc,0,0,0
19980813,33191,WORC',OTC,0.25,0.25,12235,0,Wardcraft Systems Inc,0,0,0
19980814,33191,WORC',OTC,0.25,0.25,10052,0,Wardcraft Systems Inc,0,0,0
19980817,33191,WORC',OTC,0.25,0.25,5467,0,Wardcraft Systems Inc,0,0,0
19980818,33191,WORC',OTC,0.203125,0.203125,5568,0,Wardcraft Systems Inc,0,0,0
19980819,33191,WORC',OTC,0.21875,0.21875,2340,0,Wardcraft Systems Inc,0,0,0
19980820,33191,WORC',OTC,0.25,0.25,1322,0,Wardcraft Systems Inc,0,0,0
19980821,33191,WORC',OTC,0.25,0.25,389,0,Wardcraft Systems Inc,0,0,0
19980824,33191,WORC',OTC,0.21875,0.21875,512,0,Wardcraft Systems Inc,0,0,0
19980825,33191,WORC',OTC,0.21875,0.21875,55,0,Wardcraft Systems Inc,0,0,0
19980826,33191,WORC',OTC,0.21875,0.21875,803,0,Wardcraft Systems Inc,0,0,0
19980827,33191,WORC',OTC,0.203125,0.203125,786,0,Wardcraft Systems Inc,0,0,0
19980828,33191,WORC',OTC,0.21875,0.21875,54,0,Wardcraft Systems Inc,0,0,0
19980831,33191,WORC',OTC,0.203125,0.203125,2697,0,Wardcraft Systems Inc,0,0,0
19980901,33191,WORC',OTC,0.21875,0.21875,888,0,Wardcraft Systems Inc,0,0,0
19980902,33191,WORC',OTC,0.203125,0.203125,653,0,Wardcraft Systems Inc,0,0,0
19980903,33191,WORC',OTC,0.21875,0.21875,1053,0,Wardcraft Systems Inc,0,0,0
19980904,33191,WORC',OTC,0.25,0.25,1874,0,Wardcraft Systems Inc,0,0,0
19980908,33191,WORC',OTC,0.234375,0.234375,80,0,Wardcraft Systems Inc,0,0,0
19980909,33191,WORC',OTC,0.1875,0.1875,1745,0,Wardcraft Systems Inc,0,0,0
19980910,33191,WORC',OTC,0.203125,0.203125,571,0,Wardcraft Systems Inc,0,0,0
19980911,33191,WORC',OTC,0.21875,0.21875,667,0,Wardcraft Systems Inc,0,0,0
19980914,33191,WORC',OTC,0.21875,0.21875,848,0,Wardcraft Systems Inc,0,0,0
19980915,33191,WORC',OTC,0.21875,0.21875,2,0,Wardcraft Systems Inc,0,0,0
19980916,33191,WORC',OTC,0.203125,0.203125,365,0,Wardcraft Systems Inc,0,0,0
19980917,33191,WORC',OTC,0.1875,0.1875,365,0,Wardcraft Systems Inc,0,0,0
19980918,33191,WORC',OTC,0.21875,0.21875,312,0,Wardcraft Systems Inc,0,0,0
19980921,33191,WORC',OTC,0.203125,0.203125,457,0,Wardcraft Systems Inc,0,0,0
19980922,33191,WORC',OTC,0.21875,0.21875,375,0,Wardcraft Systems Inc,0,0,0
19980923,33191,WORC',OTC,0.1875,0.1875,322,0,Wardcraft Systems Inc,0,0,0
19980924,33191,WORC',OTC,0.1875,0.1875,637,0,Wardcraft Systems Inc,0,0,0
19980925,33191,WORC',OTC,0.203125,0.203125,16,0,Wardcraft Systems Inc,0,0,0
19980928,33191,WORC',OTC,0.21875,0.21875,13905,0,Wardcraft Systems Inc,0,0,0
19980929,33191,WORC',OTC,0.21875,0.21875,7517,0,Wardcraft Systems Inc,0,0,0
19980930,33191,WORC',OTC,0.203125,0.203125,4857,0,Wardcraft Systems Inc,0,0,0
19981001,33191,WORC',OTC,0.1875,0.1875,1521,0,Wardcraft Systems Inc,0,0,0
19981002,33191,WORC',OTC,0.1875,0.1875,109,0,Wardcraft Systems Inc,0,0,0
19981005,33191,WORC',OTC,0.203125,0.203125,1676,0,Wardcraft Systems Inc,0,0,0
19981006,33191,WORC',OTC,0.1875,0.1875,4002,0,Wardcraft Systems Inc,0,0,0
19981007,33191,WORC',OTC,0.15625,0.15625,972,0,Wardcraft Systems Inc,0,0,0
19981008,33191,WORC',OTC,0.15625,0.15625,329,0,Wardcraft Systems Inc,0,0,0
19981009,33191,WORC',OTC,0.1875,0.1875,857,0,Wardcraft Systems Inc,0,0,0
19981012,33191,WORC',OTC,0.15625,0.15625,1532,0,Wardcraft Systems Inc,0,0,0
19981013,33191,WORC',OTC,0.15625,0.15625,445,0,Wardcraft Systems Inc,0,0,0
19981014,33191,WORC',OTC,0.15625,0.15625,134,0,Wardcraft Systems Inc,0,0,0
19981015,33191,WORC',OTC,0.15625,0.15625,71,0,Wardcraft Systems Inc,0,0,0
19981016,33191,WORC',OTC,0.15625,0.15625,121,0,Wardcraft Systems Inc,0,0,0
19981019,33191,WORC',OTC,0.140625,0.140625,582,0,Wardcraft Systems Inc,0,0,0
19981020,33191,WORC',OTC,0.125,0.125,1306,0,Wardcraft Systems Inc,0,0,0
19981021,33191,WORC',OTC,0.125,0.125,736,0,Wardcraft Systems Inc,0,0,0
19981022,33191,WORC',OTC,0.109375,0.109375,300,0,Wardcraft Systems Inc,0,0,0
19981023,33191,WORC',OTC,0.125,0.125,401,0,Wardcraft Systems Inc,0,0,0
19981026,33191,WORC',OTC,0.1875,0.1875,1468,0,Wardcraft Systems Inc,0,0,0
19981027,33191,WORC',OTC,0.1875,0.1875,2181,0,Wardcraft Systems Inc,0,0,0
19981028,33191,WORC',OTC,0.1875,0.1875,2025,0,Wardcraft Systems Inc,0,0,0
19981029,33191,WORC',OTC,0.1875,0.1875,1186,0,Wardcraft Systems Inc,0,0,0
19981030,33191,WORC',OTC,0.1875,0.1875,1129,0,Wardcraft Systems Inc,0,0,0
19981102,33191,WORC',OTC,0.1875,0.1875,0,0,Wardcraft Systems Inc,0,0,0
19981103,33191,WORC',OTC,0.1875,0.1875,740,0,Wardcraft Systems Inc,0,0,0
19981104,33191,WORC',OTC,0.1875,0.1875,191,0,Wardcraft Systems Inc,0,0,0
19981105,33191,WORC',OTC,0.1875,0.1875,380,0,Wardcraft Systems Inc,0,0,0
19981106,33191,WORC',OTC,0.1875,0.1875,777,0,Wardcraft Systems Inc,0,0,0
19981109,33191,WORC',OTC,0.15625,0.15625,650,0,Wardcraft Systems Inc,0,0,0
19981110,33191,WORC',OTC,0.15625,0.15625,77,0,Wardcraft Systems Inc,0,0,0
19981111,33191,WORC',OTC,0.15625,0.15625,583,0,Wardcraft Systems Inc,0,0,0
19981112,33191,WORC',OTC,0.1875,0.1875,210,0,Wardcraft Systems Inc,0,0,0
19981113,33191,WORC',OTC,0.15625,0.15625,242,0,Wardcraft Systems Inc,0,0,0
19981116,33191,WORC',OTC,0.15625,0.15625,1079,0,Wardcraft Systems Inc,0,0,0
19981117,33191,WORC',OTC,0.15625,0.15625,100,0,Wardcraft Systems Inc,0,0,0
19981118,33191,WORC',OTC,0.15625,0.15625,416,0,Wardcraft Systems Inc,0,0,0
19981119,33191,WORC',OTC,0.125,0.125,176,0,Wardcraft Systems Inc,0,0,0
19981120,33191,WORC',OTC,0.125,0.125,573,0,Wardcraft Systems Inc,0,0,0
19981123,33191,WORC',OTC,0.125,0.125,908,0,Wardcraft Systems Inc,0,0,0
19981124,33191,WORC',OTC,0.125,0.125,415,0,Wardcraft Systems Inc,0,0,0
19981125,33191,WORC',OTC,0.15625,0.15625,828,0,Wardcraft Systems Inc,0,0,0
19981127,33191,WORC',OTC,0.125,0.125,780,0,Wardcraft Systems Inc,0,0,0
19981130,33191,WORC',OTC,0.140625,0.140625,442,0,Wardcraft Systems Inc,0,0,0
19981201,33191,WORC',OTC,0.125,0.125,747,0,Wardcraft Systems Inc,0,0,0
19981202,33191,WORC',OTC,0.15625,0.15625,145,0,Wardcraft Systems Inc,0,0,0
19981203,33191,WORC',OTC,0.125,0.125,1234,0,Wardcraft Systems Inc,0,0,0
19981204,33191,WORC',OTC,0.125,0.125,2242,0,Wardcraft Systems Inc,0,0,0
19981207,33191,WORC',OTC,0.140625,0.140625,509,0,Wardcraft Systems Inc,0,0,0
19981208,33191,WORC',OTC,0.125,0.125,1960,0,Wardcraft Systems Inc,0,0,0
19981209,33191,WORC',OTC,0.125,0.125,1132,0,Wardcraft Systems Inc,0,0,0
19981210,33191,WORC',OTC,0.125,0.125,673,0,Wardcraft Systems Inc,0,0,0
19981211,33191,WORC',OTC,0.125,0.125,157,0,Wardcraft Systems Inc,0,0,0
19981214,33191,WORC',OTC,0.125,0.125,328,0,Wardcraft Systems Inc,0,0,0
19981215,33191,WORC',OTC,0.125,0.125,365,0,Wardcraft Systems Inc,0,0,0
19981216,33191,WORC',OTC,0.109375,0.109375,1035,0,Wardcraft Systems Inc,0,0,0
19981217,33191,WORC',OTC,0.109375,0.109375,902,0,Wardcraft Systems Inc,0,0,0
19981218,33191,WORC',OTC,0.109375,0.109375,1093,0,Wardcraft Systems Inc,0,0,0
19981221,33191,WORC',OTC,0.09375,0.09375,689,0,Wardcraft Systems Inc,0,0,0
19981222,33191,WORC',OTC,0.078125,0.078125,204,0,Wardcraft Systems Inc,0,0,0
19981223,33191,WORC',OTC,0.09375,0.09375,422,0,Wardcraft Systems Inc,0,0,0
19981224,33191,WORC',OTC,0.109375,0.109375,296,0,Wardcraft Systems Inc,0,0,0
19981228,33191,WORC',OTC,0.09375,0.09375,316,0,Wardcraft Systems Inc,0,0,0
19981229,33191,WORC',OTC,0.078125,0.078125,654,0,Wardcraft Systems Inc,0,0,0
19981230,33191,WORC',OTC,0.09375,0.09375,2303,0,Wardcraft Systems Inc,0,0,0
19981231,33191,WORC',OTC,0.09375,0.09375,1532,0,Wardcraft Systems Inc,0,0,0
19990104,33191,WORC',OTC,0.109375,0.109375,122,0,Wardcraft Systems Inc,0,0,0
19990105,33191,WORC',OTC,0.09375,0.09375,170,0,Wardcraft Systems Inc,0,0,0
19990106,33191,WORC',OTC,0.09375,0.09375,1560,0,Wardcraft Systems Inc,0,0,0
19990107,33191,WORC',OTC,0.09375,0.09375,583,0,Wardcraft Systems Inc,0,0,0
19990108,33191,WORC',OTC,0.09375,0.09375,317,0,Wardcraft Systems Inc,0,0,0
19990111,33191,WORC',OTC,0.09375,0.09375,1075,0,Wardcraft Systems Inc,0,0,0
19990112,33191,WORC',OTC,0.078125,0.078125,1396,0,Wardcraft Systems Inc,0,0,0
19990113,33191,WORC',OTC,0.125,0.125,324,0,Wardcraft Systems Inc,0,0,0
19990114,33191,WORC',OTC,0.125,0.125,821,0,Wardcraft Systems Inc,0,0,0
19990115,33191,WORC',OTC,0.109375,0.109375,855,0,Wardcraft Systems Inc,0,0,0
19990119,33191,WORC',OTC,0.109375,0.109375,120,0,Wardcraft Systems Inc,0,0,0
19990120,33191,WORC',OTC,0.125,0.125,1370,0,Wardcraft Systems Inc,0,0,0
19990121,33191,WORC',OTC,0.140625,0.140625,11527,0,Wardcraft Systems Inc,0,0,0
19990122,33191,WORC',OTC,0.125,0.125,10030,0,Wardcraft Systems Inc,0,0,0
19990125,33191,WORC',OTC,0.125,0.125,15794,0,Wardcraft Systems Inc,0,0,0
19990126,33191,WORC',OTC,0.25,0.25,11467,0,Wardcraft Systems Inc,0,0,0
19990127,33191,WORC',OTC,0.34375,0.34375,26448,0,Wardcraft Systems Inc,0,0,0
19990128,33191,WORC',OTC,0.25,0.25,15387,0,Wardcraft Systems Inc,0,0,0
19990129,33191,WORC',OTC,0.265625,0.265625,9466,0,Wardcraft Systems Inc,0,0,0
19990201,33191,WORC',OTC,0.3125,0.3125,17501,0,Wardcraft Systems Inc,0,0,0
19990202,33191,WORC',OTC,0.265625,0.265625,9150,0,Wardcraft Systems Inc,0,0,0
19990203,33191,WORC',OTC,0.265625,0.265625,13265,0,Wardcraft Systems Inc,0,0,0
19990204,33191,WORC',OTC,0.296875,0.296875,7863,0,Wardcraft Systems Inc,0,0,0
19990205,33191,WORC',OTC,0.3125,0.3125,6720,0,Wardcraft Systems Inc,0,0,0
19990208,33191,WORC',OTC,0.328125,0.328125,6049,0,Wardcraft Systems Inc,0,0,0
19990209,33191,WORC',OTC,0.390625,0.390625,14124,0,Wardcraft Systems Inc,0,0,0
19990210,33191,WORC',OTC,0.390625,0.390625,11403,0,Wardcraft Systems Inc,0,0,0
19990211,33191,WORC',OTC,0.40625,0.40625,6483,0,Wardcraft Systems Inc,0,0,0
19990212,33191,WORC',OTC,0.4375,0.4375,2476,0,Wardcraft Systems Inc,0,0,0
19990216,33191,WORC',OTC,0.453125,0.453125,4816,0,Wardcraft Systems Inc,0,0,0
19990217,33191,WORC',OTC,0.46875,0.46875,2426,0,Wardcraft Systems Inc,0,0,0
19990218,33191,WORC',OTC,0.46875,0.46875,1914,0,Wardcraft Systems Inc,0,0,0
19990219,33191,WORC',OTC,0.5,0.5,1799,0,Wardcraft Systems Inc,0,0,0
19990222,33191,WORC',OTC,0.46875,0.46875,6404,0,Wardcraft Systems Inc,0,0,0
19990223,33191,WORC',OTC,0.46875,0.46875,2212,0,Wardcraft Systems Inc,0,0,0
19990224,33191,WORC',OTC,0.4375,0.4375,4187,0,Wardcraft Systems Inc,0,0,0
19990225,33191,WORC',OTC,0.4375,0.4375,2779,0,Wardcraft Systems Inc,0,0,0
19990226,33191,WORC',OTC,0.4375,0.4375,4296,0,Wardcraft Systems Inc,0,0,0
19990301,33191,WORC',OTC,0.375,0.375,4261,0,Wardcraft Systems Inc,0,0,0
19990302,33191,WORC',OTC,0.3125,0.3125,5554,0,Wardcraft Systems Inc,0,0,0
19990303,33191,WORC',OTC,0.296875,0.296875,2640,0,Wardcraft Systems Inc,0,0,0
19990304,33191,WORC',OTC,0.328125,0.328125,5152,0,Wardcraft Systems Inc,0,0,0
19990305,33191,WORC',OTC,0.3125,0.3125,2246,0,Wardcraft Systems Inc,0,0,0
19990308,33191,WORC',OTC,0.375,0.375,4386,0,Wardcraft Systems Inc,0,0,0
19990309,33191,WORC',OTC,0.375,0.375,1228,0,Wardcraft Systems Inc,0,0,0
19990310,33191,WORC',OTC,0.375,0.375,1051,0,Wardcraft Systems Inc,0,0,0
19990311,33191,WORC',OTC,0.375,0.375,2084,0,Wardcraft Systems Inc,0,0,0
19990312,33191,WORC',OTC,0.40625,0.40625,1673,0,Wardcraft Systems Inc,0,0,0
19990315,33191,WORC',OTC,0.375,0.375,805,0,Wardcraft Systems Inc,0,0,0
19990316,33191,WORC',OTC,0.328125,0.328125,2645,0,Wardcraft Systems Inc,0,0,0
19990317,33191,WORC',OTC,0.28125,0.28125,128,0,Wardcraft Systems Inc,0,0,0
19990318,33191,WORC',OTC,0.296875,0.296875,377,0,Wardcraft Systems Inc,0,0,0
19990319,33191,WORC',OTC,0.3125,0.3125,1231,0,Wardcraft Systems Inc,0,0,0
19990322,33191,WORC',OTC,0.328125,0.328125,1275,0,Wardcraft Systems Inc,0,0,0
19990323,33191,WORC',OTC,0.3125,0.3125,475,0,Wardcraft Systems Inc,0,0,0
19990324,33191,WORC',OTC,0.265625,0.265625,1504,0,Wardcraft Systems Inc,0,0,0
19990325,33191,WORC',OTC,0.28125,0.28125,1852,0,Wardcraft Systems Inc,0,0,0
19990326,33191,WORC',OTC,0.3125,0.3125,472,0,Wardcraft Systems Inc,0,0,0
19990329,33191,WORC',OTC,0.296875,0.296875,1135,0,Wardcraft Systems Inc,0,0,0
19990330,33191,WORC',OTC,0.265625,0.265625,823,0,Wardcraft Systems Inc,0,0,0
19990331,33191,WORC',OTC,0.296875,0.296875,566,0,Wardcraft Systems Inc,0,0,0
19990401,33191,WORC',OTC,0.265625,0.265625,103,0,Wardcraft Systems Inc,0,0,0
19990405,33191,WORC',OTC,0.265625,0.265625,647,0,Wardcraft Systems Inc,0,0,0
19990406,33191,WORC',OTC,0.25,0.25,1202,0,Wardcraft Systems Inc,0,0,0
19990407,33191,WORC',OTC,0.265625,0.265625,3753,0,Wardcraft Systems Inc,0,0,0
19990408,33191,WORC',OTC,0.25,0.25,3381,0,Wardcraft Systems Inc,0,0,0
19990409,33191,WORC',OTC,0.234375,0.234375,1374,0,Wardcraft Systems Inc,0,0,0
19990412,33191,WORC',OTC,0.21875,0.21875,1160,0,Wardcraft Systems Inc,0,0,0
19990413,33191,WORC',OTC,0.203125,0.203125,1916,0,Wardcraft Systems Inc,0,0,0
19990414,33191,WORC',OTC,0.234375,0.234375,2261,0,Wardcraft Systems Inc,0,0,0
19990415,33191,WORC',OTC,0.25,0.25,831,0,Wardcraft Systems Inc,0,0,0
19990416,33191,WORC',OTC,0.265625,0.265625,1982,0,Wardcraft Systems Inc,0,0,0
19990419,33191,WORC',OTC,0.265625,0.265625,1659,0,Wardcraft Systems Inc,0,0,0
19990420,33191,WORC',OTC,0.203125,0.203125,643,0,Wardcraft Systems Inc,0,0,0
19990421,33191,WORC',OTC,0.203125,0.203125,187,0,Wardcraft Systems Inc,0,0,0
19990422,33191,WORC',OTC,0.203125,0.203125,1076,0,Wardcraft Systems Inc,0,0,0
19990423,33191,WORC',OTC,0.25,0.25,2872,0,Wardcraft Systems Inc,0,0,0
19990426,33191,WORC',OTC,0.203125,0.203125,5100,0,Wardcraft Systems Inc,0,0,0
19990427,33191,WORC',OTC,0.203125,0.203125,255,0,Wardcraft Systems Inc,0,0,0
19990428,33191,WORC',OTC,0.234375,0.234375,2225,0,Wardcraft Systems Inc,0,0,0
19990429,33191,WORC',OTC,0.234375,0.234375,738,0,Wardcraft Systems Inc,0,0,0
19990430,33191,WORC',OTC,0.21875,0.21875,507,0,Wardcraft Systems Inc,0,0,0
19990503,33191,WORC',OTC,0.234375,0.234375,465,0,Wardcraft Systems Inc,0,0,0
19990504,33191,WORC',OTC,0.203125,0.203125,854,0,Wardcraft Systems Inc,0,0,0
19990505,33191,WORC',OTC,0.21875,0.21875,529,0,Wardcraft Systems Inc,0,0,0
19990506,33191,WORC',OTC,0.21875,0.21875,1033,0,Wardcraft Systems Inc,0,0,0
19990507,33191,WORC',OTC,0.203125,0.203125,1772,0,Wardcraft Systems Inc,0,0,0
19990510,33191,WORC',OTC,0.203125,0.203125,7053,0,Wardcraft Systems Inc,0,0,0
19990511,33191,WORC',OTC,0.203125,0.203125,1697,0,Wardcraft Systems Inc,0,0,0
19990512,33191,WORC',OTC,0.1875,0.1875,6629,0,Wardcraft Systems Inc,0,0,0
19990513,33191,WORC',OTC,0.1875,0.1875,2544,0,Wardcraft Systems Inc,0,0,0
19990514,33191,WORC',OTC,0.171875,0.171875,4834,0,Wardcraft Systems Inc,0,0,0
19990517,33191,WORC',OTC,0.234375,0.234375,1652,0,Wardcraft Systems Inc,0,0,0
19990518,33191,WORC',OTC,0.203125,0.203125,4304,0,Wardcraft Systems Inc,0,0,0
19990519,33191,WORC',OTC,0.1875,0.1875,1632,0,Wardcraft Systems Inc,0,0,0
19990520,33191,WORC',OTC,0.1875,0.1875,1239,0,Wardcraft Systems Inc,0,0,0
19990521,33191,WORC',OTC,0.1875,0.1875,746,0,Wardcraft Systems Inc,0,0,0
19990524,33191,WORC',OTC,0.1875,0.1875,503,0,Wardcraft Systems Inc,0,0,0
19990525,33191,WORC',OTC,0.203125,0.203125,14869,0,Wardcraft Systems Inc,0,0,0
19990526,33191,WORC',OTC,0.203125,0.203125,7496,0,Wardcraft Systems Inc,0,0,0
19990527,33191,WORC',OTC,0.203125,0.203125,2189,0,Wardcraft Systems Inc,0,0,0
19990528,33191,WORC',OTC,0.25,0.25,4229,0,Wardcraft Systems Inc,0,0,0
19990601,33191,WORC',OTC,0.3125,0.3125,7347,0,Wardcraft Systems Inc,0,0,0
19990602,33191,WORC',OTC,0.296875,0.296875,4823,0,Wardcraft Systems Inc,0,0,0
19990603,33191,WORC',OTC,0.265625,0.265625,2179,0,Wardcraft Systems Inc,0,0,0
19990604,33191,WORC',OTC,0.234375,0.234375,3846,0,Wardcraft Systems Inc,0,0,0
19990607,33191,WORC',OTC,0.203125,0.203125,682,0,Wardcraft Systems Inc,0,0,0
19990608,33191,WORC',OTC,0.203125,0.203125,1217,0,Wardcraft Systems Inc,0,0,0
19990609,33191,WORC',OTC,0.1875,0.1875,2065,0,Wardcraft Systems Inc,0,0,0
19990610,33191,WORC',OTC,0.203125,0.203125,316,0,Wardcraft Systems Inc,0,0,0
19990611,33191,WORC',OTC,0.1875,0.1875,430,0,Wardcraft Systems Inc,0,0,0
19990614,33191,WORC',OTC,0.1875,0.1875,2548,0,Wardcraft Systems Inc,0,0,0
19990615,33191,WORC',OTC,0.1875,0.1875,688,0,Wardcraft Systems Inc,0,0,0
19990616,33191,WORC',OTC,0.203125,0.203125,620,0,Wardcraft Systems Inc,0,0,0
19990617,33191,WORC',OTC,0.1875,0.1875,20,0,Wardcraft Systems Inc,0,0,0
19990618,33191,WORC',OTC,0.1875,0.1875,55,0,Wardcraft Systems Inc,0,0,0
19990621,33191,WORC',OTC,0.1875,0.1875,880,0,Wardcraft Systems Inc,0,0,0
19990622,33191,WORC',OTC,0.1875,0.1875,457,0,Wardcraft Systems Inc,0,0,0
19990623,33191,WORC',OTC,0.1875,0.1875,496,0,Wardcraft Systems Inc,0,0,0
19990624,33191,WORC',OTC,0.1875,0.1875,162,0,Wardcraft Systems Inc,0,0,0
19990625,33191,WORC',OTC,0.1875,0.1875,200,0,Wardcraft Systems Inc,0,0,0
19990628,33191,WORC',OTC,0.1875,0.1875,341,0,Wardcraft Systems Inc,0,0,0
19990629,33191,WORC',OTC,0.1875,0.1875,207,0,Wardcraft Systems Inc,0,0,0
19990630,33191,WORC',OTC,0.1875,0.1875,466,0,Wardcraft Systems Inc,0,0,0
19990701,33191,WORC',OTC,0.1875,0.1875,1318,0,Wardcraft Systems Inc,0,0,0
19990702,33191,WORC',OTC,0.1875,0.1875,259,0,Wardcraft Systems Inc,0,0,0
19990706,33191,WORC',OTC,0.1875,0.1875,683,0,Wardcraft Systems Inc,0,0,0
19990707,33191,WORC',OTC,0.1875,0.1875,50,0,Wardcraft Systems Inc,0,0,0
19990708,33191,WORC',OTC,0.203125,0.203125,10,0,Wardcraft Systems Inc,0,0,0
19990709,33191,WORC',OTC,0.203125,0.203125,183,0,Wardcraft Systems Inc,0,0,0
19990712,33191,WORC',OTC,0.1875,0.1875,200,0,Wardcraft Systems Inc,0,0,0
19990713,33191,WORC',OTC,0.1875,0.1875,553,0,Wardcraft Systems Inc,0,0,0
19990714,33191,WORC',OTC,0.1875,0.1875,427,0,Wardcraft Systems Inc,0,0,0
19990715,33191,WORC',OTC,0.1875,0.1875,1228,0,Wardcraft Systems Inc,0,0,0
19990716,33191,WORC',OTC,0.25,0.25,11320,0,Wardcraft Systems Inc,0,0,0
19990719,33191,WORC',OTC,0.25,0.25,7195,0,Wardcraft Systems Inc,0,0,0
19990720,33191,WORC',OTC,0.234375,0.234375,2730,0,Wardcraft Systems Inc,0,0,0
19990721,33191,WORC',OTC,0.21875,0.21875,289,0,Wardcraft Systems Inc,0,0,0
19990722,33191,WORC',OTC,0.203125,0.203125,462,0,Wardcraft Systems Inc,0,0,0
19990723,33191,WORC',OTC,0.203125,0.203125,376,0,Wardcraft Systems Inc,0,0,0
19990726,33191,WORC',OTC,0.1875,0.1875,2222,0,Wardcraft Systems Inc,0,0,0
19990727,33191,WORC',OTC,0.1875,0.1875,1650,0,Wardcraft Systems Inc,0,0,0
19990728,33191,WORC',OTC,0.1875,0.1875,3395,0,Wardcraft Systems Inc,0,0,0
19990729,33191,WORC',OTC,0.1875,0.1875,600,0,Wardcraft Systems Inc,0,0,0
19990730,33191,WORC',OTC,0.21875,0.21875,40,0,Wardcraft Systems Inc,0,0,0
19990802,33191,WORC',OTC,0.1875,0.1875,302,0,Wardcraft Systems Inc,0,0,0
19990803,33191,WORC',OTC,0.1875,0.1875,9785,0,Wardcraft Systems Inc,0,0,0
19990804,33191,WORC',OTC,0.171875,0.171875,316,0,Wardcraft Systems Inc,0,0,0
19990805,33191,WORC',OTC,0.171875,0.171875,1860,0,Wardcraft Systems Inc,0,0,0
19990806,33191,WORC',OTC,0.1875,0.1875,730,0,Wardcraft Systems Inc,0,0,0
19990809,33191,WORC',OTC,0.1875,0.1875,1121,0,Wardcraft Systems Inc,0,0,0
19990810,33191,WORC',OTC,0.15625,0.15625,2039,0,Wardcraft Systems Inc,0,0,0
19990811,33191,WORC',OTC,0.171875,0.171875,139,0,Wardcraft Systems Inc,0,0,0
19990812,33191,WORC',OTC,0.1875,0.1875,216,0,Wardcraft Systems Inc,0,0,0
19990813,33191,WORC',OTC,0.1875,0.1875,449,0,Wardcraft Systems Inc,0,0,0
19990816,33191,WORC',OTC,0.15625,0.15625,301,0,Wardcraft Systems Inc,0,0,0
19990817,33191,WORC',OTC,0.15625,0.15625,275,0,Wardcraft Systems Inc,0,0,0
19990818,33191,WORC',OTC,0.15625,0.15625,360,0,Wardcraft Systems Inc,0,0,0
19990819,33191,WORC',OTC,0.15625,0.15625,565,0,Wardcraft Systems Inc,0,0,0
19990820,33191,WORC',OTC,0.15625,0.15625,1074,0,Wardcraft Systems Inc,0,0,0
19990823,33191,WORC',OTC,0.15625,0.15625,140,0,Wardcraft Systems Inc,0,0,0
19990824,33191,WORC',OTC,0.140625,0.140625,6917,0,Wardcraft Systems Inc,0,0,0
19990825,33191,WORC',OTC,0.15625,0.15625,870,0,Wardcraft Systems Inc,0,0,0
19990826,33191,WORC',OTC,0.15625,0.15625,1802,0,Wardcraft Systems Inc,0,0,0
19990827,33191,WORC',OTC,0.15625,0.15625,2623,0,Wardcraft Systems Inc,0,0,0
19990830,33191,WORC',OTC,0.15625,0.15625,459,0,Wardcraft Systems Inc,0,0,0
19990831,33191,WORC',OTC,0.15625,0.15625,58,0,Wardcraft Systems Inc,0,0,0
19990901,33191,WORC',OTC,0.15625,0.15625,100,0,Wardcraft Systems Inc,0,0,0
19990902,33191,WORC',OTC,0.15625,0.15625,945,0,Wardcraft Systems Inc,0,0,0
19990903,33191,WORC',OTC,0.15625,0.15625,70,0,Wardcraft Systems Inc,0,0,0
19990907,33191,WORC',OTC,0.140625,0.140625,536,0,Wardcraft Systems Inc,0,0,0
19990908,33191,WORC',OTC,0.140625,0.140625,1227,0,Wardcraft Systems Inc,0,0,0
19990909,33191,WORC',OTC,0.140625,0.140625,905,0,Wardcraft Systems Inc,0,0,0
19990910,33191,WORC',OTC,0.140625,0.140625,5715,0,Wardcraft Systems Inc,0,0,0
19990913,33191,WORC',OTC,0.140625,0.140625,3190,0,Wardcraft Systems Inc,0,0,0
19990914,33191,WORC',OTC,0.140625,0.140625,593,0,Wardcraft Systems Inc,0,0,0
19990915,33191,WORC',OTC,0.140625,0.140625,670,0,Wardcraft Systems Inc,0,0,0
19990916,33191,WORC',OTC,0.140625,0.140625,456,0,Wardcraft Systems Inc,0,0,0
19990917,33191,WORC',OTC,0.125,0.125,44,0,Wardcraft Systems Inc,0,0,0
19990920,33191,WORC',OTC,0.125,0.125,340,0,Wardcraft Systems Inc,0,0,0
19990921,33191,WORC',OTC,0.125,0.125,0,0,Wardcraft Systems Inc,0,0,0
19990922,33191,WORC',OTC,0.140625,0.140625,985,0,Wardcraft Systems Inc,0,0,0
19990923,33191,WORC',OTC,0.125,0.125,130,0,Wardcraft Systems Inc,0,0,0
19990924,33191,WORC',OTC,0.125,0.125,116,0,Wardcraft Systems Inc,0,0,0
19990927,33191,WORC',OTC,0.25,0.25,28142,0,Wardcraft Systems Inc,0,0,0
19990928,33191,WORC',OTC,0.265625,0.265625,17149,0,Wardcraft Systems Inc,0,0,0
19990929,33191,WORC',OTC,0.21875,0.21875,8113,0,Wardcraft Systems Inc,0,0,0
19990930,33191,WORC',OTC,0.203125,0.203125,3813,0,Wardcraft Systems Inc,0,0,0
19991001,33191,WORC',OTC,0.234375,0.234375,2113,0,Wardcraft Systems Inc,0,0,0
19991004,33191,WORC',OTC,0.234375,0.234375,4841,0,Wardcraft Systems Inc,0,0,0
19991005,33191,WORC',OTC,0.234375,0.234375,5525,0,Wardcraft Systems Inc,0,0,0
19991006,33191,WORC',OTC,0.234375,0.234375,3970,0,Wardcraft Systems Inc,0,0,0
19991007,33191,WORC',OTC,0.25,0.25,2580,0,Wardcraft Systems Inc,0,0,0
19991008,33191,WORC',OTC,0.234375,0.234375,1068,0,Wardcraft Systems Inc,0,0,0
19991011,33191,WORC',OTC,0.25,0.25,902,0,Wardcraft Systems Inc,0,0,0
19991012,33191,WORC',OTC,0.25,0.25,182,0,Wardcraft Systems Inc,0,0,0
19991013,33191,WORC',OTC,0.21875,0.21875,1455,0,Wardcraft Systems Inc,0,0,0
19991014,33191,WORC',OTC,0.21875,0.21875,698,0,Wardcraft Systems Inc,0,0,0
19991015,33191,WORC',OTC,0.203125,0.203125,1186,0,Wardcraft Systems Inc,0,0,0
19991018,33191,WORC',OTC,0.234375,0.234375,373,0,Wardcraft Systems Inc,0,0,0
19991019,33191,WORC',OTC,0.21875,0.21875,4278,0,Wardcraft Systems Inc,0,0,0
19991020,33191,WORC',OTC,0.203125,0.203125,1020,0,Wardcraft Systems Inc,0,0,0
19991021,33191,WORC',OTC,0.1875,0.1875,1251,0,Wardcraft Systems Inc,0,0,0
19991022,33191,WORC',OTC,0.203125,0.203125,245,0,Wardcraft Systems Inc,0,0,0
19991025,33191,WORC',OTC,0.1875,0.1875,2632,0,Wardcraft Systems Inc,0,0,0
19991026,33191,WORC',OTC,0.203125,0.203125,1989,0,Wardcraft Systems Inc,0,0,0
19991027,33191,WORC',OTC,0.21875,0.21875,114,0,Wardcraft Systems Inc,0,0,0
19991028,33191,WORC',OTC,0.1875,0.1875,2046,0,Wardcraft Systems Inc,0,0,0
19991029,33191,WORC',OTC,0.203125,0.203125,285,0,Wardcraft Systems Inc,0,0,0
19991101,33191,WORC',OTC,0.1875,0.1875,7658,0,Wardcraft Systems Inc,0,0,0
19991102,33191,WORC',OTC,0.203125,0.203125,26,0,Wardcraft Systems Inc,0,0,0
19991103,33191,WORC',OTC,0.1875,0.1875,2749,0,Wardcraft Systems Inc,0,0,0
19991104,33191,WORC',OTC,0.1875,0.1875,157,0,Wardcraft Systems Inc,0,0,0
19991105,33191,WORC',OTC,0.1875,0.1875,3559,0,Wardcraft Systems Inc,0,0,0
19991108,33191,WORC',OTC,0.1875,0.1875,414,0,Wardcraft Systems Inc,0,0,0
19991109,33191,WORC',OTC,0.171875,0.171875,862,0,Wardcraft Systems Inc,0,0,0
19991110,33191,WORC',OTC,0.171875,0.171875,2282,0,Wardcraft Systems Inc,0,0,0
19991111,33191,WORC',OTC,0.15625,0.15625,3484,0,Wardcraft Systems Inc,0,0,0
19991112,33191,WORC',OTC,0.171875,0.171875,455,0,Wardcraft Systems Inc,0,0,0
19991115,33191,WORC',OTC,0.1875,0.1875,3894,0,Wardcraft Systems Inc,0,0,0
19991116,33191,WORC',OTC,0.1875,0.1875,777,0,Wardcraft Systems Inc,0,0,0
19991117,33191,WORC',OTC,0.1875,0.1875,807,0,Wardcraft Systems Inc,0,0,0
19991118,33191,WORC',OTC,0.1875,0.1875,2279,0,Wardcraft Systems Inc,0,0,0
19991119,33191,WORC',OTC,0.1875,0.1875,293,0,Wardcraft Systems Inc,0,0,0
19991122,33191,WORC',OTC,0.1875,0.1875,522,0,Wardcraft Systems Inc,0,0,0
19991123,33191,WORC',OTC,0.171875,0.171875,1216,0,Wardcraft Systems Inc,0,0,0
19991124,33191,WORC',OTC,0.1875,0.1875,1740,0,Wardcraft Systems Inc,0,0,0
19991126,33191,WORC',OTC,0.171875,0.171875,1722,0,Wardcraft Systems Inc,0,0,0
19991129,33191,WORC',OTC,0.1875,0.1875,637,0,Wardcraft Systems Inc,0,0,0
19991130,33191,WORC',OTC,0.171875,0.171875,364,0,Wardcraft Systems Inc,0,0,0
19991201,33191,WORC',OTC,0.171875,0.171875,1263,0,Wardcraft Systems Inc,0,0,0
19991202,33191,WORC',OTC,0.171875,0.171875,1472,0,Wardcraft Systems Inc,0,0,0
19991203,33191,WORC',OTC,0.15625,0.15625,882,0,Wardcraft Systems Inc,0,0,0
19991206,33191,WORC',OTC,0.15625,0.15625,2368,0,Wardcraft Systems Inc,0,0,0
19991207,33191,WORC',OTC,0.15625,0.15625,10796,0,Wardcraft Systems Inc,0,0,0
19991208,33191,WORC',OTC,0.171875,0.171875,4653,0,Wardcraft Systems Inc,0,0,0
19991209,33191,WORC',OTC,0.15625,0.15625,2360,0,Wardcraft Systems Inc,0,0,0
19991210,33191,WORC',OTC,0.171875,0.171875,1822,0,Wardcraft Systems Inc,0,0,0
19991213,33191,WORC',OTC,0.171875,0.171875,4728,0,Wardcraft Systems Inc,0,0,0
19991214,33191,WORC',OTC,0.171875,0.171875,2661,0,Wardcraft Systems Inc,0,0,0
19991215,33191,WORC',OTC,0.171875,0.171875,3710,0,Wardcraft Systems Inc,0,0,0
19991216,33191,WORC',OTC,0.15625,0.15625,3891,0,Wardcraft Systems Inc,0,0,0
19991217,33191,WORC',OTC,0.140625,0.140625,138,0,Wardcraft Systems Inc,0,0,0
19991220,33191,WORC',OTC,0.140625,0.140625,250,0,Wardcraft Systems Inc,0,0,0
19991221,33191,WORC',OTC,0.140625,0.140625,393,0,Wardcraft Systems Inc,0,0,0
19991222,33191,WORC',OTC,0.15625,0.15625,1123,0,Wardcraft Systems Inc,0,0,0
19991223,33191,WORC',OTC,0.15625,0.15625,1146,0,Wardcraft Systems Inc,0,0,0
19991227,33191,WORC',OTC,0.15625,0.15625,1300,0,Wardcraft Systems Inc,0,0,0
19991228,33191,WORC',OTC,0.140625,0.140625,1355,0,Wardcraft Systems Inc,0,0,0
19991229,33191,WORC',OTC,0.15625,0.15625,3665,0,Wardcraft Systems Inc,0,0,0
19991230,33191,WORC',OTC,0.140625,0.140625,1708,0,Wardcraft Systems Inc,0,0,0
19991231,33191,WORC',OTC,0.15625,0.15625,464,0,Wardcraft Systems Inc,0,0,0
20000103,33191,WORC',OTC,0.15625,0.15625,3186,0,Wardcraft Systems Inc,0,0,0
20000104,33191,WORC',OTC,0.15625,0.15625,1021,0,Wardcraft Systems Inc,0,0,0
20000105,33191,WORC',OTC,0.15625,0.15625,1443,0,Wardcraft Systems Inc,0,0,0
20000106,33191,WORC',OTC,0.171875,0.171875,305,0,Wardcraft Systems Inc,0,0,0
20000107,33191,WORC',OTC,0.15625,0.15625,1180,0,Wardcraft Systems Inc,0,0,0
20000110,33191,WORC',OTC,0.171875,0.171875,1781,0,Wardcraft Systems Inc,0,0,0
20000111,33191,WORC',OTC,0.171875,0.171875,2111,0,Wardcraft Systems Inc,0,0,0
20000112,33191,WORC',OTC,0.15625,0.15625,4830,0,Wardcraft Systems Inc,0,0,0
20000113,33191,WORC',OTC,0.15625,0.15625,1197,0,Wardcraft Systems Inc,0,0,0
20000114,33191,WORC',OTC,0.140625,0.140625,4204,0,Wardcraft Systems Inc,0,0,0
20000118,33191,WORC',OTC,0.15625,0.15625,1476,0,Wardcraft Systems Inc,0,0,0
20000119,33191,WORC',OTC,0.15625,0.15625,1948,0,Wardcraft Systems Inc,0,0,0
20000120,33191,WORC',OTC,0.15625,0.15625,2273,0,Wardcraft Systems Inc,0,0,0
20000121,33191,WORC',OTC,0.15625,0.15625,1156,0,Wardcraft Systems Inc,0,0,0
20000124,33191,WORC',OTC,0.15625,0.15625,1607,0,Wardcraft Systems Inc,0,0,0
20000125,33191,WORC',OTC,0.15625,0.15625,2097,0,Wardcraft Systems Inc,0,0,0
20000126,33191,WORC',OTC,0.15625,0.15625,3600,0,Wardcraft Systems Inc,0,0,0
20000127,33191,WORC',OTC,0.15625,0.15625,1150,0,Wardcraft Systems Inc,0,0,0
20000128,33191,WORC',OTC,0.15625,0.15625,1250,0,Wardcraft Systems Inc,0,0,0
20000131,33191,WORC',OTC,0.171875,0.171875,1975,0,Wardcraft Systems Inc,0,0,0
20000201,33191,WORC',OTC,0.203125,0.203125,6998,0,Wardcraft Systems Inc,0,0,0
20000202,33191,WORC',OTC,0.265625,0.265625,12958,0,Wardcraft Systems Inc,0,0,0
20000203,33191,WORC',OTC,0.234375,0.234375,5407,0,Wardcraft Systems Inc,0,0,0
20000204,33191,WORC',OTC,0.25,0.25,3008,0,Wardcraft Systems Inc,0,0,0
20000207,33191,WORC',OTC,0.21875,0.21875,8260,0,Wardcraft Systems Inc,0,0,0
20000208,33191,WORC',OTC,0.203125,0.203125,5050,0,Wardcraft Systems Inc,0,0,0
20000209,33191,WORC',OTC,0.203125,0.203125,1352,0,Wardcraft Systems Inc,0,0,0
20000210,33191,WORC',OTC,0.1875,0.1875,3302,0,Wardcraft Systems Inc,0,0,0
20000211,33191,WORC',OTC,0.1875,0.1875,2857,0,Wardcraft Systems Inc,0,0,0
20000214,33191,WORC',OTC,0.203125,0.203125,2288,0,Wardcraft Systems Inc,0,0,0
20000215,33191,WORC',OTC,0.1875,0.1875,7023,0,Wardcraft Systems Inc,0,0,0
20000216,33191,WORC',OTC,0.171875,0.171875,3003,0,Wardcraft Systems Inc,0,0,0
20000217,33191,WORC',OTC,0.171875,0.171875,1525,0,Wardcraft Systems Inc,0,0,0
20000218,33191,WORC',OTC,0.1875,0.1875,1423,0,Wardcraft Systems Inc,0,0,0
20000222,33191,WORC',OTC,0.1875,0.1875,1408,0,Wardcraft Systems Inc,0,0,0
20000223,33191,WORC',OTC,0.1875,0.1875,1686,0,Wardcraft Systems Inc,0,0,0
20000224,33191,WORC',OTC,0.203125,0.203125,2443,0,Wardcraft Systems Inc,0,0,0
20000225,33191,WORC',OTC,0.203125,0.203125,2763,0,Wardcraft Systems Inc,0,0,0
20000228,33191,WORC',OTC,0.203125,0.203125,1076,0,Wardcraft Systems Inc,0,0,0
20000229,33191,WORC',OTC,0.1875,0.1875,1699,0,Wardcraft Systems Inc,0,0,0
20000301,33191,WORC',OTC,0.171875,0.171875,4766,0,Wardcraft Systems Inc,0,0,0
20000302,33191,WORC',OTC,0.171875,0.171875,2000,0,Wardcraft Systems Inc,0,0,0
20000303,33191,WORC',OTC,0.1875,0.1875,4321,0,Wardcraft Systems Inc,0,0,0
20000306,33191,WORC',OTC,0.28125,0.28125,24446,0,Wardcraft Systems Inc,0,0,0
20000307,33191,WORC',OTC,0.28125,0.28125,18089,0,Wardcraft Systems Inc,0,0,0
20000308,33191,WORC',OTC,0.25,0.25,7195,0,Wardcraft Systems Inc,0,0,0
20000309,33191,WORC',OTC,0.21875,0.21875,3332,0,Wardcraft Systems Inc,0,0,0
20000310,33191,WORC',OTC,0.203125,0.203125,2861,0,Wardcraft Systems Inc,0,0,0
20000313,33191,WORC',OTC,0.234375,0.234375,2123,0,Wardcraft Systems Inc,0,0,0
20000314,33191,WORC',OTC,0.234375,0.234375,2706,0,Wardcraft Systems Inc,0,0,0
20000315,33191,WORC',OTC,0.234375,0.234375,712,0,Wardcraft Systems Inc,0,0,0
20000316,33191,WORC',OTC,0.203125,0.203125,519,0,Wardcraft Systems Inc,0,0,0
20000317,33191,WORC',OTC,0.1875,0.1875,629,0,Wardcraft Systems Inc,0,0,0
20000320,33191,WORC',OTC,0.234375,0.234375,962,0,Wardcraft Systems Inc,0,0,0
20000321,33191,WORC',OTC,0.203125,0.203125,3551,0,Wardcraft Systems Inc,0,0,0
20000322,33191,WORC',OTC,0.1875,0.1875,648,0,Wardcraft Systems Inc,0,0,0
20000323,33191,WORC',OTC,0.171875,0.171875,976,0,Wardcraft Systems Inc,0,0,0
20000324,33191,WORC',OTC,0.1875,0.1875,3641,0,Wardcraft Systems Inc,0,0,0
20000327,33191,WORC',OTC,0.1875,0.1875,1201,0,Wardcraft Systems Inc,0,0,0
20000328,33191,WORC',OTC,0.1875,0.1875,930,0,Wardcraft Systems Inc,0,0,0
20000329,33191,WORC',OTC,0.1875,0.1875,3543,0,Wardcraft Systems Inc,0,0,0
20000330,33191,WORC',OTC,0.1875,0.1875,1439,0,Wardcraft Systems Inc,0,0,0
20000331,33191,WORC',OTC,0.171875,0.171875,1270,0,Wardcraft Systems Inc,0,0,0
20000403,33191,WORC',OTC,0.1875,0.1875,1084,0,Wardcraft Systems Inc,0,0,0
20000404,33191,WORC',OTC,0.171875,0.171875,5823,0,Wardcraft Systems Inc,0,0,0
20000405,33191,WORC',OTC,0.171875,0.171875,1604,0,Wardcraft Systems Inc,0,0,0
20000406,33191,WORC',OTC,0.171875,0.171875,1574,0,Wardcraft Systems Inc,0,0,0
20000407,33191,WORC',OTC,0.15625,0.15625,1600,0,Wardcraft Systems Inc,0,0,0
20000410,33191,WORC',OTC,0.171875,0.171875,499,0,Wardcraft Systems Inc,0,0,0
20000411,33191,WORC',OTC,0.171875,0.171875,2088,0,Wardcraft Systems Inc,0,0,0
20000412,33191,WORC',OTC,0.15625,0.15625,1123,0,Wardcraft Systems Inc,0,0,0
20000413,33191,WORC',OTC,0.140625,0.140625,1390,0,Wardcraft Systems Inc,0,0,0
20000414,33191,WORC',OTC,0.15625,0.15625,2568,0,Wardcraft Systems Inc,0,0,0
20000417,33191,WORC',OTC,0.125,0.125,755,0,Wardcraft Systems Inc,0,0,0
20000418,33191,WORC',OTC,0.125,0.125,1328,0,Wardcraft Systems Inc,0,0,0
20000419,33191,WORC',OTC,0.125,0.125,3993,0,Wardcraft Systems Inc,0,0,0
20000420,33191,WORC',OTC,0.109375,0.109375,5231,0,Wardcraft Systems Inc,0,0,0
20000424,33191,WORC',OTC,0.09375,0.09375,370,0,Wardcraft Systems Inc,0,0,0
20000425,33191,WORC',OTC,0.078125,0.078125,1800,0,Wardcraft Systems Inc,0,0,0
20000426,33191,WORC',OTC,0.09375,0.09375,548,0,Wardcraft Systems Inc,0,0,0
20000427,33191,WORC',OTC,0.078125,0.078125,882,0,Wardcraft Systems Inc,0,0,0
20000428,33191,WORC',OTC,0.09375,0.09375,334,0,Wardcraft Systems Inc,0,0,0
20000501,33191,WORC',OTC,0.09375,0.09375,4401,0,Wardcraft Systems Inc,0,0,0
20000502,33191,WORC',OTC,0.0625,0.0625,20,0,Wardcraft Systems Inc,0,0,0
20000503,33191,WORC',OTC,0.078125,0.078125,2535,0,Wardcraft Systems Inc,0,0,0
20000504,33191,WORC',OTC,0.078125,0.078125,805,0,Wardcraft Systems Inc,0,0,0
20000505,33191,WORC',OTC,0.078125,0.078125,1010,0,Wardcraft Systems Inc,0,0,0
20000508,33191,WORC',OTC,0.0625,0.0625,150,0,Wardcraft Systems Inc,0,0,0
20000509,33191,WORC',OTC,0.09375,0.09375,945,0,Wardcraft Systems Inc,0,0,0
20000510,33191,WORC',OTC,0.09375,0.09375,600,0,Wardcraft Systems Inc,0,0,0
20000511,33191,WORC',OTC,0.09375,0.09375,44,0,Wardcraft Systems Inc,0,0,0
20000512,33191,WORC',OTC,0.09375,0.09375,931,0,Wardcraft Systems Inc,0,0,0
20000515,33191,WORC',OTC,0.078125,0.078125,223,0,Wardcraft Systems Inc,0,0,0
20000516,33191,WORC',OTC,0.078125,0.078125,230,0,Wardcraft Systems Inc,0,0,0
20000517,33191,WORC',OTC,0.078125,0.078125,632,0,Wardcraft Systems Inc,0,0,0
20000518,33191,WORC',OTC,0.03125,0.03125,350,0,Wardcraft Systems Inc,0,0,0
20000519,33191,WORC',OTC,0.046875,0.046875,214,0,Wardcraft Systems Inc,0,0,0
20000522,33191,WORC',OTC,0.046875,0.046875,0,0,Wardcraft Systems Inc,0,0,0
20000523,33191,WORC',OTC,0.09375,0.09375,515,0,Wardcraft Systems Inc,0,0,0
20000524,33191,WORC',OTC,0.0625,0.0625,710,0,Wardcraft Systems Inc,0,0,0
20000525,33191,WORC',OTC,0.0625,0.0625,0,0,Wardcraft Systems Inc,0,0,0
20000526,33191,WORC',OTC,0.0625,0.0625,0,0,Wardcraft Systems Inc,0,0,0
20000530,33191,WORC',OTC,0.046875,0.046875,648,0,Wardcraft Systems Inc,0,0,0
20000531,33191,WORC',OTC,0.046875,0.046875,10,0,Wardcraft Systems Inc,0,0,0
20000601,33191,WORC',OTC,0.0625,0.0625,370,0,Wardcraft Systems Inc,0,0,0
20000602,33191,WORC',OTC,0.0625,0.0625,0,0,Wardcraft Systems Inc,0,0,0
20000605,33191,WORC',OTC,0.0625,0.0625,205,0,Wardcraft Systems Inc,0,0,0
20000606,33191,WORC',OTC,0.0625,0.0625,0,0,Wardcraft Systems Inc,0,0,0
20000607,33191,WORC',OTC,0.0625,0.0625,590,0,Wardcraft Systems Inc,0,0,0
20000608,33191,WORC',OTC,0.0625,0.0625,30,0,Wardcraft Systems Inc,0,0,0
20000609,33191,WORC',OTC,0.046875,0.046875,2499,0,Wardcraft Systems Inc,0,0,0
20000612,33191,WORC',OTC,0.046875,0.046875,1150,0,Wardcraft Systems Inc,0,0,0
20000613,33191,WORC',OTC,0.0625,0.0625,260,0,Wardcraft Systems Inc,0,0,0
20000614,33191,WORC',OTC,0.046875,0.046875,801,0,Wardcraft Systems Inc,0,0,0
20000615,33191,WORC',OTC,0.046875,0.046875,1309,0,Wardcraft Systems Inc,0,0,0
20000616,33191,WORC',OTC,0.046875,0.046875,0,0,Wardcraft Systems Inc,0,0,0
20000619,33191,WORC',OTC,0.046875,0.046875,10,0,Wardcraft Systems Inc,0,0,0
20000620,33191,WORC',OTC,0.0625,0.0625,139,0,Wardcraft Systems Inc,0,0,0
20000621,33191,WORC',OTC,0.046875,0.046875,305,0,Wardcraft Systems Inc,0,0,0
20000622,33191,WORC',OTC,0.046875,0.046875,395,0,Wardcraft Systems Inc,0,0,0
20000623,33191,WORC',OTC,0.0625,0.0625,690,0,Wardcraft Systems Inc,0,0,0
20000626,33191,WORC',OTC,0.046875,0.046875,28,0,Wardcraft Systems Inc,0,0,0
20000627,33191,WORC',OTC,0.0625,0.0625,326,0,Wardcraft Systems Inc,0,0,0
20000628,33191,WORC',OTC,0.0625,0.0625,0,0,Wardcraft Systems Inc,0,0,0
20000629,33191,WORC',OTC,0.0625,0.0625,0,0,Wardcraft Systems Inc,0,0,0
20000630,33191,WORC',OTC,0.046875,0.046875,310,0,Wardcraft Systems Inc,0,0,0
20000703,33191,WORC',OTC,0.046875,0.046875,31,0,Wardcraft Systems Inc,0,0,0
20000705,33191,WORC',OTC,0.03125,0.03125,840,0,Wardcraft Systems Inc,0,0,0
20000706,33191,WORC',OTC,0.03125,0.03125,310,0,Wardcraft Systems Inc,0,0,0
20000707,33191,WORC',OTC,0.03125,0.03125,30,0,Wardcraft Systems Inc,0,0,0
20000710,33191,WORC',OTC,0.03125,0.03125,96,0,Wardcraft Systems Inc,0,0,0
20000711,33191,WORC',OTC,0.03125,0.03125,347,0,Wardcraft Systems Inc,0,0,0
20000712,33191,WORC',OTC,0.03125,0.03125,110,0,Wardcraft Systems Inc,0,0,0
20000713,33191,WORC',OTC,0.03125,0.03125,142,0,Wardcraft Systems Inc,0,0,0
20000714,33191,WORC',OTC,0.046875,0.046875,105,0,Wardcraft Systems Inc,0,0,0
20000717,33191,WORC',OTC,0.03125,0.03125,15,0,Wardcraft Systems Inc,0,0,0
20000718,33191,WORC',OTC,0.046875,0.046875,150,0,Wardcraft Systems Inc,0,0,0
20000719,33191,WORC',OTC,0.03125,0.03125,8,0,Wardcraft Systems Inc,0,0,0
20000720,33191,WORC',OTC,0.03125,0.03125,150,0,Wardcraft Systems Inc,0,0,0
20000721,33191,WORC',OTC,0.046875,0.046875,75,0,Wardcraft Systems Inc,0,0,0
20000724,33191,WORC',OTC,0.03125,0.03125,449,0,Wardcraft Systems Inc,0,0,0
20000725,33191,WORC',OTC,0.03125,0.03125,39,0,Wardcraft Systems Inc,0,0,0
20000726,33191,WORC',OTC,0.046875,0.046875,435,0,Wardcraft Systems Inc,0,0,0
20000727,33191,WORC',OTC,0.046875,0.046875,560,0,Wardcraft Systems Inc,0,0,0
20000728,33191,WORC',OTC,0.046875,0.046875,35,0,Wardcraft Systems Inc,0,0,0
20000731,33191,WORC',OTC,0.046875,0.046875,10,0,Wardcraft Systems Inc,0,0,0
20000801,33191,WORC',OTC,0.046875,0.046875,299,0,Wardcraft Systems Inc,0,0,0
20000802,33191,WORC',OTC,0.046875,0.046875,0,0,Wardcraft Systems Inc,0,0,0
20000803,33191,WORC',OTC,0.046875,0.046875,40,0,Wardcraft Systems Inc,0,0,0
20000804,33191,WORC',OTC,0.046875,0.046875,0,0,Wardcraft Systems Inc,0,0,0
20000807,33191,WORC',OTC,0.046875,0.046875,0,0,Wardcraft Systems Inc,0,0,0
20000808,33191,WORC',OTC,0.046875,0.046875,850,0,Wardcraft Systems Inc,0,0,0
20000809,33191,WORC',OTC,0.03125,0.03125,300,0,Wardcraft Systems Inc,0,0,0
20000810,33191,WORC',OTC,0.046875,0.046875,455,0,Wardcraft Systems Inc,0,0,0
20000811,33191,WORC',OTC,0.046875,0.046875,400,0,Wardcraft Systems Inc,0,0,0
20000814,33191,WORC',OTC,0.03125,0.03125,1010,0,Wardcraft Systems Inc,0,0,0
20000815,33191,WORC',OTC,0.03125,0.03125,34,0,Wardcraft Systems Inc,0,0,0
20000816,33191,WORC',OTC,0.046875,0.046875,390,0,Wardcraft Systems Inc,0,0,0
20000817,33191,WORC',OTC,0.03125,0.03125,847,0,Wardcraft Systems Inc,0,0,0
20000818,33191,WORC',OTC,0.03125,0.03125,120,0,Wardcraft Systems Inc,0,0,0
20000821,33191,WORC',OTC,0.03125,0.03125,10,0,Wardcraft Systems Inc,0,0,0
20000822,33191,WORC',OTC,0.03125,0.03125,0,0,Wardcraft Systems Inc,0,0,0
20000823,33191,WORC',OTC,0.03125,0.03125,80,0,Wardcraft Systems Inc,0,0,0
20000824,33191,WORC',OTC,0.03125,0.03125,120,0,Wardcraft Systems Inc,0,0,0
20000825,33191,WORC',OTC,0.03125,0.03125,10,0,Wardcraft Systems Inc,0,0,0
20000828,33191,WORC',OTC,0.046875,0.046875,275,0,Wardcraft Systems Inc,0,0,0
20000829,33191,WORC',OTC,0.03125,0.03125,100,0,Wardcraft Systems Inc,0,0,0
20000830,33191,WORC',OTC,0.03125,0.03125,0,0,Wardcraft Systems Inc,0,0,0
20000831,33191,WORC',OTC,0.03125,0.03125,0,0,Wardcraft Systems Inc,0,0,0
20000901,33191,WORC',OTC,0.046875,0.046875,132,0,Wardcraft Systems Inc,0,0,0
20000905,33191,WORC',OTC,0.03125,0.03125,50,0,Wardcraft Systems Inc,0,0,0
20000906,33191,WORC',OTC,0.03125,0.03125,80,0,Wardcraft Systems Inc,0,0,0
20000907,33191,WORC',OTC,0.046875,0.046875,237,0,Wardcraft Systems Inc,0,0,0
20000908,33191,WORC',OTC,0.03125,0.03125,327,0,Wardcraft Systems Inc,0,0,0
20000911,33191,WORC',OTC,0.03125,0.03125,0,0,Wardcraft Systems Inc,0,0,0
20000912,33191,WORC',OTC,0.03125,0.03125,50,0,Wardcraft Systems Inc,0,0,0
20000913,33191,WORC',OTC,0.03125,0.03125,0,0,Wardcraft Systems Inc,0,0,0
20000914,33191,WORC',OTC,0.03125,0.03125,0,0,Wardcraft Systems Inc,0,0,0
20000915,33191,WORC',OTC,0.03125,0.03125,0,0,Wardcraft Systems Inc,0,0,0
20000918,33191,WORC',OTC,0.03125,0.03125,50,0,Wardcraft Systems Inc,0,0,0
20000919,33191,WORC',OTC,0.03125,0.03125,0,0,Wardcraft Systems Inc,0,0,0
20000920,33191,WORC',OTC,0.03125,0.03125,130,0,Wardcraft Systems Inc,0,0,0
20000921,33191,WORC',OTC,0.046875,0.046875,370,0,Wardcraft Systems Inc,0,0,0
20000922,33191,WORC',OTC,0.03125,0.03125,30,0,Wardcraft Systems Inc,0,0,0
20000925,33191,WORC',OTC,0.03125,0.03125,50,0,Wardcraft Systems Inc,0,0,0
20000926,33191,WORC',OTC,0.03125,0.03125,60,0,Wardcraft Systems Inc,0,0,0
20000927,33191,WORC',OTC,0.046875,0.046875,450,0,Wardcraft Systems Inc,0,0,0
20000928,33191,WORC',OTC,0.03125,0.03125,60,0,Wardcraft Systems Inc,0,0,0
20000929,33191,WORC',OTC,0.03125,0.03125,100,0,Wardcraft Systems Inc,0,0,0
20001002,33191,WORC',OTC,0.03125,0.03125,190,0,Wardcraft Systems Inc,0,0,0
20001003,33191,WORC',OTC,0.03125,0.03125,30,0,Wardcraft Systems Inc,0,0,0
20001004,33191,WORC',OTC,0.03125,0.03125,0,0,Wardcraft Systems Inc,0,0,0
20001005,33191,WORC',OTC,0.046875,0.046875,300,0,Wardcraft Systems Inc,0,0,0
20001006,33191,WORC',OTC,0.03125,0.03125,2,0,Wardcraft Systems Inc,0,0,0
20001009,33191,WORC',OTC,0.03125,0.03125,73,0,Wardcraft Systems Inc,0,0,0
20001010,33191,WORC',OTC,0.03125,0.03125,1800,0,Wardcraft Systems Inc,0,0,0
20001011,33191,WORC',OTC,0.03125,0.03125,40,0,Wardcraft Systems Inc,0,0,0
20001012,33191,WORC',OTC,0.03125,0.03125,553,0,Wardcraft Systems Inc,0,0,0
20001013,33191,WORC',OTC,0.03125,0.03125,392,0,Wardcraft Systems Inc,0,0,0
20001016,33191,WORC',OTC,0.03125,0.03125,100,0,Wardcraft Systems Inc,0,0,0
20001017,33191,WORC',OTC,0.03125,0.03125,98,0,Wardcraft Systems Inc,0,0,0
20001018,33191,WORC',OTC,0.03125,0.03125,650,0,Wardcraft Systems Inc,0,0,0
20001019,33191,WORC',OTC,0.03125,0.03125,200,0,Wardcraft Systems Inc,0,0,0
20001020,33191,WORC',OTC,0.03125,0.03125,55,0,Wardcraft Systems Inc,0,0,0
20001023,33191,WORC',OTC,0.03125,0.03125,147,0,Wardcraft Systems Inc,0,0,0
20001024,33191,WORC',OTC,0.015625,0.015625,74,0,Wardcraft Systems Inc,0,0,0
20001025,33191,WORC',OTC,0.015625,0.015625,0,0,Wardcraft Systems Inc,0,0,0
20001026,33191,WORC',OTC,0.03125,0.03125,340,0,Wardcraft Systems Inc,0,0,0
20001027,33191,WORC',OTC,0.03125,0.03125,52,0,Wardcraft Systems Inc,0,0,0
20001030,33191,WORC',OTC,0.03125,0.03125,60,0,Wardcraft Systems Inc,0,0,0
20001031,33191,WORC',OTC,0.03125,0.03125,410,0,Wardcraft Systems Inc,0,0,0
20001101,33191,WORC',OTC,0.03125,0.03125,75,0,Wardcraft Systems Inc,0,0,0
20001102,33191,WORC',OTC,0.03125,0.03125,683,0,Wardcraft Systems Inc,0,0,0
20001103,33191,WORC',OTC,0.03125,0.03125,0,0,Wardcraft Systems Inc,0,0,0
20001106,33191,WORC',OTC,0.03125,0.03125,1095,0,Wardcraft Systems Inc,0,0,0
20001107,33191,WORC',OTC,0.015625,0.015625,10,0,Wardcraft Systems Inc,0,0,0
20001108,33191,WORC',OTC,0.015625,0.015625,2250,0,Wardcraft Systems Inc,0,0,0
20001109,33191,WORC',OTC,0.015625,0.015625,71,0,Wardcraft Systems Inc,0,0,0
20001110,33191,WORC',OTC,0.015625,0.015625,200,0,Wardcraft Systems Inc,0,0,0
20001113,33191,WORC',OTC,0.015625,0.015625,0,0,Wardcraft Systems Inc,0,0,0
20001114,33191,WORC',OTC,0.015625,0.015625,1240,0,Wardcraft Systems Inc,0,0,0
20001115,33191,WORC',OTC,0.015625,0.015625,163,0,Wardcraft Systems Inc,0,0,0
20001116,33191,WORC',OTC,0.015625,0.015625,80,0,Wardcraft Systems Inc,0,0,0
20001117,33191,WORC',OTC,0.015625,0.015625,0,0,Wardcraft Systems Inc,0,0,0
20001120,33191,WORC',OTC,0.015625,0.015625,350,0,Wardcraft Systems Inc,0,0,0
20001121,33191,WORC',OTC,0.015625,0.015625,201,0,Wardcraft Systems Inc,0,0,0
20001122,33191,WORC',OTC,0.03125,0.03125,10,0,Wardcraft Systems Inc,0,0,0
20001124,33191,WORC',OTC,0.015625,0.015625,140,0,Wardcraft Systems Inc,0,0,0
20001127,33191,WORC',OTC,0.015625,0.015625,127,0,Wardcraft Systems Inc,0,0,0
20001128,33191,WORC',OTC,0.015625,0.015625,0,0,Wardcraft Systems Inc,0,0,0
20001129,33191,WORC',OTC,0.015625,0.015625,290,0,Wardcraft Systems Inc,0,0,0
20001130,33191,WORC',OTC,0.015625,0.015625,934,0,Wardcraft Systems Inc,0,0,0
20001201,33191,WORC',OTC,0.015625,0.015625,1177,0,Wardcraft Systems Inc,0,0,0
20001204,33191,WORC',OTC,0.015625,0.015625,50,0,Wardcraft Systems Inc,0,0,0
20001205,33191,WORC',OTC,0.015625,0.015625,77,0,Wardcraft Systems Inc,0,0,0
20001206,33191,WORC',OTC,0.015625,0.015625,100,0,Wardcraft Systems Inc,0,0,0
20001207,33191,WORC',OTC,0.015625,0.015625,350,0,Wardcraft Systems Inc,0,0,0
20001208,33191,WORC',OTC,0.015625,0.015625,108,0,Wardcraft Systems Inc,0,0,0
20001211,33191,WORC',OTC,0.015625,0.015625,655,0,Wardcraft Systems Inc,0,0,0
20001212,33191,WORC',OTC,0.015625,0.015625,72,0,Wardcraft Systems Inc,0,0,0
20001213,33191,WORC',OTC,0.015625,0.015625,140,0,Wardcraft Systems Inc,0,0,0
20001214,33191,WORC',OTC,0.015625,0.015625,790,0,Wardcraft Systems Inc,0,0,0
20001215,33191,WORC',OTC,0.015625,0.015625,565,0,Wardcraft Systems Inc,0,0,0
20001218,33191,WORC',OTC,0.015625,0.015625,20,0,Wardcraft Systems Inc,0,0,0
20001219,33191,WORC',OTC,0.015625,0.015625,115,0,Wardcraft Systems Inc,0,0,0
20001220,33191,WORC',OTC,0.015625,0.015625,1753,0,Wardcraft Systems Inc,0,0,0
20001221,33191,WORC',OTC,0.015625,0.015625,2005,0,Wardcraft Systems Inc,0,0,0
20001222,33191,WORC',OTC,0.015625,0.015625,2125,0,Wardcraft Systems Inc,0,0,0
20001226,33191,WORC',OTC,0.015625,0.015625,1519,0,Wardcraft Systems Inc,0,0,0
20001227,33191,WORC',OTC,0.015625,0.015625,626,0,Wardcraft Systems Inc,0,0,0
20001228,33191,WORC',OTC,0.015625,0.015625,242,0,Wardcraft Systems Inc,0,0,0
20001229,33191,WORC',OTC,0.015625,0.015625,1382,0,Wardcraft Systems Inc,0,0,0
20010102,33191,WORC',OTC,0.015625,0.015625,0,0,Wardcraft Systems Inc,0,0,0
20010103,33191,WORC',OTC,0.015625,0.015625,100,0,Wardcraft Systems Inc,0,0,0
20010104,33191,WORC',OTC,0.015625,0.015625,50,0,Wardcraft Systems Inc,0,0,0
20010105,33191,WORC',OTC,0.015625,0.015625,0,0,Wardcraft Systems Inc,0,0,0
20010108,33191,WORC',OTC,0.015625,0.015625,0,0,Wardcraft Systems Inc,0,0,0
20010109,33191,WORC',OTC,0.015625,0.015625,0,0,Wardcraft Systems Inc,0,0,0
20010110,33191,WORC',OTC,0.015625,0.015625,500,0,Wardcraft Systems Inc,0,0,0
20010111,33191,WORC',OTC,0.015625,0.015625,530,0,Wardcraft Systems Inc,0,0,0
20010112,33191,WORC',OTC,0.015625,0.015625,50,0,Wardcraft Systems Inc,0,0,0
20010116,33191,WORC',OTC,0.015625,0.015625,0,0,Wardcraft Systems Inc,0,0,0
20010117,33191,WORC',OTC,0.015625,0.015625,325,0,Wardcraft Systems Inc,0,0,0
20010118,33191,WORC',OTC,0.015625,0.015625,0,0,Wardcraft Systems Inc,0,0,0
20010119,33191,WORC',OTC,0.015625,0.015625,295,0,Wardcraft Systems Inc,0,0,0
20010122,33191,WORC',OTC,0.015625,0.015625,0,0,Wardcraft Systems Inc,0,0,0
20010123,33191,WORC',OTC,0.015625,0.015625,50,0,Wardcraft Systems Inc,0,0,0
20010124,33191,WORC',OTC,0.015625,0.015625,0,0,Wardcraft Systems Inc,0,0,0
20010125,33191,WORC',OTC,0.015625,0.015625,100,0,Wardcraft Systems Inc,0,0,0
20010126,33191,WORC',OTC,0.015625,0.015625,150,0,Wardcraft Systems Inc,0,0,0
20010129,33191,WORC',OTC,0.015625,0.015625,50,0,Wardcraft Systems Inc,0,0,0
20010130,33191,WORC',OTC,0.015625,0.015625,31,0,Wardcraft Systems Inc,0,0,0
20010131,33191,WORC',OTC,0.015625,0.015625,2360,0,Wardcraft Systems Inc,0,0,0
20010201,33191,WORC',OTC,0.015625,0.015625,0,0,Wardcraft Systems Inc,0,0,0
20010202,33191,WORC',OTC,0.015625,0.015625,180,0,Wardcraft Systems Inc,0,0,0
20010205,33191,WORC',OTC,0.015625,0.015625,50,0,Wardcraft Systems Inc,0,0,0
20010206,33191,WORC',OTC,0.015625,0.015625,165,0,Wardcraft Systems Inc,0,0,0
20010207,33191,WORC',OTC,0.015625,0.015625,500,0,Wardcraft Systems Inc,0,0,0
20010208,33191,WORC',OTC,0.015625,0.015625,0,0,Wardcraft Systems Inc,0,0,0
20010209,33191,WORC',OTC,0.015625,0.015625,0,0,Wardcraft Systems Inc,0,0,0
20010212,33191,WORC',OTC,0.015625,0.015625,0,0,Wardcraft Systems Inc,0,0,0
20010213,33191,WORC',OTC,0.015625,0.015625,0,0,Wardcraft Systems Inc,0,0,0
20010214,33191,WORC',OTC,0.015625,0.015625,0,0,Wardcraft Systems Inc,0,0,0
20010215,33191,WORC',OTC,0.015625,0.015625,48,0,Wardcraft Systems Inc,0,0,0
20010216,33191,WORC',OTC,0.015625,0.015625,95,0,Wardcraft Systems Inc,0,0,0
20010220,33191,WORC',OTC,0.015625,0.015625,935,0,Wardcraft Systems Inc,0,0,0
20010221,33191,WORC',OTC,0.015625,0.015625,0,0,Wardcraft Systems Inc,0,0,0
20010222,33191,WORC',OTC,0.015625,0.015625,0,0,Wardcraft Systems Inc,0,0,0
20010223,33191,WORC',OTC,0.015625,0.015625,50,0,Wardcraft Systems Inc,0,0,0
20010226,33191,WORC',OTC,0.015625,0.015625,1000,0,Wardcraft Systems Inc,0,0,0
20010227,33191,WORC',OTC,0.015625,0.015625,0,0,Wardcraft Systems Inc,0,0,0
20010228,33191,WORC',OTC,0.015625,0.015625,50,0,Wardcraft Systems Inc,0,0,0
20010301,33191,WORC',OTC,0.015625,0.015625,655,0,Wardcraft Systems Inc,0,0,0
20010302,33191,WORC',OTC,0.015625,0.015625,80,0,Wardcraft Systems Inc,0,0,0
20010305,33191,WORC',OTC,0.015625,0.015625,540,0,Wardcraft Systems Inc,0,0,0
20010306,33191,WORC',OTC,0.015625,0.015625,100,0,Wardcraft Systems Inc,0,0,0
20010307,33191,WORC',OTC,0.015625,0.015625,50,0,Wardcraft Systems Inc,0,0,0
20010308,33191,WORC',OTC,0.015625,0.015625,0,0,Wardcraft Systems Inc,0,0,0
20010309,33191,WORC',OTC,0.015625,0.015625,0,0,Wardcraft Systems Inc,0,0,0
20010312,33191,WORC',OTC,0.015625,0.015625,1360,0,Wardcraft Systems Inc,0,0,0
20010313,33191,WORC',OTC,0.015625,0.015625,100,0,Wardcraft Systems Inc,0,0,0
20010314,33191,WORC',OTC,0.015625,0.015625,50,0,Wardcraft Systems Inc,0,0,0
