DDate,CSINumber,Symbol,Exchange,DClose,UnAdjustedClose,TotalVolume,Cash,MarketName,PTB,PSR,DPS
19990513,33495,BIZZ',OTC,11.75,11.75,6538,0,Biznessonline.com Inc,0,0,0
19990514,33495,BIZZ',OTC,11.1875,11.1875,2433,0,Biznessonline.com Inc,0,0,0
19990517,33495,BIZZ',OTC,10.75,10.75,4004,0,Biznessonline.com Inc,0,0,0
19990518,33495,BIZZ',OTC,10.6875,10.6875,1888,0,Biznessonline.com Inc,0,0,0
19990519,33495,BIZZ',OTC,10.625,10.625,958,0,Biznessonline.com Inc,0,0,0
19990520,33495,BIZZ',OTC,10.125,10.125,2061,0,Biznessonline.com Inc,0,0,0
19990521,33495,BIZZ',OTC,10.0625,10.0625,1555,0,Biznessonline.com Inc,0,0,0
19990524,33495,BIZZ',OTC,9.28125,9.28125,1365,0,Biznessonline.com Inc,0,0,0
19990525,33495,BIZZ',OTC,9.375,9.375,1389,0,Biznessonline.com Inc,0,0,0
19990526,33495,BIZZ',OTC,9.375,9.375,734,0,Biznessonline.com Inc,0,0,0
19990527,33495,BIZZ',OTC,9.125,9.125,308,0,Biznessonline.com Inc,0,0,0
19990528,33495,BIZZ',OTC,9.25,9.25,351,0,Biznessonline.com Inc,0,0,0
19990601,33495,BIZZ',OTC,8.9375,8.9375,704,0,Biznessonline.com Inc,0,0,0
19990602,33495,BIZZ',OTC,8.6875,8.6875,502,0,Biznessonline.com Inc,0,0,0
19990603,33495,BIZZ',OTC,8.4375,8.4375,366,0,Biznessonline.com Inc,0,0,0
19990604,33495,BIZZ',OTC,9.125,9.125,1196,0,Biznessonline.com Inc,0,0,0
19990607,33495,BIZZ',OTC,9.125,9.125,429,0,Biznessonline.com Inc,0,0,0
19990608,33495,BIZZ',OTC,8.96875,8.96875,310,0,Biznessonline.com Inc,0,0,0
19990609,33495,BIZZ',OTC,8.9375,8.9375,398,0,Biznessonline.com Inc,0,0,0
19990610,33495,BIZZ',OTC,9.125,9.125,744,0,Biznessonline.com Inc,0,0,0
19990611,33495,BIZZ',OTC,9.125,9.125,478,0,Biznessonline.com Inc,0,0,0
19990614,33495,BIZZ',OTC,8.875,8.875,246,0,Biznessonline.com Inc,0,0,0
19990615,33495,BIZZ',OTC,8.375,8.375,686,0,Biznessonline.com Inc,0,0,0
19990616,33495,BIZZ',OTC,8.0625,8.0625,453,0,Biznessonline.com Inc,0,0,0
19990617,33495,BIZZ',OTC,8.0625,8.0625,679,0,Biznessonline.com Inc,0,0,0
19990618,33495,BIZZ',OTC,8,8,471,0,Biznessonline.com Inc,0,0,0
19990621,33495,BIZZ',OTC,8,8,371,0,Biznessonline.com Inc,0,0,0
19990622,33495,BIZZ',OTC,8,8,414,0,Biznessonline.com Inc,0,0,0
19990623,33495,BIZZ',OTC,7.5625,7.5625,431,0,Biznessonline.com Inc,0,0,0
19990624,33495,BIZZ',OTC,7.5,7.5,247,0,Biznessonline.com Inc,0,0,0
19990625,33495,BIZZ',OTC,7.5,7.5,826,0,Biznessonline.com Inc,0,0,0
19990628,33495,BIZZ',OTC,7.5,7.5,239,0,Biznessonline.com Inc,0,0,0
19990629,33495,BIZZ',OTC,7.375,7.375,266,0,Biznessonline.com Inc,0,0,0
19990630,33495,BIZZ',OTC,7.3125,7.3125,267,0,Biznessonline.com Inc,0,0,0
19990701,33495,BIZZ',OTC,7.375,7.375,1071,0,Biznessonline.com Inc,0,0,0
19990702,33495,BIZZ',OTC,7.9375,7.9375,687,0,Biznessonline.com Inc,0,0,0
19990706,33495,BIZZ',OTC,8.3125,8.3125,811,0,Biznessonline.com Inc,0,0,0
19990707,33495,BIZZ',OTC,8.0625,8.0625,762,0,Biznessonline.com Inc,0,0,0
19990708,33495,BIZZ',OTC,7.96875,7.96875,285,0,Biznessonline.com Inc,0,0,0
19990709,33495,BIZZ',OTC,8,8,246,0,Biznessonline.com Inc,0,0,0
19990712,33495,BIZZ',OTC,7.875,7.875,161,0,Biznessonline.com Inc,0,0,0
19990713,33495,BIZZ',OTC,9.6875,9.6875,2552,0,Biznessonline.com Inc,0,0,0
19990714,33495,BIZZ',OTC,9.5,9.5,1810,0,Biznessonline.com Inc,0,0,0
19990715,33495,BIZZ',OTC,9.125,9.125,587,0,Biznessonline.com Inc,0,0,0
19990716,33495,BIZZ',OTC,9.59375,9.59375,938,0,Biznessonline.com Inc,0,0,0
19990719,33495,BIZZ',OTC,10.5,10.5,2742,0,Biznessonline.com Inc,0,0,0
19990720,33495,BIZZ',OTC,10.75,10.75,3065,0,Biznessonline.com Inc,0,0,0
19990721,33495,BIZZ',OTC,10.125,10.125,1218,0,Biznessonline.com Inc,0,0,0
19990722,33495,BIZZ',OTC,9.875,9.875,598,0,Biznessonline.com Inc,0,0,0
19990723,33495,BIZZ',OTC,9.875,9.875,576,0,Biznessonline.com Inc,0,0,0
19990726,33495,BIZZ',OTC,9.3125,9.3125,270,0,Biznessonline.com Inc,0,0,0
19990727,33495,BIZZ',OTC,8.5625,8.5625,1077,0,Biznessonline.com Inc,0,0,0
19990728,33495,BIZZ',OTC,8.9375,8.9375,456,0,Biznessonline.com Inc,0,0,0
19990729,33495,BIZZ',OTC,9.75,9.75,501,0,Biznessonline.com Inc,0,0,0
19990730,33495,BIZZ',OTC,9.375,9.375,472,0,Biznessonline.com Inc,0,0,0
19990802,33495,BIZZ',OTC,9.125,9.125,152,0,Biznessonline.com Inc,0,0,0
19990803,33495,BIZZ',OTC,8.25,8.25,260,0,Biznessonline.com Inc,0,0,0
19990804,33495,BIZZ',OTC,8,8,445,0,Biznessonline.com Inc,0,0,0
19990805,33495,BIZZ',OTC,7.8125,7.8125,488,0,Biznessonline.com Inc,0,0,0
19990806,33495,BIZZ',OTC,7.625,7.625,174,0,Biznessonline.com Inc,0,0,0
19990809,33495,BIZZ',OTC,7.5,7.5,163,0,Biznessonline.com Inc,0,0,0
19990810,33495,BIZZ',OTC,7.125,7.125,188,0,Biznessonline.com Inc,0,0,0
19990811,33495,BIZZ',OTC,8,8,455,0,Biznessonline.com Inc,0,0,0
19990812,33495,BIZZ',OTC,8,8,359,0,Biznessonline.com Inc,0,0,0
19990813,33495,BIZZ',OTC,7.875,7.875,302,0,Biznessonline.com Inc,0,0,0
19990816,33495,BIZZ',OTC,7.6875,7.6875,105,0,Biznessonline.com Inc,0,0,0
19990817,33495,BIZZ',OTC,8.5,8.5,307,0,Biznessonline.com Inc,0,0,0
19990818,33495,BIZZ',OTC,8.125,8.125,271,0,Biznessonline.com Inc,0,0,0
19990819,33495,BIZZ',OTC,8.125,8.125,369,0,Biznessonline.com Inc,0,0,0
19990820,33495,BIZZ',OTC,8.625,8.625,305,0,Biznessonline.com Inc,0,0,0
19990823,33495,BIZZ',OTC,8.5625,8.5625,182,0,Biznessonline.com Inc,0,0,0
19990824,33495,BIZZ',OTC,7.875,7.875,234,0,Biznessonline.com Inc,0,0,0
19990825,33495,BIZZ',OTC,7.875,7.875,245,0,Biznessonline.com Inc,0,0,0
19990826,33495,BIZZ',OTC,7.875,7.875,404,0,Biznessonline.com Inc,0,0,0
19990827,33495,BIZZ',OTC,7.5625,7.5625,205,0,Biznessonline.com Inc,0,0,0
19990830,33495,BIZZ',OTC,7.75,7.75,122,0,Biznessonline.com Inc,0,0,0
19990831,33495,BIZZ',OTC,7.1875,7.1875,477,0,Biznessonline.com Inc,0,0,0
19990901,33495,BIZZ',OTC,7.15625,7.15625,131,0,Biznessonline.com Inc,0,0,0
19990902,33495,BIZZ',OTC,7.1875,7.1875,106,0,Biznessonline.com Inc,0,0,0
19990903,33495,BIZZ',OTC,7.25,7.25,212,0,Biznessonline.com Inc,0,0,0
19990907,33495,BIZZ',OTC,7.25,7.25,446,0,Biznessonline.com Inc,0,0,0
19990908,33495,BIZZ',OTC,7.25,7.25,202,0,Biznessonline.com Inc,0,0,0
19990909,33495,BIZZ',OTC,7.5,7.5,439,0,Biznessonline.com Inc,0,0,0
19990910,33495,BIZZ',OTC,7.75,7.75,163,0,Biznessonline.com Inc,0,0,0
19990913,33495,BIZZ',OTC,7.4375,7.4375,90,0,Biznessonline.com Inc,0,0,0
19990914,33495,BIZZ',OTC,7.1875,7.1875,156,0,Biznessonline.com Inc,0,0,0
19990915,33495,BIZZ',OTC,7.5,7.5,517,0,Biznessonline.com Inc,0,0,0
19990916,33495,BIZZ',OTC,8.125,8.125,361,0,Biznessonline.com Inc,0,0,0
19990917,33495,BIZZ',OTC,8.375,8.375,336,0,Biznessonline.com Inc,0,0,0
19990920,33495,BIZZ',OTC,8,8,241,0,Biznessonline.com Inc,0,0,0
19990921,33495,BIZZ',OTC,7.5,7.5,129,0,Biznessonline.com Inc,0,0,0
19990922,33495,BIZZ',OTC,7.25,7.25,417,0,Biznessonline.com Inc,0,0,0
19990923,33495,BIZZ',OTC,7.5,7.5,211,0,Biznessonline.com Inc,0,0,0
19990924,33495,BIZZ',OTC,7.125,7.125,204,0,Biznessonline.com Inc,0,0,0
19990927,33495,BIZZ',OTC,7.75,7.75,826,0,Biznessonline.com Inc,0,0,0
19990928,33495,BIZZ',OTC,7.25,7.25,253,0,Biznessonline.com Inc,0,0,0
19990929,33495,BIZZ',OTC,6.5,6.5,809,0,Biznessonline.com Inc,0,0,0
19990930,33495,BIZZ',OTC,6.6875,6.6875,496,0,Biznessonline.com Inc,0,0,0
19991001,33495,BIZZ',OTC,7.21875,7.21875,448,0,Biznessonline.com Inc,0,0,0
19991004,33495,BIZZ',OTC,7.375,7.375,445,0,Biznessonline.com Inc,0,0,0
19991005,33495,BIZZ',OTC,7.5,7.5,365,0,Biznessonline.com Inc,0,0,0
19991006,33495,BIZZ',OTC,7.75,7.75,570,0,Biznessonline.com Inc,0,0,0
19991007,33495,BIZZ',OTC,7.4375,7.4375,185,0,Biznessonline.com Inc,0,0,0
19991008,33495,BIZZ',OTC,7.375,7.375,341,0,Biznessonline.com Inc,0,0,0
19991011,33495,BIZZ',OTC,7.1875,7.1875,79,0,Biznessonline.com Inc,0,0,0
19991012,33495,BIZZ',OTC,7.125,7.125,125,0,Biznessonline.com Inc,0,0,0
19991013,33495,BIZZ',OTC,7.125,7.125,250,0,Biznessonline.com Inc,0,0,0
19991014,33495,BIZZ',OTC,6.75,6.75,629,0,Biznessonline.com Inc,0,0,0
19991015,33495,BIZZ',OTC,6.75,6.75,412,0,Biznessonline.com Inc,0,0,0
19991018,33495,BIZZ',OTC,6.375,6.375,322,0,Biznessonline.com Inc,0,0,0
19991019,33495,BIZZ',OTC,6.875,6.875,175,0,Biznessonline.com Inc,0,0,0
19991020,33495,BIZZ',OTC,6.625,6.625,200,0,Biznessonline.com Inc,0,0,0
19991021,33495,BIZZ',OTC,6.4375,6.4375,309,0,Biznessonline.com Inc,0,0,0
19991022,33495,BIZZ',OTC,6.875,6.875,360,0,Biznessonline.com Inc,0,0,0
19991025,33495,BIZZ',OTC,6.4375,6.4375,476,0,Biznessonline.com Inc,0,0,0
19991026,33495,BIZZ',OTC,6.0625,6.0625,591,0,Biznessonline.com Inc,0,0,0
19991027,33495,BIZZ',OTC,6.125,6.125,175,0,Biznessonline.com Inc,0,0,0
19991028,33495,BIZZ',OTC,5.875,5.875,505,0,Biznessonline.com Inc,0,0,0
19991029,33495,BIZZ',OTC,6.25,6.25,495,0,Biznessonline.com Inc,0,0,0
19991101,33495,BIZZ',OTC,6.0625,6.0625,206,0,Biznessonline.com Inc,0,0,0
19991102,33495,BIZZ',OTC,6.25,6.25,104,0,Biznessonline.com Inc,0,0,0
19991103,33495,BIZZ',OTC,6.0625,6.0625,494,0,Biznessonline.com Inc,0,0,0
19991104,33495,BIZZ',OTC,6.09375,6.09375,239,0,Biznessonline.com Inc,0,0,0
19991105,33495,BIZZ',OTC,6.25,6.25,453,0,Biznessonline.com Inc,0,0,0
19991108,33495,BIZZ',OTC,6,6,309,0,Biznessonline.com Inc,0,0,0
19991109,33495,BIZZ',OTC,6.21875,6.21875,213,0,Biznessonline.com Inc,0,0,0
19991110,33495,BIZZ',OTC,6.125,6.125,333,0,Biznessonline.com Inc,0,0,0
19991111,33495,BIZZ',OTC,6.25,6.25,183,0,Biznessonline.com Inc,0,0,0
19991112,33495,BIZZ',OTC,6.1875,6.1875,84,0,Biznessonline.com Inc,0,0,0
19991115,33495,BIZZ',OTC,6.125,6.125,103,0,Biznessonline.com Inc,0,0,0
19991116,33495,BIZZ',OTC,5.875,5.875,389,0,Biznessonline.com Inc,0,0,0
19991117,33495,BIZZ',OTC,5.8125,5.8125,244,0,Biznessonline.com Inc,0,0,0
19991118,33495,BIZZ',OTC,6,6,355,0,Biznessonline.com Inc,0,0,0
19991119,33495,BIZZ',OTC,6.25,6.25,528,0,Biznessonline.com Inc,0,0,0
19991122,33495,BIZZ',OTC,6.3125,6.3125,585,0,Biznessonline.com Inc,0,0,0
19991123,33495,BIZZ',OTC,7.0625,7.0625,899,0,Biznessonline.com Inc,0,0,0
19991124,33495,BIZZ',OTC,7.625,7.625,591,0,Biznessonline.com Inc,0,0,0
19991126,33495,BIZZ',OTC,7.875,7.875,147,0,Biznessonline.com Inc,0,0,0
19991129,33495,BIZZ',OTC,7.1875,7.1875,463,0,Biznessonline.com Inc,0,0,0
19991130,33495,BIZZ',OTC,6.5625,6.5625,371,0,Biznessonline.com Inc,0,0,0
19991201,33495,BIZZ',OTC,7,7,591,0,Biznessonline.com Inc,0,0,0
19991202,33495,BIZZ',OTC,6.8125,6.8125,140,0,Biznessonline.com Inc,0,0,0
19991203,33495,BIZZ',OTC,6.75,6.75,521,0,Biznessonline.com Inc,0,0,0
19991206,33495,BIZZ',OTC,6.9375,6.9375,206,0,Biznessonline.com Inc,0,0,0
19991207,33495,BIZZ',OTC,7.1875,7.1875,556,0,Biznessonline.com Inc,0,0,0
19991208,33495,BIZZ',OTC,7.375,7.375,728,0,Biznessonline.com Inc,0,0,0
19991209,33495,BIZZ',OTC,9.1875,9.1875,2497,0,Biznessonline.com Inc,0,0,0
19991210,33495,BIZZ',OTC,9.375,9.375,2077,0,Biznessonline.com Inc,0,0,0
19991213,33495,BIZZ',OTC,9.125,9.125,840,0,Biznessonline.com Inc,0,0,0
19991214,33495,BIZZ',OTC,9,9,452,0,Biznessonline.com Inc,0,0,0
19991215,33495,BIZZ',OTC,8.5625,8.5625,502,0,Biznessonline.com Inc,0,0,0
19991216,33495,BIZZ',OTC,8.4375,8.4375,1214,0,Biznessonline.com Inc,0,0,0
19991217,33495,BIZZ',OTC,8.375,8.375,580,0,Biznessonline.com Inc,0,0,0
19991220,33495,BIZZ',OTC,8.4375,8.4375,1010,0,Biznessonline.com Inc,0,0,0
19991221,33495,BIZZ',OTC,9.125,9.125,769,0,Biznessonline.com Inc,0,0,0
19991222,33495,BIZZ',OTC,8.5,8.5,387,0,Biznessonline.com Inc,0,0,0
19991223,33495,BIZZ',OTC,8.0625,8.0625,412,0,Biznessonline.com Inc,0,0,0
19991227,33495,BIZZ',OTC,7.25,7.25,295,0,Biznessonline.com Inc,0,0,0
19991228,33495,BIZZ',OTC,7.125,7.125,634,0,Biznessonline.com Inc,0,0,0
19991229,33495,BIZZ',OTC,7.125,7.125,548,0,Biznessonline.com Inc,0,0,0
19991230,33495,BIZZ',OTC,7.0625,7.0625,500,0,Biznessonline.com Inc,0,0,0
19991231,33495,BIZZ',OTC,7,7,457,0,Biznessonline.com Inc,0,0,0
20000103,33495,BIZZ',OTC,7.25,7.25,168,0,Biznessonline.com Inc,0,0,0
20000104,33495,BIZZ',OTC,7.125,7.125,134,0,Biznessonline.com Inc,0,0,0
20000105,33495,BIZZ',OTC,7.375,7.375,93,0,Biznessonline.com Inc,0,0,0
20000106,33495,BIZZ',OTC,7.25,7.25,925,0,Biznessonline.com Inc,0,0,0
20000107,33495,BIZZ',OTC,7,7,1036,0,Biznessonline.com Inc,0,0,0
20000110,33495,BIZZ',OTC,7.25,7.25,312,0,Biznessonline.com Inc,0,0,0
20000111,33495,BIZZ',OTC,7.25,7.25,389,0,Biznessonline.com Inc,0,0,0
20000112,33495,BIZZ',OTC,7.25,7.25,837,0,Biznessonline.com Inc,0,0,0
20000113,33495,BIZZ',OTC,6.875,6.875,422,0,Biznessonline.com Inc,0,0,0
20000114,33495,BIZZ',OTC,7,7,180,0,Biznessonline.com Inc,0,0,0
20000118,33495,BIZZ',OTC,7,7,358,0,Biznessonline.com Inc,0,0,0
20000119,33495,BIZZ',OTC,7,7,157,0,Biznessonline.com Inc,0,0,0
20000120,33495,BIZZ',OTC,6.625,6.625,381,0,Biznessonline.com Inc,0,0,0
20000121,33495,BIZZ',OTC,6.875,6.875,559,0,Biznessonline.com Inc,0,0,0
20000124,33495,BIZZ',OTC,7.0625,7.0625,375,0,Biznessonline.com Inc,0,0,0
20000125,33495,BIZZ',OTC,6.875,6.875,556,0,Biznessonline.com Inc,0,0,0
20000126,33495,BIZZ',OTC,6.6875,6.6875,290,0,Biznessonline.com Inc,0,0,0
20000127,33495,BIZZ',OTC,6.5,6.5,175,0,Biznessonline.com Inc,0,0,0
20000128,33495,BIZZ',OTC,6.375,6.375,287,0,Biznessonline.com Inc,0,0,0
20000131,33495,BIZZ',OTC,6.1875,6.1875,271,0,Biznessonline.com Inc,0,0,0
20000201,33495,BIZZ',OTC,6.25,6.25,211,0,Biznessonline.com Inc,0,0,0
20000202,33495,BIZZ',OTC,6.625,6.625,714,0,Biznessonline.com Inc,0,0,0
20000203,33495,BIZZ',OTC,6.3125,6.3125,169,0,Biznessonline.com Inc,0,0,0
20000204,33495,BIZZ',OTC,6.34375,6.34375,229,0,Biznessonline.com Inc,0,0,0
20000207,33495,BIZZ',OTC,6.375,6.375,237,0,Biznessonline.com Inc,0,0,0
20000208,33495,BIZZ',OTC,6.5,6.5,307,0,Biznessonline.com Inc,0,0,0
20000209,33495,BIZZ',OTC,6.25,6.25,492,0,Biznessonline.com Inc,0,0,0
20000210,33495,BIZZ',OTC,6.25,6.25,353,0,Biznessonline.com Inc,0,0,0
20000211,33495,BIZZ',OTC,6,6,382,0,Biznessonline.com Inc,0,0,0
20000214,33495,BIZZ',OTC,6.5,6.5,368,0,Biznessonline.com Inc,0,0,0
20000215,33495,BIZZ',OTC,6.875,6.875,1142,0,Biznessonline.com Inc,0,0,0
20000216,33495,BIZZ',OTC,7.9375,7.9375,895,0,Biznessonline.com Inc,0,0,0
20000217,33495,BIZZ',OTC,8,8,1542,0,Biznessonline.com Inc,0,0,0
20000218,33495,BIZZ',OTC,8,8,610,0,Biznessonline.com Inc,0,0,0
20000222,33495,BIZZ',OTC,8,8,641,0,Biznessonline.com Inc,0,0,0
20000223,33495,BIZZ',OTC,7.625,7.625,241,0,Biznessonline.com Inc,0,0,0
20000224,33495,BIZZ',OTC,7,7,172,0,Biznessonline.com Inc,0,0,0
20000225,33495,BIZZ',OTC,7.125,7.125,411,0,Biznessonline.com Inc,0,0,0
20000228,33495,BIZZ',OTC,7,7,261,0,Biznessonline.com Inc,0,0,0
20000229,33495,BIZZ',OTC,6.875,6.875,225,0,Biznessonline.com Inc,0,0,0
20000301,33495,BIZZ',OTC,8.0625,8.0625,1769,0,Biznessonline.com Inc,0,0,0
20000302,33495,BIZZ',OTC,8.3125,8.3125,2897,0,Biznessonline.com Inc,0,0,0
20000303,33495,BIZZ',OTC,8.875,8.875,2178,0,Biznessonline.com Inc,0,0,0
20000306,33495,BIZZ',OTC,9.125,9.125,2054,0,Biznessonline.com Inc,0,0,0
20000307,33495,BIZZ',OTC,9.125,9.125,832,0,Biznessonline.com Inc,0,0,0
20000308,33495,BIZZ',OTC,8.875,8.875,445,0,Biznessonline.com Inc,0,0,0
20000309,33495,BIZZ',OTC,8.9375,8.9375,378,0,Biznessonline.com Inc,0,0,0
20000310,33495,BIZZ',OTC,8.5,8.5,421,0,Biznessonline.com Inc,0,0,0
20000313,33495,BIZZ',OTC,7.9375,7.9375,379,0,Biznessonline.com Inc,0,0,0
20000314,33495,BIZZ',OTC,9,9,2070,0,Biznessonline.com Inc,0,0,0
20000315,33495,BIZZ',OTC,8.75,8.75,406,0,Biznessonline.com Inc,0,0,0
20000316,33495,BIZZ',OTC,8.625,8.625,677,0,Biznessonline.com Inc,0,0,0
20000317,33495,BIZZ',OTC,8.25,8.25,257,0,Biznessonline.com Inc,0,0,0
20000320,33495,BIZZ',OTC,8.375,8.375,832,0,Biznessonline.com Inc,0,0,0
20000321,33495,BIZZ',OTC,8.0625,8.0625,401,0,Biznessonline.com Inc,0,0,0
20000322,33495,BIZZ',OTC,7.625,7.625,273,0,Biznessonline.com Inc,0,0,0
20000323,33495,BIZZ',OTC,7.875,7.875,214,0,Biznessonline.com Inc,0,0,0
20000324,33495,BIZZ',OTC,8.0625,8.0625,1122,0,Biznessonline.com Inc,0,0,0
20000327,33495,BIZZ',OTC,8.125,8.125,464,0,Biznessonline.com Inc,0,0,0
20000328,33495,BIZZ',OTC,7.5625,7.5625,341,0,Biznessonline.com Inc,0,0,0
20000329,33495,BIZZ',OTC,7.4375,7.4375,473,0,Biznessonline.com Inc,0,0,0
20000330,33495,BIZZ',OTC,7.375,7.375,403,0,Biznessonline.com Inc,0,0,0
20000331,33495,BIZZ',OTC,7.375,7.375,473,0,Biznessonline.com Inc,0,0,0
20000403,33495,BIZZ',OTC,7.0625,7.0625,346,0,Biznessonline.com Inc,0,0,0
20000404,33495,BIZZ',OTC,7,7,833,0,Biznessonline.com Inc,0,0,0
20000405,33495,BIZZ',OTC,6.75,6.75,136,0,Biznessonline.com Inc,0,0,0
20000406,33495,BIZZ',OTC,6.75,6.75,140,0,Biznessonline.com Inc,0,0,0
20000407,33495,BIZZ',OTC,6.875,6.875,330,0,Biznessonline.com Inc,0,0,0
20000410,33495,BIZZ',OTC,6.5625,6.5625,158,0,Biznessonline.com Inc,0,0,0
20000411,33495,BIZZ',OTC,6.5,6.5,81,0,Biznessonline.com Inc,0,0,0
20000412,33495,BIZZ',OTC,5.625,5.625,441,0,Biznessonline.com Inc,0,0,0
20000413,33495,BIZZ',OTC,5,5,376,0,Biznessonline.com Inc,0,0,0
20000414,33495,BIZZ',OTC,5.5,5.5,1009,0,Biznessonline.com Inc,0,0,0
20000417,33495,BIZZ',OTC,4.5,4.5,520,0,Biznessonline.com Inc,0,0,0
20000418,33495,BIZZ',OTC,4.5,4.5,652,0,Biznessonline.com Inc,0,0,0
20000419,33495,BIZZ',OTC,4.3125,4.3125,542,0,Biznessonline.com Inc,0,0,0
20000420,33495,BIZZ',OTC,4.375,4.375,895,0,Biznessonline.com Inc,0,0,0
20000424,33495,BIZZ',OTC,4.25,4.25,211,0,Biznessonline.com Inc,0,0,0
20000425,33495,BIZZ',OTC,4.1875,4.1875,171,0,Biznessonline.com Inc,0,0,0
20000426,33495,BIZZ',OTC,4.375,4.375,45,0,Biznessonline.com Inc,0,0,0
20000427,33495,BIZZ',OTC,4.125,4.125,598,0,Biznessonline.com Inc,0,0,0
20000428,33495,BIZZ',OTC,4.625,4.625,162,0,Biznessonline.com Inc,0,0,0
20000501,33495,BIZZ',OTC,6.375,6.375,557,0,Biznessonline.com Inc,0,0,0
20000502,33495,BIZZ',OTC,5.8125,5.8125,99,0,Biznessonline.com Inc,0,0,0
20000503,33495,BIZZ',OTC,5.5,5.5,51,0,Biznessonline.com Inc,0,0,0
20000504,33495,BIZZ',OTC,5,5,54,0,Biznessonline.com Inc,0,0,0
20000505,33495,BIZZ',OTC,4.875,4.875,25,0,Biznessonline.com Inc,0,0,0
20000508,33495,BIZZ',OTC,4.5,4.5,74,0,Biznessonline.com Inc,0,0,0
20000509,33495,BIZZ',OTC,4.5,4.5,53,0,Biznessonline.com Inc,0,0,0
20000510,33495,BIZZ',OTC,4.3125,4.3125,221,0,Biznessonline.com Inc,0,0,0
20000511,33495,BIZZ',OTC,4.25,4.25,187,0,Biznessonline.com Inc,0,0,0
20000512,33495,BIZZ',OTC,4,4,261,0,Biznessonline.com Inc,0,0,0
20000515,33495,BIZZ',OTC,4.25,4.25,114,0,Biznessonline.com Inc,0,0,0
20000516,33495,BIZZ',OTC,4.125,4.125,305,0,Biznessonline.com Inc,0,0,0
20000517,33495,BIZZ',OTC,4.125,4.125,83,0,Biznessonline.com Inc,0,0,0
20000518,33495,BIZZ',OTC,4.25,4.25,38,0,Biznessonline.com Inc,0,0,0
20000519,33495,BIZZ',OTC,4.25,4.25,13,0,Biznessonline.com Inc,0,0,0
20000522,33495,BIZZ',OTC,3.875,3.875,266,0,Biznessonline.com Inc,0,0,0
20000523,33495,BIZZ',OTC,3.75,3.75,154,0,Biznessonline.com Inc,0,0,0
20000524,33495,BIZZ',OTC,3.75,3.75,165,0,Biznessonline.com Inc,0,0,0
20000525,33495,BIZZ',OTC,2.75,2.75,360,0,Biznessonline.com Inc,0,0,0
20000526,33495,BIZZ',OTC,3.9375,3.9375,1595,0,Biznessonline.com Inc,0,0,0
20000530,33495,BIZZ',OTC,4.75,4.75,1219,0,Biznessonline.com Inc,0,0,0
20000531,33495,BIZZ',OTC,4.1875,4.1875,586,0,Biznessonline.com Inc,0,0,0
20000601,33495,BIZZ',OTC,3.875,3.875,204,0,Biznessonline.com Inc,0,0,0
20000602,33495,BIZZ',OTC,3.75,3.75,167,0,Biznessonline.com Inc,0,0,0
20000605,33495,BIZZ',OTC,3.625,3.625,263,0,Biznessonline.com Inc,0,0,0
20000606,33495,BIZZ',OTC,3.5,3.5,175,0,Biznessonline.com Inc,0,0,0
20000607,33495,BIZZ',OTC,3.625,3.625,53,0,Biznessonline.com Inc,0,0,0
20000608,33495,BIZZ',OTC,4.0625,4.0625,211,0,Biznessonline.com Inc,0,0,0
20000609,33495,BIZZ',OTC,4.34375,4.34375,497,0,Biznessonline.com Inc,0,0,0
20000612,33495,BIZZ',OTC,5.09375,5.09375,529,0,Biznessonline.com Inc,0,0,0
20000613,33495,BIZZ',OTC,5.6875,5.6875,2361,0,Biznessonline.com Inc,0,0,0
20000614,33495,BIZZ',OTC,6.25,6.25,908,0,Biznessonline.com Inc,0,0,0
20000615,33495,BIZZ',OTC,6.25,6.25,439,0,Biznessonline.com Inc,0,0,0
20000616,33495,BIZZ',OTC,5.125,5.125,926,0,Biznessonline.com Inc,0,0,0
20000619,33495,BIZZ',OTC,5.625,5.625,191,0,Biznessonline.com Inc,0,0,0
20000620,33495,BIZZ',OTC,5.5,5.5,124,0,Biznessonline.com Inc,0,0,0
20000621,33495,BIZZ',OTC,5.125,5.125,204,0,Biznessonline.com Inc,0,0,0
20000622,33495,BIZZ',OTC,5,5,198,0,Biznessonline.com Inc,0,0,0
20000623,33495,BIZZ',OTC,5,5,83,0,Biznessonline.com Inc,0,0,0
20000626,33495,BIZZ',OTC,5.5,5.5,390,0,Biznessonline.com Inc,0,0,0
20000627,33495,BIZZ',OTC,5.5,5.5,140,0,Biznessonline.com Inc,0,0,0
20000628,33495,BIZZ',OTC,5.3125,5.3125,42,0,Biznessonline.com Inc,0,0,0
20000629,33495,BIZZ',OTC,5.375,5.375,71,0,Biznessonline.com Inc,0,0,0
20000630,33495,BIZZ',OTC,5.25,5.25,102,0,Biznessonline.com Inc,0,0,0
20000703,33495,BIZZ',OTC,5.1875,5.1875,64,0,Biznessonline.com Inc,0,0,0
20000705,33495,BIZZ',OTC,5.125,5.125,223,0,Biznessonline.com Inc,0,0,0
20000706,33495,BIZZ',OTC,5.3125,5.3125,323,0,Biznessonline.com Inc,0,0,0
20000707,33495,BIZZ',OTC,5.25,5.25,56,0,Biznessonline.com Inc,0,0,0
20000710,33495,BIZZ',OTC,5,5,140,0,Biznessonline.com Inc,0,0,0
20000711,33495,BIZZ',OTC,5,5,140,0,Biznessonline.com Inc,0,0,0
20000712,33495,BIZZ',OTC,4.9375,4.9375,275,0,Biznessonline.com Inc,0,0,0
20000713,33495,BIZZ',OTC,5,5,344,0,Biznessonline.com Inc,0,0,0
20000714,33495,BIZZ',OTC,5,5,174,0,Biznessonline.com Inc,0,0,0
20000717,33495,BIZZ',OTC,4.78125,4.78125,281,0,Biznessonline.com Inc,0,0,0
20000718,33495,BIZZ',OTC,4.5625,4.5625,105,0,Biznessonline.com Inc,0,0,0
20000719,33495,BIZZ',OTC,4.46875,4.46875,346,0,Biznessonline.com Inc,0,0,0
20000720,33495,BIZZ',OTC,4.375,4.375,208,0,Biznessonline.com Inc,0,0,0
20000721,33495,BIZZ',OTC,4.1875,4.1875,239,0,Biznessonline.com Inc,0,0,0
20000724,33495,BIZZ',OTC,4.5,4.5,223,0,Biznessonline.com Inc,0,0,0
20000725,33495,BIZZ',OTC,4.125,4.125,272,0,Biznessonline.com Inc,0,0,0
20000726,33495,BIZZ',OTC,4,4,110,0,Biznessonline.com Inc,0,0,0
20000727,33495,BIZZ',OTC,3.78125,3.78125,303,0,Biznessonline.com Inc,0,0,0
20000728,33495,BIZZ',OTC,3.5,3.5,352,0,Biznessonline.com Inc,0,0,0
20000731,33495,BIZZ',OTC,3.9375,3.9375,113,0,Biznessonline.com Inc,0,0,0
20000801,33495,BIZZ',OTC,3.625,3.625,237,0,Biznessonline.com Inc,0,0,0
20000802,33495,BIZZ',OTC,3.625,3.625,79,0,Biznessonline.com Inc,0,0,0
20000803,33495,BIZZ',OTC,3.3125,3.3125,240,0,Biznessonline.com Inc,0,0,0
20000804,33495,BIZZ',OTC,3.375,3.375,121,0,Biznessonline.com Inc,0,0,0
20000807,33495,BIZZ',OTC,3.625,3.625,177,0,Biznessonline.com Inc,0,0,0
20000808,33495,BIZZ',OTC,3.75,3.75,183,0,Biznessonline.com Inc,0,0,0
20000809,33495,BIZZ',OTC,3.5625,3.5625,46,0,Biznessonline.com Inc,0,0,0
20000810,33495,BIZZ',OTC,3.625,3.625,182,0,Biznessonline.com Inc,0,0,0
20000811,33495,BIZZ',OTC,3.5,3.5,21,0,Biznessonline.com Inc,0,0,0
20000814,33495,BIZZ',OTC,3.1875,3.1875,258,0,Biznessonline.com Inc,0,0,0
20000815,33495,BIZZ',OTC,3.125,3.125,239,0,Biznessonline.com Inc,0,0,0
20000816,33495,BIZZ',OTC,3.25,3.25,565,0,Biznessonline.com Inc,0,0,0
20000817,33495,BIZZ',OTC,2.75,2.75,542,0,Biznessonline.com Inc,0,0,0
20000818,33495,BIZZ',OTC,2.9375,2.9375,357,0,Biznessonline.com Inc,0,0,0
20000821,33495,BIZZ',OTC,2.875,2.875,94,0,Biznessonline.com Inc,0,0,0
20000822,33495,BIZZ',OTC,2.78125,2.78125,281,0,Biznessonline.com Inc,0,0,0
20000823,33495,BIZZ',OTC,2.625,2.625,99,0,Biznessonline.com Inc,0,0,0
20000824,33495,BIZZ',OTC,3,3,208,0,Biznessonline.com Inc,0,0,0
20000825,33495,BIZZ',OTC,3.21875,3.21875,216,0,Biznessonline.com Inc,0,0,0
20000828,33495,BIZZ',OTC,3.0625,3.0625,367,0,Biznessonline.com Inc,0,0,0
20000829,33495,BIZZ',OTC,2.953125,2.953125,77,0,Biznessonline.com Inc,0,0,0
20000830,33495,BIZZ',OTC,2.78125,2.78125,32,0,Biznessonline.com Inc,0,0,0
20000831,33495,BIZZ',OTC,2.75,2.75,40,0,Biznessonline.com Inc,0,0,0
20000901,33495,BIZZ',OTC,3,3,104,0,Biznessonline.com Inc,0,0,0
20000905,33495,BIZZ',OTC,3,3,212,0,Biznessonline.com Inc,0,0,0
20000906,33495,BIZZ',OTC,3,3,75,0,Biznessonline.com Inc,0,0,0
20000907,33495,BIZZ',OTC,3,3,89,0,Biznessonline.com Inc,0,0,0
20000908,33495,BIZZ',OTC,3,3,488,0,Biznessonline.com Inc,0,0,0
20000911,33495,BIZZ',OTC,2.9375,2.9375,485,0,Biznessonline.com Inc,0,0,0
20000912,33495,BIZZ',OTC,2.875,2.875,142,0,Biznessonline.com Inc,0,0,0
20000913,33495,BIZZ',OTC,2.78125,2.78125,109,0,Biznessonline.com Inc,0,0,0
20000914,33495,BIZZ',OTC,2.8125,2.8125,84,0,Biznessonline.com Inc,0,0,0
20000915,33495,BIZZ',OTC,2.875,2.875,84,0,Biznessonline.com Inc,0,0,0
20000918,33495,BIZZ',OTC,2.71875,2.71875,212,0,Biznessonline.com Inc,0,0,0
20000919,33495,BIZZ',OTC,2.5,2.5,219,0,Biznessonline.com Inc,0,0,0
20000920,33495,BIZZ',OTC,2.5625,2.5625,124,0,Biznessonline.com Inc,0,0,0
20000921,33495,BIZZ',OTC,2.625,2.625,166,0,Biznessonline.com Inc,0,0,0
20000922,33495,BIZZ',OTC,2.6875,2.6875,151,0,Biznessonline.com Inc,0,0,0
20000925,33495,BIZZ',OTC,2.25,2.25,295,0,Biznessonline.com Inc,0,0,0
20000926,33495,BIZZ',OTC,2.3125,2.3125,102,0,Biznessonline.com Inc,0,0,0
20000927,33495,BIZZ',OTC,2.1875,2.1875,64,0,Biznessonline.com Inc,0,0,0
20000928,33495,BIZZ',OTC,2.125,2.125,63,0,Biznessonline.com Inc,0,0,0
20000929,33495,BIZZ',OTC,2.25,2.25,45,0,Biznessonline.com Inc,0,0,0
20001002,33495,BIZZ',OTC,1,1,1162,0,Biznessonline.com Inc,0,0,0
20001003,33495,BIZZ',OTC,1.125,1.125,318,0,Biznessonline.com Inc,0,0,0
20001004,33495,BIZZ',OTC,1.046875,1.046875,424,0,Biznessonline.com Inc,0,0,0
20001005,33495,BIZZ',OTC,1.125,1.125,305,0,Biznessonline.com Inc,0,0,0
20001006,33495,BIZZ',OTC,1.15625,1.15625,50,0,Biznessonline.com Inc,0,0,0
20001009,33495,BIZZ',OTC,1.15625,1.15625,17,0,Biznessonline.com Inc,0,0,0
20001010,33495,BIZZ',OTC,1.03125,1.03125,236,0,Biznessonline.com Inc,0,0,0
20001011,33495,BIZZ',OTC,1,1,211,0,Biznessonline.com Inc,0,0,0
20001012,33495,BIZZ',OTC,1,1,559,0,Biznessonline.com Inc,0,0,0
20001013,33495,BIZZ',OTC,0.9375,0.9375,700,0,Biznessonline.com Inc,0,0,0
20001016,33495,BIZZ',OTC,0.875,0.875,120,0,Biznessonline.com Inc,0,0,0
20001017,33495,BIZZ',OTC,0.5625,0.5625,844,0,Biznessonline.com Inc,0,0,0
20001018,33495,BIZZ',OTC,0.734375,0.734375,383,0,Biznessonline.com Inc,0,0,0
20001019,33495,BIZZ',OTC,0.75,0.75,230,0,Biznessonline.com Inc,0,0,0
20001020,33495,BIZZ',OTC,0.75,0.75,5,0,Biznessonline.com Inc,0,0,0
20001023,33495,BIZZ',OTC,0.90625,0.90625,19,0,Biznessonline.com Inc,0,0,0
20001024,33495,BIZZ',OTC,0.703125,0.703125,588,0,Biznessonline.com Inc,0,0,0
20001025,33495,BIZZ',OTC,0.53125,0.53125,608,0,Biznessonline.com Inc,0,0,0
20001026,33495,BIZZ',OTC,0.5,0.5,929,0,Biznessonline.com Inc,0,0,0
20001027,33495,BIZZ',OTC,0.6875,0.6875,566,0,Biznessonline.com Inc,0,0,0
20001030,33495,BIZZ',OTC,0.71875,0.71875,149,0,Biznessonline.com Inc,0,0,0
20001031,33495,BIZZ',OTC,0.71875,0.71875,46,0,Biznessonline.com Inc,0,0,0
20001101,33495,BIZZ',OTC,0.875,0.875,144,0,Biznessonline.com Inc,0,0,0
20001102,33495,BIZZ',OTC,0.875,0.875,44,0,Biznessonline.com Inc,0,0,0
20001103,33495,BIZZ',OTC,0.9375,0.9375,35,0,Biznessonline.com Inc,0,0,0
20001106,33495,BIZZ',OTC,0.765625,0.765625,44,0,Biznessonline.com Inc,0,0,0
20001107,33495,BIZZ',OTC,0.8125,0.8125,44,0,Biznessonline.com Inc,0,0,0
20001108,33495,BIZZ',OTC,1,1,86,0,Biznessonline.com Inc,0,0,0
20001109,33495,BIZZ',OTC,0.765625,0.765625,122,0,Biznessonline.com Inc,0,0,0
20001110,33495,BIZZ',OTC,0.90625,0.90625,207,0,Biznessonline.com Inc,0,0,0
20001113,33495,BIZZ',OTC,0.703125,0.703125,146,0,Biznessonline.com Inc,0,0,0
20001114,33495,BIZZ',OTC,0.5,0.5,2220,0,Biznessonline.com Inc,0,0,0
20001115,33495,BIZZ',OTC,0.5,0.5,140,0,Biznessonline.com Inc,0,0,0
20001116,33495,BIZZ',OTC,0.515625,0.515625,173,0,Biznessonline.com Inc,0,0,0
20001117,33495,BIZZ',OTC,0.4375,0.4375,77,0,Biznessonline.com Inc,0,0,0
20001120,33495,BIZZ',OTC,0.5,0.5,162,0,Biznessonline.com Inc,0,0,0
20001121,33495,BIZZ',OTC,0.4375,0.4375,178,0,Biznessonline.com Inc,0,0,0
20001122,33495,BIZZ',OTC,0.4375,0.4375,152,0,Biznessonline.com Inc,0,0,0
20001124,33495,BIZZ',OTC,0.4375,0.4375,21,0,Biznessonline.com Inc,0,0,0
20001127,33495,BIZZ',OTC,0.515625,0.515625,443,0,Biznessonline.com Inc,0,0,0
20001128,33495,BIZZ',OTC,0.46875,0.46875,198,0,Biznessonline.com Inc,0,0,0
20001129,33495,BIZZ',OTC,0.484375,0.484375,464,0,Biznessonline.com Inc,0,0,0
20001130,33495,BIZZ',OTC,0.453125,0.453125,363,0,Biznessonline.com Inc,0,0,0
20001201,33495,BIZZ',OTC,0.453125,0.453125,19,0,Biznessonline.com Inc,0,0,0
20001204,33495,BIZZ',OTC,0.453125,0.453125,187,0,Biznessonline.com Inc,0,0,0
20001205,33495,BIZZ',OTC,0.421875,0.421875,129,0,Biznessonline.com Inc,0,0,0
20001206,33495,BIZZ',OTC,0.375,0.375,289,0,Biznessonline.com Inc,0,0,0
20001207,33495,BIZZ',OTC,0.375,0.375,39,0,Biznessonline.com Inc,0,0,0
20001208,33495,BIZZ',OTC,0.421875,0.421875,200,0,Biznessonline.com Inc,0,0,0
20001211,33495,BIZZ',OTC,0.328125,0.328125,585,0,Biznessonline.com Inc,0,0,0
20001212,33495,BIZZ',OTC,0.328125,0.328125,1066,0,Biznessonline.com Inc,0,0,0
20001213,33495,BIZZ',OTC,0.34375,0.34375,1404,0,Biznessonline.com Inc,0,0,0
20001214,33495,BIZZ',OTC,0.34375,0.34375,534,0,Biznessonline.com Inc,0,0,0
20001215,33495,BIZZ',OTC,0.3125,0.3125,685,0,Biznessonline.com Inc,0,0,0
20001218,33495,BIZZ',OTC,0.3125,0.3125,135,0,Biznessonline.com Inc,0,0,0
20001219,33495,BIZZ',OTC,0.3125,0.3125,252,0,Biznessonline.com Inc,0,0,0
20001220,33495,BIZZ',OTC,0.3125,0.3125,256,0,Biznessonline.com Inc,0,0,0
20001221,33495,BIZZ',OTC,0.296875,0.296875,676,0,Biznessonline.com Inc,0,0,0
20001222,33495,BIZZ',OTC,0.265625,0.265625,539,0,Biznessonline.com Inc,0,0,0
20001226,33495,BIZZ',OTC,0.21875,0.21875,551,0,Biznessonline.com Inc,0,0,0
20001227,33495,BIZZ',OTC,0.203125,0.203125,491,0,Biznessonline.com Inc,0,0,0
20001228,33495,BIZZ',OTC,0.21875,0.21875,895,0,Biznessonline.com Inc,0,0,0
20001229,33495,BIZZ',OTC,0.203125,0.203125,777,0,Biznessonline.com Inc,0,0,0
20010102,33495,BIZZ',OTC,0.1875,0.1875,441,0,Biznessonline.com Inc,0,0,0
20010103,33495,BIZZ',OTC,0.203125,0.203125,32,0,Biznessonline.com Inc,0,0,0
20010104,33495,BIZZ',OTC,0.203125,0.203125,230,0,Biznessonline.com Inc,0,0,0
20010105,33495,BIZZ',OTC,0.203125,0.203125,52,0,Biznessonline.com Inc,0,0,0
20010108,33495,BIZZ',OTC,0.1875,0.1875,42,0,Biznessonline.com Inc,0,0,0
20010109,33495,BIZZ',OTC,0.171875,0.171875,342,0,Biznessonline.com Inc,0,0,0
20010110,33495,BIZZ',OTC,0.1875,0.1875,1,0,Biznessonline.com Inc,0,0,0
20010111,33495,BIZZ',OTC,0.1875,0.1875,3,0,Biznessonline.com Inc,0,0,0
20010112,33495,BIZZ',OTC,0.1875,0.1875,92,0,Biznessonline.com Inc,0,0,0
20010116,33495,BIZZ',OTC,0.25,0.25,1108,0,Biznessonline.com Inc,0,0,0
20010117,33495,BIZZ',OTC,0.203125,0.203125,14,0,Biznessonline.com Inc,0,0,0
20010118,33495,BIZZ',OTC,0.34375,0.34375,918,0,Biznessonline.com Inc,0,0,0
20010119,33495,BIZZ',OTC,0.3125,0.3125,52,0,Biznessonline.com Inc,0,0,0
20010122,33495,BIZZ',OTC,0.390625,0.390625,435,0,Biznessonline.com Inc,0,0,0
20010123,33495,BIZZ',OTC,0.4375,0.4375,513,0,Biznessonline.com Inc,0,0,0
20010124,33495,BIZZ',OTC,0.46875,0.46875,152,0,Biznessonline.com Inc,0,0,0
20010125,33495,BIZZ',OTC,0.359375,0.359375,293,0,Biznessonline.com Inc,0,0,0
20010126,33495,BIZZ',OTC,0.328125,0.328125,854,0,Biznessonline.com Inc,0,0,0
20010129,33495,BIZZ',OTC,0.3125,0.3125,93,0,Biznessonline.com Inc,0,0,0
20010130,33495,BIZZ',OTC,0.40625,0.40625,55,0,Biznessonline.com Inc,0,0,0
20010131,33495,BIZZ',OTC,0.34375,0.34375,78,0,Biznessonline.com Inc,0,0,0
20010201,33495,BIZZ',OTC,0.3125,0.3125,10,0,Biznessonline.com Inc,0,0,0
20010202,33495,BIZZ',OTC,0.3125,0.3125,0,0,Biznessonline.com Inc,0,0,0
20010205,33495,BIZZ',OTC,0.40625,0.40625,105,0,Biznessonline.com Inc,0,0,0
20010206,33495,BIZZ',OTC,0.34375,0.34375,240,0,Biznessonline.com Inc,0,0,0
20010207,33495,BIZZ',OTC,0.328125,0.328125,78,0,Biznessonline.com Inc,0,0,0
20010208,33495,BIZZ',OTC,0.328125,0.328125,70,0,Biznessonline.com Inc,0,0,0
20010209,33495,BIZZ',OTC,0.3125,0.3125,12,0,Biznessonline.com Inc,0,0,0
20010212,33495,BIZZ',OTC,0.3125,0.3125,96,0,Biznessonline.com Inc,0,0,0
20010213,33495,BIZZ',OTC,0.3125,0.3125,31,0,Biznessonline.com Inc,0,0,0
20010214,33495,BIZZ',OTC,0.3125,0.3125,0,0,Biznessonline.com Inc,0,0,0
20010215,33495,BIZZ',OTC,0.265625,0.265625,297,0,Biznessonline.com Inc,0,0,0
20010216,33495,BIZZ',OTC,0.28125,0.28125,37,0,Biznessonline.com Inc,0,0,0
20010220,33495,BIZZ',OTC,0.28125,0.28125,0,0,Biznessonline.com Inc,0,0,0
20010221,33495,BIZZ',OTC,0.25,0.25,13,0,Biznessonline.com Inc,0,0,0
20010222,33495,BIZZ',OTC,0.296875,0.296875,440,0,Biznessonline.com Inc,0,0,0
20010223,33495,BIZZ',OTC,0.265625,0.265625,47,0,Biznessonline.com Inc,0,0,0
20010226,33495,BIZZ',OTC,0.265625,0.265625,60,0,Biznessonline.com Inc,0,0,0
20010227,33495,BIZZ',OTC,0.265625,0.265625,28,0,Biznessonline.com Inc,0,0,0
20010228,33495,BIZZ',OTC,0.296875,0.296875,9,0,Biznessonline.com Inc,0,0,0
20010301,33495,BIZZ',OTC,0.296875,0.296875,0,0,Biznessonline.com Inc,0,0,0
20010302,33495,BIZZ',OTC,0.25,0.25,10,0,Biznessonline.com Inc,0,0,0
20010305,33495,BIZZ',OTC,0.234375,0.234375,101,0,Biznessonline.com Inc,0,0,0
20010306,33495,BIZZ',OTC,0.265625,0.265625,5,0,Biznessonline.com Inc,0,0,0
20010307,33495,BIZZ',OTC,0.265625,0.265625,80,0,Biznessonline.com Inc,0,0,0
20010308,33495,BIZZ',OTC,0.265625,0.265625,0,0,Biznessonline.com Inc,0,0,0
20010309,33495,BIZZ',OTC,0.21875,0.21875,10,0,Biznessonline.com Inc,0,0,0
20010312,33495,BIZZ',OTC,0.21875,0.21875,0,0,Biznessonline.com Inc,0,0,0
20010313,33495,BIZZ',OTC,0.1875,0.1875,460,0,Biznessonline.com Inc,0,0,0
20010314,33495,BIZZ',OTC,0.15625,0.15625,40,0,Biznessonline.com Inc,0,0,0
20010315,33495,BIZZ',OTC,0.15625,0.15625,65,0,Biznessonline.com Inc,0,0,0
20010316,33495,BIZZ',OTC,0.15625,0.15625,199,0,Biznessonline.com Inc,0,0,0
20010319,33495,BIZZ',OTC,0.140625,0.140625,185,0,Biznessonline.com Inc,0,0,0
20010320,33495,BIZZ',OTC,0.140625,0.140625,108,0,Biznessonline.com Inc,0,0,0
20010321,33495,BIZZ',OTC,0.140625,0.140625,0,0,Biznessonline.com Inc,0,0,0
20010322,33495,BIZZ',OTC,0.140625,0.140625,50,0,Biznessonline.com Inc,0,0,0
20010323,33495,BIZZ',OTC,0.140625,0.140625,20,0,Biznessonline.com Inc,0,0,0
20010326,33495,BIZZ',OTC,0.15625,0.15625,250,0,Biznessonline.com Inc,0,0,0
20010327,33495,BIZZ',OTC,0.171875,0.171875,10,0,Biznessonline.com Inc,0,0,0
20010328,33495,BIZZ',OTC,0.15625,0.15625,197,0,Biznessonline.com Inc,0,0,0
20010329,33495,BIZZ',OTC,0.15625,0.15625,64,0,Biznessonline.com Inc,0,0,0
20010330,33495,BIZZ',OTC,0.140625,0.140625,133,0,Biznessonline.com Inc,0,0,0
20010402,33495,BIZZ',OTC,0.140625,0.140625,21,0,Biznessonline.com Inc,0,0,0
20010403,33495,BIZZ',OTC,0.140625,0.140625,55,0,Biznessonline.com Inc,0,0,0
20010404,33495,BIZZ',OTC,0.140625,0.140625,6,0,Biznessonline.com Inc,0,0,0
20010405,33495,BIZZ',OTC,0.171875,0.171875,36,0,Biznessonline.com Inc,0,0,0
20010406,33495,BIZZ',OTC,0.140625,0.140625,6,0,Biznessonline.com Inc,0,0,0
20010409,33495,BIZZ',OTC,0.17,0.17,3,0,Biznessonline.com Inc,0,0,0
20010410,33495,BIZZ',OTC,0.25,0.25,253,0,Biznessonline.com Inc,0,0,0
20010411,33495,BIZZ',OTC,0.25,0.25,38,0,Biznessonline.com Inc,0,0,0
20010412,33495,BIZZ',OTC,0.26,0.26,110,0,Biznessonline.com Inc,0,0,0
20010416,33495,BIZZ',OTC,0.26,0.26,65,0,Biznessonline.com Inc,0,0,0
20010417,33495,BIZZ',OTC,0.26,0.26,13,0,Biznessonline.com Inc,0,0,0
20010418,33495,BIZZ',OTC,0.26,0.26,118,0,Biznessonline.com Inc,0,0,0
20010419,33495,BIZZ',OTC,0.26,0.26,253,0,Biznessonline.com Inc,0,0,0
20010420,33495,BIZZ',OTC,0.26,0.26,21,0,Biznessonline.com Inc,0,0,0
20010423,33495,BIZZ',OTC,0.2,0.2,10,0,Biznessonline.com Inc,0,0,0
20010424,33495,BIZZ',OTC,0.2,0.2,8,0,Biznessonline.com Inc,0,0,0
20010425,33495,BIZZ',OTC,0.3,0.3,207,0,Biznessonline.com Inc,0,0,0
20010426,33495,BIZZ',OTC,0.3,0.3,39,0,Biznessonline.com Inc,0,0,0
20010427,33495,BIZZ',OTC,0.18,0.18,43,0,Biznessonline.com Inc,0,0,0
20010430,33495,BIZZ',OTC,0.18,0.18,25,0,Biznessonline.com Inc,0,0,0
20010501,33495,BIZZ',OTC,0.18,0.18,38,0,Biznessonline.com Inc,0,0,0
20010502,33495,BIZZ',OTC,0.18,0.18,148,0,Biznessonline.com Inc,0,0,0
20010503,33495,BIZZ',OTC,0.18,0.18,0,0,Biznessonline.com Inc,0,0,0
20010504,33495,BIZZ',OTC,0.18,0.18,2,0,Biznessonline.com Inc,0,0,0
20010507,33495,BIZZ',OTC,0.18,0.18,78,0,Biznessonline.com Inc,0,0,0
20010508,33495,BIZZ',OTC,0.18,0.18,1042,0,Biznessonline.com Inc,0,0,0
20010509,33495,BIZZ',OTC,0.14,0.14,5,0,Biznessonline.com Inc,0,0,0
20010510,33495,BIZZ',OTC,0.2,0.2,99,0,Biznessonline.com Inc,0,0,0
20010511,33495,BIZZ',OTC,0.2,0.2,54,0,Biznessonline.com Inc,0,0,0
20010514,33495,BIZZ',OTC,0.18,0.18,12,0,Biznessonline.com Inc,0,0,0
20010515,33495,BIZZ',OTC,0.2,0.2,47,0,Biznessonline.com Inc,0,0,0
20010516,33495,BIZZ',OTC,0.2,0.2,208,0,Biznessonline.com Inc,0,0,0
20010517,33495,BIZZ',OTC,0.18,0.18,49,0,Biznessonline.com Inc,0,0,0
20010518,33495,BIZZ',OTC,0.18,0.18,13,0,Biznessonline.com Inc,0,0,0
20010521,33495,BIZZ',OTC,0.18,0.18,20,0,Biznessonline.com Inc,0,0,0
20010522,33495,BIZZ',OTC,0.18,0.18,104,0,Biznessonline.com Inc,0,0,0
20010523,33495,BIZZ',OTC,0.18,0.18,0,0,Biznessonline.com Inc,0,0,0
20010524,33495,BIZZ',OTC,0.18,0.18,0,0,Biznessonline.com Inc,0,0,0
20010525,33495,BIZZ',OTC,0.25,0.25,54,0,Biznessonline.com Inc,0,0,0
20010529,33495,BIZZ',OTC,0.2,0.2,75,0,Biznessonline.com Inc,0,0,0
20010530,33495,BIZZ',OTC,0.17,0.17,171,0,Biznessonline.com Inc,0,0,0
20010531,33495,BIZZ',OTC,0.15,0.15,1,0,Biznessonline.com Inc,0,0,0
20010601,33495,BIZZ',OTC,0.2,0.2,305,0,Biznessonline.com Inc,0,0,0
20010604,33495,BIZZ',OTC,0.18,0.18,22,0,Biznessonline.com Inc,0,0,0
20010605,33495,BIZZ',OTC,0.25,0.25,35,0,Biznessonline.com Inc,0,0,0
20010606,33495,BIZZ',OTC,0.17,0.17,3,0,Biznessonline.com Inc,0,0,0
20010607,33495,BIZZ',OTC,0.17,0.17,0,0,Biznessonline.com Inc,0,0,0
20010608,33495,BIZZ',OTC,0.23,0.23,526,0,Biznessonline.com Inc,0,0,0
20010611,33495,BIZZ',OTC,0.2,0.2,31,0,Biznessonline.com Inc,0,0,0
20010612,33495,BIZZ',OTC,0.2,0.2,33,0,Biznessonline.com Inc,0,0,0
20010613,33495,BIZZ',OTC,0.22,0.22,200,0,Biznessonline.com Inc,0,0,0
20010614,33495,BIZZ',OTC,0.22,0.22,0,0,Biznessonline.com Inc,0,0,0
20010615,33495,BIZZ',OTC,0.2,0.2,7,0,Biznessonline.com Inc,0,0,0
20010618,33495,BIZZ',OTC,0.25,0.25,281,0,Biznessonline.com Inc,0,0,0
20010619,33495,BIZZ',OTC,0.23,0.23,3,0,Biznessonline.com Inc,0,0,0
20010620,33495,BIZZ',OTC,0.23,0.23,1,0,Biznessonline.com Inc,0,0,0
20010621,33495,BIZZ',OTC,0.2,0.2,153,0,Biznessonline.com Inc,0,0,0
20010622,33495,BIZZ',OTC,0.2,0.2,5,0,Biznessonline.com Inc,0,0,0
20010625,33495,BIZZ',OTC,0.2,0.2,25,0,Biznessonline.com Inc,0,0,0
20010626,33495,BIZZ',OTC,0.18,0.18,85,0,Biznessonline.com Inc,0,0,0
20010627,33495,BIZZ',OTC,0.23,0.23,100,0,Biznessonline.com Inc,0,0,0
20010628,33495,BIZZ',OTC,0.23,0.23,0,0,Biznessonline.com Inc,0,0,0
20010629,33495,BIZZ',OTC,0.23,0.23,0,0,Biznessonline.com Inc,0,0,0
20010702,33495,BIZZ',OTC,0.26,0.26,40,0,Biznessonline.com Inc,0,0,0
20010703,33495,BIZZ',OTC,0.26,0.26,0,0,Biznessonline.com Inc,0,0,0
20010705,33495,BIZZ',OTC,0.21,0.21,7,0,Biznessonline.com Inc,0,0,0
20010706,33495,BIZZ',OTC,0.27,0.27,30,0,Biznessonline.com Inc,0,0,0
20010709,33495,BIZZ',OTC,0.21,0.21,7,0,Biznessonline.com Inc,0,0,0
20010710,33495,BIZZ',OTC,0.25,0.25,74,0,Biznessonline.com Inc,0,0,0
20010711,33495,BIZZ',OTC,0.21,0.21,10,0,Biznessonline.com Inc,0,0,0
20010712,33495,BIZZ',OTC,0.21,0.21,43,0,Biznessonline.com Inc,0,0,0
20010713,33495,BIZZ',OTC,0.25,0.25,70,0,Biznessonline.com Inc,0,0,0
20010716,33495,BIZZ',OTC,0.21,0.21,176,0,Biznessonline.com Inc,0,0,0
20010717,33495,BIZZ',OTC,0.25,0.25,59,0,Biznessonline.com Inc,0,0,0
20010718,33495,BIZZ',OTC,0.25,0.25,50,0,Biznessonline.com Inc,0,0,0
20010719,33495,BIZZ',OTC,0.2,0.2,53,0,Biznessonline.com Inc,0,0,0
20010720,33495,BIZZ',OTC,0.2,0.2,15,0,Biznessonline.com Inc,0,0,0
20010723,33495,BIZZ',OTC,0.2,0.2,28,0,Biznessonline.com Inc,0,0,0
20010724,33495,BIZZ',OTC,0.2,0.2,0,0,Biznessonline.com Inc,0,0,0
20010725,33495,BIZZ',OTC,0.2,0.2,17,0,Biznessonline.com Inc,0,0,0
20010726,33495,BIZZ',OTC,0.19,0.19,19,0,Biznessonline.com Inc,0,0,0
20010727,33495,BIZZ',OTC,0.19,0.19,135,0,Biznessonline.com Inc,0,0,0
20010730,33495,BIZZ',OTC,0.22,0.22,11,0,Biznessonline.com Inc,0,0,0
20010731,33495,BIZZ',OTC,0.21,0.21,6,0,Biznessonline.com Inc,0,0,0
20010801,33495,BIZZ',OTC,0.21,0.21,0,0,Biznessonline.com Inc,0,0,0
20010802,33495,BIZZ',OTC,0.19,0.19,14,0,Biznessonline.com Inc,0,0,0
20010803,33495,BIZZ',OTC,0.19,0.19,5,0,Biznessonline.com Inc,0,0,0
20010806,33495,BIZZ',OTC,0.19,0.19,0,0,Biznessonline.com Inc,0,0,0
20010807,33495,BIZZ',OTC,0.22,0.22,123,0,Biznessonline.com Inc,0,0,0
20010808,33495,BIZZ',OTC,0.18,0.18,10,0,Biznessonline.com Inc,0,0,0
20010809,33495,BIZZ',OTC,0.21,0.21,4,0,Biznessonline.com Inc,0,0,0
20010810,33495,BIZZ',OTC,0.19,0.19,425,0,Biznessonline.com Inc,0,0,0
20010813,33495,BIZZ',OTC,0.19,0.19,122,0,Biznessonline.com Inc,0,0,0
20010814,33495,BIZZ',OTC,0.15,0.15,580,0,Biznessonline.com Inc,0,0,0
20010815,33495,BIZZ',OTC,0.14,0.14,110,0,Biznessonline.com Inc,0,0,0
20010816,33495,BIZZ',OTC,0.13,0.13,186,0,Biznessonline.com Inc,0,0,0
20010817,33495,BIZZ',OTC,0.13,0.13,1,0,Biznessonline.com Inc,0,0,0
20010820,33495,BIZZ',OTC,0.13,0.13,30,0,Biznessonline.com Inc,0,0,0
20010821,33495,BIZZ',OTC,0.13,0.13,35,0,Biznessonline.com Inc,0,0,0
20010822,33495,BIZZ',OTC,0.11,0.11,253,0,Biznessonline.com Inc,0,0,0
20010823,33495,BIZZ',OTC,0.09,0.09,404,0,Biznessonline.com Inc,0,0,0
20010824,33495,BIZZ',OTC,0.09,0.09,0,0,Biznessonline.com Inc,0,0,0
20010827,33495,BIZZ',OTC,0.07,0.07,9,0,Biznessonline.com Inc,0,0,0
20010828,33495,BIZZ',OTC,0.09,0.09,20,0,Biznessonline.com Inc,0,0,0
20010829,33495,BIZZ',OTC,0.07,0.07,17,0,Biznessonline.com Inc,0,0,0
20010830,33495,BIZZ',OTC,0.07,0.07,10,0,Biznessonline.com Inc,0,0,0
20010831,33495,BIZZ',OTC,0.07,0.07,15,0,Biznessonline.com Inc,0,0,0
20010904,33495,BIZZ',OTC,0.09,0.09,38,0,Biznessonline.com Inc,0,0,0
20010905,33495,BIZZ',OTC,0.07,0.07,31,0,Biznessonline.com Inc,0,0,0
20010906,33495,BIZZ',OTC,0.07,0.07,20,0,Biznessonline.com Inc,0,0,0
20010907,33495,BIZZ',OTC,0.1,0.1,515,0,Biznessonline.com Inc,0,0,0
20010910,33495,BIZZ',OTC,0.1,0.1,150,0,Biznessonline.com Inc,0,0,0
20010917,33495,BIZZ',OTC,0.09,0.09,132,0,Biznessonline.com Inc,0,0,0
20010918,33495,BIZZ',OTC,0.09,0.09,92,0,Biznessonline.com Inc,0,0,0
20010919,33495,BIZZ',OTC,0.12,0.12,11,0,Biznessonline.com Inc,0,0,0
20010920,33495,BIZZ',OTC,0.12,0.12,33,0,Biznessonline.com Inc,0,0,0
20010921,33495,BIZZ',OTC,0.08,0.08,35,0,Biznessonline.com Inc,0,0,0
20010924,33495,BIZZ',OTC,0.08,0.08,19,0,Biznessonline.com Inc,0,0,0
20010925,33495,BIZZ',OTC,0.08,0.08,27,0,Biznessonline.com Inc,0,0,0
20010926,33495,BIZZ',OTC,0.08,0.08,0,0,Biznessonline.com Inc,0,0,0
20010927,33495,BIZZ',OTC,0.11,0.11,11,0,Biznessonline.com Inc,0,0,0
20010928,33495,BIZZ',OTC,0.11,0.11,0,0,Biznessonline.com Inc,0,0,0
20011001,33495,BIZZ',OTC,0.08,0.08,10,0,Biznessonline.com Inc,0,0,0
20011002,33495,BIZZ',OTC,0.09,0.09,190,0,Biznessonline.com Inc,0,0,0
20011003,33495,BIZZ',OTC,0.12,0.12,30,0,Biznessonline.com Inc,0,0,0
20011004,33495,BIZZ',OTC,0.08,0.08,10,0,Biznessonline.com Inc,0,0,0
20011005,33495,BIZZ',OTC,0.08,0.08,0,0,Biznessonline.com Inc,0,0,0
20011008,33495,BIZZ',OTC,0.08,0.08,1,0,Biznessonline.com Inc,0,0,0
20011009,33495,BIZZ',OTC,0.08,0.08,0,0,Biznessonline.com Inc,0,0,0
20011010,33495,BIZZ',OTC,0.08,0.08,0,0,Biznessonline.com Inc,0,0,0
20011011,33495,BIZZ',OTC,0.08,0.08,0,0,Biznessonline.com Inc,0,0,0
20011012,33495,BIZZ',OTC,0.12,0.12,44,0,Biznessonline.com Inc,0,0,0
20011015,33495,BIZZ',OTC,0.12,0.12,0,0,Biznessonline.com Inc,0,0,0
20011016,33495,BIZZ',OTC,0.08,0.08,38,0,Biznessonline.com Inc,0,0,0
20011017,33495,BIZZ',OTC,0.08,0.08,20,0,Biznessonline.com Inc,0,0,0
20011018,33495,BIZZ',OTC,0.08,0.08,0,0,Biznessonline.com Inc,0,0,0
20011019,33495,BIZZ',OTC,0.09,0.09,760,0,Biznessonline.com Inc,0,0,0
20011022,33495,BIZZ',OTC,0.09,0.09,0,0,Biznessonline.com Inc,0,0,0
20011023,33495,BIZZ',OTC,0.09,0.09,0,0,Biznessonline.com Inc,0,0,0
20011024,33495,BIZZ',OTC,0.08,0.08,2,0,Biznessonline.com Inc,0,0,0
20011025,33495,BIZZ',OTC,0.08,0.08,0,0,Biznessonline.com Inc,0,0,0
20011026,33495,BIZZ',OTC,0.11,0.11,201,0,Biznessonline.com Inc,0,0,0
20011029,33495,BIZZ',OTC,0.11,0.11,386,0,Biznessonline.com Inc,0,0,0
20011030,33495,BIZZ',OTC,0.13,0.13,290,0,Biznessonline.com Inc,0,0,0
20011031,33495,BIZZ',OTC,0.12,0.12,3,0,Biznessonline.com Inc,0,0,0
20011101,33495,BIZZ',OTC,0.14,0.14,354,0,Biznessonline.com Inc,0,0,0
20011102,33495,BIZZ',OTC,0.15,0.15,100,0,Biznessonline.com Inc,0,0,0
20011105,33495,BIZZ',OTC,0.21,0.21,291,0,Biznessonline.com Inc,0,0,0
20011106,33495,BIZZ',OTC,0.19,0.19,41,0,Biznessonline.com Inc,0,0,0
20011107,33495,BIZZ',OTC,0.19,0.19,3,0,Biznessonline.com Inc,0,0,0
20011108,33495,BIZZ',OTC,0.19,0.19,23,0,Biznessonline.com Inc,0,0,0
20011109,33495,BIZZ',OTC,0.19,0.19,10,0,Biznessonline.com Inc,0,0,0
20011112,33495,BIZZ',OTC,0.19,0.19,29,0,Biznessonline.com Inc,0,0,0
20011113,33495,BIZZ',OTC,0.19,0.19,0,0,Biznessonline.com Inc,0,0,0
20011114,33495,BIZZ',OTC,0.19,0.19,0,0,Biznessonline.com Inc,0,0,0
20011115,33495,BIZZ',OTC,0.19,0.19,0,0,Biznessonline.com Inc,0,0,0
20011116,33495,BIZZ',OTC,0.19,0.19,0,0,Biznessonline.com Inc,0,0,0
20011119,33495,BIZZ',OTC,0.19,0.19,107,0,Biznessonline.com Inc,0,0,0
20011120,33495,BIZZ',OTC,0.19,0.19,5,0,Biznessonline.com Inc,0,0,0
20011121,33495,BIZZ',OTC,0.15,0.15,708,0,Biznessonline.com Inc,0,0,0
20011123,33495,BIZZ',OTC,0.15,0.15,0,0,Biznessonline.com Inc,0,0,0
20011126,33495,BIZZ',OTC,0.12,0.12,75,0,Biznessonline.com Inc,0,0,0
20011127,33495,BIZZ',OTC,0.11,0.11,1,0,Biznessonline.com Inc,0,0,0
20011128,33495,BIZZ',OTC,0.11,0.11,70,0,Biznessonline.com Inc,0,0,0
20011129,33495,BIZZ',OTC,0.1,0.1,3,0,Biznessonline.com Inc,0,0,0
20011130,33495,BIZZ',OTC,0.12,0.12,22,0,Biznessonline.com Inc,0,0,0
20011203,33495,BIZZ',OTC,0.1,0.1,221,0,Biznessonline.com Inc,0,0,0
20011204,33495,BIZZ',OTC,0.09,0.09,25,0,Biznessonline.com Inc,0,0,0
20011205,33495,BIZZ',OTC,0.09,0.09,0,0,Biznessonline.com Inc,0,0,0
20011206,33495,BIZZ',OTC,0.07,0.07,397,0,Biznessonline.com Inc,0,0,0
20011207,33495,BIZZ',OTC,0.06,0.06,63,0,Biznessonline.com Inc,0,0,0
20011210,33495,BIZZ',OTC,0.05,0.05,534,0,Biznessonline.com Inc,0,0,0
20011211,33495,BIZZ',OTC,0.05,0.05,124,0,Biznessonline.com Inc,0,0,0
20011212,33495,BIZZ',OTC,0.06,0.06,25,0,Biznessonline.com Inc,0,0,0
20011213,33495,BIZZ',OTC,0.07,0.07,143,0,Biznessonline.com Inc,0,0,0
20011214,33495,BIZZ',OTC,0.06,0.06,10,0,Biznessonline.com Inc,0,0,0
20011217,33495,BIZZ',OTC,0.1,0.1,169,0,Biznessonline.com Inc,0,0,0
20011218,33495,BIZZ',OTC,0.06,0.06,119,0,Biznessonline.com Inc,0,0,0
20011219,33495,BIZZ',OTC,0.06,0.06,132,0,Biznessonline.com Inc,0,0,0
20011220,33495,BIZZ',OTC,0.06,0.06,19,0,Biznessonline.com Inc,0,0,0
20011221,33495,BIZZ',OTC,0.05,0.05,196,0,Biznessonline.com Inc,0,0,0
20011224,33495,BIZZ',OTC,0.05,0.05,30,0,Biznessonline.com Inc,0,0,0
20011226,33495,BIZZ',OTC,0.06,0.06,201,0,Biznessonline.com Inc,0,0,0
20011227,33495,BIZZ',OTC,0.05,0.05,219,0,Biznessonline.com Inc,0,0,0
20011228,33495,BIZZ',OTC,0.05,0.05,48,0,Biznessonline.com Inc,0,0,0
20011231,33495,BIZZ',OTC,0.05,0.05,384,0,Biznessonline.com Inc,0,0,0
20020102,33495,BIZZ',OTC,0.08,0.08,28,0,Biznessonline.com Inc,0,0,0
20020103,33495,BIZZ',OTC,0.05,0.05,15,0,Biznessonline.com Inc,0,0,0
20020104,33495,BIZZ',OTC,0.08,0.08,28,0,Biznessonline.com Inc,0,0,0
20020107,33495,BIZZ',OTC,0.05,0.05,5,0,Biznessonline.com Inc,0,0,0
20020108,33495,BIZZ',OTC,0.05,0.05,3,0,Biznessonline.com Inc,0,0,0
20020109,33495,BIZZ',OTC,0.09,0.09,90,0,Biznessonline.com Inc,0,0,0
20020110,33495,BIZZ',OTC,0.05,0.05,1,0,Biznessonline.com Inc,0,0,0
20020111,33495,BIZZ',OTC,0.05,0.05,0,0,Biznessonline.com Inc,0,0,0
20020114,33495,BIZZ',OTC,0.05,0.05,5,0,Biznessonline.com Inc,0,0,0
20020115,33495,BIZZ',OTC,0.05,0.05,4,0,Biznessonline.com Inc,0,0,0
20020116,33495,BIZZ',OTC,0.05,0.05,0,0,Biznessonline.com Inc,0,0,0
20020117,33495,BIZZ',OTC,0.08,0.08,26,0,Biznessonline.com Inc,0,0,0
20020118,33495,BIZZ',OTC,0.08,0.08,0,0,Biznessonline.com Inc,0,0,0
20020122,33495,BIZZ',OTC,0.07,0.07,35,0,Biznessonline.com Inc,0,0,0
20020123,33495,BIZZ',OTC,0.05,0.05,14,0,Biznessonline.com Inc,0,0,0
20020124,33495,BIZZ',OTC,0.05,0.05,30,0,Biznessonline.com Inc,0,0,0
20020125,33495,BIZZ',OTC,0.05,0.05,0,0,Biznessonline.com Inc,0,0,0
20020128,33495,BIZZ',OTC,0.05,0.05,0,0,Biznessonline.com Inc,0,0,0
20020129,33495,BIZZ',OTC,0.05,0.05,20,0,Biznessonline.com Inc,0,0,0
20020130,33495,BIZZ',OTC,0.05,0.05,10,0,Biznessonline.com Inc,0,0,0
20020131,33495,BIZZ',OTC,0.05,0.05,11,0,Biznessonline.com Inc,0,0,0
20020201,33495,BIZZ',OTC,0.05,0.05,0,0,Biznessonline.com Inc,0,0,0
20020204,33495,BIZZ',OTC,0.05,0.05,18,0,Biznessonline.com Inc,0,0,0
20020205,33495,BIZZ',OTC,0.05,0.05,8,0,Biznessonline.com Inc,0,0,0
20020206,33495,BIZZ',OTC,0.05,0.05,10,0,Biznessonline.com Inc,0,0,0
20020207,33495,BIZZ',OTC,0.05,0.05,135,0,Biznessonline.com Inc,0,0,0
20020208,33495,BIZZ',OTC,0.05,0.05,0,0,Biznessonline.com Inc,0,0,0
20020211,33495,BIZZ',OTC,0.05,0.05,0,0,Biznessonline.com Inc,0,0,0
20020212,33495,BIZZ',OTC,0.05,0.05,3,0,Biznessonline.com Inc,0,0,0
20020213,33495,BIZZ',OTC,0.05,0.05,0,0,Biznessonline.com Inc,0,0,0
20020214,33495,BIZZ',OTC,0.05,0.05,10,0,Biznessonline.com Inc,0,0,0
20020215,33495,BIZZ',OTC,0.05,0.05,20,0,Biznessonline.com Inc,0,0,0
20020219,33495,BIZZ',OTC,0.06,0.06,134,0,Biznessonline.com Inc,0,0,0
20020220,33495,BIZZ',OTC,0.06,0.06,0,0,Biznessonline.com Inc,0,0,0
20020221,33495,BIZZ',OTC,0.06,0.06,0,0,Biznessonline.com Inc,0,0,0
20020222,33495,BIZZ',OTC,0.05,0.05,11,0,Biznessonline.com Inc,0,0,0
20020225,33495,BIZZ',OTC,0.05,0.05,10,0,Biznessonline.com Inc,0,0,0
20020226,33495,BIZZ',OTC,0.04,0.04,102,0,Biznessonline.com Inc,0,0,0
20020227,33495,BIZZ',OTC,0.04,0.04,50,0,Biznessonline.com Inc,0,0,0
20020228,33495,BIZZ',OTC,0.04,0.04,0,0,Biznessonline.com Inc,0,0,0
20020301,33495,BIZZ',OTC,0.04,0.04,0,0,Biznessonline.com Inc,0,0,0
20020304,33495,BIZZ',OTC,0.04,0.04,0,0,Biznessonline.com Inc,0,0,0
20020305,33495,BIZZ',OTC,0.04,0.04,0,0,Biznessonline.com Inc,0,0,0
20020306,33495,BIZZ',OTC,0.04,0.04,0,0,Biznessonline.com Inc,0,0,0
20020307,33495,BIZZ',OTC,0.05,0.05,276,0,Biznessonline.com Inc,0,0,0
20020308,33495,BIZZ',OTC,0.05,0.05,50,0,Biznessonline.com Inc,0,0,0
20020311,33495,BIZZ',OTC,0.05,0.05,0,0,Biznessonline.com Inc,0,0,0
20020312,33495,BIZZ',OTC,0.05,0.05,0,0,Biznessonline.com Inc,0,0,0
20020313,33495,BIZZ',OTC,0.05,0.05,0,0,Biznessonline.com Inc,0,0,0
20020314,33495,BIZZ',OTC,0.05,0.05,0,0,Biznessonline.com Inc,0,0,0
20020315,33495,BIZZ',OTC,0.05,0.05,0,0,Biznessonline.com Inc,0,0,0
20020318,33495,BIZZ',OTC,0.04,0.04,1,0,Biznessonline.com Inc,0,0,0
20020319,33495,BIZZ',OTC,0.04,0.04,0,0,Biznessonline.com Inc,0,0,0
20020320,33495,BIZZ',OTC,0.04,0.04,0,0,Biznessonline.com Inc,0,0,0
20020321,33495,BIZZ',OTC,0.04,0.04,0,0,Biznessonline.com Inc,0,0,0
20020322,33495,BIZZ',OTC,0.05,0.05,100,0,Biznessonline.com Inc,0,0,0
20020325,33495,BIZZ',OTC,0.05,0.05,0,0,Biznessonline.com Inc,0,0,0
20020326,33495,BIZZ',OTC,0.05,0.05,0,0,Biznessonline.com Inc,0,0,0
20020327,33495,BIZZ',OTC,0.04,0.04,55,0,Biznessonline.com Inc,0,0,0
20020328,33495,BIZZ',OTC,0.04,0.04,0,0,Biznessonline.com Inc,0,0,0
20020401,33495,BIZZ',OTC,0.04,0.04,246,0,Biznessonline.com Inc,0,0,0
20020402,33495,BIZZ',OTC,0.04,0.04,49,0,Biznessonline.com Inc,0,0,0
20020403,33495,BIZZ',OTC,0.05,0.05,100,0,Biznessonline.com Inc,0,0,0
20020404,33495,BIZZ',OTC,0.05,0.05,131,0,Biznessonline.com Inc,0,0,0
20020405,33495,BIZZ',OTC,0.04,0.04,3,0,Biznessonline.com Inc,0,0,0
20020408,33495,BIZZ',OTC,0.04,0.04,2,0,Biznessonline.com Inc,0,0,0
20020409,33495,BIZZ',OTC,0.05,0.05,508,0,Biznessonline.com Inc,0,0,0
20020410,33495,BIZZ',OTC,0.05,0.05,0,0,Biznessonline.com Inc,0,0,0
20020411,33495,BIZZ',OTC,0.05,0.05,31,0,Biznessonline.com Inc,0,0,0
20020412,33495,BIZZ',OTC,0.05,0.05,0,0,Biznessonline.com Inc,0,0,0
20020415,33495,BIZZ',OTC,0.05,0.05,54,0,Biznessonline.com Inc,0,0,0
20020416,33495,BIZZ',OTC,0.05,0.05,8,0,Biznessonline.com Inc,0,0,0
20020417,33495,BIZZ',OTC,0.05,0.05,0,0,Biznessonline.com Inc,0,0,0
20020418,33495,BIZZ',OTC,0.05,0.05,0,0,Biznessonline.com Inc,0,0,0
20020419,33495,BIZZ',OTC,0.05,0.05,0,0,Biznessonline.com Inc,0,0,0
20020422,33495,BIZZ',OTC,0.05,0.05,0,0,Biznessonline.com Inc,0,0,0
20020423,33495,BIZZ',OTC,0.05,0.05,1,0,Biznessonline.com Inc,0,0,0
20020424,33495,BIZZ',OTC,0.05,0.05,2,0,Biznessonline.com Inc,0,0,0
20020425,33495,BIZZ',OTC,0.05,0.05,0,0,Biznessonline.com Inc,0,0,0
20020426,33495,BIZZ',OTC,0.05,0.05,0,0,Biznessonline.com Inc,0,0,0
20020429,33495,BIZZ',OTC,0.05,0.05,50,0,Biznessonline.com Inc,0,0,0
20020430,33495,BIZZ',OTC,0.05,0.05,1,0,Biznessonline.com Inc,0,0,0
20020501,33495,BIZZ',OTC,0.05,0.05,0,0,Biznessonline.com Inc,0,0,0
20020502,33495,BIZZ',OTC,0.05,0.05,0,0,Biznessonline.com Inc,0,0,0
20020503,33495,BIZZ',OTC,0.05,0.05,0,0,Biznessonline.com Inc,0,0,0
20020506,33495,BIZZ',OTC,0.05,0.05,10,0,Biznessonline.com Inc,0,0,0
20020507,33495,BIZZ',OTC,0.05,0.05,8,0,Biznessonline.com Inc,0,0,0
20020508,33495,BIZZ',OTC,0.05,0.05,0,0,Biznessonline.com Inc,0,0,0
20020509,33495,BIZZ',OTC,0.04,0.04,5,0,Biznessonline.com Inc,0,0,0
20020510,33495,BIZZ',OTC,0.04,0.04,15,0,Biznessonline.com Inc,0,0,0
20020513,33495,BIZZ',OTC,0.04,0.04,91,0,Biznessonline.com Inc,0,0,0
20020514,33495,BIZZ',OTC,0.04,0.04,115,0,Biznessonline.com Inc,0,0,0
20020515,33495,BIZZ',OTC,0.04,0.04,0,0,Biznessonline.com Inc,0,0,0
20020516,33495,BIZZ',OTC,0.04,0.04,6,0,Biznessonline.com Inc,0,0,0
20020517,33495,BIZZ',OTC,0.04,0.04,0,0,Biznessonline.com Inc,0,0,0
20020520,33495,BIZZ',OTC,0.04,0.04,130,0,Biznessonline.com Inc,0,0,0
20020521,33495,BIZZ',OTC,0.04,0.04,6,0,Biznessonline.com Inc,0,0,0
20020522,33495,BIZZ',OTC,0.04,0.04,0,0,Biznessonline.com Inc,0,0,0
20020523,33495,BIZZ',OTC,0.04,0.04,0,0,Biznessonline.com Inc,0,0,0
20020524,33495,BIZZ',OTC,0.04,0.04,0,0,Biznessonline.com Inc,0,0,0
20020528,33495,BIZZ',OTC,0.04,0.04,0,0,Biznessonline.com Inc,0,0,0
20020529,33495,BIZZ',OTC,0.04,0.04,20,0,Biznessonline.com Inc,0,0,0
20020530,33495,BIZZ',OTC,0.04,0.04,20,0,Biznessonline.com Inc,0,0,0
20020531,33495,BIZZ',OTC,0.04,0.04,0,0,Biznessonline.com Inc,0,0,0
20020603,33495,BIZZ',OTC,0.04,0.04,0,0,Biznessonline.com Inc,0,0,0
20020604,33495,BIZZ',OTC,0.04,0.04,0,0,Biznessonline.com Inc,0,0,0
20020605,33495,BIZZ',OTC,0.04,0.04,0,0,Biznessonline.com Inc,0,0,0
20020606,33495,BIZZ',OTC,0.04,0.04,15,0,Biznessonline.com Inc,0,0,0
20020607,33495,BIZZ',OTC,0.04,0.04,0,0,Biznessonline.com Inc,0,0,0
20020610,33495,BIZZ',OTC,0.05,0.05,40,0,Biznessonline.com Inc,0,0,0
20020611,33495,BIZZ',OTC,0.04,0.04,2,0,Biznessonline.com Inc,0,0,0
20020612,33495,BIZZ',OTC,0.04,0.04,0,0,Biznessonline.com Inc,0,0,0
20020613,33495,BIZZ',OTC,0.04,0.04,0,0,Biznessonline.com Inc,0,0,0
20020614,33495,BIZZ',OTC,0.04,0.04,0,0,Biznessonline.com Inc,0,0,0
20020617,33495,BIZZ',OTC,0.04,0.04,302,0,Biznessonline.com Inc,0,0,0
20020618,33495,BIZZ',OTC,0.04,0.04,0,0,Biznessonline.com Inc,0,0,0
20020619,33495,BIZZ',OTC,0.04,0.04,10,0,Biznessonline.com Inc,0,0,0
20020620,33495,BIZZ',OTC,0.04,0.04,11,0,Biznessonline.com Inc,0,0,0
20020621,33495,BIZZ',OTC,0.04,0.04,0,0,Biznessonline.com Inc,0,0,0
20020624,33495,BIZZ',OTC,0.04,0.04,0,0,Biznessonline.com Inc,0,0,0
20020625,33495,BIZZ',OTC,0.04,0.04,100,0,Biznessonline.com Inc,0,0,0
20020626,33495,BIZZ',OTC,0.04,0.04,0,0,Biznessonline.com Inc,0,0,0
20020627,33495,BIZZ',OTC,0.04,0.04,1,0,Biznessonline.com Inc,0,0,0
20020628,33495,BIZZ',OTC,0.04,0.04,0,0,Biznessonline.com Inc,0,0,0
20020701,33495,BIZZ',OTC,0.04,0.04,0,0,Biznessonline.com Inc,0,0,0
20020702,33495,BIZZ',OTC,0.04,0.04,1,0,Biznessonline.com Inc,0,0,0
20020703,33495,BIZZ',OTC,0.04,0.04,0,0,Biznessonline.com Inc,0,0,0
20020705,33495,BIZZ',OTC,0.04,0.04,0,0,Biznessonline.com Inc,0,0,0
20020708,33495,BIZZ',OTC,0.04,0.04,40,0,Biznessonline.com Inc,0,0,0
20020709,33495,BIZZ',OTC,0.04,0.04,25,0,Biznessonline.com Inc,0,0,0
20020710,33495,BIZZ',OTC,0.04,0.04,0,0,Biznessonline.com Inc,0,0,0
20020711,33495,BIZZ',OTC,0.04,0.04,0,0,Biznessonline.com Inc,0,0,0
20020712,33495,BIZZ',OTC,0.04,0.04,11,0,Biznessonline.com Inc,0,0,0
20020715,33495,BIZZ',OTC,0.04,0.04,4,0,Biznessonline.com Inc,0,0,0
20020716,33495,BIZZ',OTC,0.04,0.04,3,0,Biznessonline.com Inc,0,0,0
20020717,33495,BIZZ',OTC,0.04,0.04,0,0,Biznessonline.com Inc,0,0,0
20020718,33495,BIZZ',OTC,0.04,0.04,9,0,Biznessonline.com Inc,0,0,0
20020719,33495,BIZZ',OTC,0.04,0.04,0,0,Biznessonline.com Inc,0,0,0
20020722,33495,BIZZ',OTC,0.04,0.04,366,0,Biznessonline.com Inc,0,0,0
20020723,33495,BIZZ',OTC,0.04,0.04,7,0,Biznessonline.com Inc,0,0,0
20020724,33495,BIZZ',OTC,0.04,0.04,30,0,Biznessonline.com Inc,0,0,0
20020725,33495,BIZZ',OTC,0.04,0.04,0,0,Biznessonline.com Inc,0,0,0
20020726,33495,BIZZ',OTC,0.04,0.04,0,0,Biznessonline.com Inc,0,0,0
20020729,33495,BIZZ',OTC,0.04,0.04,10,0,Biznessonline.com Inc,0,0,0
20020730,33495,BIZZ',OTC,0.04,0.04,0,0,Biznessonline.com Inc,0,0,0
20020731,33495,BIZZ',OTC,0.04,0.04,0,0,Biznessonline.com Inc,0,0,0
20020801,33495,BIZZ',OTC,0.04,0.04,50,0,Biznessonline.com Inc,0,0,0
20020802,33495,BIZZ',OTC,0.04,0.04,20,0,Biznessonline.com Inc,0,0,0
20020805,33495,BIZZ',OTC,0.09,0.09,1123,0,Biznessonline.com Inc,0,0,0
20020806,33495,BIZZ',OTC,0.06,0.06,51,0,Biznessonline.com Inc,0,0,0
20020807,33495,BIZZ',OTC,0.06,0.06,10,0,Biznessonline.com Inc,0,0,0
20020808,33495,BIZZ',OTC,0.06,0.06,28,0,Biznessonline.com Inc,0,0,0
20020809,33495,BIZZ',OTC,0.06,0.06,16,0,Biznessonline.com Inc,0,0,0
20020812,33495,BIZZ',OTC,0.06,0.06,0,0,Biznessonline.com Inc,0,0,0
20020813,33495,BIZZ',OTC,0.11,0.11,263,0,Biznessonline.com Inc,0,0,0
20020814,33495,BIZZ',OTC,0.1,0.1,109,0,Biznessonline.com Inc,0,0,0
20020815,33495,BIZZ',OTC,0.1,0.1,25,0,Biznessonline.com Inc,0,0,0
20020816,33495,BIZZ',OTC,0.09,0.09,242,0,Biznessonline.com Inc,0,0,0
20020819,33495,BIZZ',OTC,0.09,0.09,0,0,Biznessonline.com Inc,0,0,0
20020820,33495,BIZZ',OTC,0.09,0.09,0,0,Biznessonline.com Inc,0,0,0
20020821,33495,BIZZ',OTC,0.11,0.11,200,0,Biznessonline.com Inc,0,0,0
20020822,33495,BIZZ',OTC,0.1,0.1,1,0,Biznessonline.com Inc,0,0,0
20020823,33495,BIZZ',OTC,0.1,0.1,16,0,Biznessonline.com Inc,0,0,0
20020826,33495,BIZZ',OTC,0.1,0.1,27,0,Biznessonline.com Inc,0,0,0
20020827,33495,BIZZ',OTC,0.1,0.1,0,0,Biznessonline.com Inc,0,0,0
20020828,33495,BIZZ',OTC,0.1,0.1,121,0,Biznessonline.com Inc,0,0,0
20020829,33495,BIZZ',OTC,0.08,0.08,1,0,Biznessonline.com Inc,0,0,0
20020830,33495,BIZZ',OTC,0.08,0.08,0,0,Biznessonline.com Inc,0,0,0
20020903,33495,BIZZ',OTC,0.08,0.08,0,0,Biznessonline.com Inc,0,0,0
20020904,33495,BIZZ',OTC,0.13,0.13,20,0,Biznessonline.com Inc,0,0,0
20020905,33495,BIZZ',OTC,0.13,0.13,0,0,Biznessonline.com Inc,0,0,0
20020906,33495,BIZZ',OTC,0.13,0.13,0,0,Biznessonline.com Inc,0,0,0
20020909,33495,BIZZ',OTC,0.07,0.07,2,0,Biznessonline.com Inc,0,0,0
20020910,33495,BIZZ',OTC,0.07,0.07,5,0,Biznessonline.com Inc,0,0,0
20020911,33495,BIZZ',OTC,0.07,0.07,15,0,Biznessonline.com Inc,0,0,0
20020912,33495,BIZZ',OTC,0.07,0.07,0,0,Biznessonline.com Inc,0,0,0
20020913,33495,BIZZ',OTC,0.07,0.07,0,0,Biznessonline.com Inc,0,0,0
20020916,33495,BIZZ',OTC,0.07,0.07,0,0,Biznessonline.com Inc,0,0,0
20020917,33495,BIZZ',OTC,0.07,0.07,22,0,Biznessonline.com Inc,0,0,0
20020918,33495,BIZZ',OTC,0.07,0.07,0,0,Biznessonline.com Inc,0,0,0
20020919,33495,BIZZ',OTC,0.07,0.07,0,0,Biznessonline.com Inc,0,0,0
20020920,33495,BIZZ',OTC,0.08,0.08,2,0,Biznessonline.com Inc,0,0,0
20020923,33495,BIZZ',OTC,0.08,0.08,7,0,Biznessonline.com Inc,0,0,0
20020924,33495,BIZZ',OTC,0.08,0.08,1,0,Biznessonline.com Inc,0,0,0
20020925,33495,BIZZ',OTC,0.08,0.08,0,0,Biznessonline.com Inc,0,0,0
20020926,33495,BIZZ',OTC,0.08,0.08,1,0,Biznessonline.com Inc,0,0,0
20020927,33495,BIZZ',OTC,0.08,0.08,0,0,Biznessonline.com Inc,0,0,0
20020930,33495,BIZZ',OTC,0.08,0.08,0,0,Biznessonline.com Inc,0,0,0
20021001,33495,BIZZ',OTC,0.08,0.08,0,0,Biznessonline.com Inc,0,0,0
20021002,33495,BIZZ',OTC,0.08,0.08,3,0,Biznessonline.com Inc,0,0,0
20021003,33495,BIZZ',OTC,0.08,0.08,0,0,Biznessonline.com Inc,0,0,0
20021004,33495,BIZZ',OTC,0.08,0.08,0,0,Biznessonline.com Inc,0,0,0
20021007,33495,BIZZ',OTC,0.08,0.08,7,0,Biznessonline.com Inc,0,0,0
20021008,33495,BIZZ',OTC,0.07,0.07,482,0,Biznessonline.com Inc,0,0,0
20021009,33495,BIZZ',OTC,0.07,0.07,0,0,Biznessonline.com Inc,0,0,0
20021010,33495,BIZZ',OTC,0.07,0.07,0,0,Biznessonline.com Inc,0,0,0
20021011,33495,BIZZ',OTC,0.06,0.06,25,0,Biznessonline.com Inc,0,0,0
20021014,33495,BIZZ',OTC,0.06,0.06,0,0,Biznessonline.com Inc,0,0,0
20021015,33495,BIZZ',OTC,0.06,0.06,50,0,Biznessonline.com Inc,0,0,0
20021016,33495,BIZZ',OTC,0.06,0.06,0,0,Biznessonline.com Inc,0,0,0
20021017,33495,BIZZ',OTC,0.05,0.05,2,0,Biznessonline.com Inc,0,0,0
20021018,33495,BIZZ',OTC,0.05,0.05,0,0,Biznessonline.com Inc,0,0,0
20021021,33495,BIZZ',OTC,0.05,0.05,10,0,Biznessonline.com Inc,0,0,0
20021022,33495,BIZZ',OTC,0.05,0.05,7,0,Biznessonline.com Inc,0,0,0
20021023,33495,BIZZ',OTC,0.05,0.05,130,0,Biznessonline.com Inc,0,0,0
20021024,33495,BIZZ',OTC,0.05,0.05,0,0,Biznessonline.com Inc,0,0,0
20021025,33495,BIZZ',OTC,0.05,0.05,0,0,Biznessonline.com Inc,0,0,0
20021028,33495,BIZZ',OTC,0.05,0.05,0,0,Biznessonline.com Inc,0,0,0
20021029,33495,BIZZ',OTC,0.05,0.05,1,0,Biznessonline.com Inc,0,0,0
20021030,33495,BIZZ',OTC,0.05,0.05,0,0,Biznessonline.com Inc,0,0,0
20021031,33495,BIZZ',OTC,0.05,0.05,0,0,Biznessonline.com Inc,0,0,0
20021101,33495,BIZZ',OTC,0.05,0.05,90,0,Biznessonline.com Inc,0,0,0
20021104,33495,BIZZ',OTC,0.05,0.05,0,0,Biznessonline.com Inc,0,0,0
20021105,33495,BIZZ',OTC,0.04,0.04,31,0,Biznessonline.com Inc,0,0,0
20021106,33495,BIZZ',OTC,0.04,0.04,0,0,Biznessonline.com Inc,0,0,0
