DDate,CSINumber,Symbol,Exchange,DClose,UnAdjustedClose,TotalVolume,Cash,MarketName,PTB,PSR,DPS
19990625,33675,MYCO',OTC,1,1,25,0,Mycom Group Inc,0,0,0
19990628,33675,MYCO',OTC,1,1,120,0,Mycom Group Inc,0,0,0
19990629,33675,MYCO',OTC,1.125,1.125,47,0,Mycom Group Inc,0,0,0
19990630,33675,MYCO',OTC,1,1,50,0,Mycom Group Inc,0,0,0
19990701,33675,MYCO',OTC,1.125,1.125,20,0,Mycom Group Inc,0,0,0
19990702,33675,MYCO',OTC,1.125,1.125,6,0,Mycom Group Inc,0,0,0
19990706,33675,MYCO',OTC,0.875,0.875,20,0,Mycom Group Inc,0,0,0
19990707,33675,MYCO',OTC,0.75,0.75,10,0,Mycom Group Inc,0,0,0
19990708,33675,MYCO',OTC,0.75,0.75,20,0,Mycom Group Inc,0,0,0
19990709,33675,MYCO',OTC,0.75,0.75,20,0,Mycom Group Inc,0,0,0
19990712,33675,MYCO',OTC,0.75,0.75,15,0,Mycom Group Inc,0,0,0
19990713,33675,MYCO',OTC,0.875,0.875,20,0,Mycom Group Inc,0,0,0
19990714,33675,MYCO',OTC,0.875,0.875,0,0,Mycom Group Inc,0,0,0
19990715,33675,MYCO',OTC,0.875,0.875,0,0,Mycom Group Inc,0,0,0
19990716,33675,MYCO',OTC,1,1,10,0,Mycom Group Inc,0,0,0
19990719,33675,MYCO',OTC,1.25,1.25,171,0,Mycom Group Inc,0,0,0
19990720,33675,MYCO',OTC,1.125,1.125,73,0,Mycom Group Inc,0,0,0
19990721,33675,MYCO',OTC,0.875,0.875,193,0,Mycom Group Inc,0,0,0
19990722,33675,MYCO',OTC,0.375,0.375,90,0,Mycom Group Inc,0,0,0
19990723,33675,MYCO',OTC,0.625,0.625,32,0,Mycom Group Inc,0,0,0
19990726,33675,MYCO',OTC,0.625,0.625,30,0,Mycom Group Inc,0,0,0
19990727,33675,MYCO',OTC,0.6875,0.6875,546,0,Mycom Group Inc,0,0,0
19990728,33675,MYCO',OTC,0.6875,0.6875,0,0,Mycom Group Inc,0,0,0
19990729,33675,MYCO',OTC,0.6875,0.6875,0,0,Mycom Group Inc,0,0,0
19990730,33675,MYCO',OTC,0.75,0.75,11,0,Mycom Group Inc,0,0,0
19990802,33675,MYCO',OTC,0.75,0.75,0,0,Mycom Group Inc,0,0,0
19990803,33675,MYCO',OTC,0.75,0.75,0,0,Mycom Group Inc,0,0,0
19990804,33675,MYCO',OTC,0.375,0.375,5,0,Mycom Group Inc,0,0,0
19990805,33675,MYCO',OTC,1.125,1.125,52,0,Mycom Group Inc,0,0,0
19990806,33675,MYCO',OTC,0.75,0.75,145,0,Mycom Group Inc,0,0,0
19990809,33675,MYCO',OTC,0.625,0.625,50,0,Mycom Group Inc,0,0,0
19990810,33675,MYCO',OTC,0.75,0.75,110,0,Mycom Group Inc,0,0,0
19990811,33675,MYCO',OTC,0.6875,0.6875,249,0,Mycom Group Inc,0,0,0
19990812,33675,MYCO',OTC,0.5625,0.5625,50,0,Mycom Group Inc,0,0,0
19990813,33675,MYCO',OTC,0.5625,0.5625,0,0,Mycom Group Inc,0,0,0
19990816,33675,MYCO',OTC,0.75,0.75,4,0,Mycom Group Inc,0,0,0
19990817,33675,MYCO',OTC,0.5625,0.5625,175,0,Mycom Group Inc,0,0,0
19990818,33675,MYCO',OTC,0.5625,0.5625,0,0,Mycom Group Inc,0,0,0
19990819,33675,MYCO',OTC,0.5,0.5,30,0,Mycom Group Inc,0,0,0
19990820,33675,MYCO',OTC,0.5,0.5,0,0,Mycom Group Inc,0,0,0
19990823,33675,MYCO',OTC,0.5,0.5,370,0,Mycom Group Inc,0,0,0
19990824,33675,MYCO',OTC,0.625,0.625,59,0,Mycom Group Inc,0,0,0
19990825,33675,MYCO',OTC,0.4375,0.4375,50,0,Mycom Group Inc,0,0,0
19990826,33675,MYCO',OTC,0.375,0.375,27,0,Mycom Group Inc,0,0,0
19990827,33675,MYCO',OTC,0.625,0.625,120,0,Mycom Group Inc,0,0,0
19990830,33675,MYCO',OTC,0.5,0.5,195,0,Mycom Group Inc,0,0,0
19990831,33675,MYCO',OTC,0.40625,0.40625,10,0,Mycom Group Inc,0,0,0
19990901,33675,MYCO',OTC,0.53125,0.53125,9,0,Mycom Group Inc,0,0,0
19990902,33675,MYCO',OTC,0.53125,0.53125,0,0,Mycom Group Inc,0,0,0
19990903,33675,MYCO',OTC,0.53125,0.53125,0,0,Mycom Group Inc,0,0,0
19990907,33675,MYCO',OTC,0.40625,0.40625,171,0,Mycom Group Inc,0,0,0
19990908,33675,MYCO',OTC,0.40625,0.40625,105,0,Mycom Group Inc,0,0,0
19990909,33675,MYCO',OTC,0.40625,0.40625,0,0,Mycom Group Inc,0,0,0
19990910,33675,MYCO',OTC,0.4375,0.4375,20,0,Mycom Group Inc,0,0,0
19990913,33675,MYCO',OTC,0.4375,0.4375,899,0,Mycom Group Inc,0,0,0
19990914,33675,MYCO',OTC,0.4375,0.4375,0,0,Mycom Group Inc,0,0,0
19990915,33675,MYCO',OTC,0.53125,0.53125,5,0,Mycom Group Inc,0,0,0
19990916,33675,MYCO',OTC,0.4375,0.4375,35,0,Mycom Group Inc,0,0,0
19990917,33675,MYCO',OTC,0.4375,0.4375,4,0,Mycom Group Inc,0,0,0
19990920,33675,MYCO',OTC,0.4375,0.4375,1,0,Mycom Group Inc,0,0,0
19990921,33675,MYCO',OTC,0.375,0.375,100,0,Mycom Group Inc,0,0,0
19990922,33675,MYCO',OTC,0.375,0.375,149,0,Mycom Group Inc,0,0,0
19990923,33675,MYCO',OTC,0.3125,0.3125,200,0,Mycom Group Inc,0,0,0
19990924,33675,MYCO',OTC,0.25,0.25,150,0,Mycom Group Inc,0,0,0
19990927,33675,MYCO',OTC,0.3125,0.3125,31,0,Mycom Group Inc,0,0,0
19990928,33675,MYCO',OTC,0.40625,0.40625,106,0,Mycom Group Inc,0,0,0
19990929,33675,MYCO',OTC,0.375,0.375,252,0,Mycom Group Inc,0,0,0
19990930,33675,MYCO',OTC,0.375,0.375,369,0,Mycom Group Inc,0,0,0
19991001,33675,MYCO',OTC,0.375,0.375,126,0,Mycom Group Inc,0,0,0
19991004,33675,MYCO',OTC,0.375,0.375,0,0,Mycom Group Inc,0,0,0
19991005,33675,MYCO',OTC,0.25,0.25,135,0,Mycom Group Inc,0,0,0
19991006,33675,MYCO',OTC,0.25,0.25,190,0,Mycom Group Inc,0,0,0
19991007,33675,MYCO',OTC,0.25,0.25,125,0,Mycom Group Inc,0,0,0
19991008,33675,MYCO',OTC,0.25,0.25,0,0,Mycom Group Inc,0,0,0
19991011,33675,MYCO',OTC,0.25,0.25,122,0,Mycom Group Inc,0,0,0
19991012,33675,MYCO',OTC,0.25,0.25,100,0,Mycom Group Inc,0,0,0
19991013,33675,MYCO',OTC,0.25,0.25,315,0,Mycom Group Inc,0,0,0
19991014,33675,MYCO',OTC,0.25,0.25,0,0,Mycom Group Inc,0,0,0
19991015,33675,MYCO',OTC,0.3125,0.3125,50,0,Mycom Group Inc,0,0,0
19991018,33675,MYCO',OTC,0.3125,0.3125,0,0,Mycom Group Inc,0,0,0
19991019,33675,MYCO',OTC,0.25,0.25,70,0,Mycom Group Inc,0,0,0
19991020,33675,MYCO',OTC,0.25,0.25,0,0,Mycom Group Inc,0,0,0
19991021,33675,MYCO',OTC,0.25,0.25,0,0,Mycom Group Inc,0,0,0
19991022,33675,MYCO',OTC,0.1875,0.1875,25,0,Mycom Group Inc,0,0,0
19991025,33675,MYCO',OTC,0.125,0.125,150,0,Mycom Group Inc,0,0,0
19991026,33675,MYCO',OTC,0.125,0.125,0,0,Mycom Group Inc,0,0,0
19991027,33675,MYCO',OTC,0.125,0.125,0,0,Mycom Group Inc,0,0,0
19991028,33675,MYCO',OTC,0.125,0.125,0,0,Mycom Group Inc,0,0,0
19991029,33675,MYCO',OTC,0.1875,0.1875,58,0,Mycom Group Inc,0,0,0
19991101,33675,MYCO',OTC,0.1875,0.1875,49,0,Mycom Group Inc,0,0,0
19991102,33675,MYCO',OTC,0.1875,0.1875,0,0,Mycom Group Inc,0,0,0
19991103,33675,MYCO',OTC,0.1875,0.1875,0,0,Mycom Group Inc,0,0,0
19991104,33675,MYCO',OTC,0.1875,0.1875,0,0,Mycom Group Inc,0,0,0
19991105,33675,MYCO',OTC,0.1875,0.1875,0,0,Mycom Group Inc,0,0,0
19991108,33675,MYCO',OTC,0.140625,0.140625,300,0,Mycom Group Inc,0,0,0
19991109,33675,MYCO',OTC,0.140625,0.140625,0,0,Mycom Group Inc,0,0,0
19991110,33675,MYCO',OTC,0.140625,0.140625,0,0,Mycom Group Inc,0,0,0
19991111,33675,MYCO',OTC,0.125,0.125,50,0,Mycom Group Inc,0,0,0
19991112,33675,MYCO',OTC,0.125,0.125,0,0,Mycom Group Inc,0,0,0
19991115,33675,MYCO',OTC,0.125,0.125,0,0,Mycom Group Inc,0,0,0
19991116,33675,MYCO',OTC,0.125,0.125,0,0,Mycom Group Inc,0,0,0
19991117,33675,MYCO',OTC,0.203125,0.203125,501,0,Mycom Group Inc,0,0,0
19991118,33675,MYCO',OTC,0.28125,0.28125,100,0,Mycom Group Inc,0,0,0
19991119,33675,MYCO',OTC,0.1875,0.1875,450,0,Mycom Group Inc,0,0,0
19991122,33675,MYCO',OTC,0.28125,0.28125,120,0,Mycom Group Inc,0,0,0
19991123,33675,MYCO',OTC,0.21875,0.21875,250,0,Mycom Group Inc,0,0,0
19991124,33675,MYCO',OTC,0.1875,0.1875,100,0,Mycom Group Inc,0,0,0
19991126,33675,MYCO',OTC,0.25,0.25,133,0,Mycom Group Inc,0,0,0
19991129,33675,MYCO',OTC,0.28125,0.28125,150,0,Mycom Group Inc,0,0,0
19991130,33675,MYCO',OTC,0.28125,0.28125,0,0,Mycom Group Inc,0,0,0
19991201,33675,MYCO',OTC,0.28125,0.28125,0,0,Mycom Group Inc,0,0,0
19991202,33675,MYCO',OTC,0.28125,0.28125,0,0,Mycom Group Inc,0,0,0
19991203,33675,MYCO',OTC,0.375,0.375,390,0,Mycom Group Inc,0,0,0
19991206,33675,MYCO',OTC,0.4375,0.4375,769,0,Mycom Group Inc,0,0,0
19991207,33675,MYCO',OTC,0.3125,0.3125,881,0,Mycom Group Inc,0,0,0
19991208,33675,MYCO',OTC,0.3125,0.3125,30,0,Mycom Group Inc,0,0,0
19991209,33675,MYCO',OTC,0.3125,0.3125,0,0,Mycom Group Inc,0,0,0
19991210,33675,MYCO',OTC,0.3125,0.3125,0,0,Mycom Group Inc,0,0,0
19991213,33675,MYCO',OTC,0.3125,0.3125,43,0,Mycom Group Inc,0,0,0
19991214,33675,MYCO',OTC,0.3125,0.3125,0,0,Mycom Group Inc,0,0,0
19991215,33675,MYCO',OTC,0.3125,0.3125,0,0,Mycom Group Inc,0,0,0
19991216,33675,MYCO',OTC,0.3125,0.3125,166,0,Mycom Group Inc,0,0,0
19991217,33675,MYCO',OTC,0.3125,0.3125,0,0,Mycom Group Inc,0,0,0
19991220,33675,MYCO',OTC,0.375,0.375,10,0,Mycom Group Inc,0,0,0
19991221,33675,MYCO',OTC,0.375,0.375,10,0,Mycom Group Inc,0,0,0
19991222,33675,MYCO',OTC,0.375,0.375,0,0,Mycom Group Inc,0,0,0
19991223,33675,MYCO',OTC,0.375,0.375,55,0,Mycom Group Inc,0,0,0
19991227,33675,MYCO',OTC,0.375,0.375,0,0,Mycom Group Inc,0,0,0
19991228,33675,MYCO',OTC,0.375,0.375,0,0,Mycom Group Inc,0,0,0
19991229,33675,MYCO',OTC,0.375,0.375,100,0,Mycom Group Inc,0,0,0
19991230,33675,MYCO',OTC,0.375,0.375,0,0,Mycom Group Inc,0,0,0
19991231,33675,MYCO',OTC,0.375,0.375,0,0,Mycom Group Inc,0,0,0
20000103,33675,MYCO',OTC,0.375,0.375,318,0,Mycom Group Inc,0,0,0
20000104,33675,MYCO',OTC,0.375,0.375,0,0,Mycom Group Inc,0,0,0
20000105,33675,MYCO',OTC,0.34375,0.34375,478,0,Mycom Group Inc,0,0,0
20000106,33675,MYCO',OTC,0.34375,0.34375,0,0,Mycom Group Inc,0,0,0
20000107,33675,MYCO',OTC,0.375,0.375,259,0,Mycom Group Inc,0,0,0
20000110,33675,MYCO',OTC,0.375,0.375,0,0,Mycom Group Inc,0,0,0
20000111,33675,MYCO',OTC,0.34375,0.34375,402,0,Mycom Group Inc,0,0,0
20000112,33675,MYCO',OTC,0.265625,0.265625,855,0,Mycom Group Inc,0,0,0
20000113,33675,MYCO',OTC,0.34375,0.34375,117,0,Mycom Group Inc,0,0,0
20000114,33675,MYCO',OTC,0.28125,0.28125,275,0,Mycom Group Inc,0,0,0
20000118,33675,MYCO',OTC,0.625,0.625,470,0,Mycom Group Inc,0,0,0
20000119,33675,MYCO',OTC,0.4375,0.4375,480,0,Mycom Group Inc,0,0,0
20000120,33675,MYCO',OTC,0.5,0.5,70,0,Mycom Group Inc,0,0,0
20000121,33675,MYCO',OTC,0.5,0.5,0,0,Mycom Group Inc,0,0,0
20000124,33675,MYCO',OTC,0.4375,0.4375,260,0,Mycom Group Inc,0,0,0
20000125,33675,MYCO',OTC,0.4375,0.4375,60,0,Mycom Group Inc,0,0,0
20000126,33675,MYCO',OTC,0.4375,0.4375,377,0,Mycom Group Inc,0,0,0
20000127,33675,MYCO',OTC,0.4375,0.4375,0,0,Mycom Group Inc,0,0,0
20000128,33675,MYCO',OTC,0.625,0.625,1035,0,Mycom Group Inc,0,0,0
20000131,33675,MYCO',OTC,0.625,0.625,126,0,Mycom Group Inc,0,0,0
20000201,33675,MYCO',OTC,0.6875,0.6875,252,0,Mycom Group Inc,0,0,0
20000202,33675,MYCO',OTC,0.6875,0.6875,226,0,Mycom Group Inc,0,0,0
20000203,33675,MYCO',OTC,0.75,0.75,373,0,Mycom Group Inc,0,0,0
20000204,33675,MYCO',OTC,0.875,0.875,751,0,Mycom Group Inc,0,0,0
20000207,33675,MYCO',OTC,1.03125,1.03125,2034,0,Mycom Group Inc,0,0,0
20000208,33675,MYCO',OTC,1,1,2562,0,Mycom Group Inc,0,0,0
20000209,33675,MYCO',OTC,0.90625,0.90625,445,0,Mycom Group Inc,0,0,0
20000210,33675,MYCO',OTC,0.875,0.875,515,0,Mycom Group Inc,0,0,0
20000211,33675,MYCO',OTC,0.9375,0.9375,120,0,Mycom Group Inc,0,0,0
20000214,33675,MYCO',OTC,1,1,463,0,Mycom Group Inc,0,0,0
20000215,33675,MYCO',OTC,0.875,0.875,339,0,Mycom Group Inc,0,0,0
20000216,33675,MYCO',OTC,0.875,0.875,0,0,Mycom Group Inc,0,0,0
20000217,33675,MYCO',OTC,0.8125,0.8125,225,0,Mycom Group Inc,0,0,0
20000218,33675,MYCO',OTC,0.75,0.75,274,0,Mycom Group Inc,0,0,0
20000222,33675,MYCO',OTC,0.796875,0.796875,173,0,Mycom Group Inc,0,0,0
20000223,33675,MYCO',OTC,0.5,0.5,400,0,Mycom Group Inc,0,0,0
20000224,33675,MYCO',OTC,0.625,0.625,150,0,Mycom Group Inc,0,0,0
20000225,33675,MYCO',OTC,0.625,0.625,0,0,Mycom Group Inc,0,0,0
20000228,33675,MYCO',OTC,0.625,0.625,0,0,Mycom Group Inc,0,0,0
20000229,33675,MYCO',OTC,0.5625,0.5625,95,0,Mycom Group Inc,0,0,0
20000301,33675,MYCO',OTC,0.625,0.625,280,0,Mycom Group Inc,0,0,0
20000302,33675,MYCO',OTC,0.5625,0.5625,142,0,Mycom Group Inc,0,0,0
20000303,33675,MYCO',OTC,0.5625,0.5625,132,0,Mycom Group Inc,0,0,0
20000306,33675,MYCO',OTC,0.4375,0.4375,210,0,Mycom Group Inc,0,0,0
20000307,33675,MYCO',OTC,0.5,0.5,20,0,Mycom Group Inc,0,0,0
20000308,33675,MYCO',OTC,0.5625,0.5625,306,0,Mycom Group Inc,0,0,0
20000309,33675,MYCO',OTC,0.5,0.5,180,0,Mycom Group Inc,0,0,0
20000310,33675,MYCO',OTC,0.5,0.5,4,0,Mycom Group Inc,0,0,0
20000313,33675,MYCO',OTC,0.5,0.5,396,0,Mycom Group Inc,0,0,0
20000314,33675,MYCO',OTC,1.875,1.875,9020,0,Mycom Group Inc,0,0,0
20000315,33675,MYCO',OTC,1.84375,1.84375,3536,0,Mycom Group Inc,0,0,0
20000316,33675,MYCO',OTC,2.125,2.125,2103,0,Mycom Group Inc,0,0,0
20000317,33675,MYCO',OTC,2.375,2.375,1882,0,Mycom Group Inc,0,0,0
20000320,33675,MYCO',OTC,3.625,3.625,5114,0,Mycom Group Inc,0,0,0
20000321,33675,MYCO',OTC,3.5,3.5,3183,0,Mycom Group Inc,0,0,0
20000322,33675,MYCO',OTC,2.25,2.25,5546,0,Mycom Group Inc,0,0,0
20000323,33675,MYCO',OTC,2.25,2.25,1074,0,Mycom Group Inc,0,0,0
20000324,33675,MYCO',OTC,2.125,2.125,950,0,Mycom Group Inc,0,0,0
20000327,33675,MYCO',OTC,2.125,2.125,773,0,Mycom Group Inc,0,0,0
20000328,33675,MYCO',OTC,1.9375,1.9375,1151,0,Mycom Group Inc,0,0,0
20000329,33675,MYCO',OTC,2.25,2.25,843,0,Mycom Group Inc,0,0,0
20000330,33675,MYCO',OTC,2.0625,2.0625,110,0,Mycom Group Inc,0,0,0
20000331,33675,MYCO',OTC,1.9375,1.9375,96,0,Mycom Group Inc,0,0,0
20000403,33675,MYCO',OTC,1.75,1.75,400,0,Mycom Group Inc,0,0,0
20000404,33675,MYCO',OTC,1.125,1.125,778,0,Mycom Group Inc,0,0,0
20000405,33675,MYCO',OTC,1.25,1.25,368,0,Mycom Group Inc,0,0,0
20000406,33675,MYCO',OTC,0.875,0.875,181,0,Mycom Group Inc,0,0,0
20000407,33675,MYCO',OTC,1.125,1.125,280,0,Mycom Group Inc,0,0,0
20000410,33675,MYCO',OTC,1.125,1.125,115,0,Mycom Group Inc,0,0,0
20000411,33675,MYCO',OTC,1.25,1.25,125,0,Mycom Group Inc,0,0,0
20000412,33675,MYCO',OTC,0.875,0.875,261,0,Mycom Group Inc,0,0,0
20000413,33675,MYCO',OTC,1.0625,1.0625,181,0,Mycom Group Inc,0,0,0
20000414,33675,MYCO',OTC,1.0625,1.0625,253,0,Mycom Group Inc,0,0,0
20000417,33675,MYCO',OTC,1.0625,1.0625,498,0,Mycom Group Inc,0,0,0
20000418,33675,MYCO',OTC,0.6875,0.6875,130,0,Mycom Group Inc,0,0,0
20000419,33675,MYCO',OTC,0.65625,0.65625,300,0,Mycom Group Inc,0,0,0
20000420,33675,MYCO',OTC,0.6875,0.6875,27,0,Mycom Group Inc,0,0,0
20000424,33675,MYCO',OTC,0.875,0.875,664,0,Mycom Group Inc,0,0,0
20000425,33675,MYCO',OTC,0.765625,0.765625,117,0,Mycom Group Inc,0,0,0
20000426,33675,MYCO',OTC,0.6875,0.6875,40,0,Mycom Group Inc,0,0,0
20000427,33675,MYCO',OTC,0.875,0.875,127,0,Mycom Group Inc,0,0,0
20000428,33675,MYCO',OTC,0.75,0.75,151,0,Mycom Group Inc,0,0,0
20000501,33675,MYCO',OTC,0.9375,0.9375,859,0,Mycom Group Inc,0,0,0
20000502,33675,MYCO',OTC,1.21875,1.21875,815,0,Mycom Group Inc,0,0,0
20000503,33675,MYCO',OTC,2,2,1883,0,Mycom Group Inc,0,0,0
20000504,33675,MYCO',OTC,1.625,1.625,1629,0,Mycom Group Inc,0,0,0
20000505,33675,MYCO',OTC,2,2,1623,0,Mycom Group Inc,0,0,0
20000508,33675,MYCO',OTC,2.125,2.125,469,0,Mycom Group Inc,0,0,0
20000509,33675,MYCO',OTC,1.5625,1.5625,909,0,Mycom Group Inc,0,0,0
20000510,33675,MYCO',OTC,2.4375,2.4375,1848,0,Mycom Group Inc,0,0,0
20000511,33675,MYCO',OTC,2.5,2.5,381,0,Mycom Group Inc,0,0,0
20000512,33675,MYCO',OTC,2,2,1036,0,Mycom Group Inc,0,0,0
20000515,33675,MYCO',OTC,2.1875,2.1875,166,0,Mycom Group Inc,0,0,0
20000516,33675,MYCO',OTC,2,2,119,0,Mycom Group Inc,0,0,0
20000517,33675,MYCO',OTC,2,2,170,0,Mycom Group Inc,0,0,0
20000518,33675,MYCO',OTC,2.1875,2.1875,221,0,Mycom Group Inc,0,0,0
20000519,33675,MYCO',OTC,2.1875,2.1875,154,0,Mycom Group Inc,0,0,0
20000522,33675,MYCO',OTC,1.9375,1.9375,225,0,Mycom Group Inc,0,0,0
20000523,33675,MYCO',OTC,1.8125,1.8125,543,0,Mycom Group Inc,0,0,0
20000524,33675,MYCO',OTC,1.3125,1.3125,369,0,Mycom Group Inc,0,0,0
20000525,33675,MYCO',OTC,1.625,1.625,438,0,Mycom Group Inc,0,0,0
20000526,33675,MYCO',OTC,1.4375,1.4375,550,0,Mycom Group Inc,0,0,0
20000530,33675,MYCO',OTC,1.5,1.5,260,0,Mycom Group Inc,0,0,0
20000531,33675,MYCO',OTC,2,2,485,0,Mycom Group Inc,0,0,0
20000601,33675,MYCO',OTC,2,2,130,0,Mycom Group Inc,0,0,0
20000602,33675,MYCO',OTC,2,2,119,0,Mycom Group Inc,0,0,0
20000605,33675,MYCO',OTC,2.1875,2.1875,719,0,Mycom Group Inc,0,0,0
20000606,33675,MYCO',OTC,2.3125,2.3125,377,0,Mycom Group Inc,0,0,0
20000607,33675,MYCO',OTC,2.125,2.125,288,0,Mycom Group Inc,0,0,0
20000608,33675,MYCO',OTC,2.75,2.75,1153,0,Mycom Group Inc,0,0,0
20000609,33675,MYCO',OTC,2.6875,2.6875,1127,0,Mycom Group Inc,0,0,0
20000612,33675,MYCO',OTC,2.9375,2.9375,327,0,Mycom Group Inc,0,0,0
20000613,33675,MYCO',OTC,2.25,2.25,414,0,Mycom Group Inc,0,0,0
20000614,33675,MYCO',OTC,2.1875,2.1875,283,0,Mycom Group Inc,0,0,0
20000615,33675,MYCO',OTC,2.4375,2.4375,243,0,Mycom Group Inc,0,0,0
20000616,33675,MYCO',OTC,2.5,2.5,209,0,Mycom Group Inc,0,0,0
20000619,33675,MYCO',OTC,2.5625,2.5625,120,0,Mycom Group Inc,0,0,0
20000620,33675,MYCO',OTC,2.8125,2.8125,754,0,Mycom Group Inc,0,0,0
20000621,33675,MYCO',OTC,2.5625,2.5625,271,0,Mycom Group Inc,0,0,0
20000622,33675,MYCO',OTC,3.0625,3.0625,1309,0,Mycom Group Inc,0,0,0
20000623,33675,MYCO',OTC,3,3,89,0,Mycom Group Inc,0,0,0
20000626,33675,MYCO',OTC,2.875,2.875,312,0,Mycom Group Inc,0,0,0
20000627,33675,MYCO',OTC,2.6875,2.6875,277,0,Mycom Group Inc,0,0,0
20000628,33675,MYCO',OTC,2.78125,2.78125,1283,0,Mycom Group Inc,0,0,0
20000629,33675,MYCO',OTC,2.1875,2.1875,753,0,Mycom Group Inc,0,0,0
20000630,33675,MYCO',OTC,2.3125,2.3125,810,0,Mycom Group Inc,0,0,0
20000703,33675,MYCO',OTC,2.25,2.25,80,0,Mycom Group Inc,0,0,0
20000705,33675,MYCO',OTC,2,2,669,0,Mycom Group Inc,0,0,0
20000706,33675,MYCO',OTC,2.375,2.375,519,0,Mycom Group Inc,0,0,0
20000707,33675,MYCO',OTC,2.1875,2.1875,537,0,Mycom Group Inc,0,0,0
20000710,33675,MYCO',OTC,2.1875,2.1875,325,0,Mycom Group Inc,0,0,0
20000711,33675,MYCO',OTC,2.0625,2.0625,207,0,Mycom Group Inc,0,0,0
20000712,33675,MYCO',OTC,1.875,1.875,208,0,Mycom Group Inc,0,0,0
20000713,33675,MYCO',OTC,2,2,94,0,Mycom Group Inc,0,0,0
20000714,33675,MYCO',OTC,2.125,2.125,233,0,Mycom Group Inc,0,0,0
20000717,33675,MYCO',OTC,2.4375,2.4375,179,0,Mycom Group Inc,0,0,0
20000718,33675,MYCO',OTC,1.9375,1.9375,417,0,Mycom Group Inc,0,0,0
20000719,33675,MYCO',OTC,1.9375,1.9375,146,0,Mycom Group Inc,0,0,0
20000720,33675,MYCO',OTC,2,2,66,0,Mycom Group Inc,0,0,0
20000721,33675,MYCO',OTC,1.9375,1.9375,505,0,Mycom Group Inc,0,0,0
20000724,33675,MYCO',OTC,2.0625,2.0625,386,0,Mycom Group Inc,0,0,0
20000725,33675,MYCO',OTC,2,2,135,0,Mycom Group Inc,0,0,0
20000726,33675,MYCO',OTC,1.9375,1.9375,992,0,Mycom Group Inc,0,0,0
20000727,33675,MYCO',OTC,2.3125,2.3125,1172,0,Mycom Group Inc,0,0,0
20000728,33675,MYCO',OTC,2,2,1761,0,Mycom Group Inc,0,0,0
20000731,33675,MYCO',OTC,2.125,2.125,982,0,Mycom Group Inc,0,0,0
20000801,33675,MYCO',OTC,2.25,2.25,426,0,Mycom Group Inc,0,0,0
20000802,33675,MYCO',OTC,2.4375,2.4375,224,0,Mycom Group Inc,0,0,0
20000803,33675,MYCO',OTC,2.3125,2.3125,291,0,Mycom Group Inc,0,0,0
20000804,33675,MYCO',OTC,2.125,2.125,325,0,Mycom Group Inc,0,0,0
20000807,33675,MYCO',OTC,2.25,2.25,363,0,Mycom Group Inc,0,0,0
20000808,33675,MYCO',OTC,2.4375,2.4375,2697,0,Mycom Group Inc,0,0,0
20000809,33675,MYCO',OTC,1.90625,1.90625,1435,0,Mycom Group Inc,0,0,0
20000810,33675,MYCO',OTC,1.875,1.875,93,0,Mycom Group Inc,0,0,0
20000811,33675,MYCO',OTC,2.0625,2.0625,2,0,Mycom Group Inc,0,0,0
20000814,33675,MYCO',OTC,2,2,57,0,Mycom Group Inc,0,0,0
20000815,33675,MYCO',OTC,1.78125,1.78125,342,0,Mycom Group Inc,0,0,0
20000816,33675,MYCO',OTC,2.125,2.125,362,0,Mycom Group Inc,0,0,0
20000817,33675,MYCO',OTC,2.0625,2.0625,97,0,Mycom Group Inc,0,0,0
20000818,33675,MYCO',OTC,1.6875,1.6875,1952,0,Mycom Group Inc,0,0,0
20000821,33675,MYCO',OTC,1.5625,1.5625,165,0,Mycom Group Inc,0,0,0
20000822,33675,MYCO',OTC,0.96875,0.96875,2670,0,Mycom Group Inc,0,0,0
20000823,33675,MYCO',OTC,1.375,1.375,4958,0,Mycom Group Inc,0,0,0
20000824,33675,MYCO',OTC,1.5,1.5,2795,0,Mycom Group Inc,0,0,0
20000825,33675,MYCO',OTC,1.5,1.5,913,0,Mycom Group Inc,0,0,0
20000828,33675,MYCO',OTC,1.375,1.375,217,0,Mycom Group Inc,0,0,0
20000829,33675,MYCO',OTC,1.5,1.5,412,0,Mycom Group Inc,0,0,0
20000830,33675,MYCO',OTC,2,2,968,0,Mycom Group Inc,0,0,0
20000831,33675,MYCO',OTC,2.25,2.25,595,0,Mycom Group Inc,0,0,0
20000901,33675,MYCO',OTC,2.25,2.25,384,0,Mycom Group Inc,0,0,0
20000905,33675,MYCO',OTC,2.0625,2.0625,275,0,Mycom Group Inc,0,0,0
20000906,33675,MYCO',OTC,1.8125,1.8125,602,0,Mycom Group Inc,0,0,0
20000907,33675,MYCO',OTC,1.15625,1.15625,1878,0,Mycom Group Inc,0,0,0
20000908,33675,MYCO',OTC,1.375,1.375,965,0,Mycom Group Inc,0,0,0
20000911,33675,MYCO',OTC,1.1875,1.1875,1202,0,Mycom Group Inc,0,0,0
20000912,33675,MYCO',OTC,1.3125,1.3125,325,0,Mycom Group Inc,0,0,0
20000913,33675,MYCO',OTC,1.6875,1.6875,1959,0,Mycom Group Inc,0,0,0
20000914,33675,MYCO',OTC,1.5625,1.5625,296,0,Mycom Group Inc,0,0,0
20000915,33675,MYCO',OTC,1.5,1.5,355,0,Mycom Group Inc,0,0,0
20000918,33675,MYCO',OTC,1.65625,1.65625,389,0,Mycom Group Inc,0,0,0
20000919,33675,MYCO',OTC,1.34375,1.34375,501,0,Mycom Group Inc,0,0,0
20000920,33675,MYCO',OTC,1.375,1.375,108,0,Mycom Group Inc,0,0,0
20000921,33675,MYCO',OTC,1.28125,1.28125,490,0,Mycom Group Inc,0,0,0
20000922,33675,MYCO',OTC,1.125,1.125,248,0,Mycom Group Inc,0,0,0
20000925,33675,MYCO',OTC,1.375,1.375,555,0,Mycom Group Inc,0,0,0
20000926,33675,MYCO',OTC,1.1875,1.1875,218,0,Mycom Group Inc,0,0,0
20000927,33675,MYCO',OTC,1.203125,1.203125,302,0,Mycom Group Inc,0,0,0
20000928,33675,MYCO',OTC,1.3125,1.3125,448,0,Mycom Group Inc,0,0,0
20000929,33675,MYCO',OTC,1.25,1.25,178,0,Mycom Group Inc,0,0,0
20001002,33675,MYCO',OTC,1.125,1.125,145,0,Mycom Group Inc,0,0,0
20001003,33675,MYCO',OTC,0.9375,0.9375,103,0,Mycom Group Inc,0,0,0
20001004,33675,MYCO',OTC,1.25,1.25,19,0,Mycom Group Inc,0,0,0
20001005,33675,MYCO',OTC,1.4375,1.4375,1046,0,Mycom Group Inc,0,0,0
20001006,33675,MYCO',OTC,1.375,1.375,87,0,Mycom Group Inc,0,0,0
20001009,33675,MYCO',OTC,1.0625,1.0625,331,0,Mycom Group Inc,0,0,0
20001010,33675,MYCO',OTC,1.0625,1.0625,277,0,Mycom Group Inc,0,0,0
20001011,33675,MYCO',OTC,1.09375,1.09375,791,0,Mycom Group Inc,0,0,0
20001012,33675,MYCO',OTC,1.0625,1.0625,575,0,Mycom Group Inc,0,0,0
20001013,33675,MYCO',OTC,0.96875,0.96875,436,0,Mycom Group Inc,0,0,0
20001016,33675,MYCO',OTC,0.875,0.875,392,0,Mycom Group Inc,0,0,0
20001017,33675,MYCO',OTC,0.78125,0.78125,711,0,Mycom Group Inc,0,0,0
20001018,33675,MYCO',OTC,0.8125,0.8125,251,0,Mycom Group Inc,0,0,0
20001019,33675,MYCO',OTC,0.75,0.75,384,0,Mycom Group Inc,0,0,0
20001020,33675,MYCO',OTC,0.75,0.75,242,0,Mycom Group Inc,0,0,0
20001023,33675,MYCO',OTC,0.6875,0.6875,101,0,Mycom Group Inc,0,0,0
20001024,33675,MYCO',OTC,0.75,0.75,5,0,Mycom Group Inc,0,0,0
20001025,33675,MYCO',OTC,0.75,0.75,131,0,Mycom Group Inc,0,0,0
20001026,33675,MYCO',OTC,0.5625,0.5625,695,0,Mycom Group Inc,0,0,0
20001027,33675,MYCO',OTC,0.5625,0.5625,243,0,Mycom Group Inc,0,0,0
20001030,33675,MYCO',OTC,0.5625,0.5625,47,0,Mycom Group Inc,0,0,0
20001031,33675,MYCO',OTC,0.4375,0.4375,239,0,Mycom Group Inc,0,0,0
20001101,33675,MYCO',OTC,0.40625,0.40625,766,0,Mycom Group Inc,0,0,0
20001102,33675,MYCO',OTC,0.40625,0.40625,405,0,Mycom Group Inc,0,0,0
20001103,33675,MYCO',OTC,0.40625,0.40625,43,0,Mycom Group Inc,0,0,0
20001106,33675,MYCO',OTC,0.4375,0.4375,294,0,Mycom Group Inc,0,0,0
20001107,33675,MYCO',OTC,0.40625,0.40625,203,0,Mycom Group Inc,0,0,0
20001108,33675,MYCO',OTC,0.515625,0.515625,381,0,Mycom Group Inc,0,0,0
20001109,33675,MYCO',OTC,0.484375,0.484375,135,0,Mycom Group Inc,0,0,0
20001110,33675,MYCO',OTC,0.5,0.5,172,0,Mycom Group Inc,0,0,0
20001113,33675,MYCO',OTC,0.5,0.5,24,0,Mycom Group Inc,0,0,0
20001114,33675,MYCO',OTC,0.4375,0.4375,62,0,Mycom Group Inc,0,0,0
20001115,33675,MYCO',OTC,0.34375,0.34375,362,0,Mycom Group Inc,0,0,0
20001116,33675,MYCO',OTC,0.34375,0.34375,315,0,Mycom Group Inc,0,0,0
20001117,33675,MYCO',OTC,0.375,0.375,187,0,Mycom Group Inc,0,0,0
20001120,33675,MYCO',OTC,0.4375,0.4375,71,0,Mycom Group Inc,0,0,0
20001121,33675,MYCO',OTC,0.25,0.25,569,0,Mycom Group Inc,0,0,0
20001122,33675,MYCO',OTC,0.25,0.25,684,0,Mycom Group Inc,0,0,0
20001124,33675,MYCO',OTC,0.21875,0.21875,59,0,Mycom Group Inc,0,0,0
20001127,33675,MYCO',OTC,0.25,0.25,71,0,Mycom Group Inc,0,0,0
20001128,33675,MYCO',OTC,0.21875,0.21875,255,0,Mycom Group Inc,0,0,0
20001129,33675,MYCO',OTC,0.3125,0.3125,265,0,Mycom Group Inc,0,0,0
20001130,33675,MYCO',OTC,0.25,0.25,581,0,Mycom Group Inc,0,0,0
20001201,33675,MYCO',OTC,0.25,0.25,0,0,Mycom Group Inc,0,0,0
20001204,33675,MYCO',OTC,0.25,0.25,185,0,Mycom Group Inc,0,0,0
20001205,33675,MYCO',OTC,0.21875,0.21875,221,0,Mycom Group Inc,0,0,0
20001206,33675,MYCO',OTC,0.25,0.25,10,0,Mycom Group Inc,0,0,0
20001207,33675,MYCO',OTC,0.25,0.25,0,0,Mycom Group Inc,0,0,0
20001208,33675,MYCO',OTC,0.25,0.25,44,0,Mycom Group Inc,0,0,0
20001211,33675,MYCO',OTC,0.21875,0.21875,140,0,Mycom Group Inc,0,0,0
20001212,33675,MYCO',OTC,0.21875,0.21875,44,0,Mycom Group Inc,0,0,0
20001213,33675,MYCO',OTC,0.296875,0.296875,317,0,Mycom Group Inc,0,0,0
20001214,33675,MYCO',OTC,0.3125,0.3125,112,0,Mycom Group Inc,0,0,0
20001215,33675,MYCO',OTC,0.3125,0.3125,160,0,Mycom Group Inc,0,0,0
20001218,33675,MYCO',OTC,0.3125,0.3125,100,0,Mycom Group Inc,0,0,0
20001219,33675,MYCO',OTC,0.25,0.25,150,0,Mycom Group Inc,0,0,0
20001220,33675,MYCO',OTC,0.21875,0.21875,170,0,Mycom Group Inc,0,0,0
20001221,33675,MYCO',OTC,0.25,0.25,35,0,Mycom Group Inc,0,0,0
20001222,33675,MYCO',OTC,0.21875,0.21875,885,0,Mycom Group Inc,0,0,0
20001226,33675,MYCO',OTC,0.1875,0.1875,200,0,Mycom Group Inc,0,0,0
20001227,33675,MYCO',OTC,0.203125,0.203125,152,0,Mycom Group Inc,0,0,0
20001228,33675,MYCO',OTC,0.1875,0.1875,638,0,Mycom Group Inc,0,0,0
20001229,33675,MYCO',OTC,0.1875,0.1875,1300,0,Mycom Group Inc,0,0,0
20010102,33675,MYCO',OTC,0.1875,0.1875,492,0,Mycom Group Inc,0,0,0
20010103,33675,MYCO',OTC,0.21875,0.21875,74,0,Mycom Group Inc,0,0,0
20010104,33675,MYCO',OTC,0.15625,0.15625,50,0,Mycom Group Inc,0,0,0
20010105,33675,MYCO',OTC,0.21875,0.21875,35,0,Mycom Group Inc,0,0,0
20010108,33675,MYCO',OTC,0.15625,0.15625,1,0,Mycom Group Inc,0,0,0
20010109,33675,MYCO',OTC,0.171875,0.171875,636,0,Mycom Group Inc,0,0,0
20010110,33675,MYCO',OTC,0.15625,0.15625,1661,0,Mycom Group Inc,0,0,0
20010111,33675,MYCO',OTC,0.125,0.125,115,0,Mycom Group Inc,0,0,0
20010112,33675,MYCO',OTC,0.125,0.125,564,0,Mycom Group Inc,0,0,0
20010116,33675,MYCO',OTC,0.125,0.125,0,0,Mycom Group Inc,0,0,0
20010117,33675,MYCO',OTC,0.125,0.125,899,0,Mycom Group Inc,0,0,0
20010118,33675,MYCO',OTC,0.203125,0.203125,362,0,Mycom Group Inc,0,0,0
20010119,33675,MYCO',OTC,0.3125,0.3125,850,0,Mycom Group Inc,0,0,0
20010122,33675,MYCO',OTC,0.40625,0.40625,988,0,Mycom Group Inc,0,0,0
20010123,33675,MYCO',OTC,0.515625,0.515625,909,0,Mycom Group Inc,0,0,0
20010124,33675,MYCO',OTC,0.5,0.5,926,0,Mycom Group Inc,0,0,0
20010125,33675,MYCO',OTC,0.375,0.375,405,0,Mycom Group Inc,0,0,0
20010126,33675,MYCO',OTC,0.4375,0.4375,406,0,Mycom Group Inc,0,0,0
20010129,33675,MYCO',OTC,0.421875,0.421875,275,0,Mycom Group Inc,0,0,0
20010130,33675,MYCO',OTC,0.375,0.375,315,0,Mycom Group Inc,0,0,0
20010131,33675,MYCO',OTC,0.40625,0.40625,593,0,Mycom Group Inc,0,0,0
20010201,33675,MYCO',OTC,0.515625,0.515625,520,0,Mycom Group Inc,0,0,0
20010202,33675,MYCO',OTC,0.484375,0.484375,436,0,Mycom Group Inc,0,0,0
20010205,33675,MYCO',OTC,0.375,0.375,90,0,Mycom Group Inc,0,0,0
20010206,33675,MYCO',OTC,0.40625,0.40625,369,0,Mycom Group Inc,0,0,0
20010207,33675,MYCO',OTC,0.375,0.375,300,0,Mycom Group Inc,0,0,0
20010208,33675,MYCO',OTC,0.375,0.375,10,0,Mycom Group Inc,0,0,0
20010209,33675,MYCO',OTC,0.375,0.375,230,0,Mycom Group Inc,0,0,0
20010212,33675,MYCO',OTC,0.28125,0.28125,130,0,Mycom Group Inc,0,0,0
20010213,33675,MYCO',OTC,0.34375,0.34375,330,0,Mycom Group Inc,0,0,0
20010214,33675,MYCO',OTC,0.3125,0.3125,515,0,Mycom Group Inc,0,0,0
20010215,33675,MYCO',OTC,0.6875,0.6875,855,0,Mycom Group Inc,0,0,0
20010216,33675,MYCO',OTC,0.46875,0.46875,517,0,Mycom Group Inc,0,0,0
20010220,33675,MYCO',OTC,0.5,0.5,350,0,Mycom Group Inc,0,0,0
20010221,33675,MYCO',OTC,0.546875,0.546875,764,0,Mycom Group Inc,0,0,0
20010222,33675,MYCO',OTC,0.5625,0.5625,492,0,Mycom Group Inc,0,0,0
20010223,33675,MYCO',OTC,0.5,0.5,526,0,Mycom Group Inc,0,0,0
20010226,33675,MYCO',OTC,0.34375,0.34375,751,0,Mycom Group Inc,0,0,0
20010227,33675,MYCO',OTC,0.40625,0.40625,950,0,Mycom Group Inc,0,0,0
20010228,33675,MYCO',OTC,0.375,0.375,253,0,Mycom Group Inc,0,0,0
20010301,33675,MYCO',OTC,0.46875,0.46875,155,0,Mycom Group Inc,0,0,0
20010302,33675,MYCO',OTC,0.40625,0.40625,1180,0,Mycom Group Inc,0,0,0
20010305,33675,MYCO',OTC,0.5,0.5,1151,0,Mycom Group Inc,0,0,0
20010306,33675,MYCO',OTC,0.34375,0.34375,808,0,Mycom Group Inc,0,0,0
20010307,33675,MYCO',OTC,0.40625,0.40625,155,0,Mycom Group Inc,0,0,0
20010308,33675,MYCO',OTC,0.390625,0.390625,757,0,Mycom Group Inc,0,0,0
20010309,33675,MYCO',OTC,0.3125,0.3125,1438,0,Mycom Group Inc,0,0,0
20010312,33675,MYCO',OTC,0.296875,0.296875,1070,0,Mycom Group Inc,0,0,0
20010313,33675,MYCO',OTC,0.296875,0.296875,392,0,Mycom Group Inc,0,0,0
20010314,33675,MYCO',OTC,0.21875,0.21875,1106,0,Mycom Group Inc,0,0,0
20010315,33675,MYCO',OTC,0.25,0.25,560,0,Mycom Group Inc,0,0,0
20010316,33675,MYCO',OTC,0.25,0.25,117,0,Mycom Group Inc,0,0,0
20010319,33675,MYCO',OTC,0.234375,0.234375,188,0,Mycom Group Inc,0,0,0
20010320,33675,MYCO',OTC,0.203125,0.203125,189,0,Mycom Group Inc,0,0,0
20010321,33675,MYCO',OTC,0.1875,0.1875,488,0,Mycom Group Inc,0,0,0
20010322,33675,MYCO',OTC,0.1875,0.1875,387,0,Mycom Group Inc,0,0,0
20010323,33675,MYCO',OTC,0.203125,0.203125,418,0,Mycom Group Inc,0,0,0
20010326,33675,MYCO',OTC,0.1875,0.1875,85,0,Mycom Group Inc,0,0,0
20010327,33675,MYCO',OTC,0.171875,0.171875,345,0,Mycom Group Inc,0,0,0
20010328,33675,MYCO',OTC,0.234375,0.234375,519,0,Mycom Group Inc,0,0,0
20010329,33675,MYCO',OTC,0.171875,0.171875,301,0,Mycom Group Inc,0,0,0
20010330,33675,MYCO',OTC,0.171875,0.171875,325,0,Mycom Group Inc,0,0,0
20010402,33675,MYCO',OTC,0.125,0.125,1170,0,Mycom Group Inc,0,0,0
20010403,33675,MYCO',OTC,0.125,0.125,1198,0,Mycom Group Inc,0,0,0
20010404,33675,MYCO',OTC,0.125,0.125,222,0,Mycom Group Inc,0,0,0
20010405,33675,MYCO',OTC,0.125,0.125,438,0,Mycom Group Inc,0,0,0
20010406,33675,MYCO',OTC,0.109375,0.109375,420,0,Mycom Group Inc,0,0,0
20010409,33675,MYCO',OTC,0.18,0.18,312,0,Mycom Group Inc,0,0,0
20010410,33675,MYCO',OTC,0.34,0.34,973,0,Mycom Group Inc,0,0,0
20010411,33675,MYCO',OTC,0.26,0.26,1107,0,Mycom Group Inc,0,0,0
20010412,33675,MYCO',OTC,0.34,0.34,603,0,Mycom Group Inc,0,0,0
20010416,33675,MYCO',OTC,0.29,0.29,570,0,Mycom Group Inc,0,0,0
20010417,33675,MYCO',OTC,0.26,0.26,1577,0,Mycom Group Inc,0,0,0
20010418,33675,MYCO',OTC,0.24,0.24,853,0,Mycom Group Inc,0,0,0
20010419,33675,MYCO',OTC,0.25,0.25,348,0,Mycom Group Inc,0,0,0
20010420,33675,MYCO',OTC,0.21,0.21,767,0,Mycom Group Inc,0,0,0
20010423,33675,MYCO',OTC,0.15,0.15,519,0,Mycom Group Inc,0,0,0
20010424,33675,MYCO',OTC,0.16,0.16,597,0,Mycom Group Inc,0,0,0
20010425,33675,MYCO',OTC,0.16,0.16,500,0,Mycom Group Inc,0,0,0
20010426,33675,MYCO',OTC,0.16,0.16,1073,0,Mycom Group Inc,0,0,0
20010427,33675,MYCO',OTC,0.15,0.15,932,0,Mycom Group Inc,0,0,0
20010430,33675,MYCO',OTC,0.12,0.12,300,0,Mycom Group Inc,0,0,0
20010501,33675,MYCO',OTC,0.1,0.1,1718,0,Mycom Group Inc,0,0,0
20010502,33675,MYCO',OTC,0.17,0.17,656,0,Mycom Group Inc,0,0,0
20010503,33675,MYCO',OTC,0.14,0.14,525,0,Mycom Group Inc,0,0,0
20010504,33675,MYCO',OTC,0.18,0.18,808,0,Mycom Group Inc,0,0,0
20010507,33675,MYCO',OTC,0.15,0.15,465,0,Mycom Group Inc,0,0,0
20010508,33675,MYCO',OTC,0.13,0.13,320,0,Mycom Group Inc,0,0,0
20010509,33675,MYCO',OTC,0.12,0.12,450,0,Mycom Group Inc,0,0,0
20010510,33675,MYCO',OTC,0.12,0.12,351,0,Mycom Group Inc,0,0,0
20010511,33675,MYCO',OTC,0.12,0.12,236,0,Mycom Group Inc,0,0,0
20010514,33675,MYCO',OTC,0.13,0.13,705,0,Mycom Group Inc,0,0,0
20010515,33675,MYCO',OTC,0.15,0.15,795,0,Mycom Group Inc,0,0,0
20010516,33675,MYCO',OTC,0.14,0.14,408,0,Mycom Group Inc,0,0,0
20010517,33675,MYCO',OTC,0.14,0.14,382,0,Mycom Group Inc,0,0,0
20010518,33675,MYCO',OTC,0.11,0.11,600,0,Mycom Group Inc,0,0,0
20010521,33675,MYCO',OTC,0.13,0.13,1355,0,Mycom Group Inc,0,0,0
20010522,33675,MYCO',OTC,0.12,0.12,452,0,Mycom Group Inc,0,0,0
20010523,33675,MYCO',OTC,0.14,0.14,1757,0,Mycom Group Inc,0,0,0
20010524,33675,MYCO',OTC,0.12,0.12,555,0,Mycom Group Inc,0,0,0
20010525,33675,MYCO',OTC,0.12,0.12,180,0,Mycom Group Inc,0,0,0
20010529,33675,MYCO',OTC,0.12,0.12,150,0,Mycom Group Inc,0,0,0
20010530,33675,MYCO',OTC,0.11,0.11,30,0,Mycom Group Inc,0,0,0
20010531,33675,MYCO',OTC,0.13,0.13,214,0,Mycom Group Inc,0,0,0
20010601,33675,MYCO',OTC,0.11,0.11,135,0,Mycom Group Inc,0,0,0
20010604,33675,MYCO',OTC,0.11,0.11,118,0,Mycom Group Inc,0,0,0
20010605,33675,MYCO',OTC,0.11,0.11,0,0,Mycom Group Inc,0,0,0
20010606,33675,MYCO',OTC,0.11,0.11,50,0,Mycom Group Inc,0,0,0
20010607,33675,MYCO',OTC,0.11,0.11,50,0,Mycom Group Inc,0,0,0
20010608,33675,MYCO',OTC,0.11,0.11,30,0,Mycom Group Inc,0,0,0
20010611,33675,MYCO',OTC,0.11,0.11,1,0,Mycom Group Inc,0,0,0
20010612,33675,MYCO',OTC,0.11,0.11,255,0,Mycom Group Inc,0,0,0
20010613,33675,MYCO',OTC,0.11,0.11,122,0,Mycom Group Inc,0,0,0
20010614,33675,MYCO',OTC,0.1,0.1,389,0,Mycom Group Inc,0,0,0
20010615,33675,MYCO',OTC,0.1,0.1,105,0,Mycom Group Inc,0,0,0
20010618,33675,MYCO',OTC,0.1,0.1,620,0,Mycom Group Inc,0,0,0
20010619,33675,MYCO',OTC,0.09,0.09,130,0,Mycom Group Inc,0,0,0
20010620,33675,MYCO',OTC,0.1,0.1,22,0,Mycom Group Inc,0,0,0
20010621,33675,MYCO',OTC,0.11,0.11,262,0,Mycom Group Inc,0,0,0
20010622,33675,MYCO',OTC,0.11,0.11,10,0,Mycom Group Inc,0,0,0
20010625,33675,MYCO',OTC,0.09,0.09,200,0,Mycom Group Inc,0,0,0
20010626,33675,MYCO',OTC,0.09,0.09,20,0,Mycom Group Inc,0,0,0
20010627,33675,MYCO',OTC,0.09,0.09,40,0,Mycom Group Inc,0,0,0
20010628,33675,MYCO',OTC,0.1,0.1,50,0,Mycom Group Inc,0,0,0
20010629,33675,MYCO',OTC,0.1,0.1,100,0,Mycom Group Inc,0,0,0
20010702,33675,MYCO',OTC,0.08,0.08,385,0,Mycom Group Inc,0,0,0
20010703,33675,MYCO',OTC,0.08,0.08,0,0,Mycom Group Inc,0,0,0
20010705,33675,MYCO',OTC,0.07,0.07,49,0,Mycom Group Inc,0,0,0
20010706,33675,MYCO',OTC,0.07,0.07,0,0,Mycom Group Inc,0,0,0
20010709,33675,MYCO',OTC,0.07,0.07,0,0,Mycom Group Inc,0,0,0
20010710,33675,MYCO',OTC,0.07,0.07,3,0,Mycom Group Inc,0,0,0
20010711,33675,MYCO',OTC,0.05,0.05,1241,0,Mycom Group Inc,0,0,0
20010712,33675,MYCO',OTC,0.05,0.05,0,0,Mycom Group Inc,0,0,0
20010713,33675,MYCO',OTC,0.06,0.06,3823,0,Mycom Group Inc,0,0,0
20010716,33675,MYCO',OTC,0.05,0.05,2010,0,Mycom Group Inc,0,0,0
20010717,33675,MYCO',OTC,0.05,0.05,601,0,Mycom Group Inc,0,0,0
20010718,33675,MYCO',OTC,0.05,0.05,0,0,Mycom Group Inc,0,0,0
20010719,33675,MYCO',OTC,0.06,0.06,442,0,Mycom Group Inc,0,0,0
20010720,33675,MYCO',OTC,0.07,0.07,570,0,Mycom Group Inc,0,0,0
20010723,33675,MYCO',OTC,0.07,0.07,0,0,Mycom Group Inc,0,0,0
20010724,33675,MYCO',OTC,0.05,0.05,380,0,Mycom Group Inc,0,0,0
20010725,33675,MYCO',OTC,0.05,0.05,0,0,Mycom Group Inc,0,0,0
20010726,33675,MYCO',OTC,0.05,0.05,30,0,Mycom Group Inc,0,0,0
20010727,33675,MYCO',OTC,0.05,0.05,0,0,Mycom Group Inc,0,0,0
20010730,33675,MYCO',OTC,0.05,0.05,270,0,Mycom Group Inc,0,0,0
20010731,33675,MYCO',OTC,0.06,0.06,155,0,Mycom Group Inc,0,0,0
20010801,33675,MYCO',OTC,0.05,0.05,695,0,Mycom Group Inc,0,0,0
20010802,33675,MYCO',OTC,0.05,0.05,100,0,Mycom Group Inc,0,0,0
20010803,33675,MYCO',OTC,0.05,0.05,41,0,Mycom Group Inc,0,0,0
20010806,33675,MYCO',OTC,0.05,0.05,0,0,Mycom Group Inc,0,0,0
20010807,33675,MYCO',OTC,0.05,0.05,423,0,Mycom Group Inc,0,0,0
20010808,33675,MYCO',OTC,0.05,0.05,300,0,Mycom Group Inc,0,0,0
20010809,33675,MYCO',OTC,0.06,0.06,350,0,Mycom Group Inc,0,0,0
20010810,33675,MYCO',OTC,0.07,0.07,172,0,Mycom Group Inc,0,0,0
20010813,33675,MYCO',OTC,0.06,0.06,182,0,Mycom Group Inc,0,0,0
20010814,33675,MYCO',OTC,0.06,0.06,491,0,Mycom Group Inc,0,0,0
20010815,33675,MYCO',OTC,0.09,0.09,80,0,Mycom Group Inc,0,0,0
20010816,33675,MYCO',OTC,0.08,0.08,145,0,Mycom Group Inc,0,0,0
20010817,33675,MYCO',OTC,0.08,0.08,0,0,Mycom Group Inc,0,0,0
20010820,33675,MYCO',OTC,0.09,0.09,285,0,Mycom Group Inc,0,0,0
20010821,33675,MYCO',OTC,0.09,0.09,0,0,Mycom Group Inc,0,0,0
20010822,33675,MYCO',OTC,0.06,0.06,375,0,Mycom Group Inc,0,0,0
20010823,33675,MYCO',OTC,0.04,0.04,2007,0,Mycom Group Inc,0,0,0
20010824,33675,MYCO',OTC,0.04,0.04,100,0,Mycom Group Inc,0,0,0
20010827,33675,MYCO',OTC,0.04,0.04,4,0,Mycom Group Inc,0,0,0
20010828,33675,MYCO',OTC,0.06,0.06,130,0,Mycom Group Inc,0,0,0
20010829,33675,MYCO',OTC,0.05,0.05,181,0,Mycom Group Inc,0,0,0
20010830,33675,MYCO',OTC,0.05,0.05,0,0,Mycom Group Inc,0,0,0
20010831,33675,MYCO',OTC,0.05,0.05,0,0,Mycom Group Inc,0,0,0
20010904,33675,MYCO',OTC,0.05,0.05,58,0,Mycom Group Inc,0,0,0
20010905,33675,MYCO',OTC,0.05,0.05,0,0,Mycom Group Inc,0,0,0
20010906,33675,MYCO',OTC,0.05,0.05,200,0,Mycom Group Inc,0,0,0
20010907,33675,MYCO',OTC,0.05,0.05,0,0,Mycom Group Inc,0,0,0
20010910,33675,MYCO',OTC,0.05,0.05,40,0,Mycom Group Inc,0,0,0
20010917,33675,MYCO',OTC,0.05,0.05,0,0,Mycom Group Inc,0,0,0
20010918,33675,MYCO',OTC,0.04,0.04,644,0,Mycom Group Inc,0,0,0
20010919,33675,MYCO',OTC,0.04,0.04,14,0,Mycom Group Inc,0,0,0
20010920,33675,MYCO',OTC,0.04,0.04,0,0,Mycom Group Inc,0,0,0
20010921,33675,MYCO',OTC,0.04,0.04,673,0,Mycom Group Inc,0,0,0
20010924,33675,MYCO',OTC,0.03,0.03,15,0,Mycom Group Inc,0,0,0
20010925,33675,MYCO',OTC,0.05,0.05,152,0,Mycom Group Inc,0,0,0
20010926,33675,MYCO',OTC,0.05,0.05,0,0,Mycom Group Inc,0,0,0
20010927,33675,MYCO',OTC,0.05,0.05,0,0,Mycom Group Inc,0,0,0
20010928,33675,MYCO',OTC,0.05,0.05,0,0,Mycom Group Inc,0,0,0
20011001,33675,MYCO',OTC,0.05,0.05,0,0,Mycom Group Inc,0,0,0
20011002,33675,MYCO',OTC,0.05,0.05,0,0,Mycom Group Inc,0,0,0
20011003,33675,MYCO',OTC,0.05,0.05,0,0,Mycom Group Inc,0,0,0
20011004,33675,MYCO',OTC,0.05,0.05,0,0,Mycom Group Inc,0,0,0
20011005,33675,MYCO',OTC,0.05,0.05,0,0,Mycom Group Inc,0,0,0
20011008,33675,MYCO',OTC,0.05,0.05,0,0,Mycom Group Inc,0,0,0
20011009,33675,MYCO',OTC,0.03,0.03,360,0,Mycom Group Inc,0,0,0
20011010,33675,MYCO',OTC,0.03,0.03,0,0,Mycom Group Inc,0,0,0
20011011,33675,MYCO',OTC,0.05,0.05,160,0,Mycom Group Inc,0,0,0
20011012,33675,MYCO',OTC,0.05,0.05,90,0,Mycom Group Inc,0,0,0
20011015,33675,MYCO',OTC,0.05,0.05,50,0,Mycom Group Inc,0,0,0
20011016,33675,MYCO',OTC,0.05,0.05,199,0,Mycom Group Inc,0,0,0
20011017,33675,MYCO',OTC,0.05,0.05,0,0,Mycom Group Inc,0,0,0
20011018,33675,MYCO',OTC,0.05,0.05,0,0,Mycom Group Inc,0,0,0
20011019,33675,MYCO',OTC,0.04,0.04,3,0,Mycom Group Inc,0,0,0
20011022,33675,MYCO',OTC,0.04,0.04,0,0,Mycom Group Inc,0,0,0
20011023,33675,MYCO',OTC,0.04,0.04,0,0,Mycom Group Inc,0,0,0
20011024,33675,MYCO',OTC,0.04,0.04,205,0,Mycom Group Inc,0,0,0
20011025,33675,MYCO',OTC,0.04,0.04,2,0,Mycom Group Inc,0,0,0
20011026,33675,MYCO',OTC,0.04,0.04,56,0,Mycom Group Inc,0,0,0
20011029,33675,MYCO',OTC,0.04,0.04,0,0,Mycom Group Inc,0,0,0
20011030,33675,MYCO',OTC,0.04,0.04,0,0,Mycom Group Inc,0,0,0
20011031,33675,MYCO',OTC,0.04,0.04,0,0,Mycom Group Inc,0,0,0
20011101,33675,MYCO',OTC,0.05,0.05,80,0,Mycom Group Inc,0,0,0
20011102,33675,MYCO',OTC,0.05,0.05,0,0,Mycom Group Inc,0,0,0
20011105,33675,MYCO',OTC,0.04,0.04,160,0,Mycom Group Inc,0,0,0
20011106,33675,MYCO',OTC,0.04,0.04,295,0,Mycom Group Inc,0,0,0
20011107,33675,MYCO',OTC,0.04,0.04,0,0,Mycom Group Inc,0,0,0
20011108,33675,MYCO',OTC,0.03,0.03,270,0,Mycom Group Inc,0,0,0
20011109,33675,MYCO',OTC,0.03,0.03,127,0,Mycom Group Inc,0,0,0
20011112,33675,MYCO',OTC,0.05,0.05,20,0,Mycom Group Inc,0,0,0
20011113,33675,MYCO',OTC,0.05,0.05,30,0,Mycom Group Inc,0,0,0
20011114,33675,MYCO',OTC,0.05,0.05,20,0,Mycom Group Inc,0,0,0
20011115,33675,MYCO',OTC,0.05,0.05,65,0,Mycom Group Inc,0,0,0
20011116,33675,MYCO',OTC,0.05,0.05,68,0,Mycom Group Inc,0,0,0
20011119,33675,MYCO',OTC,0.05,0.05,64,0,Mycom Group Inc,0,0,0
20011120,33675,MYCO',OTC,0.05,0.05,10,0,Mycom Group Inc,0,0,0
20011121,33675,MYCO',OTC,0.05,0.05,155,0,Mycom Group Inc,0,0,0
20011123,33675,MYCO',OTC,0.05,0.05,220,0,Mycom Group Inc,0,0,0
20011126,33675,MYCO',OTC,0.05,0.05,43,0,Mycom Group Inc,0,0,0
20011127,33675,MYCO',OTC,0.05,0.05,421,0,Mycom Group Inc,0,0,0
20011128,33675,MYCO',OTC,0.04,0.04,31,0,Mycom Group Inc,0,0,0
20011129,33675,MYCO',OTC,0.05,0.05,35,0,Mycom Group Inc,0,0,0
20011130,33675,MYCO',OTC,0.04,0.04,130,0,Mycom Group Inc,0,0,0
20011203,33675,MYCO',OTC,0.04,0.04,7,0,Mycom Group Inc,0,0,0
20011204,33675,MYCO',OTC,0.03,0.03,750,0,Mycom Group Inc,0,0,0
20011205,33675,MYCO',OTC,0.04,0.04,455,0,Mycom Group Inc,0,0,0
20011206,33675,MYCO',OTC,0.03,0.03,559,0,Mycom Group Inc,0,0,0
20011207,33675,MYCO',OTC,0.05,0.05,905,0,Mycom Group Inc,0,0,0
20011210,33675,MYCO',OTC,0.04,0.04,314,0,Mycom Group Inc,0,0,0
20011211,33675,MYCO',OTC,0.04,0.04,607,0,Mycom Group Inc,0,0,0
20011212,33675,MYCO',OTC,0.04,0.04,455,0,Mycom Group Inc,0,0,0
20011213,33675,MYCO',OTC,0.04,0.04,300,0,Mycom Group Inc,0,0,0
20011214,33675,MYCO',OTC,0.04,0.04,597,0,Mycom Group Inc,0,0,0
20011217,33675,MYCO',OTC,0.04,0.04,0,0,Mycom Group Inc,0,0,0
20011218,33675,MYCO',OTC,0.04,0.04,163,0,Mycom Group Inc,0,0,0
20011219,33675,MYCO',OTC,0.04,0.04,265,0,Mycom Group Inc,0,0,0
20011220,33675,MYCO',OTC,0.04,0.04,0,0,Mycom Group Inc,0,0,0
20011221,33675,MYCO',OTC,0.04,0.04,670,0,Mycom Group Inc,0,0,0
20011224,33675,MYCO',OTC,0.04,0.04,695,0,Mycom Group Inc,0,0,0
20011226,33675,MYCO',OTC,0.04,0.04,555,0,Mycom Group Inc,0,0,0
20011227,33675,MYCO',OTC,0.03,0.03,1580,0,Mycom Group Inc,0,0,0
20011228,33675,MYCO',OTC,0.03,0.03,1154,0,Mycom Group Inc,0,0,0
20011231,33675,MYCO',OTC,0.03,0.03,844,0,Mycom Group Inc,0,0,0
20020102,33675,MYCO',OTC,0.03,0.03,1395,0,Mycom Group Inc,0,0,0
20020103,33675,MYCO',OTC,0.04,0.04,1205,0,Mycom Group Inc,0,0,0
20020104,33675,MYCO',OTC,0.04,0.04,555,0,Mycom Group Inc,0,0,0
20020107,33675,MYCO',OTC,0.04,0.04,2147,0,Mycom Group Inc,0,0,0
20020108,33675,MYCO',OTC,0.04,0.04,978,0,Mycom Group Inc,0,0,0
20020109,33675,MYCO',OTC,0.04,0.04,400,0,Mycom Group Inc,0,0,0
20020110,33675,MYCO',OTC,0.04,0.04,680,0,Mycom Group Inc,0,0,0
20020111,33675,MYCO',OTC,0.03,0.03,965,0,Mycom Group Inc,0,0,0
20020114,33675,MYCO',OTC,0.03,0.03,1259,0,Mycom Group Inc,0,0,0
20020115,33675,MYCO',OTC,0.03,0.03,725,0,Mycom Group Inc,0,0,0
20020116,33675,MYCO',OTC,0.03,0.03,350,0,Mycom Group Inc,0,0,0
20020117,33675,MYCO',OTC,0.03,0.03,0,0,Mycom Group Inc,0,0,0
20020118,33675,MYCO',OTC,0.03,0.03,0,0,Mycom Group Inc,0,0,0
20020122,33675,MYCO',OTC,0.03,0.03,0,0,Mycom Group Inc,0,0,0
20020123,33675,MYCO',OTC,0.03,0.03,1,0,Mycom Group Inc,0,0,0
20020124,33675,MYCO',OTC,0.03,0.03,0,0,Mycom Group Inc,0,0,0
20020125,33675,MYCO',OTC,0.03,0.03,150,0,Mycom Group Inc,0,0,0
20020128,33675,MYCO',OTC,0.05,0.05,750,0,Mycom Group Inc,0,0,0
20020129,33675,MYCO',OTC,0.04,0.04,473,0,Mycom Group Inc,0,0,0
20020130,33675,MYCO',OTC,0.04,0.04,21,0,Mycom Group Inc,0,0,0
20020131,33675,MYCO',OTC,0.04,0.04,240,0,Mycom Group Inc,0,0,0
20020201,33675,MYCO',OTC,0.04,0.04,2,0,Mycom Group Inc,0,0,0
20020204,33675,MYCO',OTC,0.04,0.04,0,0,Mycom Group Inc,0,0,0
20020205,33675,MYCO',OTC,0.04,0.04,0,0,Mycom Group Inc,0,0,0
20020206,33675,MYCO',OTC,0.03,0.03,429,0,Mycom Group Inc,0,0,0
20020207,33675,MYCO',OTC,0.04,0.04,50,0,Mycom Group Inc,0,0,0
20020208,33675,MYCO',OTC,0.04,0.04,0,0,Mycom Group Inc,0,0,0
20020211,33675,MYCO',OTC,0.03,0.03,5,0,Mycom Group Inc,0,0,0
20020212,33675,MYCO',OTC,0.03,0.03,0,0,Mycom Group Inc,0,0,0
20020213,33675,MYCO',OTC,0.03,0.03,100,0,Mycom Group Inc,0,0,0
20020214,33675,MYCO',OTC,0.03,0.03,0,0,Mycom Group Inc,0,0,0
20020215,33675,MYCO',OTC,0.03,0.03,0,0,Mycom Group Inc,0,0,0
20020219,33675,MYCO',OTC,0.03,0.03,0,0,Mycom Group Inc,0,0,0
20020220,33675,MYCO',OTC,0.03,0.03,0,0,Mycom Group Inc,0,0,0
20020221,33675,MYCO',OTC,0.03,0.03,100,0,Mycom Group Inc,0,0,0
20020222,33675,MYCO',OTC,0.03,0.03,0,0,Mycom Group Inc,0,0,0
20020225,33675,MYCO',OTC,0.04,0.04,50,0,Mycom Group Inc,0,0,0
20020226,33675,MYCO',OTC,0.04,0.04,0,0,Mycom Group Inc,0,0,0
20020227,33675,MYCO',OTC,0.04,0.04,0,0,Mycom Group Inc,0,0,0
20020228,33675,MYCO',OTC,0.04,0.04,64,0,Mycom Group Inc,0,0,0
20020301,33675,MYCO',OTC,0.04,0.04,1412,0,Mycom Group Inc,0,0,0
20020304,33675,MYCO',OTC,0.03,0.03,272,0,Mycom Group Inc,0,0,0
20020305,33675,MYCO',OTC,0.03,0.03,0,0,Mycom Group Inc,0,0,0
20020306,33675,MYCO',OTC,0.03,0.03,0,0,Mycom Group Inc,0,0,0
20020307,33675,MYCO',OTC,0.04,0.04,52,0,Mycom Group Inc,0,0,0
20020308,33675,MYCO',OTC,0.03,0.03,1045,0,Mycom Group Inc,0,0,0
20020311,33675,MYCO',OTC,0.03,0.03,15,0,Mycom Group Inc,0,0,0
20020312,33675,MYCO',OTC,0.03,0.03,158,0,Mycom Group Inc,0,0,0
20020313,33675,MYCO',OTC,0.02,0.02,80,0,Mycom Group Inc,0,0,0
20020314,33675,MYCO',OTC,0.03,0.03,225,0,Mycom Group Inc,0,0,0
20020315,33675,MYCO',OTC,0.03,0.03,0,0,Mycom Group Inc,0,0,0
20020318,33675,MYCO',OTC,0.03,0.03,0,0,Mycom Group Inc,0,0,0
20020319,33675,MYCO',OTC,0.04,0.04,1130,0,Mycom Group Inc,0,0,0
20020320,33675,MYCO',OTC,0.04,0.04,0,0,Mycom Group Inc,0,0,0
20020321,33675,MYCO',OTC,0.04,0.04,20102,0,Mycom Group Inc,0,0,0
20020322,33675,MYCO',OTC,0.03,0.03,2038,0,Mycom Group Inc,0,0,0
20020325,33675,MYCO',OTC,0.03,0.03,0,0,Mycom Group Inc,0,0,0
20020326,33675,MYCO',OTC,0.02,0.02,3025,0,Mycom Group Inc,0,0,0
20020327,33675,MYCO',OTC,0.03,0.03,490,0,Mycom Group Inc,0,0,0
20020328,33675,MYCO',OTC,0.03,0.03,561,0,Mycom Group Inc,0,0,0
20020401,33675,MYCO',OTC,0.02,0.02,204,0,Mycom Group Inc,0,0,0
20020402,33675,MYCO',OTC,0.02,0.02,0,0,Mycom Group Inc,0,0,0
20020403,33675,MYCO',OTC,0.02,0.02,92,0,Mycom Group Inc,0,0,0
20020404,33675,MYCO',OTC,0.02,0.02,13,0,Mycom Group Inc,0,0,0
20020405,33675,MYCO',OTC,0.02,0.02,100,0,Mycom Group Inc,0,0,0
20020408,33675,MYCO',OTC,0.03,0.03,49,0,Mycom Group Inc,0,0,0
20020409,33675,MYCO',OTC,0.03,0.03,54,0,Mycom Group Inc,0,0,0
20020410,33675,MYCO',OTC,0.03,0.03,600,0,Mycom Group Inc,0,0,0
20020411,33675,MYCO',OTC,0.04,0.04,240,0,Mycom Group Inc,0,0,0
20020412,33675,MYCO',OTC,0.04,0.04,940,0,Mycom Group Inc,0,0,0
20020415,33675,MYCO',OTC,0.05,0.05,1282,0,Mycom Group Inc,0,0,0
20020416,33675,MYCO',OTC,0.04,0.04,1610,0,Mycom Group Inc,0,0,0
20020417,33675,MYCO',OTC,0.05,0.05,10,0,Mycom Group Inc,0,0,0
20020418,33675,MYCO',OTC,0.04,0.04,283,0,Mycom Group Inc,0,0,0
20020419,33675,MYCO',OTC,0.04,0.04,1410,0,Mycom Group Inc,0,0,0
20020422,33675,MYCO',OTC,0.04,0.04,500,0,Mycom Group Inc,0,0,0
20020423,33675,MYCO',OTC,0.04,0.04,330,0,Mycom Group Inc,0,0,0
20020424,33675,MYCO',OTC,0.04,0.04,645,0,Mycom Group Inc,0,0,0
20020425,33675,MYCO',OTC,0.04,0.04,0,0,Mycom Group Inc,0,0,0
20020426,33675,MYCO',OTC,0.04,0.04,6,0,Mycom Group Inc,0,0,0
20020429,33675,MYCO',OTC,0.04,0.04,0,0,Mycom Group Inc,0,0,0
20020430,33675,MYCO',OTC,0.04,0.04,0,0,Mycom Group Inc,0,0,0
20020501,33675,MYCO',OTC,0.03,0.03,745,0,Mycom Group Inc,0,0,0
20020502,33675,MYCO',OTC,0.04,0.04,25,0,Mycom Group Inc,0,0,0
20020503,33675,MYCO',OTC,0.04,0.04,1058,0,Mycom Group Inc,0,0,0
20020506,33675,MYCO',OTC,0.04,0.04,1080,0,Mycom Group Inc,0,0,0
20020507,33675,MYCO',OTC,0.04,0.04,605,0,Mycom Group Inc,0,0,0
20020508,33675,MYCO',OTC,0.04,0.04,2,0,Mycom Group Inc,0,0,0
20020509,33675,MYCO',OTC,0.04,0.04,100,0,Mycom Group Inc,0,0,0
20020510,33675,MYCO',OTC,0.04,0.04,85,0,Mycom Group Inc,0,0,0
20020513,33675,MYCO',OTC,0.04,0.04,576,0,Mycom Group Inc,0,0,0
20020514,33675,MYCO',OTC,0.04,0.04,549,0,Mycom Group Inc,0,0,0
20020515,33675,MYCO',OTC,0.03,0.03,450,0,Mycom Group Inc,0,0,0
20020516,33675,MYCO',OTC,0.04,0.04,390,0,Mycom Group Inc,0,0,0
20020517,33675,MYCO',OTC,0.03,0.03,1255,0,Mycom Group Inc,0,0,0
20020520,33675,MYCO',OTC,0.03,0.03,0,0,Mycom Group Inc,0,0,0
20020521,33675,MYCO',OTC,0.05,0.05,199,0,Mycom Group Inc,0,0,0
20020522,33675,MYCO',OTC,0.04,0.04,25,0,Mycom Group Inc,0,0,0
20020523,33675,MYCO',OTC,0.04,0.04,400,0,Mycom Group Inc,0,0,0
20020524,33675,MYCO',OTC,0.04,0.04,0,0,Mycom Group Inc,0,0,0
20020528,33675,MYCO',OTC,0.04,0.04,175,0,Mycom Group Inc,0,0,0
20020529,33675,MYCO',OTC,0.03,0.03,428,0,Mycom Group Inc,0,0,0
20020530,33675,MYCO',OTC,0.03,0.03,200,0,Mycom Group Inc,0,0,0
20020531,33675,MYCO',OTC,0.03,0.03,150,0,Mycom Group Inc,0,0,0
20020603,33675,MYCO',OTC,0.03,0.03,327,0,Mycom Group Inc,0,0,0
20020604,33675,MYCO',OTC,0.03,0.03,110,0,Mycom Group Inc,0,0,0
20020605,33675,MYCO',OTC,0.03,0.03,0,0,Mycom Group Inc,0,0,0
20020606,33675,MYCO',OTC,0.03,0.03,0,0,Mycom Group Inc,0,0,0
20020607,33675,MYCO',OTC,0.03,0.03,0,0,Mycom Group Inc,0,0,0
20020610,33675,MYCO',OTC,0.03,0.03,100,0,Mycom Group Inc,0,0,0
20020611,33675,MYCO',OTC,0.03,0.03,181,0,Mycom Group Inc,0,0,0
20020612,33675,MYCO',OTC,0.04,0.04,249,0,Mycom Group Inc,0,0,0
20020613,33675,MYCO',OTC,0.03,0.03,1342,0,Mycom Group Inc,0,0,0
20020614,33675,MYCO',OTC,0.03,0.03,0,0,Mycom Group Inc,0,0,0
20020617,33675,MYCO',OTC,0.03,0.03,0,0,Mycom Group Inc,0,0,0
20020618,33675,MYCO',OTC,0.03,0.03,8,0,Mycom Group Inc,0,0,0
20020619,33675,MYCO',OTC,0.03,0.03,0,0,Mycom Group Inc,0,0,0
20020620,33675,MYCO',OTC,0.03,0.03,12,0,Mycom Group Inc,0,0,0
20020621,33675,MYCO',OTC,0.03,0.03,0,0,Mycom Group Inc,0,0,0
20020624,33675,MYCO',OTC,0.02,0.02,35,0,Mycom Group Inc,0,0,0
20020625,33675,MYCO',OTC,0.02,0.02,0,0,Mycom Group Inc,0,0,0
20020626,33675,MYCO',OTC,0.02,0.02,0,0,Mycom Group Inc,0,0,0
20020627,33675,MYCO',OTC,0.02,0.02,0,0,Mycom Group Inc,0,0,0
20020628,33675,MYCO',OTC,0.02,0.02,57,0,Mycom Group Inc,0,0,0
20020701,33675,MYCO',OTC,0.02,0.02,0,0,Mycom Group Inc,0,0,0
20020702,33675,MYCO',OTC,0.02,0.02,0,0,Mycom Group Inc,0,0,0
20020703,33675,MYCO',OTC,0.02,0.02,0,0,Mycom Group Inc,0,0,0
20020705,33675,MYCO',OTC,0.02,0.02,0,0,Mycom Group Inc,0,0,0
20020708,33675,MYCO',OTC,0.02,0.02,0,0,Mycom Group Inc,0,0,0
20020709,33675,MYCO',OTC,0.02,0.02,0,0,Mycom Group Inc,0,0,0
20020710,33675,MYCO',OTC,0.03,0.03,430,0,Mycom Group Inc,0,0,0
20020711,33675,MYCO',OTC,0.02,0.02,580,0,Mycom Group Inc,0,0,0
20020712,33675,MYCO',OTC,0.01,0.01,252,0,Mycom Group Inc,0,0,0
20020715,33675,MYCO',OTC,0.01,0.01,420,0,Mycom Group Inc,0,0,0
20020716,33675,MYCO',OTC,0.02,0.02,730,0,Mycom Group Inc,0,0,0
20020717,33675,MYCO',OTC,0.01,0.01,863,0,Mycom Group Inc,0,0,0
20020718,33675,MYCO',OTC,0.01,0.01,0,0,Mycom Group Inc,0,0,0
20020719,33675,MYCO',OTC,0.01,0.01,0,0,Mycom Group Inc,0,0,0
20020722,33675,MYCO',OTC,0.01,0.01,700,0,Mycom Group Inc,0,0,0
20020723,33675,MYCO',OTC,0.02,0.02,1400,0,Mycom Group Inc,0,0,0
20020724,33675,MYCO',OTC,0.01,0.01,4,0,Mycom Group Inc,0,0,0
20020725,33675,MYCO',OTC,0.01,0.01,600,0,Mycom Group Inc,0,0,0
20020726,33675,MYCO',OTC,0.01,0.01,225,0,Mycom Group Inc,0,0,0
20020729,33675,MYCO',OTC,0.01,0.01,0,0,Mycom Group Inc,0,0,0
20020730,33675,MYCO',OTC,0.01,0.01,0,0,Mycom Group Inc,0,0,0
20020731,33675,MYCO',OTC,0.01,0.01,110,0,Mycom Group Inc,0,0,0
20020801,33675,MYCO',OTC,0.01,0.01,0,0,Mycom Group Inc,0,0,0
20020802,33675,MYCO',OTC,0.01,0.01,170,0,Mycom Group Inc,0,0,0
20020805,33675,MYCO',OTC,0.01,0.01,303,0,Mycom Group Inc,0,0,0
20020806,33675,MYCO',OTC,0.01,0.01,50,0,Mycom Group Inc,0,0,0
20020807,33675,MYCO',OTC,0.01,0.01,1,0,Mycom Group Inc,0,0,0
20020808,33675,MYCO',OTC,0.02,0.02,440,0,Mycom Group Inc,0,0,0
20020809,33675,MYCO',OTC,0.05,0.05,600,0,Mycom Group Inc,0,0,0
20020812,33675,MYCO',OTC,0.04,0.04,360,0,Mycom Group Inc,0,0,0
20020813,33675,MYCO',OTC,0.04,0.04,0,0,Mycom Group Inc,0,0,0
20020814,33675,MYCO',OTC,0.04,0.04,0,0,Mycom Group Inc,0,0,0
20020815,33675,MYCO',OTC,0.03,0.03,4,0,Mycom Group Inc,0,0,0
20020816,33675,MYCO',OTC,0.03,0.03,0,0,Mycom Group Inc,0,0,0
20020819,33675,MYCO',OTC,0.02,0.02,290,0,Mycom Group Inc,0,0,0
20020820,33675,MYCO',OTC,0.03,0.03,400,0,Mycom Group Inc,0,0,0
20020821,33675,MYCO',OTC,0.02,0.02,200,0,Mycom Group Inc,0,0,0
20020822,33675,MYCO',OTC,0.02,0.02,50,0,Mycom Group Inc,0,0,0
20020823,33675,MYCO',OTC,0.02,0.02,10,0,Mycom Group Inc,0,0,0
20020826,33675,MYCO',OTC,0.02,0.02,0,0,Mycom Group Inc,0,0,0
20020827,33675,MYCO',OTC,0.02,0.02,0,0,Mycom Group Inc,0,0,0
20020828,33675,MYCO',OTC,0.01,0.01,5,0,Mycom Group Inc,0,0,0
20020829,33675,MYCO',OTC,0.01,0.01,7,0,Mycom Group Inc,0,0,0
20020830,33675,MYCO',OTC,0.03,0.03,130,0,Mycom Group Inc,0,0,0
20020903,33675,MYCO',OTC,0.03,0.03,70,0,Mycom Group Inc,0,0,0
20020904,33675,MYCO',OTC,0.04,0.04,365,0,Mycom Group Inc,0,0,0
20020905,33675,MYCO',OTC,0.04,0.04,0,0,Mycom Group Inc,0,0,0
20020906,33675,MYCO',OTC,0.04,0.04,0,0,Mycom Group Inc,0,0,0
20020909,33675,MYCO',OTC,0.04,0.04,0,0,Mycom Group Inc,0,0,0
20020910,33675,MYCO',OTC,0.04,0.04,0,0,Mycom Group Inc,0,0,0
20020911,33675,MYCO',OTC,0.04,0.04,0,0,Mycom Group Inc,0,0,0
20020912,33675,MYCO',OTC,0.04,0.04,0,0,Mycom Group Inc,0,0,0
20020913,33675,MYCO',OTC,0.04,0.04,0,0,Mycom Group Inc,0,0,0
20020916,33675,MYCO',OTC,0.03,0.03,25,0,Mycom Group Inc,0,0,0
20020917,33675,MYCO',OTC,0.03,0.03,0,0,Mycom Group Inc,0,0,0
20020918,33675,MYCO',OTC,0.03,0.03,0,0,Mycom Group Inc,0,0,0
20020919,33675,MYCO',OTC,0.03,0.03,0,0,Mycom Group Inc,0,0,0
20020920,33675,MYCO',OTC,0.03,0.03,0,0,Mycom Group Inc,0,0,0
20020923,33675,MYCO',OTC,0.03,0.03,0,0,Mycom Group Inc,0,0,0
20020924,33675,MYCO',OTC,0.03,0.03,0,0,Mycom Group Inc,0,0,0
20020925,33675,MYCO',OTC,0.03,0.03,0,0,Mycom Group Inc,0,0,0
20020926,33675,MYCO',OTC,0.03,0.03,0,0,Mycom Group Inc,0,0,0
20020927,33675,MYCO',OTC,0.03,0.03,20,0,Mycom Group Inc,0,0,0
20020930,33675,MYCO',OTC,0.03,0.03,0,0,Mycom Group Inc,0,0,0
20021001,33675,MYCO',OTC,0.02,0.02,330,0,Mycom Group Inc,0,0,0
20021002,33675,MYCO',OTC,0.02,0.02,0,0,Mycom Group Inc,0,0,0
20021003,33675,MYCO',OTC,0.02,0.02,175,0,Mycom Group Inc,0,0,0
20021004,33675,MYCO',OTC,0.02,0.02,0,0,Mycom Group Inc,0,0,0
20021007,33675,MYCO',OTC,0.02,0.02,0,0,Mycom Group Inc,0,0,0
20021008,33675,MYCO',OTC,0.02,0.02,0,0,Mycom Group Inc,0,0,0
20021009,33675,MYCO',OTC,0.02,0.02,4,0,Mycom Group Inc,0,0,0
20021010,33675,MYCO',OTC,0.02,0.02,0,0,Mycom Group Inc,0,0,0
20021011,33675,MYCO',OTC,0.02,0.02,413,0,Mycom Group Inc,0,0,0
20021014,33675,MYCO',OTC,0.02,0.02,150,0,Mycom Group Inc,0,0,0
20021015,33675,MYCO',OTC,0.02,0.02,10,0,Mycom Group Inc,0,0,0
20021016,33675,MYCO',OTC,0.02,0.02,0,0,Mycom Group Inc,0,0,0
20021017,33675,MYCO',OTC,0.02,0.02,15,0,Mycom Group Inc,0,0,0
20021018,33675,MYCO',OTC,0.02,0.02,0,0,Mycom Group Inc,0,0,0
20021021,33675,MYCO',OTC,0.02,0.02,0,0,Mycom Group Inc,0,0,0
20021022,33675,MYCO',OTC,0.02,0.02,106,0,Mycom Group Inc,0,0,0
20021023,33675,MYCO',OTC,0.03,0.03,15,0,Mycom Group Inc,0,0,0
20021024,33675,MYCO',OTC,0.03,0.03,0,0,Mycom Group Inc,0,0,0
20021025,33675,MYCO',OTC,0.02,0.02,10,0,Mycom Group Inc,0,0,0
20021028,33675,MYCO',OTC,0.02,0.02,0,0,Mycom Group Inc,0,0,0
20021029,33675,MYCO',OTC,0.02,0.02,62,0,Mycom Group Inc,0,0,0
20021030,33675,MYCO',OTC,0.02,0.02,0,0,Mycom Group Inc,0,0,0
20021031,33675,MYCO',OTC,0.02,0.02,106,0,Mycom Group Inc,0,0,0
20021101,33675,MYCO',OTC,0.01,0.01,50,0,Mycom Group Inc,0,0,0
20021104,33675,MYCO',OTC,0.01,0.01,0,0,Mycom Group Inc,0,0,0
20021105,33675,MYCO',OTC,0.02,0.02,150,0,Mycom Group Inc,0,0,0
20021106,33675,MYCO',OTC,0.02,0.02,0,0,Mycom Group Inc,0,0,0
20021107,33675,MYCO',OTC,0.02,0.02,900,0,Mycom Group Inc,0,0,0
20021108,33675,MYCO',OTC,0.02,0.02,0,0,Mycom Group Inc,0,0,0
20021111,33675,MYCO',OTC,0.02,0.02,1,0,Mycom Group Inc,0,0,0
20021112,33675,MYCO',OTC,0.02,0.02,0,0,Mycom Group Inc,0,0,0
20021113,33675,MYCO',OTC,0.02,0.02,22,0,Mycom Group Inc,0,0,0
20021114,33675,MYCO',OTC,0.04,0.04,36,0,Mycom Group Inc,0,0,0
20021115,33675,MYCO',OTC,0.01,0.01,1185,0,Mycom Group Inc,0,0,0
20021118,33675,MYCO',OTC,0.01,0.01,100,0,Mycom Group Inc,0,0,0
20021119,33675,MYCO',OTC,0.02,0.02,34,0,Mycom Group Inc,0,0,0
20021120,33675,MYCO',OTC,0.01,0.01,15,0,Mycom Group Inc,0,0,0
20021121,33675,MYCO',OTC,0.01,0.01,10,0,Mycom Group Inc,0,0,0
20021122,33675,MYCO',OTC,0.01,0.01,0,0,Mycom Group Inc,0,0,0
20021125,33675,MYCO',OTC,0.01,0.01,0,0,Mycom Group Inc,0,0,0
20021126,33675,MYCO',OTC,0.01,0.01,0,0,Mycom Group Inc,0,0,0
20021127,33675,MYCO',OTC,0.01,0.01,40,0,Mycom Group Inc,0,0,0
20021129,33675,MYCO',OTC,0.01,0.01,20,0,Mycom Group Inc,0,0,0
20021202,33675,MYCO',OTC,0.01,0.01,22,0,Mycom Group Inc,0,0,0
20021203,33675,MYCO',OTC,0.01,0.01,20,0,Mycom Group Inc,0,0,0
20021204,33675,MYCO',OTC,0.01,0.01,0,0,Mycom Group Inc,0,0,0
20021205,33675,MYCO',OTC,0.01,0.01,0,0,Mycom Group Inc,0,0,0
20021206,33675,MYCO',OTC,0.01,0.01,196,0,Mycom Group Inc,0,0,0
20021209,33675,MYCO',OTC,0.01,0.01,250,0,Mycom Group Inc,0,0,0
20021210,33675,MYCO',OTC,0.01,0.01,1110,0,Mycom Group Inc,0,0,0
20021211,33675,MYCO',OTC,0.01,0.01,750,0,Mycom Group Inc,0,0,0
20021212,33675,MYCO',OTC,0.01,0.01,968,0,Mycom Group Inc,0,0,0
20021213,33675,MYCO',OTC,0.01,0.01,0,0,Mycom Group Inc,0,0,0
20021216,33675,MYCO',OTC,0.01,0.01,0,0,Mycom Group Inc,0,0,0
