DDate,CSINumber,Symbol,Exchange,DClose,UnAdjustedClose,TotalVolume,Cash,MarketName,PTB,PSR,DPS
19991110,40146,NXTV',OTC,50.75,50.75,130523,0,Next Level Communications Inc,0,0,0
19991111,40146,NXTV',OTC,56.25,56.25,30142,0,Next Level Communications Inc,0,0,0
19991112,40146,NXTV',OTC,52.875,52.875,10649,0,Next Level Communications Inc,0,0,0
19991115,40146,NXTV',OTC,54.375,54.375,4974,0,Next Level Communications Inc,0,0,0
19991116,40146,NXTV',OTC,53.75,53.75,4717,0,Next Level Communications Inc,0,0,0
19991117,40146,NXTV',OTC,50.25,50.25,10800,0,Next Level Communications Inc,0,0,0
19991118,40146,NXTV',OTC,47.875,47.875,6163,0,Next Level Communications Inc,0,0,0
19991119,40146,NXTV',OTC,51.375,51.375,5411,0,Next Level Communications Inc,0,0,0
19991122,40146,NXTV',OTC,51.75,51.75,8986,0,Next Level Communications Inc,0,0,0
19991123,40146,NXTV',OTC,48.5,48.5,8050,0,Next Level Communications Inc,0,0,0
19991124,40146,NXTV',OTC,51.125,51.125,4659,0,Next Level Communications Inc,0,0,0
19991126,40146,NXTV',OTC,55,55,5584,0,Next Level Communications Inc,0,0,0
19991129,40146,NXTV',OTC,60.375,60.375,10580,0,Next Level Communications Inc,0,0,0
19991130,40146,NXTV',OTC,64.5625,64.5625,16119,0,Next Level Communications Inc,0,0,0
19991201,40146,NXTV',OTC,59.875,59.875,9254,0,Next Level Communications Inc,0,0,0
19991202,40146,NXTV',OTC,61.9375,61.9375,4518,0,Next Level Communications Inc,0,0,0
19991203,40146,NXTV',OTC,66.25,66.25,7051,0,Next Level Communications Inc,0,0,0
19991206,40146,NXTV',OTC,69.9375,69.9375,22050,0,Next Level Communications Inc,0,0,0
19991207,40146,NXTV',OTC,71.9375,71.9375,6208,0,Next Level Communications Inc,0,0,0
19991208,40146,NXTV',OTC,68.25,68.25,5462,0,Next Level Communications Inc,0,0,0
19991209,40146,NXTV',OTC,62.125,62.125,8819,0,Next Level Communications Inc,0,0,0
19991210,40146,NXTV',OTC,54.5625,54.5625,6876,0,Next Level Communications Inc,0,0,0
19991213,40146,NXTV',OTC,63.65625,63.65625,5815,0,Next Level Communications Inc,0,0,0
19991214,40146,NXTV',OTC,60.984375,60.984375,3814,0,Next Level Communications Inc,0,0,0
19991215,40146,NXTV',OTC,56.59375,56.59375,5518,0,Next Level Communications Inc,0,0,0
19991216,40146,NXTV',OTC,58.25,58.25,5247,0,Next Level Communications Inc,0,0,0
19991217,40146,NXTV',OTC,62.75,62.75,4182,0,Next Level Communications Inc,0,0,0
19991220,40146,NXTV',OTC,61.5,61.5,2749,0,Next Level Communications Inc,0,0,0
19991221,40146,NXTV',OTC,61.75,61.75,3437,0,Next Level Communications Inc,0,0,0
19991222,40146,NXTV',OTC,64.625,64.625,6632,0,Next Level Communications Inc,0,0,0
19991223,40146,NXTV',OTC,63.5,63.5,2397,0,Next Level Communications Inc,0,0,0
19991227,40146,NXTV',OTC,59.75,59.75,4741,0,Next Level Communications Inc,0,0,0
19991228,40146,NXTV',OTC,61.1875,61.1875,4839,0,Next Level Communications Inc,0,0,0
19991229,40146,NXTV',OTC,65.125,65.125,2161,0,Next Level Communications Inc,0,0,0
19991230,40146,NXTV',OTC,67.3125,67.3125,3385,0,Next Level Communications Inc,0,0,0
19991231,40146,NXTV',OTC,74.875,74.875,2306,0,Next Level Communications Inc,0,0,0
20000103,40146,NXTV',OTC,72.515625,72.515625,6203,0,Next Level Communications Inc,0,0,0
20000104,40146,NXTV',OTC,67,67,1981,0,Next Level Communications Inc,0,0,0
20000105,40146,NXTV',OTC,68.625,68.625,9311,0,Next Level Communications Inc,0,0,0
20000106,40146,NXTV',OTC,66.0625,66.0625,2564,0,Next Level Communications Inc,0,0,0
20000107,40146,NXTV',OTC,65.25,65.25,4046,0,Next Level Communications Inc,0,0,0
20000110,40146,NXTV',OTC,60.75,60.75,6612,0,Next Level Communications Inc,0,0,0
20000111,40146,NXTV',OTC,62.0625,62.0625,8789,0,Next Level Communications Inc,0,0,0
20000112,40146,NXTV',OTC,63,63,1410,0,Next Level Communications Inc,0,0,0
20000113,40146,NXTV',OTC,68.25,68.25,2608,0,Next Level Communications Inc,0,0,0
20000114,40146,NXTV',OTC,74.5,74.5,3909,0,Next Level Communications Inc,0,0,0
20000118,40146,NXTV',OTC,77,77,3212,0,Next Level Communications Inc,0,0,0
20000119,40146,NXTV',OTC,80.25,80.25,2518,0,Next Level Communications Inc,0,0,0
20000120,40146,NXTV',OTC,78.5,78.5,5389,0,Next Level Communications Inc,0,0,0
20000121,40146,NXTV',OTC,82.875,82.875,4565,0,Next Level Communications Inc,0,0,0
20000124,40146,NXTV',OTC,81.5,81.5,3783,0,Next Level Communications Inc,0,0,0
20000125,40146,NXTV',OTC,80.0625,80.0625,3204,0,Next Level Communications Inc,0,0,0
20000126,40146,NXTV',OTC,78.3125,78.3125,2602,0,Next Level Communications Inc,0,0,0
20000127,40146,NXTV',OTC,79.875,79.875,1406,0,Next Level Communications Inc,0,0,0
20000128,40146,NXTV',OTC,79.75,79.75,1860,0,Next Level Communications Inc,0,0,0
20000131,40146,NXTV',OTC,80.625,80.625,2725,0,Next Level Communications Inc,0,0,0
20000201,40146,NXTV',OTC,81,81,2717,0,Next Level Communications Inc,0,0,0
20000202,40146,NXTV',OTC,91.4375,91.4375,5800,0,Next Level Communications Inc,0,0,0
20000203,40146,NXTV',OTC,111.5625,111.5625,14017,0,Next Level Communications Inc,0,0,0
20000204,40146,NXTV',OTC,113.625,113.625,5513,0,Next Level Communications Inc,0,0,0
20000207,40146,NXTV',OTC,124.28125,124.28125,5806,0,Next Level Communications Inc,0,0,0
20000208,40146,NXTV',OTC,121,121,2782,0,Next Level Communications Inc,0,0,0
20000209,40146,NXTV',OTC,116.75,116.75,3483,0,Next Level Communications Inc,0,0,0
20000210,40146,NXTV',OTC,118.9375,118.9375,2163,0,Next Level Communications Inc,0,0,0
20000211,40146,NXTV',OTC,119.3125,119.3125,2322,0,Next Level Communications Inc,0,0,0
20000214,40146,NXTV',OTC,125.5,125.5,1058,0,Next Level Communications Inc,0,0,0
20000215,40146,NXTV',OTC,123.25,123.25,1314,0,Next Level Communications Inc,0,0,0
20000216,40146,NXTV',OTC,126.1875,126.1875,989,0,Next Level Communications Inc,0,0,0
20000217,40146,NXTV',OTC,127.46875,127.46875,2213,0,Next Level Communications Inc,0,0,0
20000218,40146,NXTV',OTC,130,130,1773,0,Next Level Communications Inc,0,0,0
20000222,40146,NXTV',OTC,125.5,125.5,1445,0,Next Level Communications Inc,0,0,0
20000223,40146,NXTV',OTC,127.4375,127.4375,1838,0,Next Level Communications Inc,0,0,0
20000224,40146,NXTV',OTC,125.8125,125.8125,1845,0,Next Level Communications Inc,0,0,0
20000225,40146,NXTV',OTC,132.125,132.125,1186,0,Next Level Communications Inc,0,0,0
20000228,40146,NXTV',OTC,133,133,845,0,Next Level Communications Inc,0,0,0
20000229,40146,NXTV',OTC,134.5,134.5,879,0,Next Level Communications Inc,0,0,0
20000301,40146,NXTV',OTC,129.875,129.875,2722,0,Next Level Communications Inc,0,0,0
20000302,40146,NXTV',OTC,125.25,125.25,1021,0,Next Level Communications Inc,0,0,0
20000303,40146,NXTV',OTC,142.5,142.5,11312,0,Next Level Communications Inc,0,0,0
20000306,40146,NXTV',OTC,136.5,136.5,2631,0,Next Level Communications Inc,0,0,0
20000307,40146,NXTV',OTC,133.875,133.875,961,0,Next Level Communications Inc,0,0,0
20000308,40146,NXTV',OTC,133,133,791,0,Next Level Communications Inc,0,0,0
20000309,40146,NXTV',OTC,146.75,146.75,1637,0,Next Level Communications Inc,0,0,0
20000310,40146,NXTV',OTC,158.5,158.5,1918,0,Next Level Communications Inc,0,0,0
20000313,40146,NXTV',OTC,161.25,161.25,1734,0,Next Level Communications Inc,0,0,0
20000314,40146,NXTV',OTC,159.4375,159.4375,1299,0,Next Level Communications Inc,0,0,0
20000315,40146,NXTV',OTC,160.09375,160.09375,3555,0,Next Level Communications Inc,0,0,0
20000316,40146,NXTV',OTC,195.75,195.75,2579,0,Next Level Communications Inc,0,0,0
20000317,40146,NXTV',OTC,188.4375,188.4375,1802,0,Next Level Communications Inc,0,0,0
20000320,40146,NXTV',OTC,170,170,2130,0,Next Level Communications Inc,0,0,0
20000321,40146,NXTV',OTC,157,157,3399,0,Next Level Communications Inc,0,0,0
20000322,40146,NXTV',OTC,159.8125,159.8125,2393,0,Next Level Communications Inc,0,0,0
20000323,40146,NXTV',OTC,155.5,155.5,2708,0,Next Level Communications Inc,0,0,0
20000324,40146,NXTV',OTC,156,156,2311,0,Next Level Communications Inc,0,0,0
20000327,40146,NXTV',OTC,154,154,2685,0,Next Level Communications Inc,0,0,0
20000328,40146,NXTV',OTC,143.75,143.75,1362,0,Next Level Communications Inc,0,0,0
20000329,40146,NXTV',OTC,137.9375,137.9375,7401,0,Next Level Communications Inc,0,0,0
20000330,40146,NXTV',OTC,120.375,120.375,3716,0,Next Level Communications Inc,0,0,0
20000331,40146,NXTV',OTC,108.75,108.75,2517,0,Next Level Communications Inc,0,0,0
20000403,40146,NXTV',OTC,87.5625,87.5625,8543,0,Next Level Communications Inc,0,0,0
20000404,40146,NXTV',OTC,81.25,81.25,18544,0,Next Level Communications Inc,0,0,0
20000405,40146,NXTV',OTC,128.125,128.125,14734,0,Next Level Communications Inc,0,0,0
20000406,40146,NXTV',OTC,126.25,126.25,4044,0,Next Level Communications Inc,0,0,0
20000407,40146,NXTV',OTC,126,126,3771,0,Next Level Communications Inc,0,0,0
20000410,40146,NXTV',OTC,124,124,1422,0,Next Level Communications Inc,0,0,0
20000411,40146,NXTV',OTC,115.25,115.25,1926,0,Next Level Communications Inc,0,0,0
20000412,40146,NXTV',OTC,91,91,3093,0,Next Level Communications Inc,0,0,0
20000413,40146,NXTV',OTC,84,84,7978,0,Next Level Communications Inc,0,0,0
20000414,40146,NXTV',OTC,80.5625,80.5625,3854,0,Next Level Communications Inc,0,0,0
20000417,40146,NXTV',OTC,91.75,91.75,5138,0,Next Level Communications Inc,0,0,0
20000418,40146,NXTV',OTC,101.5625,101.5625,3663,0,Next Level Communications Inc,0,0,0
20000419,40146,NXTV',OTC,95,95,3514,0,Next Level Communications Inc,0,0,0
20000420,40146,NXTV',OTC,92.8125,92.8125,1614,0,Next Level Communications Inc,0,0,0
20000424,40146,NXTV',OTC,82.9375,82.9375,1358,0,Next Level Communications Inc,0,0,0
20000425,40146,NXTV',OTC,81.6875,81.6875,2295,0,Next Level Communications Inc,0,0,0
20000426,40146,NXTV',OTC,86.375,86.375,2891,0,Next Level Communications Inc,0,0,0
20000427,40146,NXTV',OTC,83.5,83.5,1457,0,Next Level Communications Inc,0,0,0
20000428,40146,NXTV',OTC,79.625,79.625,3383,0,Next Level Communications Inc,0,0,0
20000501,40146,NXTV',OTC,85,85,4699,0,Next Level Communications Inc,0,0,0
20000502,40146,NXTV',OTC,78.125,78.125,3021,0,Next Level Communications Inc,0,0,0
20000503,40146,NXTV',OTC,77.5,77.5,1874,0,Next Level Communications Inc,0,0,0
20000504,40146,NXTV',OTC,72.25,72.25,666,0,Next Level Communications Inc,0,0,0
20000505,40146,NXTV',OTC,66.4375,66.4375,2248,0,Next Level Communications Inc,0,0,0
20000508,40146,NXTV',OTC,66.5625,66.5625,5123,0,Next Level Communications Inc,0,0,0
20000509,40146,NXTV',OTC,66.125,66.125,2558,0,Next Level Communications Inc,0,0,0
20000510,40146,NXTV',OTC,65.875,65.875,6933,0,Next Level Communications Inc,0,0,0
20000511,40146,NXTV',OTC,63.8125,63.8125,2110,0,Next Level Communications Inc,0,0,0
20000512,40146,NXTV',OTC,64.9375,64.9375,2865,0,Next Level Communications Inc,0,0,0
20000515,40146,NXTV',OTC,66,66,1305,0,Next Level Communications Inc,0,0,0
20000516,40146,NXTV',OTC,63.0625,63.0625,1703,0,Next Level Communications Inc,0,0,0
20000517,40146,NXTV',OTC,60,60,1095,0,Next Level Communications Inc,0,0,0
20000518,40146,NXTV',OTC,59.875,59.875,1092,0,Next Level Communications Inc,0,0,0
20000519,40146,NXTV',OTC,55.9375,55.9375,1917,0,Next Level Communications Inc,0,0,0
20000522,40146,NXTV',OTC,50.3125,50.3125,2303,0,Next Level Communications Inc,0,0,0
20000523,40146,NXTV',OTC,50.125,50.125,3011,0,Next Level Communications Inc,0,0,0
20000524,40146,NXTV',OTC,50.625,50.625,2861,0,Next Level Communications Inc,0,0,0
20000525,40146,NXTV',OTC,51.25,51.25,2751,0,Next Level Communications Inc,0,0,0
20000526,40146,NXTV',OTC,50,50,722,0,Next Level Communications Inc,0,0,0
20000530,40146,NXTV',OTC,50.625,50.625,1766,0,Next Level Communications Inc,0,0,0
20000531,40146,NXTV',OTC,51.125,51.125,1373,0,Next Level Communications Inc,0,0,0
20000601,40146,NXTV',OTC,61.875,61.875,3695,0,Next Level Communications Inc,0,0,0
20000602,40146,NXTV',OTC,66.375,66.375,3375,0,Next Level Communications Inc,0,0,0
20000605,40146,NXTV',OTC,71.25,71.25,2851,0,Next Level Communications Inc,0,0,0
20000606,40146,NXTV',OTC,66.375,66.375,4431,0,Next Level Communications Inc,0,0,0
20000607,40146,NXTV',OTC,70.25,70.25,1506,0,Next Level Communications Inc,0,0,0
20000608,40146,NXTV',OTC,69,69,776,0,Next Level Communications Inc,0,0,0
20000609,40146,NXTV',OTC,69.6875,69.6875,678,0,Next Level Communications Inc,0,0,0
20000612,40146,NXTV',OTC,67.25,67.25,517,0,Next Level Communications Inc,0,0,0
20000613,40146,NXTV',OTC,65.25,65.25,1203,0,Next Level Communications Inc,0,0,0
20000614,40146,NXTV',OTC,63.625,63.625,1021,0,Next Level Communications Inc,0,0,0
20000615,40146,NXTV',OTC,62.5,62.5,10408,0,Next Level Communications Inc,0,0,0
20000616,40146,NXTV',OTC,63,63,2755,0,Next Level Communications Inc,0,0,0
20000619,40146,NXTV',OTC,63.9375,63.9375,2237,0,Next Level Communications Inc,0,0,0
20000620,40146,NXTV',OTC,63.125,63.125,3087,0,Next Level Communications Inc,0,0,0
20000621,40146,NXTV',OTC,66.5,66.5,6951,0,Next Level Communications Inc,0,0,0
20000622,40146,NXTV',OTC,68.3125,68.3125,5176,0,Next Level Communications Inc,0,0,0
20000623,40146,NXTV',OTC,68.25,68.25,2412,0,Next Level Communications Inc,0,0,0
20000626,40146,NXTV',OTC,76.0625,76.0625,4155,0,Next Level Communications Inc,0,0,0
20000627,40146,NXTV',OTC,72.375,72.375,1988,0,Next Level Communications Inc,0,0,0
20000628,40146,NXTV',OTC,77.875,77.875,880,0,Next Level Communications Inc,0,0,0
20000629,40146,NXTV',OTC,80.875,80.875,3126,0,Next Level Communications Inc,0,0,0
20000630,40146,NXTV',OTC,85.75,85.75,5553,0,Next Level Communications Inc,0,0,0
20000703,40146,NXTV',OTC,86.5,86.5,586,0,Next Level Communications Inc,0,0,0
20000705,40146,NXTV',OTC,89.25,89.25,1980,0,Next Level Communications Inc,0,0,0
20000706,40146,NXTV',OTC,95.0625,95.0625,2770,0,Next Level Communications Inc,0,0,0
20000707,40146,NXTV',OTC,99.9375,99.9375,6808,0,Next Level Communications Inc,0,0,0
20000710,40146,NXTV',OTC,94.8125,94.8125,1938,0,Next Level Communications Inc,0,0,0
20000711,40146,NXTV',OTC,104.875,104.875,4485,0,Next Level Communications Inc,0,0,0
20000712,40146,NXTV',OTC,112.6875,112.6875,4903,0,Next Level Communications Inc,0,0,0
20000713,40146,NXTV',OTC,111.875,111.875,2429,0,Next Level Communications Inc,0,0,0
20000714,40146,NXTV',OTC,119,119,2485,0,Next Level Communications Inc,0,0,0
20000717,40146,NXTV',OTC,125.5625,125.5625,9262,0,Next Level Communications Inc,0,0,0
20000718,40146,NXTV',OTC,116.5,116.5,3435,0,Next Level Communications Inc,0,0,0
20000719,40146,NXTV',OTC,107.5,107.5,2001,0,Next Level Communications Inc,0,0,0
20000720,40146,NXTV',OTC,121.5,121.5,2374,0,Next Level Communications Inc,0,0,0
20000721,40146,NXTV',OTC,116.5,116.5,982,0,Next Level Communications Inc,0,0,0
20000724,40146,NXTV',OTC,102,102,6101,0,Next Level Communications Inc,0,0,0
20000725,40146,NXTV',OTC,103.5625,103.5625,1671,0,Next Level Communications Inc,0,0,0
20000726,40146,NXTV',OTC,105,105,934,0,Next Level Communications Inc,0,0,0
20000727,40146,NXTV',OTC,93.625,93.625,3534,0,Next Level Communications Inc,0,0,0
20000728,40146,NXTV',OTC,89.875,89.875,1298,0,Next Level Communications Inc,0,0,0
20000731,40146,NXTV',OTC,89.734375,89.734375,1632,0,Next Level Communications Inc,0,0,0
20000801,40146,NXTV',OTC,88.125,88.125,4548,0,Next Level Communications Inc,0,0,0
20000802,40146,NXTV',OTC,84.25,84.25,3223,0,Next Level Communications Inc,0,0,0
20000803,40146,NXTV',OTC,83.25,83.25,3558,0,Next Level Communications Inc,0,0,0
20000804,40146,NXTV',OTC,78.0625,78.0625,3526,0,Next Level Communications Inc,0,0,0
20000807,40146,NXTV',OTC,74.5,74.5,2492,0,Next Level Communications Inc,0,0,0
20000808,40146,NXTV',OTC,71.3125,71.3125,5278,0,Next Level Communications Inc,0,0,0
20000809,40146,NXTV',OTC,77,77,4678,0,Next Level Communications Inc,0,0,0
20000810,40146,NXTV',OTC,72.25,72.25,1684,0,Next Level Communications Inc,0,0,0
20000811,40146,NXTV',OTC,71.75,71.75,1282,0,Next Level Communications Inc,0,0,0
20000814,40146,NXTV',OTC,75.25,75.25,2129,0,Next Level Communications Inc,0,0,0
20000815,40146,NXTV',OTC,74.265625,74.265625,2431,0,Next Level Communications Inc,0,0,0
20000816,40146,NXTV',OTC,80.5,80.5,2624,0,Next Level Communications Inc,0,0,0
20000817,40146,NXTV',OTC,89.6875,89.6875,7201,0,Next Level Communications Inc,0,0,0
20000818,40146,NXTV',OTC,90.5,90.5,1825,0,Next Level Communications Inc,0,0,0
20000821,40146,NXTV',OTC,92,92,780,0,Next Level Communications Inc,0,0,0
20000822,40146,NXTV',OTC,91.75,91.75,2232,0,Next Level Communications Inc,0,0,0
20000823,40146,NXTV',OTC,91.5625,91.5625,6766,0,Next Level Communications Inc,0,0,0
20000824,40146,NXTV',OTC,41.75,41.75,250061,0,Next Level Communications Inc,0,0,0
20000825,40146,NXTV',OTC,42.25,42.25,81386,0,Next Level Communications Inc,0,0,0
20000828,40146,NXTV',OTC,41.125,41.125,13244,0,Next Level Communications Inc,0,0,0
20000829,40146,NXTV',OTC,41.6875,41.6875,12414,0,Next Level Communications Inc,0,0,0
20000830,40146,NXTV',OTC,40.625,40.625,6304,0,Next Level Communications Inc,0,0,0
20000831,40146,NXTV',OTC,44.125,44.125,36484,0,Next Level Communications Inc,0,0,0
20000901,40146,NXTV',OTC,43.875,43.875,12533,0,Next Level Communications Inc,0,0,0
20000905,40146,NXTV',OTC,49,49,30006,0,Next Level Communications Inc,0,0,0
20000906,40146,NXTV',OTC,55.125,55.125,47001,0,Next Level Communications Inc,0,0,0
20000907,40146,NXTV',OTC,53.625,53.625,113525,0,Next Level Communications Inc,0,0,0
20000908,40146,NXTV',OTC,57.25,57.25,31700,0,Next Level Communications Inc,0,0,0
20000911,40146,NXTV',OTC,72.4375,72.4375,60214,0,Next Level Communications Inc,0,0,0
20000912,40146,NXTV',OTC,70,70,33933,0,Next Level Communications Inc,0,0,0
20000913,40146,NXTV',OTC,73.75,73.75,22390,0,Next Level Communications Inc,0,0,0
20000914,40146,NXTV',OTC,68,68,18770,0,Next Level Communications Inc,0,0,0
20000915,40146,NXTV',OTC,68.875,68.875,9448,0,Next Level Communications Inc,0,0,0
20000918,40146,NXTV',OTC,64.640625,64.640625,17091,0,Next Level Communications Inc,0,0,0
20000919,40146,NXTV',OTC,59.296875,59.296875,17261,0,Next Level Communications Inc,0,0,0
20000920,40146,NXTV',OTC,60.5,60.5,15479,0,Next Level Communications Inc,0,0,0
20000921,40146,NXTV',OTC,59.6875,59.6875,4162,0,Next Level Communications Inc,0,0,0
20000922,40146,NXTV',OTC,57.0625,57.0625,6434,0,Next Level Communications Inc,0,0,0
20000925,40146,NXTV',OTC,59,59,5885,0,Next Level Communications Inc,0,0,0
20000926,40146,NXTV',OTC,57,57,4977,0,Next Level Communications Inc,0,0,0
20000927,40146,NXTV',OTC,50.125,50.125,6635,0,Next Level Communications Inc,0,0,0
20000928,40146,NXTV',OTC,53.1875,53.1875,9599,0,Next Level Communications Inc,0,0,0
20000929,40146,NXTV',OTC,66.125,66.125,18480,0,Next Level Communications Inc,0,0,0
20001002,40146,NXTV',OTC,71.5,71.5,18246,0,Next Level Communications Inc,0,0,0
20001003,40146,NXTV',OTC,62.375,62.375,9603,0,Next Level Communications Inc,0,0,0
20001004,40146,NXTV',OTC,56.625,56.625,23735,0,Next Level Communications Inc,0,0,0
20001005,40146,NXTV',OTC,53.9375,53.9375,5536,0,Next Level Communications Inc,0,0,0
20001006,40146,NXTV',OTC,48.75,48.75,12896,0,Next Level Communications Inc,0,0,0
20001009,40146,NXTV',OTC,50.125,50.125,4172,0,Next Level Communications Inc,0,0,0
20001010,40146,NXTV',OTC,47.75,47.75,3892,0,Next Level Communications Inc,0,0,0
20001011,40146,NXTV',OTC,47,47,5173,0,Next Level Communications Inc,0,0,0
20001012,40146,NXTV',OTC,45.5,45.5,3528,0,Next Level Communications Inc,0,0,0
20001013,40146,NXTV',OTC,50,50,5260,0,Next Level Communications Inc,0,0,0
20001016,40146,NXTV',OTC,48.25,48.25,3594,0,Next Level Communications Inc,0,0,0
20001017,40146,NXTV',OTC,44.4375,44.4375,2922,0,Next Level Communications Inc,0,0,0
20001018,40146,NXTV',OTC,35.5625,35.5625,11252,0,Next Level Communications Inc,0,0,0
20001019,40146,NXTV',OTC,42.25,42.25,17249,0,Next Level Communications Inc,0,0,0
20001020,40146,NXTV',OTC,46.25,46.25,10425,0,Next Level Communications Inc,0,0,0
20001023,40146,NXTV',OTC,49.875,49.875,12090,0,Next Level Communications Inc,0,0,0
20001024,40146,NXTV',OTC,44.421875,44.421875,5689,0,Next Level Communications Inc,0,0,0
20001025,40146,NXTV',OTC,40,40,6360,0,Next Level Communications Inc,0,0,0
20001026,40146,NXTV',OTC,40,40,7674,0,Next Level Communications Inc,0,0,0
20001027,40146,NXTV',OTC,40.875,40.875,8443,0,Next Level Communications Inc,0,0,0
20001030,40146,NXTV',OTC,35,35,9199,0,Next Level Communications Inc,0,0,0
20001031,40146,NXTV',OTC,46.8125,46.8125,24809,0,Next Level Communications Inc,0,0,0
20001101,40146,NXTV',OTC,42.5625,42.5625,13840,0,Next Level Communications Inc,0,0,0
20001102,40146,NXTV',OTC,43.75,43.75,6412,0,Next Level Communications Inc,0,0,0
20001103,40146,NXTV',OTC,45.375,45.375,9931,0,Next Level Communications Inc,0,0,0
20001106,40146,NXTV',OTC,42.5625,42.5625,5272,0,Next Level Communications Inc,0,0,0
20001107,40146,NXTV',OTC,38.625,38.625,15381,0,Next Level Communications Inc,0,0,0
20001108,40146,NXTV',OTC,35,35,9125,0,Next Level Communications Inc,0,0,0
20001109,40146,NXTV',OTC,34.5,34.5,15746,0,Next Level Communications Inc,0,0,0
20001110,40146,NXTV',OTC,31.125,31.125,8415,0,Next Level Communications Inc,0,0,0
20001113,40146,NXTV',OTC,30.875,30.875,6591,0,Next Level Communications Inc,0,0,0
20001114,40146,NXTV',OTC,33,33,5579,0,Next Level Communications Inc,0,0,0
20001115,40146,NXTV',OTC,30.875,30.875,14529,0,Next Level Communications Inc,0,0,0
20001116,40146,NXTV',OTC,29.8125,29.8125,4380,0,Next Level Communications Inc,0,0,0
20001117,40146,NXTV',OTC,24.75,24.75,11819,0,Next Level Communications Inc,0,0,0
20001120,40146,NXTV',OTC,23.375,23.375,10880,0,Next Level Communications Inc,0,0,0
20001121,40146,NXTV',OTC,22.8125,22.8125,4792,0,Next Level Communications Inc,0,0,0
20001122,40146,NXTV',OTC,21,21,5472,0,Next Level Communications Inc,0,0,0
20001124,40146,NXTV',OTC,22.25,22.25,2951,0,Next Level Communications Inc,0,0,0
20001127,40146,NXTV',OTC,19.625,19.625,5685,0,Next Level Communications Inc,0,0,0
20001128,40146,NXTV',OTC,18,18,9523,0,Next Level Communications Inc,0,0,0
20001129,40146,NXTV',OTC,15.0625,15.0625,15240,0,Next Level Communications Inc,0,0,0
20001130,40146,NXTV',OTC,10.75,10.75,38646,0,Next Level Communications Inc,0,0,0
20001201,40146,NXTV',OTC,11.25,11.25,27443,0,Next Level Communications Inc,0,0,0
20001204,40146,NXTV',OTC,13.125,13.125,10877,0,Next Level Communications Inc,0,0,0
20001205,40146,NXTV',OTC,14.125,14.125,18297,0,Next Level Communications Inc,0,0,0
20001206,40146,NXTV',OTC,13.875,13.875,14511,0,Next Level Communications Inc,0,0,0
20001207,40146,NXTV',OTC,14.25,14.25,7752,0,Next Level Communications Inc,0,0,0
20001208,40146,NXTV',OTC,16.5,16.5,11186,0,Next Level Communications Inc,0,0,0
20001211,40146,NXTV',OTC,20,20,16172,0,Next Level Communications Inc,0,0,0
20001212,40146,NXTV',OTC,18.3125,18.3125,10289,0,Next Level Communications Inc,0,0,0
20001213,40146,NXTV',OTC,18.8125,18.8125,7047,0,Next Level Communications Inc,0,0,0
20001214,40146,NXTV',OTC,17.984375,17.984375,5331,0,Next Level Communications Inc,0,0,0
20001215,40146,NXTV',OTC,17.1875,17.1875,5556,0,Next Level Communications Inc,0,0,0
20001218,40146,NXTV',OTC,14.75,14.75,7505,0,Next Level Communications Inc,0,0,0
20001219,40146,NXTV',OTC,13.6875,13.6875,5778,0,Next Level Communications Inc,0,0,0
20001220,40146,NXTV',OTC,11.9375,11.9375,6652,0,Next Level Communications Inc,0,0,0
20001221,40146,NXTV',OTC,10.375,10.375,8890,0,Next Level Communications Inc,0,0,0
20001222,40146,NXTV',OTC,12.5,12.5,8364,0,Next Level Communications Inc,0,0,0
20001226,40146,NXTV',OTC,12.125,12.125,4162,0,Next Level Communications Inc,0,0,0
20001227,40146,NXTV',OTC,12.0625,12.0625,4145,0,Next Level Communications Inc,0,0,0
20001228,40146,NXTV',OTC,11.75,11.75,3756,0,Next Level Communications Inc,0,0,0
20001229,40146,NXTV',OTC,11.375,11.375,7695,0,Next Level Communications Inc,0,0,0
20010102,40146,NXTV',OTC,10.25,10.25,3023,0,Next Level Communications Inc,0,0,0
20010103,40146,NXTV',OTC,10.9375,10.9375,13412,0,Next Level Communications Inc,0,0,0
20010104,40146,NXTV',OTC,10.8125,10.8125,8875,0,Next Level Communications Inc,0,0,0
20010105,40146,NXTV',OTC,10.75,10.75,25550,0,Next Level Communications Inc,0,0,0
20010108,40146,NXTV',OTC,9.75,9.75,6264,0,Next Level Communications Inc,0,0,0
20010109,40146,NXTV',OTC,8.625,8.625,5447,0,Next Level Communications Inc,0,0,0
20010110,40146,NXTV',OTC,9.21875,9.21875,3317,0,Next Level Communications Inc,0,0,0
20010111,40146,NXTV',OTC,9.8125,9.8125,7094,0,Next Level Communications Inc,0,0,0
20010112,40146,NXTV',OTC,12.1875,12.1875,11072,0,Next Level Communications Inc,0,0,0
20010116,40146,NXTV',OTC,12.3125,12.3125,4619,0,Next Level Communications Inc,0,0,0
20010117,40146,NXTV',OTC,13.4375,13.4375,7063,0,Next Level Communications Inc,0,0,0
20010118,40146,NXTV',OTC,14.6875,14.6875,8352,0,Next Level Communications Inc,0,0,0
20010119,40146,NXTV',OTC,14.625,14.625,5883,0,Next Level Communications Inc,0,0,0
20010122,40146,NXTV',OTC,14.25,14.25,2352,0,Next Level Communications Inc,0,0,0
20010123,40146,NXTV',OTC,14.125,14.125,4166,0,Next Level Communications Inc,0,0,0
20010124,40146,NXTV',OTC,13.75,13.75,4609,0,Next Level Communications Inc,0,0,0
20010125,40146,NXTV',OTC,12.4375,12.4375,3500,0,Next Level Communications Inc,0,0,0
20010126,40146,NXTV',OTC,13.3125,13.3125,4007,0,Next Level Communications Inc,0,0,0
20010129,40146,NXTV',OTC,13.75,13.75,3325,0,Next Level Communications Inc,0,0,0
20010130,40146,NXTV',OTC,13.25,13.25,5143,0,Next Level Communications Inc,0,0,0
20010131,40146,NXTV',OTC,13,13,7586,0,Next Level Communications Inc,0,0,0
20010201,40146,NXTV',OTC,13.3125,13.3125,3776,0,Next Level Communications Inc,0,0,0
20010202,40146,NXTV',OTC,12.0625,12.0625,2311,0,Next Level Communications Inc,0,0,0
20010205,40146,NXTV',OTC,11.3125,11.3125,1628,0,Next Level Communications Inc,0,0,0
20010206,40146,NXTV',OTC,11.125,11.125,1390,0,Next Level Communications Inc,0,0,0
20010207,40146,NXTV',OTC,10.5625,10.5625,2031,0,Next Level Communications Inc,0,0,0
20010208,40146,NXTV',OTC,12,12,4076,0,Next Level Communications Inc,0,0,0
20010209,40146,NXTV',OTC,11.6875,11.6875,3643,0,Next Level Communications Inc,0,0,0
20010212,40146,NXTV',OTC,11.375,11.375,2637,0,Next Level Communications Inc,0,0,0
20010213,40146,NXTV',OTC,10.875,10.875,2016,0,Next Level Communications Inc,0,0,0
20010214,40146,NXTV',OTC,10.5625,10.5625,2155,0,Next Level Communications Inc,0,0,0
20010215,40146,NXTV',OTC,11.75,11.75,3826,0,Next Level Communications Inc,0,0,0
20010216,40146,NXTV',OTC,11.0625,11.0625,3133,0,Next Level Communications Inc,0,0,0
20010220,40146,NXTV',OTC,9.8125,9.8125,1859,0,Next Level Communications Inc,0,0,0
20010221,40146,NXTV',OTC,9.1875,9.1875,1800,0,Next Level Communications Inc,0,0,0
20010222,40146,NXTV',OTC,9.15625,9.15625,4069,0,Next Level Communications Inc,0,0,0
20010223,40146,NXTV',OTC,8.796875,8.796875,3143,0,Next Level Communications Inc,0,0,0
20010226,40146,NXTV',OTC,10,10,1502,0,Next Level Communications Inc,0,0,0
20010227,40146,NXTV',OTC,9.125,9.125,896,0,Next Level Communications Inc,0,0,0
20010228,40146,NXTV',OTC,8.78125,8.78125,1591,0,Next Level Communications Inc,0,0,0
20010301,40146,NXTV',OTC,8.6875,8.6875,2956,0,Next Level Communications Inc,0,0,0
20010302,40146,NXTV',OTC,8.875,8.875,1188,0,Next Level Communications Inc,0,0,0
20010305,40146,NXTV',OTC,8.6875,8.6875,1011,0,Next Level Communications Inc,0,0,0
20010306,40146,NXTV',OTC,9,9,1224,0,Next Level Communications Inc,0,0,0
20010307,40146,NXTV',OTC,9.84375,9.84375,2937,0,Next Level Communications Inc,0,0,0
20010308,40146,NXTV',OTC,9.75,9.75,2074,0,Next Level Communications Inc,0,0,0
20010309,40146,NXTV',OTC,8.8125,8.8125,2774,0,Next Level Communications Inc,0,0,0
20010312,40146,NXTV',OTC,8.40625,8.40625,1870,0,Next Level Communications Inc,0,0,0
20010313,40146,NXTV',OTC,8.3125,8.3125,2082,0,Next Level Communications Inc,0,0,0
20010314,40146,NXTV',OTC,8.125,8.125,1841,0,Next Level Communications Inc,0,0,0
20010315,40146,NXTV',OTC,7.5,7.5,819,0,Next Level Communications Inc,0,0,0
20010316,40146,NXTV',OTC,6.34375,6.34375,2824,0,Next Level Communications Inc,0,0,0
20010319,40146,NXTV',OTC,6,6,3235,0,Next Level Communications Inc,0,0,0
20010320,40146,NXTV',OTC,6,6,1784,0,Next Level Communications Inc,0,0,0
20010321,40146,NXTV',OTC,5.28125,5.28125,3252,0,Next Level Communications Inc,0,0,0
20010322,40146,NXTV',OTC,5.28125,5.28125,2346,0,Next Level Communications Inc,0,0,0
20010323,40146,NXTV',OTC,5.375,5.375,1902,0,Next Level Communications Inc,0,0,0
20010326,40146,NXTV',OTC,6.96875,6.96875,4342,0,Next Level Communications Inc,0,0,0
20010327,40146,NXTV',OTC,6.40625,6.40625,1680,0,Next Level Communications Inc,0,0,0
20010328,40146,NXTV',OTC,5.8125,5.8125,1803,0,Next Level Communications Inc,0,0,0
20010329,40146,NXTV',OTC,5.015625,5.015625,3593,0,Next Level Communications Inc,0,0,0
20010330,40146,NXTV',OTC,5.25,5.25,8749,0,Next Level Communications Inc,0,0,0
20010402,40146,NXTV',OTC,5.125,5.125,1978,0,Next Level Communications Inc,0,0,0
20010403,40146,NXTV',OTC,3.75,3.75,2594,0,Next Level Communications Inc,0,0,0
20010404,40146,NXTV',OTC,3.15625,3.15625,4691,0,Next Level Communications Inc,0,0,0
20010405,40146,NXTV',OTC,3.6875,3.6875,4175,0,Next Level Communications Inc,0,0,0
20010406,40146,NXTV',OTC,3.625,3.625,2486,0,Next Level Communications Inc,0,0,0
20010409,40146,NXTV',OTC,4.18,4.18,2110,0,Next Level Communications Inc,0,0,0
20010410,40146,NXTV',OTC,5,5,3259,0,Next Level Communications Inc,0,0,0
20010411,40146,NXTV',OTC,4.62,4.62,2003,0,Next Level Communications Inc,0,0,0
20010412,40146,NXTV',OTC,4.99,4.99,1787,0,Next Level Communications Inc,0,0,0
20010416,40146,NXTV',OTC,4.61,4.61,1136,0,Next Level Communications Inc,0,0,0
20010417,40146,NXTV',OTC,4.59,4.59,1696,0,Next Level Communications Inc,0,0,0
20010418,40146,NXTV',OTC,4.82,4.82,4903,0,Next Level Communications Inc,0,0,0
20010419,40146,NXTV',OTC,4.45,4.45,3792,0,Next Level Communications Inc,0,0,0
20010420,40146,NXTV',OTC,4.5,4.5,3911,0,Next Level Communications Inc,0,0,0
20010423,40146,NXTV',OTC,4.18,4.18,1297,0,Next Level Communications Inc,0,0,0
20010424,40146,NXTV',OTC,5.33,5.33,7716,0,Next Level Communications Inc,0,0,0
20010425,40146,NXTV',OTC,6,6,5255,0,Next Level Communications Inc,0,0,0
20010426,40146,NXTV',OTC,5.85,5.85,3233,0,Next Level Communications Inc,0,0,0
20010427,40146,NXTV',OTC,6.35,6.35,1649,0,Next Level Communications Inc,0,0,0
20010430,40146,NXTV',OTC,7.05,7.05,2273,0,Next Level Communications Inc,0,0,0
20010501,40146,NXTV',OTC,6.99,6.99,6484,0,Next Level Communications Inc,0,0,0
20010502,40146,NXTV',OTC,7.21,7.21,2438,0,Next Level Communications Inc,0,0,0
20010503,40146,NXTV',OTC,7.19,7.19,3039,0,Next Level Communications Inc,0,0,0
20010504,40146,NXTV',OTC,7.32,7.32,2371,0,Next Level Communications Inc,0,0,0
20010507,40146,NXTV',OTC,7.29,7.29,2545,0,Next Level Communications Inc,0,0,0
20010508,40146,NXTV',OTC,8.65,8.65,10103,0,Next Level Communications Inc,0,0,0
20010509,40146,NXTV',OTC,8.17,8.17,2928,0,Next Level Communications Inc,0,0,0
20010510,40146,NXTV',OTC,7.71,7.71,2838,0,Next Level Communications Inc,0,0,0
20010511,40146,NXTV',OTC,7.78,7.78,2596,0,Next Level Communications Inc,0,0,0
20010514,40146,NXTV',OTC,8.76,8.76,3702,0,Next Level Communications Inc,0,0,0
20010515,40146,NXTV',OTC,9.38,9.38,3742,0,Next Level Communications Inc,0,0,0
20010516,40146,NXTV',OTC,9.02,9.02,1985,0,Next Level Communications Inc,0,0,0
20010517,40146,NXTV',OTC,8.87,8.87,5530,0,Next Level Communications Inc,0,0,0
20010518,40146,NXTV',OTC,9.15,9.15,5273,0,Next Level Communications Inc,0,0,0
20010521,40146,NXTV',OTC,9.9,9.9,3746,0,Next Level Communications Inc,0,0,0
20010522,40146,NXTV',OTC,12.18,12.18,5899,0,Next Level Communications Inc,0,0,0
20010523,40146,NXTV',OTC,11.24,11.24,4999,0,Next Level Communications Inc,0,0,0
20010524,40146,NXTV',OTC,10.86,10.86,3254,0,Next Level Communications Inc,0,0,0
20010525,40146,NXTV',OTC,10.53,10.53,1915,0,Next Level Communications Inc,0,0,0
20010529,40146,NXTV',OTC,9.47,9.47,2388,0,Next Level Communications Inc,0,0,0
20010530,40146,NXTV',OTC,8.5,8.5,3717,0,Next Level Communications Inc,0,0,0
20010531,40146,NXTV',OTC,9.46,9.46,3125,0,Next Level Communications Inc,0,0,0
20010601,40146,NXTV',OTC,9.3,9.3,1798,0,Next Level Communications Inc,0,0,0
20010604,40146,NXTV',OTC,8.89,8.89,1199,0,Next Level Communications Inc,0,0,0
20010605,40146,NXTV',OTC,8.79,8.79,1706,0,Next Level Communications Inc,0,0,0
20010606,40146,NXTV',OTC,8.97,8.97,2421,0,Next Level Communications Inc,0,0,0
20010607,40146,NXTV',OTC,9.42,9.42,2730,0,Next Level Communications Inc,0,0,0
20010608,40146,NXTV',OTC,9.15,9.15,741,0,Next Level Communications Inc,0,0,0
20010611,40146,NXTV',OTC,9.16,9.16,2112,0,Next Level Communications Inc,0,0,0
20010612,40146,NXTV',OTC,8.1,8.1,5443,0,Next Level Communications Inc,0,0,0
20010613,40146,NXTV',OTC,7.64,7.64,2228,0,Next Level Communications Inc,0,0,0
20010614,40146,NXTV',OTC,7.01,7.01,4401,0,Next Level Communications Inc,0,0,0
20010615,40146,NXTV',OTC,6.65,6.65,1223,0,Next Level Communications Inc,0,0,0
20010618,40146,NXTV',OTC,6.07,6.07,2797,0,Next Level Communications Inc,0,0,0
20010619,40146,NXTV',OTC,5.84,5.84,1643,0,Next Level Communications Inc,0,0,0
20010620,40146,NXTV',OTC,6.05,6.05,1024,0,Next Level Communications Inc,0,0,0
20010621,40146,NXTV',OTC,5.99,5.99,1219,0,Next Level Communications Inc,0,0,0
20010622,40146,NXTV',OTC,5.8,5.8,2363,0,Next Level Communications Inc,0,0,0
20010625,40146,NXTV',OTC,5.63,5.63,1823,0,Next Level Communications Inc,0,0,0
20010626,40146,NXTV',OTC,6.15,6.15,2271,0,Next Level Communications Inc,0,0,0
20010627,40146,NXTV',OTC,6,6,2644,0,Next Level Communications Inc,0,0,0
20010628,40146,NXTV',OTC,6.09,6.09,2607,0,Next Level Communications Inc,0,0,0
20010629,40146,NXTV',OTC,6.75,6.75,5703,0,Next Level Communications Inc,0,0,0
20010702,40146,NXTV',OTC,6.45,6.45,1906,0,Next Level Communications Inc,0,0,0
20010703,40146,NXTV',OTC,6.15,6.15,1160,0,Next Level Communications Inc,0,0,0
20010705,40146,NXTV',OTC,6.29,6.29,1390,0,Next Level Communications Inc,0,0,0
20010706,40146,NXTV',OTC,6.03,6.03,833,0,Next Level Communications Inc,0,0,0
20010709,40146,NXTV',OTC,5.57,5.57,695,0,Next Level Communications Inc,0,0,0
20010710,40146,NXTV',OTC,5.67,5.67,1012,0,Next Level Communications Inc,0,0,0
20010711,40146,NXTV',OTC,5,5,3455,0,Next Level Communications Inc,0,0,0
20010712,40146,NXTV',OTC,5.15,5.15,1810,0,Next Level Communications Inc,0,0,0
20010713,40146,NXTV',OTC,5.1,5.1,1311,0,Next Level Communications Inc,0,0,0
20010716,40146,NXTV',OTC,4.82,4.82,1148,0,Next Level Communications Inc,0,0,0
20010717,40146,NXTV',OTC,4.2,4.2,1767,0,Next Level Communications Inc,0,0,0
20010718,40146,NXTV',OTC,4.02,4.02,1582,0,Next Level Communications Inc,0,0,0
20010719,40146,NXTV',OTC,3.8,3.8,1714,0,Next Level Communications Inc,0,0,0
20010720,40146,NXTV',OTC,4,4,1908,0,Next Level Communications Inc,0,0,0
20010723,40146,NXTV',OTC,5.65,5.65,6980,0,Next Level Communications Inc,0,0,0
20010724,40146,NXTV',OTC,5.34,5.34,2023,0,Next Level Communications Inc,0,0,0
20010725,40146,NXTV',OTC,5.13,5.13,1317,0,Next Level Communications Inc,0,0,0
20010726,40146,NXTV',OTC,3.8,3.8,10636,0,Next Level Communications Inc,0,0,0
20010727,40146,NXTV',OTC,3.9,3.9,1244,0,Next Level Communications Inc,0,0,0
20010730,40146,NXTV',OTC,3.7,3.7,2236,0,Next Level Communications Inc,0,0,0
20010731,40146,NXTV',OTC,3.25,3.25,4131,0,Next Level Communications Inc,0,0,0
20010801,40146,NXTV',OTC,3.45,3.45,4737,0,Next Level Communications Inc,0,0,0
20010802,40146,NXTV',OTC,3.52,3.52,2977,0,Next Level Communications Inc,0,0,0
20010803,40146,NXTV',OTC,3.65,3.65,1479,0,Next Level Communications Inc,0,0,0
20010806,40146,NXTV',OTC,3.41,3.41,2021,0,Next Level Communications Inc,0,0,0
20010807,40146,NXTV',OTC,3.54,3.54,1585,0,Next Level Communications Inc,0,0,0
20010808,40146,NXTV',OTC,3.33,3.33,1528,0,Next Level Communications Inc,0,0,0
20010809,40146,NXTV',OTC,3.41,3.41,1405,0,Next Level Communications Inc,0,0,0
20010810,40146,NXTV',OTC,3.38,3.38,454,0,Next Level Communications Inc,0,0,0
20010813,40146,NXTV',OTC,2.97,2.97,6632,0,Next Level Communications Inc,0,0,0
20010814,40146,NXTV',OTC,2.97,2.97,2169,0,Next Level Communications Inc,0,0,0
20010815,40146,NXTV',OTC,2.61,2.61,3638,0,Next Level Communications Inc,0,0,0
20010816,40146,NXTV',OTC,2.45,2.45,2374,0,Next Level Communications Inc,0,0,0
20010817,40146,NXTV',OTC,2.44,2.44,1417,0,Next Level Communications Inc,0,0,0
20010820,40146,NXTV',OTC,2.6,2.6,1923,0,Next Level Communications Inc,0,0,0
20010821,40146,NXTV',OTC,2.46,2.46,3500,0,Next Level Communications Inc,0,0,0
20010822,40146,NXTV',OTC,2.38,2.38,1319,0,Next Level Communications Inc,0,0,0
20010823,40146,NXTV',OTC,2.6,2.6,1360,0,Next Level Communications Inc,0,0,0
20010824,40146,NXTV',OTC,2.5,2.5,1666,0,Next Level Communications Inc,0,0,0
20010827,40146,NXTV',OTC,2.46,2.46,715,0,Next Level Communications Inc,0,0,0
20010828,40146,NXTV',OTC,2.47,2.47,2465,0,Next Level Communications Inc,0,0,0
20010829,40146,NXTV',OTC,2.43,2.43,1032,0,Next Level Communications Inc,0,0,0
20010830,40146,NXTV',OTC,2.35,2.35,1983,0,Next Level Communications Inc,0,0,0
20010831,40146,NXTV',OTC,2.34,2.34,1086,0,Next Level Communications Inc,0,0,0
20010904,40146,NXTV',OTC,2.16,2.16,1541,0,Next Level Communications Inc,0,0,0
20010905,40146,NXTV',OTC,2.1,2.1,907,0,Next Level Communications Inc,0,0,0
20010906,40146,NXTV',OTC,2.03,2.03,788,0,Next Level Communications Inc,0,0,0
20010907,40146,NXTV',OTC,1.85,1.85,939,0,Next Level Communications Inc,0,0,0
20010910,40146,NXTV',OTC,1.67,1.67,1609,0,Next Level Communications Inc,0,0,0
20010917,40146,NXTV',OTC,1.4,1.4,2680,0,Next Level Communications Inc,0,0,0
20010918,40146,NXTV',OTC,1.47,1.47,1569,0,Next Level Communications Inc,0,0,0
20010919,40146,NXTV',OTC,1.5,1.5,1279,0,Next Level Communications Inc,0,0,0
20010920,40146,NXTV',OTC,1.5,1.5,2644,0,Next Level Communications Inc,0,0,0
20010921,40146,NXTV',OTC,1.47,1.47,1907,0,Next Level Communications Inc,0,0,0
20010924,40146,NXTV',OTC,1.5,1.5,2630,0,Next Level Communications Inc,0,0,0
20010925,40146,NXTV',OTC,1.54,1.54,1828,0,Next Level Communications Inc,0,0,0
20010926,40146,NXTV',OTC,1.7,1.7,1069,0,Next Level Communications Inc,0,0,0
20010927,40146,NXTV',OTC,2.28,2.28,2681,0,Next Level Communications Inc,0,0,0
20010928,40146,NXTV',OTC,3.06,3.06,4622,0,Next Level Communications Inc,0,0,0
20011001,40146,NXTV',OTC,2.61,2.61,1894,0,Next Level Communications Inc,0,0,0
20011002,40146,NXTV',OTC,3,3,1651,0,Next Level Communications Inc,0,0,0
20011003,40146,NXTV',OTC,3.2,3.2,2115,0,Next Level Communications Inc,0,0,0
20011004,40146,NXTV',OTC,3.51,3.51,2475,0,Next Level Communications Inc,0,0,0
20011005,40146,NXTV',OTC,3.91,3.91,2130,0,Next Level Communications Inc,0,0,0
20011008,40146,NXTV',OTC,4.03,4.03,2564,0,Next Level Communications Inc,0,0,0
20011009,40146,NXTV',OTC,3.73,3.73,2333,0,Next Level Communications Inc,0,0,0
20011010,40146,NXTV',OTC,3.95,3.95,1547,0,Next Level Communications Inc,0,0,0
20011011,40146,NXTV',OTC,4.27,4.27,1849,0,Next Level Communications Inc,0,0,0
20011012,40146,NXTV',OTC,4.15,4.15,1511,0,Next Level Communications Inc,0,0,0
20011015,40146,NXTV',OTC,4.35,4.35,847,0,Next Level Communications Inc,0,0,0
20011016,40146,NXTV',OTC,4.42,4.42,852,0,Next Level Communications Inc,0,0,0
20011017,40146,NXTV',OTC,4.27,4.27,738,0,Next Level Communications Inc,0,0,0
20011018,40146,NXTV',OTC,4.28,4.28,836,0,Next Level Communications Inc,0,0,0
20011019,40146,NXTV',OTC,3.22,3.22,11974,0,Next Level Communications Inc,0,0,0
20011022,40146,NXTV',OTC,2.6,2.6,5545,0,Next Level Communications Inc,0,0,0
20011023,40146,NXTV',OTC,2.69,2.69,2815,0,Next Level Communications Inc,0,0,0
20011024,40146,NXTV',OTC,2.78,2.78,1182,0,Next Level Communications Inc,0,0,0
20011025,40146,NXTV',OTC,3.3,3.3,8085,0,Next Level Communications Inc,0,0,0
20011026,40146,NXTV',OTC,3.2,3.2,2936,0,Next Level Communications Inc,0,0,0
20011029,40146,NXTV',OTC,3,3,2475,0,Next Level Communications Inc,0,0,0
20011030,40146,NXTV',OTC,2.8,2.8,1608,0,Next Level Communications Inc,0,0,0
20011031,40146,NXTV',OTC,2.71,2.71,2040,0,Next Level Communications Inc,0,0,0
20011101,40146,NXTV',OTC,2.66,2.66,3577,0,Next Level Communications Inc,0,0,0
20011102,40146,NXTV',OTC,3.11,3.11,3378,0,Next Level Communications Inc,0,0,0
20011105,40146,NXTV',OTC,3.14,3.14,2906,0,Next Level Communications Inc,0,0,0
20011106,40146,NXTV',OTC,3.17,3.17,1560,0,Next Level Communications Inc,0,0,0
20011107,40146,NXTV',OTC,2.9,2.9,990,0,Next Level Communications Inc,0,0,0
20011108,40146,NXTV',OTC,2.91,2.91,1004,0,Next Level Communications Inc,0,0,0
20011109,40146,NXTV',OTC,2.89,2.89,767,0,Next Level Communications Inc,0,0,0
20011112,40146,NXTV',OTC,2.93,2.93,1705,0,Next Level Communications Inc,0,0,0
20011113,40146,NXTV',OTC,3.2,3.2,3994,0,Next Level Communications Inc,0,0,0
20011114,40146,NXTV',OTC,3.11,3.11,2360,0,Next Level Communications Inc,0,0,0
20011115,40146,NXTV',OTC,3.15,3.15,1781,0,Next Level Communications Inc,0,0,0
20011116,40146,NXTV',OTC,3.12,3.12,1399,0,Next Level Communications Inc,0,0,0
20011119,40146,NXTV',OTC,3.5,3.5,3242,0,Next Level Communications Inc,0,0,0
20011120,40146,NXTV',OTC,4.39,4.39,12798,0,Next Level Communications Inc,0,0,0
20011121,40146,NXTV',OTC,4.27,4.27,4050,0,Next Level Communications Inc,0,0,0
20011123,40146,NXTV',OTC,4.28,4.28,800,0,Next Level Communications Inc,0,0,0
20011126,40146,NXTV',OTC,4.57,4.57,4865,0,Next Level Communications Inc,0,0,0
20011127,40146,NXTV',OTC,4.25,4.25,2061,0,Next Level Communications Inc,0,0,0
20011128,40146,NXTV',OTC,4.17,4.17,4422,0,Next Level Communications Inc,0,0,0
20011129,40146,NXTV',OTC,4.28,4.28,2338,0,Next Level Communications Inc,0,0,0
20011130,40146,NXTV',OTC,4.3,4.3,4118,0,Next Level Communications Inc,0,0,0
20011203,40146,NXTV',OTC,4.15,4.15,1903,0,Next Level Communications Inc,0,0,0
20011204,40146,NXTV',OTC,4.12,4.12,2373,0,Next Level Communications Inc,0,0,0
20011205,40146,NXTV',OTC,4.35,4.35,1752,0,Next Level Communications Inc,0,0,0
20011206,40146,NXTV',OTC,5.6,5.6,9780,0,Next Level Communications Inc,0,0,0
20011207,40146,NXTV',OTC,6.44,6.44,11474,0,Next Level Communications Inc,0,0,0
20011210,40146,NXTV',OTC,5.96,5.96,13442,0,Next Level Communications Inc,0,0,0
20011211,40146,NXTV',OTC,5.28,5.28,9376,0,Next Level Communications Inc,0,0,0
20011212,40146,NXTV',OTC,5.25,5.25,11150,0,Next Level Communications Inc,0,0,0
20011213,40146,NXTV',OTC,4.29,4.29,24466,0,Next Level Communications Inc,0,0,0
20011214,40146,NXTV',OTC,3.44,3.44,10779,0,Next Level Communications Inc,0,0,0
20011217,40146,NXTV',OTC,3.3,3.3,12751,0,Next Level Communications Inc,0,0,0
20011218,40146,NXTV',OTC,3.48,3.48,10735,0,Next Level Communications Inc,0,0,0
20011219,40146,NXTV',OTC,3.3,3.3,3325,0,Next Level Communications Inc,0,0,0
20011220,40146,NXTV',OTC,2.89,2.89,6443,0,Next Level Communications Inc,0,0,0
20011221,40146,NXTV',OTC,2.79,2.79,6980,0,Next Level Communications Inc,0,0,0
20011224,40146,NXTV',OTC,2.79,2.79,2038,0,Next Level Communications Inc,0,0,0
20011226,40146,NXTV',OTC,3,3,7034,0,Next Level Communications Inc,0,0,0
20011227,40146,NXTV',OTC,3.32,3.32,9487,0,Next Level Communications Inc,0,0,0
20011228,40146,NXTV',OTC,3.49,3.49,4679,0,Next Level Communications Inc,0,0,0
20011231,40146,NXTV',OTC,3.35,3.35,3022,0,Next Level Communications Inc,0,0,0
20020102,40146,NXTV',OTC,3.37,3.37,2018,0,Next Level Communications Inc,0,0,0
20020103,40146,NXTV',OTC,3.5,3.5,3254,0,Next Level Communications Inc,0,0,0
20020104,40146,NXTV',OTC,3.5,3.5,2595,0,Next Level Communications Inc,0,0,0
20020107,40146,NXTV',OTC,3.21,3.21,5749,0,Next Level Communications Inc,0,0,0
20020108,40146,NXTV',OTC,3.56,3.56,6975,0,Next Level Communications Inc,0,0,0
20020109,40146,NXTV',OTC,3.37,3.37,4614,0,Next Level Communications Inc,0,0,0
20020110,40146,NXTV',OTC,3.28,3.28,1843,0,Next Level Communications Inc,0,0,0
20020111,40146,NXTV',OTC,3.11,3.11,1468,0,Next Level Communications Inc,0,0,0
20020114,40146,NXTV',OTC,2.94,2.94,1689,0,Next Level Communications Inc,0,0,0
20020115,40146,NXTV',OTC,2.8,2.8,1430,0,Next Level Communications Inc,0,0,0
20020116,40146,NXTV',OTC,2.75,2.75,3575,0,Next Level Communications Inc,0,0,0
20020117,40146,NXTV',OTC,2.85,2.85,3932,0,Next Level Communications Inc,0,0,0
20020118,40146,NXTV',OTC,2.68,2.68,2144,0,Next Level Communications Inc,0,0,0
20020122,40146,NXTV',OTC,1.96,1.96,10802,0,Next Level Communications Inc,0,0,0
20020123,40146,NXTV',OTC,2.05,2.05,4171,0,Next Level Communications Inc,0,0,0
20020124,40146,NXTV',OTC,2.28,2.28,4164,0,Next Level Communications Inc,0,0,0
20020125,40146,NXTV',OTC,2.18,2.18,1306,0,Next Level Communications Inc,0,0,0
20020128,40146,NXTV',OTC,2.37,2.37,2550,0,Next Level Communications Inc,0,0,0
20020129,40146,NXTV',OTC,2.25,2.25,2035,0,Next Level Communications Inc,0,0,0
20020130,40146,NXTV',OTC,2.16,2.16,2819,0,Next Level Communications Inc,0,0,0
20020131,40146,NXTV',OTC,2.18,2.18,1574,0,Next Level Communications Inc,0,0,0
20020201,40146,NXTV',OTC,2.04,2.04,1218,0,Next Level Communications Inc,0,0,0
20020204,40146,NXTV',OTC,2,2,1734,0,Next Level Communications Inc,0,0,0
20020205,40146,NXTV',OTC,1.67,1.67,9434,0,Next Level Communications Inc,0,0,0
20020206,40146,NXTV',OTC,1.8,1.8,2510,0,Next Level Communications Inc,0,0,0
20020207,40146,NXTV',OTC,1.98,1.98,1775,0,Next Level Communications Inc,0,0,0
20020208,40146,NXTV',OTC,2.1,2.1,808,0,Next Level Communications Inc,0,0,0
20020211,40146,NXTV',OTC,2.06,2.06,2150,0,Next Level Communications Inc,0,0,0
20020212,40146,NXTV',OTC,2.03,2.03,889,0,Next Level Communications Inc,0,0,0
20020213,40146,NXTV',OTC,1.7,1.7,3391,0,Next Level Communications Inc,0,0,0
20020214,40146,NXTV',OTC,1.8,1.8,1974,0,Next Level Communications Inc,0,0,0
20020215,40146,NXTV',OTC,1.8,1.8,521,0,Next Level Communications Inc,0,0,0
20020219,40146,NXTV',OTC,1.75,1.75,2130,0,Next Level Communications Inc,0,0,0
20020220,40146,NXTV',OTC,1.67,1.67,2402,0,Next Level Communications Inc,0,0,0
20020221,40146,NXTV',OTC,1.6,1.6,764,0,Next Level Communications Inc,0,0,0
20020222,40146,NXTV',OTC,1.68,1.68,1169,0,Next Level Communications Inc,0,0,0
20020225,40146,NXTV',OTC,1.72,1.72,556,0,Next Level Communications Inc,0,0,0
20020226,40146,NXTV',OTC,1.67,1.67,544,0,Next Level Communications Inc,0,0,0
20020227,40146,NXTV',OTC,1.51,1.51,2602,0,Next Level Communications Inc,0,0,0
20020228,40146,NXTV',OTC,1.62,1.62,1071,0,Next Level Communications Inc,0,0,0
20020301,40146,NXTV',OTC,1.62,1.62,916,0,Next Level Communications Inc,0,0,0
20020304,40146,NXTV',OTC,1.54,1.54,2631,0,Next Level Communications Inc,0,0,0
20020305,40146,NXTV',OTC,1.6,1.6,654,0,Next Level Communications Inc,0,0,0
20020306,40146,NXTV',OTC,1.78,1.78,2017,0,Next Level Communications Inc,0,0,0
20020307,40146,NXTV',OTC,1.9,1.9,2658,0,Next Level Communications Inc,0,0,0
20020308,40146,NXTV',OTC,1.78,1.78,1130,0,Next Level Communications Inc,0,0,0
20020311,40146,NXTV',OTC,1.83,1.83,1042,0,Next Level Communications Inc,0,0,0
20020312,40146,NXTV',OTC,1.74,1.74,595,0,Next Level Communications Inc,0,0,0
20020313,40146,NXTV',OTC,1.57,1.57,1520,0,Next Level Communications Inc,0,0,0
20020314,40146,NXTV',OTC,1.6,1.6,1033,0,Next Level Communications Inc,0,0,0
20020315,40146,NXTV',OTC,1.6,1.6,1004,0,Next Level Communications Inc,0,0,0
20020318,40146,NXTV',OTC,1.64,1.64,999,0,Next Level Communications Inc,0,0,0
20020319,40146,NXTV',OTC,1.59,1.59,1588,0,Next Level Communications Inc,0,0,0
20020320,40146,NXTV',OTC,1.47,1.47,2611,0,Next Level Communications Inc,0,0,0
20020321,40146,NXTV',OTC,1.54,1.54,779,0,Next Level Communications Inc,0,0,0
20020322,40146,NXTV',OTC,1.52,1.52,258,0,Next Level Communications Inc,0,0,0
20020325,40146,NXTV',OTC,1.45,1.45,889,0,Next Level Communications Inc,0,0,0
20020326,40146,NXTV',OTC,1.42,1.42,902,0,Next Level Communications Inc,0,0,0
20020327,40146,NXTV',OTC,1.38,1.38,1900,0,Next Level Communications Inc,0,0,0
20020328,40146,NXTV',OTC,1.44,1.44,1140,0,Next Level Communications Inc,0,0,0
20020401,40146,NXTV',OTC,1.43,1.43,687,0,Next Level Communications Inc,0,0,0
20020402,40146,NXTV',OTC,1.54,1.54,1796,0,Next Level Communications Inc,0,0,0
20020403,40146,NXTV',OTC,1.38,1.38,1214,0,Next Level Communications Inc,0,0,0
20020404,40146,NXTV',OTC,1.39,1.39,478,0,Next Level Communications Inc,0,0,0
20020405,40146,NXTV',OTC,1.33,1.33,694,0,Next Level Communications Inc,0,0,0
20020408,40146,NXTV',OTC,1.39,1.39,663,0,Next Level Communications Inc,0,0,0
20020409,40146,NXTV',OTC,1.3,1.3,853,0,Next Level Communications Inc,0,0,0
20020410,40146,NXTV',OTC,1.3,1.3,758,0,Next Level Communications Inc,0,0,0
20020411,40146,NXTV',OTC,1.27,1.27,1410,0,Next Level Communications Inc,0,0,0
20020412,40146,NXTV',OTC,1.25,1.25,1127,0,Next Level Communications Inc,0,0,0
20020415,40146,NXTV',OTC,1.17,1.17,1090,0,Next Level Communications Inc,0,0,0
20020416,40146,NXTV',OTC,1.34,1.34,2842,0,Next Level Communications Inc,0,0,0
20020417,40146,NXTV',OTC,1.35,1.35,2354,0,Next Level Communications Inc,0,0,0
20020418,40146,NXTV',OTC,1.24,1.24,2177,0,Next Level Communications Inc,0,0,0
20020419,40146,NXTV',OTC,1.21,1.21,732,0,Next Level Communications Inc,0,0,0
20020422,40146,NXTV',OTC,1.15,1.15,1098,0,Next Level Communications Inc,0,0,0
20020423,40146,NXTV',OTC,1.18,1.18,1881,0,Next Level Communications Inc,0,0,0
20020424,40146,NXTV',OTC,1.17,1.17,659,0,Next Level Communications Inc,0,0,0
20020425,40146,NXTV',OTC,1.04,1.04,2472,0,Next Level Communications Inc,0,0,0
20020426,40146,NXTV',OTC,0.9,0.9,5403,0,Next Level Communications Inc,0,0,0
20020429,40146,NXTV',OTC,1.02,1.02,2682,0,Next Level Communications Inc,0,0,0
20020430,40146,NXTV',OTC,0.98,0.98,1043,0,Next Level Communications Inc,0,0,0
20020501,40146,NXTV',OTC,0.94,0.94,3402,0,Next Level Communications Inc,0,0,0
20020502,40146,NXTV',OTC,0.96,0.96,884,0,Next Level Communications Inc,0,0,0
20020503,40146,NXTV',OTC,0.95,0.95,1461,0,Next Level Communications Inc,0,0,0
20020506,40146,NXTV',OTC,0.97,0.97,387,0,Next Level Communications Inc,0,0,0
20020507,40146,NXTV',OTC,0.92,0.92,874,0,Next Level Communications Inc,0,0,0
20020508,40146,NXTV',OTC,0.98,0.98,357,0,Next Level Communications Inc,0,0,0
20020509,40146,NXTV',OTC,0.99,0.99,439,0,Next Level Communications Inc,0,0,0
20020510,40146,NXTV',OTC,0.91,0.91,761,0,Next Level Communications Inc,0,0,0
20020513,40146,NXTV',OTC,0.87,0.87,1865,0,Next Level Communications Inc,0,0,0
20020514,40146,NXTV',OTC,0.83,0.83,1577,0,Next Level Communications Inc,0,0,0
20020515,40146,NXTV',OTC,0.86,0.86,2903,0,Next Level Communications Inc,0,0,0
20020516,40146,NXTV',OTC,1.04,1.04,1379,0,Next Level Communications Inc,0,0,0
20020517,40146,NXTV',OTC,1.2,1.2,4413,0,Next Level Communications Inc,0,0,0
20020520,40146,NXTV',OTC,1.6,1.6,3171,0,Next Level Communications Inc,0,0,0
20020521,40146,NXTV',OTC,1.8,1.8,5806,0,Next Level Communications Inc,0,0,0
20020522,40146,NXTV',OTC,1.62,1.62,3387,0,Next Level Communications Inc,0,0,0
20020523,40146,NXTV',OTC,1.45,1.45,1935,0,Next Level Communications Inc,0,0,0
20020524,40146,NXTV',OTC,1.39,1.39,834,0,Next Level Communications Inc,0,0,0
20020528,40146,NXTV',OTC,1.5,1.5,664,0,Next Level Communications Inc,0,0,0
20020529,40146,NXTV',OTC,1.49,1.49,1408,0,Next Level Communications Inc,0,0,0
20020530,40146,NXTV',OTC,1.56,1.56,675,0,Next Level Communications Inc,0,0,0
20020531,40146,NXTV',OTC,1.73,1.73,3802,0,Next Level Communications Inc,0,0,0
20020603,40146,NXTV',OTC,1.91,1.91,2523,0,Next Level Communications Inc,0,0,0
20020604,40146,NXTV',OTC,1.89,1.89,1581,0,Next Level Communications Inc,0,0,0
20020605,40146,NXTV',OTC,1.8,1.8,621,0,Next Level Communications Inc,0,0,0
20020606,40146,NXTV',OTC,1.7,1.7,883,0,Next Level Communications Inc,0,0,0
20020607,40146,NXTV',OTC,1.64,1.64,778,0,Next Level Communications Inc,0,0,0
20020610,40146,NXTV',OTC,1.5,1.5,363,0,Next Level Communications Inc,0,0,0
20020611,40146,NXTV',OTC,1.44,1.44,609,0,Next Level Communications Inc,0,0,0
20020612,40146,NXTV',OTC,1.34,1.34,797,0,Next Level Communications Inc,0,0,0
20020613,40146,NXTV',OTC,1.39,1.39,544,0,Next Level Communications Inc,0,0,0
20020614,40146,NXTV',OTC,1.33,1.33,667,0,Next Level Communications Inc,0,0,0
20020617,40146,NXTV',OTC,1.26,1.26,1419,0,Next Level Communications Inc,0,0,0
20020618,40146,NXTV',OTC,1.2,1.2,703,0,Next Level Communications Inc,0,0,0
20020619,40146,NXTV',OTC,1.2,1.2,1272,0,Next Level Communications Inc,0,0,0
20020620,40146,NXTV',OTC,1.19,1.19,869,0,Next Level Communications Inc,0,0,0
20020621,40146,NXTV',OTC,1.28,1.28,1604,0,Next Level Communications Inc,0,0,0
20020624,40146,NXTV',OTC,1.1,1.1,1606,0,Next Level Communications Inc,0,0,0
20020625,40146,NXTV',OTC,1.08,1.08,1167,0,Next Level Communications Inc,0,0,0
20020626,40146,NXTV',OTC,1.14,1.14,961,0,Next Level Communications Inc,0,0,0
20020627,40146,NXTV',OTC,1.08,1.08,463,0,Next Level Communications Inc,0,0,0
20020628,40146,NXTV',OTC,1.01,1.01,4073,0,Next Level Communications Inc,0,0,0
20020701,40146,NXTV',OTC,1.47,1.47,1469,0,Next Level Communications Inc,0,0,0
20020702,40146,NXTV',OTC,1.38,1.38,1006,0,Next Level Communications Inc,0,0,0
20020703,40146,NXTV',OTC,1.29,1.29,915,0,Next Level Communications Inc,0,0,0
20020705,40146,NXTV',OTC,1.21,1.21,156,0,Next Level Communications Inc,0,0,0
20020708,40146,NXTV',OTC,1.39,1.39,390,0,Next Level Communications Inc,0,0,0
20020709,40146,NXTV',OTC,1.28,1.28,656,0,Next Level Communications Inc,0,0,0
20020710,40146,NXTV',OTC,1.24,1.24,421,0,Next Level Communications Inc,0,0,0
20020711,40146,NXTV',OTC,1.38,1.38,676,0,Next Level Communications Inc,0,0,0
20020712,40146,NXTV',OTC,1.36,1.36,777,0,Next Level Communications Inc,0,0,0
20020715,40146,NXTV',OTC,1.44,1.44,218,0,Next Level Communications Inc,0,0,0
20020716,40146,NXTV',OTC,1.39,1.39,735,0,Next Level Communications Inc,0,0,0
20020717,40146,NXTV',OTC,1.45,1.45,614,0,Next Level Communications Inc,0,0,0
20020718,40146,NXTV',OTC,1.32,1.32,372,0,Next Level Communications Inc,0,0,0
20020719,40146,NXTV',OTC,1.3,1.3,425,0,Next Level Communications Inc,0,0,0
20020722,40146,NXTV',OTC,1.18,1.18,796,0,Next Level Communications Inc,0,0,0
20020723,40146,NXTV',OTC,1.11,1.11,582,0,Next Level Communications Inc,0,0,0
20020724,40146,NXTV',OTC,1.12,1.12,1029,0,Next Level Communications Inc,0,0,0
20020725,40146,NXTV',OTC,1.1,1.1,604,0,Next Level Communications Inc,0,0,0
20020726,40146,NXTV',OTC,1.03,1.03,870,0,Next Level Communications Inc,0,0,0
20020729,40146,NXTV',OTC,1.05,1.05,646,0,Next Level Communications Inc,0,0,0
20020730,40146,NXTV',OTC,0.97,0.97,1057,0,Next Level Communications Inc,0,0,0
20020731,40146,NXTV',OTC,0.86,0.86,2182,0,Next Level Communications Inc,0,0,0
20020801,40146,NXTV',OTC,0.86,0.86,785,0,Next Level Communications Inc,0,0,0
20020802,40146,NXTV',OTC,0.8,0.8,963,0,Next Level Communications Inc,0,0,0
20020805,40146,NXTV',OTC,0.9,0.9,435,0,Next Level Communications Inc,0,0,0
20020806,40146,NXTV',OTC,0.91,0.91,1474,0,Next Level Communications Inc,0,0,0
20020807,40146,NXTV',OTC,0.8,0.8,2658,0,Next Level Communications Inc,0,0,0
20020808,40146,NXTV',OTC,0.88,0.88,1105,0,Next Level Communications Inc,0,0,0
20020809,40146,NXTV',OTC,0.81,0.81,2379,0,Next Level Communications Inc,0,0,0
20020812,40146,NXTV',OTC,0.8,0.8,329,0,Next Level Communications Inc,0,0,0
20020813,40146,NXTV',OTC,0.75,0.75,1764,0,Next Level Communications Inc,0,0,0
20020814,40146,NXTV',OTC,0.82,0.82,2353,0,Next Level Communications Inc,0,0,0
20020815,40146,NXTV',OTC,0.74,0.74,1377,0,Next Level Communications Inc,0,0,0
20020816,40146,NXTV',OTC,0.72,0.72,503,0,Next Level Communications Inc,0,0,0
20020819,40146,NXTV',OTC,0.73,0.73,858,0,Next Level Communications Inc,0,0,0
20020820,40146,NXTV',OTC,1.1,1.1,3771,0,Next Level Communications Inc,0,0,0
20020821,40146,NXTV',OTC,1.21,1.21,5237,0,Next Level Communications Inc,0,0,0
20020822,40146,NXTV',OTC,1.42,1.42,5670,0,Next Level Communications Inc,0,0,0
20020823,40146,NXTV',OTC,1.22,1.22,1340,0,Next Level Communications Inc,0,0,0
20020826,40146,NXTV',OTC,1.29,1.29,743,0,Next Level Communications Inc,0,0,0
20020827,40146,NXTV',OTC,1.15,1.15,1084,0,Next Level Communications Inc,0,0,0
20020828,40146,NXTV',OTC,1.08,1.08,1481,0,Next Level Communications Inc,0,0,0
20020829,40146,NXTV',OTC,1.1,1.1,605,0,Next Level Communications Inc,0,0,0
20020830,40146,NXTV',OTC,0.95,0.95,2618,0,Next Level Communications Inc,0,0,0
20020903,40146,NXTV',OTC,0.98,0.98,699,0,Next Level Communications Inc,0,0,0
20020904,40146,NXTV',OTC,0.99,0.99,1659,0,Next Level Communications Inc,0,0,0
20020905,40146,NXTV',OTC,0.96,0.96,1129,0,Next Level Communications Inc,0,0,0
20020906,40146,NXTV',OTC,1,1,1087,0,Next Level Communications Inc,0,0,0
20020909,40146,NXTV',OTC,0.95,0.95,918,0,Next Level Communications Inc,0,0,0
20020910,40146,NXTV',OTC,0.99,0.99,3126,0,Next Level Communications Inc,0,0,0
20020911,40146,NXTV',OTC,0.97,0.97,547,0,Next Level Communications Inc,0,0,0
20020912,40146,NXTV',OTC,0.93,0.93,226,0,Next Level Communications Inc,0,0,0
20020913,40146,NXTV',OTC,0.95,0.95,200,0,Next Level Communications Inc,0,0,0
20020916,40146,NXTV',OTC,0.96,0.96,2343,0,Next Level Communications Inc,0,0,0
20020917,40146,NXTV',OTC,0.91,0.91,777,0,Next Level Communications Inc,0,0,0
20020918,40146,NXTV',OTC,0.9,0.9,362,0,Next Level Communications Inc,0,0,0
20020919,40146,NXTV',OTC,0.9,0.9,357,0,Next Level Communications Inc,0,0,0
20020920,40146,NXTV',OTC,0.88,0.88,1579,0,Next Level Communications Inc,0,0,0
20020923,40146,NXTV',OTC,1.09,1.09,2014,0,Next Level Communications Inc,0,0,0
20020924,40146,NXTV',OTC,0.89,0.89,985,0,Next Level Communications Inc,0,0,0
20020925,40146,NXTV',OTC,0.87,0.87,317,0,Next Level Communications Inc,0,0,0
20020926,40146,NXTV',OTC,0.95,0.95,736,0,Next Level Communications Inc,0,0,0
20020927,40146,NXTV',OTC,0.85,0.85,212,0,Next Level Communications Inc,0,0,0
20020930,40146,NXTV',OTC,0.77,0.77,1271,0,Next Level Communications Inc,0,0,0
20021001,40146,NXTV',OTC,0.76,0.76,1440,0,Next Level Communications Inc,0,0,0
20021002,40146,NXTV',OTC,0.87,0.87,726,0,Next Level Communications Inc,0,0,0
20021003,40146,NXTV',OTC,0.78,0.78,3098,0,Next Level Communications Inc,0,0,0
20021004,40146,NXTV',OTC,0.77,0.77,232,0,Next Level Communications Inc,0,0,0
20021007,40146,NXTV',OTC,0.75,0.75,768,0,Next Level Communications Inc,0,0,0
20021008,40146,NXTV',OTC,0.71,0.71,367,0,Next Level Communications Inc,0,0,0
20021009,40146,NXTV',OTC,0.72,0.72,641,0,Next Level Communications Inc,0,0,0
20021010,40146,NXTV',OTC,0.74,0.74,385,0,Next Level Communications Inc,0,0,0
20021011,40146,NXTV',OTC,0.76,0.76,401,0,Next Level Communications Inc,0,0,0
20021014,40146,NXTV',OTC,0.75,0.75,326,0,Next Level Communications Inc,0,0,0
20021015,40146,NXTV',OTC,0.79,0.79,494,0,Next Level Communications Inc,0,0,0
20021016,40146,NXTV',OTC,0.8,0.8,2079,0,Next Level Communications Inc,0,0,0
20021017,40146,NXTV',OTC,0.78,0.78,467,0,Next Level Communications Inc,0,0,0
20021018,40146,NXTV',OTC,0.7,0.7,962,0,Next Level Communications Inc,0,0,0
20021021,40146,NXTV',OTC,0.72,0.72,510,0,Next Level Communications Inc,0,0,0
20021022,40146,NXTV',OTC,0.69,0.69,1252,0,Next Level Communications Inc,0,0,0
20021023,40146,NXTV',OTC,0.73,0.73,2285,0,Next Level Communications Inc,0,0,0
20021024,40146,NXTV',OTC,0.66,0.66,2569,0,Next Level Communications Inc,0,0,0
20021025,40146,NXTV',OTC,0.7,0.7,891,0,Next Level Communications Inc,0,0,0
20021028,40146,NXTV',OTC,0.66,0.66,1160,0,Next Level Communications Inc,0,0,0
20021029,40146,NXTV',OTC,0.64,0.64,1459,0,Next Level Communications Inc,0,0,0
20021030,40146,NXTV',OTC,0.64,0.64,1453,0,Next Level Communications Inc,0,0,0
20021031,40146,NXTV',OTC,0.66,0.66,1598,0,Next Level Communications Inc,0,0,0
20021101,40146,NXTV',OTC,0.65,0.65,1410,0,Next Level Communications Inc,0,0,0
20021104,40146,NXTV',OTC,0.67,0.67,3963,0,Next Level Communications Inc,0,0,0
20021105,40146,NXTV',OTC,0.63,0.63,3725,0,Next Level Communications Inc,0,0,0
20021106,40146,NXTV',OTC,0.76,0.76,3810,0,Next Level Communications Inc,0,0,0
20021107,40146,NXTV',OTC,0.72,0.72,1151,0,Next Level Communications Inc,0,0,0
20021108,40146,NXTV',OTC,0.67,0.67,859,0,Next Level Communications Inc,0,0,0
20021111,40146,NXTV',OTC,0.58,0.58,4406,0,Next Level Communications Inc,0,0,0
20021112,40146,NXTV',OTC,0.63,0.63,2131,0,Next Level Communications Inc,0,0,0
20021113,40146,NXTV',OTC,0.66,0.66,787,0,Next Level Communications Inc,0,0,0
20021114,40146,NXTV',OTC,0.67,0.67,734,0,Next Level Communications Inc,0,0,0
20021115,40146,NXTV',OTC,0.63,0.63,441,0,Next Level Communications Inc,0,0,0
20021118,40146,NXTV',OTC,0.61,0.61,1404,0,Next Level Communications Inc,0,0,0
20021119,40146,NXTV',OTC,0.61,0.61,1911,0,Next Level Communications Inc,0,0,0
20021120,40146,NXTV',OTC,0.63,0.63,2436,0,Next Level Communications Inc,0,0,0
20021121,40146,NXTV',OTC,0.66,0.66,5017,0,Next Level Communications Inc,0,0,0
20021122,40146,NXTV',OTC,0.62,0.62,2555,0,Next Level Communications Inc,0,0,0
20021125,40146,NXTV',OTC,0.69,0.69,4076,0,Next Level Communications Inc,0,0,0
20021126,40146,NXTV',OTC,1.09,1.09,15083,0,Next Level Communications Inc,0,0,0
20021127,40146,NXTV',OTC,1.1,1.1,8219,0,Next Level Communications Inc,0,0,0
20021129,40146,NXTV',OTC,1.1,1.1,2086,0,Next Level Communications Inc,0,0,0
20021202,40146,NXTV',OTC,1.05,1.05,2771,0,Next Level Communications Inc,0,0,0
20021203,40146,NXTV',OTC,1,1,1603,0,Next Level Communications Inc,0,0,0
20021204,40146,NXTV',OTC,0.87,0.87,5280,0,Next Level Communications Inc,0,0,0
20021205,40146,NXTV',OTC,0.82,0.82,4405,0,Next Level Communications Inc,0,0,0
20021206,40146,NXTV',OTC,0.75,0.75,5234,0,Next Level Communications Inc,0,0,0
20021209,40146,NXTV',OTC,0.72,0.72,1183,0,Next Level Communications Inc,0,0,0
20021210,40146,NXTV',OTC,0.81,0.81,1835,0,Next Level Communications Inc,0,0,0
20021211,40146,NXTV',OTC,0.88,0.88,2679,0,Next Level Communications Inc,0,0,0
20021212,40146,NXTV',OTC,0.83,0.83,3696,0,Next Level Communications Inc,0,0,0
20021213,40146,NXTV',OTC,0.81,0.81,2762,0,Next Level Communications Inc,0,0,0
20021216,40146,NXTV',OTC,0.83,0.83,716,0,Next Level Communications Inc,0,0,0
20021217,40146,NXTV',OTC,0.82,0.82,955,0,Next Level Communications Inc,0,0,0
20021218,40146,NXTV',OTC,0.77,0.77,2585,0,Next Level Communications Inc,0,0,0
20021219,40146,NXTV',OTC,0.85,0.85,756,0,Next Level Communications Inc,0,0,0
20021220,40146,NXTV',OTC,0.86,0.86,1197,0,Next Level Communications Inc,0,0,0
20021223,40146,NXTV',OTC,0.89,0.89,2659,0,Next Level Communications Inc,0,0,0
20021224,40146,NXTV',OTC,0.82,0.82,1346,0,Next Level Communications Inc,0,0,0
20021226,40146,NXTV',OTC,0.83,0.83,510,0,Next Level Communications Inc,0,0,0
20021227,40146,NXTV',OTC,0.83,0.83,1097,0,Next Level Communications Inc,0,0,0
20021230,40146,NXTV',OTC,0.82,0.82,3593,0,Next Level Communications Inc,0,0,0
20021231,40146,NXTV',OTC,0.81,0.81,2616,0,Next Level Communications Inc,0,0,0
20030102,40146,NXTV',OTC,0.89,0.89,2493,0,Next Level Communications Inc,0,0,0
20030103,40146,NXTV',OTC,0.88,0.88,869,0,Next Level Communications Inc,0,0,0
20030106,40146,NXTV',OTC,0.86,0.86,441,0,Next Level Communications Inc,0,0,0
20030107,40146,NXTV',OTC,0.88,0.88,548,0,Next Level Communications Inc,0,0,0
20030108,40146,NXTV',OTC,0.86,0.86,450,0,Next Level Communications Inc,0,0,0
20030109,40146,NXTV',OTC,0.9,0.9,1157,0,Next Level Communications Inc,0,0,0
20030110,40146,NXTV',OTC,0.9,0.9,898,0,Next Level Communications Inc,0,0,0
20030113,40146,NXTV',OTC,1.22,1.22,48320,0,Next Level Communications Inc,0,0,0
20030114,40146,NXTV',OTC,1.22,1.22,16594,0,Next Level Communications Inc,0,0,0
20030115,40146,NXTV',OTC,1.23,1.23,8721,0,Next Level Communications Inc,0,0,0
20030116,40146,NXTV',OTC,1.19,1.19,3410,0,Next Level Communications Inc,0,0,0
20030117,40146,NXTV',OTC,1.18,1.18,3237,0,Next Level Communications Inc,0,0,0
20030121,40146,NXTV',OTC,1.18,1.18,1634,0,Next Level Communications Inc,0,0,0
20030122,40146,NXTV',OTC,1.19,1.19,1499,0,Next Level Communications Inc,0,0,0
20030123,40146,NXTV',OTC,1.21,1.21,1769,0,Next Level Communications Inc,0,0,0
20030124,40146,NXTV',OTC,1.22,1.22,1474,0,Next Level Communications Inc,0,0,0
20030127,40146,NXTV',OTC,1.19,1.19,1264,0,Next Level Communications Inc,0,0,0
20030128,40146,NXTV',OTC,1.25,1.25,1975,0,Next Level Communications Inc,0,0,0
20030129,40146,NXTV',OTC,1.25,1.25,1100,0,Next Level Communications Inc,0,0,0
20030130,40146,NXTV',OTC,1.19,1.19,1128,0,Next Level Communications Inc,0,0,0
20030131,40146,NXTV',OTC,1.19,1.19,1269,0,Next Level Communications Inc,0,0,0
20030203,40146,NXTV',OTC,1.25,1.25,1374,0,Next Level Communications Inc,0,0,0
20030204,40146,NXTV',OTC,1.21,1.21,4428,0,Next Level Communications Inc,0,0,0
20030205,40146,NXTV',OTC,1.22,1.22,1515,0,Next Level Communications Inc,0,0,0
20030206,40146,NXTV',OTC,1.22,1.22,994,0,Next Level Communications Inc,0,0,0
20030207,40146,NXTV',OTC,1.21,1.21,2352,0,Next Level Communications Inc,0,0,0
20030210,40146,NXTV',OTC,1.21,1.21,821,0,Next Level Communications Inc,0,0,0
20030211,40146,NXTV',OTC,1.19,1.19,2401,0,Next Level Communications Inc,0,0,0
20030212,40146,NXTV',OTC,1.17,1.17,2358,0,Next Level Communications Inc,0,0,0
20030213,40146,NXTV',OTC,1.15,1.15,2715,0,Next Level Communications Inc,0,0,0
20030214,40146,NXTV',OTC,1.18,1.18,1284,0,Next Level Communications Inc,0,0,0
20030218,40146,NXTV',OTC,1.17,1.17,1756,0,Next Level Communications Inc,0,0,0
20030219,40146,NXTV',OTC,1.2,1.2,1644,0,Next Level Communications Inc,0,0,0
20030220,40146,NXTV',OTC,1.18,1.18,1856,0,Next Level Communications Inc,0,0,0
20030221,40146,NXTV',OTC,1.26,1.26,2701,0,Next Level Communications Inc,0,0,0
20030224,40146,NXTV',OTC,1.22,1.22,793,0,Next Level Communications Inc,0,0,0
20030225,40146,NXTV',OTC,1.27,1.27,904,0,Next Level Communications Inc,0,0,0
20030226,40146,NXTV',OTC,1.17,1.17,7065,0,Next Level Communications Inc,0,0,0
20030227,40146,NXTV',OTC,1.17,1.17,2943,0,Next Level Communications Inc,0,0,0
20030228,40146,NXTV',OTC,1.14,1.14,2711,0,Next Level Communications Inc,0,0,0
20030303,40146,NXTV',OTC,1.15,1.15,1601,0,Next Level Communications Inc,0,0,0
20030304,40146,NXTV',OTC,1.13,1.13,1727,0,Next Level Communications Inc,0,0,0
20030305,40146,NXTV',OTC,1.04,1.04,2931,0,Next Level Communications Inc,0,0,0
20030306,40146,NXTV',OTC,0.97,0.97,2274,0,Next Level Communications Inc,0,0,0
20030307,40146,NXTV',OTC,0.93,0.93,4470,0,Next Level Communications Inc,0,0,0
20030310,40146,NXTV',OTC,1,1,1081,0,Next Level Communications Inc,0,0,0
20030311,40146,NXTV',OTC,1,1,1043,0,Next Level Communications Inc,0,0,0
20030312,40146,NXTV',OTC,1.03,1.03,2425,0,Next Level Communications Inc,0,0,0
20030313,40146,NXTV',OTC,1.04,1.04,2322,0,Next Level Communications Inc,0,0,0
20030314,40146,NXTV',OTC,1.02,1.02,1213,0,Next Level Communications Inc,0,0,0
20030317,40146,NXTV',OTC,1.03,1.03,1848,0,Next Level Communications Inc,0,0,0
20030318,40146,NXTV',OTC,1.05,1.05,2943,0,Next Level Communications Inc,0,0,0
20030319,40146,NXTV',OTC,1.09,1.09,2315,0,Next Level Communications Inc,0,0,0
20030320,40146,NXTV',OTC,0.97,0.97,5327,0,Next Level Communications Inc,0,0,0
20030321,40146,NXTV',OTC,0.94,0.94,5132,0,Next Level Communications Inc,0,0,0
20030324,40146,NXTV',OTC,1.17,1.17,8756,0,Next Level Communications Inc,0,0,0
20030325,40146,NXTV',OTC,1.18,1.18,1830,0,Next Level Communications Inc,0,0,0
20030326,40146,NXTV',OTC,1.17,1.17,1468,0,Next Level Communications Inc,0,0,0
20030327,40146,NXTV',OTC,1.18,1.18,2356,0,Next Level Communications Inc,0,0,0
20030328,40146,NXTV',OTC,1.18,1.18,2400,0,Next Level Communications Inc,0,0,0
20030331,40146,NXTV',OTC,1.17,1.17,1422,0,Next Level Communications Inc,0,0,0
20030401,40146,NXTV',OTC,1.18,1.18,781,0,Next Level Communications Inc,0,0,0
20030402,40146,NXTV',OTC,1.17,1.17,2437,0,Next Level Communications Inc,0,0,0
20030403,40146,NXTV',OTC,1.17,1.17,1360,0,Next Level Communications Inc,0,0,0
20030404,40146,NXTV',OTC,1.17,1.17,1276,0,Next Level Communications Inc,0,0,0
20030407,40146,NXTV',OTC,1.17,1.17,1560,0,Next Level Communications Inc,0,0,0
20030408,40146,NXTV',OTC,1.18,1.18,1593,0,Next Level Communications Inc,0,0,0
20030409,40146,NXTV',OTC,1.17,1.17,1191,0,Next Level Communications Inc,0,0,0
20030410,40146,NXTV',OTC,1.18,1.18,1141,0,Next Level Communications Inc,0,0,0
20030411,40146,NXTV',OTC,1.17,1.17,1303,0,Next Level Communications Inc,0,0,0
20030414,40146,NXTV',OTC,1.17,1.17,1264,0,Next Level Communications Inc,0,0,0
20030415,40146,NXTV',OTC,1.17,1.17,1504,0,Next Level Communications Inc,0,0,0
20030416,40146,NXTV',OTC,1.17,1.17,1215,0,Next Level Communications Inc,0,0,0
20030417,40146,NXTV',OTC,1.17,1.17,540,0,Next Level Communications Inc,0,0,0
20030421,40146,NXTV',OTC,1.18,1.18,887,0,Next Level Communications Inc,0,0,0
20030422,40146,NXTV',OTC,1.18,1.18,355,0,Next Level Communications Inc,0,0,0
20030423,40146,NXTV',OTC,1.18,1.18,238,0,Next Level Communications Inc,0,0,0
20030424,40146,NXTV',OTC,1.17,1.17,323,0,Next Level Communications Inc,0,0,0
