DDate,CSINumber,Symbol,Exchange,DClose,UnAdjustedClose,TotalVolume,Cash,MarketName,PTB,PSR,DPS
19991119,40175,MPLX',OTC,29,29,100497,0,Mediaplex Inc,0,0,0
19991122,40175,MPLX',OTC,29.9375,29.9375,26984,0,Mediaplex Inc,0,0,0
19991123,40175,MPLX',OTC,29,29,13422,0,Mediaplex Inc,0,0,0
19991124,40175,MPLX',OTC,32.9375,32.9375,8377,0,Mediaplex Inc,0,0,0
19991126,40175,MPLX',OTC,38.625,38.625,5028,0,Mediaplex Inc,0,0,0
19991129,40175,MPLX',OTC,39.375,39.375,4247,0,Mediaplex Inc,0,0,0
19991130,40175,MPLX',OTC,34,34,4153,0,Mediaplex Inc,0,0,0
19991201,40175,MPLX',OTC,31.5,31.5,4489,0,Mediaplex Inc,0,0,0
19991202,40175,MPLX',OTC,33.375,33.375,2502,0,Mediaplex Inc,0,0,0
19991203,40175,MPLX',OTC,33,33,1787,0,Mediaplex Inc,0,0,0
19991206,40175,MPLX',OTC,32.5,32.5,1394,0,Mediaplex Inc,0,0,0
19991207,40175,MPLX',OTC,31.3125,31.3125,5135,0,Mediaplex Inc,0,0,0
19991208,40175,MPLX',OTC,35.5,35.5,2783,0,Mediaplex Inc,0,0,0
19991209,40175,MPLX',OTC,36.8125,36.8125,2541,0,Mediaplex Inc,0,0,0
19991210,40175,MPLX',OTC,52.4375,52.4375,9952,0,Mediaplex Inc,0,0,0
19991213,40175,MPLX',OTC,55.5625,55.5625,4140,0,Mediaplex Inc,0,0,0
19991214,40175,MPLX',OTC,51,51,3429,0,Mediaplex Inc,0,0,0
19991215,40175,MPLX',OTC,50.09375,50.09375,4301,0,Mediaplex Inc,0,0,0
19991216,40175,MPLX',OTC,55.9375,55.9375,2783,0,Mediaplex Inc,0,0,0
19991217,40175,MPLX',OTC,56.75,56.75,3389,0,Mediaplex Inc,0,0,0
19991220,40175,MPLX',OTC,58.25,58.25,1051,0,Mediaplex Inc,0,0,0
19991221,40175,MPLX',OTC,77.5625,77.5625,2424,0,Mediaplex Inc,0,0,0
19991222,40175,MPLX',OTC,67.15625,67.15625,1709,0,Mediaplex Inc,0,0,0
19991223,40175,MPLX',OTC,67.875,67.875,893,0,Mediaplex Inc,0,0,0
19991227,40175,MPLX',OTC,60.5,60.5,2451,0,Mediaplex Inc,0,0,0
19991228,40175,MPLX',OTC,59,59,1140,0,Mediaplex Inc,0,0,0
19991229,40175,MPLX',OTC,61,61,1096,0,Mediaplex Inc,0,0,0
19991230,40175,MPLX',OTC,60.375,60.375,1551,0,Mediaplex Inc,0,0,0
19991231,40175,MPLX',OTC,62.75,62.75,463,0,Mediaplex Inc,0,0,0
20000103,40175,MPLX',OTC,61,61,2560,0,Mediaplex Inc,0,0,0
20000104,40175,MPLX',OTC,50.8125,50.8125,1429,0,Mediaplex Inc,0,0,0
20000105,40175,MPLX',OTC,53,53,2582,0,Mediaplex Inc,0,0,0
20000106,40175,MPLX',OTC,53.375,53.375,2722,0,Mediaplex Inc,0,0,0
20000107,40175,MPLX',OTC,53.375,53.375,932,0,Mediaplex Inc,0,0,0
20000110,40175,MPLX',OTC,61,61,2049,0,Mediaplex Inc,0,0,0
20000111,40175,MPLX',OTC,54.25,54.25,1685,0,Mediaplex Inc,0,0,0
20000112,40175,MPLX',OTC,57.25,57.25,3873,0,Mediaplex Inc,0,0,0
20000113,40175,MPLX',OTC,53.375,53.375,2157,0,Mediaplex Inc,0,0,0
20000114,40175,MPLX',OTC,55.75,55.75,2157,0,Mediaplex Inc,0,0,0
20000118,40175,MPLX',OTC,52.75,52.75,832,0,Mediaplex Inc,0,0,0
20000119,40175,MPLX',OTC,53.375,53.375,761,0,Mediaplex Inc,0,0,0
20000120,40175,MPLX',OTC,61.5,61.5,1692,0,Mediaplex Inc,0,0,0
20000121,40175,MPLX',OTC,60.25,60.25,3536,0,Mediaplex Inc,0,0,0
20000124,40175,MPLX',OTC,65.6875,65.6875,5895,0,Mediaplex Inc,0,0,0
20000125,40175,MPLX',OTC,72.75,72.75,1017,0,Mediaplex Inc,0,0,0
20000126,40175,MPLX',OTC,77.25,77.25,3588,0,Mediaplex Inc,0,0,0
20000127,40175,MPLX',OTC,94.875,94.875,8059,0,Mediaplex Inc,0,0,0
20000128,40175,MPLX',OTC,92.71875,92.71875,3402,0,Mediaplex Inc,0,0,0
20000131,40175,MPLX',OTC,102,102,4336,0,Mediaplex Inc,0,0,0
20000201,40175,MPLX',OTC,94.25,94.25,1990,0,Mediaplex Inc,0,0,0
20000202,40175,MPLX',OTC,90,90,702,0,Mediaplex Inc,0,0,0
20000203,40175,MPLX',OTC,90,90,1766,0,Mediaplex Inc,0,0,0
20000204,40175,MPLX',OTC,92.625,92.625,623,0,Mediaplex Inc,0,0,0
20000207,40175,MPLX',OTC,91,91,324,0,Mediaplex Inc,0,0,0
20000208,40175,MPLX',OTC,86.5,86.5,1040,0,Mediaplex Inc,0,0,0
20000209,40175,MPLX',OTC,82.5625,82.5625,533,0,Mediaplex Inc,0,0,0
20000210,40175,MPLX',OTC,89,89,1335,0,Mediaplex Inc,0,0,0
20000211,40175,MPLX',OTC,92.25,92.25,666,0,Mediaplex Inc,0,0,0
20000214,40175,MPLX',OTC,88.375,88.375,489,0,Mediaplex Inc,0,0,0
20000215,40175,MPLX',OTC,82.5,82.5,1707,0,Mediaplex Inc,0,0,0
20000216,40175,MPLX',OTC,75,75,1442,0,Mediaplex Inc,0,0,0
20000217,40175,MPLX',OTC,85.75,85.75,2596,0,Mediaplex Inc,0,0,0
20000218,40175,MPLX',OTC,90.25,90.25,1840,0,Mediaplex Inc,0,0,0
20000222,40175,MPLX',OTC,86.25,86.25,854,0,Mediaplex Inc,0,0,0
20000223,40175,MPLX',OTC,84.625,84.625,1255,0,Mediaplex Inc,0,0,0
20000224,40175,MPLX',OTC,88.375,88.375,940,0,Mediaplex Inc,0,0,0
20000225,40175,MPLX',OTC,90,90,1163,0,Mediaplex Inc,0,0,0
20000228,40175,MPLX',OTC,87.375,87.375,681,0,Mediaplex Inc,0,0,0
20000229,40175,MPLX',OTC,83.5,83.5,745,0,Mediaplex Inc,0,0,0
20000301,40175,MPLX',OTC,80.5,80.5,807,0,Mediaplex Inc,0,0,0
20000302,40175,MPLX',OTC,78.5,78.5,424,0,Mediaplex Inc,0,0,0
20000303,40175,MPLX',OTC,78.5,78.5,936,0,Mediaplex Inc,0,0,0
20000306,40175,MPLX',OTC,80.25,80.25,1169,0,Mediaplex Inc,0,0,0
20000307,40175,MPLX',OTC,73.75,73.75,1907,0,Mediaplex Inc,0,0,0
20000308,40175,MPLX',OTC,69.0625,69.0625,2112,0,Mediaplex Inc,0,0,0
20000309,40175,MPLX',OTC,70.25,70.25,3461,0,Mediaplex Inc,0,0,0
20000310,40175,MPLX',OTC,75.125,75.125,7290,0,Mediaplex Inc,0,0,0
20000313,40175,MPLX',OTC,73.5,73.5,2701,0,Mediaplex Inc,0,0,0
20000314,40175,MPLX',OTC,71,71,1684,0,Mediaplex Inc,0,0,0
20000315,40175,MPLX',OTC,65.125,65.125,3280,0,Mediaplex Inc,0,0,0
20000316,40175,MPLX',OTC,60.125,60.125,1941,0,Mediaplex Inc,0,0,0
20000317,40175,MPLX',OTC,57.5,57.5,1636,0,Mediaplex Inc,0,0,0
20000320,40175,MPLX',OTC,41.5625,41.5625,2353,0,Mediaplex Inc,0,0,0
20000321,40175,MPLX',OTC,59.125,59.125,4715,0,Mediaplex Inc,0,0,0
20000322,40175,MPLX',OTC,55,55,1146,0,Mediaplex Inc,0,0,0
20000323,40175,MPLX',OTC,51,51,3239,0,Mediaplex Inc,0,0,0
20000324,40175,MPLX',OTC,41,41,6633,0,Mediaplex Inc,0,0,0
20000327,40175,MPLX',OTC,49,49,8819,0,Mediaplex Inc,0,0,0
20000328,40175,MPLX',OTC,54,54,5371,0,Mediaplex Inc,0,0,0
20000329,40175,MPLX',OTC,52.9375,52.9375,4929,0,Mediaplex Inc,0,0,0
20000330,40175,MPLX',OTC,52,52,2612,0,Mediaplex Inc,0,0,0
20000331,40175,MPLX',OTC,52,52,2218,0,Mediaplex Inc,0,0,0
20000403,40175,MPLX',OTC,50.625,50.625,2030,0,Mediaplex Inc,0,0,0
20000404,40175,MPLX',OTC,45.875,45.875,5315,0,Mediaplex Inc,0,0,0
20000405,40175,MPLX',OTC,48.4375,48.4375,933,0,Mediaplex Inc,0,0,0
20000406,40175,MPLX',OTC,50.25,50.25,1270,0,Mediaplex Inc,0,0,0
20000407,40175,MPLX',OTC,53.25,53.25,1300,0,Mediaplex Inc,0,0,0
20000410,40175,MPLX',OTC,54.125,54.125,3382,0,Mediaplex Inc,0,0,0
20000411,40175,MPLX',OTC,50.375,50.375,4060,0,Mediaplex Inc,0,0,0
20000412,40175,MPLX',OTC,38.75,38.75,4776,0,Mediaplex Inc,0,0,0
20000413,40175,MPLX',OTC,41.5625,41.5625,2620,0,Mediaplex Inc,0,0,0
20000414,40175,MPLX',OTC,34.5,34.5,2375,0,Mediaplex Inc,0,0,0
20000417,40175,MPLX',OTC,32.5,32.5,2784,0,Mediaplex Inc,0,0,0
20000418,40175,MPLX',OTC,34.625,34.625,3169,0,Mediaplex Inc,0,0,0
20000419,40175,MPLX',OTC,35,35,746,0,Mediaplex Inc,0,0,0
20000420,40175,MPLX',OTC,31.875,31.875,584,0,Mediaplex Inc,0,0,0
20000424,40175,MPLX',OTC,34.6875,34.6875,1618,0,Mediaplex Inc,0,0,0
20000425,40175,MPLX',OTC,39.1875,39.1875,3694,0,Mediaplex Inc,0,0,0
20000426,40175,MPLX',OTC,39,39,1312,0,Mediaplex Inc,0,0,0
20000427,40175,MPLX',OTC,49.625,49.625,2749,0,Mediaplex Inc,0,0,0
20000428,40175,MPLX',OTC,51.25,51.25,1393,0,Mediaplex Inc,0,0,0
20000501,40175,MPLX',OTC,49.5,49.5,1046,0,Mediaplex Inc,0,0,0
20000502,40175,MPLX',OTC,53,53,2152,0,Mediaplex Inc,0,0,0
20000503,40175,MPLX',OTC,51.375,51.375,1661,0,Mediaplex Inc,0,0,0
20000504,40175,MPLX',OTC,46.4375,46.4375,1003,0,Mediaplex Inc,0,0,0
20000505,40175,MPLX',OTC,43,43,1048,0,Mediaplex Inc,0,0,0
20000508,40175,MPLX',OTC,39.5,39.5,530,0,Mediaplex Inc,0,0,0
20000509,40175,MPLX',OTC,35.25,35.25,790,0,Mediaplex Inc,0,0,0
20000510,40175,MPLX',OTC,30.1875,30.1875,3974,0,Mediaplex Inc,0,0,0
20000511,40175,MPLX',OTC,41.375,41.375,1280,0,Mediaplex Inc,0,0,0
20000512,40175,MPLX',OTC,33.625,33.625,1168,0,Mediaplex Inc,0,0,0
20000515,40175,MPLX',OTC,31.9375,31.9375,2591,0,Mediaplex Inc,0,0,0
20000516,40175,MPLX',OTC,36.125,36.125,5365,0,Mediaplex Inc,0,0,0
20000517,40175,MPLX',OTC,32.625,32.625,1684,0,Mediaplex Inc,0,0,0
20000518,40175,MPLX',OTC,25,25,11836,0,Mediaplex Inc,0,0,0
20000519,40175,MPLX',OTC,22.125,22.125,5824,0,Mediaplex Inc,0,0,0
20000522,40175,MPLX',OTC,23.8125,23.8125,2327,0,Mediaplex Inc,0,0,0
20000523,40175,MPLX',OTC,19.3125,19.3125,1607,0,Mediaplex Inc,0,0,0
20000524,40175,MPLX',OTC,18.625,18.625,3890,0,Mediaplex Inc,0,0,0
20000525,40175,MPLX',OTC,15.3125,15.3125,2847,0,Mediaplex Inc,0,0,0
20000526,40175,MPLX',OTC,16.125,16.125,3031,0,Mediaplex Inc,0,0,0
20000530,40175,MPLX',OTC,14.8125,14.8125,5055,0,Mediaplex Inc,0,0,0
20000531,40175,MPLX',OTC,15.3125,15.3125,3765,0,Mediaplex Inc,0,0,0
20000601,40175,MPLX',OTC,17.3125,17.3125,5275,0,Mediaplex Inc,0,0,0
20000602,40175,MPLX',OTC,23.625,23.625,6064,0,Mediaplex Inc,0,0,0
20000605,40175,MPLX',OTC,22.625,22.625,2832,0,Mediaplex Inc,0,0,0
20000606,40175,MPLX',OTC,18.53125,18.53125,1946,0,Mediaplex Inc,0,0,0
20000607,40175,MPLX',OTC,20.5,20.5,1839,0,Mediaplex Inc,0,0,0
20000608,40175,MPLX',OTC,21.0625,21.0625,1768,0,Mediaplex Inc,0,0,0
20000609,40175,MPLX',OTC,22.6875,22.6875,4690,0,Mediaplex Inc,0,0,0
20000612,40175,MPLX',OTC,20,20,1643,0,Mediaplex Inc,0,0,0
20000613,40175,MPLX',OTC,19,19,2867,0,Mediaplex Inc,0,0,0
20000614,40175,MPLX',OTC,16.5,16.5,2896,0,Mediaplex Inc,0,0,0
20000615,40175,MPLX',OTC,14.0625,14.0625,7019,0,Mediaplex Inc,0,0,0
20000616,40175,MPLX',OTC,18.4375,18.4375,17246,0,Mediaplex Inc,0,0,0
20000619,40175,MPLX',OTC,15.8125,15.8125,5312,0,Mediaplex Inc,0,0,0
20000620,40175,MPLX',OTC,18.1875,18.1875,7789,0,Mediaplex Inc,0,0,0
20000621,40175,MPLX',OTC,21.1875,21.1875,11675,0,Mediaplex Inc,0,0,0
20000622,40175,MPLX',OTC,18.3125,18.3125,4726,0,Mediaplex Inc,0,0,0
20000623,40175,MPLX',OTC,17.75,17.75,5496,0,Mediaplex Inc,0,0,0
20000626,40175,MPLX',OTC,17.625,17.625,4197,0,Mediaplex Inc,0,0,0
20000627,40175,MPLX',OTC,16.4375,16.4375,3748,0,Mediaplex Inc,0,0,0
20000628,40175,MPLX',OTC,17.5,17.5,1315,0,Mediaplex Inc,0,0,0
20000629,40175,MPLX',OTC,18,18,2575,0,Mediaplex Inc,0,0,0
20000630,40175,MPLX',OTC,19.3125,19.3125,7306,0,Mediaplex Inc,0,0,0
20000703,40175,MPLX',OTC,18.375,18.375,784,0,Mediaplex Inc,0,0,0
20000705,40175,MPLX',OTC,17.625,17.625,1956,0,Mediaplex Inc,0,0,0
20000706,40175,MPLX',OTC,18.8125,18.8125,3020,0,Mediaplex Inc,0,0,0
20000707,40175,MPLX',OTC,21.875,21.875,5378,0,Mediaplex Inc,0,0,0
20000710,40175,MPLX',OTC,19.8125,19.8125,3119,0,Mediaplex Inc,0,0,0
20000711,40175,MPLX',OTC,18.75,18.75,2818,0,Mediaplex Inc,0,0,0
20000712,40175,MPLX',OTC,18.75,18.75,2685,0,Mediaplex Inc,0,0,0
20000713,40175,MPLX',OTC,19.5,19.5,3236,0,Mediaplex Inc,0,0,0
20000714,40175,MPLX',OTC,19.125,19.125,1773,0,Mediaplex Inc,0,0,0
20000717,40175,MPLX',OTC,20.75,20.75,3536,0,Mediaplex Inc,0,0,0
20000718,40175,MPLX',OTC,19.5625,19.5625,3832,0,Mediaplex Inc,0,0,0
20000719,40175,MPLX',OTC,19.125,19.125,2762,0,Mediaplex Inc,0,0,0
20000720,40175,MPLX',OTC,15.125,15.125,12881,0,Mediaplex Inc,0,0,0
20000721,40175,MPLX',OTC,12.5,12.5,8404,0,Mediaplex Inc,0,0,0
20000724,40175,MPLX',OTC,10.375,10.375,16621,0,Mediaplex Inc,0,0,0
20000725,40175,MPLX',OTC,10.0625,10.0625,6885,0,Mediaplex Inc,0,0,0
20000726,40175,MPLX',OTC,8.53125,8.53125,11213,0,Mediaplex Inc,0,0,0
20000727,40175,MPLX',OTC,8.875,8.875,9732,0,Mediaplex Inc,0,0,0
20000728,40175,MPLX',OTC,8.375,8.375,6367,0,Mediaplex Inc,0,0,0
20000731,40175,MPLX',OTC,9.0625,9.0625,3605,0,Mediaplex Inc,0,0,0
20000801,40175,MPLX',OTC,7.75,7.75,4973,0,Mediaplex Inc,0,0,0
20000802,40175,MPLX',OTC,6.9375,6.9375,7759,0,Mediaplex Inc,0,0,0
20000803,40175,MPLX',OTC,7.25,7.25,25516,0,Mediaplex Inc,0,0,0
20000804,40175,MPLX',OTC,7.25,7.25,4605,0,Mediaplex Inc,0,0,0
20000807,40175,MPLX',OTC,7.4375,7.4375,4166,0,Mediaplex Inc,0,0,0
20000808,40175,MPLX',OTC,7.125,7.125,2341,0,Mediaplex Inc,0,0,0
20000809,40175,MPLX',OTC,6.875,6.875,2518,0,Mediaplex Inc,0,0,0
20000810,40175,MPLX',OTC,6.375,6.375,1957,0,Mediaplex Inc,0,0,0
20000811,40175,MPLX',OTC,7.375,7.375,7385,0,Mediaplex Inc,0,0,0
20000814,40175,MPLX',OTC,7.1875,7.1875,9671,0,Mediaplex Inc,0,0,0
20000815,40175,MPLX',OTC,7.46875,7.46875,4943,0,Mediaplex Inc,0,0,0
20000816,40175,MPLX',OTC,7.78125,7.78125,4250,0,Mediaplex Inc,0,0,0
20000817,40175,MPLX',OTC,7.59375,7.59375,4200,0,Mediaplex Inc,0,0,0
20000818,40175,MPLX',OTC,7.5625,7.5625,2822,0,Mediaplex Inc,0,0,0
20000821,40175,MPLX',OTC,7.6875,7.6875,1120,0,Mediaplex Inc,0,0,0
20000822,40175,MPLX',OTC,7.5,7.5,4630,0,Mediaplex Inc,0,0,0
20000823,40175,MPLX',OTC,7.6875,7.6875,4936,0,Mediaplex Inc,0,0,0
20000824,40175,MPLX',OTC,8,8,3237,0,Mediaplex Inc,0,0,0
20000825,40175,MPLX',OTC,11.5,11.5,19886,0,Mediaplex Inc,0,0,0
20000828,40175,MPLX',OTC,11.5,11.5,16467,0,Mediaplex Inc,0,0,0
20000829,40175,MPLX',OTC,10.9375,10.9375,4075,0,Mediaplex Inc,0,0,0
20000830,40175,MPLX',OTC,10.6875,10.6875,3113,0,Mediaplex Inc,0,0,0
20000831,40175,MPLX',OTC,12.6875,12.6875,11555,0,Mediaplex Inc,0,0,0
20000901,40175,MPLX',OTC,12.9375,12.9375,4836,0,Mediaplex Inc,0,0,0
20000905,40175,MPLX',OTC,13.4375,13.4375,6233,0,Mediaplex Inc,0,0,0
20000906,40175,MPLX',OTC,12.5,12.5,6331,0,Mediaplex Inc,0,0,0
20000907,40175,MPLX',OTC,12.125,12.125,4635,0,Mediaplex Inc,0,0,0
20000908,40175,MPLX',OTC,10.75,10.75,4681,0,Mediaplex Inc,0,0,0
20000911,40175,MPLX',OTC,10.375,10.375,3671,0,Mediaplex Inc,0,0,0
20000912,40175,MPLX',OTC,10.0625,10.0625,3046,0,Mediaplex Inc,0,0,0
20000913,40175,MPLX',OTC,9.75,9.75,3735,0,Mediaplex Inc,0,0,0
20000914,40175,MPLX',OTC,10.1875,10.1875,1609,0,Mediaplex Inc,0,0,0
20000915,40175,MPLX',OTC,9.5,9.5,1702,0,Mediaplex Inc,0,0,0
20000918,40175,MPLX',OTC,8.25,8.25,4508,0,Mediaplex Inc,0,0,0
20000919,40175,MPLX',OTC,6.3125,6.3125,17637,0,Mediaplex Inc,0,0,0
20000920,40175,MPLX',OTC,5.0625,5.0625,15995,0,Mediaplex Inc,0,0,0
20000921,40175,MPLX',OTC,4.421875,4.421875,14096,0,Mediaplex Inc,0,0,0
20000922,40175,MPLX',OTC,4.1875,4.1875,9110,0,Mediaplex Inc,0,0,0
20000925,40175,MPLX',OTC,4.25,4.25,8993,0,Mediaplex Inc,0,0,0
20000926,40175,MPLX',OTC,4.5625,4.5625,3681,0,Mediaplex Inc,0,0,0
20000927,40175,MPLX',OTC,4.25,4.25,3005,0,Mediaplex Inc,0,0,0
20000928,40175,MPLX',OTC,4.5625,4.5625,4251,0,Mediaplex Inc,0,0,0
20000929,40175,MPLX',OTC,4.125,4.125,4371,0,Mediaplex Inc,0,0,0
20001002,40175,MPLX',OTC,3.875,3.875,3745,0,Mediaplex Inc,0,0,0
20001003,40175,MPLX',OTC,4,4,2829,0,Mediaplex Inc,0,0,0
20001004,40175,MPLX',OTC,3.75,3.75,2926,0,Mediaplex Inc,0,0,0
20001005,40175,MPLX',OTC,3.53125,3.53125,3045,0,Mediaplex Inc,0,0,0
20001006,40175,MPLX',OTC,3.1875,3.1875,3933,0,Mediaplex Inc,0,0,0
20001009,40175,MPLX',OTC,3.25,3.25,2308,0,Mediaplex Inc,0,0,0
20001010,40175,MPLX',OTC,3.125,3.125,2859,0,Mediaplex Inc,0,0,0
20001011,40175,MPLX',OTC,2.96875,2.96875,1772,0,Mediaplex Inc,0,0,0
20001012,40175,MPLX',OTC,2.6875,2.6875,1970,0,Mediaplex Inc,0,0,0
20001013,40175,MPLX',OTC,2.75,2.75,2434,0,Mediaplex Inc,0,0,0
20001016,40175,MPLX',OTC,3,3,4311,0,Mediaplex Inc,0,0,0
20001017,40175,MPLX',OTC,2.875,2.875,2382,0,Mediaplex Inc,0,0,0
20001018,40175,MPLX',OTC,2.6875,2.6875,3714,0,Mediaplex Inc,0,0,0
20001019,40175,MPLX',OTC,2.75,2.75,5160,0,Mediaplex Inc,0,0,0
20001020,40175,MPLX',OTC,2.9375,2.9375,4428,0,Mediaplex Inc,0,0,0
20001023,40175,MPLX',OTC,3,3,2607,0,Mediaplex Inc,0,0,0
20001024,40175,MPLX',OTC,2.53125,2.53125,3597,0,Mediaplex Inc,0,0,0
20001025,40175,MPLX',OTC,2.65625,2.65625,3204,0,Mediaplex Inc,0,0,0
20001026,40175,MPLX',OTC,2.4375,2.4375,3086,0,Mediaplex Inc,0,0,0
20001027,40175,MPLX',OTC,2.375,2.375,2245,0,Mediaplex Inc,0,0,0
20001030,40175,MPLX',OTC,2.21875,2.21875,6143,0,Mediaplex Inc,0,0,0
20001031,40175,MPLX',OTC,2.15625,2.15625,6868,0,Mediaplex Inc,0,0,0
20001101,40175,MPLX',OTC,2.0625,2.0625,7068,0,Mediaplex Inc,0,0,0
20001102,40175,MPLX',OTC,2.34375,2.34375,14947,0,Mediaplex Inc,0,0,0
20001103,40175,MPLX',OTC,2,2,10366,0,Mediaplex Inc,0,0,0
20001106,40175,MPLX',OTC,1.96875,1.96875,4805,0,Mediaplex Inc,0,0,0
20001107,40175,MPLX',OTC,1.6875,1.6875,26358,0,Mediaplex Inc,0,0,0
20001108,40175,MPLX',OTC,1.75,1.75,3416,0,Mediaplex Inc,0,0,0
20001109,40175,MPLX',OTC,1.71875,1.71875,3472,0,Mediaplex Inc,0,0,0
20001110,40175,MPLX',OTC,1.5625,1.5625,2568,0,Mediaplex Inc,0,0,0
20001113,40175,MPLX',OTC,1.25,1.25,7531,0,Mediaplex Inc,0,0,0
20001114,40175,MPLX',OTC,1.375,1.375,5891,0,Mediaplex Inc,0,0,0
20001115,40175,MPLX',OTC,1.375,1.375,1877,0,Mediaplex Inc,0,0,0
20001116,40175,MPLX',OTC,1.3125,1.3125,1946,0,Mediaplex Inc,0,0,0
20001117,40175,MPLX',OTC,1.3125,1.3125,3174,0,Mediaplex Inc,0,0,0
20001120,40175,MPLX',OTC,1.375,1.375,6856,0,Mediaplex Inc,0,0,0
20001121,40175,MPLX',OTC,1.3125,1.3125,8002,0,Mediaplex Inc,0,0,0
20001122,40175,MPLX',OTC,1.21875,1.21875,2782,0,Mediaplex Inc,0,0,0
20001124,40175,MPLX',OTC,1.25,1.25,2829,0,Mediaplex Inc,0,0,0
20001127,40175,MPLX',OTC,1.375,1.375,4182,0,Mediaplex Inc,0,0,0
20001128,40175,MPLX',OTC,1.3125,1.3125,1631,0,Mediaplex Inc,0,0,0
20001129,40175,MPLX',OTC,1.28125,1.28125,3014,0,Mediaplex Inc,0,0,0
20001130,40175,MPLX',OTC,1.25,1.25,6135,0,Mediaplex Inc,0,0,0
20001201,40175,MPLX',OTC,1.1875,1.1875,6000,0,Mediaplex Inc,0,0,0
20001204,40175,MPLX',OTC,1.1875,1.1875,1658,0,Mediaplex Inc,0,0,0
20001205,40175,MPLX',OTC,1.125,1.125,2353,0,Mediaplex Inc,0,0,0
20001206,40175,MPLX',OTC,1.15625,1.15625,1440,0,Mediaplex Inc,0,0,0
20001207,40175,MPLX',OTC,1.25,1.25,2564,0,Mediaplex Inc,0,0,0
20001208,40175,MPLX',OTC,1.4375,1.4375,3399,0,Mediaplex Inc,0,0,0
20001211,40175,MPLX',OTC,1.6875,1.6875,5268,0,Mediaplex Inc,0,0,0
20001212,40175,MPLX',OTC,1.75,1.75,1662,0,Mediaplex Inc,0,0,0
20001213,40175,MPLX',OTC,1.75,1.75,2858,0,Mediaplex Inc,0,0,0
20001214,40175,MPLX',OTC,1.375,1.375,4856,0,Mediaplex Inc,0,0,0
20001215,40175,MPLX',OTC,1.3125,1.3125,2553,0,Mediaplex Inc,0,0,0
20001218,40175,MPLX',OTC,1.3125,1.3125,3222,0,Mediaplex Inc,0,0,0
20001219,40175,MPLX',OTC,1.0625,1.0625,6380,0,Mediaplex Inc,0,0,0
20001220,40175,MPLX',OTC,1.125,1.125,4809,0,Mediaplex Inc,0,0,0
20001221,40175,MPLX',OTC,0.84375,0.84375,8834,0,Mediaplex Inc,0,0,0
20001222,40175,MPLX',OTC,0.96875,0.96875,7170,0,Mediaplex Inc,0,0,0
20001226,40175,MPLX',OTC,0.875,0.875,2749,0,Mediaplex Inc,0,0,0
20001227,40175,MPLX',OTC,0.9375,0.9375,2596,0,Mediaplex Inc,0,0,0
20001228,40175,MPLX',OTC,0.875,0.875,2998,0,Mediaplex Inc,0,0,0
20001229,40175,MPLX',OTC,0.8125,0.8125,4832,0,Mediaplex Inc,0,0,0
20010102,40175,MPLX',OTC,0.71875,0.71875,2293,0,Mediaplex Inc,0,0,0
20010103,40175,MPLX',OTC,0.6875,0.6875,2361,0,Mediaplex Inc,0,0,0
20010104,40175,MPLX',OTC,0.96875,0.96875,2356,0,Mediaplex Inc,0,0,0
20010105,40175,MPLX',OTC,1,1,1554,0,Mediaplex Inc,0,0,0
20010108,40175,MPLX',OTC,0.96875,0.96875,1033,0,Mediaplex Inc,0,0,0
20010109,40175,MPLX',OTC,1.0625,1.0625,462,0,Mediaplex Inc,0,0,0
20010110,40175,MPLX',OTC,1.125,1.125,1132,0,Mediaplex Inc,0,0,0
20010111,40175,MPLX',OTC,1.09375,1.09375,2617,0,Mediaplex Inc,0,0,0
20010112,40175,MPLX',OTC,1.40625,1.40625,5044,0,Mediaplex Inc,0,0,0
20010116,40175,MPLX',OTC,1.21875,1.21875,4249,0,Mediaplex Inc,0,0,0
20010117,40175,MPLX',OTC,1.1875,1.1875,4082,0,Mediaplex Inc,0,0,0
20010118,40175,MPLX',OTC,1.21875,1.21875,1946,0,Mediaplex Inc,0,0,0
20010119,40175,MPLX',OTC,1.1875,1.1875,1513,0,Mediaplex Inc,0,0,0
20010122,40175,MPLX',OTC,1.5625,1.5625,10393,0,Mediaplex Inc,0,0,0
20010123,40175,MPLX',OTC,2,2,20251,0,Mediaplex Inc,0,0,0
20010124,40175,MPLX',OTC,1.75,1.75,8206,0,Mediaplex Inc,0,0,0
20010125,40175,MPLX',OTC,1.53125,1.53125,3915,0,Mediaplex Inc,0,0,0
20010126,40175,MPLX',OTC,1.4375,1.4375,2004,0,Mediaplex Inc,0,0,0
20010129,40175,MPLX',OTC,1.5,1.5,1906,0,Mediaplex Inc,0,0,0
20010130,40175,MPLX',OTC,1.625,1.625,2924,0,Mediaplex Inc,0,0,0
20010131,40175,MPLX',OTC,1.5625,1.5625,3925,0,Mediaplex Inc,0,0,0
20010201,40175,MPLX',OTC,1.53125,1.53125,1739,0,Mediaplex Inc,0,0,0
20010202,40175,MPLX',OTC,1.4375,1.4375,732,0,Mediaplex Inc,0,0,0
20010205,40175,MPLX',OTC,1.3125,1.3125,1284,0,Mediaplex Inc,0,0,0
20010206,40175,MPLX',OTC,1.21875,1.21875,1275,0,Mediaplex Inc,0,0,0
20010207,40175,MPLX',OTC,1.25,1.25,688,0,Mediaplex Inc,0,0,0
20010208,40175,MPLX',OTC,1.28125,1.28125,624,0,Mediaplex Inc,0,0,0
20010209,40175,MPLX',OTC,1.1875,1.1875,629,0,Mediaplex Inc,0,0,0
20010212,40175,MPLX',OTC,1.25,1.25,474,0,Mediaplex Inc,0,0,0
20010213,40175,MPLX',OTC,1.28125,1.28125,795,0,Mediaplex Inc,0,0,0
20010214,40175,MPLX',OTC,1.09375,1.09375,1701,0,Mediaplex Inc,0,0,0
20010215,40175,MPLX',OTC,1.0625,1.0625,4095,0,Mediaplex Inc,0,0,0
20010216,40175,MPLX',OTC,1.0625,1.0625,1626,0,Mediaplex Inc,0,0,0
20010220,40175,MPLX',OTC,1,1,1254,0,Mediaplex Inc,0,0,0
20010221,40175,MPLX',OTC,0.9375,0.9375,1996,0,Mediaplex Inc,0,0,0
20010222,40175,MPLX',OTC,1,1,1228,0,Mediaplex Inc,0,0,0
20010223,40175,MPLX',OTC,1,1,992,0,Mediaplex Inc,0,0,0
20010226,40175,MPLX',OTC,0.9375,0.9375,1410,0,Mediaplex Inc,0,0,0
20010227,40175,MPLX',OTC,0.90625,0.90625,580,0,Mediaplex Inc,0,0,0
20010228,40175,MPLX',OTC,0.9375,0.9375,1011,0,Mediaplex Inc,0,0,0
20010301,40175,MPLX',OTC,0.875,0.875,675,0,Mediaplex Inc,0,0,0
20010302,40175,MPLX',OTC,0.9375,0.9375,856,0,Mediaplex Inc,0,0,0
20010305,40175,MPLX',OTC,0.890625,0.890625,381,0,Mediaplex Inc,0,0,0
20010306,40175,MPLX',OTC,0.875,0.875,1908,0,Mediaplex Inc,0,0,0
20010307,40175,MPLX',OTC,0.84375,0.84375,1128,0,Mediaplex Inc,0,0,0
20010308,40175,MPLX',OTC,0.8125,0.8125,1817,0,Mediaplex Inc,0,0,0
20010309,40175,MPLX',OTC,0.75,0.75,489,0,Mediaplex Inc,0,0,0
20010312,40175,MPLX',OTC,0.65625,0.65625,2004,0,Mediaplex Inc,0,0,0
20010313,40175,MPLX',OTC,0.6875,0.6875,2315,0,Mediaplex Inc,0,0,0
20010314,40175,MPLX',OTC,0.75,0.75,771,0,Mediaplex Inc,0,0,0
20010315,40175,MPLX',OTC,0.6875,0.6875,753,0,Mediaplex Inc,0,0,0
20010316,40175,MPLX',OTC,0.71875,0.71875,1398,0,Mediaplex Inc,0,0,0
20010319,40175,MPLX',OTC,0.6875,0.6875,907,0,Mediaplex Inc,0,0,0
20010320,40175,MPLX',OTC,0.65625,0.65625,609,0,Mediaplex Inc,0,0,0
20010321,40175,MPLX',OTC,0.625,0.625,519,0,Mediaplex Inc,0,0,0
20010322,40175,MPLX',OTC,0.65625,0.65625,1220,0,Mediaplex Inc,0,0,0
20010323,40175,MPLX',OTC,0.65625,0.65625,953,0,Mediaplex Inc,0,0,0
20010326,40175,MPLX',OTC,0.625,0.625,532,0,Mediaplex Inc,0,0,0
20010327,40175,MPLX',OTC,0.6875,0.6875,720,0,Mediaplex Inc,0,0,0
20010328,40175,MPLX',OTC,0.59375,0.59375,945,0,Mediaplex Inc,0,0,0
20010329,40175,MPLX',OTC,0.625,0.625,404,0,Mediaplex Inc,0,0,0
20010330,40175,MPLX',OTC,0.59375,0.59375,762,0,Mediaplex Inc,0,0,0
20010402,40175,MPLX',OTC,0.625,0.625,1894,0,Mediaplex Inc,0,0,0
20010403,40175,MPLX',OTC,0.5625,0.5625,1275,0,Mediaplex Inc,0,0,0
20010404,40175,MPLX',OTC,0.5625,0.5625,1351,0,Mediaplex Inc,0,0,0
20010405,40175,MPLX',OTC,0.53125,0.53125,444,0,Mediaplex Inc,0,0,0
20010406,40175,MPLX',OTC,0.59375,0.59375,727,0,Mediaplex Inc,0,0,0
20010409,40175,MPLX',OTC,0.61,0.61,1004,0,Mediaplex Inc,0,0,0
20010410,40175,MPLX',OTC,0.62,0.62,2458,0,Mediaplex Inc,0,0,0
20010411,40175,MPLX',OTC,0.65,0.65,745,0,Mediaplex Inc,0,0,0
20010412,40175,MPLX',OTC,0.69,0.69,2310,0,Mediaplex Inc,0,0,0
20010416,40175,MPLX',OTC,0.7,0.7,912,0,Mediaplex Inc,0,0,0
20010417,40175,MPLX',OTC,0.66,0.66,1012,0,Mediaplex Inc,0,0,0
20010418,40175,MPLX',OTC,0.62,0.62,3926,0,Mediaplex Inc,0,0,0
20010419,40175,MPLX',OTC,0.66,0.66,2097,0,Mediaplex Inc,0,0,0
20010420,40175,MPLX',OTC,0.76,0.76,3433,0,Mediaplex Inc,0,0,0
20010423,40175,MPLX',OTC,0.79,0.79,1016,0,Mediaplex Inc,0,0,0
20010424,40175,MPLX',OTC,0.98,0.98,2519,0,Mediaplex Inc,0,0,0
20010425,40175,MPLX',OTC,0.95,0.95,1845,0,Mediaplex Inc,0,0,0
20010426,40175,MPLX',OTC,1.02,1.02,1922,0,Mediaplex Inc,0,0,0
20010427,40175,MPLX',OTC,1.06,1.06,2013,0,Mediaplex Inc,0,0,0
20010430,40175,MPLX',OTC,1.01,1.01,1933,0,Mediaplex Inc,0,0,0
20010501,40175,MPLX',OTC,0.97,0.97,1533,0,Mediaplex Inc,0,0,0
20010502,40175,MPLX',OTC,1.07,1.07,1982,0,Mediaplex Inc,0,0,0
20010503,40175,MPLX',OTC,1.04,1.04,1508,0,Mediaplex Inc,0,0,0
20010504,40175,MPLX',OTC,1.04,1.04,1107,0,Mediaplex Inc,0,0,0
20010507,40175,MPLX',OTC,1.17,1.17,2867,0,Mediaplex Inc,0,0,0
20010508,40175,MPLX',OTC,1.09,1.09,946,0,Mediaplex Inc,0,0,0
20010509,40175,MPLX',OTC,1.08,1.08,2529,0,Mediaplex Inc,0,0,0
20010510,40175,MPLX',OTC,1.08,1.08,5186,0,Mediaplex Inc,0,0,0
20010511,40175,MPLX',OTC,0.99,0.99,2190,0,Mediaplex Inc,0,0,0
20010514,40175,MPLX',OTC,0.94,0.94,979,0,Mediaplex Inc,0,0,0
20010515,40175,MPLX',OTC,0.9,0.9,1496,0,Mediaplex Inc,0,0,0
20010516,40175,MPLX',OTC,0.85,0.85,2987,0,Mediaplex Inc,0,0,0
20010517,40175,MPLX',OTC,0.88,0.88,2432,0,Mediaplex Inc,0,0,0
20010518,40175,MPLX',OTC,0.9,0.9,1568,0,Mediaplex Inc,0,0,0
20010521,40175,MPLX',OTC,0.92,0.92,2058,0,Mediaplex Inc,0,0,0
20010522,40175,MPLX',OTC,0.88,0.88,1950,0,Mediaplex Inc,0,0,0
20010523,40175,MPLX',OTC,0.87,0.87,2815,0,Mediaplex Inc,0,0,0
20010524,40175,MPLX',OTC,0.84,0.84,1647,0,Mediaplex Inc,0,0,0
20010525,40175,MPLX',OTC,0.91,0.91,2403,0,Mediaplex Inc,0,0,0
20010529,40175,MPLX',OTC,0.86,0.86,1722,0,Mediaplex Inc,0,0,0
20010530,40175,MPLX',OTC,0.84,0.84,936,0,Mediaplex Inc,0,0,0
20010531,40175,MPLX',OTC,0.83,0.83,437,0,Mediaplex Inc,0,0,0
20010601,40175,MPLX',OTC,0.8,0.8,891,0,Mediaplex Inc,0,0,0
20010604,40175,MPLX',OTC,0.81,0.81,1315,0,Mediaplex Inc,0,0,0
20010605,40175,MPLX',OTC,0.8,0.8,1578,0,Mediaplex Inc,0,0,0
20010606,40175,MPLX',OTC,0.9,0.9,4727,0,Mediaplex Inc,0,0,0
20010607,40175,MPLX',OTC,0.99,0.99,3205,0,Mediaplex Inc,0,0,0
20010608,40175,MPLX',OTC,0.96,0.96,2612,0,Mediaplex Inc,0,0,0
20010611,40175,MPLX',OTC,0.94,0.94,1533,0,Mediaplex Inc,0,0,0
20010612,40175,MPLX',OTC,1.02,1.02,1679,0,Mediaplex Inc,0,0,0
20010613,40175,MPLX',OTC,0.94,0.94,1441,0,Mediaplex Inc,0,0,0
20010614,40175,MPLX',OTC,1,1,2875,0,Mediaplex Inc,0,0,0
20010615,40175,MPLX',OTC,0.96,0.96,1845,0,Mediaplex Inc,0,0,0
20010618,40175,MPLX',OTC,0.96,0.96,1327,0,Mediaplex Inc,0,0,0
20010619,40175,MPLX',OTC,0.95,0.95,1293,0,Mediaplex Inc,0,0,0
20010620,40175,MPLX',OTC,0.91,0.91,1069,0,Mediaplex Inc,0,0,0
20010621,40175,MPLX',OTC,0.92,0.92,636,0,Mediaplex Inc,0,0,0
20010622,40175,MPLX',OTC,0.91,0.91,914,0,Mediaplex Inc,0,0,0
20010625,40175,MPLX',OTC,0.93,0.93,526,0,Mediaplex Inc,0,0,0
20010626,40175,MPLX',OTC,0.97,0.97,541,0,Mediaplex Inc,0,0,0
20010627,40175,MPLX',OTC,0.97,0.97,507,0,Mediaplex Inc,0,0,0
20010628,40175,MPLX',OTC,0.96,0.96,738,0,Mediaplex Inc,0,0,0
20010629,40175,MPLX',OTC,0.91,0.91,1638,0,Mediaplex Inc,0,0,0
20010702,40175,MPLX',OTC,1.06,1.06,10763,0,Mediaplex Inc,0,0,0
20010703,40175,MPLX',OTC,1.05,1.05,2852,0,Mediaplex Inc,0,0,0
20010705,40175,MPLX',OTC,1.05,1.05,3529,0,Mediaplex Inc,0,0,0
20010706,40175,MPLX',OTC,1.03,1.03,1786,0,Mediaplex Inc,0,0,0
20010709,40175,MPLX',OTC,1.04,1.04,2257,0,Mediaplex Inc,0,0,0
20010710,40175,MPLX',OTC,1,1,2058,0,Mediaplex Inc,0,0,0
20010711,40175,MPLX',OTC,0.93,0.93,771,0,Mediaplex Inc,0,0,0
20010712,40175,MPLX',OTC,0.95,0.95,1634,0,Mediaplex Inc,0,0,0
20010713,40175,MPLX',OTC,0.94,0.94,576,0,Mediaplex Inc,0,0,0
20010716,40175,MPLX',OTC,0.93,0.93,1471,0,Mediaplex Inc,0,0,0
20010717,40175,MPLX',OTC,0.91,0.91,2287,0,Mediaplex Inc,0,0,0
20010718,40175,MPLX',OTC,0.93,0.93,3282,0,Mediaplex Inc,0,0,0
20010719,40175,MPLX',OTC,0.94,0.94,2288,0,Mediaplex Inc,0,0,0
20010720,40175,MPLX',OTC,0.93,0.93,998,0,Mediaplex Inc,0,0,0
20010723,40175,MPLX',OTC,0.9,0.9,5599,0,Mediaplex Inc,0,0,0
20010724,40175,MPLX',OTC,0.94,0.94,374,0,Mediaplex Inc,0,0,0
20010725,40175,MPLX',OTC,0.93,0.93,1744,0,Mediaplex Inc,0,0,0
20010726,40175,MPLX',OTC,0.93,0.93,2013,0,Mediaplex Inc,0,0,0
20010727,40175,MPLX',OTC,0.93,0.93,2174,0,Mediaplex Inc,0,0,0
20010730,40175,MPLX',OTC,0.93,0.93,431,0,Mediaplex Inc,0,0,0
20010731,40175,MPLX',OTC,0.94,0.94,1604,0,Mediaplex Inc,0,0,0
20010801,40175,MPLX',OTC,0.94,0.94,727,0,Mediaplex Inc,0,0,0
20010802,40175,MPLX',OTC,0.94,0.94,4582,0,Mediaplex Inc,0,0,0
20010803,40175,MPLX',OTC,0.94,0.94,834,0,Mediaplex Inc,0,0,0
20010806,40175,MPLX',OTC,0.94,0.94,505,0,Mediaplex Inc,0,0,0
20010807,40175,MPLX',OTC,0.93,0.93,1927,0,Mediaplex Inc,0,0,0
20010808,40175,MPLX',OTC,0.92,0.92,999,0,Mediaplex Inc,0,0,0
20010809,40175,MPLX',OTC,0.92,0.92,1342,0,Mediaplex Inc,0,0,0
20010810,40175,MPLX',OTC,0.85,0.85,2355,0,Mediaplex Inc,0,0,0
20010813,40175,MPLX',OTC,0.87,0.87,1597,0,Mediaplex Inc,0,0,0
20010814,40175,MPLX',OTC,0.87,0.87,7219,0,Mediaplex Inc,0,0,0
20010815,40175,MPLX',OTC,0.9,0.9,13621,0,Mediaplex Inc,0,0,0
20010816,40175,MPLX',OTC,0.9,0.9,5764,0,Mediaplex Inc,0,0,0
20010817,40175,MPLX',OTC,0.85,0.85,2347,0,Mediaplex Inc,0,0,0
20010820,40175,MPLX',OTC,0.84,0.84,1772,0,Mediaplex Inc,0,0,0
20010821,40175,MPLX',OTC,0.82,0.82,3764,0,Mediaplex Inc,0,0,0
20010822,40175,MPLX',OTC,0.8,0.8,2796,0,Mediaplex Inc,0,0,0
20010823,40175,MPLX',OTC,0.71,0.71,15365,0,Mediaplex Inc,0,0,0
20010824,40175,MPLX',OTC,0.69,0.69,6285,0,Mediaplex Inc,0,0,0
20010827,40175,MPLX',OTC,0.78,0.78,2601,0,Mediaplex Inc,0,0,0
20010828,40175,MPLX',OTC,0.81,0.81,637,0,Mediaplex Inc,0,0,0
20010829,40175,MPLX',OTC,0.8,0.8,2156,0,Mediaplex Inc,0,0,0
20010830,40175,MPLX',OTC,0.81,0.81,386,0,Mediaplex Inc,0,0,0
20010831,40175,MPLX',OTC,0.8,0.8,1533,0,Mediaplex Inc,0,0,0
20010904,40175,MPLX',OTC,0.79,0.79,7665,0,Mediaplex Inc,0,0,0
20010905,40175,MPLX',OTC,0.78,0.78,4389,0,Mediaplex Inc,0,0,0
20010906,40175,MPLX',OTC,0.76,0.76,6707,0,Mediaplex Inc,0,0,0
20010907,40175,MPLX',OTC,0.77,0.77,260,0,Mediaplex Inc,0,0,0
20010910,40175,MPLX',OTC,0.73,0.73,3804,0,Mediaplex Inc,0,0,0
20010917,40175,MPLX',OTC,0.71,0.71,2102,0,Mediaplex Inc,0,0,0
20010918,40175,MPLX',OTC,0.71,0.71,2141,0,Mediaplex Inc,0,0,0
20010919,40175,MPLX',OTC,0.72,0.72,2337,0,Mediaplex Inc,0,0,0
20010920,40175,MPLX',OTC,0.72,0.72,1097,0,Mediaplex Inc,0,0,0
20010921,40175,MPLX',OTC,0.71,0.71,986,0,Mediaplex Inc,0,0,0
20010924,40175,MPLX',OTC,0.73,0.73,1624,0,Mediaplex Inc,0,0,0
20010925,40175,MPLX',OTC,0.69,0.69,7872,0,Mediaplex Inc,0,0,0
20010926,40175,MPLX',OTC,0.7,0.7,4098,0,Mediaplex Inc,0,0,0
20010927,40175,MPLX',OTC,0.7,0.7,2593,0,Mediaplex Inc,0,0,0
20010928,40175,MPLX',OTC,0.71,0.71,1769,0,Mediaplex Inc,0,0,0
20011001,40175,MPLX',OTC,0.71,0.71,957,0,Mediaplex Inc,0,0,0
20011002,40175,MPLX',OTC,0.71,0.71,1156,0,Mediaplex Inc,0,0,0
20011003,40175,MPLX',OTC,0.72,0.72,3628,0,Mediaplex Inc,0,0,0
20011004,40175,MPLX',OTC,0.73,0.73,1059,0,Mediaplex Inc,0,0,0
20011005,40175,MPLX',OTC,0.72,0.72,2852,0,Mediaplex Inc,0,0,0
20011008,40175,MPLX',OTC,0.7,0.7,490,0,Mediaplex Inc,0,0,0
20011009,40175,MPLX',OTC,0.73,0.73,1733,0,Mediaplex Inc,0,0,0
20011010,40175,MPLX',OTC,0.72,0.72,365,0,Mediaplex Inc,0,0,0
20011011,40175,MPLX',OTC,0.71,0.71,257,0,Mediaplex Inc,0,0,0
20011012,40175,MPLX',OTC,0.72,0.72,421,0,Mediaplex Inc,0,0,0
20011015,40175,MPLX',OTC,0.73,0.73,408,0,Mediaplex Inc,0,0,0
20011016,40175,MPLX',OTC,0.74,0.74,1065,0,Mediaplex Inc,0,0,0
20011017,40175,MPLX',OTC,0.81,0.81,1798,0,Mediaplex Inc,0,0,0
20011018,40175,MPLX',OTC,0.8,0.8,534,0,Mediaplex Inc,0,0,0
20011019,40175,MPLX',OTC,0.81,0.81,1174,0,Mediaplex Inc,0,0,0
20011022,40175,MPLX',OTC,0.81,0.81,0,0,Mediaplex Inc,0,0,0
20011023,40175,MPLX',OTC,0.81,0.81,0,0,Mediaplex Inc,0,0,0
20011024,40175,MPLX',OTC,0.81,0.81,0,0,Mediaplex Inc,0,0,0
20011025,40175,MPLX',OTC,0.81,0.81,0,0,Mediaplex Inc,0,0,0
20011026,40175,MPLX',OTC,0.81,0.81,0,0,Mediaplex Inc,0,0,0
20011029,40175,MPLX',OTC,0.81,0.81,0,0,Mediaplex Inc,0,0,0
20011030,40175,MPLX',OTC,0.81,0.81,0,0,Mediaplex Inc,0,0,0
20011031,40175,MPLX',OTC,0.81,0.81,0,0,Mediaplex Inc,0,0,0
20011101,40175,MPLX',OTC,0.81,0.81,0,0,Mediaplex Inc,0,0,0
20011102,40175,MPLX',OTC,0.81,0.81,0,0,Mediaplex Inc,0,0,0
20011105,40175,MPLX',OTC,0.81,0.81,0,0,Mediaplex Inc,0,0,0
20011106,40175,MPLX',OTC,0.81,0.81,0,0,Mediaplex Inc,0,0,0
20011107,40175,MPLX',OTC,0.81,0.81,0,0,Mediaplex Inc,0,0,0
20011108,40175,MPLX',OTC,0.81,0.81,0,0,Mediaplex Inc,0,0,0
20011109,40175,MPLX',OTC,0.81,0.81,0,0,Mediaplex Inc,0,0,0
20011112,40175,MPLX',OTC,0.81,0.81,0,0,Mediaplex Inc,0,0,0
