DDate,CSINumber,Symbol,Exchange,DClose,UnAdjustedClose,TotalVolume,Cash,MarketName,PTB,PSR,DPS
20000502,40845,MTWVQ',OTC,11.5,11.5,5214,0,Metawave Commun Corp,0,0,0
20000503,40845,MTWVQ',OTC,10.3125,10.3125,2985,0,Metawave Commun Corp,0,0,0
20000504,40845,MTWVQ',OTC,11,11,1532,0,Metawave Commun Corp,0,0,0
20000505,40845,MTWVQ',OTC,13.125,13.125,6991,0,Metawave Commun Corp,0,0,0
20000508,40845,MTWVQ',OTC,13.5,13.5,2076,0,Metawave Commun Corp,0,0,0
20000509,40845,MTWVQ',OTC,13.5,13.5,2481,0,Metawave Commun Corp,0,0,0
20000510,40845,MTWVQ',OTC,13.25,13.25,1779,0,Metawave Commun Corp,0,0,0
20000511,40845,MTWVQ',OTC,12.375,12.375,1984,0,Metawave Commun Corp,0,0,0
20000512,40845,MTWVQ',OTC,13.25,13.25,1333,0,Metawave Commun Corp,0,0,0
20000515,40845,MTWVQ',OTC,13.9375,13.9375,1041,0,Metawave Commun Corp,0,0,0
20000516,40845,MTWVQ',OTC,17.1875,17.1875,3805,0,Metawave Commun Corp,0,0,0
20000517,40845,MTWVQ',OTC,22.875,22.875,5732,0,Metawave Commun Corp,0,0,0
20000518,40845,MTWVQ',OTC,24.25,24.25,9643,0,Metawave Commun Corp,0,0,0
20000519,40845,MTWVQ',OTC,25.625,25.625,5840,0,Metawave Commun Corp,0,0,0
20000522,40845,MTWVQ',OTC,24,24,12939,0,Metawave Commun Corp,0,0,0
20000523,40845,MTWVQ',OTC,25.3125,25.3125,3523,0,Metawave Commun Corp,0,0,0
20000524,40845,MTWVQ',OTC,23.75,23.75,1979,0,Metawave Commun Corp,0,0,0
20000525,40845,MTWVQ',OTC,23.75,23.75,887,0,Metawave Commun Corp,0,0,0
20000526,40845,MTWVQ',OTC,24,24,1056,0,Metawave Commun Corp,0,0,0
20000530,40845,MTWVQ',OTC,24.25,24.25,1508,0,Metawave Commun Corp,0,0,0
20000531,40845,MTWVQ',OTC,29.875,29.875,4274,0,Metawave Commun Corp,0,0,0
20000601,40845,MTWVQ',OTC,28.25,28.25,1716,0,Metawave Commun Corp,0,0,0
20000602,40845,MTWVQ',OTC,33.3125,33.3125,2388,0,Metawave Commun Corp,0,0,0
20000605,40845,MTWVQ',OTC,34.1875,34.1875,2256,0,Metawave Commun Corp,0,0,0
20000606,40845,MTWVQ',OTC,27.9375,27.9375,2106,0,Metawave Commun Corp,0,0,0
20000607,40845,MTWVQ',OTC,31.625,31.625,1196,0,Metawave Commun Corp,0,0,0
20000608,40845,MTWVQ',OTC,28.75,28.75,816,0,Metawave Commun Corp,0,0,0
20000609,40845,MTWVQ',OTC,32.375,32.375,2547,0,Metawave Commun Corp,0,0,0
20000612,40845,MTWVQ',OTC,28.5,28.5,750,0,Metawave Commun Corp,0,0,0
20000613,40845,MTWVQ',OTC,26.6875,26.6875,2245,0,Metawave Commun Corp,0,0,0
20000614,40845,MTWVQ',OTC,28.4375,28.4375,1098,0,Metawave Commun Corp,0,0,0
20000615,40845,MTWVQ',OTC,27.375,27.375,628,0,Metawave Commun Corp,0,0,0
20000616,40845,MTWVQ',OTC,27,27,431,0,Metawave Commun Corp,0,0,0
20000619,40845,MTWVQ',OTC,26.5,26.5,1018,0,Metawave Commun Corp,0,0,0
20000620,40845,MTWVQ',OTC,30.875,30.875,1378,0,Metawave Commun Corp,0,0,0
20000621,40845,MTWVQ',OTC,29.125,29.125,788,0,Metawave Commun Corp,0,0,0
20000622,40845,MTWVQ',OTC,26.75,26.75,732,0,Metawave Commun Corp,0,0,0
20000623,40845,MTWVQ',OTC,27.75,27.75,490,0,Metawave Commun Corp,0,0,0
20000626,40845,MTWVQ',OTC,27.125,27.125,1177,0,Metawave Commun Corp,0,0,0
20000627,40845,MTWVQ',OTC,26.125,26.125,1330,0,Metawave Commun Corp,0,0,0
20000628,40845,MTWVQ',OTC,24.75,24.75,3561,0,Metawave Commun Corp,0,0,0
20000629,40845,MTWVQ',OTC,24.8125,24.8125,1083,0,Metawave Commun Corp,0,0,0
20000630,40845,MTWVQ',OTC,26.6875,26.6875,2676,0,Metawave Commun Corp,0,0,0
20000703,40845,MTWVQ',OTC,25.75,25.75,147,0,Metawave Commun Corp,0,0,0
20000705,40845,MTWVQ',OTC,23.75,23.75,1044,0,Metawave Commun Corp,0,0,0
20000706,40845,MTWVQ',OTC,26,26,591,0,Metawave Commun Corp,0,0,0
20000707,40845,MTWVQ',OTC,28,28,408,0,Metawave Commun Corp,0,0,0
20000710,40845,MTWVQ',OTC,27.75,27.75,214,0,Metawave Commun Corp,0,0,0
20000711,40845,MTWVQ',OTC,26.625,26.625,266,0,Metawave Commun Corp,0,0,0
20000712,40845,MTWVQ',OTC,30,30,736,0,Metawave Commun Corp,0,0,0
20000713,40845,MTWVQ',OTC,29,29,637,0,Metawave Commun Corp,0,0,0
20000714,40845,MTWVQ',OTC,29.5,29.5,295,0,Metawave Commun Corp,0,0,0
20000717,40845,MTWVQ',OTC,28.875,28.875,632,0,Metawave Commun Corp,0,0,0
20000718,40845,MTWVQ',OTC,29,29,889,0,Metawave Commun Corp,0,0,0
20000719,40845,MTWVQ',OTC,29.5625,29.5625,590,0,Metawave Commun Corp,0,0,0
20000720,40845,MTWVQ',OTC,29.25,29.25,569,0,Metawave Commun Corp,0,0,0
20000721,40845,MTWVQ',OTC,26.5625,26.5625,209,0,Metawave Commun Corp,0,0,0
20000724,40845,MTWVQ',OTC,27,27,135,0,Metawave Commun Corp,0,0,0
20000725,40845,MTWVQ',OTC,28.5625,28.5625,821,0,Metawave Commun Corp,0,0,0
20000726,40845,MTWVQ',OTC,28.3125,28.3125,657,0,Metawave Commun Corp,0,0,0
20000727,40845,MTWVQ',OTC,23.5625,23.5625,484,0,Metawave Commun Corp,0,0,0
20000728,40845,MTWVQ',OTC,24.875,24.875,1708,0,Metawave Commun Corp,0,0,0
20000731,40845,MTWVQ',OTC,27.0625,27.0625,3427,0,Metawave Commun Corp,0,0,0
20000801,40845,MTWVQ',OTC,24.8125,24.8125,687,0,Metawave Commun Corp,0,0,0
20000802,40845,MTWVQ',OTC,27.0625,27.0625,1165,0,Metawave Commun Corp,0,0,0
20000803,40845,MTWVQ',OTC,27,27,1005,0,Metawave Commun Corp,0,0,0
20000804,40845,MTWVQ',OTC,25.5,25.5,843,0,Metawave Commun Corp,0,0,0
20000807,40845,MTWVQ',OTC,27.625,27.625,485,0,Metawave Commun Corp,0,0,0
20000808,40845,MTWVQ',OTC,27.375,27.375,631,0,Metawave Commun Corp,0,0,0
20000809,40845,MTWVQ',OTC,26.625,26.625,219,0,Metawave Commun Corp,0,0,0
20000810,40845,MTWVQ',OTC,26.875,26.875,604,0,Metawave Commun Corp,0,0,0
20000811,40845,MTWVQ',OTC,29.0625,29.0625,653,0,Metawave Commun Corp,0,0,0
20000814,40845,MTWVQ',OTC,28,28,171,0,Metawave Commun Corp,0,0,0
20000815,40845,MTWVQ',OTC,25.3125,25.3125,302,0,Metawave Commun Corp,0,0,0
20000816,40845,MTWVQ',OTC,26.4375,26.4375,426,0,Metawave Commun Corp,0,0,0
20000817,40845,MTWVQ',OTC,25,25,1349,0,Metawave Commun Corp,0,0,0
20000818,40845,MTWVQ',OTC,24.125,24.125,1743,0,Metawave Commun Corp,0,0,0
20000821,40845,MTWVQ',OTC,24.125,24.125,346,0,Metawave Commun Corp,0,0,0
20000822,40845,MTWVQ',OTC,23.125,23.125,379,0,Metawave Commun Corp,0,0,0
20000823,40845,MTWVQ',OTC,24.1875,24.1875,440,0,Metawave Commun Corp,0,0,0
20000824,40845,MTWVQ',OTC,23.5,23.5,3149,0,Metawave Commun Corp,0,0,0
20000825,40845,MTWVQ',OTC,21,21,460,0,Metawave Commun Corp,0,0,0
20000828,40845,MTWVQ',OTC,20.25,20.25,479,0,Metawave Commun Corp,0,0,0
20000829,40845,MTWVQ',OTC,19.25,19.25,707,0,Metawave Commun Corp,0,0,0
20000830,40845,MTWVQ',OTC,19.625,19.625,189,0,Metawave Commun Corp,0,0,0
20000831,40845,MTWVQ',OTC,20.625,20.625,1048,0,Metawave Commun Corp,0,0,0
20000901,40845,MTWVQ',OTC,21.625,21.625,3595,0,Metawave Commun Corp,0,0,0
20000905,40845,MTWVQ',OTC,20.9375,20.9375,1242,0,Metawave Commun Corp,0,0,0
20000906,40845,MTWVQ',OTC,19.625,19.625,609,0,Metawave Commun Corp,0,0,0
20000907,40845,MTWVQ',OTC,20.625,20.625,860,0,Metawave Commun Corp,0,0,0
20000908,40845,MTWVQ',OTC,19.5,19.5,215,0,Metawave Commun Corp,0,0,0
20000911,40845,MTWVQ',OTC,20,20,461,0,Metawave Commun Corp,0,0,0
20000912,40845,MTWVQ',OTC,20.1875,20.1875,97,0,Metawave Commun Corp,0,0,0
20000913,40845,MTWVQ',OTC,20.75,20.75,1312,0,Metawave Commun Corp,0,0,0
20000914,40845,MTWVQ',OTC,22.5,22.5,1550,0,Metawave Commun Corp,0,0,0
20000915,40845,MTWVQ',OTC,23,23,3275,0,Metawave Commun Corp,0,0,0
20000918,40845,MTWVQ',OTC,25.875,25.875,1693,0,Metawave Commun Corp,0,0,0
20000919,40845,MTWVQ',OTC,25.625,25.625,706,0,Metawave Commun Corp,0,0,0
20000920,40845,MTWVQ',OTC,24.71875,24.71875,882,0,Metawave Commun Corp,0,0,0
20000921,40845,MTWVQ',OTC,23.5,23.5,723,0,Metawave Commun Corp,0,0,0
20000922,40845,MTWVQ',OTC,24.375,24.375,234,0,Metawave Commun Corp,0,0,0
20000925,40845,MTWVQ',OTC,23.625,23.625,385,0,Metawave Commun Corp,0,0,0
20000926,40845,MTWVQ',OTC,21.75,21.75,305,0,Metawave Commun Corp,0,0,0
20000927,40845,MTWVQ',OTC,20,20,573,0,Metawave Commun Corp,0,0,0
20000928,40845,MTWVQ',OTC,19.0625,19.0625,1478,0,Metawave Commun Corp,0,0,0
20000929,40845,MTWVQ',OTC,18.3125,18.3125,1030,0,Metawave Commun Corp,0,0,0
20001002,40845,MTWVQ',OTC,18,18,365,0,Metawave Commun Corp,0,0,0
20001003,40845,MTWVQ',OTC,16.875,16.875,229,0,Metawave Commun Corp,0,0,0
20001004,40845,MTWVQ',OTC,15.3125,15.3125,477,0,Metawave Commun Corp,0,0,0
20001005,40845,MTWVQ',OTC,18.125,18.125,1118,0,Metawave Commun Corp,0,0,0
20001006,40845,MTWVQ',OTC,16.25,16.25,285,0,Metawave Commun Corp,0,0,0
20001009,40845,MTWVQ',OTC,18.4375,18.4375,423,0,Metawave Commun Corp,0,0,0
20001010,40845,MTWVQ',OTC,17.3125,17.3125,448,0,Metawave Commun Corp,0,0,0
20001011,40845,MTWVQ',OTC,16,16,692,0,Metawave Commun Corp,0,0,0
20001012,40845,MTWVQ',OTC,15.25,15.25,729,0,Metawave Commun Corp,0,0,0
20001013,40845,MTWVQ',OTC,15,15,702,0,Metawave Commun Corp,0,0,0
20001016,40845,MTWVQ',OTC,16.875,16.875,695,0,Metawave Commun Corp,0,0,0
20001017,40845,MTWVQ',OTC,18.75,18.75,511,0,Metawave Commun Corp,0,0,0
20001018,40845,MTWVQ',OTC,18.25,18.25,495,0,Metawave Commun Corp,0,0,0
20001019,40845,MTWVQ',OTC,19.625,19.625,218,0,Metawave Commun Corp,0,0,0
20001020,40845,MTWVQ',OTC,20.1875,20.1875,2091,0,Metawave Commun Corp,0,0,0
20001023,40845,MTWVQ',OTC,18.25,18.25,2558,0,Metawave Commun Corp,0,0,0
20001024,40845,MTWVQ',OTC,12.875,12.875,5557,0,Metawave Commun Corp,0,0,0
20001025,40845,MTWVQ',OTC,11.5625,11.5625,4005,0,Metawave Commun Corp,0,0,0
20001026,40845,MTWVQ',OTC,11.25,11.25,2272,0,Metawave Commun Corp,0,0,0
20001027,40845,MTWVQ',OTC,9.875,9.875,5259,0,Metawave Commun Corp,0,0,0
20001030,40845,MTWVQ',OTC,10.375,10.375,4058,0,Metawave Commun Corp,0,0,0
20001031,40845,MTWVQ',OTC,13.25,13.25,6705,0,Metawave Commun Corp,0,0,0
20001101,40845,MTWVQ',OTC,14,14,7738,0,Metawave Commun Corp,0,0,0
20001102,40845,MTWVQ',OTC,14,14,6694,0,Metawave Commun Corp,0,0,0
20001103,40845,MTWVQ',OTC,14.125,14.125,6929,0,Metawave Commun Corp,0,0,0
20001106,40845,MTWVQ',OTC,13.625,13.625,11362,0,Metawave Commun Corp,0,0,0
20001107,40845,MTWVQ',OTC,13.75,13.75,6029,0,Metawave Commun Corp,0,0,0
20001108,40845,MTWVQ',OTC,13.75,13.75,3776,0,Metawave Commun Corp,0,0,0
20001109,40845,MTWVQ',OTC,13.6875,13.6875,2378,0,Metawave Commun Corp,0,0,0
20001110,40845,MTWVQ',OTC,12.8125,12.8125,2225,0,Metawave Commun Corp,0,0,0
20001113,40845,MTWVQ',OTC,12.875,12.875,2334,0,Metawave Commun Corp,0,0,0
20001114,40845,MTWVQ',OTC,13.96875,13.96875,4749,0,Metawave Commun Corp,0,0,0
20001115,40845,MTWVQ',OTC,12.25,12.25,4596,0,Metawave Commun Corp,0,0,0
20001116,40845,MTWVQ',OTC,11,11,6733,0,Metawave Commun Corp,0,0,0
20001117,40845,MTWVQ',OTC,11.25,11.25,5280,0,Metawave Commun Corp,0,0,0
20001120,40845,MTWVQ',OTC,10.9375,10.9375,2703,0,Metawave Commun Corp,0,0,0
20001121,40845,MTWVQ',OTC,9.625,9.625,2242,0,Metawave Commun Corp,0,0,0
20001122,40845,MTWVQ',OTC,10.0625,10.0625,3093,0,Metawave Commun Corp,0,0,0
20001124,40845,MTWVQ',OTC,10.0625,10.0625,602,0,Metawave Commun Corp,0,0,0
20001127,40845,MTWVQ',OTC,9.6875,9.6875,999,0,Metawave Commun Corp,0,0,0
20001128,40845,MTWVQ',OTC,9.125,9.125,3475,0,Metawave Commun Corp,0,0,0
20001129,40845,MTWVQ',OTC,8.75,8.75,2557,0,Metawave Commun Corp,0,0,0
20001130,40845,MTWVQ',OTC,8.1875,8.1875,4764,0,Metawave Commun Corp,0,0,0
20001201,40845,MTWVQ',OTC,8.8125,8.8125,3648,0,Metawave Commun Corp,0,0,0
20001204,40845,MTWVQ',OTC,7.75,7.75,2410,0,Metawave Commun Corp,0,0,0
20001205,40845,MTWVQ',OTC,7.875,7.875,4133,0,Metawave Commun Corp,0,0,0
20001206,40845,MTWVQ',OTC,7.53125,7.53125,1732,0,Metawave Commun Corp,0,0,0
20001207,40845,MTWVQ',OTC,6.3125,6.3125,3314,0,Metawave Commun Corp,0,0,0
20001208,40845,MTWVQ',OTC,7.125,7.125,3957,0,Metawave Commun Corp,0,0,0
20001211,40845,MTWVQ',OTC,8.5,8.5,4697,0,Metawave Commun Corp,0,0,0
20001212,40845,MTWVQ',OTC,8.75,8.75,2244,0,Metawave Commun Corp,0,0,0
20001213,40845,MTWVQ',OTC,10.0625,10.0625,2651,0,Metawave Commun Corp,0,0,0
20001214,40845,MTWVQ',OTC,9.0625,9.0625,2425,0,Metawave Commun Corp,0,0,0
20001215,40845,MTWVQ',OTC,9,9,612,0,Metawave Commun Corp,0,0,0
20001218,40845,MTWVQ',OTC,8.21875,8.21875,2109,0,Metawave Commun Corp,0,0,0
20001219,40845,MTWVQ',OTC,7.875,7.875,1910,0,Metawave Commun Corp,0,0,0
20001220,40845,MTWVQ',OTC,7.375,7.375,2278,0,Metawave Commun Corp,0,0,0
20001221,40845,MTWVQ',OTC,7.625,7.625,3461,0,Metawave Commun Corp,0,0,0
20001222,40845,MTWVQ',OTC,8.5,8.5,1411,0,Metawave Commun Corp,0,0,0
20001226,40845,MTWVQ',OTC,7.5625,7.5625,1469,0,Metawave Commun Corp,0,0,0
20001227,40845,MTWVQ',OTC,7.375,7.375,1805,0,Metawave Commun Corp,0,0,0
20001228,40845,MTWVQ',OTC,9.4375,9.4375,3576,0,Metawave Commun Corp,0,0,0
20001229,40845,MTWVQ',OTC,9.125,9.125,3302,0,Metawave Commun Corp,0,0,0
20010102,40845,MTWVQ',OTC,7.8125,7.8125,1632,0,Metawave Commun Corp,0,0,0
20010103,40845,MTWVQ',OTC,7.625,7.625,2231,0,Metawave Commun Corp,0,0,0
20010104,40845,MTWVQ',OTC,9.375,9.375,3499,0,Metawave Commun Corp,0,0,0
20010105,40845,MTWVQ',OTC,8.125,8.125,1013,0,Metawave Commun Corp,0,0,0
20010108,40845,MTWVQ',OTC,7.53125,7.53125,1321,0,Metawave Commun Corp,0,0,0
20010109,40845,MTWVQ',OTC,7.4375,7.4375,3528,0,Metawave Commun Corp,0,0,0
20010110,40845,MTWVQ',OTC,9.125,9.125,3355,0,Metawave Commun Corp,0,0,0
20010111,40845,MTWVQ',OTC,10,10,3710,0,Metawave Commun Corp,0,0,0
20010112,40845,MTWVQ',OTC,10.125,10.125,3488,0,Metawave Commun Corp,0,0,0
20010116,40845,MTWVQ',OTC,11.25,11.25,3983,0,Metawave Commun Corp,0,0,0
20010117,40845,MTWVQ',OTC,13.125,13.125,6405,0,Metawave Commun Corp,0,0,0
20010118,40845,MTWVQ',OTC,12.875,12.875,2917,0,Metawave Commun Corp,0,0,0
20010119,40845,MTWVQ',OTC,12.5625,12.5625,13662,0,Metawave Commun Corp,0,0,0
20010122,40845,MTWVQ',OTC,12.375,12.375,7115,0,Metawave Commun Corp,0,0,0
20010123,40845,MTWVQ',OTC,14.75,14.75,7433,0,Metawave Commun Corp,0,0,0
20010124,40845,MTWVQ',OTC,14.125,14.125,17591,0,Metawave Commun Corp,0,0,0
20010125,40845,MTWVQ',OTC,13.5625,13.5625,4015,0,Metawave Commun Corp,0,0,0
20010126,40845,MTWVQ',OTC,11.375,11.375,18838,0,Metawave Commun Corp,0,0,0
20010129,40845,MTWVQ',OTC,11.0625,11.0625,5235,0,Metawave Commun Corp,0,0,0
20010130,40845,MTWVQ',OTC,10.3125,10.3125,5049,0,Metawave Commun Corp,0,0,0
20010131,40845,MTWVQ',OTC,12,12,14969,0,Metawave Commun Corp,0,0,0
20010201,40845,MTWVQ',OTC,11.3125,11.3125,5297,0,Metawave Commun Corp,0,0,0
20010202,40845,MTWVQ',OTC,11.3125,11.3125,2125,0,Metawave Commun Corp,0,0,0
20010205,40845,MTWVQ',OTC,10.25,10.25,3296,0,Metawave Commun Corp,0,0,0
20010206,40845,MTWVQ',OTC,10.375,10.375,4219,0,Metawave Commun Corp,0,0,0
20010207,40845,MTWVQ',OTC,10,10,1785,0,Metawave Commun Corp,0,0,0
20010208,40845,MTWVQ',OTC,10.5,10.5,1380,0,Metawave Commun Corp,0,0,0
20010209,40845,MTWVQ',OTC,11.9375,11.9375,7916,0,Metawave Commun Corp,0,0,0
20010212,40845,MTWVQ',OTC,11.4375,11.4375,4961,0,Metawave Commun Corp,0,0,0
20010213,40845,MTWVQ',OTC,11.875,11.875,7719,0,Metawave Commun Corp,0,0,0
20010214,40845,MTWVQ',OTC,11.5,11.5,3881,0,Metawave Commun Corp,0,0,0
20010215,40845,MTWVQ',OTC,11.3125,11.3125,3390,0,Metawave Commun Corp,0,0,0
20010216,40845,MTWVQ',OTC,11,11,1921,0,Metawave Commun Corp,0,0,0
20010220,40845,MTWVQ',OTC,10.8125,10.8125,2663,0,Metawave Commun Corp,0,0,0
20010221,40845,MTWVQ',OTC,10.5,10.5,1863,0,Metawave Commun Corp,0,0,0
20010222,40845,MTWVQ',OTC,11.4375,11.4375,2346,0,Metawave Commun Corp,0,0,0
20010223,40845,MTWVQ',OTC,10.5625,10.5625,5524,0,Metawave Commun Corp,0,0,0
20010226,40845,MTWVQ',OTC,12.0625,12.0625,6098,0,Metawave Commun Corp,0,0,0
20010227,40845,MTWVQ',OTC,10.875,10.875,2574,0,Metawave Commun Corp,0,0,0
20010228,40845,MTWVQ',OTC,11.0625,11.0625,1680,0,Metawave Commun Corp,0,0,0
20010301,40845,MTWVQ',OTC,11.25,11.25,1815,0,Metawave Commun Corp,0,0,0
20010302,40845,MTWVQ',OTC,11.0625,11.0625,1996,0,Metawave Commun Corp,0,0,0
20010305,40845,MTWVQ',OTC,11.25,11.25,866,0,Metawave Commun Corp,0,0,0
20010306,40845,MTWVQ',OTC,10.75,10.75,1526,0,Metawave Commun Corp,0,0,0
20010307,40845,MTWVQ',OTC,11.5,11.5,3192,0,Metawave Commun Corp,0,0,0
20010308,40845,MTWVQ',OTC,11.9375,11.9375,2703,0,Metawave Commun Corp,0,0,0
20010309,40845,MTWVQ',OTC,11.6875,11.6875,3369,0,Metawave Commun Corp,0,0,0
20010312,40845,MTWVQ',OTC,10.5625,10.5625,3126,0,Metawave Commun Corp,0,0,0
20010313,40845,MTWVQ',OTC,9.9375,9.9375,3102,0,Metawave Commun Corp,0,0,0
20010314,40845,MTWVQ',OTC,9,9,5027,0,Metawave Commun Corp,0,0,0
20010315,40845,MTWVQ',OTC,8.75,8.75,2061,0,Metawave Commun Corp,0,0,0
20010316,40845,MTWVQ',OTC,8,8,2118,0,Metawave Commun Corp,0,0,0
20010319,40845,MTWVQ',OTC,8.96875,8.96875,2266,0,Metawave Commun Corp,0,0,0
20010320,40845,MTWVQ',OTC,9.25,9.25,2626,0,Metawave Commun Corp,0,0,0
20010321,40845,MTWVQ',OTC,8.9375,8.9375,1456,0,Metawave Commun Corp,0,0,0
20010322,40845,MTWVQ',OTC,9,9,998,0,Metawave Commun Corp,0,0,0
20010323,40845,MTWVQ',OTC,9.625,9.625,842,0,Metawave Commun Corp,0,0,0
20010326,40845,MTWVQ',OTC,8.9375,8.9375,796,0,Metawave Commun Corp,0,0,0
20010327,40845,MTWVQ',OTC,8.5625,8.5625,2228,0,Metawave Commun Corp,0,0,0
20010328,40845,MTWVQ',OTC,8,8,3317,0,Metawave Commun Corp,0,0,0
20010329,40845,MTWVQ',OTC,7.03125,7.03125,5917,0,Metawave Commun Corp,0,0,0
20010330,40845,MTWVQ',OTC,6.1875,6.1875,8437,0,Metawave Commun Corp,0,0,0
20010402,40845,MTWVQ',OTC,6.484375,6.484375,4294,0,Metawave Commun Corp,0,0,0
20010403,40845,MTWVQ',OTC,5.875,5.875,2806,0,Metawave Commun Corp,0,0,0
20010404,40845,MTWVQ',OTC,2.515625,2.515625,57961,0,Metawave Commun Corp,0,0,0
20010405,40845,MTWVQ',OTC,2.625,2.625,12533,0,Metawave Commun Corp,0,0,0
20010406,40845,MTWVQ',OTC,2.1875,2.1875,8129,0,Metawave Commun Corp,0,0,0
20010409,40845,MTWVQ',OTC,2.25,2.25,2211,0,Metawave Commun Corp,0,0,0
20010410,40845,MTWVQ',OTC,2.25,2.25,1686,0,Metawave Commun Corp,0,0,0
20010411,40845,MTWVQ',OTC,2.51,2.51,4523,0,Metawave Commun Corp,0,0,0
20010412,40845,MTWVQ',OTC,2.9,2.9,3346,0,Metawave Commun Corp,0,0,0
20010416,40845,MTWVQ',OTC,2.85,2.85,4551,0,Metawave Commun Corp,0,0,0
20010417,40845,MTWVQ',OTC,3.03,3.03,2125,0,Metawave Commun Corp,0,0,0
20010418,40845,MTWVQ',OTC,3.15,3.15,5734,0,Metawave Commun Corp,0,0,0
20010419,40845,MTWVQ',OTC,3.52,3.52,2340,0,Metawave Commun Corp,0,0,0
20010420,40845,MTWVQ',OTC,4.6,4.6,5803,0,Metawave Commun Corp,0,0,0
20010423,40845,MTWVQ',OTC,4,4,2175,0,Metawave Commun Corp,0,0,0
20010424,40845,MTWVQ',OTC,4.21,4.21,2138,0,Metawave Commun Corp,0,0,0
20010425,40845,MTWVQ',OTC,3.8,3.8,5681,0,Metawave Commun Corp,0,0,0
20010426,40845,MTWVQ',OTC,3.58,3.58,1357,0,Metawave Commun Corp,0,0,0
20010427,40845,MTWVQ',OTC,3.35,3.35,1849,0,Metawave Commun Corp,0,0,0
20010430,40845,MTWVQ',OTC,3.7,3.7,4122,0,Metawave Commun Corp,0,0,0
20010501,40845,MTWVQ',OTC,3.55,3.55,1021,0,Metawave Commun Corp,0,0,0
20010502,40845,MTWVQ',OTC,3.9,3.9,7790,0,Metawave Commun Corp,0,0,0
20010503,40845,MTWVQ',OTC,4.24,4.24,3139,0,Metawave Commun Corp,0,0,0
20010504,40845,MTWVQ',OTC,4.44,4.44,2089,0,Metawave Commun Corp,0,0,0
20010507,40845,MTWVQ',OTC,4.21,4.21,3219,0,Metawave Commun Corp,0,0,0
20010508,40845,MTWVQ',OTC,4.09,4.09,1229,0,Metawave Commun Corp,0,0,0
20010509,40845,MTWVQ',OTC,4,4,1115,0,Metawave Commun Corp,0,0,0
20010510,40845,MTWVQ',OTC,3.99,3.99,2454,0,Metawave Commun Corp,0,0,0
20010511,40845,MTWVQ',OTC,4.05,4.05,3016,0,Metawave Commun Corp,0,0,0
20010514,40845,MTWVQ',OTC,4.05,4.05,978,0,Metawave Commun Corp,0,0,0
20010515,40845,MTWVQ',OTC,4.12,4.12,753,0,Metawave Commun Corp,0,0,0
20010516,40845,MTWVQ',OTC,3.95,3.95,1931,0,Metawave Commun Corp,0,0,0
20010517,40845,MTWVQ',OTC,4.03,4.03,2673,0,Metawave Commun Corp,0,0,0
20010518,40845,MTWVQ',OTC,4.02,4.02,1156,0,Metawave Commun Corp,0,0,0
20010521,40845,MTWVQ',OTC,4.2,4.2,1716,0,Metawave Commun Corp,0,0,0
20010522,40845,MTWVQ',OTC,4.18,4.18,4377,0,Metawave Commun Corp,0,0,0
20010523,40845,MTWVQ',OTC,4.2,4.2,2353,0,Metawave Commun Corp,0,0,0
20010524,40845,MTWVQ',OTC,4.26,4.26,699,0,Metawave Commun Corp,0,0,0
20010525,40845,MTWVQ',OTC,4.25,4.25,1027,0,Metawave Commun Corp,0,0,0
20010529,40845,MTWVQ',OTC,3.97,3.97,1054,0,Metawave Commun Corp,0,0,0
20010530,40845,MTWVQ',OTC,3.82,3.82,1193,0,Metawave Commun Corp,0,0,0
20010531,40845,MTWVQ',OTC,4,4,439,0,Metawave Commun Corp,0,0,0
20010601,40845,MTWVQ',OTC,3.7,3.7,957,0,Metawave Commun Corp,0,0,0
20010604,40845,MTWVQ',OTC,3.4,3.4,798,0,Metawave Commun Corp,0,0,0
20010605,40845,MTWVQ',OTC,3.04,3.04,2340,0,Metawave Commun Corp,0,0,0
20010606,40845,MTWVQ',OTC,3.03,3.03,930,0,Metawave Commun Corp,0,0,0
20010607,40845,MTWVQ',OTC,3,3,1697,0,Metawave Commun Corp,0,0,0
20010608,40845,MTWVQ',OTC,2.9,2.9,1665,0,Metawave Commun Corp,0,0,0
20010611,40845,MTWVQ',OTC,2.8,2.8,2731,0,Metawave Commun Corp,0,0,0
20010612,40845,MTWVQ',OTC,2.5,2.5,3647,0,Metawave Commun Corp,0,0,0
20010613,40845,MTWVQ',OTC,2.97,2.97,35049,0,Metawave Commun Corp,0,0,0
20010614,40845,MTWVQ',OTC,3.47,3.47,10027,0,Metawave Commun Corp,0,0,0
20010615,40845,MTWVQ',OTC,3.32,3.32,10736,0,Metawave Commun Corp,0,0,0
20010618,40845,MTWVQ',OTC,3.05,3.05,14978,0,Metawave Commun Corp,0,0,0
20010619,40845,MTWVQ',OTC,3.03,3.03,16879,0,Metawave Commun Corp,0,0,0
20010620,40845,MTWVQ',OTC,3.19,3.19,1500,0,Metawave Commun Corp,0,0,0
20010621,40845,MTWVQ',OTC,3.26,3.26,959,0,Metawave Commun Corp,0,0,0
20010622,40845,MTWVQ',OTC,3.15,3.15,1450,0,Metawave Commun Corp,0,0,0
20010625,40845,MTWVQ',OTC,3.47,3.47,2437,0,Metawave Commun Corp,0,0,0
20010626,40845,MTWVQ',OTC,3.5,3.5,3770,0,Metawave Commun Corp,0,0,0
20010627,40845,MTWVQ',OTC,3.4,3.4,1603,0,Metawave Commun Corp,0,0,0
20010628,40845,MTWVQ',OTC,3.29,3.29,2698,0,Metawave Commun Corp,0,0,0
20010629,40845,MTWVQ',OTC,5.19,5.19,6835,0,Metawave Commun Corp,0,0,0
20010702,40845,MTWVQ',OTC,3.64,3.64,3987,0,Metawave Commun Corp,0,0,0
20010703,40845,MTWVQ',OTC,3.65,3.65,1095,0,Metawave Commun Corp,0,0,0
20010705,40845,MTWVQ',OTC,3.55,3.55,1078,0,Metawave Commun Corp,0,0,0
20010706,40845,MTWVQ',OTC,3.54,3.54,1256,0,Metawave Commun Corp,0,0,0
20010709,40845,MTWVQ',OTC,3.53,3.53,1046,0,Metawave Commun Corp,0,0,0
20010710,40845,MTWVQ',OTC,3.55,3.55,655,0,Metawave Commun Corp,0,0,0
20010711,40845,MTWVQ',OTC,3.59,3.59,887,0,Metawave Commun Corp,0,0,0
20010712,40845,MTWVQ',OTC,3.83,3.83,740,0,Metawave Commun Corp,0,0,0
20010713,40845,MTWVQ',OTC,3.9,3.9,1001,0,Metawave Commun Corp,0,0,0
20010716,40845,MTWVQ',OTC,3.64,3.64,1345,0,Metawave Commun Corp,0,0,0
20010717,40845,MTWVQ',OTC,3.79,3.79,401,0,Metawave Commun Corp,0,0,0
20010718,40845,MTWVQ',OTC,3.65,3.65,311,0,Metawave Commun Corp,0,0,0
20010719,40845,MTWVQ',OTC,3.75,3.75,319,0,Metawave Commun Corp,0,0,0
20010720,40845,MTWVQ',OTC,3.5,3.5,432,0,Metawave Commun Corp,0,0,0
20010723,40845,MTWVQ',OTC,3.73,3.73,1422,0,Metawave Commun Corp,0,0,0
20010724,40845,MTWVQ',OTC,3.5,3.5,1885,0,Metawave Commun Corp,0,0,0
20010725,40845,MTWVQ',OTC,3.5,3.5,6572,0,Metawave Commun Corp,0,0,0
20010726,40845,MTWVQ',OTC,3.25,3.25,1451,0,Metawave Commun Corp,0,0,0
20010727,40845,MTWVQ',OTC,3.16,3.16,1972,0,Metawave Commun Corp,0,0,0
20010730,40845,MTWVQ',OTC,3.27,3.27,2174,0,Metawave Commun Corp,0,0,0
20010731,40845,MTWVQ',OTC,3.08,3.08,1383,0,Metawave Commun Corp,0,0,0
20010801,40845,MTWVQ',OTC,3.13,3.13,2827,0,Metawave Commun Corp,0,0,0
20010802,40845,MTWVQ',OTC,3.01,3.01,2388,0,Metawave Commun Corp,0,0,0
20010803,40845,MTWVQ',OTC,2.87,2.87,2735,0,Metawave Commun Corp,0,0,0
20010806,40845,MTWVQ',OTC,2.58,2.58,2323,0,Metawave Commun Corp,0,0,0
20010807,40845,MTWVQ',OTC,2.54,2.54,972,0,Metawave Commun Corp,0,0,0
20010808,40845,MTWVQ',OTC,2.7,2.7,2753,0,Metawave Commun Corp,0,0,0
20010809,40845,MTWVQ',OTC,2.65,2.65,15825,0,Metawave Commun Corp,0,0,0
20010810,40845,MTWVQ',OTC,2.9,2.9,1037,0,Metawave Commun Corp,0,0,0
20010813,40845,MTWVQ',OTC,3.25,3.25,4048,0,Metawave Commun Corp,0,0,0
20010814,40845,MTWVQ',OTC,3.15,3.15,2616,0,Metawave Commun Corp,0,0,0
20010815,40845,MTWVQ',OTC,3.18,3.18,1794,0,Metawave Commun Corp,0,0,0
20010816,40845,MTWVQ',OTC,3.25,3.25,1745,0,Metawave Commun Corp,0,0,0
20010817,40845,MTWVQ',OTC,3.25,3.25,1982,0,Metawave Commun Corp,0,0,0
20010820,40845,MTWVQ',OTC,3.5,3.5,2534,0,Metawave Commun Corp,0,0,0
20010821,40845,MTWVQ',OTC,3.46,3.46,1015,0,Metawave Commun Corp,0,0,0
20010822,40845,MTWVQ',OTC,3.9,3.9,4634,0,Metawave Commun Corp,0,0,0
20010823,40845,MTWVQ',OTC,3.6,3.6,9780,0,Metawave Commun Corp,0,0,0
20010824,40845,MTWVQ',OTC,3.75,3.75,6660,0,Metawave Commun Corp,0,0,0
20010827,40845,MTWVQ',OTC,4.1,4.1,2130,0,Metawave Commun Corp,0,0,0
20010828,40845,MTWVQ',OTC,4.35,4.35,2489,0,Metawave Commun Corp,0,0,0
20010829,40845,MTWVQ',OTC,4.24,4.24,2157,0,Metawave Commun Corp,0,0,0
20010830,40845,MTWVQ',OTC,3.55,3.55,6867,0,Metawave Commun Corp,0,0,0
20010831,40845,MTWVQ',OTC,3.23,3.23,868,0,Metawave Commun Corp,0,0,0
20010904,40845,MTWVQ',OTC,3.15,3.15,2173,0,Metawave Commun Corp,0,0,0
20010905,40845,MTWVQ',OTC,2.82,2.82,4111,0,Metawave Commun Corp,0,0,0
20010906,40845,MTWVQ',OTC,2.55,2.55,5674,0,Metawave Commun Corp,0,0,0
20010907,40845,MTWVQ',OTC,2.35,2.35,7824,0,Metawave Commun Corp,0,0,0
20010910,40845,MTWVQ',OTC,2,2,5718,0,Metawave Commun Corp,0,0,0
20010917,40845,MTWVQ',OTC,2.23,2.23,4171,0,Metawave Commun Corp,0,0,0
20010918,40845,MTWVQ',OTC,2.38,2.38,3342,0,Metawave Commun Corp,0,0,0
20010919,40845,MTWVQ',OTC,2.43,2.43,1039,0,Metawave Commun Corp,0,0,0
20010920,40845,MTWVQ',OTC,2.21,2.21,938,0,Metawave Commun Corp,0,0,0
20010921,40845,MTWVQ',OTC,2.55,2.55,1402,0,Metawave Commun Corp,0,0,0
20010924,40845,MTWVQ',OTC,2.75,2.75,1011,0,Metawave Commun Corp,0,0,0
20010925,40845,MTWVQ',OTC,2.43,2.43,576,0,Metawave Commun Corp,0,0,0
20010926,40845,MTWVQ',OTC,2.64,2.64,690,0,Metawave Commun Corp,0,0,0
20010927,40845,MTWVQ',OTC,2.7,2.7,777,0,Metawave Commun Corp,0,0,0
20010928,40845,MTWVQ',OTC,2.7,2.7,1004,0,Metawave Commun Corp,0,0,0
20011001,40845,MTWVQ',OTC,2.5,2.5,1010,0,Metawave Commun Corp,0,0,0
20011002,40845,MTWVQ',OTC,2.55,2.55,1173,0,Metawave Commun Corp,0,0,0
20011003,40845,MTWVQ',OTC,2.4,2.4,2570,0,Metawave Commun Corp,0,0,0
20011004,40845,MTWVQ',OTC,2.49,2.49,1154,0,Metawave Commun Corp,0,0,0
20011005,40845,MTWVQ',OTC,2.5,2.5,630,0,Metawave Commun Corp,0,0,0
20011008,40845,MTWVQ',OTC,2.54,2.54,1508,0,Metawave Commun Corp,0,0,0
20011009,40845,MTWVQ',OTC,2.5,2.5,912,0,Metawave Commun Corp,0,0,0
20011010,40845,MTWVQ',OTC,2.42,2.42,465,0,Metawave Commun Corp,0,0,0
20011011,40845,MTWVQ',OTC,2.41,2.41,389,0,Metawave Commun Corp,0,0,0
20011012,40845,MTWVQ',OTC,2.09,2.09,1017,0,Metawave Commun Corp,0,0,0
20011015,40845,MTWVQ',OTC,2.25,2.25,392,0,Metawave Commun Corp,0,0,0
20011016,40845,MTWVQ',OTC,2.2,2.2,854,0,Metawave Commun Corp,0,0,0
20011017,40845,MTWVQ',OTC,2.36,2.36,1173,0,Metawave Commun Corp,0,0,0
20011018,40845,MTWVQ',OTC,2.08,2.08,1132,0,Metawave Commun Corp,0,0,0
20011019,40845,MTWVQ',OTC,1.79,1.79,1271,0,Metawave Commun Corp,0,0,0
20011022,40845,MTWVQ',OTC,1.76,1.76,6115,0,Metawave Commun Corp,0,0,0
20011023,40845,MTWVQ',OTC,2.03,2.03,696,0,Metawave Commun Corp,0,0,0
20011024,40845,MTWVQ',OTC,1.75,1.75,3777,0,Metawave Commun Corp,0,0,0
20011025,40845,MTWVQ',OTC,1.88,1.88,2150,0,Metawave Commun Corp,0,0,0
20011026,40845,MTWVQ',OTC,1.83,1.83,2801,0,Metawave Commun Corp,0,0,0
20011029,40845,MTWVQ',OTC,1.75,1.75,2440,0,Metawave Commun Corp,0,0,0
20011030,40845,MTWVQ',OTC,1.75,1.75,2383,0,Metawave Commun Corp,0,0,0
20011031,40845,MTWVQ',OTC,2,2,4882,0,Metawave Commun Corp,0,0,0
20011101,40845,MTWVQ',OTC,1.91,1.91,4352,0,Metawave Commun Corp,0,0,0
20011102,40845,MTWVQ',OTC,1.87,1.87,2280,0,Metawave Commun Corp,0,0,0
20011105,40845,MTWVQ',OTC,1.83,1.83,2444,0,Metawave Commun Corp,0,0,0
20011106,40845,MTWVQ',OTC,1.75,1.75,1059,0,Metawave Commun Corp,0,0,0
20011107,40845,MTWVQ',OTC,1.66,1.66,1400,0,Metawave Commun Corp,0,0,0
20011108,40845,MTWVQ',OTC,1.66,1.66,2371,0,Metawave Commun Corp,0,0,0
20011109,40845,MTWVQ',OTC,1.6,1.6,1196,0,Metawave Commun Corp,0,0,0
20011112,40845,MTWVQ',OTC,1.63,1.63,332,0,Metawave Commun Corp,0,0,0
20011113,40845,MTWVQ',OTC,1.61,1.61,534,0,Metawave Commun Corp,0,0,0
20011114,40845,MTWVQ',OTC,1.72,1.72,1625,0,Metawave Commun Corp,0,0,0
20011115,40845,MTWVQ',OTC,1.98,1.98,1675,0,Metawave Commun Corp,0,0,0
20011116,40845,MTWVQ',OTC,2.4,2.4,6056,0,Metawave Commun Corp,0,0,0
20011119,40845,MTWVQ',OTC,2.35,2.35,2361,0,Metawave Commun Corp,0,0,0
20011120,40845,MTWVQ',OTC,2.28,2.28,422,0,Metawave Commun Corp,0,0,0
20011121,40845,MTWVQ',OTC,2.05,2.05,766,0,Metawave Commun Corp,0,0,0
20011123,40845,MTWVQ',OTC,2.07,2.07,152,0,Metawave Commun Corp,0,0,0
20011126,40845,MTWVQ',OTC,2.3,2.3,1467,0,Metawave Commun Corp,0,0,0
20011127,40845,MTWVQ',OTC,2.27,2.27,2397,0,Metawave Commun Corp,0,0,0
20011128,40845,MTWVQ',OTC,2.25,2.25,312,0,Metawave Commun Corp,0,0,0
20011129,40845,MTWVQ',OTC,2.22,2.22,1246,0,Metawave Commun Corp,0,0,0
20011130,40845,MTWVQ',OTC,2.17,2.17,1252,0,Metawave Commun Corp,0,0,0
20011203,40845,MTWVQ',OTC,2.16,2.16,431,0,Metawave Commun Corp,0,0,0
20011204,40845,MTWVQ',OTC,2.35,2.35,3386,0,Metawave Commun Corp,0,0,0
20011205,40845,MTWVQ',OTC,2.2,2.2,9040,0,Metawave Commun Corp,0,0,0
20011206,40845,MTWVQ',OTC,2.3,2.3,4622,0,Metawave Commun Corp,0,0,0
20011207,40845,MTWVQ',OTC,2.2,2.2,1883,0,Metawave Commun Corp,0,0,0
20011210,40845,MTWVQ',OTC,2.3,2.3,821,0,Metawave Commun Corp,0,0,0
20011211,40845,MTWVQ',OTC,2.44,2.44,5105,0,Metawave Commun Corp,0,0,0
20011212,40845,MTWVQ',OTC,2.39,2.39,1463,0,Metawave Commun Corp,0,0,0
20011213,40845,MTWVQ',OTC,2.34,2.34,370,0,Metawave Commun Corp,0,0,0
20011214,40845,MTWVQ',OTC,2.3,2.3,2069,0,Metawave Commun Corp,0,0,0
20011217,40845,MTWVQ',OTC,2.3,2.3,1704,0,Metawave Commun Corp,0,0,0
20011218,40845,MTWVQ',OTC,2.35,2.35,1573,0,Metawave Commun Corp,0,0,0
20011219,40845,MTWVQ',OTC,2.16,2.16,1433,0,Metawave Commun Corp,0,0,0
20011220,40845,MTWVQ',OTC,2,2,994,0,Metawave Commun Corp,0,0,0
20011221,40845,MTWVQ',OTC,2.27,2.27,3443,0,Metawave Commun Corp,0,0,0
20011224,40845,MTWVQ',OTC,2.18,2.18,304,0,Metawave Commun Corp,0,0,0
20011226,40845,MTWVQ',OTC,2.3,2.3,3522,0,Metawave Commun Corp,0,0,0
20011227,40845,MTWVQ',OTC,2.42,2.42,4264,0,Metawave Commun Corp,0,0,0
20011228,40845,MTWVQ',OTC,3.01,3.01,5110,0,Metawave Commun Corp,0,0,0
20011231,40845,MTWVQ',OTC,3.12,3.12,4459,0,Metawave Commun Corp,0,0,0
20020102,40845,MTWVQ',OTC,2.99,2.99,3043,0,Metawave Commun Corp,0,0,0
20020103,40845,MTWVQ',OTC,3.7,3.7,4754,0,Metawave Commun Corp,0,0,0
20020104,40845,MTWVQ',OTC,3.79,3.79,2877,0,Metawave Commun Corp,0,0,0
20020107,40845,MTWVQ',OTC,3.6,3.6,2830,0,Metawave Commun Corp,0,0,0
20020108,40845,MTWVQ',OTC,3.85,3.85,711,0,Metawave Commun Corp,0,0,0
20020109,40845,MTWVQ',OTC,3.86,3.86,1895,0,Metawave Commun Corp,0,0,0
20020110,40845,MTWVQ',OTC,3.95,3.95,3423,0,Metawave Commun Corp,0,0,0
20020111,40845,MTWVQ',OTC,3.87,3.87,447,0,Metawave Commun Corp,0,0,0
20020114,40845,MTWVQ',OTC,3.73,3.73,1671,0,Metawave Commun Corp,0,0,0
20020115,40845,MTWVQ',OTC,3.69,3.69,1411,0,Metawave Commun Corp,0,0,0
20020116,40845,MTWVQ',OTC,3.35,3.35,2897,0,Metawave Commun Corp,0,0,0
20020117,40845,MTWVQ',OTC,3.6,3.6,6006,0,Metawave Commun Corp,0,0,0
20020118,40845,MTWVQ',OTC,3.55,3.55,1653,0,Metawave Commun Corp,0,0,0
20020122,40845,MTWVQ',OTC,3.81,3.81,816,0,Metawave Commun Corp,0,0,0
20020123,40845,MTWVQ',OTC,4,4,1253,0,Metawave Commun Corp,0,0,0
20020124,40845,MTWVQ',OTC,3.85,3.85,915,0,Metawave Commun Corp,0,0,0
20020125,40845,MTWVQ',OTC,3.65,3.65,318,0,Metawave Commun Corp,0,0,0
20020128,40845,MTWVQ',OTC,3.78,3.78,404,0,Metawave Commun Corp,0,0,0
20020129,40845,MTWVQ',OTC,3.52,3.52,590,0,Metawave Commun Corp,0,0,0
20020130,40845,MTWVQ',OTC,2.99,2.99,29860,0,Metawave Commun Corp,0,0,0
20020131,40845,MTWVQ',OTC,2.42,2.42,3319,0,Metawave Commun Corp,0,0,0
20020201,40845,MTWVQ',OTC,2.25,2.25,4632,0,Metawave Commun Corp,0,0,0
20020204,40845,MTWVQ',OTC,2.32,2.32,2187,0,Metawave Commun Corp,0,0,0
20020205,40845,MTWVQ',OTC,2.26,2.26,3183,0,Metawave Commun Corp,0,0,0
20020206,40845,MTWVQ',OTC,2.05,2.05,5899,0,Metawave Commun Corp,0,0,0
20020207,40845,MTWVQ',OTC,1.95,1.95,1443,0,Metawave Commun Corp,0,0,0
20020208,40845,MTWVQ',OTC,1.7,1.7,6212,0,Metawave Commun Corp,0,0,0
20020211,40845,MTWVQ',OTC,1.41,1.41,3524,0,Metawave Commun Corp,0,0,0
20020212,40845,MTWVQ',OTC,1.1,1.1,28984,0,Metawave Commun Corp,0,0,0
20020213,40845,MTWVQ',OTC,1.17,1.17,27752,0,Metawave Commun Corp,0,0,0
20020214,40845,MTWVQ',OTC,1.16,1.16,12706,0,Metawave Commun Corp,0,0,0
20020215,40845,MTWVQ',OTC,1.14,1.14,4092,0,Metawave Commun Corp,0,0,0
20020219,40845,MTWVQ',OTC,1.11,1.11,6515,0,Metawave Commun Corp,0,0,0
20020220,40845,MTWVQ',OTC,1.42,1.42,10581,0,Metawave Commun Corp,0,0,0
20020221,40845,MTWVQ',OTC,1.26,1.26,2688,0,Metawave Commun Corp,0,0,0
20020222,40845,MTWVQ',OTC,1.3,1.3,3140,0,Metawave Commun Corp,0,0,0
20020225,40845,MTWVQ',OTC,1.16,1.16,3349,0,Metawave Commun Corp,0,0,0
20020226,40845,MTWVQ',OTC,1.1,1.1,4214,0,Metawave Commun Corp,0,0,0
20020227,40845,MTWVQ',OTC,1.06,1.06,2941,0,Metawave Commun Corp,0,0,0
20020228,40845,MTWVQ',OTC,1.07,1.07,2993,0,Metawave Commun Corp,0,0,0
20020301,40845,MTWVQ',OTC,1.1,1.1,2491,0,Metawave Commun Corp,0,0,0
20020304,40845,MTWVQ',OTC,1.05,1.05,3491,0,Metawave Commun Corp,0,0,0
20020305,40845,MTWVQ',OTC,1,1,3679,0,Metawave Commun Corp,0,0,0
20020306,40845,MTWVQ',OTC,1,1,11066,0,Metawave Commun Corp,0,0,0
20020307,40845,MTWVQ',OTC,0.96,0.96,13540,0,Metawave Commun Corp,0,0,0
20020308,40845,MTWVQ',OTC,1.04,1.04,21972,0,Metawave Commun Corp,0,0,0
20020311,40845,MTWVQ',OTC,1.37,1.37,8421,0,Metawave Commun Corp,0,0,0
20020312,40845,MTWVQ',OTC,1.21,1.21,4349,0,Metawave Commun Corp,0,0,0
20020313,40845,MTWVQ',OTC,1.2,1.2,3246,0,Metawave Commun Corp,0,0,0
20020314,40845,MTWVQ',OTC,1.1,1.1,4586,0,Metawave Commun Corp,0,0,0
20020315,40845,MTWVQ',OTC,0.32,0.32,266395,0,Metawave Commun Corp,0,0,0
20020318,40845,MTWVQ',OTC,0.47,0.47,94994,0,Metawave Commun Corp,0,0,0
20020319,40845,MTWVQ',OTC,0.42,0.42,37693,0,Metawave Commun Corp,0,0,0
20020320,40845,MTWVQ',OTC,0.4,0.4,25659,0,Metawave Commun Corp,0,0,0
20020321,40845,MTWVQ',OTC,0.38,0.38,12071,0,Metawave Commun Corp,0,0,0
20020322,40845,MTWVQ',OTC,0.37,0.37,9805,0,Metawave Commun Corp,0,0,0
20020325,40845,MTWVQ',OTC,0.39,0.39,12088,0,Metawave Commun Corp,0,0,0
20020326,40845,MTWVQ',OTC,0.45,0.45,10914,0,Metawave Commun Corp,0,0,0
20020327,40845,MTWVQ',OTC,0.42,0.42,15338,0,Metawave Commun Corp,0,0,0
20020328,40845,MTWVQ',OTC,0.5,0.5,23916,0,Metawave Commun Corp,0,0,0
20020401,40845,MTWVQ',OTC,0.53,0.53,6775,0,Metawave Commun Corp,0,0,0
20020402,40845,MTWVQ',OTC,0.5,0.5,5071,0,Metawave Commun Corp,0,0,0
20020403,40845,MTWVQ',OTC,0.49,0.49,5158,0,Metawave Commun Corp,0,0,0
20020404,40845,MTWVQ',OTC,0.48,0.48,4781,0,Metawave Commun Corp,0,0,0
20020405,40845,MTWVQ',OTC,0.53,0.53,7502,0,Metawave Commun Corp,0,0,0
20020408,40845,MTWVQ',OTC,0.52,0.52,3446,0,Metawave Commun Corp,0,0,0
20020409,40845,MTWVQ',OTC,0.51,0.51,4496,0,Metawave Commun Corp,0,0,0
20020410,40845,MTWVQ',OTC,0.5,0.5,4162,0,Metawave Commun Corp,0,0,0
20020411,40845,MTWVQ',OTC,0.47,0.47,2793,0,Metawave Commun Corp,0,0,0
20020412,40845,MTWVQ',OTC,0.48,0.48,2535,0,Metawave Commun Corp,0,0,0
20020415,40845,MTWVQ',OTC,0.5,0.5,3077,0,Metawave Commun Corp,0,0,0
20020416,40845,MTWVQ',OTC,0.49,0.49,4824,0,Metawave Commun Corp,0,0,0
20020417,40845,MTWVQ',OTC,0.48,0.48,5155,0,Metawave Commun Corp,0,0,0
20020418,40845,MTWVQ',OTC,0.48,0.48,3523,0,Metawave Commun Corp,0,0,0
20020419,40845,MTWVQ',OTC,0.49,0.49,2590,0,Metawave Commun Corp,0,0,0
20020422,40845,MTWVQ',OTC,0.48,0.48,1391,0,Metawave Commun Corp,0,0,0
20020423,40845,MTWVQ',OTC,0.51,0.51,3800,0,Metawave Commun Corp,0,0,0
20020424,40845,MTWVQ',OTC,0.45,0.45,4426,0,Metawave Commun Corp,0,0,0
20020425,40845,MTWVQ',OTC,0.42,0.42,4436,0,Metawave Commun Corp,0,0,0
20020426,40845,MTWVQ',OTC,0.39,0.39,1867,0,Metawave Commun Corp,0,0,0
20020429,40845,MTWVQ',OTC,0.36,0.36,2531,0,Metawave Commun Corp,0,0,0
20020430,40845,MTWVQ',OTC,0.39,0.39,1889,0,Metawave Commun Corp,0,0,0
20020501,40845,MTWVQ',OTC,0.36,0.36,1887,0,Metawave Commun Corp,0,0,0
20020502,40845,MTWVQ',OTC,0.38,0.38,1012,0,Metawave Commun Corp,0,0,0
20020503,40845,MTWVQ',OTC,0.38,0.38,624,0,Metawave Commun Corp,0,0,0
20020506,40845,MTWVQ',OTC,0.36,0.36,1974,0,Metawave Commun Corp,0,0,0
20020507,40845,MTWVQ',OTC,0.37,0.37,1972,0,Metawave Commun Corp,0,0,0
20020508,40845,MTWVQ',OTC,0.39,0.39,1611,0,Metawave Commun Corp,0,0,0
20020509,40845,MTWVQ',OTC,0.36,0.36,649,0,Metawave Commun Corp,0,0,0
20020510,40845,MTWVQ',OTC,0.36,0.36,1238,0,Metawave Commun Corp,0,0,0
20020513,40845,MTWVQ',OTC,0.37,0.37,996,0,Metawave Commun Corp,0,0,0
20020514,40845,MTWVQ',OTC,0.4,0.4,1742,0,Metawave Commun Corp,0,0,0
20020515,40845,MTWVQ',OTC,0.37,0.37,784,0,Metawave Commun Corp,0,0,0
20020516,40845,MTWVQ',OTC,0.38,0.38,1234,0,Metawave Commun Corp,0,0,0
20020517,40845,MTWVQ',OTC,0.35,0.35,2184,0,Metawave Commun Corp,0,0,0
20020520,40845,MTWVQ',OTC,0.32,0.32,2181,0,Metawave Commun Corp,0,0,0
20020521,40845,MTWVQ',OTC,0.32,0.32,636,0,Metawave Commun Corp,0,0,0
20020522,40845,MTWVQ',OTC,0.29,0.29,2473,0,Metawave Commun Corp,0,0,0
20020523,40845,MTWVQ',OTC,0.3,0.3,3703,0,Metawave Commun Corp,0,0,0
20020524,40845,MTWVQ',OTC,0.29,0.29,1923,0,Metawave Commun Corp,0,0,0
20020528,40845,MTWVQ',OTC,0.28,0.28,2670,0,Metawave Commun Corp,0,0,0
20020529,40845,MTWVQ',OTC,0.28,0.28,1588,0,Metawave Commun Corp,0,0,0
20020530,40845,MTWVQ',OTC,0.29,0.29,869,0,Metawave Commun Corp,0,0,0
20020531,40845,MTWVQ',OTC,0.26,0.26,2431,0,Metawave Commun Corp,0,0,0
20020603,40845,MTWVQ',OTC,0.25,0.25,1427,0,Metawave Commun Corp,0,0,0
20020604,40845,MTWVQ',OTC,0.28,0.28,1202,0,Metawave Commun Corp,0,0,0
20020605,40845,MTWVQ',OTC,0.27,0.27,3694,0,Metawave Commun Corp,0,0,0
20020606,40845,MTWVQ',OTC,0.26,0.26,1249,0,Metawave Commun Corp,0,0,0
20020607,40845,MTWVQ',OTC,0.25,0.25,546,0,Metawave Commun Corp,0,0,0
20020610,40845,MTWVQ',OTC,0.23,0.23,525,0,Metawave Commun Corp,0,0,0
20020611,40845,MTWVQ',OTC,0.22,0.22,3357,0,Metawave Commun Corp,0,0,0
20020612,40845,MTWVQ',OTC,0.21,0.21,917,0,Metawave Commun Corp,0,0,0
20020613,40845,MTWVQ',OTC,0.2,0.2,1033,0,Metawave Commun Corp,0,0,0
20020614,40845,MTWVQ',OTC,0.21,0.21,1056,0,Metawave Commun Corp,0,0,0
20020617,40845,MTWVQ',OTC,0.22,0.22,419,0,Metawave Commun Corp,0,0,0
20020618,40845,MTWVQ',OTC,0.2,0.2,932,0,Metawave Commun Corp,0,0,0
20020619,40845,MTWVQ',OTC,0.19,0.19,2081,0,Metawave Commun Corp,0,0,0
20020620,40845,MTWVQ',OTC,0.2,0.2,597,0,Metawave Commun Corp,0,0,0
20020621,40845,MTWVQ',OTC,0.2,0.2,1557,0,Metawave Commun Corp,0,0,0
20020624,40845,MTWVQ',OTC,0.18,0.18,963,0,Metawave Commun Corp,0,0,0
20020625,40845,MTWVQ',OTC,0.2,0.2,521,0,Metawave Commun Corp,0,0,0
20020626,40845,MTWVQ',OTC,0.19,0.19,1151,0,Metawave Commun Corp,0,0,0
20020627,40845,MTWVQ',OTC,0.22,0.22,589,0,Metawave Commun Corp,0,0,0
20020628,40845,MTWVQ',OTC,0.21,0.21,9170,0,Metawave Commun Corp,0,0,0
20020701,40845,MTWVQ',OTC,0.17,0.17,3747,0,Metawave Commun Corp,0,0,0
20020702,40845,MTWVQ',OTC,0.16,0.16,1968,0,Metawave Commun Corp,0,0,0
20020703,40845,MTWVQ',OTC,0.16,0.16,2630,0,Metawave Commun Corp,0,0,0
20020705,40845,MTWVQ',OTC,0.17,0.17,667,0,Metawave Commun Corp,0,0,0
20020708,40845,MTWVQ',OTC,0.14,0.14,1429,0,Metawave Commun Corp,0,0,0
20020709,40845,MTWVQ',OTC,0.15,0.15,3125,0,Metawave Commun Corp,0,0,0
20020710,40845,MTWVQ',OTC,0.15,0.15,1651,0,Metawave Commun Corp,0,0,0
20020711,40845,MTWVQ',OTC,0.15,0.15,1507,0,Metawave Commun Corp,0,0,0
20020712,40845,MTWVQ',OTC,0.16,0.16,923,0,Metawave Commun Corp,0,0,0
20020715,40845,MTWVQ',OTC,0.16,0.16,642,0,Metawave Commun Corp,0,0,0
20020716,40845,MTWVQ',OTC,0.13,0.13,2653,0,Metawave Commun Corp,0,0,0
20020717,40845,MTWVQ',OTC,0.16,0.16,996,0,Metawave Commun Corp,0,0,0
20020718,40845,MTWVQ',OTC,0.16,0.16,2120,0,Metawave Commun Corp,0,0,0
20020719,40845,MTWVQ',OTC,0.17,0.17,1894,0,Metawave Commun Corp,0,0,0
20020722,40845,MTWVQ',OTC,0.16,0.16,533,0,Metawave Commun Corp,0,0,0
20020723,40845,MTWVQ',OTC,0.16,0.16,1159,0,Metawave Commun Corp,0,0,0
20020724,40845,MTWVQ',OTC,0.12,0.12,3047,0,Metawave Commun Corp,0,0,0
20020725,40845,MTWVQ',OTC,0.1,0.1,7070,0,Metawave Commun Corp,0,0,0
20020726,40845,MTWVQ',OTC,0.12,0.12,7008,0,Metawave Commun Corp,0,0,0
20020729,40845,MTWVQ',OTC,0.13,0.13,1094,0,Metawave Commun Corp,0,0,0
20020730,40845,MTWVQ',OTC,0.11,0.11,1404,0,Metawave Commun Corp,0,0,0
20020731,40845,MTWVQ',OTC,0.09,0.09,37585,0,Metawave Commun Corp,0,0,0
20020801,40845,MTWVQ',OTC,0.09,0.09,5990,0,Metawave Commun Corp,0,0,0
20020802,40845,MTWVQ',OTC,0.1,0.1,541,0,Metawave Commun Corp,0,0,0
20020805,40845,MTWVQ',OTC,0.1,0.1,3246,0,Metawave Commun Corp,0,0,0
20020806,40845,MTWVQ',OTC,0.09,0.09,1372,0,Metawave Commun Corp,0,0,0
20020807,40845,MTWVQ',OTC,0.09,0.09,7424,0,Metawave Commun Corp,0,0,0
20020808,40845,MTWVQ',OTC,0.09,0.09,2296,0,Metawave Commun Corp,0,0,0
20020809,40845,MTWVQ',OTC,0.09,0.09,3941,0,Metawave Commun Corp,0,0,0
20020812,40845,MTWVQ',OTC,0.09,0.09,1659,0,Metawave Commun Corp,0,0,0
20020813,40845,MTWVQ',OTC,0.08,0.08,5099,0,Metawave Commun Corp,0,0,0
20020814,40845,MTWVQ',OTC,0.08,0.08,1300,0,Metawave Commun Corp,0,0,0
20020815,40845,MTWVQ',OTC,0.09,0.09,2707,0,Metawave Commun Corp,0,0,0
20020816,40845,MTWVQ',OTC,0.09,0.09,2240,0,Metawave Commun Corp,0,0,0
20020819,40845,MTWVQ',OTC,0.15,0.15,35343,0,Metawave Commun Corp,0,0,0
20020820,40845,MTWVQ',OTC,0.12,0.12,18188,0,Metawave Commun Corp,0,0,0
20020821,40845,MTWVQ',OTC,0.15,0.15,17254,0,Metawave Commun Corp,0,0,0
20020822,40845,MTWVQ',OTC,0.18,0.18,9509,0,Metawave Commun Corp,0,0,0
20020823,40845,MTWVQ',OTC,0.27,0.27,33910,0,Metawave Commun Corp,0,0,0
20020826,40845,MTWVQ',OTC,0.35,0.35,26237,0,Metawave Commun Corp,0,0,0
20020827,40845,MTWVQ',OTC,0.27,0.27,19074,0,Metawave Commun Corp,0,0,0
20020828,40845,MTWVQ',OTC,0.26,0.26,9597,0,Metawave Commun Corp,0,0,0
20020829,40845,MTWVQ',OTC,0.26,0.26,3847,0,Metawave Commun Corp,0,0,0
20020830,40845,MTWVQ',OTC,0.23,0.23,4553,0,Metawave Commun Corp,0,0,0
20020903,40845,MTWVQ',OTC,0.19,0.19,8099,0,Metawave Commun Corp,0,0,0
20020904,40845,MTWVQ',OTC,0.19,0.19,3264,0,Metawave Commun Corp,0,0,0
20020905,40845,MTWVQ',OTC,0.19,0.19,3948,0,Metawave Commun Corp,0,0,0
20020906,40845,MTWVQ',OTC,0.18,0.18,2598,0,Metawave Commun Corp,0,0,0
20020909,40845,MTWVQ',OTC,0.18,0.18,2452,0,Metawave Commun Corp,0,0,0
20020910,40845,MTWVQ',OTC,0.17,0.17,2091,0,Metawave Commun Corp,0,0,0
20020911,40845,MTWVQ',OTC,0.17,0.17,480,0,Metawave Commun Corp,0,0,0
20020912,40845,MTWVQ',OTC,0.17,0.17,2918,0,Metawave Commun Corp,0,0,0
20020913,40845,MTWVQ',OTC,0.17,0.17,1991,0,Metawave Commun Corp,0,0,0
20020916,40845,MTWVQ',OTC,0.17,0.17,1072,0,Metawave Commun Corp,0,0,0
20020917,40845,MTWVQ',OTC,0.14,0.14,5364,0,Metawave Commun Corp,0,0,0
20020918,40845,MTWVQ',OTC,0.13,0.13,6971,0,Metawave Commun Corp,0,0,0
20020919,40845,MTWVQ',OTC,0.09,0.09,127145,0,Metawave Commun Corp,0,0,0
20020920,40845,MTWVQ',OTC,0.11,0.11,18264,0,Metawave Commun Corp,0,0,0
20020923,40845,MTWVQ',OTC,0.09,0.09,7410,0,Metawave Commun Corp,0,0,0
20020924,40845,MTWVQ',OTC,0.1,0.1,4252,0,Metawave Commun Corp,0,0,0
20020925,40845,MTWVQ',OTC,0.13,0.13,21780,0,Metawave Commun Corp,0,0,0
20020926,40845,MTWVQ',OTC,0.12,0.12,5156,0,Metawave Commun Corp,0,0,0
20020927,40845,MTWVQ',OTC,0.11,0.11,5862,0,Metawave Commun Corp,0,0,0
20020930,40845,MTWVQ',OTC,0.09,0.09,6890,0,Metawave Commun Corp,0,0,0
20021001,40845,MTWVQ',OTC,0.09,0.09,1248,0,Metawave Commun Corp,0,0,0
20021002,40845,MTWVQ',OTC,0.1,0.1,9127,0,Metawave Commun Corp,0,0,0
20021003,40845,MTWVQ',OTC,0.09,0.09,2471,0,Metawave Commun Corp,0,0,0
20021004,40845,MTWVQ',OTC,0.09,0.09,4121,0,Metawave Commun Corp,0,0,0
20021007,40845,MTWVQ',OTC,0.08,0.08,5215,0,Metawave Commun Corp,0,0,0
20021008,40845,MTWVQ',OTC,0.09,0.09,3030,0,Metawave Commun Corp,0,0,0
20021009,40845,MTWVQ',OTC,0.08,0.08,8500,0,Metawave Commun Corp,0,0,0
20021010,40845,MTWVQ',OTC,0.11,0.11,8480,0,Metawave Commun Corp,0,0,0
20021011,40845,MTWVQ',OTC,0.09,0.09,3271,0,Metawave Commun Corp,0,0,0
20021014,40845,MTWVQ',OTC,0.12,0.12,7007,0,Metawave Commun Corp,0,0,0
20021015,40845,MTWVQ',OTC,0.14,0.14,10403,0,Metawave Commun Corp,0,0,0
20021016,40845,MTWVQ',OTC,0.12,0.12,6502,0,Metawave Commun Corp,0,0,0
20021017,40845,MTWVQ',OTC,0.14,0.14,5112,0,Metawave Commun Corp,0,0,0
20021018,40845,MTWVQ',OTC,0.13,0.13,6149,0,Metawave Commun Corp,0,0,0
20021021,40845,MTWVQ',OTC,0.14,0.14,1872,0,Metawave Commun Corp,0,0,0
20021022,40845,MTWVQ',OTC,0.24,0.24,18396,0,Metawave Commun Corp,0,0,0
20021023,40845,MTWVQ',OTC,0.18,0.18,21637,0,Metawave Commun Corp,0,0,0
20021024,40845,MTWVQ',OTC,0.14,0.14,31114,0,Metawave Commun Corp,0,0,0
20021025,40845,MTWVQ',OTC,0.17,0.17,8871,0,Metawave Commun Corp,0,0,0
20021028,40845,MTWVQ',OTC,0.14,0.14,10398,0,Metawave Commun Corp,0,0,0
20021029,40845,MTWVQ',OTC,0.14,0.14,4166,0,Metawave Commun Corp,0,0,0
20021030,40845,MTWVQ',OTC,0.15,0.15,7399,0,Metawave Commun Corp,0,0,0
20021031,40845,MTWVQ',OTC,0.19,0.19,39608,0,Metawave Commun Corp,0,0,0
20021101,40845,MTWVQ',OTC,0.19,0.19,15373,0,Metawave Commun Corp,0,0,0
20021104,40845,MTWVQ',OTC,0.24,0.24,40986,0,Metawave Commun Corp,0,0,0
20021105,40845,MTWVQ',OTC,0.23,0.23,25087,0,Metawave Commun Corp,0,0,0
20021106,40845,MTWVQ',OTC,0.3,0.3,34264,0,Metawave Commun Corp,0,0,0
20021107,40845,MTWVQ',OTC,0.38,0.38,47619,0,Metawave Commun Corp,0,0,0
20021108,40845,MTWVQ',OTC,0.42,0.42,40053,0,Metawave Commun Corp,0,0,0
20021111,40845,MTWVQ',OTC,0.33,0.33,30590,0,Metawave Commun Corp,0,0,0
20021112,40845,MTWVQ',OTC,0.3,0.3,29297,0,Metawave Commun Corp,0,0,0
20021113,40845,MTWVQ',OTC,0.33,0.33,64556,0,Metawave Commun Corp,0,0,0
20021114,40845,MTWVQ',OTC,0.28,0.28,30091,0,Metawave Commun Corp,0,0,0
20021115,40845,MTWVQ',OTC,0.27,0.27,27564,0,Metawave Commun Corp,0,0,0
20021118,40845,MTWVQ',OTC,0.25,0.25,16105,0,Metawave Commun Corp,0,0,0
20021119,40845,MTWVQ',OTC,0.32,0.32,37317,0,Metawave Commun Corp,0,0,0
20021120,40845,MTWVQ',OTC,0.36,0.36,46300,0,Metawave Commun Corp,0,0,0
20021121,40845,MTWVQ',OTC,0.33,0.33,28481,0,Metawave Commun Corp,0,0,0
20021122,40845,MTWVQ',OTC,0.34,0.34,21641,0,Metawave Commun Corp,0,0,0
20021125,40845,MTWVQ',OTC,0.35,0.35,21092,0,Metawave Commun Corp,0,0,0
20021126,40845,MTWVQ',OTC,0.34,0.34,15987,0,Metawave Commun Corp,0,0,0
20021127,40845,MTWVQ',OTC,0.43,0.43,43492,0,Metawave Commun Corp,0,0,0
20021129,40845,MTWVQ',OTC,0.4,0.4,12757,0,Metawave Commun Corp,0,0,0
20021202,40845,MTWVQ',OTC,0.49,0.49,37440,0,Metawave Commun Corp,0,0,0
20021203,40845,MTWVQ',OTC,0.44,0.44,31525,0,Metawave Commun Corp,0,0,0
20021204,40845,MTWVQ',OTC,0.38,0.38,17831,0,Metawave Commun Corp,0,0,0
20021205,40845,MTWVQ',OTC,0.39,0.39,25836,0,Metawave Commun Corp,0,0,0
20021206,40845,MTWVQ',OTC,0.37,0.37,14551,0,Metawave Commun Corp,0,0,0
20021209,40845,MTWVQ',OTC,0.31,0.31,28959,0,Metawave Commun Corp,0,0,0
20021210,40845,MTWVQ',OTC,0.3,0.3,40769,0,Metawave Commun Corp,0,0,0
20021211,40845,MTWVQ',OTC,0.36,0.36,72878,0,Metawave Commun Corp,0,0,0
20021212,40845,MTWVQ',OTC,0.37,0.37,26869,0,Metawave Commun Corp,0,0,0
20021213,40845,MTWVQ',OTC,0.33,0.33,14600,0,Metawave Commun Corp,0,0,0
20021216,40845,MTWVQ',OTC,0.33,0.33,11885,0,Metawave Commun Corp,0,0,0
20021217,40845,MTWVQ',OTC,0.31,0.31,16324,0,Metawave Commun Corp,0,0,0
20021218,40845,MTWVQ',OTC,0.32,0.32,15454,0,Metawave Commun Corp,0,0,0
20021219,40845,MTWVQ',OTC,0.29,0.29,15479,0,Metawave Commun Corp,0,0,0
20021220,40845,MTWVQ',OTC,0.28,0.28,12456,0,Metawave Commun Corp,0,0,0
20021223,40845,MTWVQ',OTC,0.28,0.28,8409,0,Metawave Commun Corp,0,0,0
20021224,40845,MTWVQ',OTC,0.27,0.27,1165,0,Metawave Commun Corp,0,0,0
20021226,40845,MTWVQ',OTC,0.27,0.27,2622,0,Metawave Commun Corp,0,0,0
20021227,40845,MTWVQ',OTC,0.28,0.28,4384,0,Metawave Commun Corp,0,0,0
20021230,40845,MTWVQ',OTC,0.28,0.28,3854,0,Metawave Commun Corp,0,0,0
20021231,40845,MTWVQ',OTC,0.28,0.28,4814,0,Metawave Commun Corp,0,0,0
20030102,40845,MTWVQ',OTC,0.33,0.33,7251,0,Metawave Commun Corp,0,0,0
20030103,40845,MTWVQ',OTC,0.3,0.3,2955,0,Metawave Commun Corp,0,0,0
20030106,40845,MTWVQ',OTC,0.3,0.3,7322,0,Metawave Commun Corp,0,0,0
20030107,40845,MTWVQ',OTC,0.28,0.28,7323,0,Metawave Commun Corp,0,0,0
20030108,40845,MTWVQ',OTC,0.27,0.27,8730,0,Metawave Commun Corp,0,0,0
20030109,40845,MTWVQ',OTC,0.28,0.28,16770,0,Metawave Commun Corp,0,0,0
20030110,40845,MTWVQ',OTC,0.27,0.27,8557,0,Metawave Commun Corp,0,0,0
20030113,40845,MTWVQ',OTC,0.28,0.28,5700,0,Metawave Commun Corp,0,0,0
20030114,40845,MTWVQ',OTC,0.28,0.28,9256,0,Metawave Commun Corp,0,0,0
20030115,40845,MTWVQ',OTC,0.27,0.27,3734,0,Metawave Commun Corp,0,0,0
20030116,40845,MTWVQ',OTC,0.25,0.25,7364,0,Metawave Commun Corp,0,0,0
20030117,40845,MTWVQ',OTC,0.26,0.26,6483,0,Metawave Commun Corp,0,0,0
20030121,40845,MTWVQ',OTC,0.25,0.25,5354,0,Metawave Commun Corp,0,0,0
20030122,40845,MTWVQ',OTC,0.24,0.24,19996,0,Metawave Commun Corp,0,0,0
20030123,40845,MTWVQ',OTC,0.22,0.22,26953,0,Metawave Commun Corp,0,0,0
20030124,40845,MTWVQ',OTC,0.17,0.17,115010,0,Metawave Commun Corp,0,0,0
20030127,40845,MTWVQ',OTC,0.04,0.04,513834,0,Metawave Commun Corp,0,0,0
20030128,40845,MTWVQ',OTC,0.04,0.04,273558,0,Metawave Commun Corp,0,0,0
20030129,40845,MTWVQ',OTC,0.03,0.03,129755,0,Metawave Commun Corp,0,0,0
20030130,40845,MTWVQ',OTC,0.04,0.04,135710,0,Metawave Commun Corp,0,0,0
20030131,40845,MTWVQ',OTC,0.03,0.03,26121,0,Metawave Commun Corp,0,0,0
20030203,40845,MTWVQ',OTC,0.01,0.01,260870,0,Metawave Commun Corp,0,0,0
20030204,40845,MTWVQ',OTC,0.01,0.01,109735,0,Metawave Commun Corp,0,0,0
20030205,40845,MTWVQ',OTC,0.01,0.01,86018,0,Metawave Commun Corp,0,0,0
