DDate,CSINumber,Symbol,Exchange,DClose,UnAdjustedClose,TotalVolume,Cash,MarketName,PTB,PSR,DPS
20000616,41108,PXWS',OTC,0.546875,0.546875,1768,0,Phoenix Waste Services Comp Inc,0,0,0
20000619,41108,PXWS',OTC,0.4375,0.4375,1781,0,Phoenix Waste Services Comp Inc,0,0,0
20000620,41108,PXWS',OTC,0.421875,0.421875,847,0,Phoenix Waste Services Comp Inc,0,0,0
20000621,41108,PXWS',OTC,0.40625,0.40625,3935,0,Phoenix Waste Services Comp Inc,0,0,0
20000622,41108,PXWS',OTC,0.34375,0.34375,260,0,Phoenix Waste Services Comp Inc,0,0,0
20000623,41108,PXWS',OTC,0.34375,0.34375,0,0,Phoenix Waste Services Comp Inc,0,0,0
20000626,41108,PXWS',OTC,0.34375,0.34375,0,0,Phoenix Waste Services Comp Inc,0,0,0
20000627,41108,PXWS',OTC,0.3125,0.3125,400,0,Phoenix Waste Services Comp Inc,0,0,0
20000628,41108,PXWS',OTC,0.3125,0.3125,187,0,Phoenix Waste Services Comp Inc,0,0,0
20000629,41108,PXWS',OTC,0.3125,0.3125,0,0,Phoenix Waste Services Comp Inc,0,0,0
20000630,41108,PXWS',OTC,0.3125,0.3125,100,0,Phoenix Waste Services Comp Inc,0,0,0
20000703,41108,PXWS',OTC,0.296875,0.296875,197,0,Phoenix Waste Services Comp Inc,0,0,0
20000705,41108,PXWS',OTC,0.28125,0.28125,100,0,Phoenix Waste Services Comp Inc,0,0,0
20000706,41108,PXWS',OTC,0.28125,0.28125,700,0,Phoenix Waste Services Comp Inc,0,0,0
20000707,41108,PXWS',OTC,0.296875,0.296875,378,0,Phoenix Waste Services Comp Inc,0,0,0
20000710,41108,PXWS',OTC,0.265625,0.265625,153,0,Phoenix Waste Services Comp Inc,0,0,0
20000711,41108,PXWS',OTC,0.265625,0.265625,62,0,Phoenix Waste Services Comp Inc,0,0,0
20000712,41108,PXWS',OTC,0.25,0.25,247,0,Phoenix Waste Services Comp Inc,0,0,0
20000713,41108,PXWS',OTC,0.25,0.25,56,0,Phoenix Waste Services Comp Inc,0,0,0
20000714,41108,PXWS',OTC,0.25,0.25,100,0,Phoenix Waste Services Comp Inc,0,0,0
20000717,41108,PXWS',OTC,0.25,0.25,110,0,Phoenix Waste Services Comp Inc,0,0,0
20000718,41108,PXWS',OTC,0.3125,0.3125,110,0,Phoenix Waste Services Comp Inc,0,0,0
20000719,41108,PXWS',OTC,0.25,0.25,152,0,Phoenix Waste Services Comp Inc,0,0,0
20000720,41108,PXWS',OTC,0.25,0.25,1265,0,Phoenix Waste Services Comp Inc,0,0,0
20000721,41108,PXWS',OTC,0.1875,0.1875,400,0,Phoenix Waste Services Comp Inc,0,0,0
20000724,41108,PXWS',OTC,0.1875,0.1875,0,0,Phoenix Waste Services Comp Inc,0,0,0
20000725,41108,PXWS',OTC,0.1875,0.1875,10,0,Phoenix Waste Services Comp Inc,0,0,0
20000726,41108,PXWS',OTC,0.1875,0.1875,0,0,Phoenix Waste Services Comp Inc,0,0,0
20000727,41108,PXWS',OTC,0.1875,0.1875,0,0,Phoenix Waste Services Comp Inc,0,0,0
20000728,41108,PXWS',OTC,0.1875,0.1875,3,0,Phoenix Waste Services Comp Inc,0,0,0
20000731,41108,PXWS',OTC,0.1875,0.1875,100,0,Phoenix Waste Services Comp Inc,0,0,0
20000801,41108,PXWS',OTC,0.1875,0.1875,0,0,Phoenix Waste Services Comp Inc,0,0,0
20000802,41108,PXWS',OTC,0.1875,0.1875,0,0,Phoenix Waste Services Comp Inc,0,0,0
20000803,41108,PXWS',OTC,0.1875,0.1875,0,0,Phoenix Waste Services Comp Inc,0,0,0
20000804,41108,PXWS',OTC,0.1875,0.1875,0,0,Phoenix Waste Services Comp Inc,0,0,0
20000807,41108,PXWS',OTC,0.1875,0.1875,0,0,Phoenix Waste Services Comp Inc,0,0,0
20000808,41108,PXWS',OTC,0.1875,0.1875,0,0,Phoenix Waste Services Comp Inc,0,0,0
20000809,41108,PXWS',OTC,0.15625,0.15625,1015,0,Phoenix Waste Services Comp Inc,0,0,0
20000810,41108,PXWS',OTC,0.15625,0.15625,0,0,Phoenix Waste Services Comp Inc,0,0,0
20000811,41108,PXWS',OTC,0.15625,0.15625,30,0,Phoenix Waste Services Comp Inc,0,0,0
20000814,41108,PXWS',OTC,0.15625,0.15625,0,0,Phoenix Waste Services Comp Inc,0,0,0
20000815,41108,PXWS',OTC,0.15625,0.15625,5,0,Phoenix Waste Services Comp Inc,0,0,0
20000816,41108,PXWS',OTC,0.1875,0.1875,48,0,Phoenix Waste Services Comp Inc,0,0,0
20000817,41108,PXWS',OTC,0.1875,0.1875,100,0,Phoenix Waste Services Comp Inc,0,0,0
20000818,41108,PXWS',OTC,0.1875,0.1875,0,0,Phoenix Waste Services Comp Inc,0,0,0
20000821,41108,PXWS',OTC,0.15625,0.15625,452,0,Phoenix Waste Services Comp Inc,0,0,0
20000822,41108,PXWS',OTC,0.1875,0.1875,221,0,Phoenix Waste Services Comp Inc,0,0,0
20000823,41108,PXWS',OTC,0.15625,0.15625,1370,0,Phoenix Waste Services Comp Inc,0,0,0
20000824,41108,PXWS',OTC,0.15625,0.15625,894,0,Phoenix Waste Services Comp Inc,0,0,0
20000825,41108,PXWS',OTC,0.171875,0.171875,102,0,Phoenix Waste Services Comp Inc,0,0,0
20000828,41108,PXWS',OTC,0.171875,0.171875,1326,0,Phoenix Waste Services Comp Inc,0,0,0
20000829,41108,PXWS',OTC,0.15625,0.15625,161,0,Phoenix Waste Services Comp Inc,0,0,0
20000830,41108,PXWS',OTC,0.15625,0.15625,0,0,Phoenix Waste Services Comp Inc,0,0,0
20000831,41108,PXWS',OTC,0.15625,0.15625,30,0,Phoenix Waste Services Comp Inc,0,0,0
20000901,41108,PXWS',OTC,0.15625,0.15625,0,0,Phoenix Waste Services Comp Inc,0,0,0
20000905,41108,PXWS',OTC,0.15625,0.15625,350,0,Phoenix Waste Services Comp Inc,0,0,0
20000906,41108,PXWS',OTC,0.15625,0.15625,1,0,Phoenix Waste Services Comp Inc,0,0,0
20000907,41108,PXWS',OTC,0.15625,0.15625,150,0,Phoenix Waste Services Comp Inc,0,0,0
20000908,41108,PXWS',OTC,0.15625,0.15625,430,0,Phoenix Waste Services Comp Inc,0,0,0
20000911,41108,PXWS',OTC,0.15625,0.15625,0,0,Phoenix Waste Services Comp Inc,0,0,0
20000912,41108,PXWS',OTC,0.15625,0.15625,84,0,Phoenix Waste Services Comp Inc,0,0,0
20000913,41108,PXWS',OTC,0.171875,0.171875,49,0,Phoenix Waste Services Comp Inc,0,0,0
20000914,41108,PXWS',OTC,0.15625,0.15625,250,0,Phoenix Waste Services Comp Inc,0,0,0
20000915,41108,PXWS',OTC,0.15625,0.15625,1770,0,Phoenix Waste Services Comp Inc,0,0,0
20000918,41108,PXWS',OTC,0.140625,0.140625,320,0,Phoenix Waste Services Comp Inc,0,0,0
20000919,41108,PXWS',OTC,0.140625,0.140625,20,0,Phoenix Waste Services Comp Inc,0,0,0
20000920,41108,PXWS',OTC,0.140625,0.140625,0,0,Phoenix Waste Services Comp Inc,0,0,0
20000921,41108,PXWS',OTC,0.140625,0.140625,0,0,Phoenix Waste Services Comp Inc,0,0,0
20000922,41108,PXWS',OTC,0.15625,0.15625,8,0,Phoenix Waste Services Comp Inc,0,0,0
20000925,41108,PXWS',OTC,0.15625,0.15625,0,0,Phoenix Waste Services Comp Inc,0,0,0
20000926,41108,PXWS',OTC,0.140625,0.140625,58,0,Phoenix Waste Services Comp Inc,0,0,0
20000927,41108,PXWS',OTC,0.140625,0.140625,311,0,Phoenix Waste Services Comp Inc,0,0,0
20000928,41108,PXWS',OTC,0.140625,0.140625,0,0,Phoenix Waste Services Comp Inc,0,0,0
20000929,41108,PXWS',OTC,0.140625,0.140625,0,0,Phoenix Waste Services Comp Inc,0,0,0
20001002,41108,PXWS',OTC,0.15625,0.15625,145,0,Phoenix Waste Services Comp Inc,0,0,0
20001003,41108,PXWS',OTC,0.109375,0.109375,1000,0,Phoenix Waste Services Comp Inc,0,0,0
20001004,41108,PXWS',OTC,0.109375,0.109375,0,0,Phoenix Waste Services Comp Inc,0,0,0
20001005,41108,PXWS',OTC,0.109375,0.109375,414,0,Phoenix Waste Services Comp Inc,0,0,0
20001006,41108,PXWS',OTC,0.109375,0.109375,0,0,Phoenix Waste Services Comp Inc,0,0,0
20001009,41108,PXWS',OTC,0.109375,0.109375,30,0,Phoenix Waste Services Comp Inc,0,0,0
20001010,41108,PXWS',OTC,0.109375,0.109375,0,0,Phoenix Waste Services Comp Inc,0,0,0
20001011,41108,PXWS',OTC,0.109375,0.109375,0,0,Phoenix Waste Services Comp Inc,0,0,0
20001012,41108,PXWS',OTC,0.09375,0.09375,1218,0,Phoenix Waste Services Comp Inc,0,0,0
20001013,41108,PXWS',OTC,0.09375,0.09375,20,0,Phoenix Waste Services Comp Inc,0,0,0
20001016,41108,PXWS',OTC,0.09375,0.09375,222,0,Phoenix Waste Services Comp Inc,0,0,0
20001017,41108,PXWS',OTC,0.09375,0.09375,20,0,Phoenix Waste Services Comp Inc,0,0,0
20001018,41108,PXWS',OTC,0.09375,0.09375,2,0,Phoenix Waste Services Comp Inc,0,0,0
20001019,41108,PXWS',OTC,0.09375,0.09375,20,0,Phoenix Waste Services Comp Inc,0,0,0
20001020,41108,PXWS',OTC,0.09375,0.09375,0,0,Phoenix Waste Services Comp Inc,0,0,0
20001023,41108,PXWS',OTC,0.09375,0.09375,0,0,Phoenix Waste Services Comp Inc,0,0,0
20001024,41108,PXWS',OTC,0.09375,0.09375,0,0,Phoenix Waste Services Comp Inc,0,0,0
20001025,41108,PXWS',OTC,0.09375,0.09375,0,0,Phoenix Waste Services Comp Inc,0,0,0
20001026,41108,PXWS',OTC,0.09375,0.09375,200,0,Phoenix Waste Services Comp Inc,0,0,0
20001027,41108,PXWS',OTC,0.09375,0.09375,15,0,Phoenix Waste Services Comp Inc,0,0,0
20001030,41108,PXWS',OTC,0.09375,0.09375,0,0,Phoenix Waste Services Comp Inc,0,0,0
20001031,41108,PXWS',OTC,0.125,0.125,163,0,Phoenix Waste Services Comp Inc,0,0,0
20001101,41108,PXWS',OTC,0.125,0.125,0,0,Phoenix Waste Services Comp Inc,0,0,0
20001102,41108,PXWS',OTC,0.09375,0.09375,200,0,Phoenix Waste Services Comp Inc,0,0,0
20001103,41108,PXWS',OTC,0.09375,0.09375,0,0,Phoenix Waste Services Comp Inc,0,0,0
20001106,41108,PXWS',OTC,0.109375,0.109375,30,0,Phoenix Waste Services Comp Inc,0,0,0
20001107,41108,PXWS',OTC,0.109375,0.109375,0,0,Phoenix Waste Services Comp Inc,0,0,0
20001108,41108,PXWS',OTC,0.109375,0.109375,0,0,Phoenix Waste Services Comp Inc,0,0,0
20001109,41108,PXWS',OTC,0.109375,0.109375,0,0,Phoenix Waste Services Comp Inc,0,0,0
20001110,41108,PXWS',OTC,0.09375,0.09375,200,0,Phoenix Waste Services Comp Inc,0,0,0
20001113,41108,PXWS',OTC,0.09375,0.09375,0,0,Phoenix Waste Services Comp Inc,0,0,0
20001114,41108,PXWS',OTC,0.09375,0.09375,0,0,Phoenix Waste Services Comp Inc,0,0,0
20001115,41108,PXWS',OTC,0.09375,0.09375,340,0,Phoenix Waste Services Comp Inc,0,0,0
20001116,41108,PXWS',OTC,0.09375,0.09375,0,0,Phoenix Waste Services Comp Inc,0,0,0
20001117,41108,PXWS',OTC,0.09375,0.09375,0,0,Phoenix Waste Services Comp Inc,0,0,0
20001120,41108,PXWS',OTC,0.09375,0.09375,0,0,Phoenix Waste Services Comp Inc,0,0,0
20001121,41108,PXWS',OTC,0.09375,0.09375,200,0,Phoenix Waste Services Comp Inc,0,0,0
20001122,41108,PXWS',OTC,0.09375,0.09375,5,0,Phoenix Waste Services Comp Inc,0,0,0
20001124,41108,PXWS',OTC,0.09375,0.09375,0,0,Phoenix Waste Services Comp Inc,0,0,0
20001127,41108,PXWS',OTC,0.109375,0.109375,207,0,Phoenix Waste Services Comp Inc,0,0,0
20001128,41108,PXWS',OTC,0.09375,0.09375,517,0,Phoenix Waste Services Comp Inc,0,0,0
20001129,41108,PXWS',OTC,0.09375,0.09375,150,0,Phoenix Waste Services Comp Inc,0,0,0
20001130,41108,PXWS',OTC,0.09375,0.09375,54,0,Phoenix Waste Services Comp Inc,0,0,0
20001201,41108,PXWS',OTC,0.09375,0.09375,10,0,Phoenix Waste Services Comp Inc,0,0,0
20001204,41108,PXWS',OTC,0.09375,0.09375,0,0,Phoenix Waste Services Comp Inc,0,0,0
20001205,41108,PXWS',OTC,0.09375,0.09375,0,0,Phoenix Waste Services Comp Inc,0,0,0
20001206,41108,PXWS',OTC,0.09375,0.09375,220,0,Phoenix Waste Services Comp Inc,0,0,0
20001207,41108,PXWS',OTC,0.09375,0.09375,50,0,Phoenix Waste Services Comp Inc,0,0,0
20001208,41108,PXWS',OTC,0.09375,0.09375,72,0,Phoenix Waste Services Comp Inc,0,0,0
20001211,41108,PXWS',OTC,0.09375,0.09375,630,0,Phoenix Waste Services Comp Inc,0,0,0
20001212,41108,PXWS',OTC,0.09375,0.09375,3,0,Phoenix Waste Services Comp Inc,0,0,0
20001213,41108,PXWS',OTC,0.09375,0.09375,0,0,Phoenix Waste Services Comp Inc,0,0,0
20001214,41108,PXWS',OTC,0.09375,0.09375,50,0,Phoenix Waste Services Comp Inc,0,0,0
20001215,41108,PXWS',OTC,0.09375,0.09375,29,0,Phoenix Waste Services Comp Inc,0,0,0
20001218,41108,PXWS',OTC,0.109375,0.109375,348,0,Phoenix Waste Services Comp Inc,0,0,0
20001219,41108,PXWS',OTC,0.109375,0.109375,125,0,Phoenix Waste Services Comp Inc,0,0,0
20001220,41108,PXWS',OTC,0.078125,0.078125,1055,0,Phoenix Waste Services Comp Inc,0,0,0
20001221,41108,PXWS',OTC,0.078125,0.078125,6,0,Phoenix Waste Services Comp Inc,0,0,0
20001222,41108,PXWS',OTC,0.078125,0.078125,346,0,Phoenix Waste Services Comp Inc,0,0,0
20001226,41108,PXWS',OTC,0.078125,0.078125,483,0,Phoenix Waste Services Comp Inc,0,0,0
20001227,41108,PXWS',OTC,0.0625,0.0625,1263,0,Phoenix Waste Services Comp Inc,0,0,0
20001228,41108,PXWS',OTC,0.0625,0.0625,438,0,Phoenix Waste Services Comp Inc,0,0,0
20001229,41108,PXWS',OTC,0.109375,0.109375,855,0,Phoenix Waste Services Comp Inc,0,0,0
20010102,41108,PXWS',OTC,0.109375,0.109375,0,0,Phoenix Waste Services Comp Inc,0,0,0
20010103,41108,PXWS',OTC,0.109375,0.109375,0,0,Phoenix Waste Services Comp Inc,0,0,0
20010104,41108,PXWS',OTC,0.109375,0.109375,0,0,Phoenix Waste Services Comp Inc,0,0,0
20010105,41108,PXWS',OTC,0.109375,0.109375,0,0,Phoenix Waste Services Comp Inc,0,0,0
20010108,41108,PXWS',OTC,0.109375,0.109375,0,0,Phoenix Waste Services Comp Inc,0,0,0
20010109,41108,PXWS',OTC,0.0625,0.0625,51,0,Phoenix Waste Services Comp Inc,0,0,0
20010110,41108,PXWS',OTC,0.0625,0.0625,0,0,Phoenix Waste Services Comp Inc,0,0,0
20010111,41108,PXWS',OTC,0.0625,0.0625,0,0,Phoenix Waste Services Comp Inc,0,0,0
20010112,41108,PXWS',OTC,0.0625,0.0625,0,0,Phoenix Waste Services Comp Inc,0,0,0
20010116,41108,PXWS',OTC,0.0625,0.0625,13,0,Phoenix Waste Services Comp Inc,0,0,0
20010117,41108,PXWS',OTC,0.0625,0.0625,0,0,Phoenix Waste Services Comp Inc,0,0,0
20010118,41108,PXWS',OTC,0.0625,0.0625,117,0,Phoenix Waste Services Comp Inc,0,0,0
20010119,41108,PXWS',OTC,0.0625,0.0625,1,0,Phoenix Waste Services Comp Inc,0,0,0
20010122,41108,PXWS',OTC,0.0625,0.0625,0,0,Phoenix Waste Services Comp Inc,0,0,0
20010123,41108,PXWS',OTC,0.0625,0.0625,0,0,Phoenix Waste Services Comp Inc,0,0,0
20010124,41108,PXWS',OTC,0.0625,0.0625,0,0,Phoenix Waste Services Comp Inc,0,0,0
20010125,41108,PXWS',OTC,0.0625,0.0625,40,0,Phoenix Waste Services Comp Inc,0,0,0
20010126,41108,PXWS',OTC,0.0625,0.0625,4,0,Phoenix Waste Services Comp Inc,0,0,0
20010129,41108,PXWS',OTC,0.0625,0.0625,0,0,Phoenix Waste Services Comp Inc,0,0,0
20010130,41108,PXWS',OTC,0.0625,0.0625,0,0,Phoenix Waste Services Comp Inc,0,0,0
20010131,41108,PXWS',OTC,0.0625,0.0625,0,0,Phoenix Waste Services Comp Inc,0,0,0
20010201,41108,PXWS',OTC,0.0625,0.0625,16,0,Phoenix Waste Services Comp Inc,0,0,0
20010202,41108,PXWS',OTC,0.078125,0.078125,60,0,Phoenix Waste Services Comp Inc,0,0,0
20010205,41108,PXWS',OTC,0.0625,0.0625,400,0,Phoenix Waste Services Comp Inc,0,0,0
20010206,41108,PXWS',OTC,0.0625,0.0625,350,0,Phoenix Waste Services Comp Inc,0,0,0
20010207,41108,PXWS',OTC,0.0625,0.0625,13,0,Phoenix Waste Services Comp Inc,0,0,0
20010208,41108,PXWS',OTC,0.0625,0.0625,176,0,Phoenix Waste Services Comp Inc,0,0,0
20010209,41108,PXWS',OTC,0.0625,0.0625,0,0,Phoenix Waste Services Comp Inc,0,0,0
20010212,41108,PXWS',OTC,0.0625,0.0625,210,0,Phoenix Waste Services Comp Inc,0,0,0
20010213,41108,PXWS',OTC,0.0625,0.0625,0,0,Phoenix Waste Services Comp Inc,0,0,0
20010214,41108,PXWS',OTC,0.078125,0.078125,900,0,Phoenix Waste Services Comp Inc,0,0,0
20010215,41108,PXWS',OTC,0.078125,0.078125,200,0,Phoenix Waste Services Comp Inc,0,0,0
20010216,41108,PXWS',OTC,0.09375,0.09375,352,0,Phoenix Waste Services Comp Inc,0,0,0
20010220,41108,PXWS',OTC,0.09375,0.09375,678,0,Phoenix Waste Services Comp Inc,0,0,0
20010221,41108,PXWS',OTC,0.09375,0.09375,0,0,Phoenix Waste Services Comp Inc,0,0,0
20010222,41108,PXWS',OTC,0.09375,0.09375,100,0,Phoenix Waste Services Comp Inc,0,0,0
20010223,41108,PXWS',OTC,0.109375,0.109375,341,0,Phoenix Waste Services Comp Inc,0,0,0
20010226,41108,PXWS',OTC,0.15625,0.15625,3763,0,Phoenix Waste Services Comp Inc,0,0,0
20010227,41108,PXWS',OTC,0.15625,0.15625,8686,0,Phoenix Waste Services Comp Inc,0,0,0
20010228,41108,PXWS',OTC,0.09375,0.09375,5260,0,Phoenix Waste Services Comp Inc,0,0,0
20010301,41108,PXWS',OTC,0.109375,0.109375,225,0,Phoenix Waste Services Comp Inc,0,0,0
20010302,41108,PXWS',OTC,0.109375,0.109375,0,0,Phoenix Waste Services Comp Inc,0,0,0
20010305,41108,PXWS',OTC,0.125,0.125,459,0,Phoenix Waste Services Comp Inc,0,0,0
20010306,41108,PXWS',OTC,0.125,0.125,50,0,Phoenix Waste Services Comp Inc,0,0,0
20010307,41108,PXWS',OTC,0.15625,0.15625,320,0,Phoenix Waste Services Comp Inc,0,0,0
20010308,41108,PXWS',OTC,0.15625,0.15625,0,0,Phoenix Waste Services Comp Inc,0,0,0
20010309,41108,PXWS',OTC,0.15625,0.15625,0,0,Phoenix Waste Services Comp Inc,0,0,0
20010312,41108,PXWS',OTC,0.15625,0.15625,492,0,Phoenix Waste Services Comp Inc,0,0,0
20010313,41108,PXWS',OTC,0.1875,0.1875,1308,0,Phoenix Waste Services Comp Inc,0,0,0
20010314,41108,PXWS',OTC,0.171875,0.171875,626,0,Phoenix Waste Services Comp Inc,0,0,0
20010315,41108,PXWS',OTC,0.171875,0.171875,0,0,Phoenix Waste Services Comp Inc,0,0,0
20010316,41108,PXWS',OTC,0.125,0.125,225,0,Phoenix Waste Services Comp Inc,0,0,0
20010319,41108,PXWS',OTC,0.125,0.125,0,0,Phoenix Waste Services Comp Inc,0,0,0
20010320,41108,PXWS',OTC,0.15625,0.15625,10241,0,Phoenix Waste Services Comp Inc,0,0,0
20010321,41108,PXWS',OTC,0.140625,0.140625,300,0,Phoenix Waste Services Comp Inc,0,0,0
20010322,41108,PXWS',OTC,0.140625,0.140625,650,0,Phoenix Waste Services Comp Inc,0,0,0
20010323,41108,PXWS',OTC,0.109375,0.109375,1650,0,Phoenix Waste Services Comp Inc,0,0,0
20010326,41108,PXWS',OTC,0.125,0.125,2650,0,Phoenix Waste Services Comp Inc,0,0,0
20010327,41108,PXWS',OTC,0.125,0.125,0,0,Phoenix Waste Services Comp Inc,0,0,0
20010328,41108,PXWS',OTC,0.125,0.125,0,0,Phoenix Waste Services Comp Inc,0,0,0
20010329,41108,PXWS',OTC,0.125,0.125,100,0,Phoenix Waste Services Comp Inc,0,0,0
20010330,41108,PXWS',OTC,0.125,0.125,20,0,Phoenix Waste Services Comp Inc,0,0,0
20010402,41108,PXWS',OTC,0.09375,0.09375,415,0,Phoenix Waste Services Comp Inc,0,0,0
20010403,41108,PXWS',OTC,0.078125,0.078125,50,0,Phoenix Waste Services Comp Inc,0,0,0
20010404,41108,PXWS',OTC,0.09375,0.09375,366,0,Phoenix Waste Services Comp Inc,0,0,0
20010405,41108,PXWS',OTC,0.09375,0.09375,58,0,Phoenix Waste Services Comp Inc,0,0,0
20010406,41108,PXWS',OTC,0.09375,0.09375,0,0,Phoenix Waste Services Comp Inc,0,0,0
20010409,41108,PXWS',OTC,0.1,0.1,0,0,Phoenix Waste Services Comp Inc,0,0,0
20010410,41108,PXWS',OTC,0.1,0.1,100,0,Phoenix Waste Services Comp Inc,0,0,0
20010411,41108,PXWS',OTC,0.1,0.1,0,0,Phoenix Waste Services Comp Inc,0,0,0
20010412,41108,PXWS',OTC,0.1,0.1,0,0,Phoenix Waste Services Comp Inc,0,0,0
20010416,41108,PXWS',OTC,0.1,0.1,0,0,Phoenix Waste Services Comp Inc,0,0,0
20010417,41108,PXWS',OTC,0.1,0.1,0,0,Phoenix Waste Services Comp Inc,0,0,0
20010418,41108,PXWS',OTC,0.15,0.15,717,0,Phoenix Waste Services Comp Inc,0,0,0
20010419,41108,PXWS',OTC,0.14,0.14,390,0,Phoenix Waste Services Comp Inc,0,0,0
20010420,41108,PXWS',OTC,0.18,0.18,300,0,Phoenix Waste Services Comp Inc,0,0,0
20010423,41108,PXWS',OTC,0.18,0.18,8181,0,Phoenix Waste Services Comp Inc,0,0,0
20010424,41108,PXWS',OTC,0.19,0.19,212,0,Phoenix Waste Services Comp Inc,0,0,0
20010425,41108,PXWS',OTC,0.2,0.2,603,0,Phoenix Waste Services Comp Inc,0,0,0
20010426,41108,PXWS',OTC,0.24,0.24,11162,0,Phoenix Waste Services Comp Inc,0,0,0
20010427,41108,PXWS',OTC,0.28,0.28,1954,0,Phoenix Waste Services Comp Inc,0,0,0
20010430,41108,PXWS',OTC,0.28,0.28,453,0,Phoenix Waste Services Comp Inc,0,0,0
20010501,41108,PXWS',OTC,0.27,0.27,730,0,Phoenix Waste Services Comp Inc,0,0,0
20010502,41108,PXWS',OTC,0.26,0.26,425,0,Phoenix Waste Services Comp Inc,0,0,0
20010503,41108,PXWS',OTC,0.28,0.28,10,0,Phoenix Waste Services Comp Inc,0,0,0
20010504,41108,PXWS',OTC,0.28,0.28,0,0,Phoenix Waste Services Comp Inc,0,0,0
20010507,41108,PXWS',OTC,0.24,0.24,301,0,Phoenix Waste Services Comp Inc,0,0,0
20010508,41108,PXWS',OTC,0.22,0.22,202,0,Phoenix Waste Services Comp Inc,0,0,0
20010509,41108,PXWS',OTC,0.22,0.22,310,0,Phoenix Waste Services Comp Inc,0,0,0
20010510,41108,PXWS',OTC,0.25,0.25,400,0,Phoenix Waste Services Comp Inc,0,0,0
20010511,41108,PXWS',OTC,0.26,0.26,250,0,Phoenix Waste Services Comp Inc,0,0,0
20010514,41108,PXWS',OTC,0.29,0.29,670,0,Phoenix Waste Services Comp Inc,0,0,0
20010515,41108,PXWS',OTC,0.3,0.3,995,0,Phoenix Waste Services Comp Inc,0,0,0
20010516,41108,PXWS',OTC,0.3,0.3,355,0,Phoenix Waste Services Comp Inc,0,0,0
20010517,41108,PXWS',OTC,0.33,0.33,1550,0,Phoenix Waste Services Comp Inc,0,0,0
20010518,41108,PXWS',OTC,0.32,0.32,2110,0,Phoenix Waste Services Comp Inc,0,0,0
20010521,41108,PXWS',OTC,0.33,0.33,290,0,Phoenix Waste Services Comp Inc,0,0,0
20010522,41108,PXWS',OTC,0.42,0.42,1535,0,Phoenix Waste Services Comp Inc,0,0,0
20010523,41108,PXWS',OTC,0.47,0.47,1165,0,Phoenix Waste Services Comp Inc,0,0,0
20010524,41108,PXWS',OTC,0.43,0.43,815,0,Phoenix Waste Services Comp Inc,0,0,0
20010525,41108,PXWS',OTC,0.45,0.45,285,0,Phoenix Waste Services Comp Inc,0,0,0
20010529,41108,PXWS',OTC,0.45,0.45,10,0,Phoenix Waste Services Comp Inc,0,0,0
20010530,41108,PXWS',OTC,0.41,0.41,250,0,Phoenix Waste Services Comp Inc,0,0,0
20010531,41108,PXWS',OTC,0.41,0.41,441,0,Phoenix Waste Services Comp Inc,0,0,0
20010601,41108,PXWS',OTC,0.38,0.38,1036,0,Phoenix Waste Services Comp Inc,0,0,0
20010604,41108,PXWS',OTC,0.38,0.38,0,0,Phoenix Waste Services Comp Inc,0,0,0
20010605,41108,PXWS',OTC,0.38,0.38,425,0,Phoenix Waste Services Comp Inc,0,0,0
20010606,41108,PXWS',OTC,0.38,0.38,0,0,Phoenix Waste Services Comp Inc,0,0,0
20010607,41108,PXWS',OTC,0.38,0.38,0,0,Phoenix Waste Services Comp Inc,0,0,0
20010608,41108,PXWS',OTC,0.37,0.37,4835,0,Phoenix Waste Services Comp Inc,0,0,0
20010611,41108,PXWS',OTC,0.37,0.37,600,0,Phoenix Waste Services Comp Inc,0,0,0
20010612,41108,PXWS',OTC,0.34,0.34,125,0,Phoenix Waste Services Comp Inc,0,0,0
20010613,41108,PXWS',OTC,0.38,0.38,110,0,Phoenix Waste Services Comp Inc,0,0,0
20010614,41108,PXWS',OTC,0.36,0.36,27,0,Phoenix Waste Services Comp Inc,0,0,0
20010615,41108,PXWS',OTC,0.39,0.39,18,0,Phoenix Waste Services Comp Inc,0,0,0
20010618,41108,PXWS',OTC,0.39,0.39,0,0,Phoenix Waste Services Comp Inc,0,0,0
20010619,41108,PXWS',OTC,0.4,0.4,172,0,Phoenix Waste Services Comp Inc,0,0,0
20010620,41108,PXWS',OTC,0.43,0.43,430,0,Phoenix Waste Services Comp Inc,0,0,0
20010621,41108,PXWS',OTC,0.44,0.44,200,0,Phoenix Waste Services Comp Inc,0,0,0
20010622,41108,PXWS',OTC,0.4,0.4,230,0,Phoenix Waste Services Comp Inc,0,0,0
20010625,41108,PXWS',OTC,0.42,0.42,70,0,Phoenix Waste Services Comp Inc,0,0,0
20010626,41108,PXWS',OTC,0.42,0.42,0,0,Phoenix Waste Services Comp Inc,0,0,0
20010627,41108,PXWS',OTC,0.44,0.44,30,0,Phoenix Waste Services Comp Inc,0,0,0
20010628,41108,PXWS',OTC,0.44,0.44,100,0,Phoenix Waste Services Comp Inc,0,0,0
20010629,41108,PXWS',OTC,0.43,0.43,1340,0,Phoenix Waste Services Comp Inc,0,0,0
20010702,41108,PXWS',OTC,0.41,0.41,366,0,Phoenix Waste Services Comp Inc,0,0,0
20010703,41108,PXWS',OTC,0.4,0.4,310,0,Phoenix Waste Services Comp Inc,0,0,0
20010705,41108,PXWS',OTC,0.4,0.4,200,0,Phoenix Waste Services Comp Inc,0,0,0
20010706,41108,PXWS',OTC,0.36,0.36,12,0,Phoenix Waste Services Comp Inc,0,0,0
20010709,41108,PXWS',OTC,0.36,0.36,0,0,Phoenix Waste Services Comp Inc,0,0,0
20010710,41108,PXWS',OTC,0.35,0.35,420,0,Phoenix Waste Services Comp Inc,0,0,0
20010711,41108,PXWS',OTC,0.32,0.32,610,0,Phoenix Waste Services Comp Inc,0,0,0
20010712,41108,PXWS',OTC,0.32,0.32,1463,0,Phoenix Waste Services Comp Inc,0,0,0
20010713,41108,PXWS',OTC,0.32,0.32,95,0,Phoenix Waste Services Comp Inc,0,0,0
20010716,41108,PXWS',OTC,0.32,0.32,0,0,Phoenix Waste Services Comp Inc,0,0,0
20010717,41108,PXWS',OTC,0.33,0.33,800,0,Phoenix Waste Services Comp Inc,0,0,0
20010718,41108,PXWS',OTC,0.36,0.36,530,0,Phoenix Waste Services Comp Inc,0,0,0
20010719,41108,PXWS',OTC,0.41,0.41,847,0,Phoenix Waste Services Comp Inc,0,0,0
20010720,41108,PXWS',OTC,0.42,0.42,65,0,Phoenix Waste Services Comp Inc,0,0,0
20010723,41108,PXWS',OTC,0.41,0.41,268,0,Phoenix Waste Services Comp Inc,0,0,0
20010724,41108,PXWS',OTC,0.3,0.3,1438,0,Phoenix Waste Services Comp Inc,0,0,0
20010725,41108,PXWS',OTC,0.35,0.35,40,0,Phoenix Waste Services Comp Inc,0,0,0
20010726,41108,PXWS',OTC,0.35,0.35,319,0,Phoenix Waste Services Comp Inc,0,0,0
20010727,41108,PXWS',OTC,0.35,0.35,0,0,Phoenix Waste Services Comp Inc,0,0,0
20010730,41108,PXWS',OTC,0.33,0.33,300,0,Phoenix Waste Services Comp Inc,0,0,0
20010731,41108,PXWS',OTC,0.41,0.41,1400,0,Phoenix Waste Services Comp Inc,0,0,0
20010801,41108,PXWS',OTC,0.41,0.41,2,0,Phoenix Waste Services Comp Inc,0,0,0
20010802,41108,PXWS',OTC,0.41,0.41,0,0,Phoenix Waste Services Comp Inc,0,0,0
20010803,41108,PXWS',OTC,0.34,0.34,5,0,Phoenix Waste Services Comp Inc,0,0,0
20010806,41108,PXWS',OTC,0.34,0.34,4,0,Phoenix Waste Services Comp Inc,0,0,0
20010807,41108,PXWS',OTC,0.34,0.34,0,0,Phoenix Waste Services Comp Inc,0,0,0
20010808,41108,PXWS',OTC,0.34,0.34,50,0,Phoenix Waste Services Comp Inc,0,0,0
20010809,41108,PXWS',OTC,0.34,0.34,0,0,Phoenix Waste Services Comp Inc,0,0,0
20010810,41108,PXWS',OTC,0.34,0.34,0,0,Phoenix Waste Services Comp Inc,0,0,0
20010813,41108,PXWS',OTC,0.35,0.35,50,0,Phoenix Waste Services Comp Inc,0,0,0
20010814,41108,PXWS',OTC,0.34,0.34,105,0,Phoenix Waste Services Comp Inc,0,0,0
20010815,41108,PXWS',OTC,0.34,0.34,0,0,Phoenix Waste Services Comp Inc,0,0,0
20010816,41108,PXWS',OTC,0.4,0.4,40,0,Phoenix Waste Services Comp Inc,0,0,0
20010817,41108,PXWS',OTC,0.4,0.4,0,0,Phoenix Waste Services Comp Inc,0,0,0
20010820,41108,PXWS',OTC,0.4,0.4,0,0,Phoenix Waste Services Comp Inc,0,0,0
20010821,41108,PXWS',OTC,0.4,0.4,0,0,Phoenix Waste Services Comp Inc,0,0,0
20010822,41108,PXWS',OTC,0.34,0.34,415,0,Phoenix Waste Services Comp Inc,0,0,0
20010823,41108,PXWS',OTC,0.34,0.34,335,0,Phoenix Waste Services Comp Inc,0,0,0
20010824,41108,PXWS',OTC,0.35,0.35,250,0,Phoenix Waste Services Comp Inc,0,0,0
20010827,41108,PXWS',OTC,0.35,0.35,0,0,Phoenix Waste Services Comp Inc,0,0,0
20010828,41108,PXWS',OTC,0.34,0.34,356,0,Phoenix Waste Services Comp Inc,0,0,0
20010829,41108,PXWS',OTC,0.35,0.35,500,0,Phoenix Waste Services Comp Inc,0,0,0
20010830,41108,PXWS',OTC,0.36,0.36,1600,0,Phoenix Waste Services Comp Inc,0,0,0
20010831,41108,PXWS',OTC,0.4,0.4,1310,0,Phoenix Waste Services Comp Inc,0,0,0
20010904,41108,PXWS',OTC,0.31,0.31,705,0,Phoenix Waste Services Comp Inc,0,0,0
20010905,41108,PXWS',OTC,0.31,0.31,110,0,Phoenix Waste Services Comp Inc,0,0,0
20010906,41108,PXWS',OTC,0.31,0.31,100,0,Phoenix Waste Services Comp Inc,0,0,0
20010907,41108,PXWS',OTC,0.29,0.29,170,0,Phoenix Waste Services Comp Inc,0,0,0
20010910,41108,PXWS',OTC,0.29,0.29,0,0,Phoenix Waste Services Comp Inc,0,0,0
20010917,41108,PXWS',OTC,0.23,0.23,452,0,Phoenix Waste Services Comp Inc,0,0,0
20010918,41108,PXWS',OTC,0.29,0.29,50,0,Phoenix Waste Services Comp Inc,0,0,0
20010919,41108,PXWS',OTC,0.25,0.25,45,0,Phoenix Waste Services Comp Inc,0,0,0
20010920,41108,PXWS',OTC,0.25,0.25,406,0,Phoenix Waste Services Comp Inc,0,0,0
20010921,41108,PXWS',OTC,0.22,0.22,184,0,Phoenix Waste Services Comp Inc,0,0,0
20010924,41108,PXWS',OTC,0.22,0.22,84,0,Phoenix Waste Services Comp Inc,0,0,0
20010925,41108,PXWS',OTC,0.22,0.22,0,0,Phoenix Waste Services Comp Inc,0,0,0
20010926,41108,PXWS',OTC,0.22,0.22,10,0,Phoenix Waste Services Comp Inc,0,0,0
20010927,41108,PXWS',OTC,0.22,0.22,0,0,Phoenix Waste Services Comp Inc,0,0,0
20010928,41108,PXWS',OTC,0.22,0.22,182,0,Phoenix Waste Services Comp Inc,0,0,0
20011001,41108,PXWS',OTC,0.24,0.24,675,0,Phoenix Waste Services Comp Inc,0,0,0
20011002,41108,PXWS',OTC,0.24,0.24,0,0,Phoenix Waste Services Comp Inc,0,0,0
20011003,41108,PXWS',OTC,0.23,0.23,11,0,Phoenix Waste Services Comp Inc,0,0,0
20011004,41108,PXWS',OTC,0.25,0.25,283,0,Phoenix Waste Services Comp Inc,0,0,0
20011005,41108,PXWS',OTC,0.25,0.25,0,0,Phoenix Waste Services Comp Inc,0,0,0
20011008,41108,PXWS',OTC,0.27,0.27,200,0,Phoenix Waste Services Comp Inc,0,0,0
20011009,41108,PXWS',OTC,0.25,0.25,125,0,Phoenix Waste Services Comp Inc,0,0,0
20011010,41108,PXWS',OTC,0.25,0.25,0,0,Phoenix Waste Services Comp Inc,0,0,0
20011011,41108,PXWS',OTC,0.25,0.25,375,0,Phoenix Waste Services Comp Inc,0,0,0
20011012,41108,PXWS',OTC,0.22,0.22,50,0,Phoenix Waste Services Comp Inc,0,0,0
20011015,41108,PXWS',OTC,0.21,0.21,55,0,Phoenix Waste Services Comp Inc,0,0,0
20011016,41108,PXWS',OTC,0.21,0.21,0,0,Phoenix Waste Services Comp Inc,0,0,0
20011017,41108,PXWS',OTC,0.21,0.21,0,0,Phoenix Waste Services Comp Inc,0,0,0
20011018,41108,PXWS',OTC,0.21,0.21,0,0,Phoenix Waste Services Comp Inc,0,0,0
20011019,41108,PXWS',OTC,0.25,0.25,100,0,Phoenix Waste Services Comp Inc,0,0,0
20011022,41108,PXWS',OTC,0.25,0.25,100,0,Phoenix Waste Services Comp Inc,0,0,0
20011023,41108,PXWS',OTC,0.25,0.25,0,0,Phoenix Waste Services Comp Inc,0,0,0
20011024,41108,PXWS',OTC,0.23,0.23,45,0,Phoenix Waste Services Comp Inc,0,0,0
20011025,41108,PXWS',OTC,0.25,0.25,661,0,Phoenix Waste Services Comp Inc,0,0,0
20011026,41108,PXWS',OTC,0.26,0.26,250,0,Phoenix Waste Services Comp Inc,0,0,0
20011029,41108,PXWS',OTC,0.26,0.26,200,0,Phoenix Waste Services Comp Inc,0,0,0
20011030,41108,PXWS',OTC,0.29,0.29,105,0,Phoenix Waste Services Comp Inc,0,0,0
20011031,41108,PXWS',OTC,0.29,0.29,475,0,Phoenix Waste Services Comp Inc,0,0,0
20011101,41108,PXWS',OTC,0.31,0.31,97,0,Phoenix Waste Services Comp Inc,0,0,0
20011102,41108,PXWS',OTC,0.31,0.31,0,0,Phoenix Waste Services Comp Inc,0,0,0
20011105,41108,PXWS',OTC,0.31,0.31,215,0,Phoenix Waste Services Comp Inc,0,0,0
20011106,41108,PXWS',OTC,0.28,0.28,381,0,Phoenix Waste Services Comp Inc,0,0,0
20011107,41108,PXWS',OTC,0.28,0.28,100,0,Phoenix Waste Services Comp Inc,0,0,0
20011108,41108,PXWS',OTC,0.28,0.28,0,0,Phoenix Waste Services Comp Inc,0,0,0
20011109,41108,PXWS',OTC,0.35,0.35,2374,0,Phoenix Waste Services Comp Inc,0,0,0
20011112,41108,PXWS',OTC,0.35,0.35,304,0,Phoenix Waste Services Comp Inc,0,0,0
20011113,41108,PXWS',OTC,0.32,0.32,530,0,Phoenix Waste Services Comp Inc,0,0,0
20011114,41108,PXWS',OTC,0.34,0.34,940,0,Phoenix Waste Services Comp Inc,0,0,0
20011115,41108,PXWS',OTC,0.4,0.4,4804,0,Phoenix Waste Services Comp Inc,0,0,0
20011116,41108,PXWS',OTC,0.43,0.43,3482,0,Phoenix Waste Services Comp Inc,0,0,0
20011119,41108,PXWS',OTC,0.38,0.38,957,0,Phoenix Waste Services Comp Inc,0,0,0
20011120,41108,PXWS',OTC,0.43,0.43,1165,0,Phoenix Waste Services Comp Inc,0,0,0
20011121,41108,PXWS',OTC,0.37,0.37,1642,0,Phoenix Waste Services Comp Inc,0,0,0
20011123,41108,PXWS',OTC,0.37,0.37,490,0,Phoenix Waste Services Comp Inc,0,0,0
20011126,41108,PXWS',OTC,0.36,0.36,90,0,Phoenix Waste Services Comp Inc,0,0,0
20011127,41108,PXWS',OTC,0.35,0.35,745,0,Phoenix Waste Services Comp Inc,0,0,0
20011128,41108,PXWS',OTC,0.34,0.34,766,0,Phoenix Waste Services Comp Inc,0,0,0
20011129,41108,PXWS',OTC,0.34,0.34,280,0,Phoenix Waste Services Comp Inc,0,0,0
20011130,41108,PXWS',OTC,0.34,0.34,2440,0,Phoenix Waste Services Comp Inc,0,0,0
20011203,41108,PXWS',OTC,0.34,0.34,2542,0,Phoenix Waste Services Comp Inc,0,0,0
20011204,41108,PXWS',OTC,0.32,0.32,220,0,Phoenix Waste Services Comp Inc,0,0,0
20011205,41108,PXWS',OTC,0.31,0.31,12,0,Phoenix Waste Services Comp Inc,0,0,0
20011206,41108,PXWS',OTC,0.31,0.31,210,0,Phoenix Waste Services Comp Inc,0,0,0
20011207,41108,PXWS',OTC,0.31,0.31,200,0,Phoenix Waste Services Comp Inc,0,0,0
20011210,41108,PXWS',OTC,0.28,0.28,390,0,Phoenix Waste Services Comp Inc,0,0,0
20011211,41108,PXWS',OTC,0.28,0.28,7500,0,Phoenix Waste Services Comp Inc,0,0,0
20011212,41108,PXWS',OTC,0.23,0.23,630,0,Phoenix Waste Services Comp Inc,0,0,0
20011213,41108,PXWS',OTC,0.23,0.23,0,0,Phoenix Waste Services Comp Inc,0,0,0
20011214,41108,PXWS',OTC,0.24,0.24,50,0,Phoenix Waste Services Comp Inc,0,0,0
20011217,41108,PXWS',OTC,0.24,0.24,0,0,Phoenix Waste Services Comp Inc,0,0,0
20011218,41108,PXWS',OTC,0.24,0.24,1250,0,Phoenix Waste Services Comp Inc,0,0,0
20011219,41108,PXWS',OTC,0.23,0.23,125,0,Phoenix Waste Services Comp Inc,0,0,0
20011220,41108,PXWS',OTC,0.23,0.23,300,0,Phoenix Waste Services Comp Inc,0,0,0
20011221,41108,PXWS',OTC,0.23,0.23,250,0,Phoenix Waste Services Comp Inc,0,0,0
20011224,41108,PXWS',OTC,0.23,0.23,0,0,Phoenix Waste Services Comp Inc,0,0,0
20011226,41108,PXWS',OTC,0.23,0.23,150,0,Phoenix Waste Services Comp Inc,0,0,0
20011227,41108,PXWS',OTC,0.23,0.23,180,0,Phoenix Waste Services Comp Inc,0,0,0
20011228,41108,PXWS',OTC,0.24,0.24,1293,0,Phoenix Waste Services Comp Inc,0,0,0
20011231,41108,PXWS',OTC,0.3,0.3,3980,0,Phoenix Waste Services Comp Inc,0,0,0
20020102,41108,PXWS',OTC,0.29,0.29,50,0,Phoenix Waste Services Comp Inc,0,0,0
20020103,41108,PXWS',OTC,0.28,0.28,50,0,Phoenix Waste Services Comp Inc,0,0,0
20020104,41108,PXWS',OTC,0.28,0.28,430,0,Phoenix Waste Services Comp Inc,0,0,0
20020107,41108,PXWS',OTC,0.28,0.28,0,0,Phoenix Waste Services Comp Inc,0,0,0
20020108,41108,PXWS',OTC,0.28,0.28,7575,0,Phoenix Waste Services Comp Inc,0,0,0
20020109,41108,PXWS',OTC,0.28,0.28,315,0,Phoenix Waste Services Comp Inc,0,0,0
20020110,41108,PXWS',OTC,0.27,0.27,301,0,Phoenix Waste Services Comp Inc,0,0,0
20020111,41108,PXWS',OTC,0.27,0.27,0,0,Phoenix Waste Services Comp Inc,0,0,0
20020114,41108,PXWS',OTC,0.26,0.26,8,0,Phoenix Waste Services Comp Inc,0,0,0
20020115,41108,PXWS',OTC,0.25,0.25,174,0,Phoenix Waste Services Comp Inc,0,0,0
20020116,41108,PXWS',OTC,0.25,0.25,100,0,Phoenix Waste Services Comp Inc,0,0,0
20020117,41108,PXWS',OTC,0.25,0.25,0,0,Phoenix Waste Services Comp Inc,0,0,0
20020118,41108,PXWS',OTC,0.24,0.24,400,0,Phoenix Waste Services Comp Inc,0,0,0
20020122,41108,PXWS',OTC,0.25,0.25,40,0,Phoenix Waste Services Comp Inc,0,0,0
20020123,41108,PXWS',OTC,0.25,0.25,0,0,Phoenix Waste Services Comp Inc,0,0,0
20020124,41108,PXWS',OTC,0.24,0.24,928,0,Phoenix Waste Services Comp Inc,0,0,0
20020125,41108,PXWS',OTC,0.24,0.24,710,0,Phoenix Waste Services Comp Inc,0,0,0
20020128,41108,PXWS',OTC,0.21,0.21,844,0,Phoenix Waste Services Comp Inc,0,0,0
20020129,41108,PXWS',OTC,0.22,0.22,520,0,Phoenix Waste Services Comp Inc,0,0,0
20020130,41108,PXWS',OTC,0.22,0.22,100,0,Phoenix Waste Services Comp Inc,0,0,0
20020131,41108,PXWS',OTC,0.23,0.23,1735,0,Phoenix Waste Services Comp Inc,0,0,0
20020201,41108,PXWS',OTC,0.23,0.23,0,0,Phoenix Waste Services Comp Inc,0,0,0
20020204,41108,PXWS',OTC,0.21,0.21,440,0,Phoenix Waste Services Comp Inc,0,0,0
20020205,41108,PXWS',OTC,0.19,0.19,3350,0,Phoenix Waste Services Comp Inc,0,0,0
20020206,41108,PXWS',OTC,0.19,0.19,0,0,Phoenix Waste Services Comp Inc,0,0,0
20020207,41108,PXWS',OTC,0.18,0.18,650,0,Phoenix Waste Services Comp Inc,0,0,0
20020208,41108,PXWS',OTC,0.17,0.17,110,0,Phoenix Waste Services Comp Inc,0,0,0
20020211,41108,PXWS',OTC,0.17,0.17,0,0,Phoenix Waste Services Comp Inc,0,0,0
20020212,41108,PXWS',OTC,0.17,0.17,0,0,Phoenix Waste Services Comp Inc,0,0,0
20020213,41108,PXWS',OTC,0.19,0.19,110,0,Phoenix Waste Services Comp Inc,0,0,0
20020214,41108,PXWS',OTC,0.23,0.23,2324,0,Phoenix Waste Services Comp Inc,0,0,0
20020215,41108,PXWS',OTC,0.22,0.22,300,0,Phoenix Waste Services Comp Inc,0,0,0
20020219,41108,PXWS',OTC,0.22,0.22,146,0,Phoenix Waste Services Comp Inc,0,0,0
20020220,41108,PXWS',OTC,0.23,0.23,1500,0,Phoenix Waste Services Comp Inc,0,0,0
20020221,41108,PXWS',OTC,0.21,0.21,500,0,Phoenix Waste Services Comp Inc,0,0,0
20020222,41108,PXWS',OTC,0.21,0.21,0,0,Phoenix Waste Services Comp Inc,0,0,0
20020225,41108,PXWS',OTC,0.22,0.22,752,0,Phoenix Waste Services Comp Inc,0,0,0
20020226,41108,PXWS',OTC,0.22,0.22,0,0,Phoenix Waste Services Comp Inc,0,0,0
20020227,41108,PXWS',OTC,0.22,0.22,300,0,Phoenix Waste Services Comp Inc,0,0,0
20020228,41108,PXWS',OTC,0.25,0.25,1322,0,Phoenix Waste Services Comp Inc,0,0,0
20020301,41108,PXWS',OTC,0.23,0.23,340,0,Phoenix Waste Services Comp Inc,0,0,0
20020304,41108,PXWS',OTC,0.23,0.23,0,0,Phoenix Waste Services Comp Inc,0,0,0
20020305,41108,PXWS',OTC,0.23,0.23,250,0,Phoenix Waste Services Comp Inc,0,0,0
20020306,41108,PXWS',OTC,0.23,0.23,0,0,Phoenix Waste Services Comp Inc,0,0,0
20020307,41108,PXWS',OTC,0.23,0.23,10,0,Phoenix Waste Services Comp Inc,0,0,0
20020308,41108,PXWS',OTC,0.23,0.23,0,0,Phoenix Waste Services Comp Inc,0,0,0
20020311,41108,PXWS',OTC,0.23,0.23,25,0,Phoenix Waste Services Comp Inc,0,0,0
20020312,41108,PXWS',OTC,0.22,0.22,450,0,Phoenix Waste Services Comp Inc,0,0,0
20020313,41108,PXWS',OTC,0.24,0.24,878,0,Phoenix Waste Services Comp Inc,0,0,0
20020314,41108,PXWS',OTC,0.22,0.22,200,0,Phoenix Waste Services Comp Inc,0,0,0
20020315,41108,PXWS',OTC,0.23,0.23,900,0,Phoenix Waste Services Comp Inc,0,0,0
20020318,41108,PXWS',OTC,0.23,0.23,450,0,Phoenix Waste Services Comp Inc,0,0,0
20020319,41108,PXWS',OTC,0.25,0.25,275,0,Phoenix Waste Services Comp Inc,0,0,0
20020320,41108,PXWS',OTC,0.23,0.23,2615,0,Phoenix Waste Services Comp Inc,0,0,0
20020321,41108,PXWS',OTC,0.23,0.23,0,0,Phoenix Waste Services Comp Inc,0,0,0
20020322,41108,PXWS',OTC,0.23,0.23,1596,0,Phoenix Waste Services Comp Inc,0,0,0
20020325,41108,PXWS',OTC,0.23,0.23,780,0,Phoenix Waste Services Comp Inc,0,0,0
20020326,41108,PXWS',OTC,0.24,0.24,250,0,Phoenix Waste Services Comp Inc,0,0,0
20020327,41108,PXWS',OTC,0.23,0.23,1030,0,Phoenix Waste Services Comp Inc,0,0,0
20020328,41108,PXWS',OTC,0.24,0.24,498,0,Phoenix Waste Services Comp Inc,0,0,0
20020401,41108,PXWS',OTC,0.26,0.26,2403,0,Phoenix Waste Services Comp Inc,0,0,0
20020402,41108,PXWS',OTC,0.25,0.25,571,0,Phoenix Waste Services Comp Inc,0,0,0
20020403,41108,PXWS',OTC,0.24,0.24,175,0,Phoenix Waste Services Comp Inc,0,0,0
20020404,41108,PXWS',OTC,0.24,0.24,180,0,Phoenix Waste Services Comp Inc,0,0,0
20020405,41108,PXWS',OTC,0.24,0.24,1285,0,Phoenix Waste Services Comp Inc,0,0,0
20020408,41108,PXWS',OTC,0.25,0.25,941,0,Phoenix Waste Services Comp Inc,0,0,0
20020409,41108,PXWS',OTC,0.25,0.25,920,0,Phoenix Waste Services Comp Inc,0,0,0
20020410,41108,PXWS',OTC,0.25,0.25,928,0,Phoenix Waste Services Comp Inc,0,0,0
20020411,41108,PXWS',OTC,0.25,0.25,1662,0,Phoenix Waste Services Comp Inc,0,0,0
20020412,41108,PXWS',OTC,0.25,0.25,200,0,Phoenix Waste Services Comp Inc,0,0,0
20020415,41108,PXWS',OTC,0.25,0.25,120,0,Phoenix Waste Services Comp Inc,0,0,0
20020416,41108,PXWS',OTC,0.25,0.25,1310,0,Phoenix Waste Services Comp Inc,0,0,0
20020417,41108,PXWS',OTC,0.25,0.25,750,0,Phoenix Waste Services Comp Inc,0,0,0
20020418,41108,PXWS',OTC,0.24,0.24,868,0,Phoenix Waste Services Comp Inc,0,0,0
20020419,41108,PXWS',OTC,0.25,0.25,3320,0,Phoenix Waste Services Comp Inc,0,0,0
20020422,41108,PXWS',OTC,0.25,0.25,521,0,Phoenix Waste Services Comp Inc,0,0,0
20020423,41108,PXWS',OTC,0.25,0.25,660,0,Phoenix Waste Services Comp Inc,0,0,0
20020424,41108,PXWS',OTC,0.25,0.25,520,0,Phoenix Waste Services Comp Inc,0,0,0
20020425,41108,PXWS',OTC,0.25,0.25,1201,0,Phoenix Waste Services Comp Inc,0,0,0
20020426,41108,PXWS',OTC,0.25,0.25,1300,0,Phoenix Waste Services Comp Inc,0,0,0
20020429,41108,PXWS',OTC,0.25,0.25,617,0,Phoenix Waste Services Comp Inc,0,0,0
20020430,41108,PXWS',OTC,0.28,0.28,2670,0,Phoenix Waste Services Comp Inc,0,0,0
20020501,41108,PXWS',OTC,0.27,0.27,1470,0,Phoenix Waste Services Comp Inc,0,0,0
20020502,41108,PXWS',OTC,0.28,0.28,464,0,Phoenix Waste Services Comp Inc,0,0,0
20020503,41108,PXWS',OTC,0.25,0.25,1610,0,Phoenix Waste Services Comp Inc,0,0,0
20020506,41108,PXWS',OTC,0.24,0.24,1471,0,Phoenix Waste Services Comp Inc,0,0,0
20020507,41108,PXWS',OTC,0.25,0.25,350,0,Phoenix Waste Services Comp Inc,0,0,0
20020508,41108,PXWS',OTC,0.25,0.25,1968,0,Phoenix Waste Services Comp Inc,0,0,0
20020509,41108,PXWS',OTC,0.25,0.25,1090,0,Phoenix Waste Services Comp Inc,0,0,0
20020510,41108,PXWS',OTC,0.25,0.25,748,0,Phoenix Waste Services Comp Inc,0,0,0
20020513,41108,PXWS',OTC,0.24,0.24,2441,0,Phoenix Waste Services Comp Inc,0,0,0
20020514,41108,PXWS',OTC,0.24,0.24,550,0,Phoenix Waste Services Comp Inc,0,0,0
20020515,41108,PXWS',OTC,0.25,0.25,1394,0,Phoenix Waste Services Comp Inc,0,0,0
20020516,41108,PXWS',OTC,0.25,0.25,651,0,Phoenix Waste Services Comp Inc,0,0,0
20020517,41108,PXWS',OTC,0.23,0.23,199,0,Phoenix Waste Services Comp Inc,0,0,0
20020520,41108,PXWS',OTC,0.23,0.23,1130,0,Phoenix Waste Services Comp Inc,0,0,0
20020521,41108,PXWS',OTC,0.22,0.22,250,0,Phoenix Waste Services Comp Inc,0,0,0
20020522,41108,PXWS',OTC,0.22,0.22,0,0,Phoenix Waste Services Comp Inc,0,0,0
20020523,41108,PXWS',OTC,0.22,0.22,210,0,Phoenix Waste Services Comp Inc,0,0,0
20020524,41108,PXWS',OTC,0.22,0.22,349,0,Phoenix Waste Services Comp Inc,0,0,0
20020528,41108,PXWS',OTC,0.2,0.2,920,0,Phoenix Waste Services Comp Inc,0,0,0
20020529,41108,PXWS',OTC,0.17,0.17,2130,0,Phoenix Waste Services Comp Inc,0,0,0
20020530,41108,PXWS',OTC,0.17,0.17,1050,0,Phoenix Waste Services Comp Inc,0,0,0
20020531,41108,PXWS',OTC,0.17,0.17,560,0,Phoenix Waste Services Comp Inc,0,0,0
20020603,41108,PXWS',OTC,0.17,0.17,310,0,Phoenix Waste Services Comp Inc,0,0,0
20020604,41108,PXWS',OTC,0.17,0.17,420,0,Phoenix Waste Services Comp Inc,0,0,0
20020605,41108,PXWS',OTC,0.17,0.17,850,0,Phoenix Waste Services Comp Inc,0,0,0
20020606,41108,PXWS',OTC,0.17,0.17,300,0,Phoenix Waste Services Comp Inc,0,0,0
20020607,41108,PXWS',OTC,0.17,0.17,0,0,Phoenix Waste Services Comp Inc,0,0,0
20020610,41108,PXWS',OTC,0.17,0.17,0,0,Phoenix Waste Services Comp Inc,0,0,0
20020611,41108,PXWS',OTC,0.17,0.17,0,0,Phoenix Waste Services Comp Inc,0,0,0
20020612,41108,PXWS',OTC,0.18,0.18,31,0,Phoenix Waste Services Comp Inc,0,0,0
20020613,41108,PXWS',OTC,0.16,0.16,90,0,Phoenix Waste Services Comp Inc,0,0,0
20020614,41108,PXWS',OTC,0.16,0.16,0,0,Phoenix Waste Services Comp Inc,0,0,0
20020617,41108,PXWS',OTC,0.16,0.16,50,0,Phoenix Waste Services Comp Inc,0,0,0
20020618,41108,PXWS',OTC,0.16,0.16,390,0,Phoenix Waste Services Comp Inc,0,0,0
20020619,41108,PXWS',OTC,0.16,0.16,640,0,Phoenix Waste Services Comp Inc,0,0,0
20020620,41108,PXWS',OTC,0.15,0.15,795,0,Phoenix Waste Services Comp Inc,0,0,0
20020621,41108,PXWS',OTC,0.14,0.14,100,0,Phoenix Waste Services Comp Inc,0,0,0
20020624,41108,PXWS',OTC,0.14,0.14,150,0,Phoenix Waste Services Comp Inc,0,0,0
20020625,41108,PXWS',OTC,0.14,0.14,0,0,Phoenix Waste Services Comp Inc,0,0,0
20020626,41108,PXWS',OTC,0.15,0.15,2110,0,Phoenix Waste Services Comp Inc,0,0,0
20020627,41108,PXWS',OTC,0.15,0.15,52,0,Phoenix Waste Services Comp Inc,0,0,0
20020628,41108,PXWS',OTC,0.13,0.13,600,0,Phoenix Waste Services Comp Inc,0,0,0
20020701,41108,PXWS',OTC,0.1,0.1,195,0,Phoenix Waste Services Comp Inc,0,0,0
20020702,41108,PXWS',OTC,0.1,0.1,0,0,Phoenix Waste Services Comp Inc,0,0,0
20020703,41108,PXWS',OTC,0.1,0.1,205,0,Phoenix Waste Services Comp Inc,0,0,0
20020705,41108,PXWS',OTC,0.1,0.1,0,0,Phoenix Waste Services Comp Inc,0,0,0
20020708,41108,PXWS',OTC,0.09,0.09,1110,0,Phoenix Waste Services Comp Inc,0,0,0
20020709,41108,PXWS',OTC,0.09,0.09,440,0,Phoenix Waste Services Comp Inc,0,0,0
20020710,41108,PXWS',OTC,0.09,0.09,0,0,Phoenix Waste Services Comp Inc,0,0,0
20020711,41108,PXWS',OTC,0.09,0.09,190,0,Phoenix Waste Services Comp Inc,0,0,0
20020712,41108,PXWS',OTC,0.09,0.09,0,0,Phoenix Waste Services Comp Inc,0,0,0
20020715,41108,PXWS',OTC,0.09,0.09,255,0,Phoenix Waste Services Comp Inc,0,0,0
20020716,41108,PXWS',OTC,0.09,0.09,41,0,Phoenix Waste Services Comp Inc,0,0,0
20020717,41108,PXWS',OTC,0.09,0.09,50,0,Phoenix Waste Services Comp Inc,0,0,0
20020718,41108,PXWS',OTC,0.09,0.09,5,0,Phoenix Waste Services Comp Inc,0,0,0
20020719,41108,PXWS',OTC,0.09,0.09,300,0,Phoenix Waste Services Comp Inc,0,0,0
20020722,41108,PXWS',OTC,0.08,0.08,245,0,Phoenix Waste Services Comp Inc,0,0,0
20020723,41108,PXWS',OTC,0.08,0.08,0,0,Phoenix Waste Services Comp Inc,0,0,0
20020724,41108,PXWS',OTC,0.08,0.08,8,0,Phoenix Waste Services Comp Inc,0,0,0
20020725,41108,PXWS',OTC,0.08,0.08,0,0,Phoenix Waste Services Comp Inc,0,0,0
20020726,41108,PXWS',OTC,0.08,0.08,0,0,Phoenix Waste Services Comp Inc,0,0,0
20020729,41108,PXWS',OTC,0.08,0.08,0,0,Phoenix Waste Services Comp Inc,0,0,0
20020730,41108,PXWS',OTC,0.08,0.08,50,0,Phoenix Waste Services Comp Inc,0,0,0
20020731,41108,PXWS',OTC,0.06,0.06,545,0,Phoenix Waste Services Comp Inc,0,0,0
20020801,41108,PXWS',OTC,0.07,0.07,200,0,Phoenix Waste Services Comp Inc,0,0,0
20020802,41108,PXWS',OTC,0.06,0.06,6,0,Phoenix Waste Services Comp Inc,0,0,0
20020805,41108,PXWS',OTC,0.07,0.07,10050,0,Phoenix Waste Services Comp Inc,0,0,0
20020806,41108,PXWS',OTC,0.06,0.06,1350,0,Phoenix Waste Services Comp Inc,0,0,0
20020807,41108,PXWS',OTC,0.07,0.07,150,0,Phoenix Waste Services Comp Inc,0,0,0
20020808,41108,PXWS',OTC,0.06,0.06,400,0,Phoenix Waste Services Comp Inc,0,0,0
20020809,41108,PXWS',OTC,0.06,0.06,100,0,Phoenix Waste Services Comp Inc,0,0,0
20020812,41108,PXWS',OTC,0.06,0.06,4,0,Phoenix Waste Services Comp Inc,0,0,0
20020813,41108,PXWS',OTC,0.06,0.06,0,0,Phoenix Waste Services Comp Inc,0,0,0
20020814,41108,PXWS',OTC,0.06,0.06,0,0,Phoenix Waste Services Comp Inc,0,0,0
20020815,41108,PXWS',OTC,0.07,0.07,48,0,Phoenix Waste Services Comp Inc,0,0,0
20020816,41108,PXWS',OTC,0.08,0.08,60,0,Phoenix Waste Services Comp Inc,0,0,0
20020819,41108,PXWS',OTC,0.06,0.06,760,0,Phoenix Waste Services Comp Inc,0,0,0
20020820,41108,PXWS',OTC,0.06,0.06,1735,0,Phoenix Waste Services Comp Inc,0,0,0
20020821,41108,PXWS',OTC,0.07,0.07,710,0,Phoenix Waste Services Comp Inc,0,0,0
20020822,41108,PXWS',OTC,0.07,0.07,170,0,Phoenix Waste Services Comp Inc,0,0,0
20020823,41108,PXWS',OTC,0.07,0.07,0,0,Phoenix Waste Services Comp Inc,0,0,0
20020826,41108,PXWS',OTC,0.06,0.06,2,0,Phoenix Waste Services Comp Inc,0,0,0
20020827,41108,PXWS',OTC,0.06,0.06,0,0,Phoenix Waste Services Comp Inc,0,0,0
20020828,41108,PXWS',OTC,0.07,0.07,650,0,Phoenix Waste Services Comp Inc,0,0,0
20020829,41108,PXWS',OTC,0.06,0.06,4945,0,Phoenix Waste Services Comp Inc,0,0,0
20020830,41108,PXWS',OTC,0.06,0.06,0,0,Phoenix Waste Services Comp Inc,0,0,0
20020903,41108,PXWS',OTC,0.08,0.08,200,0,Phoenix Waste Services Comp Inc,0,0,0
20020904,41108,PXWS',OTC,0.09,0.09,100,0,Phoenix Waste Services Comp Inc,0,0,0
20020905,41108,PXWS',OTC,0.09,0.09,0,0,Phoenix Waste Services Comp Inc,0,0,0
20020906,41108,PXWS',OTC,0.09,0.09,0,0,Phoenix Waste Services Comp Inc,0,0,0
20020909,41108,PXWS',OTC,0.08,0.08,100,0,Phoenix Waste Services Comp Inc,0,0,0
20020910,41108,PXWS',OTC,0.08,0.08,0,0,Phoenix Waste Services Comp Inc,0,0,0
20020911,41108,PXWS',OTC,0.08,0.08,0,0,Phoenix Waste Services Comp Inc,0,0,0
20020912,41108,PXWS',OTC,0.08,0.08,0,0,Phoenix Waste Services Comp Inc,0,0,0
20020913,41108,PXWS',OTC,0.1,0.1,205,0,Phoenix Waste Services Comp Inc,0,0,0
20020916,41108,PXWS',OTC,0.09,0.09,19,0,Phoenix Waste Services Comp Inc,0,0,0
20020917,41108,PXWS',OTC,0.09,0.09,0,0,Phoenix Waste Services Comp Inc,0,0,0
20020918,41108,PXWS',OTC,0.09,0.09,0,0,Phoenix Waste Services Comp Inc,0,0,0
20020919,41108,PXWS',OTC,0.1,0.1,460,0,Phoenix Waste Services Comp Inc,0,0,0
20020920,41108,PXWS',OTC,0.11,0.11,130,0,Phoenix Waste Services Comp Inc,0,0,0
20020923,41108,PXWS',OTC,0.11,0.11,0,0,Phoenix Waste Services Comp Inc,0,0,0
20020924,41108,PXWS',OTC,0.1,0.1,450,0,Phoenix Waste Services Comp Inc,0,0,0
20020925,41108,PXWS',OTC,0.09,0.09,10,0,Phoenix Waste Services Comp Inc,0,0,0
20020926,41108,PXWS',OTC,0.09,0.09,5,0,Phoenix Waste Services Comp Inc,0,0,0
20020927,41108,PXWS',OTC,0.09,0.09,0,0,Phoenix Waste Services Comp Inc,0,0,0
20020930,41108,PXWS',OTC,0.09,0.09,0,0,Phoenix Waste Services Comp Inc,0,0,0
20021001,41108,PXWS',OTC,0.09,0.09,0,0,Phoenix Waste Services Comp Inc,0,0,0
20021002,41108,PXWS',OTC,0.09,0.09,0,0,Phoenix Waste Services Comp Inc,0,0,0
20021003,41108,PXWS',OTC,0.09,0.09,0,0,Phoenix Waste Services Comp Inc,0,0,0
20021004,41108,PXWS',OTC,0.09,0.09,0,0,Phoenix Waste Services Comp Inc,0,0,0
20021007,41108,PXWS',OTC,0.09,0.09,0,0,Phoenix Waste Services Comp Inc,0,0,0
20021008,41108,PXWS',OTC,0.09,0.09,0,0,Phoenix Waste Services Comp Inc,0,0,0
20021009,41108,PXWS',OTC,0.09,0.09,0,0,Phoenix Waste Services Comp Inc,0,0,0
20021010,41108,PXWS',OTC,0.1,0.1,83,0,Phoenix Waste Services Comp Inc,0,0,0
20021011,41108,PXWS',OTC,0.15,0.15,165,0,Phoenix Waste Services Comp Inc,0,0,0
20021014,41108,PXWS',OTC,0.15,0.15,0,0,Phoenix Waste Services Comp Inc,0,0,0
20021015,41108,PXWS',OTC,0.15,0.15,0,0,Phoenix Waste Services Comp Inc,0,0,0
20021016,41108,PXWS',OTC,0.15,0.15,0,0,Phoenix Waste Services Comp Inc,0,0,0
20021017,41108,PXWS',OTC,0.13,0.13,150,0,Phoenix Waste Services Comp Inc,0,0,0
20021018,41108,PXWS',OTC,0.12,0.12,100,0,Phoenix Waste Services Comp Inc,0,0,0
20021021,41108,PXWS',OTC,0.12,0.12,0,0,Phoenix Waste Services Comp Inc,0,0,0
20021022,41108,PXWS',OTC,0.12,0.12,0,0,Phoenix Waste Services Comp Inc,0,0,0
20021023,41108,PXWS',OTC,0.13,0.13,90,0,Phoenix Waste Services Comp Inc,0,0,0
20021024,41108,PXWS',OTC,0.13,0.13,715,0,Phoenix Waste Services Comp Inc,0,0,0
20021025,41108,PXWS',OTC,0.13,0.13,0,0,Phoenix Waste Services Comp Inc,0,0,0
20021028,41108,PXWS',OTC,0.13,0.13,786,0,Phoenix Waste Services Comp Inc,0,0,0
20021029,41108,PXWS',OTC,0.13,0.13,0,0,Phoenix Waste Services Comp Inc,0,0,0
20021030,41108,PXWS',OTC,0.13,0.13,350,0,Phoenix Waste Services Comp Inc,0,0,0
20021031,41108,PXWS',OTC,0.15,0.15,40,0,Phoenix Waste Services Comp Inc,0,0,0
20021101,41108,PXWS',OTC,0.13,0.13,84,0,Phoenix Waste Services Comp Inc,0,0,0
20021104,41108,PXWS',OTC,0.13,0.13,0,0,Phoenix Waste Services Comp Inc,0,0,0
20021105,41108,PXWS',OTC,0.13,0.13,0,0,Phoenix Waste Services Comp Inc,0,0,0
20021106,41108,PXWS',OTC,0.13,0.13,0,0,Phoenix Waste Services Comp Inc,0,0,0
20021107,41108,PXWS',OTC,0.13,0.13,0,0,Phoenix Waste Services Comp Inc,0,0,0
20021108,41108,PXWS',OTC,0.13,0.13,150,0,Phoenix Waste Services Comp Inc,0,0,0
20021111,41108,PXWS',OTC,0.12,0.12,1,0,Phoenix Waste Services Comp Inc,0,0,0
20021112,41108,PXWS',OTC,0.12,0.12,4,0,Phoenix Waste Services Comp Inc,0,0,0
20021113,41108,PXWS',OTC,0.12,0.12,120,0,Phoenix Waste Services Comp Inc,0,0,0
20021114,41108,PXWS',OTC,0.11,0.11,460,0,Phoenix Waste Services Comp Inc,0,0,0
20021115,41108,PXWS',OTC,0.11,0.11,0,0,Phoenix Waste Services Comp Inc,0,0,0
20021118,41108,PXWS',OTC,0.11,0.11,17,0,Phoenix Waste Services Comp Inc,0,0,0
20021119,41108,PXWS',OTC,0.11,0.11,301,0,Phoenix Waste Services Comp Inc,0,0,0
20021120,41108,PXWS',OTC,0.1,0.1,200,0,Phoenix Waste Services Comp Inc,0,0,0
20021121,41108,PXWS',OTC,0.09,0.09,710,0,Phoenix Waste Services Comp Inc,0,0,0
20021122,41108,PXWS',OTC,0.09,0.09,0,0,Phoenix Waste Services Comp Inc,0,0,0
20021125,41108,PXWS',OTC,0.09,0.09,20,0,Phoenix Waste Services Comp Inc,0,0,0
20021126,41108,PXWS',OTC,0.09,0.09,0,0,Phoenix Waste Services Comp Inc,0,0,0
20021127,41108,PXWS',OTC,0.09,0.09,0,0,Phoenix Waste Services Comp Inc,0,0,0
20021129,41108,PXWS',OTC,0.1,0.1,100,0,Phoenix Waste Services Comp Inc,0,0,0
20021202,41108,PXWS',OTC,0.1,0.1,0,0,Phoenix Waste Services Comp Inc,0,0,0
20021203,41108,PXWS',OTC,0.1,0.1,0,0,Phoenix Waste Services Comp Inc,0,0,0
20021204,41108,PXWS',OTC,0.1,0.1,0,0,Phoenix Waste Services Comp Inc,0,0,0
20021205,41108,PXWS',OTC,0.1,0.1,0,0,Phoenix Waste Services Comp Inc,0,0,0
20021206,41108,PXWS',OTC,0.1,0.1,0,0,Phoenix Waste Services Comp Inc,0,0,0
20021209,41108,PXWS',OTC,0.09,0.09,15,0,Phoenix Waste Services Comp Inc,0,0,0
20021210,41108,PXWS',OTC,0.09,0.09,3,0,Phoenix Waste Services Comp Inc,0,0,0
20021211,41108,PXWS',OTC,0.09,0.09,1250,0,Phoenix Waste Services Comp Inc,0,0,0
20021212,41108,PXWS',OTC,0.08,0.08,141,0,Phoenix Waste Services Comp Inc,0,0,0
20021213,41108,PXWS',OTC,0.07,0.07,900,0,Phoenix Waste Services Comp Inc,0,0,0
20021216,41108,PXWS',OTC,0.07,0.07,527,0,Phoenix Waste Services Comp Inc,0,0,0
20021217,41108,PXWS',OTC,0.07,0.07,3500,0,Phoenix Waste Services Comp Inc,0,0,0
20021218,41108,PXWS',OTC,0.06,0.06,9945,0,Phoenix Waste Services Comp Inc,0,0,0
20021219,41108,PXWS',OTC,0.06,0.06,10,0,Phoenix Waste Services Comp Inc,0,0,0
20021220,41108,PXWS',OTC,0.07,0.07,630,0,Phoenix Waste Services Comp Inc,0,0,0
20021223,41108,PXWS',OTC,0.07,0.07,875,0,Phoenix Waste Services Comp Inc,0,0,0
20021224,41108,PXWS',OTC,0.08,0.08,300,0,Phoenix Waste Services Comp Inc,0,0,0
20021226,41108,PXWS',OTC,0.08,0.08,1700,0,Phoenix Waste Services Comp Inc,0,0,0
20021227,41108,PXWS',OTC,0.07,0.07,657,0,Phoenix Waste Services Comp Inc,0,0,0
20021230,41108,PXWS',OTC,0.06,0.06,3020,0,Phoenix Waste Services Comp Inc,0,0,0
20021231,41108,PXWS',OTC,0.08,0.08,6102,0,Phoenix Waste Services Comp Inc,0,0,0
20030102,41108,PXWS',OTC,0.09,0.09,5,0,Phoenix Waste Services Comp Inc,0,0,0
20030103,41108,PXWS',OTC,0.08,0.08,3000,0,Phoenix Waste Services Comp Inc,0,0,0
20030106,41108,PXWS',OTC,0.07,0.07,1050,0,Phoenix Waste Services Comp Inc,0,0,0
20030107,41108,PXWS',OTC,0.08,0.08,595,0,Phoenix Waste Services Comp Inc,0,0,0
20030108,41108,PXWS',OTC,0.08,0.08,0,0,Phoenix Waste Services Comp Inc,0,0,0
20030109,41108,PXWS',OTC,0.08,0.08,0,0,Phoenix Waste Services Comp Inc,0,0,0
20030110,41108,PXWS',OTC,0.08,0.08,3,0,Phoenix Waste Services Comp Inc,0,0,0
20030113,41108,PXWS',OTC,0.08,0.08,0,0,Phoenix Waste Services Comp Inc,0,0,0
20030114,41108,PXWS',OTC,0.07,0.07,200,0,Phoenix Waste Services Comp Inc,0,0,0
20030115,41108,PXWS',OTC,0.07,0.07,0,0,Phoenix Waste Services Comp Inc,0,0,0
20030116,41108,PXWS',OTC,0.07,0.07,0,0,Phoenix Waste Services Comp Inc,0,0,0
20030117,41108,PXWS',OTC,0.08,0.08,1900,0,Phoenix Waste Services Comp Inc,0,0,0
20030121,41108,PXWS',OTC,0.08,0.08,3900,0,Phoenix Waste Services Comp Inc,0,0,0
20030122,41108,PXWS',OTC,0.08,0.08,0,0,Phoenix Waste Services Comp Inc,0,0,0
20030123,41108,PXWS',OTC,0.06,0.06,10,0,Phoenix Waste Services Comp Inc,0,0,0
20030124,41108,PXWS',OTC,0.06,0.06,0,0,Phoenix Waste Services Comp Inc,0,0,0
20030127,41108,PXWS',OTC,0.06,0.06,0,0,Phoenix Waste Services Comp Inc,0,0,0
20030128,41108,PXWS',OTC,0.06,0.06,319,0,Phoenix Waste Services Comp Inc,0,0,0
20030129,41108,PXWS',OTC,0.06,0.06,0,0,Phoenix Waste Services Comp Inc,0,0,0
20030130,41108,PXWS',OTC,0.08,0.08,158,0,Phoenix Waste Services Comp Inc,0,0,0
20030131,41108,PXWS',OTC,0.07,0.07,410,0,Phoenix Waste Services Comp Inc,0,0,0
20030203,41108,PXWS',OTC,0.07,0.07,2,0,Phoenix Waste Services Comp Inc,0,0,0
20030204,41108,PXWS',OTC,0.07,0.07,215,0,Phoenix Waste Services Comp Inc,0,0,0
20030205,41108,PXWS',OTC,0.07,0.07,0,0,Phoenix Waste Services Comp Inc,0,0,0
20030206,41108,PXWS',OTC,0.06,0.06,560,0,Phoenix Waste Services Comp Inc,0,0,0
20030207,41108,PXWS',OTC,0.06,0.06,0,0,Phoenix Waste Services Comp Inc,0,0,0
20030210,41108,PXWS',OTC,0.06,0.06,0,0,Phoenix Waste Services Comp Inc,0,0,0
20030211,41108,PXWS',OTC,0.06,0.06,50,0,Phoenix Waste Services Comp Inc,0,0,0
20030212,41108,PXWS',OTC,0.07,0.07,850,0,Phoenix Waste Services Comp Inc,0,0,0
20030213,41108,PXWS',OTC,0.08,0.08,12278,0,Phoenix Waste Services Comp Inc,0,0,0
20030214,41108,PXWS',OTC,0.08,0.08,0,0,Phoenix Waste Services Comp Inc,0,0,0
20030218,41108,PXWS',OTC,0.08,0.08,7100,0,Phoenix Waste Services Comp Inc,0,0,0
20030219,41108,PXWS',OTC,0.07,0.07,25,0,Phoenix Waste Services Comp Inc,0,0,0
20030220,41108,PXWS',OTC,0.07,0.07,376,0,Phoenix Waste Services Comp Inc,0,0,0
20030221,41108,PXWS',OTC,0.07,0.07,350,0,Phoenix Waste Services Comp Inc,0,0,0
20030224,41108,PXWS',OTC,0.06,0.06,844,0,Phoenix Waste Services Comp Inc,0,0,0
20030225,41108,PXWS',OTC,0.06,0.06,0,0,Phoenix Waste Services Comp Inc,0,0,0
20030226,41108,PXWS',OTC,0.06,0.06,0,0,Phoenix Waste Services Comp Inc,0,0,0
20030227,41108,PXWS',OTC,0.06,0.06,0,0,Phoenix Waste Services Comp Inc,0,0,0
20030228,41108,PXWS',OTC,0.06,0.06,0,0,Phoenix Waste Services Comp Inc,0,0,0
20030303,41108,PXWS',OTC,0.06,0.06,409,0,Phoenix Waste Services Comp Inc,0,0,0
20030304,41108,PXWS',OTC,0.05,0.05,200,0,Phoenix Waste Services Comp Inc,0,0,0
20030305,41108,PXWS',OTC,0.05,0.05,0,0,Phoenix Waste Services Comp Inc,0,0,0
20030306,41108,PXWS',OTC,0.06,0.06,18,0,Phoenix Waste Services Comp Inc,0,0,0
20030307,41108,PXWS',OTC,0.06,0.06,0,0,Phoenix Waste Services Comp Inc,0,0,0
20030310,41108,PXWS',OTC,0.06,0.06,0,0,Phoenix Waste Services Comp Inc,0,0,0
20030311,41108,PXWS',OTC,0.06,0.06,0,0,Phoenix Waste Services Comp Inc,0,0,0
20030312,41108,PXWS',OTC,0.06,0.06,0,0,Phoenix Waste Services Comp Inc,0,0,0
20030313,41108,PXWS',OTC,0.05,0.05,500,0,Phoenix Waste Services Comp Inc,0,0,0
20030314,41108,PXWS',OTC,0.05,0.05,300,0,Phoenix Waste Services Comp Inc,0,0,0
20030317,41108,PXWS',OTC,0.05,0.05,380,0,Phoenix Waste Services Comp Inc,0,0,0
20030318,41108,PXWS',OTC,0.05,0.05,182,0,Phoenix Waste Services Comp Inc,0,0,0
20030319,41108,PXWS',OTC,0.05,0.05,0,0,Phoenix Waste Services Comp Inc,0,0,0
20030320,41108,PXWS',OTC,0.05,0.05,150,0,Phoenix Waste Services Comp Inc,0,0,0
20030321,41108,PXWS',OTC,0.05,0.05,60,0,Phoenix Waste Services Comp Inc,0,0,0
20030324,41108,PXWS',OTC,0.05,0.05,5,0,Phoenix Waste Services Comp Inc,0,0,0
20030325,41108,PXWS',OTC,0.05,0.05,425,0,Phoenix Waste Services Comp Inc,0,0,0
20030326,41108,PXWS',OTC,0.05,0.05,0,0,Phoenix Waste Services Comp Inc,0,0,0
20030327,41108,PXWS',OTC,0.05,0.05,5,0,Phoenix Waste Services Comp Inc,0,0,0
20030328,41108,PXWS',OTC,0.05,0.05,0,0,Phoenix Waste Services Comp Inc,0,0,0
20030331,41108,PXWS',OTC,0.05,0.05,300,0,Phoenix Waste Services Comp Inc,0,0,0
20030401,41108,PXWS',OTC,0.05,0.05,102,0,Phoenix Waste Services Comp Inc,0,0,0
20030402,41108,PXWS',OTC,0.05,0.05,51,0,Phoenix Waste Services Comp Inc,0,0,0
20030403,41108,PXWS',OTC,0.05,0.05,0,0,Phoenix Waste Services Comp Inc,0,0,0
20030404,41108,PXWS',OTC,0.05,0.05,0,0,Phoenix Waste Services Comp Inc,0,0,0
20030407,41108,PXWS',OTC,0.05,0.05,30,0,Phoenix Waste Services Comp Inc,0,0,0
20030408,41108,PXWS',OTC,0.05,0.05,100,0,Phoenix Waste Services Comp Inc,0,0,0
20030409,41108,PXWS',OTC,0.05,0.05,0,0,Phoenix Waste Services Comp Inc,0,0,0
20030410,41108,PXWS',OTC,0.05,0.05,0,0,Phoenix Waste Services Comp Inc,0,0,0
20030411,41108,PXWS',OTC,0.05,0.05,3,0,Phoenix Waste Services Comp Inc,0,0,0
20030414,41108,PXWS',OTC,0.05,0.05,0,0,Phoenix Waste Services Comp Inc,0,0,0
20030415,41108,PXWS',OTC,0.05,0.05,0,0,Phoenix Waste Services Comp Inc,0,0,0
20030416,41108,PXWS',OTC,0.05,0.05,0,0,Phoenix Waste Services Comp Inc,0,0,0
20030417,41108,PXWS',OTC,0.05,0.05,250,0,Phoenix Waste Services Comp Inc,0,0,0
20030421,41108,PXWS',OTC,0.05,0.05,50,0,Phoenix Waste Services Comp Inc,0,0,0
20030422,41108,PXWS',OTC,0.05,0.05,0,0,Phoenix Waste Services Comp Inc,0,0,0
20030423,41108,PXWS',OTC,0.05,0.05,1000,0,Phoenix Waste Services Comp Inc,0,0,0
20030424,41108,PXWS',OTC,0.05,0.05,0,0,Phoenix Waste Services Comp Inc,0,0,0
20030425,41108,PXWS',OTC,0.05,0.05,0,0,Phoenix Waste Services Comp Inc,0,0,0
20030428,41108,PXWS',OTC,0.04,0.04,5,0,Phoenix Waste Services Comp Inc,0,0,0
20030429,41108,PXWS',OTC,0.04,0.04,1450,0,Phoenix Waste Services Comp Inc,0,0,0
20030430,41108,PXWS',OTC,0.04,0.04,4550,0,Phoenix Waste Services Comp Inc,0,0,0
20030501,41108,PXWS',OTC,0.03,0.03,4600,0,Phoenix Waste Services Comp Inc,0,0,0
20030502,41108,PXWS',OTC,0.02,0.02,450,0,Phoenix Waste Services Comp Inc,0,0,0
20030505,41108,PXWS',OTC,0.01,0.01,1900,0,Phoenix Waste Services Comp Inc,0,0,0
20030506,41108,PXWS',OTC,0.01,0.01,0,0,Phoenix Waste Services Comp Inc,0,0,0
20030507,41108,PXWS',OTC,0.01,0.01,1500,0,Phoenix Waste Services Comp Inc,0,0,0
20030508,41108,PXWS',OTC,0.01,0.01,0,0,Phoenix Waste Services Comp Inc,0,0,0
20030509,41108,PXWS',OTC,0.01,0.01,0,0,Phoenix Waste Services Comp Inc,0,0,0
20030512,41108,PXWS',OTC,0.01,0.01,0,0,Phoenix Waste Services Comp Inc,0,0,0
20030513,41108,PXWS',OTC,0.01,0.01,1000,0,Phoenix Waste Services Comp Inc,0,0,0
20030514,41108,PXWS',OTC,0.01,0.01,0,0,Phoenix Waste Services Comp Inc,0,0,0
20030515,41108,PXWS',OTC,0.01,0.01,800,0,Phoenix Waste Services Comp Inc,0,0,0
20030516,41108,PXWS',OTC,0.01,0.01,0,0,Phoenix Waste Services Comp Inc,0,0,0
20030519,41108,PXWS',OTC,0.01,0.01,0,0,Phoenix Waste Services Comp Inc,0,0,0
20030520,41108,PXWS',OTC,0.01,0.01,0,0,Phoenix Waste Services Comp Inc,0,0,0
20030521,41108,PXWS',OTC,0.01,0.01,10,0,Phoenix Waste Services Comp Inc,0,0,0
20030522,41108,PXWS',OTC,0.01,0.01,383,0,Phoenix Waste Services Comp Inc,0,0,0
20030523,41108,PXWS',OTC,0.01,0.01,8002,0,Phoenix Waste Services Comp Inc,0,0,0
20030527,41108,PXWS',OTC,0.01,0.01,0,0,Phoenix Waste Services Comp Inc,0,0,0
20030528,41108,PXWS',OTC,0.01,0.01,3270,0,Phoenix Waste Services Comp Inc,0,0,0
