DDate,CSINumber,Symbol,Exchange,DClose,UnAdjustedClose,TotalVolume,Cash,MarketName,PTB,PSR,DPS
19990706,41192,HECOP',OTC,7.836944745,8.5,11,0,Hallwood Energy Corporation Pf A,0,0,0
19990707,41192,HECOP',OTC,7.836944745,8.5,0,0,Hallwood Energy Corporation Pf A,0,0,0
19990708,41192,HECOP',OTC,7.491197183,8.125,22,0,Hallwood Energy Corporation Pf A,0,0,0
19990709,41192,HECOP',OTC,7.952193933,8.625,150,0,Hallwood Energy Corporation Pf A,0,0,0
19990712,41192,HECOP',OTC,7.952193933,8.625,11,0,Hallwood Energy Corporation Pf A,0,0,0
19990713,41192,HECOP',OTC,7.836944745,8.5,138,0,Hallwood Energy Corporation Pf A,0,0,0
19990714,41192,HECOP',OTC,7.721695558,8.375,106,0,Hallwood Energy Corporation Pf A,0,0,0
19990715,41192,HECOP',OTC,7.894569339,8.5625,51,0,Hallwood Energy Corporation Pf A,0,0,0
19990716,41192,HECOP',OTC,8.413190683,9.125,11,0,Hallwood Energy Corporation Pf A,0,0,0
19990719,41192,HECOP',OTC,8.413190683,9.125,0,0,Hallwood Energy Corporation Pf A,0,0,0
19990720,41192,HECOP',OTC,7.779320152,8.4375,25,0,Hallwood Energy Corporation Pf A,0,0,0
19990721,41192,HECOP',OTC,7.836944745,8.5,16,0,Hallwood Energy Corporation Pf A,0,0,0
19990722,41192,HECOP',OTC,7.836944745,8.5,0,0,Hallwood Energy Corporation Pf A,0,0,0
19990723,41192,HECOP',OTC,7.779320152,8.4375,11,0,Hallwood Energy Corporation Pf A,0,0,0
19990726,41192,HECOP',OTC,7.779320152,8.4375,0,0,Hallwood Energy Corporation Pf A,0,0,0
19990727,41192,HECOP',OTC,8.06744312,8.75,77,0,Hallwood Energy Corporation Pf A,0,0,0
19990728,41192,HECOP',OTC,7.836944745,8.5,54,0,Hallwood Energy Corporation Pf A,0,0,0
19990729,41192,HECOP',OTC,8.06744312,8.75,330,0,Hallwood Energy Corporation Pf A,0,0,0
19990730,41192,HECOP',OTC,8.06744312,8.75,8,0,Hallwood Energy Corporation Pf A,0,0,0
19990802,41192,HECOP',OTC,7.952193933,8.625,1,0,Hallwood Energy Corporation Pf A,0,0,0
19990803,41192,HECOP',OTC,7.952193933,8.625,11,0,Hallwood Energy Corporation Pf A,0,0,0
19990804,41192,HECOP',OTC,7.952193933,8.625,26,0,Hallwood Energy Corporation Pf A,0,0,0
19990805,41192,HECOP',OTC,7.606446371,8.25,118,0,Hallwood Energy Corporation Pf A,0,0,0
19990806,41192,HECOP',OTC,8.06744312,8.75,27,0,Hallwood Energy Corporation Pf A,0,0,0
19990809,41192,HECOP',OTC,8.06744312,8.75,24,0,Hallwood Energy Corporation Pf A,0,0,0
19990810,41192,HECOP',OTC,7.836944745,8.5,66,0,Hallwood Energy Corporation Pf A,0,0,0
19990811,41192,HECOP',OTC,7.836944745,8.5,152,0,Hallwood Energy Corporation Pf A,0,0,0
19990812,41192,HECOP',OTC,7.836944745,8.5,0,0,Hallwood Energy Corporation Pf A,0,0,0
19990813,41192,HECOP',OTC,8.06744312,8.75,55,0,Hallwood Energy Corporation Pf A,0,0,0
19990816,41192,HECOP',OTC,8.06744312,8.75,3,0,Hallwood Energy Corporation Pf A,0,0,0
19990817,41192,HECOP',OTC,8.06744312,8.75,0,0,Hallwood Energy Corporation Pf A,0,0,0
19990818,41192,HECOP',OTC,8.06744312,8.75,70,0,Hallwood Energy Corporation Pf A,0,0,0
19990819,41192,HECOP',OTC,7.952193933,8.625,54,0,Hallwood Energy Corporation Pf A,0,0,0
19990820,41192,HECOP',OTC,7.952193933,8.625,18,0,Hallwood Energy Corporation Pf A,0,0,0
19990823,41192,HECOP',OTC,7.721695558,8.375,16,0,Hallwood Energy Corporation Pf A,0,0,0
19990824,41192,HECOP',OTC,7.721695558,8.375,105,0,Hallwood Energy Corporation Pf A,0,0,0
19990825,41192,HECOP',OTC,8.06744312,8.75,136,0,Hallwood Energy Corporation Pf A,0,0,0
19990826,41192,HECOP',OTC,8.06744312,8.75,269,0,Hallwood Energy Corporation Pf A,0,0,0
19990827,41192,HECOP',OTC,8.06744312,8.75,59,0,Hallwood Energy Corporation Pf A,0,0,0
19990830,41192,HECOP',OTC,8.06744312,8.75,0,0,Hallwood Energy Corporation Pf A,0,0,0
19990831,41192,HECOP',OTC,7.779320152,8.4375,36,0,Hallwood Energy Corporation Pf A,0,0,0
19990901,41192,HECOP',OTC,7.894569339,8.5625,17,0,Hallwood Energy Corporation Pf A,0,0,0
19990902,41192,HECOP',OTC,7.952193933,8.625,11,0,Hallwood Energy Corporation Pf A,0,0,0
19990903,41192,HECOP',OTC,7.779320152,8.4375,3,0,Hallwood Energy Corporation Pf A,0,0,0
19990907,41192,HECOP',OTC,7.779320152,8.4375,56,0,Hallwood Energy Corporation Pf A,0,0,0
19990908,41192,HECOP',OTC,7.779320152,8.4375,80,0,Hallwood Energy Corporation Pf A,0,0,0
19990909,41192,HECOP',OTC,8.06744312,8.75,4,0,Hallwood Energy Corporation Pf A,0,0,0
19990910,41192,HECOP',OTC,8.06744312,8.75,49,0,Hallwood Energy Corporation Pf A,0,0,0
19990913,41192,HECOP',OTC,7.894569339,8.5625,12,0,Hallwood Energy Corporation Pf A,0,0,0
19990914,41192,HECOP',OTC,8.06744312,8.75,42,0,Hallwood Energy Corporation Pf A,0,0,0
19990915,41192,HECOP',OTC,8.06744312,8.75,100,0,Hallwood Energy Corporation Pf A,0,0,0
19990916,41192,HECOP',OTC,7.894569339,8.5625,10,0,Hallwood Energy Corporation Pf A,0,0,0
19990917,41192,HECOP',OTC,7.952193933,8.625,26,0,Hallwood Energy Corporation Pf A,0,0,0
19990920,41192,HECOP',OTC,7.952193933,8.625,16,0,Hallwood Energy Corporation Pf A,0,0,0
19990921,41192,HECOP',OTC,7.952193933,8.625,2,0,Hallwood Energy Corporation Pf A,0,0,0
19990922,41192,HECOP',OTC,7.952193933,8.625,0,0,Hallwood Energy Corporation Pf A,0,0,0
19990923,41192,HECOP',OTC,7.952193933,8.625,662,0,Hallwood Energy Corporation Pf A,0,0,0
19990924,41192,HECOP',OTC,8.182692308,8.875,207,0,Hallwood Energy Corporation Pf A,0,0,0
19990927,41192,HECOP',OTC,8.182692308,8.875,156,0,Hallwood Energy Corporation Pf A,0,0,0
19990928,41192,HECOP',OTC,7.952193933,8.625,24,0,Hallwood Energy Corporation Pf A,0,0,0
19990929,41192,HECOP',OTC,7.606446371,8.25,67,0,Hallwood Energy Corporation Pf A,0,0,0
19990930,41192,HECOP',OTC,7.664070964,8.3125,110,0,Hallwood Energy Corporation Pf A,0,0,0
19991001,41192,HECOP',OTC,7.664070964,8.3125,11,0,Hallwood Energy Corporation Pf A,0,0,0
19991004,41192,HECOP',OTC,7.664070964,8.3125,0,0,Hallwood Energy Corporation Pf A,0,0,0
19991005,41192,HECOP',OTC,7.375947996,8,139,0,Hallwood Energy Corporation Pf A,0,0,0
19991006,41192,HECOP',OTC,7.606446371,8.25,78,0,Hallwood Energy Corporation Pf A,0,0,0
19991007,41192,HECOP',OTC,7.375947996,8,86,0,Hallwood Energy Corporation Pf A,0,0,0
19991008,41192,HECOP',OTC,7.375947996,8,0,0,Hallwood Energy Corporation Pf A,0,0,0
19991011,41192,HECOP',OTC,7.721695558,8.375,2,0,Hallwood Energy Corporation Pf A,0,0,0
19991012,41192,HECOP',OTC,7.260698808,7.875,164,0,Hallwood Energy Corporation Pf A,0,0,0
19991013,41192,HECOP',OTC,7.375947996,8,57,0,Hallwood Energy Corporation Pf A,0,0,0
19991014,41192,HECOP',OTC,7.375947996,8,0,0,Hallwood Energy Corporation Pf A,0,0,0
19991015,41192,HECOP',OTC,7.491197183,8.125,29,0,Hallwood Energy Corporation Pf A,0,0,0
19991018,41192,HECOP',OTC,7.721695558,8.375,21,0,Hallwood Energy Corporation Pf A,0,0,0
19991019,41192,HECOP',OTC,7.375947996,8,16,0,Hallwood Energy Corporation Pf A,0,0,0
19991020,41192,HECOP',OTC,7.664070964,8.3125,15,0,Hallwood Energy Corporation Pf A,0,0,0
19991021,41192,HECOP',OTC,7.433572589,8.0625,103,0,Hallwood Energy Corporation Pf A,0,0,0
19991022,41192,HECOP',OTC,7.433572589,8.0625,29,0,Hallwood Energy Corporation Pf A,0,0,0
19991025,41192,HECOP',OTC,7.836944745,8.5,73,0,Hallwood Energy Corporation Pf A,0,0,0
19991026,41192,HECOP',OTC,7.606446371,8.25,90,0,Hallwood Energy Corporation Pf A,0,0,0
19991027,41192,HECOP',OTC,7.491197183,8.125,42,0,Hallwood Energy Corporation Pf A,0,0,0
19991028,41192,HECOP',OTC,7.433572589,8.0625,46,0,Hallwood Energy Corporation Pf A,0,0,0
19991029,41192,HECOP',OTC,7.721695558,8.375,247,0,Hallwood Energy Corporation Pf A,0,0,0
19991101,41192,HECOP',OTC,7.664070964,8.3125,14,0,Hallwood Energy Corporation Pf A,0,0,0
19991102,41192,HECOP',OTC,7.433572589,8.0625,11,0,Hallwood Energy Corporation Pf A,0,0,0
19991103,41192,HECOP',OTC,7.433572589,8.0625,0,0,Hallwood Energy Corporation Pf A,0,0,0
19991104,41192,HECOP',OTC,7.375947996,8,55,0,Hallwood Energy Corporation Pf A,0,0,0
19991105,41192,HECOP',OTC,7.260698808,7.875,22,0,Hallwood Energy Corporation Pf A,0,0,0
19991108,41192,HECOP',OTC,7.491197183,8.125,15,0,Hallwood Energy Corporation Pf A,0,0,0
19991109,41192,HECOP',OTC,7.491197183,8.125,46,0,Hallwood Energy Corporation Pf A,0,0,0
19991110,41192,HECOP',OTC,7.260698808,7.875,35,0,Hallwood Energy Corporation Pf A,0,0,0
19991111,41192,HECOP',OTC,7.260698808,7.875,36,0,Hallwood Energy Corporation Pf A,0,0,0
19991112,41192,HECOP',OTC,7.260698808,7.875,130,0,Hallwood Energy Corporation Pf A,0,0,0
19991115,41192,HECOP',OTC,7.260698808,7.875,26,0,Hallwood Energy Corporation Pf A,0,0,0
19991116,41192,HECOP',OTC,7.260698808,7.875,24,0,Hallwood Energy Corporation Pf A,0,0,0
19991117,41192,HECOP',OTC,7.606446371,8.25,59,0,Hallwood Energy Corporation Pf A,0,0,0
19991118,41192,HECOP',OTC,7.606446371,8.25,153,0,Hallwood Energy Corporation Pf A,0,0,0
19991119,41192,HECOP',OTC,7.260698808,7.875,7,0,Hallwood Energy Corporation Pf A,0,0,0
19991122,41192,HECOP',OTC,7.260698808,7.875,0,0,Hallwood Energy Corporation Pf A,0,0,0
19991123,41192,HECOP',OTC,7.491197183,8.125,100,0,Hallwood Energy Corporation Pf A,0,0,0
19991124,41192,HECOP',OTC,7.375947996,8,17,0,Hallwood Energy Corporation Pf A,0,0,0
19991126,41192,HECOP',OTC,7.606446371,8.25,18,0,Hallwood Energy Corporation Pf A,0,0,0
19991129,41192,HECOP',OTC,7.491197183,8.125,61,0,Hallwood Energy Corporation Pf A,0,0,0
19991130,41192,HECOP',OTC,7.606446371,8.25,28,0,Hallwood Energy Corporation Pf A,0,0,0
19991201,41192,HECOP',OTC,7.375947996,8,68,0,Hallwood Energy Corporation Pf A,0,0,0
19991202,41192,HECOP',OTC,7.375947996,8,35,0,Hallwood Energy Corporation Pf A,0,0,0
19991203,41192,HECOP',OTC,7.375947996,8,22,0,Hallwood Energy Corporation Pf A,0,0,0
19991206,41192,HECOP',OTC,7.375947996,8,20,0,Hallwood Energy Corporation Pf A,0,0,0
19991207,41192,HECOP',OTC,7.375947996,8,0,0,Hallwood Energy Corporation Pf A,0,0,0
19991208,41192,HECOP',OTC,7.260698808,7.875,7,0,Hallwood Energy Corporation Pf A,0,0,0
19991209,41192,HECOP',OTC,7.491197183,8.125,17,0,Hallwood Energy Corporation Pf A,0,0,0
19991210,41192,HECOP',OTC,7.260698808,7.875,79,0,Hallwood Energy Corporation Pf A,0,0,0
19991213,41192,HECOP',OTC,6.914951246,7.5,192,0,Hallwood Energy Corporation Pf A,0,0,0
19991214,41192,HECOP',OTC,7.260698808,7.875,92,0,Hallwood Energy Corporation Pf A,0,0,0
19991215,41192,HECOP',OTC,7.260698808,7.875,9,0,Hallwood Energy Corporation Pf A,0,0,0
19991216,41192,HECOP',OTC,6.914951246,7.5,54,0,Hallwood Energy Corporation Pf A,0,0,0
19991217,41192,HECOP',OTC,7.260698808,7.875,30,0,Hallwood Energy Corporation Pf A,0,0,0
19991220,41192,HECOP',OTC,7.145449621,7.75,60,0,Hallwood Energy Corporation Pf A,0,0,0
19991221,41192,HECOP',OTC,7.030200433,7.625,49,0,Hallwood Energy Corporation Pf A,0,0,0
19991222,41192,HECOP',OTC,7.145449621,7.75,14,0,Hallwood Energy Corporation Pf A,0,0,0
19991223,41192,HECOP',OTC,7.260698808,7.875,243,0,Hallwood Energy Corporation Pf A,0,0,0
19991227,41192,HECOP',OTC,7.203074215,7.8125,13,0,Hallwood Energy Corporation Pf A,0,0,0
19991228,41192,HECOP',OTC,7.260698808,7.875,44,0,Hallwood Energy Corporation Pf A,0,0,0
19991229,41192,HECOP',OTC,7.260698808,7.875,88,0,Hallwood Energy Corporation Pf A,0,0,0
19991230,41192,HECOP',OTC,7.145449621,7.75,112,0,Hallwood Energy Corporation Pf A,0,0,0
19991231,41192,HECOP',OTC,7.145449621,7.75,55,0,Hallwood Energy Corporation Pf A,0,0,0
20000103,41192,HECOP',OTC,7.145449621,7.75,56,0,Hallwood Energy Corporation Pf A,0,0,0
20000104,41192,HECOP',OTC,7.145449621,7.75,0,0,Hallwood Energy Corporation Pf A,0,0,0
20000105,41192,HECOP',OTC,6.914951246,7.5,35,0,Hallwood Energy Corporation Pf A,0,0,0
20000106,41192,HECOP',OTC,6.914951246,7.5,15,0,Hallwood Energy Corporation Pf A,0,0,0
20000107,41192,HECOP',OTC,6.914951246,7.5,68,0,Hallwood Energy Corporation Pf A,0,0,0
20000110,41192,HECOP',OTC,6.97257584,7.5625,12,0,Hallwood Energy Corporation Pf A,0,0,0
20000111,41192,HECOP',OTC,6.914951246,7.5,130,0,Hallwood Energy Corporation Pf A,0,0,0
20000112,41192,HECOP',OTC,7.030200433,7.625,7,0,Hallwood Energy Corporation Pf A,0,0,0
20000113,41192,HECOP',OTC,6.857326652,7.4375,70,0,Hallwood Energy Corporation Pf A,0,0,0
20000114,41192,HECOP',OTC,6.857326652,7.4375,38,0,Hallwood Energy Corporation Pf A,0,0,0
20000118,41192,HECOP',OTC,6.857326652,7.4375,89,0,Hallwood Energy Corporation Pf A,0,0,0
20000119,41192,HECOP',OTC,6.569203684,7.125,529,0,Hallwood Energy Corporation Pf A,0,0,0
20000120,41192,HECOP',OTC,6.799702059,7.375,115,0,Hallwood Energy Corporation Pf A,0,0,0
20000121,41192,HECOP',OTC,6.684452871,7.25,27,0,Hallwood Energy Corporation Pf A,0,0,0
20000124,41192,HECOP',OTC,6.540391387,7.09375,21,0,Hallwood Energy Corporation Pf A,0,0,0
20000125,41192,HECOP',OTC,6.540391387,7.09375,41,0,Hallwood Energy Corporation Pf A,0,0,0
20000126,41192,HECOP',OTC,6.540391387,7.09375,129,0,Hallwood Energy Corporation Pf A,0,0,0
20000127,41192,HECOP',OTC,6.281080715,6.8125,163,0,Hallwood Energy Corporation Pf A,0,0,0
20000128,41192,HECOP',OTC,6.684452871,7.25,11,0,Hallwood Energy Corporation Pf A,0,0,0
20000131,41192,HECOP',OTC,6.684452871,7.25,33,0,Hallwood Energy Corporation Pf A,0,0,0
20000201,41192,HECOP',OTC,6.367517606,6.90625,50,0,Hallwood Energy Corporation Pf A,0,0,0
20000202,41192,HECOP',OTC,6.569203684,7.125,22,0,Hallwood Energy Corporation Pf A,0,0,0
20000203,41192,HECOP',OTC,6.569203684,7.125,14,0,Hallwood Energy Corporation Pf A,0,0,0
20000204,41192,HECOP',OTC,6.396329902,6.9375,70,0,Hallwood Energy Corporation Pf A,0,0,0
20000207,41192,HECOP',OTC,6.569203684,7.125,50,0,Hallwood Energy Corporation Pf A,0,0,0
20000208,41192,HECOP',OTC,6.569203684,7.125,82,0,Hallwood Energy Corporation Pf A,0,0,0
20000209,41192,HECOP',OTC,6.569203684,7.125,52,0,Hallwood Energy Corporation Pf A,0,0,0
20000210,41192,HECOP',OTC,6.396329902,6.9375,112,0,Hallwood Energy Corporation Pf A,0,0,0
20000211,41192,HECOP',OTC,6.108206934,6.625,37,0,Hallwood Energy Corporation Pf A,0,0,0
20000214,41192,HECOP',OTC,6.223456121,6.75,8,0,Hallwood Energy Corporation Pf A,0,0,0
20000215,41192,HECOP',OTC,6.453954496,7,27,0,Hallwood Energy Corporation Pf A,0,0,0
20000216,41192,HECOP',OTC,6.569203684,7.125,16,0,Hallwood Energy Corporation Pf A,0,0,0
20000217,41192,HECOP',OTC,6.569203684,7.125,25,0,Hallwood Energy Corporation Pf A,0,0,0
20000218,41192,HECOP',OTC,6.453954496,7,69,0,Hallwood Energy Corporation Pf A,0,0,0
20000222,41192,HECOP',OTC,6.453954496,7,36,0,Hallwood Energy Corporation Pf A,0,0,0
20000223,41192,HECOP',OTC,6.569203684,7.125,4,0,Hallwood Energy Corporation Pf A,0,0,0
20000224,41192,HECOP',OTC,5.992957746,6.5,215,0,Hallwood Energy Corporation Pf A,0,0,0
20000225,41192,HECOP',OTC,6.281080715,6.8125,291,0,Hallwood Energy Corporation Pf A,0,0,0
20000228,41192,HECOP',OTC,6.223456121,6.75,43,0,Hallwood Energy Corporation Pf A,0,0,0
20000229,41192,HECOP',OTC,6.223456121,6.75,22,0,Hallwood Energy Corporation Pf A,0,0,0
20000301,41192,HECOP',OTC,6.223456121,6.75,17,0,Hallwood Energy Corporation Pf A,0,0,0
20000302,41192,HECOP',OTC,6.338705309,6.875,60,0,Hallwood Energy Corporation Pf A,0,0,0
20000303,41192,HECOP',OTC,6.338705309,6.875,268,0,Hallwood Energy Corporation Pf A,0,0,0
20000306,41192,HECOP',OTC,6.453954496,7,84,0,Hallwood Energy Corporation Pf A,0,0,0
20000307,41192,HECOP',OTC,6.453954496,7,38,0,Hallwood Energy Corporation Pf A,0,0,0
20000308,41192,HECOP',OTC,6.223456121,6.75,8,0,Hallwood Energy Corporation Pf A,0,0,0
20000309,41192,HECOP',OTC,6.223456121,6.75,84,0,Hallwood Energy Corporation Pf A,0,0,0
20000310,41192,HECOP',OTC,6.223456121,6.75,1,0,Hallwood Energy Corporation Pf A,0,0,0
20000313,41192,HECOP',OTC,6.453954496,7,17,0,Hallwood Energy Corporation Pf A,0,0,0
20000314,41192,HECOP',OTC,6.569203684,7.125,191,0,Hallwood Energy Corporation Pf A,0,0,0
20000315,41192,HECOP',OTC,6.223456121,6.75,44,0,Hallwood Energy Corporation Pf A,0,0,0
20000316,41192,HECOP',OTC,6.684452871,7.25,196,0,Hallwood Energy Corporation Pf A,0,0,0
20000317,41192,HECOP',OTC,6.799702059,7.375,33,0,Hallwood Energy Corporation Pf A,0,0,0
20000320,41192,HECOP',OTC,6.799702059,7.375,0,0,Hallwood Energy Corporation Pf A,0,0,0
20000321,41192,HECOP',OTC,6.569203684,7.125,30,0,Hallwood Energy Corporation Pf A,0,0,0
20000322,41192,HECOP',OTC,6.626828277,7.1875,176,0,Hallwood Energy Corporation Pf A,0,0,0
20000323,41192,HECOP',OTC,6.626828277,7.1875,15,0,Hallwood Energy Corporation Pf A,0,0,0
20000324,41192,HECOP',OTC,6.684452871,7.25,11,0,Hallwood Energy Corporation Pf A,0,0,0
20000327,41192,HECOP',OTC,6.684452871,7.25,17,0,Hallwood Energy Corporation Pf A,0,0,0
20000328,41192,HECOP',OTC,6.569203684,7.125,68,0,Hallwood Energy Corporation Pf A,0,0,0
20000329,41192,HECOP',OTC,6.684452871,7.25,162,0,Hallwood Energy Corporation Pf A,0,0,0
20000330,41192,HECOP',OTC,6.684452871,7.25,0,0,Hallwood Energy Corporation Pf A,0,0,0
20000331,41192,HECOP',OTC,6.684452871,7.25,152,0,Hallwood Energy Corporation Pf A,0,0,0
20000403,41192,HECOP',OTC,6.914951246,7.5,67,0,Hallwood Energy Corporation Pf A,0,0,0
20000404,41192,HECOP',OTC,6.569203684,7.125,60,0,Hallwood Energy Corporation Pf A,0,0,0
20000405,41192,HECOP',OTC,6.569203684,7.125,14,0,Hallwood Energy Corporation Pf A,0,0,0
20000406,41192,HECOP',OTC,6.569203684,7.125,22,0,Hallwood Energy Corporation Pf A,0,0,0
20000407,41192,HECOP',OTC,6.684452871,7.25,73,0,Hallwood Energy Corporation Pf A,0,0,0
20000410,41192,HECOP',OTC,6.914951246,7.5,79,0,Hallwood Energy Corporation Pf A,0,0,0
20000411,41192,HECOP',OTC,7.203074215,7.8125,124,0,Hallwood Energy Corporation Pf A,0,0,0
20000412,41192,HECOP',OTC,7.145449621,7.75,22,0,Hallwood Energy Corporation Pf A,0,0,0
20000413,41192,HECOP',OTC,7.260698808,7.875,99,0,Hallwood Energy Corporation Pf A,0,0,0
20000414,41192,HECOP',OTC,7.145449621,7.75,8,0,Hallwood Energy Corporation Pf A,0,0,0
20000417,41192,HECOP',OTC,7.260698808,7.875,12,0,Hallwood Energy Corporation Pf A,0,0,0
20000418,41192,HECOP',OTC,7.145449621,7.75,51,0,Hallwood Energy Corporation Pf A,0,0,0
20000419,41192,HECOP',OTC,7.145449621,7.75,13,0,Hallwood Energy Corporation Pf A,0,0,0
20000420,41192,HECOP',OTC,7.203074215,7.8125,17,0,Hallwood Energy Corporation Pf A,0,0,0
20000424,41192,HECOP',OTC,7.174261918,7.78125,2,0,Hallwood Energy Corporation Pf A,0,0,0
20000425,41192,HECOP',OTC,7.203074215,7.8125,38,0,Hallwood Energy Corporation Pf A,0,0,0
20000426,41192,HECOP',OTC,7.203074215,7.8125,35,0,Hallwood Energy Corporation Pf A,0,0,0
20000427,41192,HECOP',OTC,7.260698808,7.875,4,0,Hallwood Energy Corporation Pf A,0,0,0
20000428,41192,HECOP',OTC,7.203074215,7.8125,11,0,Hallwood Energy Corporation Pf A,0,0,0
20000501,41192,HECOP',OTC,7.260698808,7.875,8,0,Hallwood Energy Corporation Pf A,0,0,0
20000502,41192,HECOP',OTC,7.087825027,7.6875,74,0,Hallwood Energy Corporation Pf A,0,0,0
20000503,41192,HECOP',OTC,7.087825027,7.6875,16,0,Hallwood Energy Corporation Pf A,0,0,0
20000504,41192,HECOP',OTC,7.087825027,7.6875,2,0,Hallwood Energy Corporation Pf A,0,0,0
20000505,41192,HECOP',OTC,7.030200433,7.625,67,0,Hallwood Energy Corporation Pf A,0,0,0
20000508,41192,HECOP',OTC,7.030200433,7.625,4,0,Hallwood Energy Corporation Pf A,0,0,0
20000509,41192,HECOP',OTC,7.260698808,7.875,11,0,Hallwood Energy Corporation Pf A,0,0,0
20000510,41192,HECOP',OTC,7.375947996,8,62,0,Hallwood Energy Corporation Pf A,0,0,0
20000511,41192,HECOP',OTC,7.375947996,8,11,0,Hallwood Energy Corporation Pf A,0,0,0
20000512,41192,HECOP',OTC,7.318323402,7.9375,37,0,Hallwood Energy Corporation Pf A,0,0,0
20000515,41192,HECOP',OTC,7.318323402,7.9375,105,0,Hallwood Energy Corporation Pf A,0,0,0
20000516,41192,HECOP',OTC,7.318323402,7.9375,14,0,Hallwood Energy Corporation Pf A,0,0,0
20000517,41192,HECOP',OTC,7.318323402,7.9375,30,0,Hallwood Energy Corporation Pf A,0,0,0
20000518,41192,HECOP',OTC,7.375947996,8,86,0,Hallwood Energy Corporation Pf A,0,0,0
20000519,41192,HECOP',OTC,7.347135699,7.96875,47,0,Hallwood Energy Corporation Pf A,0,0,0
20000522,41192,HECOP',OTC,7.203074215,7.8125,66,0,Hallwood Energy Corporation Pf A,0,0,0
20000523,41192,HECOP',OTC,7.375947996,8,64,0,Hallwood Energy Corporation Pf A,0,0,0
20000524,41192,HECOP',OTC,7.375947996,8,20,0,Hallwood Energy Corporation Pf A,0,0,0
20000525,41192,HECOP',OTC,7.375947996,8,121,0,Hallwood Energy Corporation Pf A,0,0,0
20000526,41192,HECOP',OTC,7.260698808,7.875,53,0,Hallwood Energy Corporation Pf A,0,0,0
20000530,41192,HECOP',OTC,7.318323402,7.9375,62,0,Hallwood Energy Corporation Pf A,0,0,0
20000531,41192,HECOP',OTC,7.260698808,7.875,25,0,Hallwood Energy Corporation Pf A,0,0,0
20000601,41192,HECOP',OTC,7.203074215,7.8125,131,0,Hallwood Energy Corporation Pf A,0,0,0
20000602,41192,HECOP',OTC,7.260698808,7.875,24,0,Hallwood Energy Corporation Pf A,0,0,0
20000605,41192,HECOP',OTC,7.203074215,7.8125,47,0,Hallwood Energy Corporation Pf A,0,0,0
20000606,41192,HECOP',OTC,7.087825027,7.6875,346,0,Hallwood Energy Corporation Pf A,0,0,0
20000607,41192,HECOP',OTC,7.030200433,7.625,151,0,Hallwood Energy Corporation Pf A,0,0,0
20000608,41192,HECOP',OTC,6.886138949,7.46875,164,0,Hallwood Energy Corporation Pf A,0,0,0
20000609,41192,HECOP',OTC,7.203074215,7.8125,111,0,Hallwood Energy Corporation Pf A,0,0,0
20000612,41192,HECOP',OTC,7.203074215,7.8125,75,0,Hallwood Energy Corporation Pf A,0,0,0
20000613,41192,HECOP',OTC,6.97257584,7.5625,37,0,Hallwood Energy Corporation Pf A,0,0,0
20000614,41192,HECOP',OTC,7.145449621,7.75,28,0,Hallwood Energy Corporation Pf A,0,0,0
20000615,41192,HECOP',OTC,7.260698808,7.875,13,0,Hallwood Energy Corporation Pf A,0,0,0
20000616,41192,HECOP',OTC,7.318323402,7.9375,115,0,Hallwood Energy Corporation Pf A,0,0,0
20000619,41192,HECOP',OTC,7.260698808,7.875,95,0,Hallwood Energy Corporation Pf A,0,0,0
20000620,41192,HECOP',OTC,7.318323402,7.9375,103,0,Hallwood Energy Corporation Pf A,0,0,0
20000621,41192,HECOP',OTC,7.318323402,7.9375,34,0,Hallwood Energy Corporation Pf A,0,0,0
20000622,41192,HECOP',OTC,6.943763543,7.53125,197,0,Hallwood Energy Corporation Pf A,0,0,0
20000623,41192,HECOP',OTC,7.145449621,7.75,136,0,Hallwood Energy Corporation Pf A,0,0,0
20000626,41192,HECOP',OTC,7.087825027,7.6875,176,0,Hallwood Energy Corporation Pf A,0,0,0
20000627,41192,HECOP',OTC,7.260698808,7.875,17,0,Hallwood Energy Corporation Pf A,0,0,0
20000628,41192,HECOP',OTC,6.97257584,7.5625,98,0,Hallwood Energy Corporation Pf A,0,0,0
20000629,41192,HECOP',OTC,7.145449621,7.75,73,0,Hallwood Energy Corporation Pf A,0,0,0
20000630,41192,HECOP',OTC,7.145449621,7.75,145,0,Hallwood Energy Corporation Pf A,0,0,0
20000703,41192,HECOP',OTC,7.145449621,7.75,0,0,Hallwood Energy Corporation Pf A,0,0,0
20000705,41192,HECOP',OTC,7.145449621,7.75,2,0,Hallwood Energy Corporation Pf A,0,0,0
20000706,41192,HECOP',OTC,6.97257584,7.5625,75,0,Hallwood Energy Corporation Pf A,0,0,0
20000707,41192,HECOP',OTC,6.97257584,7.5625,1,0,Hallwood Energy Corporation Pf A,0,0,0
20000710,41192,HECOP',OTC,7.203074215,7.8125,66,0,Hallwood Energy Corporation Pf A,0,0,0
20000711,41192,HECOP',OTC,7.375947996,8,70,0,Hallwood Energy Corporation Pf A,0,0,0
20000712,41192,HECOP',OTC,7.231886511,7.84375,7,0,Hallwood Energy Corporation Pf A,0,0,0
20000713,41192,HECOP',OTC,7.318323402,7.9375,77,0,Hallwood Energy Corporation Pf A,0,0,0
20000714,41192,HECOP',OTC,7.231886511,7.84375,7,0,Hallwood Energy Corporation Pf A,0,0,0
20000717,41192,HECOP',OTC,7.318323402,7.9375,8,0,Hallwood Energy Corporation Pf A,0,0,0
20000718,41192,HECOP',OTC,7.318323402,7.9375,12,0,Hallwood Energy Corporation Pf A,0,0,0
20000719,41192,HECOP',OTC,7.260698808,7.875,68,0,Hallwood Energy Corporation Pf A,0,0,0
20000720,41192,HECOP',OTC,7.260698808,7.875,13,0,Hallwood Energy Corporation Pf A,0,0,0
20000721,41192,HECOP',OTC,7.260698808,7.875,0,0,Hallwood Energy Corporation Pf A,0,0,0
20000724,41192,HECOP',OTC,7.347135699,7.96875,14,0,Hallwood Energy Corporation Pf A,0,0,0
20000725,41192,HECOP',OTC,7.347135699,7.96875,0,0,Hallwood Energy Corporation Pf A,0,0,0
20000726,41192,HECOP',OTC,7.347135699,7.96875,0,0,Hallwood Energy Corporation Pf A,0,0,0
20000727,41192,HECOP',OTC,7.347135699,7.96875,73,0,Hallwood Energy Corporation Pf A,0,0,0
20000728,41192,HECOP',OTC,7.491197183,8.125,194,0,Hallwood Energy Corporation Pf A,0,0,0
20000731,41192,HECOP',OTC,7.606446371,8.25,2,0,Hallwood Energy Corporation Pf A,0,0,0
20000801,41192,HECOP',OTC,7.606446371,8.25,0,0,Hallwood Energy Corporation Pf A,0,0,0
20000802,41192,HECOP',OTC,7.375947996,8,8,0,Hallwood Energy Corporation Pf A,0,0,0
20000803,41192,HECOP',OTC,7.375947996,8,0,0,Hallwood Energy Corporation Pf A,0,0,0
20000804,41192,HECOP',OTC,7.375947996,8,5,0,Hallwood Energy Corporation Pf A,0,0,0
20000807,41192,HECOP',OTC,7.433572589,8.0625,129,0,Hallwood Energy Corporation Pf A,0,0,0
20000808,41192,HECOP',OTC,7.836944745,8.5,226,0,Hallwood Energy Corporation Pf A,0,0,0
20000809,41192,HECOP',OTC,7.836944745,8.5,39,0,Hallwood Energy Corporation Pf A,0,0,0
20000810,41192,HECOP',OTC,7.836944745,8.5,44,0,Hallwood Energy Corporation Pf A,0,0,0
20000811,41192,HECOP',OTC,7.952193933,8.625,114,0,Hallwood Energy Corporation Pf A,0,0,0
20000814,41192,HECOP',OTC,7.721695558,8.375,21,0,Hallwood Energy Corporation Pf A,0,0,0
20000815,41192,HECOP',OTC,7.779320152,8.4375,42,0,Hallwood Energy Corporation Pf A,0,0,0
20000816,41192,HECOP',OTC,7.721695558,8.375,54,0,Hallwood Energy Corporation Pf A,0,0,0
20000817,41192,HECOP',OTC,7.894569339,8.5625,60,0,Hallwood Energy Corporation Pf A,0,0,0
20000818,41192,HECOP',OTC,8.182692308,8.875,37,0,Hallwood Energy Corporation Pf A,0,0,0
20000821,41192,HECOP',OTC,7.952193933,8.625,1,0,Hallwood Energy Corporation Pf A,0,0,0
20000822,41192,HECOP',OTC,7.952193933,8.625,5,0,Hallwood Energy Corporation Pf A,0,0,0
20000823,41192,HECOP',OTC,7.952193933,8.625,27,0,Hallwood Energy Corporation Pf A,0,0,0
20000824,41192,HECOP',OTC,8.182692308,8.875,9,0,Hallwood Energy Corporation Pf A,0,0,0
20000825,41192,HECOP',OTC,8.182692308,8.875,52,0,Hallwood Energy Corporation Pf A,0,0,0
20000828,41192,HECOP',OTC,8.182692308,8.875,0,0,Hallwood Energy Corporation Pf A,0,0,0
20000829,41192,HECOP',OTC,8.182692308,8.875,11,0,Hallwood Energy Corporation Pf A,0,0,0
20000830,41192,HECOP',OTC,8.182692308,8.875,44,0,Hallwood Energy Corporation Pf A,0,0,0
20000831,41192,HECOP',OTC,8.182692308,8.875,7,0,Hallwood Energy Corporation Pf A,0,0,0
20000901,41192,HECOP',OTC,7.98100623,8.65625,14,0,Hallwood Energy Corporation Pf A,0,0,0
20000905,41192,HECOP',OTC,7.98100623,8.65625,0,0,Hallwood Energy Corporation Pf A,0,0,0
20000906,41192,HECOP',OTC,7.952193933,8.625,54,0,Hallwood Energy Corporation Pf A,0,0,0
20000907,41192,HECOP',OTC,8.240316901,8.9375,27,0,Hallwood Energy Corporation Pf A,0,0,0
20000908,41192,HECOP',OTC,8.240316901,8.9375,1,0,Hallwood Energy Corporation Pf A,0,0,0
20000911,41192,HECOP',OTC,8.182692308,8.875,111,0,Hallwood Energy Corporation Pf A,0,0,0
20000912,41192,HECOP',OTC,8.182692308,8.875,21,0,Hallwood Energy Corporation Pf A,0,0,0
20000913,41192,HECOP',OTC,8.297941495,9,152,0,Hallwood Energy Corporation Pf A,0,0,0
20000914,41192,HECOP',OTC,8.182692308,8.875,24,0,Hallwood Energy Corporation Pf A,0,0,0
20000915,41192,HECOP',OTC,8.297941495,9,44,0,Hallwood Energy Corporation Pf A,0,0,0
20000918,41192,HECOP',OTC,8.355566089,9.0625,12,0,Hallwood Energy Corporation Pf A,0,0,0
20000919,41192,HECOP',OTC,8.470815276,9.1875,70,0,Hallwood Energy Corporation Pf A,0,0,0
20000920,41192,HECOP',OTC,8.297941495,9,184,0,Hallwood Energy Corporation Pf A,0,0,0
20000921,41192,HECOP',OTC,8.182692308,8.875,87,0,Hallwood Energy Corporation Pf A,0,0,0
20000922,41192,HECOP',OTC,8.643689057,9.375,255,0,Hallwood Energy Corporation Pf A,0,0,0
20000925,41192,HECOP',OTC,8.06744312,8.75,76,0,Hallwood Energy Corporation Pf A,0,0,0
20000926,41192,HECOP',OTC,8.182692308,8.875,35,0,Hallwood Energy Corporation Pf A,0,0,0
20000927,41192,HECOP',OTC,8.182692308,8.625,14,0,Hallwood Energy Corporation Pf A,0,0,0
20000928,41192,HECOP',OTC,8.301282051,8.75,5,0,Hallwood Energy Corporation Pf A,0,0,0
20000929,41192,HECOP',OTC,8.301282051,8.75,16,0,Hallwood Energy Corporation Pf A,0,0,0
20001002,41192,HECOP',OTC,8.74599359,9.21875,52,0,Hallwood Energy Corporation Pf A,0,0,0
20001003,41192,HECOP',OTC,8.716346154,9.1875,20,0,Hallwood Energy Corporation Pf A,0,0,0
20001004,41192,HECOP',OTC,8.538461538,9,21,0,Hallwood Energy Corporation Pf A,0,0,0
20001005,41192,HECOP',OTC,8.538461538,9,0,0,Hallwood Energy Corporation Pf A,0,0,0
20001006,41192,HECOP',OTC,8.538461538,9,0,0,Hallwood Energy Corporation Pf A,0,0,0
20001009,41192,HECOP',OTC,8.538461538,9,0,0,Hallwood Energy Corporation Pf A,0,0,0
20001010,41192,HECOP',OTC,8.479166667,8.9375,38,0,Hallwood Energy Corporation Pf A,0,0,0
20001011,41192,HECOP',OTC,8.59775641,9.0625,77,0,Hallwood Energy Corporation Pf A,0,0,0
20001012,41192,HECOP',OTC,8.479166667,8.9375,81,0,Hallwood Energy Corporation Pf A,0,0,0
20001013,41192,HECOP',OTC,8.538461538,9,227,0,Hallwood Energy Corporation Pf A,0,0,0
20001016,41192,HECOP',OTC,8.538461538,9,26,0,Hallwood Energy Corporation Pf A,0,0,0
20001017,41192,HECOP',OTC,8.657051282,9.125,77,0,Hallwood Energy Corporation Pf A,0,0,0
20001018,41192,HECOP',OTC,8.301282051,8.75,90,0,Hallwood Energy Corporation Pf A,0,0,0
20001019,41192,HECOP',OTC,8.59775641,9.0625,30,0,Hallwood Energy Corporation Pf A,0,0,0
20001020,41192,HECOP',OTC,8.538461538,9,1,0,Hallwood Energy Corporation Pf A,0,0,0
20001023,41192,HECOP',OTC,8.627403846,9.09375,7,0,Hallwood Energy Corporation Pf A,0,0,0
20001024,41192,HECOP',OTC,8.479166667,8.9375,77,0,Hallwood Energy Corporation Pf A,0,0,0
20001025,41192,HECOP',OTC,8.538461538,9,84,0,Hallwood Energy Corporation Pf A,0,0,0
20001026,41192,HECOP',OTC,8.657051282,9.125,22,0,Hallwood Energy Corporation Pf A,0,0,0
20001027,41192,HECOP',OTC,8.538461538,9,225,0,Hallwood Energy Corporation Pf A,0,0,0
20001030,41192,HECOP',OTC,8.479166667,8.9375,61,0,Hallwood Energy Corporation Pf A,0,0,0
20001031,41192,HECOP',OTC,8.657051282,9.125,191,0,Hallwood Energy Corporation Pf A,0,0,0
20001101,41192,HECOP',OTC,8.657051282,9.125,32,0,Hallwood Energy Corporation Pf A,0,0,0
20001102,41192,HECOP',OTC,8.657051282,9.125,190,0,Hallwood Energy Corporation Pf A,0,0,0
20001103,41192,HECOP',OTC,8.657051282,9.125,130,0,Hallwood Energy Corporation Pf A,0,0,0
20001106,41192,HECOP',OTC,8.686698718,9.15625,183,0,Hallwood Energy Corporation Pf A,0,0,0
20001107,41192,HECOP',OTC,8.657051282,9.125,47,0,Hallwood Energy Corporation Pf A,0,0,0
20001108,41192,HECOP',OTC,8.538461538,9,53,0,Hallwood Energy Corporation Pf A,0,0,0
20001109,41192,HECOP',OTC,8.775641026,9.25,243,0,Hallwood Energy Corporation Pf A,0,0,0
20001110,41192,HECOP',OTC,8.775641026,9.25,97,0,Hallwood Energy Corporation Pf A,0,0,0
20001113,41192,HECOP',OTC,8.657051282,9.125,260,0,Hallwood Energy Corporation Pf A,0,0,0
20001114,41192,HECOP',OTC,8.775641026,9.25,19,0,Hallwood Energy Corporation Pf A,0,0,0
20001115,41192,HECOP',OTC,8.775641026,9.25,292,0,Hallwood Energy Corporation Pf A,0,0,0
20001116,41192,HECOP',OTC,8.775641026,9.25,204,0,Hallwood Energy Corporation Pf A,0,0,0
20001117,41192,HECOP',OTC,8.657051282,9.125,78,0,Hallwood Energy Corporation Pf A,0,0,0
20001120,41192,HECOP',OTC,8.775641026,9.25,55,0,Hallwood Energy Corporation Pf A,0,0,0
20001121,41192,HECOP',OTC,8.657051282,9.125,190,0,Hallwood Energy Corporation Pf A,0,0,0
20001122,41192,HECOP',OTC,8.775641026,9.25,256,0,Hallwood Energy Corporation Pf A,0,0,0
20001124,41192,HECOP',OTC,8.834935897,9.3125,23,0,Hallwood Energy Corporation Pf A,0,0,0
20001127,41192,HECOP',OTC,8.834935897,9.3125,0,0,Hallwood Energy Corporation Pf A,0,0,0
20001128,41192,HECOP',OTC,8.834935897,9.3125,105,0,Hallwood Energy Corporation Pf A,0,0,0
20001129,41192,HECOP',OTC,8.834935897,9.3125,0,0,Hallwood Energy Corporation Pf A,0,0,0
20001130,41192,HECOP',OTC,8.834935897,9.3125,111,0,Hallwood Energy Corporation Pf A,0,0,0
20001201,41192,HECOP',OTC,8.834935897,9.3125,3,0,Hallwood Energy Corporation Pf A,0,0,0
20001204,41192,HECOP',OTC,8.775641026,9.25,12,0,Hallwood Energy Corporation Pf A,0,0,0
20001205,41192,HECOP',OTC,8.657051282,9.125,74,0,Hallwood Energy Corporation Pf A,0,0,0
20001206,41192,HECOP',OTC,8.657051282,9.125,0,0,Hallwood Energy Corporation Pf A,0,0,0
20001207,41192,HECOP',OTC,8.657051282,9.125,40,0,Hallwood Energy Corporation Pf A,0,0,0
20001208,41192,HECOP',OTC,8.834935897,9.3125,18,0,Hallwood Energy Corporation Pf A,0,0,0
20001211,41192,HECOP',OTC,9.072115385,9.5625,23,0,Hallwood Energy Corporation Pf A,0,0,0
20001212,41192,HECOP',OTC,8.657051282,9.125,91,0,Hallwood Energy Corporation Pf A,0,0,0
20001213,41192,HECOP',OTC,8.716346154,9.1875,140,0,Hallwood Energy Corporation Pf A,0,0,0
20001214,41192,HECOP',OTC,8.894230769,9.375,43,0,Hallwood Energy Corporation Pf A,0,0,0
20001215,41192,HECOP',OTC,9.25,9.75,2,0,Hallwood Energy Corporation Pf A,0,0,0
20001218,41192,HECOP',OTC,8.894230769,9.375,19,0,Hallwood Energy Corporation Pf A,0,0,0
20001219,41192,HECOP',OTC,8.657051282,9.125,53,0,Hallwood Energy Corporation Pf A,0,0,0
20001220,41192,HECOP',OTC,9.012820513,9.5,52,0,Hallwood Energy Corporation Pf A,0,0,0
20001221,41192,HECOP',OTC,9.012820513,9.5,149,0,Hallwood Energy Corporation Pf A,0,0,0
20001222,41192,HECOP',OTC,9.012820513,9.5,17,0,Hallwood Energy Corporation Pf A,0,0,0
20001226,41192,HECOP',OTC,9.012820513,9.5,290,0,Hallwood Energy Corporation Pf A,0,0,0
20001227,41192,HECOP',OTC,9.012820513,9.25,10,0,Hallwood Energy Corporation Pf A,0,0,0
20001228,41192,HECOP',OTC,9.195512821,9.4375,70,0,Hallwood Energy Corporation Pf A,0,0,0
20001229,41192,HECOP',OTC,9.378205128,9.625,317,0,Hallwood Energy Corporation Pf A,0,0,0
20010102,41192,HECOP',OTC,9.317307692,9.5625,129,0,Hallwood Energy Corporation Pf A,0,0,0
20010103,41192,HECOP',OTC,9.378205128,9.625,47,0,Hallwood Energy Corporation Pf A,0,0,0
20010104,41192,HECOP',OTC,9.195512821,9.4375,67,0,Hallwood Energy Corporation Pf A,0,0,0
20010105,41192,HECOP',OTC,9.195512821,9.4375,50,0,Hallwood Energy Corporation Pf A,0,0,0
20010108,41192,HECOP',OTC,9.195512821,9.4375,59,0,Hallwood Energy Corporation Pf A,0,0,0
20010109,41192,HECOP',OTC,9.195512821,9.4375,4,0,Hallwood Energy Corporation Pf A,0,0,0
20010110,41192,HECOP',OTC,9.378205128,9.625,94,0,Hallwood Energy Corporation Pf A,0,0,0
20010111,41192,HECOP',OTC,9.378205128,9.625,17,0,Hallwood Energy Corporation Pf A,0,0,0
20010112,41192,HECOP',OTC,9.378205128,9.625,0,0,Hallwood Energy Corporation Pf A,0,0,0
20010116,41192,HECOP',OTC,9.378205128,9.625,0,0,Hallwood Energy Corporation Pf A,0,0,0
20010117,41192,HECOP',OTC,9.560897436,9.8125,46,0,Hallwood Energy Corporation Pf A,0,0,0
20010118,41192,HECOP',OTC,9.378205128,9.625,28,0,Hallwood Energy Corporation Pf A,0,0,0
20010119,41192,HECOP',OTC,9.378205128,9.625,1,0,Hallwood Energy Corporation Pf A,0,0,0
20010122,41192,HECOP',OTC,9.378205128,9.625,55,0,Hallwood Energy Corporation Pf A,0,0,0
20010123,41192,HECOP',OTC,9.378205128,9.625,121,0,Hallwood Energy Corporation Pf A,0,0,0
20010124,41192,HECOP',OTC,9.5,9.75,36,0,Hallwood Energy Corporation Pf A,0,0,0
20010125,41192,HECOP',OTC,9.378205128,9.625,56,0,Hallwood Energy Corporation Pf A,0,0,0
20010126,41192,HECOP',OTC,9.378205128,9.625,130,0,Hallwood Energy Corporation Pf A,0,0,0
20010129,41192,HECOP',OTC,9.5,9.75,194,0,Hallwood Energy Corporation Pf A,0,0,0
20010130,41192,HECOP',OTC,9.5,9.75,48,0,Hallwood Energy Corporation Pf A,0,0,0
20010131,41192,HECOP',OTC,9.5,9.75,128,0,Hallwood Energy Corporation Pf A,0,0,0
20010201,41192,HECOP',OTC,9.5,9.75,255,0,Hallwood Energy Corporation Pf A,0,0,0
20010202,41192,HECOP',OTC,9.5,9.75,0,0,Hallwood Energy Corporation Pf A,0,0,0
20010205,41192,HECOP',OTC,9.378205128,9.625,105,0,Hallwood Energy Corporation Pf A,0,0,0
20010206,41192,HECOP',OTC,9.5,9.75,144,0,Hallwood Energy Corporation Pf A,0,0,0
20010207,41192,HECOP',OTC,9.439102564,9.6875,109,0,Hallwood Energy Corporation Pf A,0,0,0
20010208,41192,HECOP',OTC,9.439102564,9.6875,7,0,Hallwood Energy Corporation Pf A,0,0,0
20010209,41192,HECOP',OTC,9.317307692,9.5625,55,0,Hallwood Energy Corporation Pf A,0,0,0
20010212,41192,HECOP',OTC,9.439102564,9.6875,70,0,Hallwood Energy Corporation Pf A,0,0,0
20010213,41192,HECOP',OTC,9.439102564,9.6875,29,0,Hallwood Energy Corporation Pf A,0,0,0
20010214,41192,HECOP',OTC,9.378205128,9.625,177,0,Hallwood Energy Corporation Pf A,0,0,0
20010215,41192,HECOP',OTC,9.378205128,9.625,8,0,Hallwood Energy Corporation Pf A,0,0,0
20010216,41192,HECOP',OTC,9.378205128,9.625,36,0,Hallwood Energy Corporation Pf A,0,0,0
20010220,41192,HECOP',OTC,9.378205128,9.625,61,0,Hallwood Energy Corporation Pf A,0,0,0
20010221,41192,HECOP',OTC,9.439102564,9.6875,43,0,Hallwood Energy Corporation Pf A,0,0,0
20010222,41192,HECOP',OTC,9.317307692,9.5625,6,0,Hallwood Energy Corporation Pf A,0,0,0
20010223,41192,HECOP',OTC,9.378205128,9.625,63,0,Hallwood Energy Corporation Pf A,0,0,0
20010226,41192,HECOP',OTC,9.378205128,9.625,33,0,Hallwood Energy Corporation Pf A,0,0,0
20010227,41192,HECOP',OTC,9.317307692,9.5625,43,0,Hallwood Energy Corporation Pf A,0,0,0
20010228,41192,HECOP',OTC,9.5,9.75,77,0,Hallwood Energy Corporation Pf A,0,0,0
20010301,41192,HECOP',OTC,9.560897436,9.8125,26,0,Hallwood Energy Corporation Pf A,0,0,0
20010302,41192,HECOP',OTC,9.560897436,9.8125,0,0,Hallwood Energy Corporation Pf A,0,0,0
20010305,41192,HECOP',OTC,9.560897436,9.8125,0,0,Hallwood Energy Corporation Pf A,0,0,0
20010306,41192,HECOP',OTC,9.560897436,9.8125,9,0,Hallwood Energy Corporation Pf A,0,0,0
20010307,41192,HECOP',OTC,9.560897436,9.8125,89,0,Hallwood Energy Corporation Pf A,0,0,0
20010308,41192,HECOP',OTC,9.987179487,10.25,99,0,Hallwood Energy Corporation Pf A,0,0,0
20010309,41192,HECOP',OTC,9.865384615,10.125,90,0,Hallwood Energy Corporation Pf A,0,0,0
20010312,41192,HECOP',OTC,9.804487179,10.0625,92,0,Hallwood Energy Corporation Pf A,0,0,0
20010313,41192,HECOP',OTC,9.743589744,10,51,0,Hallwood Energy Corporation Pf A,0,0,0
20010314,41192,HECOP',OTC,9.317307692,9.5625,20,0,Hallwood Energy Corporation Pf A,0,0,0
20010315,41192,HECOP',OTC,9.256410256,9.5,44,0,Hallwood Energy Corporation Pf A,0,0,0
20010316,41192,HECOP',OTC,9.378205128,9.625,87,0,Hallwood Energy Corporation Pf A,0,0,0
20010319,41192,HECOP',OTC,9.621794872,9.875,1,0,Hallwood Energy Corporation Pf A,0,0,0
20010320,41192,HECOP',OTC,9.621794872,9.875,31,0,Hallwood Energy Corporation Pf A,0,0,0
20010321,41192,HECOP',OTC,9.378205128,9.625,45,0,Hallwood Energy Corporation Pf A,0,0,0
20010322,41192,HECOP',OTC,9.317307692,9.5625,79,0,Hallwood Energy Corporation Pf A,0,0,0
20010323,41192,HECOP',OTC,9.5,9.75,3,0,Hallwood Energy Corporation Pf A,0,0,0
20010326,41192,HECOP',OTC,9.5,9.75,11,0,Hallwood Energy Corporation Pf A,0,0,0
20010327,41192,HECOP',OTC,9.5,9.75,65,0,Hallwood Energy Corporation Pf A,0,0,0
20010328,41192,HECOP',OTC,9.625,9.625,34,0,Hallwood Energy Corporation Pf A,0,0,0
20010329,41192,HECOP',OTC,9.625,9.625,89,0,Hallwood Energy Corporation Pf A,0,0,0
20010330,41192,HECOP',OTC,10.5,10.5,1987,0,Hallwood Energy Corporation Pf A,0,0,0
20010402,41192,HECOP',OTC,10.5,10.5,1293,0,Hallwood Energy Corporation Pf A,0,0,0
20010403,41192,HECOP',OTC,10.5625,10.5625,395,0,Hallwood Energy Corporation Pf A,0,0,0
20010404,41192,HECOP',OTC,10.5,10.5,317,0,Hallwood Energy Corporation Pf A,0,0,0
20010405,41192,HECOP',OTC,10.5625,10.5625,551,0,Hallwood Energy Corporation Pf A,0,0,0
20010406,41192,HECOP',OTC,10.5625,10.5625,148,0,Hallwood Energy Corporation Pf A,0,0,0
20010409,41192,HECOP',OTC,10.55,10.55,68,0,Hallwood Energy Corporation Pf A,0,0,0
20010410,41192,HECOP',OTC,10.6,10.6,106,0,Hallwood Energy Corporation Pf A,0,0,0
20010411,41192,HECOP',OTC,10.7,10.7,503,0,Hallwood Energy Corporation Pf A,0,0,0
20010412,41192,HECOP',OTC,10.68,10.68,558,0,Hallwood Energy Corporation Pf A,0,0,0
20010416,41192,HECOP',OTC,10.7,10.7,176,0,Hallwood Energy Corporation Pf A,0,0,0
20010417,41192,HECOP',OTC,10.68,10.68,131,0,Hallwood Energy Corporation Pf A,0,0,0
20010418,41192,HECOP',OTC,10.69,10.69,110,0,Hallwood Energy Corporation Pf A,0,0,0
20010419,41192,HECOP',OTC,10.7,10.7,418,0,Hallwood Energy Corporation Pf A,0,0,0
20010420,41192,HECOP',OTC,10.7,10.7,204,0,Hallwood Energy Corporation Pf A,0,0,0
20010423,41192,HECOP',OTC,10.74,10.74,310,0,Hallwood Energy Corporation Pf A,0,0,0
20010424,41192,HECOP',OTC,10.75,10.75,333,0,Hallwood Energy Corporation Pf A,0,0,0
20010425,41192,HECOP',OTC,10.74,10.74,57,0,Hallwood Energy Corporation Pf A,0,0,0
20010426,41192,HECOP',OTC,10.75,10.75,206,0,Hallwood Energy Corporation Pf A,0,0,0
20010427,41192,HECOP',OTC,10.76,10.76,489,0,Hallwood Energy Corporation Pf A,0,0,0
20010430,41192,HECOP',OTC,10.75,10.75,782,0,Hallwood Energy Corporation Pf A,0,0,0
20010501,41192,HECOP',OTC,10.77,10.77,329,0,Hallwood Energy Corporation Pf A,0,0,0
20010502,41192,HECOP',OTC,10.76,10.76,121,0,Hallwood Energy Corporation Pf A,0,0,0
20010503,41192,HECOP',OTC,10.77,10.77,98,0,Hallwood Energy Corporation Pf A,0,0,0
20010504,41192,HECOP',OTC,10.78,10.78,8,0,Hallwood Energy Corporation Pf A,0,0,0
20010507,41192,HECOP',OTC,10.79,10.79,36,0,Hallwood Energy Corporation Pf A,0,0,0
20010508,41192,HECOP',OTC,10.8,10.8,14,0,Hallwood Energy Corporation Pf A,0,0,0
20010509,41192,HECOP',OTC,10.8,10.8,15,0,Hallwood Energy Corporation Pf A,0,0,0
20010510,41192,HECOP',OTC,10.8,10.8,0,0,Hallwood Energy Corporation Pf A,0,0,0
20010511,41192,HECOP',OTC,10.8,10.8,0,0,Hallwood Energy Corporation Pf A,0,0,0
20010514,41192,HECOP',OTC,10.9,10.9,17,0,Hallwood Energy Corporation Pf A,0,0,0
20010515,41192,HECOP',OTC,10.8,10.8,15,0,Hallwood Energy Corporation Pf A,0,0,0
20010516,41192,HECOP',OTC,10.8,10.8,0,0,Hallwood Energy Corporation Pf A,0,0,0
20010517,41192,HECOP',OTC,10.83,10.83,9,0,Hallwood Energy Corporation Pf A,0,0,0
20010518,41192,HECOP',OTC,10.8,10.8,20,0,Hallwood Energy Corporation Pf A,0,0,0
20010521,41192,HECOP',OTC,10.83,10.83,4,0,Hallwood Energy Corporation Pf A,0,0,0
20010522,41192,HECOP',OTC,10.83,10.83,15,0,Hallwood Energy Corporation Pf A,0,0,0
20010523,41192,HECOP',OTC,10.83,10.83,0,0,Hallwood Energy Corporation Pf A,0,0,0
20010524,41192,HECOP',OTC,10.83,10.83,1,0,Hallwood Energy Corporation Pf A,0,0,0
20010525,41192,HECOP',OTC,10.83,10.83,1,0,Hallwood Energy Corporation Pf A,0,0,0
20010529,41192,HECOP',OTC,10.75,10.75,14,0,Hallwood Energy Corporation Pf A,0,0,0
20010530,41192,HECOP',OTC,10.75,10.75,0,0,Hallwood Energy Corporation Pf A,0,0,0
