DDate,CSINumber,Symbol,Exchange,DClose,UnAdjustedClose,TotalVolume,Cash,MarketName,PTB,PSR,DPS
19920225,4153,GOG',NYSE,7.125,7.125,185,0,Gerrity Oil & Gas Corp,0,0,0
19920226,4153,GOG',NYSE,7.25,7.25,585,0,Gerrity Oil & Gas Corp,0,0,0
19920227,4153,GOG',NYSE,7,7,23,0,Gerrity Oil & Gas Corp,0,0,0
19920228,4153,GOG',NYSE,7.375,7.375,55,0,Gerrity Oil & Gas Corp,0,0,0
19920302,4153,GOG',NYSE,7,7,50,0,Gerrity Oil & Gas Corp,0,0,0
19920303,4153,GOG',NYSE,7,7,121,0,Gerrity Oil & Gas Corp,0,0,0
19920304,4153,GOG',NYSE,7.5,7.5,155,0,Gerrity Oil & Gas Corp,0,0,0
19920305,4153,GOG',NYSE,7.25,7.25,40,0,Gerrity Oil & Gas Corp,0,0,0
19920306,4153,GOG',NYSE,7.625,7.625,165,0,Gerrity Oil & Gas Corp,0,0,0
19920309,4153,GOG',NYSE,7.625,7.625,56,0,Gerrity Oil & Gas Corp,0,0,0
19920310,4153,GOG',NYSE,7.375,7.375,17,0,Gerrity Oil & Gas Corp,0,0,0
19920311,4153,GOG',NYSE,7.25,7.25,95,0,Gerrity Oil & Gas Corp,0,0,0
19920312,4153,GOG',NYSE,7.625,7.625,1,0,Gerrity Oil & Gas Corp,0,0,0
19920313,4153,GOG',NYSE,7.625,7.625,874,0,Gerrity Oil & Gas Corp,0,0,0
19920316,4153,GOG',NYSE,7.5,7.5,2,0,Gerrity Oil & Gas Corp,0,0,0
19920317,4153,GOG',NYSE,7.5,7.5,431,0,Gerrity Oil & Gas Corp,0,0,0
19920318,4153,GOG',NYSE,7.375,7.375,36,0,Gerrity Oil & Gas Corp,0,0,0
19920319,4153,GOG',NYSE,7.375,7.375,332,0,Gerrity Oil & Gas Corp,0,0,0
19920320,4153,GOG',NYSE,7.5,7.5,25,0,Gerrity Oil & Gas Corp,0,0,0
19920323,4153,GOG',NYSE,7.375,7.375,168,0,Gerrity Oil & Gas Corp,0,0,0
19920324,4153,GOG',NYSE,7.5,7.5,340,0,Gerrity Oil & Gas Corp,0,0,0
19920325,4153,GOG',NYSE,7.625,7.625,14,0,Gerrity Oil & Gas Corp,0,0,0
19920326,4153,GOG',NYSE,7.375,7.375,195,0,Gerrity Oil & Gas Corp,0,0,0
19920327,4153,GOG',NYSE,7.5,7.5,339,0,Gerrity Oil & Gas Corp,0,0,0
19920330,4153,GOG',NYSE,7.375,7.375,708,0,Gerrity Oil & Gas Corp,0,0,0
19920331,4153,GOG',NYSE,7.5,7.5,405,0,Gerrity Oil & Gas Corp,0,0,0
19920401,4153,GOG',NYSE,7.875,7.875,551,0,Gerrity Oil & Gas Corp,0,0,0
19920402,4153,GOG',NYSE,8,8,486,0,Gerrity Oil & Gas Corp,0,0,0
19920403,4153,GOG',NYSE,8.125,8.125,82,0,Gerrity Oil & Gas Corp,0,0,0
19920406,4153,GOG',NYSE,8.5,8.5,197,0,Gerrity Oil & Gas Corp,0,0,0
19920407,4153,GOG',NYSE,8.375,8.375,1437,0,Gerrity Oil & Gas Corp,0,0,0
19920408,4153,GOG',NYSE,8.5,8.5,186,0,Gerrity Oil & Gas Corp,0,0,0
19920409,4153,GOG',NYSE,8.375,8.375,334,0,Gerrity Oil & Gas Corp,0,0,0
19920410,4153,GOG',NYSE,9,9,1114,0,Gerrity Oil & Gas Corp,0,0,0
19920413,4153,GOG',NYSE,9,9,121,0,Gerrity Oil & Gas Corp,0,0,0
19920414,4153,GOG',NYSE,9.5,9.5,1053,0,Gerrity Oil & Gas Corp,0,0,0
19920415,4153,GOG',NYSE,9.5,9.5,573,0,Gerrity Oil & Gas Corp,0,0,0
19920416,4153,GOG',NYSE,8.75,8.75,1163,0,Gerrity Oil & Gas Corp,0,0,0
19920420,4153,GOG',NYSE,9.25,9.25,145,0,Gerrity Oil & Gas Corp,0,0,0
19920421,4153,GOG',NYSE,8.75,8.75,115,0,Gerrity Oil & Gas Corp,0,0,0
19920422,4153,GOG',NYSE,8.75,8.75,29,0,Gerrity Oil & Gas Corp,0,0,0
19920423,4153,GOG',NYSE,8.75,8.75,161,0,Gerrity Oil & Gas Corp,0,0,0
19920424,4153,GOG',NYSE,8.75,8.75,6,0,Gerrity Oil & Gas Corp,0,0,0
19920427,4153,GOG',NYSE,9.375,9.375,432,0,Gerrity Oil & Gas Corp,0,0,0
19920428,4153,GOG',NYSE,9.25,9.25,329,0,Gerrity Oil & Gas Corp,0,0,0
19920429,4153,GOG',NYSE,9.25,9.25,13,0,Gerrity Oil & Gas Corp,0,0,0
19920430,4153,GOG',NYSE,9.375,9.375,58,0,Gerrity Oil & Gas Corp,0,0,0
19920501,4153,GOG',NYSE,10.125,10.125,1020,0,Gerrity Oil & Gas Corp,0,0,0
19920504,4153,GOG',NYSE,10.125,10.125,237,0,Gerrity Oil & Gas Corp,0,0,0
19920505,4153,GOG',NYSE,9.625,9.625,1007,0,Gerrity Oil & Gas Corp,0,0,0
19920506,4153,GOG',NYSE,10.125,10.125,786,0,Gerrity Oil & Gas Corp,0,0,0
19920507,4153,GOG',NYSE,9.875,9.875,10,0,Gerrity Oil & Gas Corp,0,0,0
19920508,4153,GOG',NYSE,9.875,9.875,242,0,Gerrity Oil & Gas Corp,0,0,0
19920511,4153,GOG',NYSE,9.75,9.75,507,0,Gerrity Oil & Gas Corp,0,0,0
19920512,4153,GOG',NYSE,9.625,9.625,821,0,Gerrity Oil & Gas Corp,0,0,0
19920513,4153,GOG',NYSE,9.625,9.625,199,0,Gerrity Oil & Gas Corp,0,0,0
19920514,4153,GOG',NYSE,9.625,9.625,105,0,Gerrity Oil & Gas Corp,0,0,0
19920515,4153,GOG',NYSE,9.625,9.625,130,0,Gerrity Oil & Gas Corp,0,0,0
19920518,4153,GOG',NYSE,9.875,9.875,53,0,Gerrity Oil & Gas Corp,0,0,0
19920519,4153,GOG',NYSE,9.625,9.625,357,0,Gerrity Oil & Gas Corp,0,0,0
19920520,4153,GOG',NYSE,9.625,9.625,35,0,Gerrity Oil & Gas Corp,0,0,0
19920521,4153,GOG',NYSE,9.75,9.75,722,0,Gerrity Oil & Gas Corp,0,0,0
19920522,4153,GOG',NYSE,9.625,9.625,3,0,Gerrity Oil & Gas Corp,0,0,0
19920526,4153,GOG',NYSE,10.125,10.125,166,0,Gerrity Oil & Gas Corp,0,0,0
19920527,4153,GOG',NYSE,9.875,9.875,1246,0,Gerrity Oil & Gas Corp,0,0,0
19920528,4153,GOG',NYSE,10,10,7,0,Gerrity Oil & Gas Corp,0,0,0
19920529,4153,GOG',NYSE,9.875,9.875,14,0,Gerrity Oil & Gas Corp,0,0,0
19920601,4153,GOG',NYSE,9.875,9.875,0,0,Gerrity Oil & Gas Corp,0,0,0
19920602,4153,GOG',NYSE,9.875,9.875,635,0,Gerrity Oil & Gas Corp,0,0,0
19920603,4153,GOG',NYSE,9.75,9.75,648,0,Gerrity Oil & Gas Corp,0,0,0
19920604,4153,GOG',NYSE,9.875,9.875,4,0,Gerrity Oil & Gas Corp,0,0,0
19920605,4153,GOG',NYSE,9.25,9.25,411,0,Gerrity Oil & Gas Corp,0,0,0
19920608,4153,GOG',NYSE,9,9,307,0,Gerrity Oil & Gas Corp,0,0,0
19920609,4153,GOG',NYSE,9.25,9.25,151,0,Gerrity Oil & Gas Corp,0,0,0
19920610,4153,GOG',NYSE,9.25,9.25,29,0,Gerrity Oil & Gas Corp,0,0,0
19920611,4153,GOG',NYSE,9.25,9.25,41,0,Gerrity Oil & Gas Corp,0,0,0
19920612,4153,GOG',NYSE,8.75,8.75,900,0,Gerrity Oil & Gas Corp,0,0,0
19920615,4153,GOG',NYSE,9.25,9.25,77,0,Gerrity Oil & Gas Corp,0,0,0
19920616,4153,GOG',NYSE,8.75,8.75,808,0,Gerrity Oil & Gas Corp,0,0,0
19920617,4153,GOG',NYSE,8.75,8.75,283,0,Gerrity Oil & Gas Corp,0,0,0
19920618,4153,GOG',NYSE,8.5,8.5,32,0,Gerrity Oil & Gas Corp,0,0,0
19920619,4153,GOG',NYSE,8.5,8.5,0,0,Gerrity Oil & Gas Corp,0,0,0
19920622,4153,GOG',NYSE,8.5,8.5,25,0,Gerrity Oil & Gas Corp,0,0,0
19920623,4153,GOG',NYSE,8,8,245,0,Gerrity Oil & Gas Corp,0,0,0
19920624,4153,GOG',NYSE,8.25,8.25,212,0,Gerrity Oil & Gas Corp,0,0,0
19920625,4153,GOG',NYSE,8.5,8.5,52,0,Gerrity Oil & Gas Corp,0,0,0
19920626,4153,GOG',NYSE,8.125,8.125,1,0,Gerrity Oil & Gas Corp,0,0,0
19920629,4153,GOG',NYSE,8.5,8.5,106,0,Gerrity Oil & Gas Corp,0,0,0
19920630,4153,GOG',NYSE,8.5,8.5,0,0,Gerrity Oil & Gas Corp,0,0,0
19920701,4153,GOG',NYSE,8.5,8.5,58,0,Gerrity Oil & Gas Corp,0,0,0
19920702,4153,GOG',NYSE,8.375,8.375,20,0,Gerrity Oil & Gas Corp,0,0,0
19920706,4153,GOG',NYSE,8.5,8.5,194,0,Gerrity Oil & Gas Corp,0,0,0
19920707,4153,GOG',NYSE,8.75,8.75,542,0,Gerrity Oil & Gas Corp,0,0,0
19920708,4153,GOG',NYSE,9,9,147,0,Gerrity Oil & Gas Corp,0,0,0
19920709,4153,GOG',NYSE,9.375,9.375,137,0,Gerrity Oil & Gas Corp,0,0,0
19920710,4153,GOG',NYSE,9.375,9.375,0,0,Gerrity Oil & Gas Corp,0,0,0
19920713,4153,GOG',NYSE,9.25,9.25,643,0,Gerrity Oil & Gas Corp,0,0,0
19920714,4153,GOG',NYSE,11,11,752,0,Gerrity Oil & Gas Corp,0,0,0
19920715,4153,GOG',NYSE,10.25,10.25,286,0,Gerrity Oil & Gas Corp,0,0,0
19920716,4153,GOG',NYSE,10.25,10.25,394,0,Gerrity Oil & Gas Corp,0,0,0
19920717,4153,GOG',NYSE,10.25,10.25,32,0,Gerrity Oil & Gas Corp,0,0,0
19920720,4153,GOG',NYSE,9.75,9.75,170,0,Gerrity Oil & Gas Corp,0,0,0
19920721,4153,GOG',NYSE,9.75,9.75,115,0,Gerrity Oil & Gas Corp,0,0,0
19920722,4153,GOG',NYSE,10,10,96,0,Gerrity Oil & Gas Corp,0,0,0
19920723,4153,GOG',NYSE,10,10,0,0,Gerrity Oil & Gas Corp,0,0,0
19920724,4153,GOG',NYSE,10,10,182,0,Gerrity Oil & Gas Corp,0,0,0
19920727,4153,GOG',NYSE,10.125,10.125,70,0,Gerrity Oil & Gas Corp,0,0,0
19920728,4153,GOG',NYSE,10.25,10.25,101,0,Gerrity Oil & Gas Corp,0,0,0
19920729,4153,GOG',NYSE,10.375,10.375,7,0,Gerrity Oil & Gas Corp,0,0,0
19920730,4153,GOG',NYSE,10.25,10.25,68,0,Gerrity Oil & Gas Corp,0,0,0
19920731,4153,GOG',NYSE,10.5,10.5,1401,0,Gerrity Oil & Gas Corp,0,0,0
19920803,4153,GOG',NYSE,11.25,11.25,1089,0,Gerrity Oil & Gas Corp,0,0,0
19920804,4153,GOG',NYSE,11.125,11.125,85,0,Gerrity Oil & Gas Corp,0,0,0
19920805,4153,GOG',NYSE,11,11,69,0,Gerrity Oil & Gas Corp,0,0,0
19920806,4153,GOG',NYSE,10.875,10.875,10,0,Gerrity Oil & Gas Corp,0,0,0
19920807,4153,GOG',NYSE,10.875,10.875,0,0,Gerrity Oil & Gas Corp,0,0,0
19920810,4153,GOG',NYSE,10.875,10.875,0,0,Gerrity Oil & Gas Corp,0,0,0
19920811,4153,GOG',NYSE,10.75,10.75,372,0,Gerrity Oil & Gas Corp,0,0,0
19920812,4153,GOG',NYSE,10.5,10.5,5,0,Gerrity Oil & Gas Corp,0,0,0
19920813,4153,GOG',NYSE,10.5,10.5,0,0,Gerrity Oil & Gas Corp,0,0,0
19920814,4153,GOG',NYSE,10.5,10.5,26,0,Gerrity Oil & Gas Corp,0,0,0
19920817,4153,GOG',NYSE,10.5,10.5,334,0,Gerrity Oil & Gas Corp,0,0,0
19920818,4153,GOG',NYSE,10.875,10.875,855,0,Gerrity Oil & Gas Corp,0,0,0
19920819,4153,GOG',NYSE,10.875,10.875,140,0,Gerrity Oil & Gas Corp,0,0,0
19920820,4153,GOG',NYSE,10.75,10.75,38,0,Gerrity Oil & Gas Corp,0,0,0
19920821,4153,GOG',NYSE,10.75,10.75,0,0,Gerrity Oil & Gas Corp,0,0,0
19920824,4153,GOG',NYSE,10.875,10.875,262,0,Gerrity Oil & Gas Corp,0,0,0
19920825,4153,GOG',NYSE,10.75,10.75,5,0,Gerrity Oil & Gas Corp,0,0,0
19920826,4153,GOG',NYSE,10.75,10.75,165,0,Gerrity Oil & Gas Corp,0,0,0
19920827,4153,GOG',NYSE,11.5,11.5,648,0,Gerrity Oil & Gas Corp,0,0,0
19920828,4153,GOG',NYSE,11.75,11.75,179,0,Gerrity Oil & Gas Corp,0,0,0
19920831,4153,GOG',NYSE,12,12,1225,0,Gerrity Oil & Gas Corp,0,0,0
19920901,4153,GOG',NYSE,11.75,11.75,179,0,Gerrity Oil & Gas Corp,0,0,0
19920902,4153,GOG',NYSE,12,12,218,0,Gerrity Oil & Gas Corp,0,0,0
19920903,4153,GOG',NYSE,12,12,58,0,Gerrity Oil & Gas Corp,0,0,0
19920904,4153,GOG',NYSE,11.5,11.5,89,0,Gerrity Oil & Gas Corp,0,0,0
19920908,4153,GOG',NYSE,11.625,11.625,55,0,Gerrity Oil & Gas Corp,0,0,0
19920909,4153,GOG',NYSE,11.75,11.75,365,0,Gerrity Oil & Gas Corp,0,0,0
19920910,4153,GOG',NYSE,11.875,11.875,102,0,Gerrity Oil & Gas Corp,0,0,0
19920911,4153,GOG',NYSE,11.75,11.75,256,0,Gerrity Oil & Gas Corp,0,0,0
19920914,4153,GOG',NYSE,11.5,11.5,41,0,Gerrity Oil & Gas Corp,0,0,0
19920915,4153,GOG',NYSE,11.625,11.625,1363,0,Gerrity Oil & Gas Corp,0,0,0
19920916,4153,GOG',NYSE,11,11,298,0,Gerrity Oil & Gas Corp,0,0,0
19920917,4153,GOG',NYSE,10.875,10.875,497,0,Gerrity Oil & Gas Corp,0,0,0
19920918,4153,GOG',NYSE,10.25,10.25,48,0,Gerrity Oil & Gas Corp,0,0,0
19920921,4153,GOG',NYSE,11,11,464,0,Gerrity Oil & Gas Corp,0,0,0
19920922,4153,GOG',NYSE,11,11,190,0,Gerrity Oil & Gas Corp,0,0,0
19920923,4153,GOG',NYSE,10.75,10.75,3,0,Gerrity Oil & Gas Corp,0,0,0
19920924,4153,GOG',NYSE,10.875,10.875,50,0,Gerrity Oil & Gas Corp,0,0,0
19920925,4153,GOG',NYSE,10.75,10.75,1244,0,Gerrity Oil & Gas Corp,0,0,0
19920928,4153,GOG',NYSE,11.75,11.75,979,0,Gerrity Oil & Gas Corp,0,0,0
19920929,4153,GOG',NYSE,11.75,11.75,0,0,Gerrity Oil & Gas Corp,0,0,0
19920930,4153,GOG',NYSE,12,12,377,0,Gerrity Oil & Gas Corp,0,0,0
19921001,4153,GOG',NYSE,11.25,11.25,370,0,Gerrity Oil & Gas Corp,0,0,0
19921002,4153,GOG',NYSE,11.25,11.25,42,0,Gerrity Oil & Gas Corp,0,0,0
19921005,4153,GOG',NYSE,12,12,4,0,Gerrity Oil & Gas Corp,0,0,0
19921006,4153,GOG',NYSE,11.75,11.75,428,0,Gerrity Oil & Gas Corp,0,0,0
19921007,4153,GOG',NYSE,12.25,12.25,381,0,Gerrity Oil & Gas Corp,0,0,0
19921008,4153,GOG',NYSE,13.5,13.5,587,0,Gerrity Oil & Gas Corp,0,0,0
19921009,4153,GOG',NYSE,13,13,1515,0,Gerrity Oil & Gas Corp,0,0,0
19921012,4153,GOG',NYSE,12.75,12.75,367,0,Gerrity Oil & Gas Corp,0,0,0
19921013,4153,GOG',NYSE,13,13,120,0,Gerrity Oil & Gas Corp,0,0,0
19921014,4153,GOG',NYSE,13.125,13.125,387,0,Gerrity Oil & Gas Corp,0,0,0
19921015,4153,GOG',NYSE,13,13,272,0,Gerrity Oil & Gas Corp,0,0,0
19921016,4153,GOG',NYSE,13,13,338,0,Gerrity Oil & Gas Corp,0,0,0
19921019,4153,GOG',NYSE,12.75,12.75,112,0,Gerrity Oil & Gas Corp,0,0,0
19921020,4153,GOG',NYSE,13.125,13.125,179,0,Gerrity Oil & Gas Corp,0,0,0
19921021,4153,GOG',NYSE,13,13,2245,0,Gerrity Oil & Gas Corp,0,0,0
19921022,4153,GOG',NYSE,13.625,13.625,2438,0,Gerrity Oil & Gas Corp,0,0,0
19921023,4153,GOG',NYSE,13.625,13.625,13866,0,Gerrity Oil & Gas Corp,0,0,0
19921026,4153,GOG',NYSE,13.625,13.625,4947,0,Gerrity Oil & Gas Corp,0,0,0
19921027,4153,GOG',NYSE,13.5,13.5,2700,0,Gerrity Oil & Gas Corp,0,0,0
19921028,4153,GOG',NYSE,13.375,13.375,3185,0,Gerrity Oil & Gas Corp,0,0,0
19921029,4153,GOG',NYSE,13,13,2452,0,Gerrity Oil & Gas Corp,0,0,0
19921030,4153,GOG',NYSE,13.25,13.25,2312,0,Gerrity Oil & Gas Corp,0,0,0
19921102,4153,GOG',NYSE,12.875,12.875,331,0,Gerrity Oil & Gas Corp,0,0,0
19921103,4153,GOG',NYSE,12.875,12.875,472,0,Gerrity Oil & Gas Corp,0,0,0
19921104,4153,GOG',NYSE,12.875,12.875,1710,0,Gerrity Oil & Gas Corp,0,0,0
19921105,4153,GOG',NYSE,13,13,475,0,Gerrity Oil & Gas Corp,0,0,0
19921106,4153,GOG',NYSE,12.75,12.75,1580,0,Gerrity Oil & Gas Corp,0,0,0
19921109,4153,GOG',NYSE,12.875,12.875,3377,0,Gerrity Oil & Gas Corp,0,0,0
19921110,4153,GOG',NYSE,12.875,12.875,3916,0,Gerrity Oil & Gas Corp,0,0,0
19921111,4153,GOG',NYSE,13,13,3824,0,Gerrity Oil & Gas Corp,0,0,0
19921112,4153,GOG',NYSE,13,13,1750,0,Gerrity Oil & Gas Corp,0,0,0
19921113,4153,GOG',NYSE,13.5,13.5,1048,0,Gerrity Oil & Gas Corp,0,0,0
19921116,4153,GOG',NYSE,13.25,13.25,590,0,Gerrity Oil & Gas Corp,0,0,0
19921117,4153,GOG',NYSE,13,13,1247,0,Gerrity Oil & Gas Corp,0,0,0
19921118,4153,GOG',NYSE,12.5,12.5,525,0,Gerrity Oil & Gas Corp,0,0,0
19921119,4153,GOG',NYSE,12.75,12.75,932,0,Gerrity Oil & Gas Corp,0,0,0
19921120,4153,GOG',NYSE,12.25,12.25,938,0,Gerrity Oil & Gas Corp,0,0,0
19921123,4153,GOG',NYSE,12.5,12.5,2297,0,Gerrity Oil & Gas Corp,0,0,0
19921124,4153,GOG',NYSE,12.25,12.25,1502,0,Gerrity Oil & Gas Corp,0,0,0
19921125,4153,GOG',NYSE,12.625,12.625,1197,0,Gerrity Oil & Gas Corp,0,0,0
19921127,4153,GOG',NYSE,12.625,12.625,410,0,Gerrity Oil & Gas Corp,0,0,0
19921130,4153,GOG',NYSE,12.75,12.75,1066,0,Gerrity Oil & Gas Corp,0,0,0
19921201,4153,GOG',NYSE,12.625,12.625,1953,0,Gerrity Oil & Gas Corp,0,0,0
19921202,4153,GOG',NYSE,12.75,12.75,524,0,Gerrity Oil & Gas Corp,0,0,0
19921203,4153,GOG',NYSE,12.25,12.25,508,0,Gerrity Oil & Gas Corp,0,0,0
19921204,4153,GOG',NYSE,12.125,12.125,818,0,Gerrity Oil & Gas Corp,0,0,0
19921207,4153,GOG',NYSE,14.25,14.25,5335,0,Gerrity Oil & Gas Corp,0,0,0
19921208,4153,GOG',NYSE,14.25,14.25,3865,0,Gerrity Oil & Gas Corp,0,0,0
19921209,4153,GOG',NYSE,14.5,14.5,2640,0,Gerrity Oil & Gas Corp,0,0,0
19921210,4153,GOG',NYSE,14.5,14.5,2491,0,Gerrity Oil & Gas Corp,0,0,0
19921211,4153,GOG',NYSE,14.5,14.5,621,0,Gerrity Oil & Gas Corp,0,0,0
19921214,4153,GOG',NYSE,14,14,63,0,Gerrity Oil & Gas Corp,0,0,0
19921215,4153,GOG',NYSE,14.5,14.5,1098,0,Gerrity Oil & Gas Corp,0,0,0
19921216,4153,GOG',NYSE,14.25,14.25,3815,0,Gerrity Oil & Gas Corp,0,0,0
19921217,4153,GOG',NYSE,14,14,256,0,Gerrity Oil & Gas Corp,0,0,0
19921218,4153,GOG',NYSE,14,14,354,0,Gerrity Oil & Gas Corp,0,0,0
19921221,4153,GOG',NYSE,13.75,13.75,583,0,Gerrity Oil & Gas Corp,0,0,0
19921222,4153,GOG',NYSE,14,14,1238,0,Gerrity Oil & Gas Corp,0,0,0
19921223,4153,GOG',NYSE,14.25,14.25,4879,0,Gerrity Oil & Gas Corp,0,0,0
19921224,4153,GOG',NYSE,14.25,14.25,25,0,Gerrity Oil & Gas Corp,0,0,0
19921228,4153,GOG',NYSE,12.875,12.875,3717,0,Gerrity Oil & Gas Corp,0,0,0
19921229,4153,GOG',NYSE,13.75,13.75,1646,0,Gerrity Oil & Gas Corp,0,0,0
19921230,4153,GOG',NYSE,15,15,521,0,Gerrity Oil & Gas Corp,0,0,0
19921231,4153,GOG',NYSE,15.25,15.25,83,0,Gerrity Oil & Gas Corp,0,0,0
19930104,4153,GOG',NYSE,14.5,14.5,646,0,Gerrity Oil & Gas Corp,0,0,0
19930105,4153,GOG',NYSE,14.75,14.75,1426,0,Gerrity Oil & Gas Corp,0,0,0
19930106,4153,GOG',NYSE,15,15,3832,0,Gerrity Oil & Gas Corp,0,0,0
19930107,4153,GOG',NYSE,14.125,14.125,964,0,Gerrity Oil & Gas Corp,0,0,0
19930108,4153,GOG',NYSE,14.25,14.25,842,0,Gerrity Oil & Gas Corp,0,0,0
19930111,4153,GOG',NYSE,13.75,13.75,1698,0,Gerrity Oil & Gas Corp,0,0,0
19930112,4153,GOG',NYSE,14,14,4043,0,Gerrity Oil & Gas Corp,0,0,0
19930113,4153,GOG',NYSE,14,14,23,0,Gerrity Oil & Gas Corp,0,0,0
19930114,4153,GOG',NYSE,13.625,13.625,120,0,Gerrity Oil & Gas Corp,0,0,0
19930115,4153,GOG',NYSE,13.75,13.75,799,0,Gerrity Oil & Gas Corp,0,0,0
19930118,4153,GOG',NYSE,13.5,13.5,471,0,Gerrity Oil & Gas Corp,0,0,0
19930119,4153,GOG',NYSE,14.25,14.25,261,0,Gerrity Oil & Gas Corp,0,0,0
19930120,4153,GOG',NYSE,14.75,14.75,1015,0,Gerrity Oil & Gas Corp,0,0,0
19930121,4153,GOG',NYSE,13.75,13.75,831,0,Gerrity Oil & Gas Corp,0,0,0
19930122,4153,GOG',NYSE,13.375,13.375,549,0,Gerrity Oil & Gas Corp,0,0,0
19930125,4153,GOG',NYSE,14,14,17,0,Gerrity Oil & Gas Corp,0,0,0
19930126,4153,GOG',NYSE,13.25,13.25,33,0,Gerrity Oil & Gas Corp,0,0,0
19930127,4153,GOG',NYSE,14,14,220,0,Gerrity Oil & Gas Corp,0,0,0
19930128,4153,GOG',NYSE,13.875,13.875,261,0,Gerrity Oil & Gas Corp,0,0,0
19930129,4153,GOG',NYSE,13.75,13.75,248,0,Gerrity Oil & Gas Corp,0,0,0
19930201,4153,GOG',NYSE,13.5,13.5,4437,0,Gerrity Oil & Gas Corp,0,0,0
19930202,4153,GOG',NYSE,13.25,13.25,7396,0,Gerrity Oil & Gas Corp,0,0,0
19930203,4153,GOG',NYSE,13.5,13.5,2848,0,Gerrity Oil & Gas Corp,0,0,0
19930204,4153,GOG',NYSE,13.25,13.25,2948,0,Gerrity Oil & Gas Corp,0,0,0
19930205,4153,GOG',NYSE,13.25,13.25,517,0,Gerrity Oil & Gas Corp,0,0,0
19930208,4153,GOG',NYSE,13.5,13.5,3057,0,Gerrity Oil & Gas Corp,0,0,0
19930209,4153,GOG',NYSE,13.5,13.5,1021,0,Gerrity Oil & Gas Corp,0,0,0
19930210,4153,GOG',NYSE,13.5,13.5,503,0,Gerrity Oil & Gas Corp,0,0,0
19930211,4153,GOG',NYSE,13.75,13.75,5366,0,Gerrity Oil & Gas Corp,0,0,0
19930212,4153,GOG',NYSE,13.5,13.5,1248,0,Gerrity Oil & Gas Corp,0,0,0
19930216,4153,GOG',NYSE,13,13,710,0,Gerrity Oil & Gas Corp,0,0,0
19930217,4153,GOG',NYSE,12.5,12.5,5369,0,Gerrity Oil & Gas Corp,0,0,0
19930218,4153,GOG',NYSE,12.75,12.75,481,0,Gerrity Oil & Gas Corp,0,0,0
19930219,4153,GOG',NYSE,13.125,13.125,655,0,Gerrity Oil & Gas Corp,0,0,0
19930222,4153,GOG',NYSE,15.5,15.5,8257,0,Gerrity Oil & Gas Corp,0,0,0
19930223,4153,GOG',NYSE,15.375,15.375,2420,0,Gerrity Oil & Gas Corp,0,0,0
19930224,4153,GOG',NYSE,16.75,16.75,2818,0,Gerrity Oil & Gas Corp,0,0,0
19930225,4153,GOG',NYSE,16.75,16.75,4538,0,Gerrity Oil & Gas Corp,0,0,0
19930226,4153,GOG',NYSE,18,18,2096,0,Gerrity Oil & Gas Corp,0,0,0
19930301,4153,GOG',NYSE,17.5,17.5,2790,0,Gerrity Oil & Gas Corp,0,0,0
19930302,4153,GOG',NYSE,16.75,16.75,2414,0,Gerrity Oil & Gas Corp,0,0,0
19930303,4153,GOG',NYSE,17,17,3245,0,Gerrity Oil & Gas Corp,0,0,0
19930304,4153,GOG',NYSE,17.25,17.25,322,0,Gerrity Oil & Gas Corp,0,0,0
19930305,4153,GOG',NYSE,17,17,485,0,Gerrity Oil & Gas Corp,0,0,0
19930308,4153,GOG',NYSE,16.5,16.5,748,0,Gerrity Oil & Gas Corp,0,0,0
19930309,4153,GOG',NYSE,16.75,16.75,1491,0,Gerrity Oil & Gas Corp,0,0,0
19930310,4153,GOG',NYSE,17.125,17.125,1738,0,Gerrity Oil & Gas Corp,0,0,0
19930311,4153,GOG',NYSE,17,17,421,0,Gerrity Oil & Gas Corp,0,0,0
19930312,4153,GOG',NYSE,17.5,17.5,294,0,Gerrity Oil & Gas Corp,0,0,0
19930315,4153,GOG',NYSE,17,17,271,0,Gerrity Oil & Gas Corp,0,0,0
19930316,4153,GOG',NYSE,17.25,17.25,654,0,Gerrity Oil & Gas Corp,0,0,0
19930317,4153,GOG',NYSE,17.25,17.25,877,0,Gerrity Oil & Gas Corp,0,0,0
19930318,4153,GOG',NYSE,17.25,17.25,264,0,Gerrity Oil & Gas Corp,0,0,0
19930319,4153,GOG',NYSE,17.625,17.625,670,0,Gerrity Oil & Gas Corp,0,0,0
19930322,4153,GOG',NYSE,18.125,18.125,1000,0,Gerrity Oil & Gas Corp,0,0,0
19930323,4153,GOG',NYSE,16.75,16.75,2989,0,Gerrity Oil & Gas Corp,0,0,0
19930324,4153,GOG',NYSE,17.75,17.75,2742,0,Gerrity Oil & Gas Corp,0,0,0
19930325,4153,GOG',NYSE,17.5,17.5,3037,0,Gerrity Oil & Gas Corp,0,0,0
19930326,4153,GOG',NYSE,18,18,3952,0,Gerrity Oil & Gas Corp,0,0,0
19930329,4153,GOG',NYSE,18,18,5954,0,Gerrity Oil & Gas Corp,0,0,0
19930330,4153,GOG',NYSE,17.875,17.875,2904,0,Gerrity Oil & Gas Corp,0,0,0
19930331,4153,GOG',NYSE,17.75,17.75,2746,0,Gerrity Oil & Gas Corp,0,0,0
19930401,4153,GOG',NYSE,17.5,17.5,1451,0,Gerrity Oil & Gas Corp,0,0,0
19930402,4153,GOG',NYSE,17.75,17.75,534,0,Gerrity Oil & Gas Corp,0,0,0
19930405,4153,GOG',NYSE,17.5,17.5,238,0,Gerrity Oil & Gas Corp,0,0,0
19930406,4153,GOG',NYSE,17,17,1926,0,Gerrity Oil & Gas Corp,0,0,0
19930407,4153,GOG',NYSE,16.75,16.75,1812,0,Gerrity Oil & Gas Corp,0,0,0
19930408,4153,GOG',NYSE,17.125,17.125,3047,0,Gerrity Oil & Gas Corp,0,0,0
19930412,4153,GOG',NYSE,17.25,17.25,942,0,Gerrity Oil & Gas Corp,0,0,0
19930413,4153,GOG',NYSE,16.875,16.875,3604,0,Gerrity Oil & Gas Corp,0,0,0
19930414,4153,GOG',NYSE,16.875,16.875,754,0,Gerrity Oil & Gas Corp,0,0,0
19930415,4153,GOG',NYSE,17.25,17.25,2637,0,Gerrity Oil & Gas Corp,0,0,0
19930416,4153,GOG',NYSE,17.25,17.25,4953,0,Gerrity Oil & Gas Corp,0,0,0
19930419,4153,GOG',NYSE,16.875,16.875,192,0,Gerrity Oil & Gas Corp,0,0,0
19930420,4153,GOG',NYSE,16.75,16.75,688,0,Gerrity Oil & Gas Corp,0,0,0
19930421,4153,GOG',NYSE,17.25,17.25,3975,0,Gerrity Oil & Gas Corp,0,0,0
19930422,4153,GOG',NYSE,17,17,407,0,Gerrity Oil & Gas Corp,0,0,0
19930423,4153,GOG',NYSE,16.375,16.375,3723,0,Gerrity Oil & Gas Corp,0,0,0
19930426,4153,GOG',NYSE,15.75,15.75,1741,0,Gerrity Oil & Gas Corp,0,0,0
19930427,4153,GOG',NYSE,15.5,15.5,3484,0,Gerrity Oil & Gas Corp,0,0,0
19930428,4153,GOG',NYSE,15.375,15.375,4534,0,Gerrity Oil & Gas Corp,0,0,0
19930429,4153,GOG',NYSE,16,16,2880,0,Gerrity Oil & Gas Corp,0,0,0
19930430,4153,GOG',NYSE,16.25,16.25,5822,0,Gerrity Oil & Gas Corp,0,0,0
19930503,4153,GOG',NYSE,17,17,3093,0,Gerrity Oil & Gas Corp,0,0,0
19930504,4153,GOG',NYSE,16.75,16.75,2748,0,Gerrity Oil & Gas Corp,0,0,0
19930505,4153,GOG',NYSE,16.5,16.5,1657,0,Gerrity Oil & Gas Corp,0,0,0
19930506,4153,GOG',NYSE,16.75,16.75,1155,0,Gerrity Oil & Gas Corp,0,0,0
19930507,4153,GOG',NYSE,16.5,16.5,1564,0,Gerrity Oil & Gas Corp,0,0,0
19930510,4153,GOG',NYSE,16.375,16.375,820,0,Gerrity Oil & Gas Corp,0,0,0
19930511,4153,GOG',NYSE,16.375,16.375,370,0,Gerrity Oil & Gas Corp,0,0,0
19930512,4153,GOG',NYSE,16.375,16.375,1032,0,Gerrity Oil & Gas Corp,0,0,0
19930513,4153,GOG',NYSE,16.25,16.25,385,0,Gerrity Oil & Gas Corp,0,0,0
19930514,4153,GOG',NYSE,16,16,2610,0,Gerrity Oil & Gas Corp,0,0,0
19930517,4153,GOG',NYSE,15,15,2168,0,Gerrity Oil & Gas Corp,0,0,0
19930518,4153,GOG',NYSE,14.5,14.5,5757,0,Gerrity Oil & Gas Corp,0,0,0
19930519,4153,GOG',NYSE,15,15,2681,0,Gerrity Oil & Gas Corp,0,0,0
19930520,4153,GOG',NYSE,15.5,15.5,1311,0,Gerrity Oil & Gas Corp,0,0,0
19930521,4153,GOG',NYSE,15,15,1055,0,Gerrity Oil & Gas Corp,0,0,0
19930524,4153,GOG',NYSE,15,15,1198,0,Gerrity Oil & Gas Corp,0,0,0
19930525,4153,GOG',NYSE,15.25,15.25,1441,0,Gerrity Oil & Gas Corp,0,0,0
19930526,4153,GOG',NYSE,15.375,15.375,3994,0,Gerrity Oil & Gas Corp,0,0,0
19930527,4153,GOG',NYSE,16,16,3326,0,Gerrity Oil & Gas Corp,0,0,0
19930528,4153,GOG',NYSE,16,16,445,0,Gerrity Oil & Gas Corp,0,0,0
19930601,4153,GOG',NYSE,16,16,1160,0,Gerrity Oil & Gas Corp,0,0,0
19930602,4153,GOG',NYSE,16.25,16.25,2788,0,Gerrity Oil & Gas Corp,0,0,0
19930603,4153,GOG',NYSE,16.25,16.25,3118,0,Gerrity Oil & Gas Corp,0,0,0
19930604,4153,GOG',NYSE,16.25,16.25,727,0,Gerrity Oil & Gas Corp,0,0,0
19930607,4153,GOG',NYSE,16,16,706,0,Gerrity Oil & Gas Corp,0,0,0
19930608,4153,GOG',NYSE,15.75,15.75,3268,0,Gerrity Oil & Gas Corp,0,0,0
19930609,4153,GOG',NYSE,15.25,15.25,428,0,Gerrity Oil & Gas Corp,0,0,0
19930610,4153,GOG',NYSE,15.5,15.5,345,0,Gerrity Oil & Gas Corp,0,0,0
19930611,4153,GOG',NYSE,15.25,15.25,690,0,Gerrity Oil & Gas Corp,0,0,0
19930614,4153,GOG',NYSE,14.5,14.5,1265,0,Gerrity Oil & Gas Corp,0,0,0
19930615,4153,GOG',NYSE,15.5,15.5,4042,0,Gerrity Oil & Gas Corp,0,0,0
19930616,4153,GOG',NYSE,15.75,15.75,940,0,Gerrity Oil & Gas Corp,0,0,0
19930617,4153,GOG',NYSE,15.625,15.625,697,0,Gerrity Oil & Gas Corp,0,0,0
19930618,4153,GOG',NYSE,16,16,464,0,Gerrity Oil & Gas Corp,0,0,0
19930621,4153,GOG',NYSE,16,16,1412,0,Gerrity Oil & Gas Corp,0,0,0
19930622,4153,GOG',NYSE,16,16,1090,0,Gerrity Oil & Gas Corp,0,0,0
19930623,4153,GOG',NYSE,15.75,15.75,3186,0,Gerrity Oil & Gas Corp,0,0,0
19930624,4153,GOG',NYSE,15,15,995,0,Gerrity Oil & Gas Corp,0,0,0
19930625,4153,GOG',NYSE,14.875,14.875,450,0,Gerrity Oil & Gas Corp,0,0,0
19930628,4153,GOG',NYSE,15.25,15.25,992,0,Gerrity Oil & Gas Corp,0,0,0
19930629,4153,GOG',NYSE,15,15,2105,0,Gerrity Oil & Gas Corp,0,0,0
19930630,4153,GOG',NYSE,15.25,15.25,4174,0,Gerrity Oil & Gas Corp,0,0,0
19930701,4153,GOG',NYSE,14.75,14.75,4430,0,Gerrity Oil & Gas Corp,0,0,0
19930702,4153,GOG',NYSE,14.75,14.75,622,0,Gerrity Oil & Gas Corp,0,0,0
19930706,4153,GOG',NYSE,14.75,14.75,310,0,Gerrity Oil & Gas Corp,0,0,0
19930707,4153,GOG',NYSE,14.875,14.875,1813,0,Gerrity Oil & Gas Corp,0,0,0
19930708,4153,GOG',NYSE,15,15,1416,0,Gerrity Oil & Gas Corp,0,0,0
19930709,4153,GOG',NYSE,14.75,14.75,1807,0,Gerrity Oil & Gas Corp,0,0,0
19930712,4153,GOG',NYSE,15.25,15.25,930,0,Gerrity Oil & Gas Corp,0,0,0
19930713,4153,GOG',NYSE,14.75,14.75,218,0,Gerrity Oil & Gas Corp,0,0,0
19930714,4153,GOG',NYSE,14.75,14.75,1218,0,Gerrity Oil & Gas Corp,0,0,0
19930715,4153,GOG',NYSE,14.75,14.75,1042,0,Gerrity Oil & Gas Corp,0,0,0
19930716,4153,GOG',NYSE,14.75,14.75,341,0,Gerrity Oil & Gas Corp,0,0,0
19930719,4153,GOG',NYSE,14.75,14.75,139,0,Gerrity Oil & Gas Corp,0,0,0
19930720,4153,GOG',NYSE,14.5,14.5,580,0,Gerrity Oil & Gas Corp,0,0,0
19930721,4153,GOG',NYSE,14.625,14.625,576,0,Gerrity Oil & Gas Corp,0,0,0
19930722,4153,GOG',NYSE,14.5,14.5,1007,0,Gerrity Oil & Gas Corp,0,0,0
19930723,4153,GOG',NYSE,14.25,14.25,245,0,Gerrity Oil & Gas Corp,0,0,0
19930726,4153,GOG',NYSE,12.75,12.75,1951,0,Gerrity Oil & Gas Corp,0,0,0
19930727,4153,GOG',NYSE,13.25,13.25,1922,0,Gerrity Oil & Gas Corp,0,0,0
19930728,4153,GOG',NYSE,11.25,11.25,7516,0,Gerrity Oil & Gas Corp,0,0,0
19930729,4153,GOG',NYSE,12.125,12.125,23573,0,Gerrity Oil & Gas Corp,0,0,0
19930730,4153,GOG',NYSE,12.375,12.375,7587,0,Gerrity Oil & Gas Corp,0,0,0
19930802,4153,GOG',NYSE,13.125,13.125,5109,0,Gerrity Oil & Gas Corp,0,0,0
19930803,4153,GOG',NYSE,13.5,13.5,1926,0,Gerrity Oil & Gas Corp,0,0,0
19930804,4153,GOG',NYSE,13,13,964,0,Gerrity Oil & Gas Corp,0,0,0
19930805,4153,GOG',NYSE,13,13,2455,0,Gerrity Oil & Gas Corp,0,0,0
19930806,4153,GOG',NYSE,13,13,2552,0,Gerrity Oil & Gas Corp,0,0,0
19930809,4153,GOG',NYSE,12.25,12.25,1029,0,Gerrity Oil & Gas Corp,0,0,0
19930810,4153,GOG',NYSE,12.375,12.375,7423,0,Gerrity Oil & Gas Corp,0,0,0
19930811,4153,GOG',NYSE,13,13,3522,0,Gerrity Oil & Gas Corp,0,0,0
19930812,4153,GOG',NYSE,13,13,2090,0,Gerrity Oil & Gas Corp,0,0,0
19930813,4153,GOG',NYSE,13,13,5982,0,Gerrity Oil & Gas Corp,0,0,0
19930816,4153,GOG',NYSE,13.375,13.375,2976,0,Gerrity Oil & Gas Corp,0,0,0
19930817,4153,GOG',NYSE,14,14,2232,0,Gerrity Oil & Gas Corp,0,0,0
19930818,4153,GOG',NYSE,14,14,2134,0,Gerrity Oil & Gas Corp,0,0,0
19930819,4153,GOG',NYSE,13.875,13.875,989,0,Gerrity Oil & Gas Corp,0,0,0
19930820,4153,GOG',NYSE,14,14,713,0,Gerrity Oil & Gas Corp,0,0,0
19930823,4153,GOG',NYSE,12.125,12.125,7539,0,Gerrity Oil & Gas Corp,0,0,0
19930824,4153,GOG',NYSE,13,13,10574,0,Gerrity Oil & Gas Corp,0,0,0
19930825,4153,GOG',NYSE,13,13,6047,0,Gerrity Oil & Gas Corp,0,0,0
19930826,4153,GOG',NYSE,13.25,13.25,2139,0,Gerrity Oil & Gas Corp,0,0,0
19930827,4153,GOG',NYSE,13.5,13.5,935,0,Gerrity Oil & Gas Corp,0,0,0
19930830,4153,GOG',NYSE,13.5,13.5,1682,0,Gerrity Oil & Gas Corp,0,0,0
19930831,4153,GOG',NYSE,13.625,13.625,5479,0,Gerrity Oil & Gas Corp,0,0,0
19930901,4153,GOG',NYSE,14,14,4400,0,Gerrity Oil & Gas Corp,0,0,0
19930902,4153,GOG',NYSE,14.125,14.125,1817,0,Gerrity Oil & Gas Corp,0,0,0
19930903,4153,GOG',NYSE,14.375,14.375,2136,0,Gerrity Oil & Gas Corp,0,0,0
19930907,4153,GOG',NYSE,14.5,14.5,1290,0,Gerrity Oil & Gas Corp,0,0,0
19930908,4153,GOG',NYSE,14.125,14.125,2747,0,Gerrity Oil & Gas Corp,0,0,0
19930909,4153,GOG',NYSE,14.25,14.25,1193,0,Gerrity Oil & Gas Corp,0,0,0
19930910,4153,GOG',NYSE,14.125,14.125,892,0,Gerrity Oil & Gas Corp,0,0,0
19930913,4153,GOG',NYSE,14,14,2533,0,Gerrity Oil & Gas Corp,0,0,0
19930914,4153,GOG',NYSE,13.25,13.25,2110,0,Gerrity Oil & Gas Corp,0,0,0
19930915,4153,GOG',NYSE,13.875,13.875,688,0,Gerrity Oil & Gas Corp,0,0,0
19930916,4153,GOG',NYSE,14.125,14.125,1638,0,Gerrity Oil & Gas Corp,0,0,0
19930917,4153,GOG',NYSE,14.375,14.375,2426,0,Gerrity Oil & Gas Corp,0,0,0
19930920,4153,GOG',NYSE,14.5,14.5,495,0,Gerrity Oil & Gas Corp,0,0,0
19930921,4153,GOG',NYSE,14.5,14.5,325,0,Gerrity Oil & Gas Corp,0,0,0
19930922,4153,GOG',NYSE,14,14,1140,0,Gerrity Oil & Gas Corp,0,0,0
19930923,4153,GOG',NYSE,13.75,13.75,314,0,Gerrity Oil & Gas Corp,0,0,0
19930924,4153,GOG',NYSE,14,14,336,0,Gerrity Oil & Gas Corp,0,0,0
19930927,4153,GOG',NYSE,13.875,13.875,2388,0,Gerrity Oil & Gas Corp,0,0,0
19930928,4153,GOG',NYSE,13.75,13.75,60,0,Gerrity Oil & Gas Corp,0,0,0
19930929,4153,GOG',NYSE,14,14,8522,0,Gerrity Oil & Gas Corp,0,0,0
19930930,4153,GOG',NYSE,14.25,14.25,851,0,Gerrity Oil & Gas Corp,0,0,0
19931001,4153,GOG',NYSE,15.5,15.5,5271,0,Gerrity Oil & Gas Corp,0,0,0
19931004,4153,GOG',NYSE,15.5,15.5,7439,0,Gerrity Oil & Gas Corp,0,0,0
19931005,4153,GOG',NYSE,15.5,15.5,2117,0,Gerrity Oil & Gas Corp,0,0,0
19931006,4153,GOG',NYSE,15.5,15.5,826,0,Gerrity Oil & Gas Corp,0,0,0
19931007,4153,GOG',NYSE,15,15,218,0,Gerrity Oil & Gas Corp,0,0,0
19931008,4153,GOG',NYSE,15.5,15.5,3580,0,Gerrity Oil & Gas Corp,0,0,0
19931011,4153,GOG',NYSE,15.875,15.875,1178,0,Gerrity Oil & Gas Corp,0,0,0
19931012,4153,GOG',NYSE,15.75,15.75,1025,0,Gerrity Oil & Gas Corp,0,0,0
19931013,4153,GOG',NYSE,15.375,15.375,436,0,Gerrity Oil & Gas Corp,0,0,0
19931014,4153,GOG',NYSE,17,17,4096,0,Gerrity Oil & Gas Corp,0,0,0
19931015,4153,GOG',NYSE,16.75,16.75,1054,0,Gerrity Oil & Gas Corp,0,0,0
19931018,4153,GOG',NYSE,16.375,16.375,1386,0,Gerrity Oil & Gas Corp,0,0,0
19931019,4153,GOG',NYSE,15.75,15.75,652,0,Gerrity Oil & Gas Corp,0,0,0
19931020,4153,GOG',NYSE,16.75,16.75,3418,0,Gerrity Oil & Gas Corp,0,0,0
19931021,4153,GOG',NYSE,17.75,17.75,3213,0,Gerrity Oil & Gas Corp,0,0,0
19931022,4153,GOG',NYSE,17.375,17.375,2194,0,Gerrity Oil & Gas Corp,0,0,0
19931025,4153,GOG',NYSE,16.875,16.875,1045,0,Gerrity Oil & Gas Corp,0,0,0
19931026,4153,GOG',NYSE,16.875,16.875,717,0,Gerrity Oil & Gas Corp,0,0,0
19931027,4153,GOG',NYSE,17,17,774,0,Gerrity Oil & Gas Corp,0,0,0
19931028,4153,GOG',NYSE,16.75,16.75,1283,0,Gerrity Oil & Gas Corp,0,0,0
19931029,4153,GOG',NYSE,16.875,16.875,108,0,Gerrity Oil & Gas Corp,0,0,0
19931101,4153,GOG',NYSE,16.75,16.75,1375,0,Gerrity Oil & Gas Corp,0,0,0
19931102,4153,GOG',NYSE,16.375,16.375,2058,0,Gerrity Oil & Gas Corp,0,0,0
19931103,4153,GOG',NYSE,16,16,1309,0,Gerrity Oil & Gas Corp,0,0,0
19931104,4153,GOG',NYSE,16.25,16.25,879,0,Gerrity Oil & Gas Corp,0,0,0
19931105,4153,GOG',NYSE,16,16,530,0,Gerrity Oil & Gas Corp,0,0,0
19931108,4153,GOG',NYSE,16.375,16.375,324,0,Gerrity Oil & Gas Corp,0,0,0
19931109,4153,GOG',NYSE,16,16,677,0,Gerrity Oil & Gas Corp,0,0,0
19931110,4153,GOG',NYSE,16,16,534,0,Gerrity Oil & Gas Corp,0,0,0
19931111,4153,GOG',NYSE,16,16,1474,0,Gerrity Oil & Gas Corp,0,0,0
19931112,4153,GOG',NYSE,15.5,15.5,2827,0,Gerrity Oil & Gas Corp,0,0,0
19931115,4153,GOG',NYSE,15.375,15.375,390,0,Gerrity Oil & Gas Corp,0,0,0
19931116,4153,GOG',NYSE,15.375,15.375,594,0,Gerrity Oil & Gas Corp,0,0,0
19931117,4153,GOG',NYSE,16,16,1857,0,Gerrity Oil & Gas Corp,0,0,0
19931118,4153,GOG',NYSE,15.75,15.75,339,0,Gerrity Oil & Gas Corp,0,0,0
19931119,4153,GOG',NYSE,15.375,15.375,338,0,Gerrity Oil & Gas Corp,0,0,0
19931122,4153,GOG',NYSE,13.75,13.75,1438,0,Gerrity Oil & Gas Corp,0,0,0
19931123,4153,GOG',NYSE,14,14,1397,0,Gerrity Oil & Gas Corp,0,0,0
19931124,4153,GOG',NYSE,13.875,13.875,991,0,Gerrity Oil & Gas Corp,0,0,0
19931126,4153,GOG',NYSE,14,14,166,0,Gerrity Oil & Gas Corp,0,0,0
19931129,4153,GOG',NYSE,13.375,13.375,666,0,Gerrity Oil & Gas Corp,0,0,0
19931130,4153,GOG',NYSE,12.75,12.75,1324,0,Gerrity Oil & Gas Corp,0,0,0
19931201,4153,GOG',NYSE,13.75,13.75,997,0,Gerrity Oil & Gas Corp,0,0,0
19931202,4153,GOG',NYSE,13,13,1166,0,Gerrity Oil & Gas Corp,0,0,0
19931203,4153,GOG',NYSE,13.25,13.25,1631,0,Gerrity Oil & Gas Corp,0,0,0
19931206,4153,GOG',NYSE,13,13,268,0,Gerrity Oil & Gas Corp,0,0,0
19931207,4153,GOG',NYSE,12.75,12.75,612,0,Gerrity Oil & Gas Corp,0,0,0
19931208,4153,GOG',NYSE,12.625,12.625,374,0,Gerrity Oil & Gas Corp,0,0,0
19931209,4153,GOG',NYSE,11.625,11.625,747,0,Gerrity Oil & Gas Corp,0,0,0
19931210,4153,GOG',NYSE,12.375,12.375,983,0,Gerrity Oil & Gas Corp,0,0,0
19931213,4153,GOG',NYSE,12.125,12.125,487,0,Gerrity Oil & Gas Corp,0,0,0
19931214,4153,GOG',NYSE,12,12,501,0,Gerrity Oil & Gas Corp,0,0,0
19931215,4153,GOG',NYSE,12,12,123,0,Gerrity Oil & Gas Corp,0,0,0
19931216,4153,GOG',NYSE,11.875,11.875,535,0,Gerrity Oil & Gas Corp,0,0,0
19931217,4153,GOG',NYSE,11.625,11.625,677,0,Gerrity Oil & Gas Corp,0,0,0
19931220,4153,GOG',NYSE,11.375,11.375,1739,0,Gerrity Oil & Gas Corp,0,0,0
19931221,4153,GOG',NYSE,11,11,868,0,Gerrity Oil & Gas Corp,0,0,0
19931222,4153,GOG',NYSE,11.375,11.375,619,0,Gerrity Oil & Gas Corp,0,0,0
19931223,4153,GOG',NYSE,11.625,11.625,499,0,Gerrity Oil & Gas Corp,0,0,0
19931227,4153,GOG',NYSE,12,12,1131,0,Gerrity Oil & Gas Corp,0,0,0
19931228,4153,GOG',NYSE,12,12,468,0,Gerrity Oil & Gas Corp,0,0,0
19931229,4153,GOG',NYSE,12,12,539,0,Gerrity Oil & Gas Corp,0,0,0
19931230,4153,GOG',NYSE,11.625,11.625,135,0,Gerrity Oil & Gas Corp,0,0,0
19931231,4153,GOG',NYSE,11.625,11.625,407,0,Gerrity Oil & Gas Corp,0,0,0
19940103,4153,GOG',NYSE,11.75,11.75,338,0,Gerrity Oil & Gas Corp,0,0,0
19940104,4153,GOG',NYSE,12,12,648,0,Gerrity Oil & Gas Corp,0,0,0
19940105,4153,GOG',NYSE,12.125,12.125,1919,0,Gerrity Oil & Gas Corp,0,0,0
19940106,4153,GOG',NYSE,10.625,10.625,2600,0,Gerrity Oil & Gas Corp,0,0,0
19940107,4153,GOG',NYSE,10.5,10.5,4618,0,Gerrity Oil & Gas Corp,0,0,0
19940110,4153,GOG',NYSE,10.625,10.625,2703,0,Gerrity Oil & Gas Corp,0,0,0
19940111,4153,GOG',NYSE,10.75,10.75,566,0,Gerrity Oil & Gas Corp,0,0,0
19940112,4153,GOG',NYSE,10.375,10.375,1343,0,Gerrity Oil & Gas Corp,0,0,0
19940113,4153,GOG',NYSE,10.5,10.5,873,0,Gerrity Oil & Gas Corp,0,0,0
19940114,4153,GOG',NYSE,9.875,9.875,13142,0,Gerrity Oil & Gas Corp,0,0,0
19940117,4153,GOG',NYSE,10.125,10.125,2910,0,Gerrity Oil & Gas Corp,0,0,0
19940118,4153,GOG',NYSE,10.125,10.125,837,0,Gerrity Oil & Gas Corp,0,0,0
19940119,4153,GOG',NYSE,10,10,645,0,Gerrity Oil & Gas Corp,0,0,0
19940120,4153,GOG',NYSE,10.5,10.5,1625,0,Gerrity Oil & Gas Corp,0,0,0
19940121,4153,GOG',NYSE,10,10,467,0,Gerrity Oil & Gas Corp,0,0,0
19940124,4153,GOG',NYSE,9.875,9.875,716,0,Gerrity Oil & Gas Corp,0,0,0
19940125,4153,GOG',NYSE,10.125,10.125,946,0,Gerrity Oil & Gas Corp,0,0,0
19940126,4153,GOG',NYSE,10.5,10.5,940,0,Gerrity Oil & Gas Corp,0,0,0
19940127,4153,GOG',NYSE,10.625,10.625,624,0,Gerrity Oil & Gas Corp,0,0,0
19940128,4153,GOG',NYSE,10.375,10.375,546,0,Gerrity Oil & Gas Corp,0,0,0
19940131,4153,GOG',NYSE,10.625,10.625,558,0,Gerrity Oil & Gas Corp,0,0,0
19940201,4153,GOG',NYSE,10.375,10.375,428,0,Gerrity Oil & Gas Corp,0,0,0
19940202,4153,GOG',NYSE,10.875,10.875,2159,0,Gerrity Oil & Gas Corp,0,0,0
19940203,4153,GOG',NYSE,10.625,10.625,380,0,Gerrity Oil & Gas Corp,0,0,0
19940204,4153,GOG',NYSE,10.375,10.375,776,0,Gerrity Oil & Gas Corp,0,0,0
19940207,4153,GOG',NYSE,10.125,10.125,596,0,Gerrity Oil & Gas Corp,0,0,0
19940208,4153,GOG',NYSE,10,10,1681,0,Gerrity Oil & Gas Corp,0,0,0
19940209,4153,GOG',NYSE,9.5,9.5,2514,0,Gerrity Oil & Gas Corp,0,0,0
19940210,4153,GOG',NYSE,9.625,9.625,1018,0,Gerrity Oil & Gas Corp,0,0,0
19940211,4153,GOG',NYSE,9.5,9.5,479,0,Gerrity Oil & Gas Corp,0,0,0
19940214,4153,GOG',NYSE,9.625,9.625,521,0,Gerrity Oil & Gas Corp,0,0,0
19940215,4153,GOG',NYSE,9.625,9.625,594,0,Gerrity Oil & Gas Corp,0,0,0
19940216,4153,GOG',NYSE,9.75,9.75,467,0,Gerrity Oil & Gas Corp,0,0,0
19940217,4153,GOG',NYSE,9.5,9.5,281,0,Gerrity Oil & Gas Corp,0,0,0
19940218,4153,GOG',NYSE,9.625,9.625,688,0,Gerrity Oil & Gas Corp,0,0,0
19940222,4153,GOG',NYSE,9.5,9.5,523,0,Gerrity Oil & Gas Corp,0,0,0
19940223,4153,GOG',NYSE,9.625,9.625,276,0,Gerrity Oil & Gas Corp,0,0,0
19940224,4153,GOG',NYSE,9.625,9.625,190,0,Gerrity Oil & Gas Corp,0,0,0
19940225,4153,GOG',NYSE,9.625,9.625,308,0,Gerrity Oil & Gas Corp,0,0,0
19940228,4153,GOG',NYSE,9.875,9.875,389,0,Gerrity Oil & Gas Corp,0,0,0
19940301,4153,GOG',NYSE,9.625,9.625,922,0,Gerrity Oil & Gas Corp,0,0,0
19940302,4153,GOG',NYSE,9.5,9.5,973,0,Gerrity Oil & Gas Corp,0,0,0
19940303,4153,GOG',NYSE,9.5,9.5,2146,0,Gerrity Oil & Gas Corp,0,0,0
19940304,4153,GOG',NYSE,9.5,9.5,135,0,Gerrity Oil & Gas Corp,0,0,0
19940307,4153,GOG',NYSE,9.625,9.625,403,0,Gerrity Oil & Gas Corp,0,0,0
19940308,4153,GOG',NYSE,9.75,9.75,348,0,Gerrity Oil & Gas Corp,0,0,0
19940309,4153,GOG',NYSE,9.75,9.75,763,0,Gerrity Oil & Gas Corp,0,0,0
19940310,4153,GOG',NYSE,9.625,9.625,152,0,Gerrity Oil & Gas Corp,0,0,0
19940311,4153,GOG',NYSE,9.5,9.5,233,0,Gerrity Oil & Gas Corp,0,0,0
19940314,4153,GOG',NYSE,9.5,9.5,363,0,Gerrity Oil & Gas Corp,0,0,0
19940315,4153,GOG',NYSE,9.5,9.5,370,0,Gerrity Oil & Gas Corp,0,0,0
19940316,4153,GOG',NYSE,9.75,9.75,615,0,Gerrity Oil & Gas Corp,0,0,0
19940317,4153,GOG',NYSE,10.375,10.375,2148,0,Gerrity Oil & Gas Corp,0,0,0
19940318,4153,GOG',NYSE,10.125,10.125,590,0,Gerrity Oil & Gas Corp,0,0,0
19940321,4153,GOG',NYSE,10,10,192,0,Gerrity Oil & Gas Corp,0,0,0
19940322,4153,GOG',NYSE,10.25,10.25,502,0,Gerrity Oil & Gas Corp,0,0,0
19940323,4153,GOG',NYSE,10,10,459,0,Gerrity Oil & Gas Corp,0,0,0
19940324,4153,GOG',NYSE,10,10,90,0,Gerrity Oil & Gas Corp,0,0,0
19940325,4153,GOG',NYSE,10,10,144,0,Gerrity Oil & Gas Corp,0,0,0
19940328,4153,GOG',NYSE,9.625,9.625,442,0,Gerrity Oil & Gas Corp,0,0,0
19940329,4153,GOG',NYSE,9.625,9.625,597,0,Gerrity Oil & Gas Corp,0,0,0
19940330,4153,GOG',NYSE,9.625,9.625,649,0,Gerrity Oil & Gas Corp,0,0,0
19940331,4153,GOG',NYSE,9.375,9.375,194,0,Gerrity Oil & Gas Corp,0,0,0
19940404,4153,GOG',NYSE,9,9,654,0,Gerrity Oil & Gas Corp,0,0,0
19940405,4153,GOG',NYSE,8.625,8.625,453,0,Gerrity Oil & Gas Corp,0,0,0
19940406,4153,GOG',NYSE,8.5,8.5,1253,0,Gerrity Oil & Gas Corp,0,0,0
19940407,4153,GOG',NYSE,8.25,8.25,493,0,Gerrity Oil & Gas Corp,0,0,0
19940408,4153,GOG',NYSE,8.25,8.25,530,0,Gerrity Oil & Gas Corp,0,0,0
19940411,4153,GOG',NYSE,8.5,8.5,334,0,Gerrity Oil & Gas Corp,0,0,0
19940412,4153,GOG',NYSE,8.125,8.125,633,0,Gerrity Oil & Gas Corp,0,0,0
19940413,4153,GOG',NYSE,8,8,1444,0,Gerrity Oil & Gas Corp,0,0,0
19940414,4153,GOG',NYSE,8.125,8.125,186,0,Gerrity Oil & Gas Corp,0,0,0
19940415,4153,GOG',NYSE,8,8,1725,0,Gerrity Oil & Gas Corp,0,0,0
19940418,4153,GOG',NYSE,7.5,7.5,877,0,Gerrity Oil & Gas Corp,0,0,0
19940419,4153,GOG',NYSE,7.25,7.25,292,0,Gerrity Oil & Gas Corp,0,0,0
19940420,4153,GOG',NYSE,7.375,7.375,277,0,Gerrity Oil & Gas Corp,0,0,0
19940421,4153,GOG',NYSE,7.5,7.5,863,0,Gerrity Oil & Gas Corp,0,0,0
19940422,4153,GOG',NYSE,7.625,7.625,194,0,Gerrity Oil & Gas Corp,0,0,0
19940425,4153,GOG',NYSE,7.625,7.625,863,0,Gerrity Oil & Gas Corp,0,0,0
19940426,4153,GOG',NYSE,7.5,7.5,1082,0,Gerrity Oil & Gas Corp,0,0,0
19940428,4153,GOG',NYSE,7.5,7.5,1925,0,Gerrity Oil & Gas Corp,0,0,0
19940429,4153,GOG',NYSE,7.625,7.625,414,0,Gerrity Oil & Gas Corp,0,0,0
19940502,4153,GOG',NYSE,7.375,7.375,464,0,Gerrity Oil & Gas Corp,0,0,0
19940503,4153,GOG',NYSE,7.375,7.375,431,0,Gerrity Oil & Gas Corp,0,0,0
19940504,4153,GOG',NYSE,7,7,805,0,Gerrity Oil & Gas Corp,0,0,0
19940505,4153,GOG',NYSE,7,7,595,0,Gerrity Oil & Gas Corp,0,0,0
19940506,4153,GOG',NYSE,6.875,6.875,723,0,Gerrity Oil & Gas Corp,0,0,0
19940509,4153,GOG',NYSE,6.75,6.75,189,0,Gerrity Oil & Gas Corp,0,0,0
19940510,4153,GOG',NYSE,6.875,6.875,477,0,Gerrity Oil & Gas Corp,0,0,0
19940511,4153,GOG',NYSE,6.875,6.875,831,0,Gerrity Oil & Gas Corp,0,0,0
19940512,4153,GOG',NYSE,6.75,6.75,647,0,Gerrity Oil & Gas Corp,0,0,0
19940513,4153,GOG',NYSE,6.5,6.5,484,0,Gerrity Oil & Gas Corp,0,0,0
19940516,4153,GOG',NYSE,6.375,6.375,451,0,Gerrity Oil & Gas Corp,0,0,0
19940517,4153,GOG',NYSE,6.375,6.375,586,0,Gerrity Oil & Gas Corp,0,0,0
19940518,4153,GOG',NYSE,6.375,6.375,219,0,Gerrity Oil & Gas Corp,0,0,0
19940519,4153,GOG',NYSE,7,7,3155,0,Gerrity Oil & Gas Corp,0,0,0
19940520,4153,GOG',NYSE,7.375,7.375,540,0,Gerrity Oil & Gas Corp,0,0,0
19940523,4153,GOG',NYSE,7.375,7.375,224,0,Gerrity Oil & Gas Corp,0,0,0
19940524,4153,GOG',NYSE,7.5,7.5,279,0,Gerrity Oil & Gas Corp,0,0,0
19940525,4153,GOG',NYSE,7.5,7.5,253,0,Gerrity Oil & Gas Corp,0,0,0
19940526,4153,GOG',NYSE,7.5,7.5,372,0,Gerrity Oil & Gas Corp,0,0,0
19940527,4153,GOG',NYSE,7.5,7.5,302,0,Gerrity Oil & Gas Corp,0,0,0
19940531,4153,GOG',NYSE,7.375,7.375,183,0,Gerrity Oil & Gas Corp,0,0,0
19940601,4153,GOG',NYSE,7.375,7.375,777,0,Gerrity Oil & Gas Corp,0,0,0
19940602,4153,GOG',NYSE,7.5,7.5,502,0,Gerrity Oil & Gas Corp,0,0,0
19940603,4153,GOG',NYSE,8,8,916,0,Gerrity Oil & Gas Corp,0,0,0
19940606,4153,GOG',NYSE,8.375,8.375,893,0,Gerrity Oil & Gas Corp,0,0,0
19940607,4153,GOG',NYSE,8.125,8.125,604,0,Gerrity Oil & Gas Corp,0,0,0
19940608,4153,GOG',NYSE,8.125,8.125,457,0,Gerrity Oil & Gas Corp,0,0,0
19940609,4153,GOG',NYSE,8.125,8.125,339,0,Gerrity Oil & Gas Corp,0,0,0
19940610,4153,GOG',NYSE,8.25,8.25,495,0,Gerrity Oil & Gas Corp,0,0,0
19940613,4153,GOG',NYSE,8.375,8.375,106,0,Gerrity Oil & Gas Corp,0,0,0
19940614,4153,GOG',NYSE,8.125,8.125,531,0,Gerrity Oil & Gas Corp,0,0,0
19940615,4153,GOG',NYSE,8.375,8.375,541,0,Gerrity Oil & Gas Corp,0,0,0
19940616,4153,GOG',NYSE,8.5,8.5,161,0,Gerrity Oil & Gas Corp,0,0,0
19940617,4153,GOG',NYSE,8.5,8.5,192,0,Gerrity Oil & Gas Corp,0,0,0
19940620,4153,GOG',NYSE,8.25,8.25,358,0,Gerrity Oil & Gas Corp,0,0,0
19940621,4153,GOG',NYSE,8.375,8.375,239,0,Gerrity Oil & Gas Corp,0,0,0
19940622,4153,GOG',NYSE,8.5,8.5,627,0,Gerrity Oil & Gas Corp,0,0,0
19940623,4153,GOG',NYSE,9,9,3233,0,Gerrity Oil & Gas Corp,0,0,0
19940624,4153,GOG',NYSE,8.875,8.875,319,0,Gerrity Oil & Gas Corp,0,0,0
19940627,4153,GOG',NYSE,8.75,8.75,565,0,Gerrity Oil & Gas Corp,0,0,0
19940628,4153,GOG',NYSE,8.875,8.875,655,0,Gerrity Oil & Gas Corp,0,0,0
19940629,4153,GOG',NYSE,9,9,165,0,Gerrity Oil & Gas Corp,0,0,0
19940630,4153,GOG',NYSE,9.125,9.125,40,0,Gerrity Oil & Gas Corp,0,0,0
19940701,4153,GOG',NYSE,9.25,9.25,244,0,Gerrity Oil & Gas Corp,0,0,0
19940705,4153,GOG',NYSE,9.5,9.5,196,0,Gerrity Oil & Gas Corp,0,0,0
19940706,4153,GOG',NYSE,9.75,9.75,599,0,Gerrity Oil & Gas Corp,0,0,0
19940707,4153,GOG',NYSE,9.75,9.75,816,0,Gerrity Oil & Gas Corp,0,0,0
19940708,4153,GOG',NYSE,9.75,9.75,411,0,Gerrity Oil & Gas Corp,0,0,0
19940711,4153,GOG',NYSE,9.625,9.625,362,0,Gerrity Oil & Gas Corp,0,0,0
19940712,4153,GOG',NYSE,9.5,9.5,261,0,Gerrity Oil & Gas Corp,0,0,0
19940713,4153,GOG',NYSE,9.125,9.125,479,0,Gerrity Oil & Gas Corp,0,0,0
19940714,4153,GOG',NYSE,9,9,242,0,Gerrity Oil & Gas Corp,0,0,0
19940715,4153,GOG',NYSE,9.25,9.25,129,0,Gerrity Oil & Gas Corp,0,0,0
19940718,4153,GOG',NYSE,8.875,8.875,74,0,Gerrity Oil & Gas Corp,0,0,0
19940719,4153,GOG',NYSE,8.875,8.875,307,0,Gerrity Oil & Gas Corp,0,0,0
19940720,4153,GOG',NYSE,8.5,8.5,233,0,Gerrity Oil & Gas Corp,0,0,0
19940721,4153,GOG',NYSE,8.5,8.5,197,0,Gerrity Oil & Gas Corp,0,0,0
19940722,4153,GOG',NYSE,8.625,8.625,381,0,Gerrity Oil & Gas Corp,0,0,0
19940725,4153,GOG',NYSE,8.75,8.75,333,0,Gerrity Oil & Gas Corp,0,0,0
19940726,4153,GOG',NYSE,8.5,8.5,447,0,Gerrity Oil & Gas Corp,0,0,0
19940727,4153,GOG',NYSE,8.125,8.125,446,0,Gerrity Oil & Gas Corp,0,0,0
19940728,4153,GOG',NYSE,8.25,8.25,263,0,Gerrity Oil & Gas Corp,0,0,0
19940729,4153,GOG',NYSE,8.5,8.5,382,0,Gerrity Oil & Gas Corp,0,0,0
19940801,4153,GOG',NYSE,8.5,8.5,255,0,Gerrity Oil & Gas Corp,0,0,0
19940802,4153,GOG',NYSE,8.5,8.5,95,0,Gerrity Oil & Gas Corp,0,0,0
19940803,4153,GOG',NYSE,8.5,8.5,435,0,Gerrity Oil & Gas Corp,0,0,0
19940804,4153,GOG',NYSE,8.375,8.375,104,0,Gerrity Oil & Gas Corp,0,0,0
19940805,4153,GOG',NYSE,8.5,8.5,143,0,Gerrity Oil & Gas Corp,0,0,0
19940808,4153,GOG',NYSE,8.75,8.75,229,0,Gerrity Oil & Gas Corp,0,0,0
19940809,4153,GOG',NYSE,8.875,8.875,410,0,Gerrity Oil & Gas Corp,0,0,0
19940810,4153,GOG',NYSE,8.625,8.625,197,0,Gerrity Oil & Gas Corp,0,0,0
19940811,4153,GOG',NYSE,8.375,8.375,920,0,Gerrity Oil & Gas Corp,0,0,0
19940812,4153,GOG',NYSE,8.5,8.5,96,0,Gerrity Oil & Gas Corp,0,0,0
19940815,4153,GOG',NYSE,8.625,8.625,108,0,Gerrity Oil & Gas Corp,0,0,0
19940816,4153,GOG',NYSE,8.5,8.5,94,0,Gerrity Oil & Gas Corp,0,0,0
19940817,4153,GOG',NYSE,8.5,8.5,346,0,Gerrity Oil & Gas Corp,0,0,0
19940818,4153,GOG',NYSE,8.375,8.375,104,0,Gerrity Oil & Gas Corp,0,0,0
19940819,4153,GOG',NYSE,8.25,8.25,506,0,Gerrity Oil & Gas Corp,0,0,0
19940822,4153,GOG',NYSE,8.375,8.375,236,0,Gerrity Oil & Gas Corp,0,0,0
19940823,4153,GOG',NYSE,8.75,8.75,229,0,Gerrity Oil & Gas Corp,0,0,0
19940824,4153,GOG',NYSE,8.625,8.625,145,0,Gerrity Oil & Gas Corp,0,0,0
19940825,4153,GOG',NYSE,8.75,8.75,163,0,Gerrity Oil & Gas Corp,0,0,0
19940826,4153,GOG',NYSE,8.5,8.5,227,0,Gerrity Oil & Gas Corp,0,0,0
19940829,4153,GOG',NYSE,8.375,8.375,233,0,Gerrity Oil & Gas Corp,0,0,0
19940830,4153,GOG',NYSE,8,8,169,0,Gerrity Oil & Gas Corp,0,0,0
19940831,4153,GOG',NYSE,7.75,7.75,256,0,Gerrity Oil & Gas Corp,0,0,0
19940901,4153,GOG',NYSE,7.625,7.625,493,0,Gerrity Oil & Gas Corp,0,0,0
19940902,4153,GOG',NYSE,7.625,7.625,513,0,Gerrity Oil & Gas Corp,0,0,0
19940906,4153,GOG',NYSE,7.625,7.625,72,0,Gerrity Oil & Gas Corp,0,0,0
19940907,4153,GOG',NYSE,7.75,7.75,593,0,Gerrity Oil & Gas Corp,0,0,0
19940908,4153,GOG',NYSE,7.625,7.625,616,0,Gerrity Oil & Gas Corp,0,0,0
19940909,4153,GOG',NYSE,7.625,7.625,192,0,Gerrity Oil & Gas Corp,0,0,0
19940912,4153,GOG',NYSE,7.5,7.5,105,0,Gerrity Oil & Gas Corp,0,0,0
19940913,4153,GOG',NYSE,7.375,7.375,100,0,Gerrity Oil & Gas Corp,0,0,0
19940914,4153,GOG',NYSE,7.5,7.5,698,0,Gerrity Oil & Gas Corp,0,0,0
19940915,4153,GOG',NYSE,7.625,7.625,369,0,Gerrity Oil & Gas Corp,0,0,0
19940916,4153,GOG',NYSE,7.5,7.5,232,0,Gerrity Oil & Gas Corp,0,0,0
19940919,4153,GOG',NYSE,7.625,7.625,294,0,Gerrity Oil & Gas Corp,0,0,0
19940920,4153,GOG',NYSE,7.625,7.625,231,0,Gerrity Oil & Gas Corp,0,0,0
19940921,4153,GOG',NYSE,7.75,7.75,356,0,Gerrity Oil & Gas Corp,0,0,0
19940922,4153,GOG',NYSE,7.5,7.5,212,0,Gerrity Oil & Gas Corp,0,0,0
19940923,4153,GOG',NYSE,7.5,7.5,231,0,Gerrity Oil & Gas Corp,0,0,0
19940926,4153,GOG',NYSE,7.5,7.5,206,0,Gerrity Oil & Gas Corp,0,0,0
19940927,4153,GOG',NYSE,7.375,7.375,288,0,Gerrity Oil & Gas Corp,0,0,0
19940928,4153,GOG',NYSE,7.25,7.25,71,0,Gerrity Oil & Gas Corp,0,0,0
19940929,4153,GOG',NYSE,7.125,7.125,586,0,Gerrity Oil & Gas Corp,0,0,0
19940930,4153,GOG',NYSE,7,7,555,0,Gerrity Oil & Gas Corp,0,0,0
19941003,4153,GOG',NYSE,6.75,6.75,1357,0,Gerrity Oil & Gas Corp,0,0,0
19941004,4153,GOG',NYSE,6.5,6.5,847,0,Gerrity Oil & Gas Corp,0,0,0
19941005,4153,GOG',NYSE,6.25,6.25,1307,0,Gerrity Oil & Gas Corp,0,0,0
19941006,4153,GOG',NYSE,6.5,6.5,251,0,Gerrity Oil & Gas Corp,0,0,0
19941007,4153,GOG',NYSE,6.375,6.375,734,0,Gerrity Oil & Gas Corp,0,0,0
19941010,4153,GOG',NYSE,6.5,6.5,1064,0,Gerrity Oil & Gas Corp,0,0,0
19941011,4153,GOG',NYSE,6.375,6.375,283,0,Gerrity Oil & Gas Corp,0,0,0
19941012,4153,GOG',NYSE,6.25,6.25,356,0,Gerrity Oil & Gas Corp,0,0,0
19941013,4153,GOG',NYSE,6.625,6.625,168,0,Gerrity Oil & Gas Corp,0,0,0
19941014,4153,GOG',NYSE,6.75,6.75,295,0,Gerrity Oil & Gas Corp,0,0,0
19941017,4153,GOG',NYSE,6.5,6.5,335,0,Gerrity Oil & Gas Corp,0,0,0
19941018,4153,GOG',NYSE,6.5,6.5,516,0,Gerrity Oil & Gas Corp,0,0,0
19941019,4153,GOG',NYSE,6.375,6.375,519,0,Gerrity Oil & Gas Corp,0,0,0
19941020,4153,GOG',NYSE,6.25,6.25,330,0,Gerrity Oil & Gas Corp,0,0,0
19941021,4153,GOG',NYSE,6,6,562,0,Gerrity Oil & Gas Corp,0,0,0
19941024,4153,GOG',NYSE,6.125,6.125,111,0,Gerrity Oil & Gas Corp,0,0,0
19941025,4153,GOG',NYSE,6.125,6.125,107,0,Gerrity Oil & Gas Corp,0,0,0
19941026,4153,GOG',NYSE,5.875,5.875,369,0,Gerrity Oil & Gas Corp,0,0,0
19941027,4153,GOG',NYSE,6,6,180,0,Gerrity Oil & Gas Corp,0,0,0
19941028,4153,GOG',NYSE,6,6,587,0,Gerrity Oil & Gas Corp,0,0,0
19941031,4153,GOG',NYSE,5.875,5.875,517,0,Gerrity Oil & Gas Corp,0,0,0
19941101,4153,GOG',NYSE,5.75,5.75,178,0,Gerrity Oil & Gas Corp,0,0,0
19941102,4153,GOG',NYSE,6,6,652,0,Gerrity Oil & Gas Corp,0,0,0
19941103,4153,GOG',NYSE,6.125,6.125,195,0,Gerrity Oil & Gas Corp,0,0,0
19941104,4153,GOG',NYSE,5.875,5.875,221,0,Gerrity Oil & Gas Corp,0,0,0
19941107,4153,GOG',NYSE,5.875,5.875,229,0,Gerrity Oil & Gas Corp,0,0,0
19941108,4153,GOG',NYSE,5.75,5.75,435,0,Gerrity Oil & Gas Corp,0,0,0
19941109,4153,GOG',NYSE,5.875,5.875,118,0,Gerrity Oil & Gas Corp,0,0,0
19941110,4153,GOG',NYSE,5.75,5.75,131,0,Gerrity Oil & Gas Corp,0,0,0
19941111,4153,GOG',NYSE,5.75,5.75,106,0,Gerrity Oil & Gas Corp,0,0,0
19941114,4153,GOG',NYSE,5.75,5.75,273,0,Gerrity Oil & Gas Corp,0,0,0
19941115,4153,GOG',NYSE,5.625,5.625,53,0,Gerrity Oil & Gas Corp,0,0,0
19941116,4153,GOG',NYSE,5.75,5.75,76,0,Gerrity Oil & Gas Corp,0,0,0
19941117,4153,GOG',NYSE,5.75,5.75,115,0,Gerrity Oil & Gas Corp,0,0,0
19941118,4153,GOG',NYSE,5.875,5.875,349,0,Gerrity Oil & Gas Corp,0,0,0
19941121,4153,GOG',NYSE,5.75,5.75,344,0,Gerrity Oil & Gas Corp,0,0,0
19941122,4153,GOG',NYSE,5.5,5.5,401,0,Gerrity Oil & Gas Corp,0,0,0
19941123,4153,GOG',NYSE,5.5,5.5,214,0,Gerrity Oil & Gas Corp,0,0,0
19941125,4153,GOG',NYSE,5.375,5.375,43,0,Gerrity Oil & Gas Corp,0,0,0
19941128,4153,GOG',NYSE,5.25,5.25,253,0,Gerrity Oil & Gas Corp,0,0,0
19941129,4153,GOG',NYSE,5.25,5.25,419,0,Gerrity Oil & Gas Corp,0,0,0
19941130,4153,GOG',NYSE,5.25,5.25,369,0,Gerrity Oil & Gas Corp,0,0,0
19941201,4153,GOG',NYSE,5.25,5.25,65,0,Gerrity Oil & Gas Corp,0,0,0
19941202,4153,GOG',NYSE,5,5,478,0,Gerrity Oil & Gas Corp,0,0,0
19941205,4153,GOG',NYSE,5.125,5.125,626,0,Gerrity Oil & Gas Corp,0,0,0
19941206,4153,GOG',NYSE,5,5,342,0,Gerrity Oil & Gas Corp,0,0,0
19941207,4153,GOG',NYSE,4.75,4.75,467,0,Gerrity Oil & Gas Corp,0,0,0
19941208,4153,GOG',NYSE,4.5,4.5,697,0,Gerrity Oil & Gas Corp,0,0,0
19941209,4153,GOG',NYSE,4.625,4.625,277,0,Gerrity Oil & Gas Corp,0,0,0
19941212,4153,GOG',NYSE,4.5,4.5,533,0,Gerrity Oil & Gas Corp,0,0,0
19941213,4153,GOG',NYSE,4.25,4.25,352,0,Gerrity Oil & Gas Corp,0,0,0
19941214,4153,GOG',NYSE,4.375,4.375,238,0,Gerrity Oil & Gas Corp,0,0,0
19941215,4153,GOG',NYSE,4.375,4.375,404,0,Gerrity Oil & Gas Corp,0,0,0
19941216,4153,GOG',NYSE,4.25,4.25,581,0,Gerrity Oil & Gas Corp,0,0,0
19941219,4153,GOG',NYSE,4.25,4.25,85,0,Gerrity Oil & Gas Corp,0,0,0
19941220,4153,GOG',NYSE,4.375,4.375,1145,0,Gerrity Oil & Gas Corp,0,0,0
19941221,4153,GOG',NYSE,4.375,4.375,1056,0,Gerrity Oil & Gas Corp,0,0,0
19941222,4153,GOG',NYSE,4.375,4.375,2787,0,Gerrity Oil & Gas Corp,0,0,0
19941223,4153,GOG',NYSE,4.25,4.25,306,0,Gerrity Oil & Gas Corp,0,0,0
19941227,4153,GOG',NYSE,4,4,969,0,Gerrity Oil & Gas Corp,0,0,0
19941228,4153,GOG',NYSE,3.875,3.875,869,0,Gerrity Oil & Gas Corp,0,0,0
19941229,4153,GOG',NYSE,4,4,2528,0,Gerrity Oil & Gas Corp,0,0,0
19941230,4153,GOG',NYSE,4.25,4.25,657,0,Gerrity Oil & Gas Corp,0,0,0
19950103,4153,GOG',NYSE,4.125,4.125,51,0,Gerrity Oil & Gas Corp,0,0,0
19950104,4153,GOG',NYSE,4,4,175,0,Gerrity Oil & Gas Corp,0,0,0
19950105,4153,GOG',NYSE,3.875,3.875,231,0,Gerrity Oil & Gas Corp,0,0,0
19950106,4153,GOG',NYSE,3.875,3.875,147,0,Gerrity Oil & Gas Corp,0,0,0
19950109,4153,GOG',NYSE,3.625,3.625,2017,0,Gerrity Oil & Gas Corp,0,0,0
19950110,4153,GOG',NYSE,3.625,3.625,118,0,Gerrity Oil & Gas Corp,0,0,0
19950111,4153,GOG',NYSE,3.75,3.75,291,0,Gerrity Oil & Gas Corp,0,0,0
19950112,4153,GOG',NYSE,3.75,3.75,2952,0,Gerrity Oil & Gas Corp,0,0,0
19950113,4153,GOG',NYSE,3.75,3.75,159,0,Gerrity Oil & Gas Corp,0,0,0
19950116,4153,GOG',NYSE,3.75,3.75,1599,0,Gerrity Oil & Gas Corp,0,0,0
19950117,4153,GOG',NYSE,3.125,3.125,6402,0,Gerrity Oil & Gas Corp,0,0,0
19950118,4153,GOG',NYSE,3.125,3.125,891,0,Gerrity Oil & Gas Corp,0,0,0
19950119,4153,GOG',NYSE,3.125,3.125,2424,0,Gerrity Oil & Gas Corp,0,0,0
19950120,4153,GOG',NYSE,3,3,315,0,Gerrity Oil & Gas Corp,0,0,0
19950123,4153,GOG',NYSE,3,3,102,0,Gerrity Oil & Gas Corp,0,0,0
19950124,4153,GOG',NYSE,2.875,2.875,1760,0,Gerrity Oil & Gas Corp,0,0,0
19950125,4153,GOG',NYSE,3,3,842,0,Gerrity Oil & Gas Corp,0,0,0
19950126,4153,GOG',NYSE,3,3,490,0,Gerrity Oil & Gas Corp,0,0,0
19950127,4153,GOG',NYSE,2.875,2.875,830,0,Gerrity Oil & Gas Corp,0,0,0
19950130,4153,GOG',NYSE,2.875,2.875,253,0,Gerrity Oil & Gas Corp,0,0,0
19950131,4153,GOG',NYSE,2.875,2.875,416,0,Gerrity Oil & Gas Corp,0,0,0
19950201,4153,GOG',NYSE,3,3,300,0,Gerrity Oil & Gas Corp,0,0,0
19950202,4153,GOG',NYSE,3,3,114,0,Gerrity Oil & Gas Corp,0,0,0
19950203,4153,GOG',NYSE,2.875,2.875,277,0,Gerrity Oil & Gas Corp,0,0,0
19950206,4153,GOG',NYSE,2.875,2.875,257,0,Gerrity Oil & Gas Corp,0,0,0
19950207,4153,GOG',NYSE,2.875,2.875,221,0,Gerrity Oil & Gas Corp,0,0,0
19950208,4153,GOG',NYSE,2.625,2.625,326,0,Gerrity Oil & Gas Corp,0,0,0
19950209,4153,GOG',NYSE,2.875,2.875,390,0,Gerrity Oil & Gas Corp,0,0,0
19950210,4153,GOG',NYSE,2.875,2.875,999,0,Gerrity Oil & Gas Corp,0,0,0
19950213,4153,GOG',NYSE,2.875,2.875,72,0,Gerrity Oil & Gas Corp,0,0,0
19950214,4153,GOG',NYSE,2.875,2.875,650,0,Gerrity Oil & Gas Corp,0,0,0
19950215,4153,GOG',NYSE,3.25,3.25,1147,0,Gerrity Oil & Gas Corp,0,0,0
19950216,4153,GOG',NYSE,3.125,3.125,291,0,Gerrity Oil & Gas Corp,0,0,0
19950217,4153,GOG',NYSE,3.125,3.125,195,0,Gerrity Oil & Gas Corp,0,0,0
19950221,4153,GOG',NYSE,3.125,3.125,575,0,Gerrity Oil & Gas Corp,0,0,0
19950222,4153,GOG',NYSE,3.125,3.125,235,0,Gerrity Oil & Gas Corp,0,0,0
19950223,4153,GOG',NYSE,3.375,3.375,335,0,Gerrity Oil & Gas Corp,0,0,0
19950224,4153,GOG',NYSE,3.375,3.375,385,0,Gerrity Oil & Gas Corp,0,0,0
19950227,4153,GOG',NYSE,3.25,3.25,128,0,Gerrity Oil & Gas Corp,0,0,0
19950228,4153,GOG',NYSE,3.375,3.375,259,0,Gerrity Oil & Gas Corp,0,0,0
19950301,4153,GOG',NYSE,3.5,3.5,468,0,Gerrity Oil & Gas Corp,0,0,0
19950302,4153,GOG',NYSE,3.375,3.375,327,0,Gerrity Oil & Gas Corp,0,0,0
19950303,4153,GOG',NYSE,3.5,3.5,439,0,Gerrity Oil & Gas Corp,0,0,0
19950306,4153,GOG',NYSE,3.375,3.375,367,0,Gerrity Oil & Gas Corp,0,0,0
19950307,4153,GOG',NYSE,3.625,3.625,430,0,Gerrity Oil & Gas Corp,0,0,0
19950308,4153,GOG',NYSE,4,4,285,0,Gerrity Oil & Gas Corp,0,0,0
19950309,4153,GOG',NYSE,4,4,831,0,Gerrity Oil & Gas Corp,0,0,0
19950310,4153,GOG',NYSE,4,4,230,0,Gerrity Oil & Gas Corp,0,0,0
19950313,4153,GOG',NYSE,3.875,3.875,394,0,Gerrity Oil & Gas Corp,0,0,0
19950314,4153,GOG',NYSE,3.75,3.75,61,0,Gerrity Oil & Gas Corp,0,0,0
19950315,4153,GOG',NYSE,3.625,3.625,44,0,Gerrity Oil & Gas Corp,0,0,0
19950316,4153,GOG',NYSE,3.625,3.625,143,0,Gerrity Oil & Gas Corp,0,0,0
19950317,4153,GOG',NYSE,3.625,3.625,160,0,Gerrity Oil & Gas Corp,0,0,0
19950320,4153,GOG',NYSE,3.375,3.375,114,0,Gerrity Oil & Gas Corp,0,0,0
19950321,4153,GOG',NYSE,3.625,3.625,273,0,Gerrity Oil & Gas Corp,0,0,0
19950322,4153,GOG',NYSE,3.5,3.5,827,0,Gerrity Oil & Gas Corp,0,0,0
19950323,4153,GOG',NYSE,3.5,3.5,255,0,Gerrity Oil & Gas Corp,0,0,0
19950324,4153,GOG',NYSE,3.625,3.625,398,0,Gerrity Oil & Gas Corp,0,0,0
19950327,4153,GOG',NYSE,3.625,3.625,26,0,Gerrity Oil & Gas Corp,0,0,0
19950328,4153,GOG',NYSE,3.5,3.5,446,0,Gerrity Oil & Gas Corp,0,0,0
19950329,4153,GOG',NYSE,3.75,3.75,341,0,Gerrity Oil & Gas Corp,0,0,0
19950330,4153,GOG',NYSE,3.875,3.875,182,0,Gerrity Oil & Gas Corp,0,0,0
19950331,4153,GOG',NYSE,3.875,3.875,111,0,Gerrity Oil & Gas Corp,0,0,0
19950403,4153,GOG',NYSE,3.875,3.875,1279,0,Gerrity Oil & Gas Corp,0,0,0
19950404,4153,GOG',NYSE,3.875,3.875,55,0,Gerrity Oil & Gas Corp,0,0,0
19950405,4153,GOG',NYSE,3.875,3.875,60,0,Gerrity Oil & Gas Corp,0,0,0
19950406,4153,GOG',NYSE,3.875,3.875,351,0,Gerrity Oil & Gas Corp,0,0,0
19950407,4153,GOG',NYSE,3.75,3.75,185,0,Gerrity Oil & Gas Corp,0,0,0
19950410,4153,GOG',NYSE,3.75,3.75,110,0,Gerrity Oil & Gas Corp,0,0,0
19950411,4153,GOG',NYSE,3.875,3.875,176,0,Gerrity Oil & Gas Corp,0,0,0
19950412,4153,GOG',NYSE,3.75,3.75,182,0,Gerrity Oil & Gas Corp,0,0,0
19950413,4153,GOG',NYSE,3.875,3.875,157,0,Gerrity Oil & Gas Corp,0,0,0
19950417,4153,GOG',NYSE,4,4,201,0,Gerrity Oil & Gas Corp,0,0,0
19950418,4153,GOG',NYSE,3.875,3.875,299,0,Gerrity Oil & Gas Corp,0,0,0
19950419,4153,GOG',NYSE,4,4,39,0,Gerrity Oil & Gas Corp,0,0,0
19950420,4153,GOG',NYSE,3.875,3.875,250,0,Gerrity Oil & Gas Corp,0,0,0
19950421,4153,GOG',NYSE,3.875,3.875,239,0,Gerrity Oil & Gas Corp,0,0,0
19950424,4153,GOG',NYSE,4,4,264,0,Gerrity Oil & Gas Corp,0,0,0
19950425,4153,GOG',NYSE,4.25,4.25,682,0,Gerrity Oil & Gas Corp,0,0,0
19950426,4153,GOG',NYSE,4.375,4.375,340,0,Gerrity Oil & Gas Corp,0,0,0
19950427,4153,GOG',NYSE,4.75,4.75,1694,0,Gerrity Oil & Gas Corp,0,0,0
19950428,4153,GOG',NYSE,5,5,413,0,Gerrity Oil & Gas Corp,0,0,0
19950501,4153,GOG',NYSE,5.125,5.125,517,0,Gerrity Oil & Gas Corp,0,0,0
19950502,4153,GOG',NYSE,4.75,4.75,733,0,Gerrity Oil & Gas Corp,0,0,0
19950503,4153,GOG',NYSE,4.75,4.75,217,0,Gerrity Oil & Gas Corp,0,0,0
19950504,4153,GOG',NYSE,4.75,4.75,495,0,Gerrity Oil & Gas Corp,0,0,0
19950505,4153,GOG',NYSE,4.625,4.625,412,0,Gerrity Oil & Gas Corp,0,0,0
19950508,4153,GOG',NYSE,4.375,4.375,410,0,Gerrity Oil & Gas Corp,0,0,0
19950509,4153,GOG',NYSE,4,4,428,0,Gerrity Oil & Gas Corp,0,0,0
19950510,4153,GOG',NYSE,4.375,4.375,873,0,Gerrity Oil & Gas Corp,0,0,0
19950511,4153,GOG',NYSE,4.5,4.5,362,0,Gerrity Oil & Gas Corp,0,0,0
19950512,4153,GOG',NYSE,4.375,4.375,108,0,Gerrity Oil & Gas Corp,0,0,0
19950515,4153,GOG',NYSE,4.25,4.25,106,0,Gerrity Oil & Gas Corp,0,0,0
19950516,4153,GOG',NYSE,4.5,4.5,667,0,Gerrity Oil & Gas Corp,0,0,0
19950517,4153,GOG',NYSE,4.5,4.5,40,0,Gerrity Oil & Gas Corp,0,0,0
19950518,4153,GOG',NYSE,4.375,4.375,120,0,Gerrity Oil & Gas Corp,0,0,0
19950519,4153,GOG',NYSE,4.25,4.25,691,0,Gerrity Oil & Gas Corp,0,0,0
19950522,4153,GOG',NYSE,4.25,4.25,60,0,Gerrity Oil & Gas Corp,0,0,0
19950523,4153,GOG',NYSE,4.125,4.125,629,0,Gerrity Oil & Gas Corp,0,0,0
19950524,4153,GOG',NYSE,4,4,2617,0,Gerrity Oil & Gas Corp,0,0,0
19950525,4153,GOG',NYSE,4,4,581,0,Gerrity Oil & Gas Corp,0,0,0
19950526,4153,GOG',NYSE,4,4,194,0,Gerrity Oil & Gas Corp,0,0,0
19950530,4153,GOG',NYSE,4.125,4.125,150,0,Gerrity Oil & Gas Corp,0,0,0
19950531,4153,GOG',NYSE,4.125,4.125,92,0,Gerrity Oil & Gas Corp,0,0,0
19950601,4153,GOG',NYSE,4.125,4.125,106,0,Gerrity Oil & Gas Corp,0,0,0
19950602,4153,GOG',NYSE,4,4,253,0,Gerrity Oil & Gas Corp,0,0,0
19950605,4153,GOG',NYSE,4.125,4.125,879,0,Gerrity Oil & Gas Corp,0,0,0
19950606,4153,GOG',NYSE,3.875,3.875,679,0,Gerrity Oil & Gas Corp,0,0,0
19950607,4153,GOG',NYSE,3.875,3.875,517,0,Gerrity Oil & Gas Corp,0,0,0
19950608,4153,GOG',NYSE,3.5,3.5,1050,0,Gerrity Oil & Gas Corp,0,0,0
19950609,4153,GOG',NYSE,3.5,3.5,655,0,Gerrity Oil & Gas Corp,0,0,0
19950612,4153,GOG',NYSE,3.625,3.625,329,0,Gerrity Oil & Gas Corp,0,0,0
19950613,4153,GOG',NYSE,3.875,3.875,42,0,Gerrity Oil & Gas Corp,0,0,0
19950614,4153,GOG',NYSE,3.625,3.625,142,0,Gerrity Oil & Gas Corp,0,0,0
19950615,4153,GOG',NYSE,3.625,3.625,844,0,Gerrity Oil & Gas Corp,0,0,0
19950616,4153,GOG',NYSE,3.625,3.625,907,0,Gerrity Oil & Gas Corp,0,0,0
19950619,4153,GOG',NYSE,3.5,3.5,434,0,Gerrity Oil & Gas Corp,0,0,0
19950620,4153,GOG',NYSE,3.5,3.5,502,0,Gerrity Oil & Gas Corp,0,0,0
19950621,4153,GOG',NYSE,3.375,3.375,397,0,Gerrity Oil & Gas Corp,0,0,0
19950622,4153,GOG',NYSE,3.25,3.25,478,0,Gerrity Oil & Gas Corp,0,0,0
19950623,4153,GOG',NYSE,3.25,3.25,381,0,Gerrity Oil & Gas Corp,0,0,0
19950626,4153,GOG',NYSE,3.375,3.375,951,0,Gerrity Oil & Gas Corp,0,0,0
19950627,4153,GOG',NYSE,3.375,3.375,199,0,Gerrity Oil & Gas Corp,0,0,0
19950628,4153,GOG',NYSE,3.25,3.25,288,0,Gerrity Oil & Gas Corp,0,0,0
19950629,4153,GOG',NYSE,3.25,3.25,301,0,Gerrity Oil & Gas Corp,0,0,0
19950630,4153,GOG',NYSE,3.375,3.375,382,0,Gerrity Oil & Gas Corp,0,0,0
19950703,4153,GOG',NYSE,3.375,3.375,92,0,Gerrity Oil & Gas Corp,0,0,0
19950705,4153,GOG',NYSE,3.625,3.625,218,0,Gerrity Oil & Gas Corp,0,0,0
19950706,4153,GOG',NYSE,3.875,3.875,378,0,Gerrity Oil & Gas Corp,0,0,0
19950707,4153,GOG',NYSE,3.875,3.875,587,0,Gerrity Oil & Gas Corp,0,0,0
19950710,4153,GOG',NYSE,4.125,4.125,1445,0,Gerrity Oil & Gas Corp,0,0,0
19950711,4153,GOG',NYSE,3.875,3.875,553,0,Gerrity Oil & Gas Corp,0,0,0
19950712,4153,GOG',NYSE,3.75,3.75,133,0,Gerrity Oil & Gas Corp,0,0,0
19950713,4153,GOG',NYSE,3.625,3.625,173,0,Gerrity Oil & Gas Corp,0,0,0
19950714,4153,GOG',NYSE,3.625,3.625,252,0,Gerrity Oil & Gas Corp,0,0,0
19950717,4153,GOG',NYSE,3.75,3.75,229,0,Gerrity Oil & Gas Corp,0,0,0
19950718,4153,GOG',NYSE,3.75,3.75,98,0,Gerrity Oil & Gas Corp,0,0,0
19950719,4153,GOG',NYSE,3.5,3.5,167,0,Gerrity Oil & Gas Corp,0,0,0
19950720,4153,GOG',NYSE,3.75,3.75,246,0,Gerrity Oil & Gas Corp,0,0,0
19950721,4153,GOG',NYSE,3.875,3.875,88,0,Gerrity Oil & Gas Corp,0,0,0
19950724,4153,GOG',NYSE,3.75,3.75,518,0,Gerrity Oil & Gas Corp,0,0,0
19950725,4153,GOG',NYSE,3.75,3.75,274,0,Gerrity Oil & Gas Corp,0,0,0
19950726,4153,GOG',NYSE,3.625,3.625,132,0,Gerrity Oil & Gas Corp,0,0,0
19950727,4153,GOG',NYSE,3.625,3.625,98,0,Gerrity Oil & Gas Corp,0,0,0
19950728,4153,GOG',NYSE,3.625,3.625,159,0,Gerrity Oil & Gas Corp,0,0,0
19950731,4153,GOG',NYSE,3.75,3.75,216,0,Gerrity Oil & Gas Corp,0,0,0
19950801,4153,GOG',NYSE,3.75,3.75,177,0,Gerrity Oil & Gas Corp,0,0,0
19950802,4153,GOG',NYSE,3.625,3.625,149,0,Gerrity Oil & Gas Corp,0,0,0
19950803,4153,GOG',NYSE,3.75,3.75,121,0,Gerrity Oil & Gas Corp,0,0,0
19950804,4153,GOG',NYSE,3.625,3.625,138,0,Gerrity Oil & Gas Corp,0,0,0
19950807,4153,GOG',NYSE,3.875,3.875,581,0,Gerrity Oil & Gas Corp,0,0,0
19950808,4153,GOG',NYSE,3.625,3.625,314,0,Gerrity Oil & Gas Corp,0,0,0
19950809,4153,GOG',NYSE,3.75,3.75,647,0,Gerrity Oil & Gas Corp,0,0,0
19950810,4153,GOG',NYSE,3.75,3.75,232,0,Gerrity Oil & Gas Corp,0,0,0
19950811,4153,GOG',NYSE,3.625,3.625,436,0,Gerrity Oil & Gas Corp,0,0,0
19950814,4153,GOG',NYSE,3.625,3.625,60,0,Gerrity Oil & Gas Corp,0,0,0
19950815,4153,GOG',NYSE,3.375,3.375,466,0,Gerrity Oil & Gas Corp,0,0,0
19950816,4153,GOG',NYSE,3.5,3.5,227,0,Gerrity Oil & Gas Corp,0,0,0
19950817,4153,GOG',NYSE,3.375,3.375,213,0,Gerrity Oil & Gas Corp,0,0,0
19950818,4153,GOG',NYSE,3.625,3.625,214,0,Gerrity Oil & Gas Corp,0,0,0
19950821,4153,GOG',NYSE,3.5,3.5,325,0,Gerrity Oil & Gas Corp,0,0,0
19950822,4153,GOG',NYSE,3.5,3.5,209,0,Gerrity Oil & Gas Corp,0,0,0
19950823,4153,GOG',NYSE,3.625,3.625,73,0,Gerrity Oil & Gas Corp,0,0,0
19950824,4153,GOG',NYSE,3.625,3.625,47,0,Gerrity Oil & Gas Corp,0,0,0
19950825,4153,GOG',NYSE,3.5,3.5,307,0,Gerrity Oil & Gas Corp,0,0,0
19950828,4153,GOG',NYSE,3.5,3.5,426,0,Gerrity Oil & Gas Corp,0,0,0
19950829,4153,GOG',NYSE,3.125,3.125,1126,0,Gerrity Oil & Gas Corp,0,0,0
19950830,4153,GOG',NYSE,3.25,3.25,1411,0,Gerrity Oil & Gas Corp,0,0,0
19950831,4153,GOG',NYSE,3.5,3.5,922,0,Gerrity Oil & Gas Corp,0,0,0
19950901,4153,GOG',NYSE,3.5,3.5,172,0,Gerrity Oil & Gas Corp,0,0,0
19950905,4153,GOG',NYSE,3.75,3.75,402,0,Gerrity Oil & Gas Corp,0,0,0
19950906,4153,GOG',NYSE,3.625,3.625,141,0,Gerrity Oil & Gas Corp,0,0,0
19950907,4153,GOG',NYSE,3.75,3.75,384,0,Gerrity Oil & Gas Corp,0,0,0
19950908,4153,GOG',NYSE,3.5,3.5,241,0,Gerrity Oil & Gas Corp,0,0,0
19950911,4153,GOG',NYSE,3.375,3.375,172,0,Gerrity Oil & Gas Corp,0,0,0
19950912,4153,GOG',NYSE,3.5,3.5,19,0,Gerrity Oil & Gas Corp,0,0,0
19950913,4153,GOG',NYSE,3.5,3.5,134,0,Gerrity Oil & Gas Corp,0,0,0
19950914,4153,GOG',NYSE,3.625,3.625,124,0,Gerrity Oil & Gas Corp,0,0,0
19950915,4153,GOG',NYSE,3.5,3.5,89,0,Gerrity Oil & Gas Corp,0,0,0
19950918,4153,GOG',NYSE,3.5,3.5,62,0,Gerrity Oil & Gas Corp,0,0,0
19950919,4153,GOG',NYSE,3.5,3.5,218,0,Gerrity Oil & Gas Corp,0,0,0
19950920,4153,GOG',NYSE,3.5,3.5,52,0,Gerrity Oil & Gas Corp,0,0,0
19950921,4153,GOG',NYSE,3.5,3.5,179,0,Gerrity Oil & Gas Corp,0,0,0
19950922,4153,GOG',NYSE,3.375,3.375,153,0,Gerrity Oil & Gas Corp,0,0,0
19950925,4153,GOG',NYSE,3.375,3.375,60,0,Gerrity Oil & Gas Corp,0,0,0
19950926,4153,GOG',NYSE,3.125,3.125,2078,0,Gerrity Oil & Gas Corp,0,0,0
19950927,4153,GOG',NYSE,3,3,1443,0,Gerrity Oil & Gas Corp,0,0,0
19950928,4153,GOG',NYSE,3.125,3.125,525,0,Gerrity Oil & Gas Corp,0,0,0
19950929,4153,GOG',NYSE,3.125,3.125,345,0,Gerrity Oil & Gas Corp,0,0,0
19951002,4153,GOG',NYSE,3,3,700,0,Gerrity Oil & Gas Corp,0,0,0
19951003,4153,GOG',NYSE,3.125,3.125,654,0,Gerrity Oil & Gas Corp,0,0,0
19951004,4153,GOG',NYSE,3,3,29,0,Gerrity Oil & Gas Corp,0,0,0
19951005,4153,GOG',NYSE,3.125,3.125,54,0,Gerrity Oil & Gas Corp,0,0,0
19951006,4153,GOG',NYSE,3,3,37,0,Gerrity Oil & Gas Corp,0,0,0
19951009,4153,GOG',NYSE,3,3,137,0,Gerrity Oil & Gas Corp,0,0,0
19951010,4153,GOG',NYSE,3.125,3.125,408,0,Gerrity Oil & Gas Corp,0,0,0
19951011,4153,GOG',NYSE,3.125,3.125,73,0,Gerrity Oil & Gas Corp,0,0,0
19951012,4153,GOG',NYSE,3.375,3.375,787,0,Gerrity Oil & Gas Corp,0,0,0
19951013,4153,GOG',NYSE,3.375,3.375,1484,0,Gerrity Oil & Gas Corp,0,0,0
19951016,4153,GOG',NYSE,3.25,3.25,901,0,Gerrity Oil & Gas Corp,0,0,0
19951017,4153,GOG',NYSE,3.375,3.375,284,0,Gerrity Oil & Gas Corp,0,0,0
19951018,4153,GOG',NYSE,3.625,3.625,1980,0,Gerrity Oil & Gas Corp,0,0,0
19951019,4153,GOG',NYSE,3.625,3.625,289,0,Gerrity Oil & Gas Corp,0,0,0
19951020,4153,GOG',NYSE,3.5,3.5,80,0,Gerrity Oil & Gas Corp,0,0,0
19951023,4153,GOG',NYSE,3.75,3.75,504,0,Gerrity Oil & Gas Corp,0,0,0
19951024,4153,GOG',NYSE,4.125,4.125,8775,0,Gerrity Oil & Gas Corp,0,0,0
19951025,4153,GOG',NYSE,3.875,3.875,2650,0,Gerrity Oil & Gas Corp,0,0,0
19951026,4153,GOG',NYSE,3.875,3.875,920,0,Gerrity Oil & Gas Corp,0,0,0
19951027,4153,GOG',NYSE,3.875,3.875,302,0,Gerrity Oil & Gas Corp,0,0,0
19951030,4153,GOG',NYSE,3.75,3.75,188,0,Gerrity Oil & Gas Corp,0,0,0
19951031,4153,GOG',NYSE,3.625,3.625,240,0,Gerrity Oil & Gas Corp,0,0,0
19951101,4153,GOG',NYSE,3.75,3.75,150,0,Gerrity Oil & Gas Corp,0,0,0
19951102,4153,GOG',NYSE,3.625,3.625,334,0,Gerrity Oil & Gas Corp,0,0,0
19951103,4153,GOG',NYSE,3.625,3.625,202,0,Gerrity Oil & Gas Corp,0,0,0
19951106,4153,GOG',NYSE,3.5,3.5,1047,0,Gerrity Oil & Gas Corp,0,0,0
19951107,4153,GOG',NYSE,3.5,3.5,631,0,Gerrity Oil & Gas Corp,0,0,0
19951108,4153,GOG',NYSE,3.5,3.5,261,0,Gerrity Oil & Gas Corp,0,0,0
19951109,4153,GOG',NYSE,3.625,3.625,429,0,Gerrity Oil & Gas Corp,0,0,0
19951110,4153,GOG',NYSE,3.625,3.625,574,0,Gerrity Oil & Gas Corp,0,0,0
19951113,4153,GOG',NYSE,3.75,3.75,383,0,Gerrity Oil & Gas Corp,0,0,0
19951114,4153,GOG',NYSE,3.5,3.5,210,0,Gerrity Oil & Gas Corp,0,0,0
19951115,4153,GOG',NYSE,3.5,3.5,177,0,Gerrity Oil & Gas Corp,0,0,0
19951116,4153,GOG',NYSE,3.5,3.5,195,0,Gerrity Oil & Gas Corp,0,0,0
19951117,4153,GOG',NYSE,4,4,1654,0,Gerrity Oil & Gas Corp,0,0,0
19951120,4153,GOG',NYSE,4.25,4.25,1440,0,Gerrity Oil & Gas Corp,0,0,0
19951121,4153,GOG',NYSE,4,4,376,0,Gerrity Oil & Gas Corp,0,0,0
19951122,4153,GOG',NYSE,4,4,339,0,Gerrity Oil & Gas Corp,0,0,0
19951124,4153,GOG',NYSE,4,4,273,0,Gerrity Oil & Gas Corp,0,0,0
19951127,4153,GOG',NYSE,3.875,3.875,309,0,Gerrity Oil & Gas Corp,0,0,0
19951128,4153,GOG',NYSE,3.875,3.875,447,0,Gerrity Oil & Gas Corp,0,0,0
19951129,4153,GOG',NYSE,4,4,556,0,Gerrity Oil & Gas Corp,0,0,0
19951130,4153,GOG',NYSE,4.25,4.25,2170,0,Gerrity Oil & Gas Corp,0,0,0
19951201,4153,GOG',NYSE,4.75,4.75,3368,0,Gerrity Oil & Gas Corp,0,0,0
19951204,4153,GOG',NYSE,4.625,4.625,549,0,Gerrity Oil & Gas Corp,0,0,0
19951205,4153,GOG',NYSE,4.5,4.5,736,0,Gerrity Oil & Gas Corp,0,0,0
19951206,4153,GOG',NYSE,4.5,4.5,545,0,Gerrity Oil & Gas Corp,0,0,0
19951207,4153,GOG',NYSE,4.25,4.25,394,0,Gerrity Oil & Gas Corp,0,0,0
19951208,4153,GOG',NYSE,4.375,4.375,154,0,Gerrity Oil & Gas Corp,0,0,0
19951211,4153,GOG',NYSE,4.25,4.25,704,0,Gerrity Oil & Gas Corp,0,0,0
19951212,4153,GOG',NYSE,4.375,4.375,361,0,Gerrity Oil & Gas Corp,0,0,0
19951213,4153,GOG',NYSE,4.375,4.375,699,0,Gerrity Oil & Gas Corp,0,0,0
19951214,4153,GOG',NYSE,4.25,4.25,278,0,Gerrity Oil & Gas Corp,0,0,0
19951215,4153,GOG',NYSE,4.25,4.25,413,0,Gerrity Oil & Gas Corp,0,0,0
19951218,4153,GOG',NYSE,4.25,4.25,646,0,Gerrity Oil & Gas Corp,0,0,0
19951219,4153,GOG',NYSE,4.125,4.125,894,0,Gerrity Oil & Gas Corp,0,0,0
19951220,4153,GOG',NYSE,4,4,332,0,Gerrity Oil & Gas Corp,0,0,0
19951221,4153,GOG',NYSE,4.25,4.25,404,0,Gerrity Oil & Gas Corp,0,0,0
19951222,4153,GOG',NYSE,4.125,4.125,314,0,Gerrity Oil & Gas Corp,0,0,0
19951226,4153,GOG',NYSE,4,4,357,0,Gerrity Oil & Gas Corp,0,0,0
19951227,4153,GOG',NYSE,3.875,3.875,624,0,Gerrity Oil & Gas Corp,0,0,0
19951228,4153,GOG',NYSE,4.125,4.125,676,0,Gerrity Oil & Gas Corp,0,0,0
19951229,4153,GOG',NYSE,4,4,733,0,Gerrity Oil & Gas Corp,0,0,0
19960102,4153,GOG',NYSE,4.25,4.25,314,0,Gerrity Oil & Gas Corp,0,0,0
19960103,4153,GOG',NYSE,4.5,4.5,1649,0,Gerrity Oil & Gas Corp,0,0,0
19960104,4153,GOG',NYSE,4.625,4.625,1695,0,Gerrity Oil & Gas Corp,0,0,0
19960105,4153,GOG',NYSE,4.625,4.625,410,0,Gerrity Oil & Gas Corp,0,0,0
19960108,4153,GOG',NYSE,4.625,4.625,123,0,Gerrity Oil & Gas Corp,0,0,0
19960109,4153,GOG',NYSE,4.375,4.375,500,0,Gerrity Oil & Gas Corp,0,0,0
19960110,4153,GOG',NYSE,4.375,4.375,519,0,Gerrity Oil & Gas Corp,0,0,0
19960111,4153,GOG',NYSE,4.25,4.25,360,0,Gerrity Oil & Gas Corp,0,0,0
19960112,4153,GOG',NYSE,4,4,668,0,Gerrity Oil & Gas Corp,0,0,0
19960115,4153,GOG',NYSE,4,4,122,0,Gerrity Oil & Gas Corp,0,0,0
19960116,4153,GOG',NYSE,4,4,528,0,Gerrity Oil & Gas Corp,0,0,0
19960117,4153,GOG',NYSE,3.25,3.25,1762,0,Gerrity Oil & Gas Corp,0,0,0
19960118,4153,GOG',NYSE,3.625,3.625,778,0,Gerrity Oil & Gas Corp,0,0,0
19960119,4153,GOG',NYSE,3.375,3.375,978,0,Gerrity Oil & Gas Corp,0,0,0
19960122,4153,GOG',NYSE,3.375,3.375,262,0,Gerrity Oil & Gas Corp,0,0,0
19960123,4153,GOG',NYSE,3.125,3.125,752,0,Gerrity Oil & Gas Corp,0,0,0
19960124,4153,GOG',NYSE,3,3,1172,0,Gerrity Oil & Gas Corp,0,0,0
19960125,4153,GOG',NYSE,3.125,3.125,854,0,Gerrity Oil & Gas Corp,0,0,0
19960126,4153,GOG',NYSE,3.25,3.25,187,0,Gerrity Oil & Gas Corp,0,0,0
19960129,4153,GOG',NYSE,3.125,3.125,368,0,Gerrity Oil & Gas Corp,0,0,0
19960130,4153,GOG',NYSE,3,3,1691,0,Gerrity Oil & Gas Corp,0,0,0
19960131,4153,GOG',NYSE,3,3,768,0,Gerrity Oil & Gas Corp,0,0,0
19960201,4153,GOG',NYSE,2.875,2.875,550,0,Gerrity Oil & Gas Corp,0,0,0
19960202,4153,GOG',NYSE,3.125,3.125,1971,0,Gerrity Oil & Gas Corp,0,0,0
19960205,4153,GOG',NYSE,3,3,376,0,Gerrity Oil & Gas Corp,0,0,0
19960206,4153,GOG',NYSE,3.125,3.125,308,0,Gerrity Oil & Gas Corp,0,0,0
19960207,4153,GOG',NYSE,3,3,2872,0,Gerrity Oil & Gas Corp,0,0,0
19960208,4153,GOG',NYSE,3,3,559,0,Gerrity Oil & Gas Corp,0,0,0
19960209,4153,GOG',NYSE,3,3,906,0,Gerrity Oil & Gas Corp,0,0,0
19960212,4153,GOG',NYSE,3.125,3.125,462,0,Gerrity Oil & Gas Corp,0,0,0
19960213,4153,GOG',NYSE,3,3,173,0,Gerrity Oil & Gas Corp,0,0,0
19960214,4153,GOG',NYSE,3,3,448,0,Gerrity Oil & Gas Corp,0,0,0
19960215,4153,GOG',NYSE,3,3,485,0,Gerrity Oil & Gas Corp,0,0,0
19960216,4153,GOG',NYSE,3.25,3.25,218,0,Gerrity Oil & Gas Corp,0,0,0
19960220,4153,GOG',NYSE,3.125,3.125,189,0,Gerrity Oil & Gas Corp,0,0,0
19960221,4153,GOG',NYSE,3.125,3.125,183,0,Gerrity Oil & Gas Corp,0,0,0
19960222,4153,GOG',NYSE,3.125,3.125,484,0,Gerrity Oil & Gas Corp,0,0,0
19960223,4153,GOG',NYSE,3,3,336,0,Gerrity Oil & Gas Corp,0,0,0
19960226,4153,GOG',NYSE,3,3,1100,0,Gerrity Oil & Gas Corp,0,0,0
19960227,4153,GOG',NYSE,3,3,212,0,Gerrity Oil & Gas Corp,0,0,0
19960228,4153,GOG',NYSE,2.875,2.875,327,0,Gerrity Oil & Gas Corp,0,0,0
19960229,4153,GOG',NYSE,3,3,88,0,Gerrity Oil & Gas Corp,0,0,0
19960301,4153,GOG',NYSE,2.875,2.875,79,0,Gerrity Oil & Gas Corp,0,0,0
19960304,4153,GOG',NYSE,2.875,2.875,343,0,Gerrity Oil & Gas Corp,0,0,0
19960305,4153,GOG',NYSE,3,3,30,0,Gerrity Oil & Gas Corp,0,0,0
19960306,4153,GOG',NYSE,2.875,2.875,97,0,Gerrity Oil & Gas Corp,0,0,0
19960307,4153,GOG',NYSE,3,3,32,0,Gerrity Oil & Gas Corp,0,0,0
19960308,4153,GOG',NYSE,2.75,2.75,1367,0,Gerrity Oil & Gas Corp,0,0,0
19960311,4153,GOG',NYSE,2.75,2.75,152,0,Gerrity Oil & Gas Corp,0,0,0
19960312,4153,GOG',NYSE,2.75,2.75,223,0,Gerrity Oil & Gas Corp,0,0,0
19960313,4153,GOG',NYSE,2.625,2.625,501,0,Gerrity Oil & Gas Corp,0,0,0
19960314,4153,GOG',NYSE,2.625,2.625,139,0,Gerrity Oil & Gas Corp,0,0,0
19960315,4153,GOG',NYSE,2.625,2.625,83,0,Gerrity Oil & Gas Corp,0,0,0
19960318,4153,GOG',NYSE,2.875,2.875,253,0,Gerrity Oil & Gas Corp,0,0,0
19960319,4153,GOG',NYSE,2.875,2.875,80,0,Gerrity Oil & Gas Corp,0,0,0
19960320,4153,GOG',NYSE,2.75,2.75,287,0,Gerrity Oil & Gas Corp,0,0,0
19960321,4153,GOG',NYSE,3,3,1105,0,Gerrity Oil & Gas Corp,0,0,0
19960322,4153,GOG',NYSE,3.125,3.125,126,0,Gerrity Oil & Gas Corp,0,0,0
19960325,4153,GOG',NYSE,3.125,3.125,229,0,Gerrity Oil & Gas Corp,0,0,0
19960326,4153,GOG',NYSE,3.125,3.125,164,0,Gerrity Oil & Gas Corp,0,0,0
19960327,4153,GOG',NYSE,3.125,3.125,328,0,Gerrity Oil & Gas Corp,0,0,0
19960328,4153,GOG',NYSE,3.125,3.125,139,0,Gerrity Oil & Gas Corp,0,0,0
19960329,4153,GOG',NYSE,3.125,3.125,191,0,Gerrity Oil & Gas Corp,0,0,0
19960401,4153,GOG',NYSE,3.125,3.125,264,0,Gerrity Oil & Gas Corp,0,0,0
19960402,4153,GOG',NYSE,3,3,334,0,Gerrity Oil & Gas Corp,0,0,0
19960403,4153,GOG',NYSE,3,3,113,0,Gerrity Oil & Gas Corp,0,0,0
19960404,4153,GOG',NYSE,3.125,3.125,157,0,Gerrity Oil & Gas Corp,0,0,0
19960408,4153,GOG',NYSE,3,3,409,0,Gerrity Oil & Gas Corp,0,0,0
19960409,4153,GOG',NYSE,3,3,150,0,Gerrity Oil & Gas Corp,0,0,0
19960410,4153,GOG',NYSE,3.25,3.25,324,0,Gerrity Oil & Gas Corp,0,0,0
19960411,4153,GOG',NYSE,3.25,3.25,462,0,Gerrity Oil & Gas Corp,0,0,0
19960412,4153,GOG',NYSE,3.125,3.125,119,0,Gerrity Oil & Gas Corp,0,0,0
19960415,4153,GOG',NYSE,3.25,3.25,710,0,Gerrity Oil & Gas Corp,0,0,0
19960416,4153,GOG',NYSE,3.125,3.125,193,0,Gerrity Oil & Gas Corp,0,0,0
19960417,4153,GOG',NYSE,3.125,3.125,1949,0,Gerrity Oil & Gas Corp,0,0,0
19960418,4153,GOG',NYSE,3.125,3.125,984,0,Gerrity Oil & Gas Corp,0,0,0
19960419,4153,GOG',NYSE,3.125,3.125,446,0,Gerrity Oil & Gas Corp,0,0,0
19960422,4153,GOG',NYSE,3.125,3.125,188,0,Gerrity Oil & Gas Corp,0,0,0
19960423,4153,GOG',NYSE,3.25,3.25,285,0,Gerrity Oil & Gas Corp,0,0,0
19960424,4153,GOG',NYSE,3.125,3.125,575,0,Gerrity Oil & Gas Corp,0,0,0
19960425,4153,GOG',NYSE,3.125,3.125,182,0,Gerrity Oil & Gas Corp,0,0,0
19960426,4153,GOG',NYSE,3.125,3.125,559,0,Gerrity Oil & Gas Corp,0,0,0
19960429,4153,GOG',NYSE,3.5,3.5,741,0,Gerrity Oil & Gas Corp,0,0,0
19960430,4153,GOG',NYSE,3.25,3.25,381,0,Gerrity Oil & Gas Corp,0,0,0
19960501,4153,GOG',NYSE,3.625,3.625,1143,0,Gerrity Oil & Gas Corp,0,0,0
19960502,4153,GOG',NYSE,3.375,3.375,867,0,Gerrity Oil & Gas Corp,0,0,0
