DDate,CSINumber,Symbol,Exchange,DClose,UnAdjustedClose,TotalVolume,Cash,MarketName,PTB,PSR,DPS
20001201,41552,ONCJ',OTC,15.625,0.15625,0,0,Oncure Tech Corp,0,0,0
20001204,41552,ONCJ',OTC,15.625,0.15625,0,0,Oncure Tech Corp,0,0,0
20001205,41552,ONCJ',OTC,15.625,0.15625,0,0,Oncure Tech Corp,0,0,0
20001206,41552,ONCJ',OTC,15.625,0.15625,0,0,Oncure Tech Corp,0,0,0
20001207,41552,ONCJ',OTC,43.75,0.4375,2,0,Oncure Tech Corp,0,0,0
20001208,41552,ONCJ',OTC,40.625,0.40625,1,0,Oncure Tech Corp,0,0,0
20001211,41552,ONCJ',OTC,40.625,0.40625,0,0,Oncure Tech Corp,0,0,0
20001212,41552,ONCJ',OTC,40.625,0.40625,0,0,Oncure Tech Corp,0,0,0
20001213,41552,ONCJ',OTC,62.5,0.625,3,0,Oncure Tech Corp,0,0,0
20001214,41552,ONCJ',OTC,62.5,0.625,0,0,Oncure Tech Corp,0,0,0
20001215,41552,ONCJ',OTC,43.75,0.4375,0,0,Oncure Tech Corp,0,0,0
20001218,41552,ONCJ',OTC,43.75,0.4375,0,0,Oncure Tech Corp,0,0,0
20001219,41552,ONCJ',OTC,37.5,0.375,2,0,Oncure Tech Corp,0,0,0
20001220,41552,ONCJ',OTC,28.125,0.28125,1,0,Oncure Tech Corp,0,0,0
20001221,41552,ONCJ',OTC,28.125,0.28125,1,0,Oncure Tech Corp,0,0,0
20001222,41552,ONCJ',OTC,28.125,0.28125,0,0,Oncure Tech Corp,0,0,0
20001226,41552,ONCJ',OTC,28.125,0.28125,0,0,Oncure Tech Corp,0,0,0
20001227,41552,ONCJ',OTC,28.125,0.28125,1,0,Oncure Tech Corp,0,0,0
20001228,41552,ONCJ',OTC,28.125,0.28125,1,0,Oncure Tech Corp,0,0,0
20001229,41552,ONCJ',OTC,28.125,0.28125,0,0,Oncure Tech Corp,0,0,0
20010102,41552,ONCJ',OTC,28.125,0.28125,0,0,Oncure Tech Corp,0,0,0
20010103,41552,ONCJ',OTC,53.125,0.53125,2,0,Oncure Tech Corp,0,0,0
20010104,41552,ONCJ',OTC,34.375,0.34375,0,0,Oncure Tech Corp,0,0,0
20010105,41552,ONCJ',OTC,53.125,0.53125,0,0,Oncure Tech Corp,0,0,0
20010108,41552,ONCJ',OTC,37.5,0.375,0,0,Oncure Tech Corp,0,0,0
20010109,41552,ONCJ',OTC,37.5,0.375,0,0,Oncure Tech Corp,0,0,0
20010110,41552,ONCJ',OTC,60.9375,0.609375,3,0,Oncure Tech Corp,0,0,0
20010111,41552,ONCJ',OTC,150,1.5,11,0,Oncure Tech Corp,0,0,0
20010112,41552,ONCJ',OTC,175,1.75,4,0,Oncure Tech Corp,0,0,0
20010116,41552,ONCJ',OTC,212.5,2.125,5,0,Oncure Tech Corp,0,0,0
20010117,41552,ONCJ',OTC,271.875,2.71875,3,0,Oncure Tech Corp,0,0,0
20010118,41552,ONCJ',OTC,243.75,2.4375,2,0,Oncure Tech Corp,0,0,0
20010119,41552,ONCJ',OTC,178.125,1.78125,3,0,Oncure Tech Corp,0,0,0
20010122,41552,ONCJ',OTC,162.5,1.625,1,0,Oncure Tech Corp,0,0,0
20010123,41552,ONCJ',OTC,162.5,1.625,0,0,Oncure Tech Corp,0,0,0
20010124,41552,ONCJ',OTC,162.5,1.625,0,0,Oncure Tech Corp,0,0,0
20010125,41552,ONCJ',OTC,181.25,1.8125,0,0,Oncure Tech Corp,0,0,0
20010126,41552,ONCJ',OTC,181.25,1.8125,0,0,Oncure Tech Corp,0,0,0
20010129,41552,ONCJ',OTC,181.25,1.8125,2,0,Oncure Tech Corp,0,0,0
20010130,41552,ONCJ',OTC,200,2,1,0,Oncure Tech Corp,0,0,0
20010131,41552,ONCJ',OTC,212.5,2.125,7,0,Oncure Tech Corp,0,0,0
20010201,41552,ONCJ',OTC,237.5,2.375,2,0,Oncure Tech Corp,0,0,0
20010202,41552,ONCJ',OTC,250,2.5,2,0,Oncure Tech Corp,0,0,0
20010205,41552,ONCJ',OTC,225,2.25,1,0,Oncure Tech Corp,0,0,0
20010206,41552,ONCJ',OTC,203.125,2.03125,3,0,Oncure Tech Corp,0,0,0
20010207,41552,ONCJ',OTC,218.75,2.1875,0,0,Oncure Tech Corp,0,0,0
20010208,41552,ONCJ',OTC,206.25,2.0625,0,0,Oncure Tech Corp,0,0,0
20010209,41552,ONCJ',OTC,200,2,0,0,Oncure Tech Corp,0,0,0
20010212,41552,ONCJ',OTC,200,2,1,0,Oncure Tech Corp,0,0,0
20010213,41552,ONCJ',OTC,187.5,1.875,1,0,Oncure Tech Corp,0,0,0
20010214,41552,ONCJ',OTC,181.25,1.8125,1,0,Oncure Tech Corp,0,0,0
20010215,41552,ONCJ',OTC,187.5,1.875,1,0,Oncure Tech Corp,0,0,0
20010216,41552,ONCJ',OTC,176.5625,1.765625,0,0,Oncure Tech Corp,0,0,0
20010220,41552,ONCJ',OTC,150,1.5,2,0,Oncure Tech Corp,0,0,0
20010221,41552,ONCJ',OTC,162.5,1.625,0,0,Oncure Tech Corp,0,0,0
20010222,41552,ONCJ',OTC,150,1.5,0,0,Oncure Tech Corp,0,0,0
20010223,41552,ONCJ',OTC,131.25,1.3125,1,0,Oncure Tech Corp,0,0,0
20010226,41552,ONCJ',OTC,134.375,1.34375,0,0,Oncure Tech Corp,0,0,0
20010227,41552,ONCJ',OTC,143.75,1.4375,0,0,Oncure Tech Corp,0,0,0
20010228,41552,ONCJ',OTC,175,1.75,1,0,Oncure Tech Corp,0,0,0
20010301,41552,ONCJ',OTC,200,2,2,0,Oncure Tech Corp,0,0,0
20010302,41552,ONCJ',OTC,215.625,2.15625,0,0,Oncure Tech Corp,0,0,0
20010305,41552,ONCJ',OTC,200,2,0,0,Oncure Tech Corp,0,0,0
20010306,41552,ONCJ',OTC,175,1.75,0,0,Oncure Tech Corp,0,0,0
20010307,41552,ONCJ',OTC,175,1.75,0,0,Oncure Tech Corp,0,0,0
20010308,41552,ONCJ',OTC,175,1.75,0,0,Oncure Tech Corp,0,0,0
20010309,41552,ONCJ',OTC,175,1.75,0,0,Oncure Tech Corp,0,0,0
20010312,41552,ONCJ',OTC,153.125,1.53125,0,0,Oncure Tech Corp,0,0,0
20010313,41552,ONCJ',OTC,150,1.5,0,0,Oncure Tech Corp,0,0,0
20010314,41552,ONCJ',OTC,175,1.75,1,0,Oncure Tech Corp,0,0,0
20010315,41552,ONCJ',OTC,175,1.75,0,0,Oncure Tech Corp,0,0,0
20010316,41552,ONCJ',OTC,165.625,1.65625,0,0,Oncure Tech Corp,0,0,0
20010319,41552,ONCJ',OTC,143.75,1.4375,1,0,Oncure Tech Corp,0,0,0
20010320,41552,ONCJ',OTC,131.25,1.3125,0,0,Oncure Tech Corp,0,0,0
20010321,41552,ONCJ',OTC,156.25,1.5625,0,0,Oncure Tech Corp,0,0,0
20010322,41552,ONCJ',OTC,156.25,1.5625,0,0,Oncure Tech Corp,0,0,0
20010323,41552,ONCJ',OTC,159.375,1.59375,0,0,Oncure Tech Corp,0,0,0
20010326,41552,ONCJ',OTC,146.875,1.46875,0,0,Oncure Tech Corp,0,0,0
20010327,41552,ONCJ',OTC,140.625,1.40625,0,0,Oncure Tech Corp,0,0,0
20010328,41552,ONCJ',OTC,128.125,1.28125,0,0,Oncure Tech Corp,0,0,0
20010329,41552,ONCJ',OTC,134.375,1.34375,0,0,Oncure Tech Corp,0,0,0
20010330,41552,ONCJ',OTC,134.375,1.34375,0,0,Oncure Tech Corp,0,0,0
20010402,41552,ONCJ',OTC,134.375,1.34375,0,0,Oncure Tech Corp,0,0,0
20010403,41552,ONCJ',OTC,134.375,1.34375,0,0,Oncure Tech Corp,0,0,0
20010404,41552,ONCJ',OTC,134.375,1.34375,0,0,Oncure Tech Corp,0,0,0
20010405,41552,ONCJ',OTC,134.375,1.34375,0,0,Oncure Tech Corp,0,0,0
20010406,41552,ONCJ',OTC,154.6875,1.546875,0,0,Oncure Tech Corp,0,0,0
20010409,41552,ONCJ',OTC,160,1.6,0,0,Oncure Tech Corp,0,0,0
20010410,41552,ONCJ',OTC,140,1.4,1,0,Oncure Tech Corp,0,0,0
20010411,41552,ONCJ',OTC,140,1.4,0,0,Oncure Tech Corp,0,0,0
20010412,41552,ONCJ',OTC,150,1.5,0,0,Oncure Tech Corp,0,0,0
20010416,41552,ONCJ',OTC,140,1.4,0,0,Oncure Tech Corp,0,0,0
20010417,41552,ONCJ',OTC,100,1,4,0,Oncure Tech Corp,0,0,0
20010418,41552,ONCJ',OTC,101,1.01,0,0,Oncure Tech Corp,0,0,0
20010419,41552,ONCJ',OTC,115,1.15,2,0,Oncure Tech Corp,0,0,0
20010420,41552,ONCJ',OTC,125,1.25,1,0,Oncure Tech Corp,0,0,0
20010423,41552,ONCJ',OTC,128,1.28,1,0,Oncure Tech Corp,0,0,0
20010424,41552,ONCJ',OTC,139,1.39,2,0,Oncure Tech Corp,0,0,0
20010425,41552,ONCJ',OTC,140,1.4,1,0,Oncure Tech Corp,0,0,0
20010426,41552,ONCJ',OTC,140,1.4,1,0,Oncure Tech Corp,0,0,0
20010427,41552,ONCJ',OTC,130,1.3,3,0,Oncure Tech Corp,0,0,0
20010430,41552,ONCJ',OTC,135,1.35,1,0,Oncure Tech Corp,0,0,0
20010501,41552,ONCJ',OTC,138,1.38,1,0,Oncure Tech Corp,0,0,0
20010502,41552,ONCJ',OTC,138,1.38,0,0,Oncure Tech Corp,0,0,0
20010503,41552,ONCJ',OTC,135,1.35,0,0,Oncure Tech Corp,0,0,0
20010504,41552,ONCJ',OTC,133,1.33,0,0,Oncure Tech Corp,0,0,0
20010507,41552,ONCJ',OTC,138,1.38,0,0,Oncure Tech Corp,0,0,0
20010508,41552,ONCJ',OTC,128,1.28,0,0,Oncure Tech Corp,0,0,0
20010509,41552,ONCJ',OTC,130,1.3,1,0,Oncure Tech Corp,0,0,0
20010510,41552,ONCJ',OTC,131,1.31,0,0,Oncure Tech Corp,0,0,0
20010511,41552,ONCJ',OTC,120,1.2,0,0,Oncure Tech Corp,0,0,0
20010514,41552,ONCJ',OTC,116,1.16,0,0,Oncure Tech Corp,0,0,0
20010515,41552,ONCJ',OTC,125,1.25,1,0,Oncure Tech Corp,0,0,0
20010516,41552,ONCJ',OTC,125,1.25,0,0,Oncure Tech Corp,0,0,0
20010517,41552,ONCJ',OTC,125,1.25,0,0,Oncure Tech Corp,0,0,0
20010518,41552,ONCJ',OTC,125,1.25,0,0,Oncure Tech Corp,0,0,0
20010521,41552,ONCJ',OTC,120,1.2,1,0,Oncure Tech Corp,0,0,0
20010522,41552,ONCJ',OTC,120,1.2,0,0,Oncure Tech Corp,0,0,0
20010523,41552,ONCJ',OTC,115,1.15,0,0,Oncure Tech Corp,0,0,0
20010524,41552,ONCJ',OTC,115,1.15,0,0,Oncure Tech Corp,0,0,0
20010525,41552,ONCJ',OTC,115,1.15,0,0,Oncure Tech Corp,0,0,0
20010529,41552,ONCJ',OTC,108,1.08,1,0,Oncure Tech Corp,0,0,0
20010530,41552,ONCJ',OTC,95,0.95,1,0,Oncure Tech Corp,0,0,0
20010531,41552,ONCJ',OTC,85,0.85,2,0,Oncure Tech Corp,0,0,0
20010601,41552,ONCJ',OTC,95,0.95,1,0,Oncure Tech Corp,0,0,0
20010604,41552,ONCJ',OTC,90,0.9,1,0,Oncure Tech Corp,0,0,0
20010605,41552,ONCJ',OTC,85,0.85,0,0,Oncure Tech Corp,0,0,0
20010606,41552,ONCJ',OTC,85,0.85,0,0,Oncure Tech Corp,0,0,0
20010607,41552,ONCJ',OTC,85,0.85,0,0,Oncure Tech Corp,0,0,0
20010608,41552,ONCJ',OTC,85,0.85,0,0,Oncure Tech Corp,0,0,0
20010611,41552,ONCJ',OTC,82,0.82,1,0,Oncure Tech Corp,0,0,0
20010612,41552,ONCJ',OTC,80,0.8,1,0,Oncure Tech Corp,0,0,0
20010613,41552,ONCJ',OTC,85,0.85,0,0,Oncure Tech Corp,0,0,0
20010614,41552,ONCJ',OTC,85,0.85,0,0,Oncure Tech Corp,0,0,0
20010615,41552,ONCJ',OTC,75,0.75,0,0,Oncure Tech Corp,0,0,0
20010618,41552,ONCJ',OTC,75,0.75,1,0,Oncure Tech Corp,0,0,0
20010619,41552,ONCJ',OTC,75,0.75,0,0,Oncure Tech Corp,0,0,0
20010620,41552,ONCJ',OTC,68,0.68,0,0,Oncure Tech Corp,0,0,0
20010621,41552,ONCJ',OTC,63,0.63,0,0,Oncure Tech Corp,0,0,0
20010622,41552,ONCJ',OTC,70,0.7,0,0,Oncure Tech Corp,0,0,0
20010625,41552,ONCJ',OTC,70,0.7,1,0,Oncure Tech Corp,0,0,0
20010626,41552,ONCJ',OTC,65,0.65,0,0,Oncure Tech Corp,0,0,0
20010627,41552,ONCJ',OTC,75,0.75,1,0,Oncure Tech Corp,0,0,0
20010628,41552,ONCJ',OTC,75,0.75,0,0,Oncure Tech Corp,0,0,0
20010629,41552,ONCJ',OTC,66,0.66,0,0,Oncure Tech Corp,0,0,0
20010702,41552,ONCJ',OTC,66,0.66,1,0,Oncure Tech Corp,0,0,0
20010703,41552,ONCJ',OTC,60,0.6,1,0,Oncure Tech Corp,0,0,0
20010705,41552,ONCJ',OTC,60,0.6,0,0,Oncure Tech Corp,0,0,0
20010706,41552,ONCJ',OTC,60,0.6,0,0,Oncure Tech Corp,0,0,0
20010709,41552,ONCJ',OTC,62,0.62,1,0,Oncure Tech Corp,0,0,0
20010710,41552,ONCJ',OTC,62,0.62,0,0,Oncure Tech Corp,0,0,0
20010711,41552,ONCJ',OTC,62,0.62,0,0,Oncure Tech Corp,0,0,0
20010712,41552,ONCJ',OTC,50,0.5,3,0,Oncure Tech Corp,0,0,0
20010713,41552,ONCJ',OTC,50,0.5,0,0,Oncure Tech Corp,0,0,0
20010716,41552,ONCJ',OTC,41,0.41,0,0,Oncure Tech Corp,0,0,0
20010717,41552,ONCJ',OTC,50,0.5,0,0,Oncure Tech Corp,0,0,0
20010718,41552,ONCJ',OTC,50,0.5,0,0,Oncure Tech Corp,0,0,0
20010719,41552,ONCJ',OTC,52,0.52,1,0,Oncure Tech Corp,0,0,0
20010720,41552,ONCJ',OTC,52,0.52,0,0,Oncure Tech Corp,0,0,0
20010723,41552,ONCJ',OTC,52,0.52,0,0,Oncure Tech Corp,0,0,0
20010724,41552,ONCJ',OTC,46,0.46,0,0,Oncure Tech Corp,0,0,0
20010725,41552,ONCJ',OTC,46,0.46,0,0,Oncure Tech Corp,0,0,0
20010726,41552,ONCJ',OTC,48,0.48,1,0,Oncure Tech Corp,0,0,0
20010727,41552,ONCJ',OTC,48,0.48,0,0,Oncure Tech Corp,0,0,0
20010730,41552,ONCJ',OTC,48,0.48,0,0,Oncure Tech Corp,0,0,0
20010731,41552,ONCJ',OTC,45,0.45,0,0,Oncure Tech Corp,0,0,0
20010801,41552,ONCJ',OTC,45,0.45,0,0,Oncure Tech Corp,0,0,0
20010802,41552,ONCJ',OTC,45,0.45,0,0,Oncure Tech Corp,0,0,0
20010803,41552,ONCJ',OTC,45,0.45,0,0,Oncure Tech Corp,0,0,0
20010806,41552,ONCJ',OTC,45,0.45,0,0,Oncure Tech Corp,0,0,0
20010807,41552,ONCJ',OTC,45,0.45,1,0,Oncure Tech Corp,0,0,0
20010808,41552,ONCJ',OTC,45,0.45,0,0,Oncure Tech Corp,0,0,0
20010809,41552,ONCJ',OTC,45,0.45,0,0,Oncure Tech Corp,0,0,0
20010810,41552,ONCJ',OTC,45,0.45,0,0,Oncure Tech Corp,0,0,0
20010813,41552,ONCJ',OTC,45,0.45,0,0,Oncure Tech Corp,0,0,0
20010814,41552,ONCJ',OTC,45,0.45,2,0,Oncure Tech Corp,0,0,0
20010815,41552,ONCJ',OTC,47,0.47,0,0,Oncure Tech Corp,0,0,0
20010816,41552,ONCJ',OTC,38,0.38,0,0,Oncure Tech Corp,0,0,0
20010817,41552,ONCJ',OTC,38,0.38,0,0,Oncure Tech Corp,0,0,0
20010820,41552,ONCJ',OTC,38,0.38,0,0,Oncure Tech Corp,0,0,0
20010821,41552,ONCJ',OTC,38,0.38,1,0,Oncure Tech Corp,0,0,0
20010822,41552,ONCJ',OTC,38,0.38,0,0,Oncure Tech Corp,0,0,0
20010823,41552,ONCJ',OTC,38,0.38,0,0,Oncure Tech Corp,0,0,0
20010824,41552,ONCJ',OTC,38,0.38,0,0,Oncure Tech Corp,0,0,0
20010827,41552,ONCJ',OTC,38,0.38,0,0,Oncure Tech Corp,0,0,0
20010828,41552,ONCJ',OTC,38,0.38,1,0,Oncure Tech Corp,0,0,0
20010829,41552,ONCJ',OTC,38,0.38,0,0,Oncure Tech Corp,0,0,0
20010830,41552,ONCJ',OTC,38,0.38,0,0,Oncure Tech Corp,0,0,0
20010831,41552,ONCJ',OTC,38,0.38,0,0,Oncure Tech Corp,0,0,0
20010904,41552,ONCJ',OTC,38,0.38,0,0,Oncure Tech Corp,0,0,0
20010905,41552,ONCJ',OTC,38,0.38,0,0,Oncure Tech Corp,0,0,0
20010906,41552,ONCJ',OTC,35,0.35,1,0,Oncure Tech Corp,0,0,0
20010907,41552,ONCJ',OTC,33,0.33,1,0,Oncure Tech Corp,0,0,0
20010910,41552,ONCJ',OTC,25,0.25,1,0,Oncure Tech Corp,0,0,0
20010917,41552,ONCJ',OTC,20,0.2,1,0,Oncure Tech Corp,0,0,0
20010918,41552,ONCJ',OTC,20,0.2,0,0,Oncure Tech Corp,0,0,0
20010919,41552,ONCJ',OTC,15,0.15,1,0,Oncure Tech Corp,0,0,0
20010920,41552,ONCJ',OTC,15,0.15,0,0,Oncure Tech Corp,0,0,0
20010921,41552,ONCJ',OTC,25,0.25,1,0,Oncure Tech Corp,0,0,0
20010924,41552,ONCJ',OTC,25,0.25,0,0,Oncure Tech Corp,0,0,0
20010925,41552,ONCJ',OTC,25,0.25,0,0,Oncure Tech Corp,0,0,0
20010926,41552,ONCJ',OTC,25,0.25,1,0,Oncure Tech Corp,0,0,0
20010927,41552,ONCJ',OTC,90,0.9,9,0,Oncure Tech Corp,0,0,0
20010928,41552,ONCJ',OTC,90,0.9,3,0,Oncure Tech Corp,0,0,0
20011001,41552,ONCJ',OTC,70,0.7,0,0,Oncure Tech Corp,0,0,0
20011002,41552,ONCJ',OTC,55,0.55,0,0,Oncure Tech Corp,0,0,0
20011003,41552,ONCJ',OTC,59,0.59,0,0,Oncure Tech Corp,0,0,0
20011004,41552,ONCJ',OTC,59,0.59,0,0,Oncure Tech Corp,0,0,0
20011005,41552,ONCJ',OTC,62,0.62,0,0,Oncure Tech Corp,0,0,0
20011008,41552,ONCJ',OTC,62,0.62,0,0,Oncure Tech Corp,0,0,0
20011009,41552,ONCJ',OTC,60,0.6,0,0,Oncure Tech Corp,0,0,0
20011010,41552,ONCJ',OTC,60,0.6,0,0,Oncure Tech Corp,0,0,0
20011011,41552,ONCJ',OTC,62,0.62,0,0,Oncure Tech Corp,0,0,0
20011012,41552,ONCJ',OTC,75,0.75,1,0,Oncure Tech Corp,0,0,0
20011015,41552,ONCJ',OTC,75,0.75,0,0,Oncure Tech Corp,0,0,0
20011016,41552,ONCJ',OTC,75,0.75,0,0,Oncure Tech Corp,0,0,0
20011017,41552,ONCJ',OTC,75,0.75,0,0,Oncure Tech Corp,0,0,0
20011018,41552,ONCJ',OTC,75,0.75,0,0,Oncure Tech Corp,0,0,0
20011019,41552,ONCJ',OTC,70,0.7,0,0,Oncure Tech Corp,0,0,0
20011022,41552,ONCJ',OTC,70,0.7,0,0,Oncure Tech Corp,0,0,0
20011023,41552,ONCJ',OTC,70,0.7,0,0,Oncure Tech Corp,0,0,0
20011024,41552,ONCJ',OTC,70,0.7,1,0,Oncure Tech Corp,0,0,0
20011025,41552,ONCJ',OTC,70,0.7,0,0,Oncure Tech Corp,0,0,0
20011026,41552,ONCJ',OTC,70,0.7,0,0,Oncure Tech Corp,0,0,0
20011029,41552,ONCJ',OTC,70,0.7,0,0,Oncure Tech Corp,0,0,0
20011030,41552,ONCJ',OTC,65,0.65,0,0,Oncure Tech Corp,0,0,0
20011031,41552,ONCJ',OTC,60,0.6,0,0,Oncure Tech Corp,0,0,0
20011101,41552,ONCJ',OTC,60,0.6,0,0,Oncure Tech Corp,0,0,0
20011102,41552,ONCJ',OTC,60,0.6,0,0,Oncure Tech Corp,0,0,0
20011105,41552,ONCJ',OTC,60,0.6,0,0,Oncure Tech Corp,0,0,0
20011106,41552,ONCJ',OTC,60,0.6,0,0,Oncure Tech Corp,0,0,0
20011107,41552,ONCJ',OTC,56,0.56,0,0,Oncure Tech Corp,0,0,0
20011108,41552,ONCJ',OTC,56,0.56,0,0,Oncure Tech Corp,0,0,0
20011109,41552,ONCJ',OTC,56,0.56,0,0,Oncure Tech Corp,0,0,0
20011112,41552,ONCJ',OTC,53,0.53,0,0,Oncure Tech Corp,0,0,0
20011113,41552,ONCJ',OTC,53,0.53,0,0,Oncure Tech Corp,0,0,0
20011114,41552,ONCJ',OTC,53,0.53,0,0,Oncure Tech Corp,0,0,0
20011115,41552,ONCJ',OTC,53,0.53,0,0,Oncure Tech Corp,0,0,0
20011116,41552,ONCJ',OTC,54,0.54,0,0,Oncure Tech Corp,0,0,0
20011119,41552,ONCJ',OTC,54,0.54,0,0,Oncure Tech Corp,0,0,0
20011120,41552,ONCJ',OTC,54,0.54,0,0,Oncure Tech Corp,0,0,0
20011121,41552,ONCJ',OTC,54,0.54,0,0,Oncure Tech Corp,0,0,0
20011123,41552,ONCJ',OTC,54,0.54,0,0,Oncure Tech Corp,0,0,0
20011126,41552,ONCJ',OTC,65,0.65,0,0,Oncure Tech Corp,0,0,0
20011127,41552,ONCJ',OTC,56,0.56,2,0,Oncure Tech Corp,0,0,0
20011128,41552,ONCJ',OTC,36,0.36,1,0,Oncure Tech Corp,0,0,0
20011129,41552,ONCJ',OTC,36,0.36,0,0,Oncure Tech Corp,0,0,0
20011130,41552,ONCJ',OTC,100,1,3,0,Oncure Tech Corp,0,0,0
20011203,41552,ONCJ',OTC,70,0.7,0,0,Oncure Tech Corp,0,0,0
20011204,41552,ONCJ',OTC,90,0.9,3,0,Oncure Tech Corp,0,0,0
20011205,41552,ONCJ',OTC,90,0.9,0,0,Oncure Tech Corp,0,0,0
20011206,41552,ONCJ',OTC,85,0.85,1,0,Oncure Tech Corp,0,0,0
20011207,41552,ONCJ',OTC,70,0.7,0,0,Oncure Tech Corp,0,0,0
20011210,41552,ONCJ',OTC,65,0.65,0,0,Oncure Tech Corp,0,0,0
20011211,41552,ONCJ',OTC,90,0.9,0,0,Oncure Tech Corp,0,0,0
20011212,41552,ONCJ',OTC,65,0.65,0,0,Oncure Tech Corp,0,0,0
20011213,41552,ONCJ',OTC,65,0.65,0,0,Oncure Tech Corp,0,0,0
20011214,41552,ONCJ',OTC,60,0.6,0,0,Oncure Tech Corp,0,0,0
20011217,41552,ONCJ',OTC,90,0.9,0,0,Oncure Tech Corp,0,0,0
20011218,41552,ONCJ',OTC,60,0.6,0,0,Oncure Tech Corp,0,0,0
20011219,41552,ONCJ',OTC,80,0.8,0,0,Oncure Tech Corp,0,0,0
20011220,41552,ONCJ',OTC,85,0.85,1,0,Oncure Tech Corp,0,0,0
20011221,41552,ONCJ',OTC,101,1.01,0,0,Oncure Tech Corp,0,0,0
20011224,41552,ONCJ',OTC,75,0.75,0,0,Oncure Tech Corp,0,0,0
20011226,41552,ONCJ',OTC,75,0.75,0,0,Oncure Tech Corp,0,0,0
20011227,41552,ONCJ',OTC,75,0.75,0,0,Oncure Tech Corp,0,0,0
20011228,41552,ONCJ',OTC,75,0.75,0,0,Oncure Tech Corp,0,0,0
20011231,41552,ONCJ',OTC,60,0.6,1,0,Oncure Tech Corp,0,0,0
20020102,41552,ONCJ',OTC,65,0.65,0,0,Oncure Tech Corp,0,0,0
20020103,41552,ONCJ',OTC,60,0.6,0,0,Oncure Tech Corp,0,0,0
20020104,41552,ONCJ',OTC,60,0.6,0,0,Oncure Tech Corp,0,0,0
20020107,41552,ONCJ',OTC,60,0.6,0,0,Oncure Tech Corp,0,0,0
20020108,41552,ONCJ',OTC,75,0.75,1,0,Oncure Tech Corp,0,0,0
20020109,41552,ONCJ',OTC,68,0.68,0,0,Oncure Tech Corp,0,0,0
20020110,41552,ONCJ',OTC,68,0.68,0,0,Oncure Tech Corp,0,0,0
20020111,41552,ONCJ',OTC,68,0.68,0,0,Oncure Tech Corp,0,0,0
20020114,41552,ONCJ',OTC,68,0.68,0,0,Oncure Tech Corp,0,0,0
20020115,41552,ONCJ',OTC,65,0.65,0,0,Oncure Tech Corp,0,0,0
20020116,41552,ONCJ',OTC,65,0.65,0,0,Oncure Tech Corp,0,0,0
20020117,41552,ONCJ',OTC,80,0.8,1,0,Oncure Tech Corp,0,0,0
20020118,41552,ONCJ',OTC,76,0.76,0,0,Oncure Tech Corp,0,0,0
20020122,41552,ONCJ',OTC,80,0.8,1,0,Oncure Tech Corp,0,0,0
20020123,41552,ONCJ',OTC,75,0.75,0,0,Oncure Tech Corp,0,0,0
20020124,41552,ONCJ',OTC,60,0.6,0,0,Oncure Tech Corp,0,0,0
20020125,41552,ONCJ',OTC,55,0.55,0,0,Oncure Tech Corp,0,0,0
20020128,41552,ONCJ',OTC,55,0.55,0,0,Oncure Tech Corp,0,0,0
20020129,41552,ONCJ',OTC,55,0.55,0,0,Oncure Tech Corp,0,0,0
20020130,41552,ONCJ',OTC,55,0.55,0,0,Oncure Tech Corp,0,0,0
20020131,41552,ONCJ',OTC,55,0.55,0,0,Oncure Tech Corp,0,0,0
20020201,41552,ONCJ',OTC,55,0.55,0,0,Oncure Tech Corp,0,0,0
20020204,41552,ONCJ',OTC,55,0.55,0,0,Oncure Tech Corp,0,0,0
20020205,41552,ONCJ',OTC,55,0.55,0,0,Oncure Tech Corp,0,0,0
20020206,41552,ONCJ',OTC,55,0.55,0,0,Oncure Tech Corp,0,0,0
20020207,41552,ONCJ',OTC,55,0.55,0,0,Oncure Tech Corp,0,0,0
20020208,41552,ONCJ',OTC,55,0.55,0,0,Oncure Tech Corp,0,0,0
20020211,41552,ONCJ',OTC,55,0.55,0,0,Oncure Tech Corp,0,0,0
20020212,41552,ONCJ',OTC,55,0.55,0,0,Oncure Tech Corp,0,0,0
20020213,41552,ONCJ',OTC,55,0.55,0,0,Oncure Tech Corp,0,0,0
20020214,41552,ONCJ',OTC,55,0.55,0,0,Oncure Tech Corp,0,0,0
20020215,41552,ONCJ',OTC,55,0.55,0,0,Oncure Tech Corp,0,0,0
20020219,41552,ONCJ',OTC,55,0.55,0,0,Oncure Tech Corp,0,0,0
20020220,41552,ONCJ',OTC,55,0.55,0,0,Oncure Tech Corp,0,0,0
20020221,41552,ONCJ',OTC,55,0.55,0,0,Oncure Tech Corp,0,0,0
20020222,41552,ONCJ',OTC,55,0.55,0,0,Oncure Tech Corp,0,0,0
20020225,41552,ONCJ',OTC,65,0.65,2,0,Oncure Tech Corp,0,0,0
20020226,41552,ONCJ',OTC,46,0.46,0,0,Oncure Tech Corp,0,0,0
20020227,41552,ONCJ',OTC,46,0.46,0,0,Oncure Tech Corp,0,0,0
20020228,41552,ONCJ',OTC,65,0.65,1,0,Oncure Tech Corp,0,0,0
20020301,41552,ONCJ',OTC,65,0.65,0,0,Oncure Tech Corp,0,0,0
20020304,41552,ONCJ',OTC,65,0.65,0,0,Oncure Tech Corp,0,0,0
20020305,41552,ONCJ',OTC,65,0.65,0,0,Oncure Tech Corp,0,0,0
20020306,41552,ONCJ',OTC,65,0.65,0,0,Oncure Tech Corp,0,0,0
20020307,41552,ONCJ',OTC,65,0.65,1,0,Oncure Tech Corp,0,0,0
20020308,41552,ONCJ',OTC,51,0.51,0,0,Oncure Tech Corp,0,0,0
20020311,41552,ONCJ',OTC,51,0.51,0,0,Oncure Tech Corp,0,0,0
20020312,41552,ONCJ',OTC,70,0.7,0,0,Oncure Tech Corp,0,0,0
20020313,41552,ONCJ',OTC,78,0.78,1,0,Oncure Tech Corp,0,0,0
20020314,41552,ONCJ',OTC,78,0.78,0,0,Oncure Tech Corp,0,0,0
20020315,41552,ONCJ',OTC,70,0.7,0,0,Oncure Tech Corp,0,0,0
20020318,41552,ONCJ',OTC,71,0.71,0,0,Oncure Tech Corp,0,0,0
20020319,41552,ONCJ',OTC,76,0.76,0,0,Oncure Tech Corp,0,0,0
20020320,41552,ONCJ',OTC,85,0.85,0,0,Oncure Tech Corp,0,0,0
20020321,41552,ONCJ',OTC,82,0.82,0,0,Oncure Tech Corp,0,0,0
20020322,41552,ONCJ',OTC,85,0.85,0,0,Oncure Tech Corp,0,0,0
20020325,41552,ONCJ',OTC,79,0.79,1,0,Oncure Tech Corp,0,0,0
20020326,41552,ONCJ',OTC,80,0.8,1,0,Oncure Tech Corp,0,0,0
20020327,41552,ONCJ',OTC,75,0.75,0,0,Oncure Tech Corp,0,0,0
20020328,41552,ONCJ',OTC,75,0.75,1,0,Oncure Tech Corp,0,0,0
20020401,41552,ONCJ',OTC,80,0.8,0,0,Oncure Tech Corp,0,0,0
20020402,41552,ONCJ',OTC,70,0.7,1,0,Oncure Tech Corp,0,0,0
20020403,41552,ONCJ',OTC,70,0.7,0,0,Oncure Tech Corp,0,0,0
20020404,41552,ONCJ',OTC,65,0.65,0,0,Oncure Tech Corp,0,0,0
20020405,41552,ONCJ',OTC,65,0.65,0,0,Oncure Tech Corp,0,0,0
20020408,41552,ONCJ',OTC,65,0.65,0,0,Oncure Tech Corp,0,0,0
20020409,41552,ONCJ',OTC,65,0.65,0,0,Oncure Tech Corp,0,0,0
20020410,41552,ONCJ',OTC,80,0.8,1,0,Oncure Tech Corp,0,0,0
20020411,41552,ONCJ',OTC,80,0.8,0,0,Oncure Tech Corp,0,0,0
20020412,41552,ONCJ',OTC,80,0.8,0,0,Oncure Tech Corp,0,0,0
20020415,41552,ONCJ',OTC,80,0.8,1,0,Oncure Tech Corp,0,0,0
20020416,41552,ONCJ',OTC,80,0.8,0,0,Oncure Tech Corp,0,0,0
20020417,41552,ONCJ',OTC,80,0.8,0,0,Oncure Tech Corp,0,0,0
20020418,41552,ONCJ',OTC,80,0.8,0,0,Oncure Tech Corp,0,0,0
20020419,41552,ONCJ',OTC,80,0.8,0,0,Oncure Tech Corp,0,0,0
20020422,41552,ONCJ',OTC,75,0.75,1,0,Oncure Tech Corp,0,0,0
20020423,41552,ONCJ',OTC,75,0.75,1,0,Oncure Tech Corp,0,0,0
20020424,41552,ONCJ',OTC,75,0.75,0,0,Oncure Tech Corp,0,0,0
20020425,41552,ONCJ',OTC,85,0.85,0,0,Oncure Tech Corp,0,0,0
20020426,41552,ONCJ',OTC,85,0.85,0,0,Oncure Tech Corp,0,0,0
20020429,41552,ONCJ',OTC,85,0.85,0,0,Oncure Tech Corp,0,0,0
20020430,41552,ONCJ',OTC,65,0.65,0,0,Oncure Tech Corp,0,0,0
20020501,41552,ONCJ',OTC,65,0.65,0,0,Oncure Tech Corp,0,0,0
20020502,41552,ONCJ',OTC,65,0.65,0,0,Oncure Tech Corp,0,0,0
20020503,41552,ONCJ',OTC,65,0.65,0,0,Oncure Tech Corp,0,0,0
20020506,41552,ONCJ',OTC,65,0.65,0,0,Oncure Tech Corp,0,0,0
20020507,41552,ONCJ',OTC,75,0.75,0,0,Oncure Tech Corp,0,0,0
20020508,41552,ONCJ',OTC,60,0.6,0,0,Oncure Tech Corp,0,0,0
20020509,41552,ONCJ',OTC,60,0.6,0,0,Oncure Tech Corp,0,0,0
20020510,41552,ONCJ',OTC,60,0.6,0,0,Oncure Tech Corp,0,0,0
20020513,41552,ONCJ',OTC,50,0.5,6,0,Oncure Tech Corp,0,0,0
20020514,41552,ONCJ',OTC,57,0.57,2,0,Oncure Tech Corp,0,0,0
20020515,41552,ONCJ',OTC,57,0.57,0,0,Oncure Tech Corp,0,0,0
20020516,41552,ONCJ',OTC,60,0.6,2,0,Oncure Tech Corp,0,0,0
20020517,41552,ONCJ',OTC,55,0.55,1,0,Oncure Tech Corp,0,0,0
20020520,41552,ONCJ',OTC,55,0.55,0,0,Oncure Tech Corp,0,0,0
20020521,41552,ONCJ',OTC,60,0.6,0,0,Oncure Tech Corp,0,0,0
20020522,41552,ONCJ',OTC,60,0.6,0,0,Oncure Tech Corp,0,0,0
20020523,41552,ONCJ',OTC,70,0.7,0,0,Oncure Tech Corp,0,0,0
20020524,41552,ONCJ',OTC,70,0.7,0,0,Oncure Tech Corp,0,0,0
20020528,41552,ONCJ',OTC,70,0.7,0,0,Oncure Tech Corp,0,0,0
20020529,41552,ONCJ',OTC,70,0.7,0,0,Oncure Tech Corp,0,0,0
20020530,41552,ONCJ',OTC,70,0.7,0,0,Oncure Tech Corp,0,0,0
20020531,41552,ONCJ',OTC,70,0.7,0,0,Oncure Tech Corp,0,0,0
20020603,41552,ONCJ',OTC,56,0.56,0,0,Oncure Tech Corp,0,0,0
20020604,41552,ONCJ',OTC,51,0.51,1,0,Oncure Tech Corp,0,0,0
20020605,41552,ONCJ',OTC,51,0.51,7,0,Oncure Tech Corp,0,0,0
20020606,41552,ONCJ',OTC,48,0.48,0,0,Oncure Tech Corp,0,0,0
20020607,41552,ONCJ',OTC,48,0.48,0,0,Oncure Tech Corp,0,0,0
20020610,41552,ONCJ',OTC,48,0.48,0,0,Oncure Tech Corp,0,0,0
20020611,41552,ONCJ',OTC,46,0.46,0,0,Oncure Tech Corp,0,0,0
20020612,41552,ONCJ',OTC,46,0.46,0,0,Oncure Tech Corp,0,0,0
20020613,41552,ONCJ',OTC,46,0.46,0,0,Oncure Tech Corp,0,0,0
20020614,41552,ONCJ',OTC,46,0.46,0,0,Oncure Tech Corp,0,0,0
20020617,41552,ONCJ',OTC,46,0.46,4,0,Oncure Tech Corp,0,0,0
20020618,41552,ONCJ',OTC,46,0.46,0,0,Oncure Tech Corp,0,0,0
20020619,41552,ONCJ',OTC,45,0.45,0,0,Oncure Tech Corp,0,0,0
20020620,41552,ONCJ',OTC,45,0.45,0,0,Oncure Tech Corp,0,0,0
20020621,41552,ONCJ',OTC,45,0.45,2,0,Oncure Tech Corp,0,0,0
20020624,41552,ONCJ',OTC,49,0.49,3,0,Oncure Tech Corp,0,0,0
20020625,41552,ONCJ',OTC,40,0.4,1,0,Oncure Tech Corp,0,0,0
20020626,41552,ONCJ',OTC,36,0.36,0,0,Oncure Tech Corp,0,0,0
20020627,41552,ONCJ',OTC,36,0.36,0,0,Oncure Tech Corp,0,0,0
20020628,41552,ONCJ',OTC,36,0.36,0,0,Oncure Tech Corp,0,0,0
20020701,41552,ONCJ',OTC,38,0.38,3,0,Oncure Tech Corp,0,0,0
20020702,41552,ONCJ',OTC,44,0.44,1,0,Oncure Tech Corp,0,0,0
20020703,41552,ONCJ',OTC,44,0.44,0,0,Oncure Tech Corp,0,0,0
20020705,41552,ONCJ',OTC,44,0.44,0,0,Oncure Tech Corp,0,0,0
20020708,41552,ONCJ',OTC,46,0.46,1,0,Oncure Tech Corp,0,0,0
20020709,41552,ONCJ',OTC,43,0.43,0,0,Oncure Tech Corp,0,0,0
20020710,41552,ONCJ',OTC,43,0.43,0,0,Oncure Tech Corp,0,0,0
20020711,41552,ONCJ',OTC,43,0.43,0,0,Oncure Tech Corp,0,0,0
20020712,41552,ONCJ',OTC,49,0.49,1,0,Oncure Tech Corp,0,0,0
20020715,41552,ONCJ',OTC,43,0.43,0,0,Oncure Tech Corp,0,0,0
20020716,41552,ONCJ',OTC,58,0.58,1,0,Oncure Tech Corp,0,0,0
20020717,41552,ONCJ',OTC,52,0.52,0,0,Oncure Tech Corp,0,0,0
20020718,41552,ONCJ',OTC,52,0.52,0,0,Oncure Tech Corp,0,0,0
20020719,41552,ONCJ',OTC,52,0.52,0,0,Oncure Tech Corp,0,0,0
20020722,41552,ONCJ',OTC,51,0.51,0,0,Oncure Tech Corp,0,0,0
20020723,41552,ONCJ',OTC,51,0.51,0,0,Oncure Tech Corp,0,0,0
20020724,41552,ONCJ',OTC,45,0.45,0,0,Oncure Tech Corp,0,0,0
20020725,41552,ONCJ',OTC,45,0.45,0,0,Oncure Tech Corp,0,0,0
20020726,41552,ONCJ',OTC,52,0.52,3,0,Oncure Tech Corp,0,0,0
20020729,41552,ONCJ',OTC,48,0.48,0,0,Oncure Tech Corp,0,0,0
20020730,41552,ONCJ',OTC,48,0.48,0,0,Oncure Tech Corp,0,0,0
20020731,41552,ONCJ',OTC,48,0.48,0,0,Oncure Tech Corp,0,0,0
20020801,41552,ONCJ',OTC,48,0.48,0,0,Oncure Tech Corp,0,0,0
20020802,41552,ONCJ',OTC,48,0.48,0,0,Oncure Tech Corp,0,0,0
20020805,41552,ONCJ',OTC,48,0.48,0,0,Oncure Tech Corp,0,0,0
20020806,41552,ONCJ',OTC,48,0.48,0,0,Oncure Tech Corp,0,0,0
20020807,41552,ONCJ',OTC,48,0.48,0,0,Oncure Tech Corp,0,0,0
20020808,41552,ONCJ',OTC,48,0.48,0,0,Oncure Tech Corp,0,0,0
20020809,41552,ONCJ',OTC,48,0.48,0,0,Oncure Tech Corp,0,0,0
20020812,41552,ONCJ',OTC,48,0.48,0,0,Oncure Tech Corp,0,0,0
20020813,41552,ONCJ',OTC,50,0.5,0,0,Oncure Tech Corp,0,0,0
20020814,41552,ONCJ',OTC,50,0.5,1,0,Oncure Tech Corp,0,0,0
20020815,41552,ONCJ',OTC,50,0.5,1,0,Oncure Tech Corp,0,0,0
20020816,41552,ONCJ',OTC,50,0.5,0,0,Oncure Tech Corp,0,0,0
20020819,41552,ONCJ',OTC,50,0.5,0,0,Oncure Tech Corp,0,0,0
20020820,41552,ONCJ',OTC,50,0.5,0,0,Oncure Tech Corp,0,0,0
20020821,41552,ONCJ',OTC,50,0.5,0,0,Oncure Tech Corp,0,0,0
20020822,41552,ONCJ',OTC,50,0.5,0,0,Oncure Tech Corp,0,0,0
20020823,41552,ONCJ',OTC,63,0.63,1,0,Oncure Tech Corp,0,0,0
20020826,41552,ONCJ',OTC,60,0.6,0,0,Oncure Tech Corp,0,0,0
20020827,41552,ONCJ',OTC,60,0.6,0,0,Oncure Tech Corp,0,0,0
20020828,41552,ONCJ',OTC,60,0.6,0,0,Oncure Tech Corp,0,0,0
20020829,41552,ONCJ',OTC,60,0.6,0,0,Oncure Tech Corp,0,0,0
20020830,41552,ONCJ',OTC,60,0.6,0,0,Oncure Tech Corp,0,0,0
20020903,41552,ONCJ',OTC,55,0.55,0,0,Oncure Tech Corp,0,0,0
20020904,41552,ONCJ',OTC,55,0.55,0,0,Oncure Tech Corp,0,0,0
20020905,41552,ONCJ',OTC,55,0.55,0,0,Oncure Tech Corp,0,0,0
20020906,41552,ONCJ',OTC,55,0.55,1,0,Oncure Tech Corp,0,0,0
20020909,41552,ONCJ',OTC,55,0.55,0,0,Oncure Tech Corp,0,0,0
20020910,41552,ONCJ',OTC,45,0.45,0,0,Oncure Tech Corp,0,0,0
20020911,41552,ONCJ',OTC,45,0.45,0,0,Oncure Tech Corp,0,0,0
20020912,41552,ONCJ',OTC,63,0.63,1,0,Oncure Tech Corp,0,0,0
20020913,41552,ONCJ',OTC,63,0.63,0,0,Oncure Tech Corp,0,0,0
20020916,41552,ONCJ',OTC,63,0.63,0,0,Oncure Tech Corp,0,0,0
20020917,41552,ONCJ',OTC,63,0.63,0,0,Oncure Tech Corp,0,0,0
20020918,41552,ONCJ',OTC,63,0.63,0,0,Oncure Tech Corp,0,0,0
20020919,41552,ONCJ',OTC,63,0.63,0,0,Oncure Tech Corp,0,0,0
20020920,41552,ONCJ',OTC,63,0.63,0,0,Oncure Tech Corp,0,0,0
20020923,41552,ONCJ',OTC,50,0.5,0,0,Oncure Tech Corp,0,0,0
20020924,41552,ONCJ',OTC,38,0.38,1,0,Oncure Tech Corp,0,0,0
20020925,41552,ONCJ',OTC,38,0.38,0,0,Oncure Tech Corp,0,0,0
20020926,41552,ONCJ',OTC,38,0.38,0,0,Oncure Tech Corp,0,0,0
20020927,41552,ONCJ',OTC,40,0.4,1,0,Oncure Tech Corp,0,0,0
20020930,41552,ONCJ',OTC,36,0.36,0,0,Oncure Tech Corp,0,0,0
20021001,41552,ONCJ',OTC,31,0.31,3,0,Oncure Tech Corp,0,0,0
20021002,41552,ONCJ',OTC,25,0.25,0,0,Oncure Tech Corp,0,0,0
20021003,41552,ONCJ',OTC,25,0.25,0,0,Oncure Tech Corp,0,0,0
20021004,41552,ONCJ',OTC,30,0.3,1,0,Oncure Tech Corp,0,0,0
20021007,41552,ONCJ',OTC,30,0.3,0,0,Oncure Tech Corp,0,0,0
20021008,41552,ONCJ',OTC,30,0.3,0,0,Oncure Tech Corp,0,0,0
20021009,41552,ONCJ',OTC,30,0.3,0,0,Oncure Tech Corp,0,0,0
20021010,41552,ONCJ',OTC,26,0.26,0,0,Oncure Tech Corp,0,0,0
20021011,41552,ONCJ',OTC,26,0.26,0,0,Oncure Tech Corp,0,0,0
20021014,41552,ONCJ',OTC,26,0.26,0,0,Oncure Tech Corp,0,0,0
20021015,41552,ONCJ',OTC,32,0.32,1,0,Oncure Tech Corp,0,0,0
20021016,41552,ONCJ',OTC,26,0.26,0,0,Oncure Tech Corp,0,0,0
20021017,41552,ONCJ',OTC,27,0.27,1,0,Oncure Tech Corp,0,0,0
20021018,41552,ONCJ',OTC,27,0.27,0,0,Oncure Tech Corp,0,0,0
20021021,41552,ONCJ',OTC,34,0.34,0,0,Oncure Tech Corp,0,0,0
20021022,41552,ONCJ',OTC,27,0.27,0,0,Oncure Tech Corp,0,0,0
20021023,41552,ONCJ',OTC,27,0.27,0,0,Oncure Tech Corp,0,0,0
20021024,41552,ONCJ',OTC,27,0.27,0,0,Oncure Tech Corp,0,0,0
20021025,41552,ONCJ',OTC,25,0.25,0,0,Oncure Tech Corp,0,0,0
20021028,41552,ONCJ',OTC,25,0.25,0,0,Oncure Tech Corp,0,0,0
20021029,41552,ONCJ',OTC,25,0.25,0,0,Oncure Tech Corp,0,0,0
20021030,41552,ONCJ',OTC,25,0.25,0,0,Oncure Tech Corp,0,0,0
20021031,41552,ONCJ',OTC,25,0.25,0,0,Oncure Tech Corp,0,0,0
20021101,41552,ONCJ',OTC,25,0.25,0,0,Oncure Tech Corp,0,0,0
20021104,41552,ONCJ',OTC,25,0.25,2,0,Oncure Tech Corp,0,0,0
20021105,41552,ONCJ',OTC,25,0.25,0,0,Oncure Tech Corp,0,0,0
20021106,41552,ONCJ',OTC,25,0.25,0,0,Oncure Tech Corp,0,0,0
20021107,41552,ONCJ',OTC,25,0.25,0,0,Oncure Tech Corp,0,0,0
20021108,41552,ONCJ',OTC,25,0.25,1,0,Oncure Tech Corp,0,0,0
20021111,41552,ONCJ',OTC,25,0.25,0,0,Oncure Tech Corp,0,0,0
20021112,41552,ONCJ',OTC,25,0.25,0,0,Oncure Tech Corp,0,0,0
20021113,41552,ONCJ',OTC,22,0.22,0,0,Oncure Tech Corp,0,0,0
20021114,41552,ONCJ',OTC,22,0.22,0,0,Oncure Tech Corp,0,0,0
20021115,41552,ONCJ',OTC,35,0.35,0,0,Oncure Tech Corp,0,0,0
20021118,41552,ONCJ',OTC,22,0.22,0,0,Oncure Tech Corp,0,0,0
20021119,41552,ONCJ',OTC,22,0.22,0,0,Oncure Tech Corp,0,0,0
20021120,41552,ONCJ',OTC,22,0.22,0,0,Oncure Tech Corp,0,0,0
20021121,41552,ONCJ',OTC,35,0.35,0,0,Oncure Tech Corp,0,0,0
20021122,41552,ONCJ',OTC,35,0.35,0,0,Oncure Tech Corp,0,0,0
20021125,41552,ONCJ',OTC,35,0.35,0,0,Oncure Tech Corp,0,0,0
20021126,41552,ONCJ',OTC,35,0.35,0,0,Oncure Tech Corp,0,0,0
20021127,41552,ONCJ',OTC,35,0.35,0,0,Oncure Tech Corp,0,0,0
20021129,41552,ONCJ',OTC,35,0.35,0,0,Oncure Tech Corp,0,0,0
20021202,41552,ONCJ',OTC,35,0.35,0,0,Oncure Tech Corp,0,0,0
20021203,41552,ONCJ',OTC,35,0.35,0,0,Oncure Tech Corp,0,0,0
20021204,41552,ONCJ',OTC,22,0.22,0,0,Oncure Tech Corp,0,0,0
20021205,41552,ONCJ',OTC,21,0.21,0,0,Oncure Tech Corp,0,0,0
20021206,41552,ONCJ',OTC,21,0.21,0,0,Oncure Tech Corp,0,0,0
20021209,41552,ONCJ',OTC,21,0.21,0,0,Oncure Tech Corp,0,0,0
20021210,41552,ONCJ',OTC,21,0.21,0,0,Oncure Tech Corp,0,0,0
20021211,41552,ONCJ',OTC,21,0.21,0,0,Oncure Tech Corp,0,0,0
20021212,41552,ONCJ',OTC,18,0.18,5,0,Oncure Tech Corp,0,0,0
20021213,41552,ONCJ',OTC,11,0.11,0,0,Oncure Tech Corp,0,0,0
20021216,41552,ONCJ',OTC,11,0.11,0,0,Oncure Tech Corp,0,0,0
20021217,41552,ONCJ',OTC,11,0.11,0,0,Oncure Tech Corp,0,0,0
20021218,41552,ONCJ',OTC,11,0.11,1,0,Oncure Tech Corp,0,0,0
20021219,41552,ONCJ',OTC,11,0.11,0,0,Oncure Tech Corp,0,0,0
20021220,41552,ONCJ',OTC,12,0.12,0,0,Oncure Tech Corp,0,0,0
20021223,41552,ONCJ',OTC,12,0.12,0,0,Oncure Tech Corp,0,0,0
20021224,41552,ONCJ',OTC,12,0.12,0,0,Oncure Tech Corp,0,0,0
20021226,41552,ONCJ',OTC,12,0.12,0,0,Oncure Tech Corp,0,0,0
20021227,41552,ONCJ',OTC,12,0.12,0,0,Oncure Tech Corp,0,0,0
20021230,41552,ONCJ',OTC,12,0.12,0,0,Oncure Tech Corp,0,0,0
20021231,41552,ONCJ',OTC,12,0.12,0,0,Oncure Tech Corp,0,0,0
20030102,41552,ONCJ',OTC,12,0.12,0,0,Oncure Tech Corp,0,0,0
20030103,41552,ONCJ',OTC,12,0.12,0,0,Oncure Tech Corp,0,0,0
20030106,41552,ONCJ',OTC,12,0.12,0,0,Oncure Tech Corp,0,0,0
20030107,41552,ONCJ',OTC,20,0.2,4,0,Oncure Tech Corp,0,0,0
20030108,41552,ONCJ',OTC,20,0.2,0,0,Oncure Tech Corp,0,0,0
20030109,41552,ONCJ',OTC,19,0.19,1,0,Oncure Tech Corp,0,0,0
20030110,41552,ONCJ',OTC,19,0.19,0,0,Oncure Tech Corp,0,0,0
20030113,41552,ONCJ',OTC,17,0.17,0,0,Oncure Tech Corp,0,0,0
20030114,41552,ONCJ',OTC,17,0.17,0,0,Oncure Tech Corp,0,0,0
20030115,41552,ONCJ',OTC,17,0.17,0,0,Oncure Tech Corp,0,0,0
20030116,41552,ONCJ',OTC,17,0.17,0,0,Oncure Tech Corp,0,0,0
20030117,41552,ONCJ',OTC,17,0.17,0,0,Oncure Tech Corp,0,0,0
20030121,41552,ONCJ',OTC,17,0.17,0,0,Oncure Tech Corp,0,0,0
20030122,41552,ONCJ',OTC,26,0.26,1,0,Oncure Tech Corp,0,0,0
20030123,41552,ONCJ',OTC,20,0.2,0,0,Oncure Tech Corp,0,0,0
20030124,41552,ONCJ',OTC,20,0.2,0,0,Oncure Tech Corp,0,0,0
20030127,41552,ONCJ',OTC,20,0.2,0,0,Oncure Tech Corp,0,0,0
20030128,41552,ONCJ',OTC,20,0.2,0,0,Oncure Tech Corp,0,0,0
20030129,41552,ONCJ',OTC,20,0.2,0,0,Oncure Tech Corp,0,0,0
20030130,41552,ONCJ',OTC,20,0.2,0,0,Oncure Tech Corp,0,0,0
20030131,41552,ONCJ',OTC,20,0.2,0,0,Oncure Tech Corp,0,0,0
20030203,41552,ONCJ',OTC,20,0.2,0,0,Oncure Tech Corp,0,0,0
20030204,41552,ONCJ',OTC,20,0.2,0,0,Oncure Tech Corp,0,0,0
20030205,41552,ONCJ',OTC,20,0.2,0,0,Oncure Tech Corp,0,0,0
20030206,41552,ONCJ',OTC,20,0.2,0,0,Oncure Tech Corp,0,0,0
20030207,41552,ONCJ',OTC,20,0.2,0,0,Oncure Tech Corp,0,0,0
20030210,41552,ONCJ',OTC,20,0.2,0,0,Oncure Tech Corp,0,0,0
20030211,41552,ONCJ',OTC,20,0.2,0,0,Oncure Tech Corp,0,0,0
20030212,41552,ONCJ',OTC,20,0.2,0,0,Oncure Tech Corp,0,0,0
20030213,41552,ONCJ',OTC,20,0.2,0,0,Oncure Tech Corp,0,0,0
20030214,41552,ONCJ',OTC,20,0.2,0,0,Oncure Tech Corp,0,0,0
20030218,41552,ONCJ',OTC,20,0.2,0,0,Oncure Tech Corp,0,0,0
20030219,41552,ONCJ',OTC,20,0.2,0,0,Oncure Tech Corp,0,0,0
20030220,41552,ONCJ',OTC,19,0.19,0,0,Oncure Tech Corp,0,0,0
20030221,41552,ONCJ',OTC,23,0.23,1,0,Oncure Tech Corp,0,0,0
20030224,41552,ONCJ',OTC,30,0.3,0,0,Oncure Tech Corp,0,0,0
20030225,41552,ONCJ',OTC,23,0.23,1,0,Oncure Tech Corp,0,0,0
20030226,41552,ONCJ',OTC,30,0.3,3,0,Oncure Tech Corp,0,0,0
20030227,41552,ONCJ',OTC,30,0.3,0,0,Oncure Tech Corp,0,0,0
20030228,41552,ONCJ',OTC,30,0.3,0,0,Oncure Tech Corp,0,0,0
20030303,41552,ONCJ',OTC,30,0.3,0,0,Oncure Tech Corp,0,0,0
20030304,41552,ONCJ',OTC,30,0.3,0,0,Oncure Tech Corp,0,0,0
20030305,41552,ONCJ',OTC,30,0.3,0,0,Oncure Tech Corp,0,0,0
20030306,41552,ONCJ',OTC,30,0.3,0,0,Oncure Tech Corp,0,0,0
20030307,41552,ONCJ',OTC,30,0.3,0,0,Oncure Tech Corp,0,0,0
20030310,41552,ONCJ',OTC,30,0.3,0,0,Oncure Tech Corp,0,0,0
20030311,41552,ONCJ',OTC,30,0.3,0,0,Oncure Tech Corp,0,0,0
20030312,41552,ONCJ',OTC,30,0.3,0,0,Oncure Tech Corp,0,0,0
20030313,41552,ONCJ',OTC,30,0.3,0,0,Oncure Tech Corp,0,0,0
20030314,41552,ONCJ',OTC,22,0.22,0,0,Oncure Tech Corp,0,0,0
20030317,41552,ONCJ',OTC,22,0.22,0,0,Oncure Tech Corp,0,0,0
20030318,41552,ONCJ',OTC,22,0.22,0,0,Oncure Tech Corp,0,0,0
20030319,41552,ONCJ',OTC,22,0.22,0,0,Oncure Tech Corp,0,0,0
20030320,41552,ONCJ',OTC,22,0.22,0,0,Oncure Tech Corp,0,0,0
20030321,41552,ONCJ',OTC,22,0.22,0,0,Oncure Tech Corp,0,0,0
20030324,41552,ONCJ',OTC,49,0.49,1,0,Oncure Tech Corp,0,0,0
20030325,41552,ONCJ',OTC,49,0.49,0,0,Oncure Tech Corp,0,0,0
20030326,41552,ONCJ',OTC,49,0.49,0,0,Oncure Tech Corp,0,0,0
20030327,41552,ONCJ',OTC,49,0.49,0,0,Oncure Tech Corp,0,0,0
20030328,41552,ONCJ',OTC,49,0.49,0,0,Oncure Tech Corp,0,0,0
20030331,41552,ONCJ',OTC,30,0.3,0,0,Oncure Tech Corp,0,0,0
20030401,41552,ONCJ',OTC,30,0.3,0,0,Oncure Tech Corp,0,0,0
20030402,41552,ONCJ',OTC,30,0.3,0,0,Oncure Tech Corp,0,0,0
20030403,41552,ONCJ',OTC,30,0.3,0,0,Oncure Tech Corp,0,0,0
20030404,41552,ONCJ',OTC,32,0.32,0,0,Oncure Tech Corp,0,0,0
20030407,41552,ONCJ',OTC,51,0.51,0,0,Oncure Tech Corp,0,0,0
20030408,41552,ONCJ',OTC,51,0.51,0,0,Oncure Tech Corp,0,0,0
20030409,41552,ONCJ',OTC,53,0.53,1,0,Oncure Tech Corp,0,0,0
20030410,41552,ONCJ',OTC,45,0.45,0,0,Oncure Tech Corp,0,0,0
20030411,41552,ONCJ',OTC,35,0.35,2,0,Oncure Tech Corp,0,0,0
20030414,41552,ONCJ',OTC,35,0.35,0,0,Oncure Tech Corp,0,0,0
20030415,41552,ONCJ',OTC,25,0.25,0,0,Oncure Tech Corp,0,0,0
20030416,41552,ONCJ',OTC,25,0.25,0,0,Oncure Tech Corp,0,0,0
20030417,41552,ONCJ',OTC,28,0.28,1,0,Oncure Tech Corp,0,0,0
20030421,41552,ONCJ',OTC,28,0.28,0,0,Oncure Tech Corp,0,0,0
20030422,41552,ONCJ',OTC,25,0.25,3,0,Oncure Tech Corp,0,0,0
20030423,41552,ONCJ',OTC,25,0.25,0,0,Oncure Tech Corp,0,0,0
20030424,41552,ONCJ',OTC,20,0.2,2,0,Oncure Tech Corp,0,0,0
20030425,41552,ONCJ',OTC,20,0.2,0,0,Oncure Tech Corp,0,0,0
20030428,41552,ONCJ',OTC,20,0.2,0,0,Oncure Tech Corp,0,0,0
20030429,41552,ONCJ',OTC,20,0.2,0,0,Oncure Tech Corp,0,0,0
20030430,41552,ONCJ',OTC,25,0.25,0,0,Oncure Tech Corp,0,0,0
20030501,41552,ONCJ',OTC,25,0.25,0,0,Oncure Tech Corp,0,0,0
20030502,41552,ONCJ',OTC,25,0.25,0,0,Oncure Tech Corp,0,0,0
20030505,41552,ONCJ',OTC,25,0.25,0,0,Oncure Tech Corp,0,0,0
20030506,41552,ONCJ',OTC,25,0.25,0,0,Oncure Tech Corp,0,0,0
20030507,41552,ONCJ',OTC,25,0.25,0,0,Oncure Tech Corp,0,0,0
20030508,41552,ONCJ',OTC,20,0.2,0,0,Oncure Tech Corp,0,0,0
20030509,41552,ONCJ',OTC,16,0.16,0,0,Oncure Tech Corp,0,0,0
20030512,41552,ONCJ',OTC,16,0.16,0,0,Oncure Tech Corp,0,0,0
20030513,41552,ONCJ',OTC,16,0.16,0,0,Oncure Tech Corp,0,0,0
20030514,41552,ONCJ',OTC,16,0.16,0,0,Oncure Tech Corp,0,0,0
20030515,41552,ONCJ',OTC,16,0.16,0,0,Oncure Tech Corp,0,0,0
20030516,41552,ONCJ',OTC,16,0.16,0,0,Oncure Tech Corp,0,0,0
20030519,41552,ONCJ',OTC,16,0.16,0,0,Oncure Tech Corp,0,0,0
20030520,41552,ONCJ',OTC,16,0.16,0,0,Oncure Tech Corp,0,0,0
20030521,41552,ONCJ',OTC,16,0.16,0,0,Oncure Tech Corp,0,0,0
20030522,41552,ONCJ',OTC,16,0.16,0,0,Oncure Tech Corp,0,0,0
20030523,41552,ONCJ',OTC,16,0.16,0,0,Oncure Tech Corp,0,0,0
20030527,41552,ONCJ',OTC,16,0.16,0,0,Oncure Tech Corp,0,0,0
20030528,41552,ONCJ',OTC,16,0.16,0,0,Oncure Tech Corp,0,0,0
20030529,41552,ONCJ',OTC,16,0.16,0,0,Oncure Tech Corp,0,0,0
20030530,41552,ONCJ',OTC,16,0.16,0,0,Oncure Tech Corp,0,0,0
20030602,41552,ONCJ',OTC,2,0.02,0,0,Oncure Tech Corp,0,0,0
20030603,41552,ONCJ',OTC,2,0.02,0,0,Oncure Tech Corp,0,0,0
20030604,41552,ONCJ',OTC,2,0.02,0,0,Oncure Tech Corp,0,0,0
20030605,41552,ONCJ',OTC,2,0.02,0,0,Oncure Tech Corp,0,0,0
20030606,41552,ONCJ',OTC,2,0.02,0,0,Oncure Tech Corp,0,0,0
20030609,41552,ONCJ',OTC,2,0.02,0,0,Oncure Tech Corp,0,0,0
20030610,41552,ONCJ',OTC,2,0.02,0,0,Oncure Tech Corp,0,0,0
20030611,41552,ONCJ',OTC,2,0.02,0,0,Oncure Tech Corp,0,0,0
20030612,41552,ONCJ',OTC,2,0.02,0,0,Oncure Tech Corp,0,0,0
20030613,41552,ONCJ',OTC,2,0.02,0,0,Oncure Tech Corp,0,0,0
20030616,41552,ONCJ',OTC,2,0.02,0,0,Oncure Tech Corp,0,0,0
20030617,41552,ONCJ',OTC,2,0.02,0,0,Oncure Tech Corp,0,0,0
20030618,41552,ONCJ',OTC,2,0.02,0,0,Oncure Tech Corp,0,0,0
20030619,41552,ONCJ',OTC,2,0.02,0,0,Oncure Tech Corp,0,0,0
20030620,41552,ONCJ',OTC,2,0.02,0,0,Oncure Tech Corp,0,0,0
20030623,41552,ONCJ',OTC,2,0.02,0,0,Oncure Tech Corp,0,0,0
20030624,41552,ONCJ',OTC,2,0.02,0,0,Oncure Tech Corp,0,0,0
20030625,41552,ONCJ',OTC,2,0.02,0,0,Oncure Tech Corp,0,0,0
20030626,41552,ONCJ',OTC,2,0.02,0,0,Oncure Tech Corp,0,0,0
20030627,41552,ONCJ',OTC,2,0.02,0,0,Oncure Tech Corp,0,0,0
20030630,41552,ONCJ',OTC,2,0.02,0,0,Oncure Tech Corp,0,0,0
20030701,41552,ONCJ',OTC,2,0.02,0,0,Oncure Tech Corp,0,0,0
20030702,41552,ONCJ',OTC,2,0.02,0,0,Oncure Tech Corp,0,0,0
20030703,41552,ONCJ',OTC,2,0.02,0,0,Oncure Tech Corp,0,0,0
20030707,41552,ONCJ',OTC,2,0.02,0,0,Oncure Tech Corp,0,0,0
20030708,41552,ONCJ',OTC,2,0.02,0,0,Oncure Tech Corp,0,0,0
20030709,41552,ONCJ',OTC,2,0.02,0,0,Oncure Tech Corp,0,0,0
20030710,41552,ONCJ',OTC,2,0.02,0,0,Oncure Tech Corp,0,0,0
20030711,41552,ONCJ',OTC,2,0.02,0,0,Oncure Tech Corp,0,0,0
20030714,41552,ONCJ',OTC,2,0.02,0,0,Oncure Tech Corp,0,0,0
20030715,41552,ONCJ',OTC,2,0.02,0,0,Oncure Tech Corp,0,0,0
20030716,41552,ONCJ',OTC,2,0.02,0,0,Oncure Tech Corp,0,0,0
20030717,41552,ONCJ',OTC,2,0.02,0,0,Oncure Tech Corp,0,0,0
20030718,41552,ONCJ',OTC,2,0.02,0,0,Oncure Tech Corp,0,0,0
20030721,41552,ONCJ',OTC,2,0.02,0,0,Oncure Tech Corp,0,0,0
20030722,41552,ONCJ',OTC,2,0.02,0,0,Oncure Tech Corp,0,0,0
20030723,41552,ONCJ',OTC,2,0.02,0,0,Oncure Tech Corp,0,0,0
20030724,41552,ONCJ',OTC,2,0.02,0,0,Oncure Tech Corp,0,0,0
20030725,41552,ONCJ',OTC,2,0.02,0,0,Oncure Tech Corp,0,0,0
20030728,41552,ONCJ',OTC,2,0.02,0,0,Oncure Tech Corp,0,0,0
20030729,41552,ONCJ',OTC,2,0.02,0,0,Oncure Tech Corp,0,0,0
20030730,41552,ONCJ',OTC,2,0.02,0,0,Oncure Tech Corp,0,0,0
20030731,41552,ONCJ',OTC,2,0.02,0,0,Oncure Tech Corp,0,0,0
20030801,41552,ONCJ',OTC,2,0.02,0,0,Oncure Tech Corp,0,0,0
20030804,41552,ONCJ',OTC,2,0.02,0,0,Oncure Tech Corp,0,0,0
20030805,41552,ONCJ',OTC,2,0.02,0,0,Oncure Tech Corp,0,0,0
20030806,41552,ONCJ',OTC,2,0.02,0,0,Oncure Tech Corp,0,0,0
20030807,41552,ONCJ',OTC,2,0.02,0,0,Oncure Tech Corp,0,0,0
20030808,41552,ONCJ',OTC,2,0.02,0,0,Oncure Tech Corp,0,0,0
20030811,41552,ONCJ',OTC,5,0.05,6,0,Oncure Tech Corp,0,0,0
20030812,41552,ONCJ',OTC,5,0.05,0,0,Oncure Tech Corp,0,0,0
20030813,41552,ONCJ',OTC,5,0.05,0,0,Oncure Tech Corp,0,0,0
20030814,41552,ONCJ',OTC,5,0.05,6,0,Oncure Tech Corp,0,0,0
20030815,41552,ONCJ',OTC,5,0.05,0,0,Oncure Tech Corp,0,0,0
20030818,41552,ONCJ',OTC,5,0.05,0,0,Oncure Tech Corp,0,0,0
20030819,41552,ONCJ',OTC,5,0.05,7,0,Oncure Tech Corp,0,0,0
20030820,41552,ONCJ',OTC,4,0.04,10,0,Oncure Tech Corp,0,0,0
20030821,41552,ONCJ',OTC,4,0.04,0,0,Oncure Tech Corp,0,0,0
20030822,41552,ONCJ',OTC,4,0.04,0,0,Oncure Tech Corp,0,0,0
20030825,41552,ONCJ',OTC,4,0.04,0,0,Oncure Tech Corp,0,0,0
20030826,41552,ONCJ',OTC,5,0.05,0,0,Oncure Tech Corp,0,0,0
20030827,41552,ONCJ',OTC,5,0.05,0,0,Oncure Tech Corp,0,0,0
20030828,41552,ONCJ',OTC,5,0.05,0,0,Oncure Tech Corp,0,0,0
20030829,41552,ONCJ',OTC,5,0.05,0,0,Oncure Tech Corp,0,0,0
20030902,41552,ONCJ',OTC,3,0.03,0,0,Oncure Tech Corp,0,0,0
20030903,41552,ONCJ',OTC,3,0.03,0,0,Oncure Tech Corp,0,0,0
20030904,41552,ONCJ',OTC,3,0.03,0,0,Oncure Tech Corp,0,0,0
20030905,41552,ONCJ',OTC,3,0.03,0,0,Oncure Tech Corp,0,0,0
20030908,41552,ONCJ',OTC,3,0.03,0,0,Oncure Tech Corp,0,0,0
20030909,41552,ONCJ',OTC,3,0.03,0,0,Oncure Tech Corp,0,0,0
20030910,41552,ONCJ',OTC,3,0.03,0,0,Oncure Tech Corp,0,0,0
20030911,41552,ONCJ',OTC,3,0.03,0,0,Oncure Tech Corp,0,0,0
20030912,41552,ONCJ',OTC,3,0.03,0,0,Oncure Tech Corp,0,0,0
20030915,41552,ONCJ',OTC,3,0.03,0,0,Oncure Tech Corp,0,0,0
20030916,41552,ONCJ',OTC,3,0.03,0,0,Oncure Tech Corp,0,0,0
20030917,41552,ONCJ',OTC,3,0.03,0,0,Oncure Tech Corp,0,0,0
20030918,41552,ONCJ',OTC,3,0.03,0,0,Oncure Tech Corp,0,0,0
20030919,41552,ONCJ',OTC,3,0.03,0,0,Oncure Tech Corp,0,0,0
20030922,41552,ONCJ',OTC,3,0.03,0,0,Oncure Tech Corp,0,0,0
20030923,41552,ONCJ',OTC,3,0.03,0,0,Oncure Tech Corp,0,0,0
20030924,41552,ONCJ',OTC,3,0.03,0,0,Oncure Tech Corp,0,0,0
20030925,41552,ONCJ',OTC,3,0.03,0,0,Oncure Tech Corp,0,0,0
20030926,41552,ONCJ',OTC,3,0.03,0,0,Oncure Tech Corp,0,0,0
20030929,41552,ONCJ',OTC,3,0.03,0,0,Oncure Tech Corp,0,0,0
20030930,41552,ONCJ',OTC,3,0.03,0,0,Oncure Tech Corp,0,0,0
20031001,41552,ONCJ',OTC,3,0.03,0,0,Oncure Tech Corp,0,0,0
20031002,41552,ONCJ',OTC,3,0.03,0,0,Oncure Tech Corp,0,0,0
20031003,41552,ONCJ',OTC,3,0.03,1,0,Oncure Tech Corp,0,0,0
20031006,41552,ONCJ',OTC,3,0.03,0,0,Oncure Tech Corp,0,0,0
20031007,41552,ONCJ',OTC,3,0.03,0,0,Oncure Tech Corp,0,0,0
20031008,41552,ONCJ',OTC,3,0.03,0,0,Oncure Tech Corp,0,0,0
20031009,41552,ONCJ',OTC,3,0.03,0,0,Oncure Tech Corp,0,0,0
20031010,41552,ONCJ',OTC,3,0.03,0,0,Oncure Tech Corp,0,0,0
20031013,41552,ONCJ',OTC,3,0.03,0,0,Oncure Tech Corp,0,0,0
20031014,41552,ONCJ',OTC,3,0.03,0,0,Oncure Tech Corp,0,0,0
20031015,41552,ONCJ',OTC,3,0.03,0,0,Oncure Tech Corp,0,0,0
20031016,41552,ONCJ',OTC,3,0.03,0,0,Oncure Tech Corp,0,0,0
20031017,41552,ONCJ',OTC,3,0.03,0,0,Oncure Tech Corp,0,0,0
20031020,41552,ONCJ',OTC,4,0.04,0,0,Oncure Tech Corp,0,0,0
20031021,41552,ONCJ',OTC,4,0.04,0,0,Oncure Tech Corp,0,0,0
20031022,41552,ONCJ',OTC,4,0.04,0,0,Oncure Tech Corp,0,0,0
20031023,41552,ONCJ',OTC,4,0.04,0,0,Oncure Tech Corp,0,0,0
20031024,41552,ONCJ',OTC,4,0.04,0,0,Oncure Tech Corp,0,0,0
20031027,41552,ONCJ',OTC,4,0.04,0,0,Oncure Tech Corp,0,0,0
20031028,41552,ONCJ',OTC,4,0.04,0,0,Oncure Tech Corp,0,0,0
20031029,41552,ONCJ',OTC,3,0.03,0,0,Oncure Tech Corp,0,0,0
20031030,41552,ONCJ',OTC,3,0.03,0,0,Oncure Tech Corp,0,0,0
20031031,41552,ONCJ',OTC,3,0.03,0,0,Oncure Tech Corp,0,0,0
20031103,41552,ONCJ',OTC,3,0.03,0,0,Oncure Tech Corp,0,0,0
20031104,41552,ONCJ',OTC,3,0.03,0,0,Oncure Tech Corp,0,0,0
20031105,41552,ONCJ',OTC,15,0.15,3,0,Oncure Tech Corp,0,0,0
20031106,41552,ONCJ',OTC,13,0.13,0,0,Oncure Tech Corp,0,0,0
20031107,41552,ONCJ',OTC,13,0.13,0,0,Oncure Tech Corp,0,0,0
20031110,41552,ONCJ',OTC,13,0.13,0,0,Oncure Tech Corp,0,0,0
20031111,41552,ONCJ',OTC,13,0.13,0,0,Oncure Tech Corp,0,0,0
20031112,41552,ONCJ',OTC,13,0.13,0,0,Oncure Tech Corp,0,0,0
20031113,41552,ONCJ',OTC,7,0.07,0,0,Oncure Tech Corp,0,0,0
20031114,41552,ONCJ',OTC,7,0.07,0,0,Oncure Tech Corp,0,0,0
20031117,41552,ONCJ',OTC,7,0.07,0,0,Oncure Tech Corp,0,0,0
20031118,41552,ONCJ',OTC,7,0.07,0,0,Oncure Tech Corp,0,0,0
20031119,41552,ONCJ',OTC,7,0.07,0,0,Oncure Tech Corp,0,0,0
20031120,41552,ONCJ',OTC,7,0.07,0,0,Oncure Tech Corp,0,0,0
20031121,41552,ONCJ',OTC,7,0.07,0,0,Oncure Tech Corp,0,0,0
20031124,41552,ONCJ',OTC,7,0.07,0,0,Oncure Tech Corp,0,0,0
20031125,41552,ONCJ',OTC,7,0.07,0,0,Oncure Tech Corp,0,0,0
20031126,41552,ONCJ',OTC,7,0.07,0,0,Oncure Tech Corp,0,0,0
20031128,41552,ONCJ',OTC,7,0.07,0,0,Oncure Tech Corp,0,0,0
20031201,41552,ONCJ',OTC,7,0.07,0,0,Oncure Tech Corp,0,0,0
20031202,41552,ONCJ',OTC,7,0.07,0,0,Oncure Tech Corp,0,0,0
20031203,41552,ONCJ',OTC,7,0.07,0,0,Oncure Tech Corp,0,0,0
20031204,41552,ONCJ',OTC,7,0.07,0,0,Oncure Tech Corp,0,0,0
20031205,41552,ONCJ',OTC,7,0.07,0,0,Oncure Tech Corp,0,0,0
20031208,41552,ONCJ',OTC,7,0.07,0,0,Oncure Tech Corp,0,0,0
20031209,41552,ONCJ',OTC,7,0.07,0,0,Oncure Tech Corp,0,0,0
20031210,41552,ONCJ',OTC,7,0.07,0,0,Oncure Tech Corp,0,0,0
20031211,41552,ONCJ',OTC,7,0.07,0,0,Oncure Tech Corp,0,0,0
20031212,41552,ONCJ',OTC,7,0.07,0,0,Oncure Tech Corp,0,0,0
20031215,41552,ONCJ',OTC,7,0.07,0,0,Oncure Tech Corp,0,0,0
20031216,41552,ONCJ',OTC,7,0.07,0,0,Oncure Tech Corp,0,0,0
20031217,41552,ONCJ',OTC,7,0.07,0,0,Oncure Tech Corp,0,0,0
20031218,41552,ONCJ',OTC,7,0.07,0,0,Oncure Tech Corp,0,0,0
20031219,41552,ONCJ',OTC,7,0.07,1,0,Oncure Tech Corp,0,0,0
20031222,41552,ONCJ',OTC,7,0.07,0,0,Oncure Tech Corp,0,0,0
20031223,41552,ONCJ',OTC,7,0.07,0,0,Oncure Tech Corp,0,0,0
20031224,41552,ONCJ',OTC,7,0.07,0,0,Oncure Tech Corp,0,0,0
20031226,41552,ONCJ',OTC,7,0.07,0,0,Oncure Tech Corp,0,0,0
20031229,41552,ONCJ',OTC,7,0.07,0,0,Oncure Tech Corp,0,0,0
20031230,41552,ONCJ',OTC,7,0.07,0,0,Oncure Tech Corp,0,0,0
20031231,41552,ONCJ',OTC,7,0.07,0,0,Oncure Tech Corp,0,0,0
20040102,41552,ONCJ',OTC,7,0.07,0,0,Oncure Tech Corp,0,0,0
20040105,41552,ONCJ',OTC,7,0.07,0,0,Oncure Tech Corp,0,0,0
20040106,41552,ONCJ',OTC,7,0.07,0,0,Oncure Tech Corp,0,0,0
20040107,41552,ONCJ',OTC,7,0.07,0,0,Oncure Tech Corp,0,0,0
20040108,41552,ONCJ',OTC,7,0.07,0,0,Oncure Tech Corp,0,0,0
20040109,41552,ONCJ',OTC,7,0.07,0,0,Oncure Tech Corp,0,0,0
20040112,41552,ONCJ',OTC,7,0.07,0,0,Oncure Tech Corp,0,0,0
20040113,41552,ONCJ',OTC,7,0.07,0,0,Oncure Tech Corp,0,0,0
20040114,41552,ONCJ',OTC,7,0.07,0,0,Oncure Tech Corp,0,0,0
20040115,41552,ONCJ',OTC,7,0.07,0,0,Oncure Tech Corp,0,0,0
20040116,41552,ONCJ',OTC,7,0.07,0,0,Oncure Tech Corp,0,0,0
20040120,41552,ONCJ',OTC,7,0.07,0,0,Oncure Tech Corp,0,0,0
20040121,41552,ONCJ',OTC,7,0.07,0,0,Oncure Tech Corp,0,0,0
20040122,41552,ONCJ',OTC,7,0.07,0,0,Oncure Tech Corp,0,0,0
20040123,41552,ONCJ',OTC,7,0.07,0,0,Oncure Tech Corp,0,0,0
20040126,41552,ONCJ',OTC,7,0.07,0,0,Oncure Tech Corp,0,0,0
20040127,41552,ONCJ',OTC,7,0.07,0,0,Oncure Tech Corp,0,0,0
20040128,41552,ONCJ',OTC,7,0.07,0,0,Oncure Tech Corp,0,0,0
20040129,41552,ONCJ',OTC,7,0.07,0,0,Oncure Tech Corp,0,0,0
20040130,41552,ONCJ',OTC,7,0.07,0,0,Oncure Tech Corp,0,0,0
20040202,41552,ONCJ',OTC,7,0.07,0,0,Oncure Tech Corp,0,0,0
20040203,41552,ONCJ',OTC,7,0.07,0,0,Oncure Tech Corp,0,0,0
20040204,41552,ONCJ',OTC,7,0.07,1,0,Oncure Tech Corp,0,0,0
20040205,41552,ONCJ',OTC,7,0.07,0,0,Oncure Tech Corp,0,0,0
20040206,41552,ONCJ',OTC,5,0.05,0,0,Oncure Tech Corp,0,0,0
20040209,41552,ONCJ',OTC,5,0.05,0,0,Oncure Tech Corp,0,0,0
20040210,41552,ONCJ',OTC,5,0.05,0,0,Oncure Tech Corp,0,0,0
20040211,41552,ONCJ',OTC,5,0.05,0,0,Oncure Tech Corp,0,0,0
20040212,41552,ONCJ',OTC,5,0.05,0,0,Oncure Tech Corp,0,0,0
20040213,41552,ONCJ',OTC,5,0.05,0,0,Oncure Tech Corp,0,0,0
20040217,41552,ONCJ',OTC,5,0.05,0,0,Oncure Tech Corp,0,0,0
20040218,41552,ONCJ',OTC,5,0.05,0,0,Oncure Tech Corp,0,0,0
20040219,41552,ONCJ',OTC,5,0.05,0,0,Oncure Tech Corp,0,0,0
20040220,41552,ONCJ',OTC,5,0.05,0,0,Oncure Tech Corp,0,0,0
20040223,41552,ONCJ',OTC,5,0.05,0,0,Oncure Tech Corp,0,0,0
20040224,41552,ONCJ',OTC,5,0.05,0,0,Oncure Tech Corp,0,0,0
20040225,41552,ONCJ',OTC,5,0.05,0,0,Oncure Tech Corp,0,0,0
20040226,41552,ONCJ',OTC,5,0.05,0,0,Oncure Tech Corp,0,0,0
20040227,41552,ONCJ',OTC,5,0.05,0,0,Oncure Tech Corp,0,0,0
20040301,41552,ONCJ',OTC,5,0.05,0,0,Oncure Tech Corp,0,0,0
20040302,41552,ONCJ',OTC,5,0.05,0,0,Oncure Tech Corp,0,0,0
20040303,41552,ONCJ',OTC,5,0.05,0,0,Oncure Tech Corp,0,0,0
20040304,41552,ONCJ',OTC,5,0.05,0,0,Oncure Tech Corp,0,0,0
20040305,41552,ONCJ',OTC,5,0.05,0,0,Oncure Tech Corp,0,0,0
20040308,41552,ONCJ',OTC,5,0.05,0,0,Oncure Tech Corp,0,0,0
20040309,41552,ONCJ',OTC,5,0.05,0,0,Oncure Tech Corp,0,0,0
20040310,41552,ONCJ',OTC,5,0.05,0,0,Oncure Tech Corp,0,0,0
20040311,41552,ONCJ',OTC,5,0.05,0,0,Oncure Tech Corp,0,0,0
20040312,41552,ONCJ',OTC,5,0.05,0,0,Oncure Tech Corp,0,0,0
20040315,41552,ONCJ',OTC,5,0.05,0,0,Oncure Tech Corp,0,0,0
20040316,41552,ONCJ',OTC,5,0.05,0,0,Oncure Tech Corp,0,0,0
20040317,41552,ONCJ',OTC,5,0.05,0,0,Oncure Tech Corp,0,0,0
20040318,41552,ONCJ',OTC,5,0.05,0,0,Oncure Tech Corp,0,0,0
20040319,41552,ONCJ',OTC,5,0.05,0,0,Oncure Tech Corp,0,0,0
20040322,41552,ONCJ',OTC,10,0.1,6,0,Oncure Tech Corp,0,0,0
20040323,41552,ONCJ',OTC,10,0.1,0,0,Oncure Tech Corp,0,0,0
20040324,41552,ONCJ',OTC,10,0.1,0,0,Oncure Tech Corp,0,0,0
20040325,41552,ONCJ',OTC,10,0.1,0,0,Oncure Tech Corp,0,0,0
20040326,41552,ONCJ',OTC,10,0.1,0,0,Oncure Tech Corp,0,0,0
20040329,41552,ONCJ',OTC,11,0.11,0,0,Oncure Tech Corp,0,0,0
20040330,41552,ONCJ',OTC,11,0.11,0,0,Oncure Tech Corp,0,0,0
20040331,41552,ONCJ',OTC,11,0.11,0,0,Oncure Tech Corp,0,0,0
20040401,41552,ONCJ',OTC,11,0.11,1,0,Oncure Tech Corp,0,0,0
20040402,41552,ONCJ',OTC,11,0.11,0,0,Oncure Tech Corp,0,0,0
20040405,41552,ONCJ',OTC,10,0.1,0,0,Oncure Tech Corp,0,0,0
20040406,41552,ONCJ',OTC,10,0.1,0,0,Oncure Tech Corp,0,0,0
20040407,41552,ONCJ',OTC,10,0.1,0,0,Oncure Tech Corp,0,0,0
20040408,41552,ONCJ',OTC,10,0.1,0,0,Oncure Tech Corp,0,0,0
20040412,41552,ONCJ',OTC,10,0.1,0,0,Oncure Tech Corp,0,0,0
20040413,41552,ONCJ',OTC,10,0.1,0,0,Oncure Tech Corp,0,0,0
20040414,41552,ONCJ',OTC,10,0.1,0,0,Oncure Tech Corp,0,0,0
20040415,41552,ONCJ',OTC,10,0.1,0,0,Oncure Tech Corp,0,0,0
20040416,41552,ONCJ',OTC,10,0.1,0,0,Oncure Tech Corp,0,0,0
20040419,41552,ONCJ',OTC,10,0.1,0,0,Oncure Tech Corp,0,0,0
20040420,41552,ONCJ',OTC,10,0.1,0,0,Oncure Tech Corp,0,0,0
20040421,41552,ONCJ',OTC,10,0.1,0,0,Oncure Tech Corp,0,0,0
20040422,41552,ONCJ',OTC,10,0.1,3,0,Oncure Tech Corp,0,0,0
20040423,41552,ONCJ',OTC,10,0.1,0,0,Oncure Tech Corp,0,0,0
20040426,41552,ONCJ',OTC,10,0.1,0,0,Oncure Tech Corp,0,0,0
20040427,41552,ONCJ',OTC,10,0.1,0,0,Oncure Tech Corp,0,0,0
20040428,41552,ONCJ',OTC,10,0.1,0,0,Oncure Tech Corp,0,0,0
20040429,41552,ONCJ',OTC,10,0.1,0,0,Oncure Tech Corp,0,0,0
20040430,41552,ONCJ',OTC,11,0.11,5,0,Oncure Tech Corp,0,0,0
20040503,41552,ONCJ',OTC,11,0.11,0,0,Oncure Tech Corp,0,0,0
20040504,41552,ONCJ',OTC,11,0.11,0,0,Oncure Tech Corp,0,0,0
20040505,41552,ONCJ',OTC,11,0.11,0,0,Oncure Tech Corp,0,0,0
20040506,41552,ONCJ',OTC,11,0.11,0,0,Oncure Tech Corp,0,0,0
20040507,41552,ONCJ',OTC,11,0.11,0,0,Oncure Tech Corp,0,0,0
20040510,41552,ONCJ',OTC,11,0.11,0,0,Oncure Tech Corp,0,0,0
20040511,41552,ONCJ',OTC,11,0.11,0,0,Oncure Tech Corp,0,0,0
20040512,41552,ONCJ',OTC,11,0.11,0,0,Oncure Tech Corp,0,0,0
20040513,41552,ONCJ',OTC,11,0.11,0,0,Oncure Tech Corp,0,0,0
20040514,41552,ONCJ',OTC,11,0.11,0,0,Oncure Tech Corp,0,0,0
20040517,41552,ONCJ',OTC,11,0.11,0,0,Oncure Tech Corp,0,0,0
20040518,41552,ONCJ',OTC,12,0.12,1,0,Oncure Tech Corp,0,0,0
20040519,41552,ONCJ',OTC,12,0.12,0,0,Oncure Tech Corp,0,0,0
20040520,41552,ONCJ',OTC,12,0.12,0,0,Oncure Tech Corp,0,0,0
20040521,41552,ONCJ',OTC,12,0.12,0,0,Oncure Tech Corp,0,0,0
20040524,41552,ONCJ',OTC,10,0.1,0,0,Oncure Tech Corp,0,0,0
20040525,41552,ONCJ',OTC,10,0.1,0,0,Oncure Tech Corp,0,0,0
20040526,41552,ONCJ',OTC,10,0.1,0,0,Oncure Tech Corp,0,0,0
20040527,41552,ONCJ',OTC,10,0.1,0,0,Oncure Tech Corp,0,0,0
20040528,41552,ONCJ',OTC,10,0.1,0,0,Oncure Tech Corp,0,0,0
20040601,41552,ONCJ',OTC,10,0.1,0,0,Oncure Tech Corp,0,0,0
20040602,41552,ONCJ',OTC,10,0.1,0,0,Oncure Tech Corp,0,0,0
20040603,41552,ONCJ',OTC,10,0.1,0,0,Oncure Tech Corp,0,0,0
20040604,41552,ONCJ',OTC,10,0.1,0,0,Oncure Tech Corp,0,0,0
20040607,41552,ONCJ',OTC,10,0.1,0,0,Oncure Tech Corp,0,0,0
20040608,41552,ONCJ',OTC,10,0.1,0,0,Oncure Tech Corp,0,0,0
20040609,41552,ONCJ',OTC,10,0.1,0,0,Oncure Tech Corp,0,0,0
20040610,41552,ONCJ',OTC,10,0.1,0,0,Oncure Tech Corp,0,0,0
20040614,41552,ONCJ',OTC,12,0.12,4,0,Oncure Tech Corp,0,0,0
20040615,41552,ONCJ',OTC,12,12,0,0,Oncure Tech Corp,0,0,0
20040616,41552,ONCJ',OTC,0.25,0.25,50,0,Oncure Tech Corp,0,0,0
20040617,41552,ONCJ',OTC,0.25,0.25,0,0,Oncure Tech Corp,0,0,0
20040618,41552,ONCJ',OTC,0.25,0.25,5,0,Oncure Tech Corp,0,0,0
20040621,41552,ONCJ',OTC,0.25,0.25,0,0,Oncure Tech Corp,0,0,0
20040622,41552,ONCJ',OTC,0.25,0.25,0,0,Oncure Tech Corp,0,0,0
20040623,41552,ONCJ',OTC,0.32,0.32,36,0,Oncure Tech Corp,0,0,0
20040624,41552,ONCJ',OTC,0.32,0.32,0,0,Oncure Tech Corp,0,0,0
20040625,41552,ONCJ',OTC,0.32,0.32,0,0,Oncure Tech Corp,0,0,0
20040628,41552,ONCJ',OTC,0.32,0.32,0,0,Oncure Tech Corp,0,0,0
20040629,41552,ONCJ',OTC,0.32,0.32,0,0,Oncure Tech Corp,0,0,0
20040630,41552,ONCJ',OTC,0.32,0.32,0,0,Oncure Tech Corp,0,0,0
20040701,41552,ONCJ',OTC,0.32,0.32,0,0,Oncure Tech Corp,0,0,0
20040702,41552,ONCJ',OTC,0.32,0.32,0,0,Oncure Tech Corp,0,0,0
20040706,41552,ONCJ',OTC,0.32,0.32,0,0,Oncure Tech Corp,0,0,0
20040707,41552,ONCJ',OTC,0.32,0.32,0,0,Oncure Tech Corp,0,0,0
20040708,41552,ONCJ',OTC,0.15,0.15,3,0,Oncure Tech Corp,0,0,0
20040709,41552,ONCJ',OTC,0.15,0.15,0,0,Oncure Tech Corp,0,0,0
20040712,41552,ONCJ',OTC,1.2,1.2,7,0,Oncure Tech Corp,0,0,0
20040713,41552,ONCJ',OTC,1.2,1.2,0,0,Oncure Tech Corp,0,0,0
20040714,41552,ONCJ',OTC,1.2,1.2,0,0,Oncure Tech Corp,0,0,0
20040715,41552,ONCJ',OTC,1.2,1.2,0,0,Oncure Tech Corp,0,0,0
20040716,41552,ONCJ',OTC,0.3,0.3,8,0,Oncure Tech Corp,0,0,0
20040719,41552,ONCJ',OTC,0.3,0.3,0,0,Oncure Tech Corp,0,0,0
20040720,41552,ONCJ',OTC,0.3,0.3,0,0,Oncure Tech Corp,0,0,0
20040721,41552,ONCJ',OTC,0.3,0.3,0,0,Oncure Tech Corp,0,0,0
20040722,41552,ONCJ',OTC,0.3,0.3,0,0,Oncure Tech Corp,0,0,0
20040723,41552,ONCJ',OTC,0.3,0.3,0,0,Oncure Tech Corp,0,0,0
20040726,41552,ONCJ',OTC,0.15,0.15,2,0,Oncure Tech Corp,0,0,0
20040727,41552,ONCJ',OTC,0.15,0.15,0,0,Oncure Tech Corp,0,0,0
20040728,41552,ONCJ',OTC,0.3,0.3,22,0,Oncure Tech Corp,0,0,0
20040729,41552,ONCJ',OTC,0.3,0.3,0,0,Oncure Tech Corp,0,0,0
20040730,41552,ONCJ',OTC,1.01,1.01,8,0,Oncure Tech Corp,0,0,0
20040802,41552,ONCJ',OTC,1.01,1.01,0,0,Oncure Tech Corp,0,0,0
20040803,41552,ONCJ',OTC,0.28,0.28,1,0,Oncure Tech Corp,0,0,0
20040804,41552,ONCJ',OTC,0.28,0.28,0,0,Oncure Tech Corp,0,0,0
20040805,41552,ONCJ',OTC,0.28,0.28,0,0,Oncure Tech Corp,0,0,0
20040806,41552,ONCJ',OTC,0.28,0.28,0,0,Oncure Tech Corp,0,0,0
20040809,41552,ONCJ',OTC,0.28,0.28,0,0,Oncure Tech Corp,0,0,0
20040810,41552,ONCJ',OTC,0.28,0.28,0,0,Oncure Tech Corp,0,0,0
20040811,41552,ONCJ',OTC,0.28,0.28,0,0,Oncure Tech Corp,0,0,0
20040812,41552,ONCJ',OTC,0.28,0.28,1,0,Oncure Tech Corp,0,0,0
20040813,41552,ONCJ',OTC,0.28,0.28,0,0,Oncure Tech Corp,0,0,0
20040816,41552,ONCJ',OTC,0.28,0.28,0,0,Oncure Tech Corp,0,0,0
20040817,41552,ONCJ',OTC,0.28,0.28,0,0,Oncure Tech Corp,0,0,0
20040818,41552,ONCJ',OTC,0.28,0.28,0,0,Oncure Tech Corp,0,0,0
20040819,41552,ONCJ',OTC,0.28,0.28,0,0,Oncure Tech Corp,0,0,0
20040820,41552,ONCJ',OTC,0.28,0.28,0,0,Oncure Tech Corp,0,0,0
20040823,41552,ONCJ',OTC,0.28,0.28,0,0,Oncure Tech Corp,0,0,0
20040824,41552,ONCJ',OTC,0.28,0.28,0,0,Oncure Tech Corp,0,0,0
20040825,41552,ONCJ',OTC,0.28,0.28,0,0,Oncure Tech Corp,0,0,0
20040826,41552,ONCJ',OTC,0.28,0.28,0,0,Oncure Tech Corp,0,0,0
20040827,41552,ONCJ',OTC,0.28,0.28,0,0,Oncure Tech Corp,0,0,0
20040830,41552,ONCJ',OTC,0.28,0.28,0,0,Oncure Tech Corp,0,0,0
20040831,41552,ONCJ',OTC,0.28,0.28,0,0,Oncure Tech Corp,0,0,0
20040901,41552,ONCJ',OTC,0.28,0.28,0,0,Oncure Tech Corp,0,0,0
20040902,41552,ONCJ',OTC,0.28,0.28,0,0,Oncure Tech Corp,0,0,0
20040903,41552,ONCJ',OTC,0.28,0.28,0,0,Oncure Tech Corp,0,0,0
20040907,41552,ONCJ',OTC,0.28,0.28,0,0,Oncure Tech Corp,0,0,0
20040908,41552,ONCJ',OTC,0.28,0.28,0,0,Oncure Tech Corp,0,0,0
20040909,41552,ONCJ',OTC,0.28,0.28,0,0,Oncure Tech Corp,0,0,0
20040910,41552,ONCJ',OTC,0.28,0.28,0,0,Oncure Tech Corp,0,0,0
20040913,41552,ONCJ',OTC,0.28,0.28,0,0,Oncure Tech Corp,0,0,0
20040914,41552,ONCJ',OTC,0.28,0.28,0,0,Oncure Tech Corp,0,0,0
20040915,41552,ONCJ',OTC,0.28,0.28,0,0,Oncure Tech Corp,0,0,0
20040916,41552,ONCJ',OTC,0.28,0.28,0,0,Oncure Tech Corp,0,0,0
20040917,41552,ONCJ',OTC,0.48,0.48,12,0,Oncure Tech Corp,0,0,0
20040920,41552,ONCJ',OTC,0.48,0.48,0,0,Oncure Tech Corp,0,0,0
20040921,41552,ONCJ',OTC,0.48,0.48,0,0,Oncure Tech Corp,0,0,0
20040922,41552,ONCJ',OTC,0.48,0.48,0,0,Oncure Tech Corp,0,0,0
20040923,41552,ONCJ',OTC,0.48,0.48,0,0,Oncure Tech Corp,0,0,0
20040924,41552,ONCJ',OTC,0.48,0.48,0,0,Oncure Tech Corp,0,0,0
20040927,41552,ONCJ',OTC,0.48,0.48,0,0,Oncure Tech Corp,0,0,0
20040928,41552,ONCJ',OTC,0.48,0.48,0,0,Oncure Tech Corp,0,0,0
20040929,41552,ONCJ',OTC,0.48,0.48,0,0,Oncure Tech Corp,0,0,0
20040930,41552,ONCJ',OTC,0.48,0.48,0,0,Oncure Tech Corp,0,0,0
20041001,41552,ONCJ',OTC,0.48,0.48,0,0,Oncure Tech Corp,0,0,0
20041004,41552,ONCJ',OTC,0.48,0.48,0,0,Oncure Tech Corp,0,0,0
20041005,41552,ONCJ',OTC,0.48,0.48,0,0,Oncure Tech Corp,0,0,0
20041006,41552,ONCJ',OTC,0.48,0.48,0,0,Oncure Tech Corp,0,0,0
20041007,41552,ONCJ',OTC,0.48,0.48,0,0,Oncure Tech Corp,0,0,0
20041008,41552,ONCJ',OTC,0.3,0.3,5,0,Oncure Tech Corp,0,0,0
20041011,41552,ONCJ',OTC,0.3,0.3,0,0,Oncure Tech Corp,0,0,0
20041012,41552,ONCJ',OTC,0.3,0.3,0,0,Oncure Tech Corp,0,0,0
20041013,41552,ONCJ',OTC,0.3,0.3,0,0,Oncure Tech Corp,0,0,0
20041014,41552,ONCJ',OTC,0.3,0.3,0,0,Oncure Tech Corp,0,0,0
20041015,41552,ONCJ',OTC,0.3,0.3,0,0,Oncure Tech Corp,0,0,0
20041018,41552,ONCJ',OTC,0.3,0.3,0,0,Oncure Tech Corp,0,0,0
20041019,41552,ONCJ',OTC,0.3,0.3,0,0,Oncure Tech Corp,0,0,0
20041020,41552,ONCJ',OTC,0.3,0.3,0,0,Oncure Tech Corp,0,0,0
20041021,41552,ONCJ',OTC,0.3,0.3,0,0,Oncure Tech Corp,0,0,0
20041022,41552,ONCJ',OTC,0.3,0.3,0,0,Oncure Tech Corp,0,0,0
20041025,41552,ONCJ',OTC,0.3,0.3,0,0,Oncure Tech Corp,0,0,0
20041026,41552,ONCJ',OTC,0.3,0.3,0,0,Oncure Tech Corp,0,0,0
20041027,41552,ONCJ',OTC,0.3,0.3,0,0,Oncure Tech Corp,0,0,0
20041028,41552,ONCJ',OTC,0.3,0.3,0,0,Oncure Tech Corp,0,0,0
20041029,41552,ONCJ',OTC,0.3,0.3,0,0,Oncure Tech Corp,0,0,0
20041101,41552,ONCJ',OTC,0.3,0.3,0,0,Oncure Tech Corp,0,0,0
20041102,41552,ONCJ',OTC,0.3,0.3,0,0,Oncure Tech Corp,0,0,0
20041103,41552,ONCJ',OTC,0.3,0.3,0,0,Oncure Tech Corp,0,0,0
20041104,41552,ONCJ',OTC,0.3,0.3,0,0,Oncure Tech Corp,0,0,0
20041105,41552,ONCJ',OTC,0.3,0.3,0,0,Oncure Tech Corp,0,0,0
20041108,41552,ONCJ',OTC,0.3,0.3,0,0,Oncure Tech Corp,0,0,0
20041109,41552,ONCJ',OTC,0.3,0.3,0,0,Oncure Tech Corp,0,0,0
20041110,41552,ONCJ',OTC,0.3,0.3,0,0,Oncure Tech Corp,0,0,0
20041111,41552,ONCJ',OTC,0.3,0.3,0,0,Oncure Tech Corp,0,0,0
20041112,41552,ONCJ',OTC,0.3,0.3,0,0,Oncure Tech Corp,0,0,0
20041115,41552,ONCJ',OTC,0.3,0.3,0,0,Oncure Tech Corp,0,0,0
20041116,41552,ONCJ',OTC,0.3,0.3,0,0,Oncure Tech Corp,0,0,0
20041117,41552,ONCJ',OTC,0.3,0.3,0,0,Oncure Tech Corp,0,0,0
20041118,41552,ONCJ',OTC,0.3,0.3,0,0,Oncure Tech Corp,0,0,0
20041119,41552,ONCJ',OTC,0.75,0.75,34,0,Oncure Tech Corp,0,0,0
20041122,41552,ONCJ',OTC,0.75,0.75,0,0,Oncure Tech Corp,0,0,0
20041123,41552,ONCJ',OTC,0.75,0.75,0,0,Oncure Tech Corp,0,0,0
20041124,41552,ONCJ',OTC,0.9,0.9,50,0,Oncure Tech Corp,0,0,0
20041126,41552,ONCJ',OTC,0.9,0.9,0,0,Oncure Tech Corp,0,0,0
20041129,41552,ONCJ',OTC,0.9,0.9,0,0,Oncure Tech Corp,0,0,0
20041130,41552,ONCJ',OTC,0.9,0.9,0,0,Oncure Tech Corp,0,0,0
20041201,41552,ONCJ',OTC,0.85,0.85,3,0,Oncure Tech Corp,0,0,0
20041202,41552,ONCJ',OTC,0.85,0.85,0,0,Oncure Tech Corp,0,0,0
20041203,41552,ONCJ',OTC,0.85,0.85,0,0,Oncure Tech Corp,0,0,0
20041206,41552,ONCJ',OTC,0.85,0.85,0,0,Oncure Tech Corp,0,0,0
20041207,41552,ONCJ',OTC,0.85,0.85,0,0,Oncure Tech Corp,0,0,0
20041208,41552,ONCJ',OTC,0.85,0.85,0,0,Oncure Tech Corp,0,0,0
20041209,41552,ONCJ',OTC,0.85,0.85,4,0,Oncure Tech Corp,0,0,0
20041210,41552,ONCJ',OTC,0.85,0.85,0,0,Oncure Tech Corp,0,0,0
20041213,41552,ONCJ',OTC,0.85,0.85,0,0,Oncure Tech Corp,0,0,0
20041214,41552,ONCJ',OTC,0.85,0.85,0,0,Oncure Tech Corp,0,0,0
20041215,41552,ONCJ',OTC,0.85,0.85,0,0,Oncure Tech Corp,0,0,0
20041216,41552,ONCJ',OTC,0.85,0.85,3,0,Oncure Tech Corp,0,0,0
20041217,41552,ONCJ',OTC,0.85,0.85,0,0,Oncure Tech Corp,0,0,0
20041220,41552,ONCJ',OTC,0.85,0.85,0,0,Oncure Tech Corp,0,0,0
20041221,41552,ONCJ',OTC,0.85,0.85,0,0,Oncure Tech Corp,0,0,0
20041222,41552,ONCJ',OTC,0.85,0.85,0,0,Oncure Tech Corp,0,0,0
20041223,41552,ONCJ',OTC,0.85,0.85,0,0,Oncure Tech Corp,0,0,0
20041227,41552,ONCJ',OTC,0.85,0.85,3,0,Oncure Tech Corp,0,0,0
20041228,41552,ONCJ',OTC,0.85,0.85,0,0,Oncure Tech Corp,0,0,0
20041229,41552,ONCJ',OTC,0.85,0.85,0,0,Oncure Tech Corp,0,0,0
20041230,41552,ONCJ',OTC,0.85,0.85,2,0,Oncure Tech Corp,0,0,0
20041231,41552,ONCJ',OTC,0.85,0.85,0,0,Oncure Tech Corp,0,0,0
20050103,41552,ONCJ',OTC,0.35,0.35,81,0,Oncure Tech Corp,0,0,0
20050104,41552,ONCJ',OTC,0.85,0.85,3,0,Oncure Tech Corp,0,0,0
20050105,41552,ONCJ',OTC,0.85,0.85,0,0,Oncure Tech Corp,0,0,0
20050106,41552,ONCJ',OTC,0.85,0.85,0,0,Oncure Tech Corp,0,0,0
20050107,41552,ONCJ',OTC,0.85,0.85,0,0,Oncure Tech Corp,0,0,0
20050110,41552,ONCJ',OTC,0.85,0.85,0,0,Oncure Tech Corp,0,0,0
20050111,41552,ONCJ',OTC,0.85,0.85,0,0,Oncure Tech Corp,0,0,0
20050112,41552,ONCJ',OTC,0.85,0.85,0,0,Oncure Tech Corp,0,0,0
20050113,41552,ONCJ',OTC,0.85,0.85,0,0,Oncure Tech Corp,0,0,0
20050114,41552,ONCJ',OTC,0.85,0.85,0,0,Oncure Tech Corp,0,0,0
20050118,41552,ONCJ',OTC,0.85,0.85,0,0,Oncure Tech Corp,0,0,0
20050119,41552,ONCJ',OTC,0.85,0.85,0,0,Oncure Tech Corp,0,0,0
20050120,41552,ONCJ',OTC,0.85,0.85,0,0,Oncure Tech Corp,0,0,0
20050121,41552,ONCJ',OTC,0.85,0.85,0,0,Oncure Tech Corp,0,0,0
20050124,41552,ONCJ',OTC,0.85,0.85,0,0,Oncure Tech Corp,0,0,0
20050125,41552,ONCJ',OTC,0.85,0.85,0,0,Oncure Tech Corp,0,0,0
20050126,41552,ONCJ',OTC,0.85,0.85,0,0,Oncure Tech Corp,0,0,0
20050127,41552,ONCJ',OTC,0.85,0.85,3,0,Oncure Tech Corp,0,0,0
20050128,41552,ONCJ',OTC,0.85,0.85,3,0,Oncure Tech Corp,0,0,0
20050131,41552,ONCJ',OTC,0.85,0.85,3,0,Oncure Tech Corp,0,0,0
20050201,41552,ONCJ',OTC,0.85,0.85,3,0,Oncure Tech Corp,0,0,0
20050202,41552,ONCJ',OTC,0.85,0.85,3,0,Oncure Tech Corp,0,0,0
20050203,41552,ONCJ',OTC,0.85,0.85,3,0,Oncure Tech Corp,0,0,0
20050204,41552,ONCJ',OTC,0.85,0.85,3,0,Oncure Tech Corp,0,0,0
20050207,41552,ONCJ',OTC,0.85,0.85,3,0,Oncure Tech Corp,0,0,0
20050208,41552,ONCJ',OTC,0.85,0.85,3,0,Oncure Tech Corp,0,0,0
20050209,41552,ONCJ',OTC,0.85,0.85,3,0,Oncure Tech Corp,0,0,0
20050210,41552,ONCJ',OTC,0.85,0.85,3,0,Oncure Tech Corp,0,0,0
20050211,41552,ONCJ',OTC,0.85,0.85,3,0,Oncure Tech Corp,0,0,0
20050214,41552,ONCJ',OTC,0.85,0.85,0,0,Oncure Tech Corp,0,0,0
20050215,41552,ONCJ',OTC,0.85,0.85,0,0,Oncure Tech Corp,0,0,0
20050216,41552,ONCJ',OTC,0.85,0.85,0,0,Oncure Tech Corp,0,0,0
20050217,41552,ONCJ',OTC,0.4,0.4,4,0,Oncure Tech Corp,0,0,0
20050218,41552,ONCJ',OTC,0.4,0.4,0,0,Oncure Tech Corp,0,0,0
20050222,41552,ONCJ',OTC,0.4,0.4,0,0,Oncure Tech Corp,0,0,0
20050223,41552,ONCJ',OTC,0.4,0.4,0,0,Oncure Tech Corp,0,0,0
20050224,41552,ONCJ',OTC,0.4,0.4,0,0,Oncure Tech Corp,0,0,0
20050225,41552,ONCJ',OTC,0.4,0.4,0,0,Oncure Tech Corp,0,0,0
20050228,41552,ONCJ',OTC,0.4,0.4,0,0,Oncure Tech Corp,0,0,0
20050301,41552,ONCJ',OTC,0.4,0.4,0,0,Oncure Tech Corp,0,0,0
20050302,41552,ONCJ',OTC,0.4,0.4,0,0,Oncure Tech Corp,0,0,0
20050303,41552,ONCJ',OTC,0.4,0.4,0,0,Oncure Tech Corp,0,0,0
20050304,41552,ONCJ',OTC,0.4,0.4,0,0,Oncure Tech Corp,0,0,0
20050307,41552,ONCJ',OTC,0.4,0.4,0,0,Oncure Tech Corp,0,0,0
20050308,41552,ONCJ',OTC,0.4,0.4,0,0,Oncure Tech Corp,0,0,0
20050309,41552,ONCJ',OTC,0.4,0.4,0,0,Oncure Tech Corp,0,0,0
20050310,41552,ONCJ',OTC,0.4,0.4,0,0,Oncure Tech Corp,0,0,0
20050311,41552,ONCJ',OTC,0.4,0.4,0,0,Oncure Tech Corp,0,0,0
20050314,41552,ONCJ',OTC,0.4,0.4,10,0,Oncure Tech Corp,0,0,0
20050315,41552,ONCJ',OTC,0.4,0.4,0,0,Oncure Tech Corp,0,0,0
20050316,41552,ONCJ',OTC,0.4,0.4,2,0,Oncure Tech Corp,0,0,0
20050317,41552,ONCJ',OTC,0.4,0.4,0,0,Oncure Tech Corp,0,0,0
20050318,41552,ONCJ',OTC,0.4,0.4,0,0,Oncure Tech Corp,0,0,0
20050321,41552,ONCJ',OTC,0.4,0.4,0,0,Oncure Tech Corp,0,0,0
20050322,41552,ONCJ',OTC,0.4,0.4,0,0,Oncure Tech Corp,0,0,0
20050323,41552,ONCJ',OTC,0.4,0.4,0,0,Oncure Tech Corp,0,0,0
20050324,41552,ONCJ',OTC,0.4,0.4,5,0,Oncure Tech Corp,0,0,0
20050328,41552,ONCJ',OTC,0.4,0.4,0,0,Oncure Tech Corp,0,0,0
20050329,41552,ONCJ',OTC,0.4,0.4,0,0,Oncure Tech Corp,0,0,0
20050330,41552,ONCJ',OTC,0.4,0.4,0,0,Oncure Tech Corp,0,0,0
20050331,41552,ONCJ',OTC,0.4,0.4,0,0,Oncure Tech Corp,0,0,0
20050401,41552,ONCJ',OTC,0.4,0.4,0,0,Oncure Tech Corp,0,0,0
20050404,41552,ONCJ',OTC,0.4,0.4,0,0,Oncure Tech Corp,0,0,0
20050405,41552,ONCJ',OTC,0.4,0.4,0,0,Oncure Tech Corp,0,0,0
20050406,41552,ONCJ',OTC,0.4,0.4,0,0,Oncure Tech Corp,0,0,0
20050407,41552,ONCJ',OTC,0.4,0.4,0,0,Oncure Tech Corp,0,0,0
20050408,41552,ONCJ',OTC,0.4,0.4,0,0,Oncure Tech Corp,0,0,0
20050411,41552,ONCJ',OTC,0.4,0.4,0,0,Oncure Tech Corp,0,0,0
20050412,41552,ONCJ',OTC,0.4,0.4,0,0,Oncure Tech Corp,0,0,0
20050413,41552,ONCJ',OTC,0.4,0.4,5,0,Oncure Tech Corp,0,0,0
20050414,41552,ONCJ',OTC,0.4,0.4,0,0,Oncure Tech Corp,0,0,0
20050415,41552,ONCJ',OTC,0.4,0.4,0,0,Oncure Tech Corp,0,0,0
20050418,41552,ONCJ',OTC,0.4,0.4,0,0,Oncure Tech Corp,0,0,0
20050419,41552,ONCJ',OTC,0.4,0.4,0,0,Oncure Tech Corp,0,0,0
20050420,41552,ONCJ',OTC,0.4,0.4,0,0,Oncure Tech Corp,0,0,0
20050421,41552,ONCJ',OTC,0.4,0.4,0,0,Oncure Tech Corp,0,0,0
20050422,41552,ONCJ',OTC,0.4,0.4,0,0,Oncure Tech Corp,0,0,0
20050425,41552,ONCJ',OTC,0.4,0.4,0,0,Oncure Tech Corp,0,0,0
20050426,41552,ONCJ',OTC,0.4,0.4,0,0,Oncure Tech Corp,0,0,0
20050427,41552,ONCJ',OTC,0.4,0.4,0,0,Oncure Tech Corp,0,0,0
20050428,41552,ONCJ',OTC,0.4,0.4,4,0,Oncure Tech Corp,0,0,0
20050429,41552,ONCJ',OTC,0.4,0.4,0,0,Oncure Tech Corp,0,0,0
20050502,41552,ONCJ',OTC,0.4,0.4,0,0,Oncure Tech Corp,0,0,0
20050503,41552,ONCJ',OTC,0.4,0.4,0,0,Oncure Tech Corp,0,0,0
20050504,41552,ONCJ',OTC,0.4,0.4,2,0,Oncure Tech Corp,0,0,0
20050505,41552,ONCJ',OTC,0.4,0.4,0,0,Oncure Tech Corp,0,0,0
20050506,41552,ONCJ',OTC,0.4,0.4,0,0,Oncure Tech Corp,0,0,0
20050509,41552,ONCJ',OTC,0.4,0.4,0,0,Oncure Tech Corp,0,0,0
20050510,41552,ONCJ',OTC,0.4,0.4,0,0,Oncure Tech Corp,0,0,0
20050511,41552,ONCJ',OTC,0.4,0.4,0,0,Oncure Tech Corp,0,0,0
20050512,41552,ONCJ',OTC,0.4,0.4,0,0,Oncure Tech Corp,0,0,0
20050513,41552,ONCJ',OTC,0.4,0.4,0,0,Oncure Tech Corp,0,0,0
20050516,41552,ONCJ',OTC,0.4,0.4,0,0,Oncure Tech Corp,0,0,0
20050517,41552,ONCJ',OTC,0.4,0.4,0,0,Oncure Tech Corp,0,0,0
20050518,41552,ONCJ',OTC,0.4,0.4,0,0,Oncure Tech Corp,0,0,0
20050519,41552,ONCJ',OTC,0.4,0.4,0,0,Oncure Tech Corp,0,0,0
20050520,41552,ONCJ',OTC,0.4,0.4,0,0,Oncure Tech Corp,0,0,0
20050523,41552,ONCJ',OTC,0.4,0.4,0,0,Oncure Tech Corp,0,0,0
20050524,41552,ONCJ',OTC,0.4,0.4,0,0,Oncure Tech Corp,0,0,0
20050525,41552,ONCJ',OTC,0.4,0.4,0,0,Oncure Tech Corp,0,0,0
20050526,41552,ONCJ',OTC,0.4,0.4,0,0,Oncure Tech Corp,0,0,0
20050527,41552,ONCJ',OTC,0.4,0.4,0,0,Oncure Tech Corp,0,0,0
20050531,41552,ONCJ',OTC,0.4,0.4,0,0,Oncure Tech Corp,0,0,0
20050601,41552,ONCJ',OTC,0.4,0.4,0,0,Oncure Tech Corp,0,0,0
20050602,41552,ONCJ',OTC,0.4,0.4,0,0,Oncure Tech Corp,0,0,0
20050603,41552,ONCJ',OTC,0.4,0.4,0,0,Oncure Tech Corp,0,0,0
20050606,41552,ONCJ',OTC,0.4,0.4,0,0,Oncure Tech Corp,0,0,0
20050607,41552,ONCJ',OTC,0.4,0.4,0,0,Oncure Tech Corp,0,0,0
20050608,41552,ONCJ',OTC,0.4,0.4,0,0,Oncure Tech Corp,0,0,0
20050609,41552,ONCJ',OTC,0.4,0.4,0,0,Oncure Tech Corp,0,0,0
20050610,41552,ONCJ',OTC,0.4,0.4,0,0,Oncure Tech Corp,0,0,0
20050613,41552,ONCJ',OTC,0.4,0.4,0,0,Oncure Tech Corp,0,0,0
20050614,41552,ONCJ',OTC,0.4,0.4,0,0,Oncure Tech Corp,0,0,0
20050615,41552,ONCJ',OTC,0.4,0.4,0,0,Oncure Tech Corp,0,0,0
20050616,41552,ONCJ',OTC,0.4,0.4,0,0,Oncure Tech Corp,0,0,0
20050617,41552,ONCJ',OTC,0.4,0.4,0,0,Oncure Tech Corp,0,0,0
20050620,41552,ONCJ',OTC,0.4,0.4,0,0,Oncure Tech Corp,0,0,0
20050621,41552,ONCJ',OTC,0.4,0.4,0,0,Oncure Tech Corp,0,0,0
20050622,41552,ONCJ',OTC,0.4,0.4,0,0,Oncure Tech Corp,0,0,0
20050623,41552,ONCJ',OTC,0.4,0.4,0,0,Oncure Tech Corp,0,0,0
20050624,41552,ONCJ',OTC,0.4,0.4,0,0,Oncure Tech Corp,0,0,0
20050627,41552,ONCJ',OTC,0.4,0.4,0,0,Oncure Tech Corp,0,0,0
20050628,41552,ONCJ',OTC,0.4,0.4,0,0,Oncure Tech Corp,0,0,0
20050629,41552,ONCJ',OTC,0.4,0.4,0,0,Oncure Tech Corp,0,0,0
20050630,41552,ONCJ',OTC,0.4,0.4,0,0,Oncure Tech Corp,0,0,0
20050701,41552,ONCJ',OTC,0.4,0.4,0,0,Oncure Tech Corp,0,0,0
20050705,41552,ONCJ',OTC,0.4,0.4,0,0,Oncure Tech Corp,0,0,0
20050706,41552,ONCJ',OTC,0.4,0.4,0,0,Oncure Tech Corp,0,0,0
20050707,41552,ONCJ',OTC,0.4,0.4,0,0,Oncure Tech Corp,0,0,0
20050708,41552,ONCJ',OTC,0.4,0.4,0,0,Oncure Tech Corp,0,0,0
20050711,41552,ONCJ',OTC,0.4,0.4,0,0,Oncure Tech Corp,0,0,0
20050712,41552,ONCJ',OTC,0.4,0.4,0,0,Oncure Tech Corp,0,0,0
20050713,41552,ONCJ',OTC,0.4,0.4,0,0,Oncure Tech Corp,0,0,0
20050714,41552,ONCJ',OTC,0.4,0.4,0,0,Oncure Tech Corp,0,0,0
20050715,41552,ONCJ',OTC,0.4,0.4,0,0,Oncure Tech Corp,0,0,0
20050718,41552,ONCJ',OTC,0.4,0.4,0,0,Oncure Tech Corp,0,0,0
20050719,41552,ONCJ',OTC,0.4,0.4,0,0,Oncure Tech Corp,0,0,0
20050720,41552,ONCJ',OTC,0.4,0.4,0,0,Oncure Tech Corp,0,0,0
20050721,41552,ONCJ',OTC,0.4,0.4,0,0,Oncure Tech Corp,0,0,0
20050722,41552,ONCJ',OTC,0.4,0.4,0,0,Oncure Tech Corp,0,0,0
20050725,41552,ONCJ',OTC,0.4,0.4,0,0,Oncure Tech Corp,0,0,0
20050726,41552,ONCJ',OTC,0.4,0.4,0,0,Oncure Tech Corp,0,0,0
20050727,41552,ONCJ',OTC,0.4,0.4,0,0,Oncure Tech Corp,0,0,0
20050728,41552,ONCJ',OTC,0.4,0.4,0,0,Oncure Tech Corp,0,0,0
20050729,41552,ONCJ',OTC,0.4,0.4,0,0,Oncure Tech Corp,0,0,0
20050801,41552,ONCJ',OTC,0.4,0.4,0,0,Oncure Tech Corp,0,0,0
20050802,41552,ONCJ',OTC,0.4,0.4,0,0,Oncure Tech Corp,0,0,0
20050803,41552,ONCJ',OTC,0.4,0.4,0,0,Oncure Tech Corp,0,0,0
20050804,41552,ONCJ',OTC,0.4,0.4,0,0,Oncure Tech Corp,0,0,0
20050805,41552,ONCJ',OTC,0.4,0.4,0,0,Oncure Tech Corp,0,0,0
20050808,41552,ONCJ',OTC,0.4,0.4,0,0,Oncure Tech Corp,0,0,0
20050809,41552,ONCJ',OTC,0.4,0.4,0,0,Oncure Tech Corp,0,0,0
20050810,41552,ONCJ',OTC,0.4,0.4,0,0,Oncure Tech Corp,0,0,0
20050811,41552,ONCJ',OTC,0.4,0.4,0,0,Oncure Tech Corp,0,0,0
20050812,41552,ONCJ',OTC,0.4,0.4,0,0,Oncure Tech Corp,0,0,0
20050815,41552,ONCJ',OTC,0.35,0.35,10,0,Oncure Tech Corp,0,0,0
20050816,41552,ONCJ',OTC,0.35,0.35,0,0,Oncure Tech Corp,0,0,0
20050817,41552,ONCJ',OTC,0.35,0.35,0,0,Oncure Tech Corp,0,0,0
20050818,41552,ONCJ',OTC,0.35,0.35,0,0,Oncure Tech Corp,0,0,0
20050819,41552,ONCJ',OTC,0.35,0.35,0,0,Oncure Tech Corp,0,0,0
20050822,41552,ONCJ',OTC,0.35,0.35,0,0,Oncure Tech Corp,0,0,0
20050823,41552,ONCJ',OTC,0.35,0.35,0,0,Oncure Tech Corp,0,0,0
20050824,41552,ONCJ',OTC,0.35,0.35,0,0,Oncure Tech Corp,0,0,0
20050825,41552,ONCJ',OTC,0.35,0.35,0,0,Oncure Tech Corp,0,0,0
20050826,41552,ONCJ',OTC,0.35,0.35,0,0,Oncure Tech Corp,0,0,0
20050829,41552,ONCJ',OTC,0.35,0.35,0,0,Oncure Tech Corp,0,0,0
20050830,41552,ONCJ',OTC,0.35,0.35,0,0,Oncure Tech Corp,0,0,0
20050831,41552,ONCJ',OTC,0.35,0.35,0,0,Oncure Tech Corp,0,0,0
20050901,41552,ONCJ',OTC,0.35,0.35,0,0,Oncure Tech Corp,0,0,0
20050902,41552,ONCJ',OTC,0.35,0.35,0,0,Oncure Tech Corp,0,0,0
20050906,41552,ONCJ',OTC,0.35,0.35,5,0,Oncure Tech Corp,0,0,0
20050907,41552,ONCJ',OTC,0.35,0.35,0,0,Oncure Tech Corp,0,0,0
20050908,41552,ONCJ',OTC,0.35,0.35,0,0,Oncure Tech Corp,0,0,0
20050909,41552,ONCJ',OTC,0.35,0.35,0,0,Oncure Tech Corp,0,0,0
20050912,41552,ONCJ',OTC,0.35,0.35,0,0,Oncure Tech Corp,0,0,0
20050913,41552,ONCJ',OTC,0.35,0.35,0,0,Oncure Tech Corp,0,0,0
20050914,41552,ONCJ',OTC,0.35,0.35,0,0,Oncure Tech Corp,0,0,0
20050915,41552,ONCJ',OTC,0.35,0.35,0,0,Oncure Tech Corp,0,0,0
20050916,41552,ONCJ',OTC,0.35,0.35,0,0,Oncure Tech Corp,0,0,0
20050919,41552,ONCJ',OTC,0.35,0.35,0,0,Oncure Tech Corp,0,0,0
20050920,41552,ONCJ',OTC,0.35,0.35,0,0,Oncure Tech Corp,0,0,0
20050921,41552,ONCJ',OTC,0.35,0.35,0,0,Oncure Tech Corp,0,0,0
20050922,41552,ONCJ',OTC,0.35,0.35,0,0,Oncure Tech Corp,0,0,0
20050923,41552,ONCJ',OTC,0.35,0.35,4,0,Oncure Tech Corp,0,0,0
20050926,41552,ONCJ',OTC,0.35,0.35,0,0,Oncure Tech Corp,0,0,0
20050927,41552,ONCJ',OTC,0.35,0.35,0,0,Oncure Tech Corp,0,0,0
20050928,41552,ONCJ',OTC,0.35,0.35,0,0,Oncure Tech Corp,0,0,0
20050929,41552,ONCJ',OTC,0.35,0.35,0,0,Oncure Tech Corp,0,0,0
20050930,41552,ONCJ',OTC,0.35,0.35,0,0,Oncure Tech Corp,0,0,0
20051003,41552,ONCJ',OTC,0.35,0.35,0,0,Oncure Tech Corp,0,0,0
20051004,41552,ONCJ',OTC,0.35,0.35,0,0,Oncure Tech Corp,0,0,0
20051005,41552,ONCJ',OTC,0.35,0.35,0,0,Oncure Tech Corp,0,0,0
20051006,41552,ONCJ',OTC,0.35,0.35,0,0,Oncure Tech Corp,0,0,0
20051007,41552,ONCJ',OTC,0.35,0.35,0,0,Oncure Tech Corp,0,0,0
20051010,41552,ONCJ',OTC,1.01,1.01,15,0,Oncure Tech Corp,0,0,0
20051011,41552,ONCJ',OTC,1.01,1.01,0,0,Oncure Tech Corp,0,0,0
20051012,41552,ONCJ',OTC,1.01,1.01,0,0,Oncure Tech Corp,0,0,0
20051013,41552,ONCJ',OTC,1.01,1.01,0,0,Oncure Tech Corp,0,0,0
20051014,41552,ONCJ',OTC,1.01,1.01,0,0,Oncure Tech Corp,0,0,0
20051017,41552,ONCJ',OTC,1.01,1.01,0,0,Oncure Tech Corp,0,0,0
20051018,41552,ONCJ',OTC,1.01,1.01,0,0,Oncure Tech Corp,0,0,0
20051019,41552,ONCJ',OTC,1.01,1.01,0,0,Oncure Tech Corp,0,0,0
20051020,41552,ONCJ',OTC,0.35,0.35,30,0,Oncure Tech Corp,0,0,0
20051021,41552,ONCJ',OTC,0.35,0.35,0,0,Oncure Tech Corp,0,0,0
20051024,41552,ONCJ',OTC,0.35,0.35,0,0,Oncure Tech Corp,0,0,0
20051025,41552,ONCJ',OTC,0.35,0.35,0,0,Oncure Tech Corp,0,0,0
20051026,41552,ONCJ',OTC,0.35,0.35,0,0,Oncure Tech Corp,0,0,0
20051027,41552,ONCJ',OTC,0.35,0.35,0,0,Oncure Tech Corp,0,0,0
20051028,41552,ONCJ',OTC,0.35,0.35,0,0,Oncure Tech Corp,0,0,0
20051031,41552,ONCJ',OTC,0.35,0.35,0,0,Oncure Tech Corp,0,0,0
20051101,41552,ONCJ',OTC,0.35,0.35,0,0,Oncure Tech Corp,0,0,0
20051102,41552,ONCJ',OTC,0.35,0.35,0,0,Oncure Tech Corp,0,0,0
20051103,41552,ONCJ',OTC,0.35,0.35,0,0,Oncure Tech Corp,0,0,0
20051104,41552,ONCJ',OTC,0.35,0.35,0,0,Oncure Tech Corp,0,0,0
20051107,41552,ONCJ',OTC,0.35,0.35,0,0,Oncure Tech Corp,0,0,0
20051108,41552,ONCJ',OTC,0.35,0.35,0,0,Oncure Tech Corp,0,0,0
20051109,41552,ONCJ',OTC,0.35,0.35,0,0,Oncure Tech Corp,0,0,0
20051110,41552,ONCJ',OTC,0.35,0.35,0,0,Oncure Tech Corp,0,0,0
20051111,41552,ONCJ',OTC,0.35,0.35,0,0,Oncure Tech Corp,0,0,0
20051114,41552,ONCJ',OTC,0.35,0.35,0,0,Oncure Tech Corp,0,0,0
20051115,41552,ONCJ',OTC,0.35,0.35,0,0,Oncure Tech Corp,0,0,0
20051116,41552,ONCJ',OTC,0.35,0.35,0,0,Oncure Tech Corp,0,0,0
20051117,41552,ONCJ',OTC,0.35,0.35,0,0,Oncure Tech Corp,0,0,0
20051118,41552,ONCJ',OTC,0.35,0.35,0,0,Oncure Tech Corp,0,0,0
20051121,41552,ONCJ',OTC,0.35,0.35,0,0,Oncure Tech Corp,0,0,0
20051122,41552,ONCJ',OTC,0.35,0.35,0,0,Oncure Tech Corp,0,0,0
20051123,41552,ONCJ',OTC,0.35,0.35,3,0,Oncure Tech Corp,0,0,0
20051125,41552,ONCJ',OTC,0.35,0.35,0,0,Oncure Tech Corp,0,0,0
20051128,41552,ONCJ',OTC,0.35,0.35,0,0,Oncure Tech Corp,0,0,0
20051129,41552,ONCJ',OTC,0.35,0.35,0,0,Oncure Tech Corp,0,0,0
20051130,41552,ONCJ',OTC,0.35,0.35,0,0,Oncure Tech Corp,0,0,0
20051201,41552,ONCJ',OTC,0.35,0.35,0,0,Oncure Tech Corp,0,0,0
20051202,41552,ONCJ',OTC,0.35,0.35,6,0,Oncure Tech Corp,0,0,0
20051205,41552,ONCJ',OTC,0.35,0.35,0,0,Oncure Tech Corp,0,0,0
20051206,41552,ONCJ',OTC,0.35,0.35,0,0,Oncure Tech Corp,0,0,0
20051207,41552,ONCJ',OTC,0.35,0.35,0,0,Oncure Tech Corp,0,0,0
20051208,41552,ONCJ',OTC,0.35,0.35,0,0,Oncure Tech Corp,0,0,0
20051209,41552,ONCJ',OTC,0.35,0.35,0,0,Oncure Tech Corp,0,0,0
20051212,41552,ONCJ',OTC,0.35,0.35,0,0,Oncure Tech Corp,0,0,0
20051213,41552,ONCJ',OTC,0.4,0.4,35,0,Oncure Tech Corp,0,0,0
20051214,41552,ONCJ',OTC,0.4,0.4,0,0,Oncure Tech Corp,0,0,0
20051215,41552,ONCJ',OTC,0.4,0.4,0,0,Oncure Tech Corp,0,0,0
20051216,41552,ONCJ',OTC,0.35,0.35,8,0,Oncure Tech Corp,0,0,0
20051219,41552,ONCJ',OTC,0.35,0.35,0,0,Oncure Tech Corp,0,0,0
20051220,41552,ONCJ',OTC,0.35,0.35,0,0,Oncure Tech Corp,0,0,0
20051221,41552,ONCJ',OTC,0.35,0.35,0,0,Oncure Tech Corp,0,0,0
20051222,41552,ONCJ',OTC,0.35,0.35,0,0,Oncure Tech Corp,0,0,0
20051223,41552,ONCJ',OTC,0.35,0.35,0,0,Oncure Tech Corp,0,0,0
20051227,41552,ONCJ',OTC,0.35,0.35,0,0,Oncure Tech Corp,0,0,0
20051228,41552,ONCJ',OTC,0.35,0.35,0,0,Oncure Tech Corp,0,0,0
20051229,41552,ONCJ',OTC,0.35,0.35,0,0,Oncure Tech Corp,0,0,0
20051230,41552,ONCJ',OTC,0.35,0.35,3,0,Oncure Tech Corp,0,0,0
20060103,41552,ONCJ',OTC,0.35,0.35,0,0,Oncure Tech Corp,0,0,0
20060104,41552,ONCJ',OTC,0.35,0.35,0,0,Oncure Tech Corp,0,0,0
20060105,41552,ONCJ',OTC,0.35,0.35,0,0,Oncure Tech Corp,0,0,0
20060106,41552,ONCJ',OTC,0.35,0.35,0,0,Oncure Tech Corp,0,0,0
20060109,41552,ONCJ',OTC,0.35,0.35,0,0,Oncure Tech Corp,0,0,0
20060110,41552,ONCJ',OTC,0.35,0.35,0,0,Oncure Tech Corp,0,0,0
20060111,41552,ONCJ',OTC,0.35,0.35,0,0,Oncure Tech Corp,0,0,0
20060112,41552,ONCJ',OTC,0.35,0.35,0,0,Oncure Tech Corp,0,0,0
20060113,41552,ONCJ',OTC,0.35,0.35,0,0,Oncure Tech Corp,0,0,0
20060117,41552,ONCJ',OTC,0.35,0.35,0,0,Oncure Tech Corp,0,0,0
20060118,41552,ONCJ',OTC,0.35,0.35,0,0,Oncure Tech Corp,0,0,0
20060119,41552,ONCJ',OTC,0.35,0.35,0,0,Oncure Tech Corp,0,0,0
20060120,41552,ONCJ',OTC,0.35,0.35,0,0,Oncure Tech Corp,0,0,0
20060123,41552,ONCJ',OTC,0.35,0.35,13,0,Oncure Tech Corp,0,0,0
20060124,41552,ONCJ',OTC,0.35,0.35,0,0,Oncure Tech Corp,0,0,0
20060125,41552,ONCJ',OTC,0.35,0.35,0,0,Oncure Tech Corp,0,0,0
20060126,41552,ONCJ',OTC,0.35,0.35,0,0,Oncure Tech Corp,0,0,0
20060127,41552,ONCJ',OTC,0.35,0.35,0,0,Oncure Tech Corp,0,0,0
20060130,41552,ONCJ',OTC,0.35,0.35,0,0,Oncure Tech Corp,0,0,0
20060131,41552,ONCJ',OTC,0.35,0.35,0,0,Oncure Tech Corp,0,0,0
20060201,41552,ONCJ',OTC,0.35,0.35,0,0,Oncure Tech Corp,0,0,0
20060202,41552,ONCJ',OTC,0.35,0.35,0,0,Oncure Tech Corp,0,0,0
20060203,41552,ONCJ',OTC,0.35,0.35,0,0,Oncure Tech Corp,0,0,0
20060206,41552,ONCJ',OTC,0.35,0.35,0,0,Oncure Tech Corp,0,0,0
20060207,41552,ONCJ',OTC,0.35,0.35,0,0,Oncure Tech Corp,0,0,0
20060208,41552,ONCJ',OTC,0.35,0.35,0,0,Oncure Tech Corp,0,0,0
20060209,41552,ONCJ',OTC,0.35,0.35,0,0,Oncure Tech Corp,0,0,0
20060210,41552,ONCJ',OTC,0.35,0.35,0,0,Oncure Tech Corp,0,0,0
20060213,41552,ONCJ',OTC,0.35,0.35,0,0,Oncure Tech Corp,0,0,0
20060214,41552,ONCJ',OTC,0.35,0.35,0,0,Oncure Tech Corp,0,0,0
20060215,41552,ONCJ',OTC,0.35,0.35,0,0,Oncure Tech Corp,0,0,0
20060216,41552,ONCJ',OTC,0.35,0.35,0,0,Oncure Tech Corp,0,0,0
20060217,41552,ONCJ',OTC,0.35,0.35,0,0,Oncure Tech Corp,0,0,0
20060221,41552,ONCJ',OTC,0.35,0.35,0,0,Oncure Tech Corp,0,0,0
20060222,41552,ONCJ',OTC,0.35,0.35,0,0,Oncure Tech Corp,0,0,0
20060223,41552,ONCJ',OTC,0.35,0.35,0,0,Oncure Tech Corp,0,0,0
20060224,41552,ONCJ',OTC,0.35,0.35,0,0,Oncure Tech Corp,0,0,0
20060227,41552,ONCJ',OTC,0.4,0.4,20,0,Oncure Tech Corp,0,0,0
20060228,41552,ONCJ',OTC,0.4,0.4,0,0,Oncure Tech Corp,0,0,0
20060301,41552,ONCJ',OTC,0.35,0.35,6,0,Oncure Tech Corp,0,0,0
20060302,41552,ONCJ',OTC,0.35,0.35,0,0,Oncure Tech Corp,0,0,0
20060303,41552,ONCJ',OTC,0.35,0.35,0,0,Oncure Tech Corp,0,0,0
20060306,41552,ONCJ',OTC,0.35,0.35,0,0,Oncure Tech Corp,0,0,0
20060307,41552,ONCJ',OTC,0.35,0.35,0,0,Oncure Tech Corp,0,0,0
20060308,41552,ONCJ',OTC,0.35,0.35,0,0,Oncure Tech Corp,0,0,0
20060309,41552,ONCJ',OTC,0.35,0.35,0,0,Oncure Tech Corp,0,0,0
20060310,41552,ONCJ',OTC,0.35,0.35,0,0,Oncure Tech Corp,0,0,0
20060313,41552,ONCJ',OTC,0.35,0.35,0,0,Oncure Tech Corp,0,0,0
20060314,41552,ONCJ',OTC,0.35,0.35,0,0,Oncure Tech Corp,0,0,0
20060315,41552,ONCJ',OTC,0.35,0.35,0,0,Oncure Tech Corp,0,0,0
20060316,41552,ONCJ',OTC,0.35,0.35,0,0,Oncure Tech Corp,0,0,0
20060317,41552,ONCJ',OTC,0.35,0.35,0,0,Oncure Tech Corp,0,0,0
20060320,41552,ONCJ',OTC,0.35,0.35,0,0,Oncure Tech Corp,0,0,0
20060321,41552,ONCJ',OTC,0.35,0.35,0,0,Oncure Tech Corp,0,0,0
20060322,41552,ONCJ',OTC,0.35,0.35,0,0,Oncure Tech Corp,0,0,0
20060323,41552,ONCJ',OTC,0.35,0.35,0,0,Oncure Tech Corp,0,0,0
20060324,41552,ONCJ',OTC,0.35,0.35,0,0,Oncure Tech Corp,0,0,0
20060327,41552,ONCJ',OTC,0.35,0.35,0,0,Oncure Tech Corp,0,0,0
20060328,41552,ONCJ',OTC,0.35,0.35,0,0,Oncure Tech Corp,0,0,0
20060329,41552,ONCJ',OTC,0.35,0.35,0,0,Oncure Tech Corp,0,0,0
20060330,41552,ONCJ',OTC,0.35,0.35,0,0,Oncure Tech Corp,0,0,0
20060331,41552,ONCJ',OTC,0.35,0.35,0,0,Oncure Tech Corp,0,0,0
20060403,41552,ONCJ',OTC,0.35,0.35,0,0,Oncure Tech Corp,0,0,0
20060404,41552,ONCJ',OTC,0.35,0.35,0,0,Oncure Tech Corp,0,0,0
20060405,41552,ONCJ',OTC,0.35,0.35,0,0,Oncure Tech Corp,0,0,0
20060406,41552,ONCJ',OTC,0.35,0.35,0,0,Oncure Tech Corp,0,0,0
20060407,41552,ONCJ',OTC,0.35,0.35,0,0,Oncure Tech Corp,0,0,0
20060410,41552,ONCJ',OTC,0.35,0.35,0,0,Oncure Tech Corp,0,0,0
20060411,41552,ONCJ',OTC,0.35,0.35,0,0,Oncure Tech Corp,0,0,0
20060412,41552,ONCJ',OTC,0.35,0.35,0,0,Oncure Tech Corp,0,0,0
20060413,41552,ONCJ',OTC,0.35,0.35,0,0,Oncure Tech Corp,0,0,0
20060417,41552,ONCJ',OTC,0.35,0.35,0,0,Oncure Tech Corp,0,0,0
20060418,41552,ONCJ',OTC,0.35,0.35,0,0,Oncure Tech Corp,0,0,0
20060419,41552,ONCJ',OTC,0.35,0.35,0,0,Oncure Tech Corp,0,0,0
20060420,41552,ONCJ',OTC,0.35,0.35,0,0,Oncure Tech Corp,0,0,0
20060421,41552,ONCJ',OTC,0.35,0.35,0,0,Oncure Tech Corp,0,0,0
20060424,41552,ONCJ',OTC,0.35,0.35,0,0,Oncure Tech Corp,0,0,0
20060425,41552,ONCJ',OTC,0.35,0.35,0,0,Oncure Tech Corp,0,0,0
20060426,41552,ONCJ',OTC,0.35,0.35,0,0,Oncure Tech Corp,0,0,0
20060427,41552,ONCJ',OTC,0.35,0.35,0,0,Oncure Tech Corp,0,0,0
20060428,41552,ONCJ',OTC,0.35,0.35,0,0,Oncure Tech Corp,0,0,0
20060501,41552,ONCJ',OTC,0.35,0.35,0,0,Oncure Tech Corp,0,0,0
20060502,41552,ONCJ',OTC,0.35,0.35,0,0,Oncure Tech Corp,0,0,0
20060503,41552,ONCJ',OTC,0.35,0.35,0,0,Oncure Tech Corp,0,0,0
20060504,41552,ONCJ',OTC,0.35,0.35,0,0,Oncure Tech Corp,0,0,0
20060505,41552,ONCJ',OTC,0.35,0.35,0,0,Oncure Tech Corp,0,0,0
20060508,41552,ONCJ',OTC,0.35,0.35,0,0,Oncure Tech Corp,0,0,0
20060509,41552,ONCJ',OTC,0.35,0.35,0,0,Oncure Tech Corp,0,0,0
20060510,41552,ONCJ',OTC,0.35,0.35,0,0,Oncure Tech Corp,0,0,0
20060511,41552,ONCJ',OTC,0.35,0.35,0,0,Oncure Tech Corp,0,0,0
20060512,41552,ONCJ',OTC,0.35,0.35,0,0,Oncure Tech Corp,0,0,0
20060515,41552,ONCJ',OTC,0.35,0.35,0,0,Oncure Tech Corp,0,0,0
20060516,41552,ONCJ',OTC,0.35,0.35,0,0,Oncure Tech Corp,0,0,0
20060517,41552,ONCJ',OTC,0.35,0.35,0,0,Oncure Tech Corp,0,0,0
20060518,41552,ONCJ',OTC,0.35,0.35,0,0,Oncure Tech Corp,0,0,0
20060519,41552,ONCJ',OTC,0.35,0.35,0,0,Oncure Tech Corp,0,0,0
20060522,41552,ONCJ',OTC,0.35,0.35,0,0,Oncure Tech Corp,0,0,0
20060523,41552,ONCJ',OTC,0.35,0.35,0,0,Oncure Tech Corp,0,0,0
20060524,41552,ONCJ',OTC,0.35,0.35,0,0,Oncure Tech Corp,0,0,0
20060525,41552,ONCJ',OTC,0.35,0.35,0,0,Oncure Tech Corp,0,0,0
20060526,41552,ONCJ',OTC,0.35,0.35,0,0,Oncure Tech Corp,0,0,0
20060530,41552,ONCJ',OTC,0.35,0.35,0,0,Oncure Tech Corp,0,0,0
20060531,41552,ONCJ',OTC,0.35,0.35,0,0,Oncure Tech Corp,0,0,0
20060601,41552,ONCJ',OTC,0.35,0.35,0,0,Oncure Tech Corp,0,0,0
20060602,41552,ONCJ',OTC,0.35,0.35,0,0,Oncure Tech Corp,0,0,0
20060605,41552,ONCJ',OTC,0.35,0.35,0,0,Oncure Tech Corp,0,0,0
20060606,41552,ONCJ',OTC,0.35,0.35,0,0,Oncure Tech Corp,0,0,0
20060607,41552,ONCJ',OTC,0.35,0.35,0,0,Oncure Tech Corp,0,0,0
20060608,41552,ONCJ',OTC,0.35,0.35,0,0,Oncure Tech Corp,0,0,0
20060609,41552,ONCJ',OTC,0.35,0.35,0,0,Oncure Tech Corp,0,0,0
20060612,41552,ONCJ',OTC,0.35,0.35,0,0,Oncure Tech Corp,0,0,0
20060613,41552,ONCJ',OTC,0.35,0.35,0,0,Oncure Tech Corp,0,0,0
20060614,41552,ONCJ',OTC,0.35,0.35,0,0,Oncure Tech Corp,0,0,0
20060615,41552,ONCJ',OTC,0.35,0.35,0,0,Oncure Tech Corp,0,0,0
20060616,41552,ONCJ',OTC,0.35,0.35,0,0,Oncure Tech Corp,0,0,0
20060619,41552,ONCJ',OTC,0.35,0.35,0,0,Oncure Tech Corp,0,0,0
20060620,41552,ONCJ',OTC,0.35,0.35,0,0,Oncure Tech Corp,0,0,0
20060621,41552,ONCJ',OTC,0.35,0.35,0,0,Oncure Tech Corp,0,0,0
20060622,41552,ONCJ',OTC,0.35,0.35,0,0,Oncure Tech Corp,0,0,0
20060623,41552,ONCJ',OTC,0.35,0.35,0,0,Oncure Tech Corp,0,0,0
20060626,41552,ONCJ',OTC,0.35,0.35,0,0,Oncure Tech Corp,0,0,0
20060627,41552,ONCJ',OTC,0.35,0.35,0,0,Oncure Tech Corp,0,0,0
20060628,41552,ONCJ',OTC,0.35,0.35,0,0,Oncure Tech Corp,0,0,0
20060629,41552,ONCJ',OTC,0.35,0.35,0,0,Oncure Tech Corp,0,0,0
20060630,41552,ONCJ',OTC,0.35,0.35,0,0,Oncure Tech Corp,0,0,0
20060703,41552,ONCJ',OTC,0.35,0.35,0,0,Oncure Tech Corp,0,0,0
20060705,41552,ONCJ',OTC,0.35,0.35,0,0,Oncure Tech Corp,0,0,0
20060706,41552,ONCJ',OTC,0.35,0.35,0,0,Oncure Tech Corp,0,0,0
20060707,41552,ONCJ',OTC,0.35,0.35,0,0,Oncure Tech Corp,0,0,0
20060710,41552,ONCJ',OTC,0.35,0.35,0,0,Oncure Tech Corp,0,0,0
20060711,41552,ONCJ',OTC,0.35,0.35,5,0,Oncure Tech Corp,0,0,0
20060712,41552,ONCJ',OTC,0.35,0.35,0,0,Oncure Tech Corp,0,0,0
20060713,41552,ONCJ',OTC,0.35,0.35,8,0,Oncure Tech Corp,0,0,0
20060714,41552,ONCJ',OTC,0.35,0.35,0,0,Oncure Tech Corp,0,0,0
20060717,41552,ONCJ',OTC,0.35,0.35,0,0,Oncure Tech Corp,0,0,0
20060718,41552,ONCJ',OTC,0.35,0.35,0,0,Oncure Tech Corp,0,0,0
20060719,41552,ONCJ',OTC,0.35,0.35,0,0,Oncure Tech Corp,0,0,0
20060720,41552,ONCJ',OTC,0.35,0.35,0,0,Oncure Tech Corp,0,0,0
20060721,41552,ONCJ',OTC,1.01,1.01,76,0,Oncure Tech Corp,0,0,0
20060724,41552,ONCJ',OTC,0.6,0.6,20,0,Oncure Tech Corp,0,0,0
20060725,41552,ONCJ',OTC,0.6,0.6,0,0,Oncure Tech Corp,0,0,0
20060726,41552,ONCJ',OTC,0.6,0.6,0,0,Oncure Tech Corp,0,0,0
20060727,41552,ONCJ',OTC,0.6,0.6,0,0,Oncure Tech Corp,0,0,0
20060728,41552,ONCJ',OTC,1.75,1.75,25,0,Oncure Tech Corp,0,0,0
20060731,41552,ONCJ',OTC,1.03,1.03,20,0,Oncure Tech Corp,0,0,0
20060801,41552,ONCJ',OTC,1,1,85,0,Oncure Tech Corp,0,0,0
20060802,41552,ONCJ',OTC,1.1,1.1,10,0,Oncure Tech Corp,0,0,0
20060803,41552,ONCJ',OTC,1.01,1.01,20,0,Oncure Tech Corp,0,0,0
20060804,41552,ONCJ',OTC,1.01,1.01,10,0,Oncure Tech Corp,0,0,0
20060807,41552,ONCJ',OTC,1.01,1.01,0,0,Oncure Tech Corp,0,0,0
20060808,41552,ONCJ',OTC,1.01,1.01,0,0,Oncure Tech Corp,0,0,0
20060809,41552,ONCJ',OTC,1.01,1.01,0,0,Oncure Tech Corp,0,0,0
20060810,41552,ONCJ',OTC,1.01,1.01,0,0,Oncure Tech Corp,0,0,0
20060811,41552,ONCJ',OTC,1.01,1.01,0,0,Oncure Tech Corp,0,0,0
20060814,41552,ONCJ',OTC,0.85,0.85,5,0,Oncure Tech Corp,0,0,0
20060815,41552,ONCJ',OTC,0.85,0.85,0,0,Oncure Tech Corp,0,0,0
20060816,41552,ONCJ',OTC,0.85,0.85,0,0,Oncure Tech Corp,0,0,0
20060817,41552,ONCJ',OTC,0.85,0.85,0,0,Oncure Tech Corp,0,0,0
20060818,41552,ONCJ',OTC,0.85,0.85,0,0,Oncure Tech Corp,0,0,0
20060821,41552,ONCJ',OTC,0.85,0.85,0,0,Oncure Tech Corp,0,0,0
20060822,41552,ONCJ',OTC,2.5,2.5,65,0,Oncure Tech Corp,0,0,0
20060823,41552,ONCJ',OTC,2.5,2.5,0,0,Oncure Tech Corp,0,0,0
