DDate,CSINumber,Symbol,Exchange,DClose,UnAdjustedClose,TotalVolume,Cash,MarketName,PTB,PSR,DPS
19990330,43076,HMET',OTC,34.45623929,38,4,0,Hemet Bancorp,0,0,0
19990331,43076,HMET',OTC,34.45623929,38,0,0,Hemet Bancorp,0,0,0
19990401,43076,HMET',OTC,34.45623929,38,0,0,Hemet Bancorp,0,0,0
19990405,43076,HMET',OTC,34.45623929,38,0,0,Hemet Bancorp,0,0,0
19990406,43076,HMET',OTC,34.45623929,38,0,0,Hemet Bancorp,0,0,0
19990407,43076,HMET',OTC,34.45623929,38,0,0,Hemet Bancorp,0,0,0
19990408,43076,HMET',OTC,34.45623929,38,0,0,Hemet Bancorp,0,0,0
19990409,43076,HMET',OTC,34.45623929,38,0,0,Hemet Bancorp,0,0,0
19990412,43076,HMET',OTC,34.45623929,38,0,0,Hemet Bancorp,0,0,0
19990413,43076,HMET',OTC,34.45623929,38,0,0,Hemet Bancorp,0,0,0
19990414,43076,HMET',OTC,34.45623929,38,0,0,Hemet Bancorp,0,0,0
19990415,43076,HMET',OTC,34.45623929,38,0,0,Hemet Bancorp,0,0,0
19990416,43076,HMET',OTC,34.45623929,38,0,0,Hemet Bancorp,0,0,0
19990419,43076,HMET',OTC,34.45623929,38,0,0,Hemet Bancorp,0,0,0
19990420,43076,HMET',OTC,34.45623929,38,0,0,Hemet Bancorp,0,0,0
19990421,43076,HMET',OTC,34.45623929,38,0,0,Hemet Bancorp,0,0,0
19990422,43076,HMET',OTC,34.45623929,38,0,0,Hemet Bancorp,0,0,0
19990423,43076,HMET',OTC,34.45623929,38,0,0,Hemet Bancorp,0,0,0
19990426,43076,HMET',OTC,34.45623929,38,0,0,Hemet Bancorp,0,0,0
19990427,43076,HMET',OTC,35.36298243,39,6,0,Hemet Bancorp,0,0,0
19990428,43076,HMET',OTC,35.36298243,39,0,0,Hemet Bancorp,0,0,0
19990429,43076,HMET',OTC,35.36298243,39,0,0,Hemet Bancorp,0,0,0
19990430,43076,HMET',OTC,35.36298243,39,0,0,Hemet Bancorp,0,0,0
19990503,43076,HMET',OTC,35.36298243,39,0,0,Hemet Bancorp,0,0,0
19990504,43076,HMET',OTC,35.36298243,39,0,0,Hemet Bancorp,0,0,0
19990505,43076,HMET',OTC,35.36298243,39,0,0,Hemet Bancorp,0,0,0
19990506,43076,HMET',OTC,35.36298243,39,0,0,Hemet Bancorp,0,0,0
19990507,43076,HMET',OTC,35.36298243,39,0,0,Hemet Bancorp,0,0,0
19990510,43076,HMET',OTC,35.36298243,39,0,0,Hemet Bancorp,0,0,0
19990511,43076,HMET',OTC,35.36298243,39,0,0,Hemet Bancorp,0,0,0
19990512,43076,HMET',OTC,35.36298243,39,0,0,Hemet Bancorp,0,0,0
19990513,43076,HMET',OTC,35.36298243,39,0,0,Hemet Bancorp,0,0,0
19990514,43076,HMET',OTC,35.36298243,39,0,0,Hemet Bancorp,0,0,0
19990517,43076,HMET',OTC,35.36298243,39,0,0,Hemet Bancorp,0,0,0
19990518,43076,HMET',OTC,35.36298243,39,0,0,Hemet Bancorp,0,0,0
19990519,43076,HMET',OTC,35.36298243,39,0,0,Hemet Bancorp,0,0,0
19990520,43076,HMET',OTC,35.36298243,39,0,0,Hemet Bancorp,0,0,0
19990521,43076,HMET',OTC,35.36298243,39,0,0,Hemet Bancorp,0,0,0
19990524,43076,HMET',OTC,35.36298243,39,0,0,Hemet Bancorp,0,0,0
19990525,43076,HMET',OTC,35.36298243,39,0,0,Hemet Bancorp,0,0,0
19990526,43076,HMET',OTC,35.36298243,39,0,0,Hemet Bancorp,0,0,0
19990527,43076,HMET',OTC,35.36298243,39,0,0,Hemet Bancorp,0,0,0
19990528,43076,HMET',OTC,35.36298243,39,0,0,Hemet Bancorp,0,0,0
19990601,43076,HMET',OTC,38.08321185,42,2,0,Hemet Bancorp,0,0,0
19990602,43076,HMET',OTC,38.08321185,42,0,0,Hemet Bancorp,0,0,0
19990603,43076,HMET',OTC,38.08321185,42,0,0,Hemet Bancorp,0,0,0
19990604,43076,HMET',OTC,38.08321185,42,0,0,Hemet Bancorp,0,0,0
19990607,43076,HMET',OTC,38.08321185,42,0,0,Hemet Bancorp,0,0,0
19990608,43076,HMET',OTC,38.08321185,42,0,0,Hemet Bancorp,0,0,0
19990609,43076,HMET',OTC,38.08321185,42,0,0,Hemet Bancorp,0,0,0
19990610,43076,HMET',OTC,38.08321185,42,0,0,Hemet Bancorp,0,0,0
19990611,43076,HMET',OTC,38.08321185,42,0,0,Hemet Bancorp,0,0,0
19990614,43076,HMET',OTC,38.08321185,42,0,0,Hemet Bancorp,0,0,0
19990615,43076,HMET',OTC,38.08321185,42,0,0,Hemet Bancorp,0,0,0
19990616,43076,HMET',OTC,38.08321185,42,0,0,Hemet Bancorp,0,0,0
19990617,43076,HMET',OTC,38.08321185,42,0,0,Hemet Bancorp,0,0,0
19990618,43076,HMET',OTC,38.08321185,42,0,0,Hemet Bancorp,0,0,0
19990621,43076,HMET',OTC,38.08321185,42,0,0,Hemet Bancorp,0,0,0
19990622,43076,HMET',OTC,39.89669813,44,6,0,Hemet Bancorp,0,0,0
19990623,43076,HMET',OTC,39.89669813,44,0,0,Hemet Bancorp,0,0,0
19990624,43076,HMET',OTC,38.98995499,43,2,0,Hemet Bancorp,0,0,0
19990625,43076,HMET',OTC,38.98995499,43,0,0,Hemet Bancorp,0,0,0
19990628,43076,HMET',OTC,38.98995499,43,0,0,Hemet Bancorp,0,0,0
19990629,43076,HMET',OTC,38.98995499,43,0,0,Hemet Bancorp,0,0,0
19990630,43076,HMET',OTC,38.98995499,43,0,0,Hemet Bancorp,0,0,0
19990701,43076,HMET',OTC,38.98995499,43,0,0,Hemet Bancorp,0,0,0
19990702,43076,HMET',OTC,38.98995499,43,0,0,Hemet Bancorp,0,0,0
19990706,43076,HMET',OTC,38.98995499,43,0,0,Hemet Bancorp,0,0,0
19990707,43076,HMET',OTC,38.98995499,43,0,0,Hemet Bancorp,0,0,0
19990708,43076,HMET',OTC,38.98995499,43,0,0,Hemet Bancorp,0,0,0
19990709,43076,HMET',OTC,38.98995499,43,0,0,Hemet Bancorp,0,0,0
19990712,43076,HMET',OTC,38.98995499,43,0,0,Hemet Bancorp,0,0,0
19990713,43076,HMET',OTC,38.98995499,43,0,0,Hemet Bancorp,0,0,0
19990714,43076,HMET',OTC,38.98995499,43,0,0,Hemet Bancorp,0,0,0
19990715,43076,HMET',OTC,38.98995499,43,0,0,Hemet Bancorp,0,0,0
19990716,43076,HMET',OTC,38.98995499,43,0,0,Hemet Bancorp,0,0,0
19990719,43076,HMET',OTC,38.98995499,43,0,0,Hemet Bancorp,0,0,0
19990720,43076,HMET',OTC,38.98995499,43,0,0,Hemet Bancorp,0,0,0
19990721,43076,HMET',OTC,38.98995499,43,0,0,Hemet Bancorp,0,0,0
19990722,43076,HMET',OTC,38.98995499,43,0,0,Hemet Bancorp,0,0,0
19990723,43076,HMET',OTC,38.98995499,43,0,0,Hemet Bancorp,0,0,0
19990726,43076,HMET',OTC,38.98995499,43,0,0,Hemet Bancorp,0,0,0
19990727,43076,HMET',OTC,38.98995499,43,0,0,Hemet Bancorp,0,0,0
19990728,43076,HMET',OTC,35.36298243,39,6,0,Hemet Bancorp,0,0,0
19990729,43076,HMET',OTC,34.45623929,38,22,0,Hemet Bancorp,0,0,0
19990730,43076,HMET',OTC,34.45623929,38,0,0,Hemet Bancorp,0,0,0
19990802,43076,HMET',OTC,34.45623929,38,0,0,Hemet Bancorp,0,0,0
19990803,43076,HMET',OTC,34.45623929,38,0,0,Hemet Bancorp,0,0,0
19990804,43076,HMET',OTC,34.45623929,38,0,0,Hemet Bancorp,0,0,0
19990805,43076,HMET',OTC,34.45623929,38,0,0,Hemet Bancorp,0,0,0
19990806,43076,HMET',OTC,34.45623929,38,0,0,Hemet Bancorp,0,0,0
19990809,43076,HMET',OTC,34.72542866,38.296875,11,0,Hemet Bancorp,0,0,0
19990810,43076,HMET',OTC,34.72542866,38.296875,0,0,Hemet Bancorp,0,0,0
19990811,43076,HMET',OTC,34.45623929,38,15,0,Hemet Bancorp,0,0,0
19990812,43076,HMET',OTC,34.45623929,38,0,0,Hemet Bancorp,0,0,0
19990813,43076,HMET',OTC,34.45623929,38,8,0,Hemet Bancorp,0,0,0
19990816,43076,HMET',OTC,34.45623929,38,0,0,Hemet Bancorp,0,0,0
19990817,43076,HMET',OTC,34.45623929,38,0,0,Hemet Bancorp,0,0,0
19990818,43076,HMET',OTC,34.45623929,38,0,0,Hemet Bancorp,0,0,0
19990819,43076,HMET',OTC,34.45623929,38,0,0,Hemet Bancorp,0,0,0
19990820,43076,HMET',OTC,34.45623929,38,0,0,Hemet Bancorp,0,0,0
19990823,43076,HMET',OTC,34.45623929,38,0,0,Hemet Bancorp,0,0,0
19990824,43076,HMET',OTC,34.45623929,38,0,0,Hemet Bancorp,0,0,0
19990825,43076,HMET',OTC,34.45623929,38,0,0,Hemet Bancorp,0,0,0
19990826,43076,HMET',OTC,34.45623929,38,0,0,Hemet Bancorp,0,0,0
19990827,43076,HMET',OTC,33.09612458,36.5,11,0,Hemet Bancorp,0,0,0
19990830,43076,HMET',OTC,34.45623929,38,11,0,Hemet Bancorp,0,0,0
19990831,43076,HMET',OTC,34.45623929,38,0,0,Hemet Bancorp,0,0,0
19990901,43076,HMET',OTC,34.45623929,38,0,0,Hemet Bancorp,0,0,0
19990902,43076,HMET',OTC,34.45623929,38,0,0,Hemet Bancorp,0,0,0
19990903,43076,HMET',OTC,34.45623929,38,0,0,Hemet Bancorp,0,0,0
19990907,43076,HMET',OTC,33.54949615,37,13,0,Hemet Bancorp,0,0,0
19990908,43076,HMET',OTC,33.54949615,37,0,0,Hemet Bancorp,0,0,0
19990909,43076,HMET',OTC,31.73600987,35,60,0,Hemet Bancorp,0,0,0
19990910,43076,HMET',OTC,31.73600987,35,0,0,Hemet Bancorp,0,0,0
19990913,43076,HMET',OTC,31.73600987,35,0,0,Hemet Bancorp,0,0,0
19990914,43076,HMET',OTC,32.18938144,35.5,13,0,Hemet Bancorp,0,0,0
19990915,43076,HMET',OTC,32.18938144,35.5,30,0,Hemet Bancorp,0,0,0
19990916,43076,HMET',OTC,32.18938144,35.5,0,0,Hemet Bancorp,0,0,0
19990917,43076,HMET',OTC,32.18938144,35.5,0,0,Hemet Bancorp,0,0,0
19990920,43076,HMET',OTC,31.73600987,35,6,0,Hemet Bancorp,0,0,0
19990921,43076,HMET',OTC,31.73600987,35,0,0,Hemet Bancorp,0,0,0
19990922,43076,HMET',OTC,31.73600987,35,0,0,Hemet Bancorp,0,0,0
19990923,43076,HMET',OTC,31.73600987,35,0,0,Hemet Bancorp,0,0,0
19990924,43076,HMET',OTC,31.73600987,35,0,0,Hemet Bancorp,0,0,0
19990927,43076,HMET',OTC,31.73600987,35,0,0,Hemet Bancorp,0,0,0
19990928,43076,HMET',OTC,34.45623929,38,2,0,Hemet Bancorp,0,0,0
19990929,43076,HMET',OTC,32.64275301,36,2,0,Hemet Bancorp,0,0,0
19990930,43076,HMET',OTC,32.37356364,35.703125,4,0,Hemet Bancorp,0,0,0
19991001,43076,HMET',OTC,32.37356364,35.703125,0,0,Hemet Bancorp,0,0,0
19991004,43076,HMET',OTC,31.73600987,35,4,0,Hemet Bancorp,0,0,0
19991005,43076,HMET',OTC,31.73600987,35,0,0,Hemet Bancorp,0,0,0
19991006,43076,HMET',OTC,31.73600987,35,0,0,Hemet Bancorp,0,0,0
19991007,43076,HMET',OTC,31.73600987,35,0,0,Hemet Bancorp,0,0,0
19991008,43076,HMET',OTC,31.73600987,35,0,0,Hemet Bancorp,0,0,0
19991011,43076,HMET',OTC,31.2826383,34.5,2,0,Hemet Bancorp,0,0,0
19991012,43076,HMET',OTC,30.82926673,34,34,0,Hemet Bancorp,0,0,0
19991013,43076,HMET',OTC,30.82926673,34,0,0,Hemet Bancorp,0,0,0
19991014,43076,HMET',OTC,29.92252359,33,4,0,Hemet Bancorp,0,0,0
19991015,43076,HMET',OTC,30.14920938,33.25,25,0,Hemet Bancorp,0,0,0
19991018,43076,HMET',OTC,30.14920938,33.25,0,0,Hemet Bancorp,0,0,0
19991019,43076,HMET',OTC,30.14920938,33.25,0,0,Hemet Bancorp,0,0,0
19991020,43076,HMET',OTC,30.14920938,33.25,0,0,Hemet Bancorp,0,0,0
19991021,43076,HMET',OTC,31.73600987,35,13,0,Hemet Bancorp,0,0,0
19991022,43076,HMET',OTC,30.82926673,34,82,0,Hemet Bancorp,0,0,0
19991025,43076,HMET',OTC,32.64275301,36,2,0,Hemet Bancorp,0,0,0
19991026,43076,HMET',OTC,32.64275301,36,0,0,Hemet Bancorp,0,0,0
19991027,43076,HMET',OTC,32.64275301,36,0,0,Hemet Bancorp,0,0,0
19991028,43076,HMET',OTC,32.64275301,36,0,0,Hemet Bancorp,0,0,0
19991029,43076,HMET',OTC,32.64275301,36,0,0,Hemet Bancorp,0,0,0
19991101,43076,HMET',OTC,32.64275301,36,0,0,Hemet Bancorp,0,0,0
19991102,43076,HMET',OTC,32.64275301,36,7,0,Hemet Bancorp,0,0,0
19991103,43076,HMET',OTC,32.64275301,36,0,0,Hemet Bancorp,0,0,0
19991104,43076,HMET',OTC,32.64275301,36,0,0,Hemet Bancorp,0,0,0
19991105,43076,HMET',OTC,32.64275301,36,0,0,Hemet Bancorp,0,0,0
19991108,43076,HMET',OTC,29.24246624,32.25,20,0,Hemet Bancorp,0,0,0
19991109,43076,HMET',OTC,29.24246624,32.25,0,0,Hemet Bancorp,0,0,0
19991110,43076,HMET',OTC,29.92252359,33,29,0,Hemet Bancorp,0,0,0
19991111,43076,HMET',OTC,29.46915202,32.5,8,0,Hemet Bancorp,0,0,0
19991112,43076,HMET',OTC,29.01578045,32,36,0,Hemet Bancorp,0,0,0
19991115,43076,HMET',OTC,29.01578045,32,0,0,Hemet Bancorp,0,0,0
19991116,43076,HMET',OTC,29.01578045,32,0,0,Hemet Bancorp,0,0,0
19991117,43076,HMET',OTC,28.56240889,31.5,13,0,Hemet Bancorp,0,0,0
19991118,43076,HMET',OTC,28.10903732,31,83,0,Hemet Bancorp,0,0,0
19991119,43076,HMET',OTC,28.10903732,31,0,0,Hemet Bancorp,0,0,0
19991122,43076,HMET',OTC,28.10903732,31,0,0,Hemet Bancorp,0,0,0
19991123,43076,HMET',OTC,29.01578045,32,20,0,Hemet Bancorp,0,0,0
19991124,43076,HMET',OTC,29.01578045,32,0,0,Hemet Bancorp,0,0,0
19991126,43076,HMET',OTC,29.01578045,32,0,0,Hemet Bancorp,0,0,0
19991129,43076,HMET',OTC,29.01578045,32,0,0,Hemet Bancorp,0,0,0
19991130,43076,HMET',OTC,29.92252359,33,20,0,Hemet Bancorp,0,0,0
19991201,43076,HMET',OTC,29.01578045,32,22,0,Hemet Bancorp,0,0,0
19991202,43076,HMET',OTC,29.01578045,32,0,0,Hemet Bancorp,0,0,0
19991203,43076,HMET',OTC,29.01578045,32,19,0,Hemet Bancorp,0,0,0
19991206,43076,HMET',OTC,30.37589516,33.5,66,0,Hemet Bancorp,0,0,0
19991207,43076,HMET',OTC,30.37589516,33.5,196,0,Hemet Bancorp,0,0,0
19991208,43076,HMET',OTC,29.24246624,32.25,15,0,Hemet Bancorp,0,0,0
19991209,43076,HMET',OTC,29.24246624,32.25,0,0,Hemet Bancorp,0,0,0
19991210,43076,HMET',OTC,29.24246624,32.25,0,0,Hemet Bancorp,0,0,0
19991213,43076,HMET',OTC,29.24246624,32.25,0,0,Hemet Bancorp,0,0,0
19991214,43076,HMET',OTC,29.24246624,32.25,0,0,Hemet Bancorp,0,0,0
19991215,43076,HMET',OTC,29.24246624,32.25,0,0,Hemet Bancorp,0,0,0
19991216,43076,HMET',OTC,29.24246624,32.25,0,0,Hemet Bancorp,0,0,0
19991217,43076,HMET',OTC,29.24246624,32.25,0,0,Hemet Bancorp,0,0,0
19991220,43076,HMET',OTC,29.24246624,32.25,0,0,Hemet Bancorp,0,0,0
19991221,43076,HMET',OTC,29.24246624,32.25,0,0,Hemet Bancorp,0,0,0
19991222,43076,HMET',OTC,29.24246624,32.25,0,0,Hemet Bancorp,0,0,0
19991223,43076,HMET',OTC,29.24246624,32.25,0,0,Hemet Bancorp,0,0,0
19991227,43076,HMET',OTC,28.10903732,31,53,0,Hemet Bancorp,0,0,0
19991228,43076,HMET',OTC,28.10903732,31,26,0,Hemet Bancorp,0,0,0
19991229,43076,HMET',OTC,28.10903732,31,0,0,Hemet Bancorp,0,0,0
19991230,43076,HMET',OTC,29.01578045,32,20,0,Hemet Bancorp,0,0,0
19991231,43076,HMET',OTC,29.01578045,32,0,0,Hemet Bancorp,0,0,0
20000103,43076,HMET',OTC,27.08895128,29.875,88,0,Hemet Bancorp,0,0,0
20000104,43076,HMET',OTC,28.10903732,31,1,0,Hemet Bancorp,0,0,0
20000105,43076,HMET',OTC,28.10903732,31,0,0,Hemet Bancorp,0,0,0
20000106,43076,HMET',OTC,28.10903732,31,0,0,Hemet Bancorp,0,0,0
20000107,43076,HMET',OTC,28.10903732,31,9,0,Hemet Bancorp,0,0,0
20000110,43076,HMET',OTC,27.08895128,29.875,79,0,Hemet Bancorp,0,0,0
20000111,43076,HMET',OTC,26.52223682,29.25,11,0,Hemet Bancorp,0,0,0
20000112,43076,HMET',OTC,25.3888079,28,86,0,Hemet Bancorp,0,0,0
20000113,43076,HMET',OTC,24.48206476,27,81,0,Hemet Bancorp,0,0,0
20000114,43076,HMET',OTC,24.48206476,27,131,0,Hemet Bancorp,0,0,0
20000118,43076,HMET',OTC,24.48206476,27,0,0,Hemet Bancorp,0,0,0
20000119,43076,HMET',OTC,24.82209344,27.375,29,0,Hemet Bancorp,0,0,0
20000120,43076,HMET',OTC,24.48206476,27,17,0,Hemet Bancorp,0,0,0
20000121,43076,HMET',OTC,24.48206476,27,0,0,Hemet Bancorp,0,0,0
20000124,43076,HMET',OTC,24.48206476,27,0,0,Hemet Bancorp,0,0,0
20000125,43076,HMET',OTC,24.48206476,27,0,0,Hemet Bancorp,0,0,0
20000126,43076,HMET',OTC,24.70875054,27.25,39,0,Hemet Bancorp,0,0,0
20000127,43076,HMET',OTC,24.82209344,27.375,17,0,Hemet Bancorp,0,0,0
20000128,43076,HMET',OTC,24.82209344,27.375,0,0,Hemet Bancorp,0,0,0
20000131,43076,HMET',OTC,24.82209344,27.375,0,0,Hemet Bancorp,0,0,0
20000201,43076,HMET',OTC,24.82209344,27.375,0,0,Hemet Bancorp,0,0,0
20000202,43076,HMET',OTC,24.82209344,27.375,0,0,Hemet Bancorp,0,0,0
20000203,43076,HMET',OTC,24.82209344,27.375,0,0,Hemet Bancorp,0,0,0
20000204,43076,HMET',OTC,24.82209344,27.375,0,0,Hemet Bancorp,0,0,0
20000207,43076,HMET',OTC,24.82209344,27.375,0,0,Hemet Bancorp,0,0,0
20000208,43076,HMET',OTC,24.82209344,27.375,0,0,Hemet Bancorp,0,0,0
20000209,43076,HMET',OTC,24.82209344,27.375,0,0,Hemet Bancorp,0,0,0
20000210,43076,HMET',OTC,24.02869319,26.5,3,0,Hemet Bancorp,0,0,0
20000211,43076,HMET',OTC,24.02869319,26.5,2,0,Hemet Bancorp,0,0,0
20000214,43076,HMET',OTC,24.02869319,26.5,0,0,Hemet Bancorp,0,0,0
20000215,43076,HMET',OTC,24.02869319,26.5,0,0,Hemet Bancorp,0,0,0
20000216,43076,HMET',OTC,24.48206476,27,20,0,Hemet Bancorp,0,0,0
20000217,43076,HMET',OTC,24.48206476,27,0,0,Hemet Bancorp,0,0,0
20000218,43076,HMET',OTC,24.48206476,27,0,0,Hemet Bancorp,0,0,0
20000222,43076,HMET',OTC,24.02869319,26.5,2,0,Hemet Bancorp,0,0,0
20000223,43076,HMET',OTC,24.02869319,26.5,0,0,Hemet Bancorp,0,0,0
20000224,43076,HMET',OTC,24.93543633,27.5,238,0,Hemet Bancorp,0,0,0
20000225,43076,HMET',OTC,24.93543633,27.5,0,0,Hemet Bancorp,0,0,0
20000228,43076,HMET',OTC,24.93543633,27.5,0,0,Hemet Bancorp,0,0,0
20000229,43076,HMET',OTC,26.29555104,29,6,0,Hemet Bancorp,0,0,0
20000301,43076,HMET',OTC,26.29555104,29,0,0,Hemet Bancorp,0,0,0
20000302,43076,HMET',OTC,25.3888079,28,11,0,Hemet Bancorp,0,0,0
20000303,43076,HMET',OTC,24.93543633,27.5,14,0,Hemet Bancorp,0,0,0
20000306,43076,HMET',OTC,24.93543633,27.5,0,0,Hemet Bancorp,0,0,0
20000307,43076,HMET',OTC,24.93543633,27.5,0,0,Hemet Bancorp,0,0,0
20000308,43076,HMET',OTC,24.93543633,27.5,0,0,Hemet Bancorp,0,0,0
20000309,43076,HMET',OTC,24.93543633,27.5,0,0,Hemet Bancorp,0,0,0
20000310,43076,HMET',OTC,24.93543633,27.5,0,0,Hemet Bancorp,0,0,0
20000313,43076,HMET',OTC,24.93543633,27.5,0,0,Hemet Bancorp,0,0,0
20000314,43076,HMET',OTC,24.93543633,27.5,0,0,Hemet Bancorp,0,0,0
20000315,43076,HMET',OTC,24.93543633,27.5,0,0,Hemet Bancorp,0,0,0
20000316,43076,HMET',OTC,24.93543633,27.5,0,0,Hemet Bancorp,0,0,0
20000317,43076,HMET',OTC,27.65566575,30.5,2,0,Hemet Bancorp,0,0,0
20000320,43076,HMET',OTC,27.65566575,30.5,0,0,Hemet Bancorp,0,0,0
20000321,43076,HMET',OTC,27.65566575,30.5,0,0,Hemet Bancorp,0,0,0
20000322,43076,HMET',OTC,27.65566575,30.5,0,0,Hemet Bancorp,0,0,0
20000323,43076,HMET',OTC,29.46915202,32.5,3,0,Hemet Bancorp,0,0,0
20000324,43076,HMET',OTC,29.46915202,32.5,0,0,Hemet Bancorp,0,0,0
20000327,43076,HMET',OTC,29.46915202,32.5,0,0,Hemet Bancorp,0,0,0
20000328,43076,HMET',OTC,29.46915202,32.5,0,0,Hemet Bancorp,0,0,0
20000329,43076,HMET',OTC,29.46915202,32.5,0,0,Hemet Bancorp,0,0,0
20000330,43076,HMET',OTC,29.46915202,32.5,0,0,Hemet Bancorp,0,0,0
20000331,43076,HMET',OTC,29.46915202,32.5,0,0,Hemet Bancorp,0,0,0
20000403,43076,HMET',OTC,29.46915202,32.5,0,0,Hemet Bancorp,0,0,0
20000404,43076,HMET',OTC,29.46915202,32.5,0,0,Hemet Bancorp,0,0,0
20000405,43076,HMET',OTC,29.46915202,32.5,0,0,Hemet Bancorp,0,0,0
20000406,43076,HMET',OTC,29.46915202,32.5,0,0,Hemet Bancorp,0,0,0
20000407,43076,HMET',OTC,29.46915202,32.5,0,0,Hemet Bancorp,0,0,0
20000410,43076,HMET',OTC,29.46915202,32.5,0,0,Hemet Bancorp,0,0,0
20000411,43076,HMET',OTC,29.46915202,32.5,0,0,Hemet Bancorp,0,0,0
20000412,43076,HMET',OTC,29.46915202,32.5,0,0,Hemet Bancorp,0,0,0
20000413,43076,HMET',OTC,29.46915202,32.5,0,0,Hemet Bancorp,0,0,0
20000414,43076,HMET',OTC,29.46915202,32.5,0,0,Hemet Bancorp,0,0,0
20000417,43076,HMET',OTC,29.46915202,32.5,0,0,Hemet Bancorp,0,0,0
20000418,43076,HMET',OTC,29.46915202,32.5,0,0,Hemet Bancorp,0,0,0
20000419,43076,HMET',OTC,29.46915202,32.5,0,0,Hemet Bancorp,0,0,0
20000420,43076,HMET',OTC,29.46915202,32.5,0,0,Hemet Bancorp,0,0,0
20000424,43076,HMET',OTC,29.46915202,32.5,0,0,Hemet Bancorp,0,0,0
20000425,43076,HMET',OTC,29.46915202,32.5,0,0,Hemet Bancorp,0,0,0
20000426,43076,HMET',OTC,29.46915202,32.5,0,0,Hemet Bancorp,0,0,0
20000427,43076,HMET',OTC,29.46915202,32.5,0,0,Hemet Bancorp,0,0,0
20000428,43076,HMET',OTC,29.46915202,32.5,0,0,Hemet Bancorp,0,0,0
20000501,43076,HMET',OTC,29.46915202,32.5,0,0,Hemet Bancorp,0,0,0
20000502,43076,HMET',OTC,29.46915202,32.5,0,0,Hemet Bancorp,0,0,0
20000503,43076,HMET',OTC,29.46915202,32.5,0,0,Hemet Bancorp,0,0,0
20000504,43076,HMET',OTC,28.10903732,31,44,0,Hemet Bancorp,0,0,0
20000505,43076,HMET',OTC,28.10903732,31,0,0,Hemet Bancorp,0,0,0
20000508,43076,HMET',OTC,28.10903732,31,0,0,Hemet Bancorp,0,0,0
20000509,43076,HMET',OTC,28.10903732,31,0,0,Hemet Bancorp,0,0,0
20000510,43076,HMET',OTC,28.10903732,31,0,0,Hemet Bancorp,0,0,0
20000511,43076,HMET',OTC,28.10903732,31,0,0,Hemet Bancorp,0,0,0
20000512,43076,HMET',OTC,28.10903732,31,0,0,Hemet Bancorp,0,0,0
20000515,43076,HMET',OTC,28.10903732,31,0,0,Hemet Bancorp,0,0,0
20000516,43076,HMET',OTC,28.10903732,31,0,0,Hemet Bancorp,0,0,0
20000517,43076,HMET',OTC,28.10903732,31,0,0,Hemet Bancorp,0,0,0
20000518,43076,HMET',OTC,28.10903732,31,0,0,Hemet Bancorp,0,0,0
20000519,43076,HMET',OTC,28.10903732,31,0,0,Hemet Bancorp,0,0,0
20000522,43076,HMET',OTC,28.10903732,31,0,0,Hemet Bancorp,0,0,0
20000523,43076,HMET',OTC,27.20229418,30,8,0,Hemet Bancorp,0,0,0
20000524,43076,HMET',OTC,27.20229418,30,0,0,Hemet Bancorp,0,0,0
20000525,43076,HMET',OTC,27.20229418,30,0,0,Hemet Bancorp,0,0,0
20000526,43076,HMET',OTC,27.20229418,30,0,0,Hemet Bancorp,0,0,0
20000530,43076,HMET',OTC,27.20229418,30,0,0,Hemet Bancorp,0,0,0
20000531,43076,HMET',OTC,25.61549368,28.25,4,0,Hemet Bancorp,0,0,0
20000601,43076,HMET',OTC,25.0204435,27.59375,35,0,Hemet Bancorp,0,0,0
20000602,43076,HMET',OTC,25.72883658,28.375,2,0,Hemet Bancorp,0,0,0
20000605,43076,HMET',OTC,25.72883658,28.375,0,0,Hemet Bancorp,0,0,0
20000606,43076,HMET',OTC,25.72883658,28.375,0,0,Hemet Bancorp,0,0,0
20000607,43076,HMET',OTC,25.72883658,28.375,0,0,Hemet Bancorp,0,0,0
20000608,43076,HMET',OTC,25.72883658,28.375,0,0,Hemet Bancorp,0,0,0
20000609,43076,HMET',OTC,25.72883658,28.375,0,0,Hemet Bancorp,0,0,0
20000612,43076,HMET',OTC,25.72883658,28.375,0,0,Hemet Bancorp,0,0,0
20000613,43076,HMET',OTC,25.72883658,28.375,0,0,Hemet Bancorp,0,0,0
20000614,43076,HMET',OTC,27.20229418,30,10,0,Hemet Bancorp,0,0,0
20000615,43076,HMET',OTC,27.20229418,30,0,0,Hemet Bancorp,0,0,0
20000616,43076,HMET',OTC,27.08895128,29.875,4,0,Hemet Bancorp,0,0,0
20000619,43076,HMET',OTC,26.74892261,29.5,9,0,Hemet Bancorp,0,0,0
20000620,43076,HMET',OTC,26.74892261,29.5,0,0,Hemet Bancorp,0,0,0
20000621,43076,HMET',OTC,27.08895128,29.875,4,0,Hemet Bancorp,0,0,0
20000622,43076,HMET',OTC,26.97560839,29.75,7,0,Hemet Bancorp,0,0,0
20000623,43076,HMET',OTC,27.20229418,30,51,0,Hemet Bancorp,0,0,0
20000626,43076,HMET',OTC,27.20229418,30,0,0,Hemet Bancorp,0,0,0
20000627,43076,HMET',OTC,28.10903732,31,13,0,Hemet Bancorp,0,0,0
20000628,43076,HMET',OTC,28.10903732,31,0,0,Hemet Bancorp,0,0,0
20000629,43076,HMET',OTC,28.10903732,31,0,0,Hemet Bancorp,0,0,0
20000630,43076,HMET',OTC,28.10903732,31,0,0,Hemet Bancorp,0,0,0
20000703,43076,HMET',OTC,28.10903732,31,0,0,Hemet Bancorp,0,0,0
20000705,43076,HMET',OTC,27.20229418,30,14,0,Hemet Bancorp,0,0,0
20000706,43076,HMET',OTC,26.29555104,29,3,0,Hemet Bancorp,0,0,0
20000707,43076,HMET',OTC,26.29555104,29,0,0,Hemet Bancorp,0,0,0
20000710,43076,HMET',OTC,26.29555104,29,0,0,Hemet Bancorp,0,0,0
20000711,43076,HMET',OTC,26.06886525,28.75,3,0,Hemet Bancorp,0,0,0
20000712,43076,HMET',OTC,26.06886525,28.75,0,0,Hemet Bancorp,0,0,0
20000713,43076,HMET',OTC,27.42897996,30.25,6,0,Hemet Bancorp,0,0,0
20000714,43076,HMET',OTC,27.42897996,30.25,0,0,Hemet Bancorp,0,0,0
20000717,43076,HMET',OTC,26.29555104,29,3,0,Hemet Bancorp,0,0,0
20000718,43076,HMET',OTC,26.29555104,29,0,0,Hemet Bancorp,0,0,0
20000719,43076,HMET',OTC,26.29555104,29,0,0,Hemet Bancorp,0,0,0
20000720,43076,HMET',OTC,26.29555104,29,0,0,Hemet Bancorp,0,0,0
20000721,43076,HMET',OTC,26.29555104,29,0,0,Hemet Bancorp,0,0,0
20000724,43076,HMET',OTC,26.29555104,29,0,0,Hemet Bancorp,0,0,0
20000725,43076,HMET',OTC,26.29555104,29,0,0,Hemet Bancorp,0,0,0
20000726,43076,HMET',OTC,27.20229418,30,3,0,Hemet Bancorp,0,0,0
20000727,43076,HMET',OTC,27.20229418,30,0,0,Hemet Bancorp,0,0,0
20000728,43076,HMET',OTC,27.20229418,30,0,0,Hemet Bancorp,0,0,0
20000731,43076,HMET',OTC,27.20229418,30,0,0,Hemet Bancorp,0,0,0
20000801,43076,HMET',OTC,27.20229418,30,0,0,Hemet Bancorp,0,0,0
20000802,43076,HMET',OTC,27.20229418,30,0,0,Hemet Bancorp,0,0,0
20000803,43076,HMET',OTC,27.20229418,30,0,0,Hemet Bancorp,0,0,0
20000804,43076,HMET',OTC,27.20229418,30,0,0,Hemet Bancorp,0,0,0
20000807,43076,HMET',OTC,27.20229418,30,0,0,Hemet Bancorp,0,0,0
20000808,43076,HMET',OTC,27.20229418,30,0,0,Hemet Bancorp,0,0,0
20000809,43076,HMET',OTC,27.20229418,30,0,0,Hemet Bancorp,0,0,0
20000810,43076,HMET',OTC,27.20229418,30,0,0,Hemet Bancorp,0,0,0
20000811,43076,HMET',OTC,27.20229418,30,0,0,Hemet Bancorp,0,0,0
20000814,43076,HMET',OTC,29.92252359,33,44,0,Hemet Bancorp,0,0,0
20000815,43076,HMET',OTC,29.92252359,33,0,0,Hemet Bancorp,0,0,0
20000816,43076,HMET',OTC,29.92252359,33,0,0,Hemet Bancorp,0,0,0
20000817,43076,HMET',OTC,29.92252359,33,0,0,Hemet Bancorp,0,0,0
20000818,43076,HMET',OTC,29.92252359,33,0,0,Hemet Bancorp,0,0,0
20000821,43076,HMET',OTC,29.01578045,32,4,0,Hemet Bancorp,0,0,0
20000822,43076,HMET',OTC,29.01578045,32,20,0,Hemet Bancorp,0,0,0
20000823,43076,HMET',OTC,29.01578045,32,0,0,Hemet Bancorp,0,0,0
20000824,43076,HMET',OTC,29.01578045,32,0,0,Hemet Bancorp,0,0,0
20000825,43076,HMET',OTC,29.01578045,32,0,0,Hemet Bancorp,0,0,0
20000828,43076,HMET',OTC,29.01578045,32,0,0,Hemet Bancorp,0,0,0
20000829,43076,HMET',OTC,29.01578045,32,0,0,Hemet Bancorp,0,0,0
20000830,43076,HMET',OTC,29.01578045,32,0,0,Hemet Bancorp,0,0,0
20000831,43076,HMET',OTC,29.01578045,32,0,0,Hemet Bancorp,0,0,0
20000901,43076,HMET',OTC,29.01578045,32,0,0,Hemet Bancorp,0,0,0
20000905,43076,HMET',OTC,29.01578045,32,0,0,Hemet Bancorp,0,0,0
20000906,43076,HMET',OTC,29.01578045,32,0,0,Hemet Bancorp,0,0,0
20000907,43076,HMET',OTC,29.01578045,32,0,0,Hemet Bancorp,0,0,0
20000908,43076,HMET',OTC,29.01578045,32,4,0,Hemet Bancorp,0,0,0
20000911,43076,HMET',OTC,29.01578045,32,0,0,Hemet Bancorp,0,0,0
20000912,43076,HMET',OTC,29.01578045,32,0,0,Hemet Bancorp,0,0,0
20000913,43076,HMET',OTC,29.01578045,32,0,0,Hemet Bancorp,0,0,0
20000914,43076,HMET',OTC,29.01578045,32,0,0,Hemet Bancorp,0,0,0
20000915,43076,HMET',OTC,29.01578045,32,0,0,Hemet Bancorp,0,0,0
20000918,43076,HMET',OTC,29.01578045,32,0,0,Hemet Bancorp,0,0,0
20000919,43076,HMET',OTC,29.01578045,32,0,0,Hemet Bancorp,0,0,0
20000920,43076,HMET',OTC,29.01578045,32,0,0,Hemet Bancorp,0,0,0
20000921,43076,HMET',OTC,29.01578045,32,0,0,Hemet Bancorp,0,0,0
20000922,43076,HMET',OTC,29.01578045,32,0,0,Hemet Bancorp,0,0,0
20000925,43076,HMET',OTC,29.58249492,32.625,17,0,Hemet Bancorp,0,0,0
20000926,43076,HMET',OTC,29.58249492,32.625,0,0,Hemet Bancorp,0,0,0
20000927,43076,HMET',OTC,29.58249492,32.625,0,0,Hemet Bancorp,0,0,0
20000928,43076,HMET',OTC,29.58249492,32.625,0,0,Hemet Bancorp,0,0,0
20000929,43076,HMET',OTC,29.58249492,32.625,0,0,Hemet Bancorp,0,0,0
20001002,43076,HMET',OTC,29.58249492,32.625,0,0,Hemet Bancorp,0,0,0
20001003,43076,HMET',OTC,28.78909467,31.75,20,0,Hemet Bancorp,0,0,0
20001004,43076,HMET',OTC,28.78909467,31.75,0,0,Hemet Bancorp,0,0,0
20001005,43076,HMET',OTC,28.10903732,31,7,0,Hemet Bancorp,0,0,0
20001006,43076,HMET',OTC,28.10903732,31,0,0,Hemet Bancorp,0,0,0
20001009,43076,HMET',OTC,28.10903732,31,0,0,Hemet Bancorp,0,0,0
20001010,43076,HMET',OTC,28.3357231,31.25,7,0,Hemet Bancorp,0,0,0
20001011,43076,HMET',OTC,28.10903732,31,4,0,Hemet Bancorp,0,0,0
20001012,43076,HMET',OTC,29.24246624,32.25,7,0,Hemet Bancorp,0,0,0
20001013,43076,HMET',OTC,29.24246624,32.25,0,0,Hemet Bancorp,0,0,0
20001016,43076,HMET',OTC,29.24246624,32.25,0,0,Hemet Bancorp,0,0,0
20001017,43076,HMET',OTC,29.24246624,32.25,0,0,Hemet Bancorp,0,0,0
20001018,43076,HMET',OTC,29.24246624,32.25,0,0,Hemet Bancorp,0,0,0
20001019,43076,HMET',OTC,28.10903732,31,7,0,Hemet Bancorp,0,0,0
20001020,43076,HMET',OTC,28.10903732,31,0,0,Hemet Bancorp,0,0,0
20001023,43076,HMET',OTC,28.10903732,31,0,0,Hemet Bancorp,0,0,0
20001024,43076,HMET',OTC,28.10903732,31,0,0,Hemet Bancorp,0,0,0
20001025,43076,HMET',OTC,28.10903732,31,0,0,Hemet Bancorp,0,0,0
20001026,43076,HMET',OTC,28.10903732,31,0,0,Hemet Bancorp,0,0,0
20001027,43076,HMET',OTC,29.01578045,32,6,0,Hemet Bancorp,0,0,0
20001030,43076,HMET',OTC,29.01578045,32,6,0,Hemet Bancorp,0,0,0
20001031,43076,HMET',OTC,29.01578045,32,0,0,Hemet Bancorp,0,0,0
20001101,43076,HMET',OTC,29.01578045,32,0,0,Hemet Bancorp,0,0,0
20001102,43076,HMET',OTC,29.46915202,32.5,2,0,Hemet Bancorp,0,0,0
20001103,43076,HMET',OTC,29.92252359,33,24,0,Hemet Bancorp,0,0,0
20001106,43076,HMET',OTC,29.46915202,32.5,6,0,Hemet Bancorp,0,0,0
20001107,43076,HMET',OTC,29.58249492,32.625,18,0,Hemet Bancorp,0,0,0
20001108,43076,HMET',OTC,29.58249492,32.625,0,0,Hemet Bancorp,0,0,0
20001109,43076,HMET',OTC,29.58249492,32.625,0,0,Hemet Bancorp,0,0,0
20001110,43076,HMET',OTC,29.58249492,32.625,0,0,Hemet Bancorp,0,0,0
20001113,43076,HMET',OTC,29.58249492,32.625,0,0,Hemet Bancorp,0,0,0
20001114,43076,HMET',OTC,29.58249492,32.625,0,0,Hemet Bancorp,0,0,0
20001115,43076,HMET',OTC,29.58249492,32.625,0,0,Hemet Bancorp,0,0,0
20001116,43076,HMET',OTC,29.46915202,32.5,20,0,Hemet Bancorp,0,0,0
20001117,43076,HMET',OTC,29.46915202,32.5,0,0,Hemet Bancorp,0,0,0
20001120,43076,HMET',OTC,29.46915202,32.5,0,0,Hemet Bancorp,0,0,0
20001121,43076,HMET',OTC,29.46915202,32.5,0,0,Hemet Bancorp,0,0,0
20001122,43076,HMET',OTC,29.69583781,32.75,1,0,Hemet Bancorp,0,0,0
20001124,43076,HMET',OTC,29.69583781,32.75,0,0,Hemet Bancorp,0,0,0
20001127,43076,HMET',OTC,29.69583781,32.75,0,0,Hemet Bancorp,0,0,0
20001128,43076,HMET',OTC,29.01578045,32,15,0,Hemet Bancorp,0,0,0
20001129,43076,HMET',OTC,29.92252359,33,11,0,Hemet Bancorp,0,0,0
20001130,43076,HMET',OTC,29.12912335,32.125,2,0,Hemet Bancorp,0,0,0
20001201,43076,HMET',OTC,29.12912335,32.125,0,0,Hemet Bancorp,0,0,0
20001204,43076,HMET',OTC,29.01578045,32,2,0,Hemet Bancorp,0,0,0
20001205,43076,HMET',OTC,29.01578045,32,0,0,Hemet Bancorp,0,0,0
20001206,43076,HMET',OTC,29.01578045,32,0,0,Hemet Bancorp,0,0,0
20001207,43076,HMET',OTC,29.01578045,32,0,0,Hemet Bancorp,0,0,0
20001208,43076,HMET',OTC,29.01578045,32,0,0,Hemet Bancorp,0,0,0
20001211,43076,HMET',OTC,29.01578045,32,0,0,Hemet Bancorp,0,0,0
20001212,43076,HMET',OTC,30.60258095,33.75,3,0,Hemet Bancorp,0,0,0
20001213,43076,HMET',OTC,31.05595252,34.25,2,0,Hemet Bancorp,0,0,0
20001214,43076,HMET',OTC,29.01578045,32,2,0,Hemet Bancorp,0,0,0
20001215,43076,HMET',OTC,29.01578045,32,0,0,Hemet Bancorp,0,0,0
20001218,43076,HMET',OTC,29.01578045,32,0,0,Hemet Bancorp,0,0,0
20001219,43076,HMET',OTC,29.01578045,32,0,0,Hemet Bancorp,0,0,0
20001220,43076,HMET',OTC,29.69583781,32.75,44,0,Hemet Bancorp,0,0,0
20001221,43076,HMET',OTC,29.69583781,32.75,0,0,Hemet Bancorp,0,0,0
20001222,43076,HMET',OTC,31.05595252,34.25,4,0,Hemet Bancorp,0,0,0
20001226,43076,HMET',OTC,31.05595252,34.25,0,0,Hemet Bancorp,0,0,0
20001227,43076,HMET',OTC,31.05595252,34.25,0,0,Hemet Bancorp,0,0,0
20001228,43076,HMET',OTC,31.05595252,34.25,0,0,Hemet Bancorp,0,0,0
20001229,43076,HMET',OTC,31.05595252,34.25,0,0,Hemet Bancorp,0,0,0
20010102,43076,HMET',OTC,31.05595252,34.25,0,0,Hemet Bancorp,0,0,0
20010103,43076,HMET',OTC,31.05595252,34.25,0,0,Hemet Bancorp,0,0,0
20010104,43076,HMET',OTC,29.92252359,33,10,0,Hemet Bancorp,0,0,0
20010105,43076,HMET',OTC,29.01578045,32,44,0,Hemet Bancorp,0,0,0
20010108,43076,HMET',OTC,29.01578045,32,0,0,Hemet Bancorp,0,0,0
20010109,43076,HMET',OTC,29.01578045,32,0,0,Hemet Bancorp,0,0,0
20010110,43076,HMET',OTC,29.01578045,32,0,0,Hemet Bancorp,0,0,0
20010111,43076,HMET',OTC,29.46915202,32.5,2,0,Hemet Bancorp,0,0,0
20010112,43076,HMET',OTC,29.46915202,32.5,0,0,Hemet Bancorp,0,0,0
20010116,43076,HMET',OTC,29.46915202,32.5,0,0,Hemet Bancorp,0,0,0
20010117,43076,HMET',OTC,29.46915202,32.5,0,0,Hemet Bancorp,0,0,0
20010118,43076,HMET',OTC,29.92252359,33,20,0,Hemet Bancorp,0,0,0
20010119,43076,HMET',OTC,29.92252359,33,0,0,Hemet Bancorp,0,0,0
20010122,43076,HMET',OTC,29.92252359,33,0,0,Hemet Bancorp,0,0,0
20010123,43076,HMET',OTC,29.92252359,33,0,0,Hemet Bancorp,0,0,0
20010124,43076,HMET',OTC,29.92252359,33,0,0,Hemet Bancorp,0,0,0
20010125,43076,HMET',OTC,29.92252359,33,20,0,Hemet Bancorp,0,0,0
20010126,43076,HMET',OTC,29.46915202,32.5,21,0,Hemet Bancorp,0,0,0
20010129,43076,HMET',OTC,31.05595252,34.25,26,0,Hemet Bancorp,0,0,0
20010130,43076,HMET',OTC,31.05595252,34.25,0,0,Hemet Bancorp,0,0,0
20010131,43076,HMET',OTC,31.05595252,34.25,0,0,Hemet Bancorp,0,0,0
20010201,43076,HMET',OTC,32.30188226,35,33,0,Hemet Bancorp,0,0,0
20010202,43076,HMET',OTC,32.30188226,35,0,0,Hemet Bancorp,0,0,0
20010205,43076,HMET',OTC,32.30188226,35,0,0,Hemet Bancorp,0,0,0
20010206,43076,HMET',OTC,32.30188226,35,0,0,Hemet Bancorp,0,0,0
20010207,43076,HMET',OTC,32.30188226,35,0,0,Hemet Bancorp,0,0,0
20010208,43076,HMET',OTC,32.30188226,35,0,0,Hemet Bancorp,0,0,0
20010209,43076,HMET',OTC,32.99406545,35.75,7,0,Hemet Bancorp,0,0,0
20010212,43076,HMET',OTC,30.45606042,33,11,0,Hemet Bancorp,0,0,0
20010213,43076,HMET',OTC,30.45606042,33,0,0,Hemet Bancorp,0,0,0
20010214,43076,HMET',OTC,30.45606042,33,0,0,Hemet Bancorp,0,0,0
20010215,43076,HMET',OTC,32.30188226,35,1,0,Hemet Bancorp,0,0,0
20010216,43076,HMET',OTC,32.30188226,35,0,0,Hemet Bancorp,0,0,0
20010220,43076,HMET',OTC,31.60969907,34.25,23,0,Hemet Bancorp,0,0,0
20010221,43076,HMET',OTC,31.8404268,34.5,5,0,Hemet Bancorp,0,0,0
20010222,43076,HMET',OTC,31.8404268,34.5,0,0,Hemet Bancorp,0,0,0
20010223,43076,HMET',OTC,31.8404268,34.5,0,0,Hemet Bancorp,0,0,0
20010226,43076,HMET',OTC,31.8404268,34.5,0,0,Hemet Bancorp,0,0,0
20010227,43076,HMET',OTC,32.30188226,35,2,0,Hemet Bancorp,0,0,0
20010228,43076,HMET',OTC,32.30188226,35,0,0,Hemet Bancorp,0,0,0
20010301,43076,HMET',OTC,32.30188226,35,0,0,Hemet Bancorp,0,0,0
20010302,43076,HMET',OTC,32.30188226,35,0,0,Hemet Bancorp,0,0,0
20010305,43076,HMET',OTC,32.30188226,35,0,0,Hemet Bancorp,0,0,0
20010306,43076,HMET',OTC,32.30188226,35,0,0,Hemet Bancorp,0,0,0
20010307,43076,HMET',OTC,32.30188226,35,0,0,Hemet Bancorp,0,0,0
20010308,43076,HMET',OTC,32.87870159,35.625,38,0,Hemet Bancorp,0,0,0
20010309,43076,HMET',OTC,32.87870159,35.625,0,0,Hemet Bancorp,0,0,0
20010312,43076,HMET',OTC,32.87870159,35.625,0,0,Hemet Bancorp,0,0,0
20010313,43076,HMET',OTC,32.87870159,35.625,0,0,Hemet Bancorp,0,0,0
20010314,43076,HMET',OTC,32.87870159,35.625,0,0,Hemet Bancorp,0,0,0
20010315,43076,HMET',OTC,32.87870159,35.625,0,0,Hemet Bancorp,0,0,0
20010316,43076,HMET',OTC,33.22479318,36,11,0,Hemet Bancorp,0,0,0
20010319,43076,HMET',OTC,32.30188226,35,2,0,Hemet Bancorp,0,0,0
20010320,43076,HMET',OTC,32.30188226,35,0,0,Hemet Bancorp,0,0,0
20010321,43076,HMET',OTC,32.30188226,35,0,0,Hemet Bancorp,0,0,0
20010322,43076,HMET',OTC,32.30188226,35,0,0,Hemet Bancorp,0,0,0
20010323,43076,HMET',OTC,32.30188226,35,0,0,Hemet Bancorp,0,0,0
20010326,43076,HMET',OTC,32.30188226,35,8,0,Hemet Bancorp,0,0,0
20010327,43076,HMET',OTC,31.95579067,34.625,10,0,Hemet Bancorp,0,0,0
20010328,43076,HMET',OTC,31.60969907,34.25,13,0,Hemet Bancorp,0,0,0
20010329,43076,HMET',OTC,32.41724613,35.125,8,0,Hemet Bancorp,0,0,0
20010330,43076,HMET',OTC,32.41724613,35.125,0,0,Hemet Bancorp,0,0,0
20010402,43076,HMET',OTC,32.41724613,35.125,0,0,Hemet Bancorp,0,0,0
20010403,43076,HMET',OTC,32.41724613,35.125,7,0,Hemet Bancorp,0,0,0
20010404,43076,HMET',OTC,32.41724613,35.125,0,0,Hemet Bancorp,0,0,0
20010405,43076,HMET',OTC,32.07115453,34.75,4,0,Hemet Bancorp,0,0,0
20010406,43076,HMET',OTC,32.07115453,34.75,0,0,Hemet Bancorp,0,0,0
20010409,43076,HMET',OTC,32.07115453,34.75,0,0,Hemet Bancorp,0,0,0
20010410,43076,HMET',OTC,32.07115453,34.75,0,0,Hemet Bancorp,0,0,0
20010411,43076,HMET',OTC,32.07115453,34.75,0,0,Hemet Bancorp,0,0,0
20010412,43076,HMET',OTC,32.07115453,34.75,0,0,Hemet Bancorp,0,0,0
20010416,43076,HMET',OTC,32.07115453,34.75,0,0,Hemet Bancorp,0,0,0
20010417,43076,HMET',OTC,32.07115453,34.75,0,0,Hemet Bancorp,0,0,0
20010418,43076,HMET',OTC,32.07115453,34.75,0,0,Hemet Bancorp,0,0,0
20010419,43076,HMET',OTC,32.07115453,34.75,0,0,Hemet Bancorp,0,0,0
20010420,43076,HMET',OTC,32.07115453,34.75,0,0,Hemet Bancorp,0,0,0
20010423,43076,HMET',OTC,32.07115453,34.75,0,0,Hemet Bancorp,0,0,0
20010424,43076,HMET',OTC,32.07115453,34.75,0,0,Hemet Bancorp,0,0,0
20010425,43076,HMET',OTC,32.07115453,34.75,0,0,Hemet Bancorp,0,0,0
20010426,43076,HMET',OTC,32.07115453,34.75,0,0,Hemet Bancorp,0,0,0
20010427,43076,HMET',OTC,32.07115453,34.75,0,0,Hemet Bancorp,0,0,0
20010430,43076,HMET',OTC,32.07115453,34.75,0,0,Hemet Bancorp,0,0,0
20010501,43076,HMET',OTC,32.07115453,34.75,0,0,Hemet Bancorp,0,0,0
20010502,43076,HMET',OTC,32.07115453,34.75,0,0,Hemet Bancorp,0,0,0
20010503,43076,HMET',OTC,32.63463016,34.75,0,0,Hemet Bancorp,0,0,0
20010504,43076,HMET',OTC,32.86941167,35,6,0,Hemet Bancorp,0,0,0
20010507,43076,HMET',OTC,32.86941167,35,0,0,Hemet Bancorp,0,0,0
20010508,43076,HMET',OTC,32.86941167,35,0,0,Hemet Bancorp,0,0,0
20010509,43076,HMET',OTC,33.3389747,35.5,11,0,Hemet Bancorp,0,0,0
20010510,43076,HMET',OTC,33.3389747,35.5,0,0,Hemet Bancorp,0,0,0
20010511,43076,HMET',OTC,33.3389747,35.5,0,0,Hemet Bancorp,0,0,0
20010514,43076,HMET',OTC,33.3389747,35.5,0,0,Hemet Bancorp,0,0,0
20010515,43076,HMET',OTC,33.3389747,35.5,0,0,Hemet Bancorp,0,0,0
20010516,43076,HMET',OTC,33.3389747,35.5,3,0,Hemet Bancorp,0,0,0
20010517,43076,HMET',OTC,33.3389747,35.5,0,0,Hemet Bancorp,0,0,0
20010518,43076,HMET',OTC,32.39984865,34.5,2,0,Hemet Bancorp,0,0,0
20010521,43076,HMET',OTC,32.39984865,34.5,0,0,Hemet Bancorp,0,0,0
20010522,43076,HMET',OTC,32.39984865,34.5,0,0,Hemet Bancorp,0,0,0
20010523,43076,HMET',OTC,32.86941167,35,26,0,Hemet Bancorp,0,0,0
20010524,43076,HMET',OTC,32.86941167,35,0,0,Hemet Bancorp,0,0,0
20010525,43076,HMET',OTC,32.86941167,35,0,0,Hemet Bancorp,0,0,0
20010529,43076,HMET',OTC,32.86941167,35,0,0,Hemet Bancorp,0,0,0
20010530,43076,HMET',OTC,32.86941167,35,0,0,Hemet Bancorp,0,0,0
20010531,43076,HMET',OTC,32.86941167,35,0,0,Hemet Bancorp,0,0,0
20010601,43076,HMET',OTC,32.86941167,35,0,0,Hemet Bancorp,0,0,0
20010604,43076,HMET',OTC,32.86941167,35,0,0,Hemet Bancorp,0,0,0
20010605,43076,HMET',OTC,32.86941167,35,0,0,Hemet Bancorp,0,0,0
20010606,43076,HMET',OTC,32.86941167,35,0,0,Hemet Bancorp,0,0,0
20010607,43076,HMET',OTC,32.86941167,35,0,0,Hemet Bancorp,0,0,0
20010608,43076,HMET',OTC,32.86941167,35,0,0,Hemet Bancorp,0,0,0
20010611,43076,HMET',OTC,32.86941167,35,0,0,Hemet Bancorp,0,0,0
20010612,43076,HMET',OTC,35.68678982,38,1,0,Hemet Bancorp,0,0,0
20010613,43076,HMET',OTC,36.39113435,38.75,2,0,Hemet Bancorp,0,0,0
20010614,43076,HMET',OTC,36.39113435,38.75,0,0,Hemet Bancorp,0,0,0
20010615,43076,HMET',OTC,36.39113435,38.75,0,0,Hemet Bancorp,0,0,0
20010618,43076,HMET',OTC,36.39113435,38.75,0,0,Hemet Bancorp,0,0,0
20010619,43076,HMET',OTC,36.39113435,38.75,0,0,Hemet Bancorp,0,0,0
20010620,43076,HMET',OTC,36.39113435,38.75,0,0,Hemet Bancorp,0,0,0
20010621,43076,HMET',OTC,33.90245033,36.1,106,0,Hemet Bancorp,0,0,0
20010622,43076,HMET',OTC,35.21722679,37.5,94,0,Hemet Bancorp,0,0,0
20010625,43076,HMET',OTC,34.98244528,37.25,11,0,Hemet Bancorp,0,0,0
20010626,43076,HMET',OTC,36.62591586,39,11,0,Hemet Bancorp,0,0,0
20010627,43076,HMET',OTC,36.62591586,39,5,0,Hemet Bancorp,0,0,0
20010628,43076,HMET',OTC,36.62591586,39,0,0,Hemet Bancorp,0,0,0
20010629,43076,HMET',OTC,36.62591586,39,0,0,Hemet Bancorp,0,0,0
20010702,43076,HMET',OTC,36.25026544,38.6,1,0,Hemet Bancorp,0,0,0
20010703,43076,HMET',OTC,37.3302604,39.75,49,0,Hemet Bancorp,0,0,0
20010705,43076,HMET',OTC,38.26938645,40.75,66,0,Hemet Bancorp,0,0,0
20010706,43076,HMET',OTC,38.50416796,41,19,0,Hemet Bancorp,0,0,0
20010709,43076,HMET',OTC,37.79982342,40.25,2,0,Hemet Bancorp,0,0,0
20010710,43076,HMET',OTC,37.79982342,40.25,0,0,Hemet Bancorp,0,0,0
20010711,43076,HMET',OTC,37.79982342,40.25,2,0,Hemet Bancorp,0,0,0
20010712,43076,HMET',OTC,39.2085125,41.75,6,0,Hemet Bancorp,0,0,0
20010713,43076,HMET',OTC,39.2085125,41.75,6,0,Hemet Bancorp,0,0,0
20010716,43076,HMET',OTC,39.2085125,41.75,0,0,Hemet Bancorp,0,0,0
20010717,43076,HMET',OTC,39.2085125,41.75,0,0,Hemet Bancorp,0,0,0
20010718,43076,HMET',OTC,39.2085125,41.75,0,0,Hemet Bancorp,0,0,0
20010719,43076,HMET',OTC,38.50416796,41,17,0,Hemet Bancorp,0,0,0
20010720,43076,HMET',OTC,38.50416796,41,0,0,Hemet Bancorp,0,0,0
20010723,43076,HMET',OTC,38.50416796,41,0,0,Hemet Bancorp,0,0,0
20010724,43076,HMET',OTC,38.50416796,41,0,0,Hemet Bancorp,0,0,0
20010725,43076,HMET',OTC,38.50416796,41,0,0,Hemet Bancorp,0,0,0
20010726,43076,HMET',OTC,38.26938645,40.75,4,0,Hemet Bancorp,0,0,0
20010727,43076,HMET',OTC,38.26938645,40.75,0,0,Hemet Bancorp,0,0,0
20010730,43076,HMET',OTC,38.26938645,40.75,0,0,Hemet Bancorp,0,0,0
20010731,43076,HMET',OTC,38.26938645,40.75,0,0,Hemet Bancorp,0,0,0
20010801,43076,HMET',OTC,38.26938645,40.75,0,0,Hemet Bancorp,0,0,0
20010802,43076,HMET',OTC,39.2085125,41.75,5,0,Hemet Bancorp,0,0,0
20010803,43076,HMET',OTC,39.78020405,41.75,0,0,Hemet Bancorp,0,0,0
20010806,43076,HMET',OTC,39.78020405,41.75,0,0,Hemet Bancorp,0,0,0
20010807,43076,HMET',OTC,39.78020405,41.75,0,0,Hemet Bancorp,0,0,0
20010808,43076,HMET',OTC,39.78020405,41.75,0,0,Hemet Bancorp,0,0,0
20010809,43076,HMET',OTC,39.78020405,41.75,0,0,Hemet Bancorp,0,0,0
20010810,43076,HMET',OTC,39.78020405,41.75,0,0,Hemet Bancorp,0,0,0
20010813,43076,HMET',OTC,39.78020405,41.75,0,0,Hemet Bancorp,0,0,0
20010814,43076,HMET',OTC,39.78020405,41.75,0,0,Hemet Bancorp,0,0,0
20010815,43076,HMET',OTC,39.78020405,41.75,0,0,Hemet Bancorp,0,0,0
20010816,43076,HMET',OTC,39.54199924,41.5,7,0,Hemet Bancorp,0,0,0
20010817,43076,HMET',OTC,39.54199924,41.5,0,0,Hemet Bancorp,0,0,0
20010820,43076,HMET',OTC,39.54199924,41.5,0,0,Hemet Bancorp,0,0,0
20010821,43076,HMET',OTC,39.54199924,41.5,0,0,Hemet Bancorp,0,0,0
20010822,43076,HMET',OTC,39.54199924,41.5,0,0,Hemet Bancorp,0,0,0
20010823,43076,HMET',OTC,39.54199924,41.5,0,0,Hemet Bancorp,0,0,0
20010824,43076,HMET',OTC,39.54199924,41.5,0,0,Hemet Bancorp,0,0,0
20010827,43076,HMET',OTC,39.54199924,41.5,0,0,Hemet Bancorp,0,0,0
20010828,43076,HMET',OTC,39.54199924,41.5,0,0,Hemet Bancorp,0,0,0
20010829,43076,HMET',OTC,39.54199924,41.5,0,0,Hemet Bancorp,0,0,0
20010830,43076,HMET',OTC,39.54199924,41.5,0,0,Hemet Bancorp,0,0,0
20010831,43076,HMET',OTC,39.54199924,41.5,0,0,Hemet Bancorp,0,0,0
20010904,43076,HMET',OTC,39.54199924,41.5,0,0,Hemet Bancorp,0,0,0
20010905,43076,HMET',OTC,40.01840886,42,2,0,Hemet Bancorp,0,0,0
20010906,43076,HMET',OTC,40.01840886,42,0,0,Hemet Bancorp,0,0,0
20010907,43076,HMET',OTC,40.01840886,42,0,0,Hemet Bancorp,0,0,0
20010910,43076,HMET',OTC,40.01840886,42,0,0,Hemet Bancorp,0,0,0
20010917,43076,HMET',OTC,39.06558961,41,18,0,Hemet Bancorp,0,0,0
20010918,43076,HMET',OTC,36.20713183,38,5,0,Hemet Bancorp,0,0,0
20010919,43076,HMET',OTC,37.15995109,39,2,0,Hemet Bancorp,0,0,0
20010920,43076,HMET',OTC,37.15995109,39,0,0,Hemet Bancorp,0,0,0
20010921,43076,HMET',OTC,37.15995109,39,0,0,Hemet Bancorp,0,0,0
20010924,43076,HMET',OTC,37.15995109,39,0,0,Hemet Bancorp,0,0,0
20010925,43076,HMET',OTC,37.15995109,39,0,0,Hemet Bancorp,0,0,0
20010926,43076,HMET',OTC,37.15995109,39,0,0,Hemet Bancorp,0,0,0
20010927,43076,HMET',OTC,37.15995109,39,0,0,Hemet Bancorp,0,0,0
20010928,43076,HMET',OTC,40.01840886,42,4,0,Hemet Bancorp,0,0,0
20011001,43076,HMET',OTC,40.01840886,42,0,0,Hemet Bancorp,0,0,0
20011002,43076,HMET',OTC,40.01840886,42,0,0,Hemet Bancorp,0,0,0
20011003,43076,HMET',OTC,40.01840886,42,0,0,Hemet Bancorp,0,0,0
20011004,43076,HMET',OTC,40.01840886,42,0,0,Hemet Bancorp,0,0,0
20011005,43076,HMET',OTC,40.01840886,42,0,0,Hemet Bancorp,0,0,0
20011008,43076,HMET',OTC,40.01840886,42,0,0,Hemet Bancorp,0,0,0
20011009,43076,HMET',OTC,40.01840886,42,0,0,Hemet Bancorp,0,0,0
20011010,43076,HMET',OTC,40.01840886,42,0,0,Hemet Bancorp,0,0,0
20011011,43076,HMET',OTC,40.01840886,42,0,0,Hemet Bancorp,0,0,0
20011012,43076,HMET',OTC,40.01840886,42,0,0,Hemet Bancorp,0,0,0
20011015,43076,HMET',OTC,40.01840886,42,0,0,Hemet Bancorp,0,0,0
20011016,43076,HMET',OTC,40.49481849,42.5,3,0,Hemet Bancorp,0,0,0
20011017,43076,HMET',OTC,40.49481849,42.5,0,0,Hemet Bancorp,0,0,0
20011018,43076,HMET',OTC,40.49481849,42.5,0,0,Hemet Bancorp,0,0,0
20011019,43076,HMET',OTC,40.49481849,42.5,0,0,Hemet Bancorp,0,0,0
20011022,43076,HMET',OTC,40.49481849,42.5,0,0,Hemet Bancorp,0,0,0
20011023,43076,HMET',OTC,40.49481849,42.5,0,0,Hemet Bancorp,0,0,0
20011024,43076,HMET',OTC,40.49481849,42.5,0,0,Hemet Bancorp,0,0,0
20011025,43076,HMET',OTC,40.49481849,42.5,0,0,Hemet Bancorp,0,0,0
20011026,43076,HMET',OTC,47.64096293,50,2,0,Hemet Bancorp,0,0,0
20011029,43076,HMET',OTC,47.64096293,50,0,0,Hemet Bancorp,0,0,0
20011030,43076,HMET',OTC,47.64096293,50,0,0,Hemet Bancorp,0,0,0
20011031,43076,HMET',OTC,47.64096293,50,0,0,Hemet Bancorp,0,0,0
20011101,43076,HMET',OTC,47.64096293,50,0,0,Hemet Bancorp,0,0,0
20011102,43076,HMET',OTC,47.64096293,50,0,0,Hemet Bancorp,0,0,0
20011105,43076,HMET',OTC,48.21959811,50,0,0,Hemet Bancorp,0,0,0
20011106,43076,HMET',OTC,48.21959811,50,0,0,Hemet Bancorp,0,0,0
20011107,43076,HMET',OTC,48.21959811,50,0,0,Hemet Bancorp,0,0,0
20011108,43076,HMET',OTC,48.21959811,50,0,0,Hemet Bancorp,0,0,0
20011109,43076,HMET',OTC,48.21959811,50,0,0,Hemet Bancorp,0,0,0
20011112,43076,HMET',OTC,48.21959811,50,0,0,Hemet Bancorp,0,0,0
20011113,43076,HMET',OTC,48.21959811,50,0,0,Hemet Bancorp,0,0,0
20011114,43076,HMET',OTC,48.21959811,50,0,0,Hemet Bancorp,0,0,0
20011115,43076,HMET',OTC,48.21959811,50,0,0,Hemet Bancorp,0,0,0
20011116,43076,HMET',OTC,48.21959811,50,0,0,Hemet Bancorp,0,0,0
20011119,43076,HMET',OTC,48.21959811,50,0,0,Hemet Bancorp,0,0,0
20011120,43076,HMET',OTC,48.21959811,50,0,0,Hemet Bancorp,0,0,0
20011121,43076,HMET',OTC,48.21959811,50,0,0,Hemet Bancorp,0,0,0
20011123,43076,HMET',OTC,48.21959811,50,0,0,Hemet Bancorp,0,0,0
20011126,43076,HMET',OTC,48.21959811,50,0,0,Hemet Bancorp,0,0,0
20011127,43076,HMET',OTC,48.21959811,50,0,0,Hemet Bancorp,0,0,0
20011128,43076,HMET',OTC,48.21959811,50,0,0,Hemet Bancorp,0,0,0
20011129,43076,HMET',OTC,48.21959811,50,0,0,Hemet Bancorp,0,0,0
20011130,43076,HMET',OTC,48.21959811,50,0,0,Hemet Bancorp,0,0,0
20011203,43076,HMET',OTC,48.21959811,50,0,0,Hemet Bancorp,0,0,0
20011204,43076,HMET',OTC,47.73740213,49.5,8,0,Hemet Bancorp,0,0,0
20011205,43076,HMET',OTC,47.73740213,49.5,2,0,Hemet Bancorp,0,0,0
20011206,43076,HMET',OTC,47.73740213,49.5,0,0,Hemet Bancorp,0,0,0
20011207,43076,HMET',OTC,47.73740213,49.5,0,0,Hemet Bancorp,0,0,0
20011210,43076,HMET',OTC,47.73740213,49.5,0,0,Hemet Bancorp,0,0,0
20011211,43076,HMET',OTC,47.73740213,49.5,0,0,Hemet Bancorp,0,0,0
20011212,43076,HMET',OTC,47.73740213,49.5,0,0,Hemet Bancorp,0,0,0
20011213,43076,HMET',OTC,47.73740213,49.5,0,0,Hemet Bancorp,0,0,0
20011214,43076,HMET',OTC,47.73740213,49.5,0,0,Hemet Bancorp,0,0,0
20011217,43076,HMET',OTC,47.73740213,49.5,0,0,Hemet Bancorp,0,0,0
20011218,43076,HMET',OTC,47.73740213,49.5,0,0,Hemet Bancorp,0,0,0
20011219,43076,HMET',OTC,47.73740213,49.5,0,0,Hemet Bancorp,0,0,0
20011220,43076,HMET',OTC,47.73740213,49.5,0,0,Hemet Bancorp,0,0,0
20011221,43076,HMET',OTC,47.73740213,49.5,0,0,Hemet Bancorp,0,0,0
20011224,43076,HMET',OTC,47.73740213,49.5,0,0,Hemet Bancorp,0,0,0
20011226,43076,HMET',OTC,46.29081419,48,2,0,Hemet Bancorp,0,0,0
20011227,43076,HMET',OTC,46.29081419,48,0,0,Hemet Bancorp,0,0,0
20011228,43076,HMET',OTC,46.29081419,48,0,0,Hemet Bancorp,0,0,0
20011231,43076,HMET',OTC,46.29081419,48,0,0,Hemet Bancorp,0,0,0
20020102,43076,HMET',OTC,46.77301017,48.5,4,0,Hemet Bancorp,0,0,0
20020103,43076,HMET',OTC,46.77301017,48.5,0,0,Hemet Bancorp,0,0,0
20020104,43076,HMET',OTC,46.77301017,48.5,0,0,Hemet Bancorp,0,0,0
20020107,43076,HMET',OTC,46.77301017,48.5,0,0,Hemet Bancorp,0,0,0
20020108,43076,HMET',OTC,46.77301017,48.5,0,0,Hemet Bancorp,0,0,0
20020109,43076,HMET',OTC,47.73740213,49.5,1,0,Hemet Bancorp,0,0,0
20020110,43076,HMET',OTC,47.73740213,49.5,0,0,Hemet Bancorp,0,0,0
20020111,43076,HMET',OTC,47.73740213,49.5,6,0,Hemet Bancorp,0,0,0
20020114,43076,HMET',OTC,47.73740213,49.5,0,0,Hemet Bancorp,0,0,0
20020115,43076,HMET',OTC,47.73740213,49.5,0,0,Hemet Bancorp,0,0,0
20020116,43076,HMET',OTC,47.73740213,49.5,0,0,Hemet Bancorp,0,0,0
20020117,43076,HMET',OTC,47.73740213,49.5,0,0,Hemet Bancorp,0,0,0
20020118,43076,HMET',OTC,47.73740213,49.5,0,0,Hemet Bancorp,0,0,0
20020122,43076,HMET',OTC,47.73740213,49.5,0,0,Hemet Bancorp,0,0,0
20020123,43076,HMET',OTC,47.73740213,49.5,0,0,Hemet Bancorp,0,0,0
20020124,43076,HMET',OTC,47.73740213,49.5,0,0,Hemet Bancorp,0,0,0
20020125,43076,HMET',OTC,47.73740213,49.5,0,0,Hemet Bancorp,0,0,0
20020128,43076,HMET',OTC,42.43324634,44,22,0,Hemet Bancorp,0,0,0
20020129,43076,HMET',OTC,42.43324634,44,0,0,Hemet Bancorp,0,0,0
20020130,43076,HMET',OTC,42.43324634,44,0,0,Hemet Bancorp,0,0,0
20020131,43076,HMET',OTC,42.43324634,44,0,0,Hemet Bancorp,0,0,0
20020201,43076,HMET',OTC,42.91544232,44.5,8,0,Hemet Bancorp,0,0,0
20020204,43076,HMET',OTC,42.52968553,44.1,1,0,Hemet Bancorp,0,0,0
20020205,43076,HMET',OTC,43.11630189,44.1,0,0,Hemet Bancorp,0,0,0
20020206,43076,HMET',OTC,43.11630189,44.1,27,0,Hemet Bancorp,0,0,0
20020207,43076,HMET',OTC,43.11630189,44.1,0,0,Hemet Bancorp,0,0,0
20020208,43076,HMET',OTC,43.11630189,44.1,0,0,Hemet Bancorp,0,0,0
20020211,43076,HMET',OTC,46.92930818,48,3,0,Hemet Bancorp,0,0,0
20020212,43076,HMET',OTC,46.92930818,48,0,0,Hemet Bancorp,0,0,0
20020213,43076,HMET',OTC,46.92930818,48,0,0,Hemet Bancorp,0,0,0
20020214,43076,HMET',OTC,46.92930818,48,0,0,Hemet Bancorp,0,0,0
20020215,43076,HMET',OTC,46.92930818,48,0,0,Hemet Bancorp,0,0,0
20020219,43076,HMET',OTC,46.92930818,48,0,0,Hemet Bancorp,0,0,0
20020220,43076,HMET',OTC,48.78692662,49.9,7,0,Hemet Bancorp,0,0,0
20020221,43076,HMET',OTC,48.78692662,49.9,0,0,Hemet Bancorp,0,0,0
20020222,43076,HMET',OTC,48.78692662,49.9,0,0,Hemet Bancorp,0,0,0
20020225,43076,HMET',OTC,48.78692662,49.9,0,0,Hemet Bancorp,0,0,0
20020226,43076,HMET',OTC,48.78692662,49.9,0,0,Hemet Bancorp,0,0,0
20020227,43076,HMET',OTC,48.78692662,49.9,0,0,Hemet Bancorp,0,0,0
20020228,43076,HMET',OTC,48.78692662,49.9,0,0,Hemet Bancorp,0,0,0
20020301,43076,HMET',OTC,48.78692662,49.9,0,0,Hemet Bancorp,0,0,0
20020304,43076,HMET',OTC,48.78692662,49.9,0,0,Hemet Bancorp,0,0,0
20020305,43076,HMET',OTC,48.78692662,49.9,0,0,Hemet Bancorp,0,0,0
20020306,43076,HMET',OTC,48.78692662,49.9,0,0,Hemet Bancorp,0,0,0
20020307,43076,HMET',OTC,48.78692662,49.9,0,0,Hemet Bancorp,0,0,0
20020308,43076,HMET',OTC,48.78692662,49.9,0,0,Hemet Bancorp,0,0,0
20020311,43076,HMET',OTC,48.78692662,49.9,0,0,Hemet Bancorp,0,0,0
20020312,43076,HMET',OTC,48.78692662,49.9,0,0,Hemet Bancorp,0,0,0
20020313,43076,HMET',OTC,48.78692662,49.9,0,0,Hemet Bancorp,0,0,0
20020314,43076,HMET',OTC,48.78692662,49.9,0,0,Hemet Bancorp,0,0,0
20020315,43076,HMET',OTC,54.75085954,56,1,0,Hemet Bancorp,0,0,0
20020318,43076,HMET',OTC,56.70624738,58,5,0,Hemet Bancorp,0,0,0
20020319,43076,HMET',OTC,56.70624738,58,0,0,Hemet Bancorp,0,0,0
20020320,43076,HMET',OTC,56.70624738,58,0,0,Hemet Bancorp,0,0,0
20020321,43076,HMET',OTC,56.70624738,58,0,0,Hemet Bancorp,0,0,0
20020322,43076,HMET',OTC,56.70624738,58,0,0,Hemet Bancorp,0,0,0
20020325,43076,HMET',OTC,56.70624738,58,0,0,Hemet Bancorp,0,0,0
20020326,43076,HMET',OTC,56.70624738,58,0,0,Hemet Bancorp,0,0,0
20020327,43076,HMET',OTC,56.70624738,58,0,0,Hemet Bancorp,0,0,0
20020328,43076,HMET',OTC,51.81777778,53,2,0,Hemet Bancorp,0,0,0
20020401,43076,HMET',OTC,51.81777778,53,0,0,Hemet Bancorp,0,0,0
20020402,43076,HMET',OTC,51.81777778,53,0,0,Hemet Bancorp,0,0,0
20020403,43076,HMET',OTC,51.81777778,53,0,0,Hemet Bancorp,0,0,0
20020404,43076,HMET',OTC,51.81777778,53,2,0,Hemet Bancorp,0,0,0
20020405,43076,HMET',OTC,51.81777778,53,0,0,Hemet Bancorp,0,0,0
20020408,43076,HMET',OTC,51.81777778,53,0,0,Hemet Bancorp,0,0,0
20020409,43076,HMET',OTC,51.81777778,53,0,0,Hemet Bancorp,0,0,0
20020410,43076,HMET',OTC,51.81777778,53,0,0,Hemet Bancorp,0,0,0
20020411,43076,HMET',OTC,51.81777778,53,0,0,Hemet Bancorp,0,0,0
20020412,43076,HMET',OTC,51.81777778,53,0,0,Hemet Bancorp,0,0,0
20020415,43076,HMET',OTC,51.81777778,53,0,0,Hemet Bancorp,0,0,0
20020416,43076,HMET',OTC,51.81777778,53,0,0,Hemet Bancorp,0,0,0
20020417,43076,HMET',OTC,51.81777778,53,0,0,Hemet Bancorp,0,0,0
20020418,43076,HMET',OTC,51.81777778,53,0,0,Hemet Bancorp,0,0,0
20020419,43076,HMET',OTC,51.81777778,53,0,0,Hemet Bancorp,0,0,0
20020422,43076,HMET',OTC,51.81777778,53,0,0,Hemet Bancorp,0,0,0
20020423,43076,HMET',OTC,51.81777778,53,0,0,Hemet Bancorp,0,0,0
20020424,43076,HMET',OTC,51.81777778,53,2,0,Hemet Bancorp,0,0,0
20020425,43076,HMET',OTC,51.81777778,53,0,0,Hemet Bancorp,0,0,0
20020426,43076,HMET',OTC,51.81777778,53,0,0,Hemet Bancorp,0,0,0
20020429,43076,HMET',OTC,51.81777778,53,0,0,Hemet Bancorp,0,0,0
20020430,43076,HMET',OTC,51.81777778,53,0,0,Hemet Bancorp,0,0,0
20020501,43076,HMET',OTC,51.81777778,53,0,0,Hemet Bancorp,0,0,0
20020502,43076,HMET',OTC,51.81777778,53,0,0,Hemet Bancorp,0,0,0
20020503,43076,HMET',OTC,51.81777778,53,0,0,Hemet Bancorp,0,0,0
20020506,43076,HMET',OTC,52.41111111,53,0,0,Hemet Bancorp,0,0,0
20020507,43076,HMET',OTC,52.41111111,53,0,0,Hemet Bancorp,0,0,0
20020508,43076,HMET',OTC,52.41111111,53,0,0,Hemet Bancorp,0,0,0
20020509,43076,HMET',OTC,52.41111111,53,0,0,Hemet Bancorp,0,0,0
20020510,43076,HMET',OTC,52.41111111,53,0,0,Hemet Bancorp,0,0,0
20020513,43076,HMET',OTC,52.41111111,53,0,0,Hemet Bancorp,0,0,0
20020514,43076,HMET',OTC,52.41111111,53,0,0,Hemet Bancorp,0,0,0
20020515,43076,HMET',OTC,52.41111111,53,0,0,Hemet Bancorp,0,0,0
20020516,43076,HMET',OTC,52.41111111,53,0,0,Hemet Bancorp,0,0,0
20020517,43076,HMET',OTC,52.41111111,53,0,0,Hemet Bancorp,0,0,0
20020520,43076,HMET',OTC,52.41111111,53,5,0,Hemet Bancorp,0,0,0
20020521,43076,HMET',OTC,50.43333333,51,23,0,Hemet Bancorp,0,0,0
20020522,43076,HMET',OTC,49.84,50.4,10,0,Hemet Bancorp,0,0,0
20020523,43076,HMET',OTC,52.41111111,53,65,0,Hemet Bancorp,0,0,0
20020524,43076,HMET',OTC,52.36166667,52.95,6,0,Hemet Bancorp,0,0,0
20020528,43076,HMET',OTC,52.36166667,52.95,0,0,Hemet Bancorp,0,0,0
20020529,43076,HMET',OTC,53.30111111,53.9,22,0,Hemet Bancorp,0,0,0
20020530,43076,HMET',OTC,53.35055556,53.95,26,0,Hemet Bancorp,0,0,0
20020531,43076,HMET',OTC,52.90555556,53.5,12,0,Hemet Bancorp,0,0,0
20020603,43076,HMET',OTC,52.90555556,53.5,0,0,Hemet Bancorp,0,0,0
20020604,43076,HMET',OTC,52.90555556,53.5,0,0,Hemet Bancorp,0,0,0
20020605,43076,HMET',OTC,52.90555556,53.5,0,0,Hemet Bancorp,0,0,0
20020606,43076,HMET',OTC,52.90555556,53.5,0,0,Hemet Bancorp,0,0,0
20020607,43076,HMET',OTC,52.90555556,53.5,0,0,Hemet Bancorp,0,0,0
20020610,43076,HMET',OTC,52.90555556,53.5,0,0,Hemet Bancorp,0,0,0
20020611,43076,HMET',OTC,52.90555556,53.5,0,0,Hemet Bancorp,0,0,0
20020612,43076,HMET',OTC,52.90555556,53.5,0,0,Hemet Bancorp,0,0,0
20020613,43076,HMET',OTC,52.90555556,53.5,0,0,Hemet Bancorp,0,0,0
20020614,43076,HMET',OTC,52.26277778,52.85,2,0,Hemet Bancorp,0,0,0
20020617,43076,HMET',OTC,52.26277778,52.85,0,0,Hemet Bancorp,0,0,0
20020618,43076,HMET',OTC,52.26277778,52.85,0,0,Hemet Bancorp,0,0,0
20020619,43076,HMET',OTC,52.26277778,52.85,0,0,Hemet Bancorp,0,0,0
20020620,43076,HMET',OTC,52.26277778,52.85,0,0,Hemet Bancorp,0,0,0
20020621,43076,HMET',OTC,52.26277778,52.85,0,0,Hemet Bancorp,0,0,0
20020624,43076,HMET',OTC,52.26277778,52.85,0,0,Hemet Bancorp,0,0,0
20020625,43076,HMET',OTC,52.26277778,52.85,0,0,Hemet Bancorp,0,0,0
20020626,43076,HMET',OTC,52.26277778,52.85,0,0,Hemet Bancorp,0,0,0
20020627,43076,HMET',OTC,52.26277778,52.85,0,0,Hemet Bancorp,0,0,0
20020628,43076,HMET',OTC,52.26277778,52.85,0,0,Hemet Bancorp,0,0,0
20020701,43076,HMET',OTC,52.26277778,52.85,0,0,Hemet Bancorp,0,0,0
20020702,43076,HMET',OTC,52.26277778,52.85,0,0,Hemet Bancorp,0,0,0
20020703,43076,HMET',OTC,52.26277778,52.85,0,0,Hemet Bancorp,0,0,0
20020705,43076,HMET',OTC,52.26277778,52.85,0,0,Hemet Bancorp,0,0,0
20020708,43076,HMET',OTC,52.26277778,52.85,0,0,Hemet Bancorp,0,0,0
20020709,43076,HMET',OTC,52.26277778,52.85,0,0,Hemet Bancorp,0,0,0
20020710,43076,HMET',OTC,52.26277778,52.85,0,0,Hemet Bancorp,0,0,0
20020711,43076,HMET',OTC,52.26277778,52.85,0,0,Hemet Bancorp,0,0,0
20020712,43076,HMET',OTC,52.26277778,52.85,0,0,Hemet Bancorp,0,0,0
20020715,43076,HMET',OTC,52.41111111,53,7,0,Hemet Bancorp,0,0,0
20020716,43076,HMET',OTC,52.90555556,53.5,4,0,Hemet Bancorp,0,0,0
20020717,43076,HMET',OTC,52.90555556,53.5,4,0,Hemet Bancorp,0,0,0
20020718,43076,HMET',OTC,52.26277778,52.85,3,0,Hemet Bancorp,0,0,0
20020719,43076,HMET',OTC,52.87588889,53.47,87,0,Hemet Bancorp,0,0,0
20020722,43076,HMET',OTC,52.87588889,53.47,0,0,Hemet Bancorp,0,0,0
20020723,43076,HMET',OTC,52.87588889,53.47,0,0,Hemet Bancorp,0,0,0
20020724,43076,HMET',OTC,52.26277778,52.85,25,0,Hemet Bancorp,0,0,0
20020725,43076,HMET',OTC,52.26277778,52.85,0,0,Hemet Bancorp,0,0,0
20020726,43076,HMET',OTC,52.26277778,52.85,20,0,Hemet Bancorp,0,0,0
20020729,43076,HMET',OTC,52.26277778,52.85,0,0,Hemet Bancorp,0,0,0
20020730,43076,HMET',OTC,52.26277778,52.85,35,0,Hemet Bancorp,0,0,0
20020731,43076,HMET',OTC,52.26277778,52.85,0,0,Hemet Bancorp,0,0,0
20020801,43076,HMET',OTC,53.4,54,2,0,Hemet Bancorp,0,0,0
20020802,43076,HMET',OTC,53.4,54,0,0,Hemet Bancorp,0,0,0
20020805,43076,HMET',OTC,54,54,0,0,Hemet Bancorp,0,0,0
20020806,43076,HMET',OTC,54,54,0,0,Hemet Bancorp,0,0,0
20020807,43076,HMET',OTC,52.85,52.85,20,0,Hemet Bancorp,0,0,0
20020808,43076,HMET',OTC,52.85,52.85,0,0,Hemet Bancorp,0,0,0
20020809,43076,HMET',OTC,52.85,52.85,0,0,Hemet Bancorp,0,0,0
20020812,43076,HMET',OTC,52.85,52.85,0,0,Hemet Bancorp,0,0,0
20020813,43076,HMET',OTC,52.85,52.85,0,0,Hemet Bancorp,0,0,0
20020814,43076,HMET',OTC,52.85,52.85,0,0,Hemet Bancorp,0,0,0
20020815,43076,HMET',OTC,52.85,52.85,0,0,Hemet Bancorp,0,0,0
20020816,43076,HMET',OTC,52.85,52.85,0,0,Hemet Bancorp,0,0,0
20020819,43076,HMET',OTC,52.85,52.85,0,0,Hemet Bancorp,0,0,0
20020820,43076,HMET',OTC,52.85,52.85,0,0,Hemet Bancorp,0,0,0
20020821,43076,HMET',OTC,53.3,53.3,6,0,Hemet Bancorp,0,0,0
20020822,43076,HMET',OTC,53.3,53.3,0,0,Hemet Bancorp,0,0,0
20020823,43076,HMET',OTC,53.3,53.3,0,0,Hemet Bancorp,0,0,0
20020826,43076,HMET',OTC,53.3,53.3,0,0,Hemet Bancorp,0,0,0
20020827,43076,HMET',OTC,53.3,53.3,0,0,Hemet Bancorp,0,0,0
20020828,43076,HMET',OTC,53.3,53.3,0,0,Hemet Bancorp,0,0,0
20020829,43076,HMET',OTC,53.3,53.3,0,0,Hemet Bancorp,0,0,0
20020830,43076,HMET',OTC,53.3,53.3,0,0,Hemet Bancorp,0,0,0
20020903,43076,HMET',OTC,53.4,53.4,24,0,Hemet Bancorp,0,0,0
20020904,43076,HMET',OTC,53.4,53.4,0,0,Hemet Bancorp,0,0,0
20020905,43076,HMET',OTC,53.4,53.4,0,0,Hemet Bancorp,0,0,0
