DDate,CSINumber,Symbol,Exchange,DClose,UnAdjustedClose,TotalVolume,Cash,MarketName,PTB,PSR,DPS
19990503,43642,THMB',OTC,11.13636364,12.25,55,0,Tehama Bancorp,0,0,0
19990504,43642,THMB',OTC,10.90909091,12,55,0,Tehama Bancorp,0,0,0
19990505,43642,THMB',OTC,10.90909091,12,0,0,Tehama Bancorp,0,0,0
19990506,43642,THMB',OTC,10.79545455,11.875,62,0,Tehama Bancorp,0,0,0
19990507,43642,THMB',OTC,10.625,11.6875,3,0,Tehama Bancorp,0,0,0
19990510,43642,THMB',OTC,10.68181818,11.75,1,0,Tehama Bancorp,0,0,0
19990511,43642,THMB',OTC,10.79545455,11.875,22,0,Tehama Bancorp,0,0,0
19990512,43642,THMB',OTC,10.79545455,11.875,4,0,Tehama Bancorp,0,0,0
19990513,43642,THMB',OTC,10.79545455,11.875,0,0,Tehama Bancorp,0,0,0
19990514,43642,THMB',OTC,10.79545455,11.875,1,0,Tehama Bancorp,0,0,0
19990517,43642,THMB',OTC,10.79545455,11.875,0,0,Tehama Bancorp,0,0,0
19990518,43642,THMB',OTC,10.79545455,11.875,0,0,Tehama Bancorp,0,0,0
19990519,43642,THMB',OTC,10.79545455,11.875,0,0,Tehama Bancorp,0,0,0
19990520,43642,THMB',OTC,10.79545455,11.875,0,0,Tehama Bancorp,0,0,0
19990521,43642,THMB',OTC,10.79545455,11.875,33,0,Tehama Bancorp,0,0,0
19990524,43642,THMB',OTC,10.79545455,11.875,0,0,Tehama Bancorp,0,0,0
19990525,43642,THMB',OTC,10.79545455,11.875,0,0,Tehama Bancorp,0,0,0
19990526,43642,THMB',OTC,10.68181818,11.75,6,0,Tehama Bancorp,0,0,0
19990527,43642,THMB',OTC,10.68181818,11.75,0,0,Tehama Bancorp,0,0,0
19990528,43642,THMB',OTC,10.79545455,11.875,4,0,Tehama Bancorp,0,0,0
19990601,43642,THMB',OTC,11.02272727,12.125,2,0,Tehama Bancorp,0,0,0
19990602,43642,THMB',OTC,10.68181818,11.75,39,0,Tehama Bancorp,0,0,0
19990603,43642,THMB',OTC,10.68181818,11.75,0,0,Tehama Bancorp,0,0,0
19990604,43642,THMB',OTC,10.68181818,11.75,0,0,Tehama Bancorp,0,0,0
19990607,43642,THMB',OTC,11.36363636,12.5,1,0,Tehama Bancorp,0,0,0
19990608,43642,THMB',OTC,11.36363636,12.5,0,0,Tehama Bancorp,0,0,0
19990609,43642,THMB',OTC,10,11,24,0,Tehama Bancorp,0,0,0
19990610,43642,THMB',OTC,10,11,0,0,Tehama Bancorp,0,0,0
19990611,43642,THMB',OTC,10,11,0,0,Tehama Bancorp,0,0,0
19990614,43642,THMB',OTC,10,11,0,0,Tehama Bancorp,0,0,0
19990615,43642,THMB',OTC,10,11,0,0,Tehama Bancorp,0,0,0
19990616,43642,THMB',OTC,10.68181818,11.75,1,0,Tehama Bancorp,0,0,0
19990617,43642,THMB',OTC,10.68181818,11.75,0,0,Tehama Bancorp,0,0,0
19990618,43642,THMB',OTC,10.68181818,11.75,0,0,Tehama Bancorp,0,0,0
19990621,43642,THMB',OTC,10.68181818,11.75,0,0,Tehama Bancorp,0,0,0
19990622,43642,THMB',OTC,10.68181818,11.75,0,0,Tehama Bancorp,0,0,0
19990623,43642,THMB',OTC,10.68181818,11.75,0,0,Tehama Bancorp,0,0,0
19990624,43642,THMB',OTC,10.11363636,11.125,41,0,Tehama Bancorp,0,0,0
19990625,43642,THMB',OTC,10.22727273,11.25,9,0,Tehama Bancorp,0,0,0
19990628,43642,THMB',OTC,10.22727273,11.25,0,0,Tehama Bancorp,0,0,0
19990629,43642,THMB',OTC,10.22727273,11.25,0,0,Tehama Bancorp,0,0,0
19990630,43642,THMB',OTC,10.22727273,11.25,0,0,Tehama Bancorp,0,0,0
19990701,43642,THMB',OTC,10.22727273,11.25,0,0,Tehama Bancorp,0,0,0
19990702,43642,THMB',OTC,10.22727273,11.25,0,0,Tehama Bancorp,0,0,0
19990706,43642,THMB',OTC,10.11363636,11.125,15,0,Tehama Bancorp,0,0,0
19990707,43642,THMB',OTC,10.34090909,11.375,133,0,Tehama Bancorp,0,0,0
19990708,43642,THMB',OTC,10.34090909,11.375,0,0,Tehama Bancorp,0,0,0
19990709,43642,THMB',OTC,10.34090909,11.375,0,0,Tehama Bancorp,0,0,0
19990712,43642,THMB',OTC,9.886363636,10.875,9,0,Tehama Bancorp,0,0,0
19990713,43642,THMB',OTC,9.886363636,10.875,0,0,Tehama Bancorp,0,0,0
19990714,43642,THMB',OTC,9.886363636,10.875,0,0,Tehama Bancorp,0,0,0
19990715,43642,THMB',OTC,9.886363636,10.875,0,0,Tehama Bancorp,0,0,0
19990716,43642,THMB',OTC,9.886363636,10.875,0,0,Tehama Bancorp,0,0,0
19990719,43642,THMB',OTC,9.886363636,10.875,0,0,Tehama Bancorp,0,0,0
19990720,43642,THMB',OTC,9.886363636,10.875,0,0,Tehama Bancorp,0,0,0
19990721,43642,THMB',OTC,10,11,84,0,Tehama Bancorp,0,0,0
19990722,43642,THMB',OTC,10,11,0,0,Tehama Bancorp,0,0,0
19990723,43642,THMB',OTC,9.772727273,10.75,7,0,Tehama Bancorp,0,0,0
19990726,43642,THMB',OTC,9.772727273,10.75,0,0,Tehama Bancorp,0,0,0
19990727,43642,THMB',OTC,9.772727273,10.75,1,0,Tehama Bancorp,0,0,0
19990728,43642,THMB',OTC,9.772727273,10.75,0,0,Tehama Bancorp,0,0,0
19990729,43642,THMB',OTC,10.34090909,11.375,17,0,Tehama Bancorp,0,0,0
19990730,43642,THMB',OTC,10.34090909,11.375,0,0,Tehama Bancorp,0,0,0
19990802,43642,THMB',OTC,10.34090909,11.375,0,0,Tehama Bancorp,0,0,0
19990803,43642,THMB',OTC,10.34090909,11.375,0,0,Tehama Bancorp,0,0,0
19990804,43642,THMB',OTC,9.772727273,10.75,7,0,Tehama Bancorp,0,0,0
19990805,43642,THMB',OTC,9.772727273,10.75,0,0,Tehama Bancorp,0,0,0
19990806,43642,THMB',OTC,9.772727273,10.75,0,0,Tehama Bancorp,0,0,0
19990809,43642,THMB',OTC,9.772727273,10.75,0,0,Tehama Bancorp,0,0,0
19990810,43642,THMB',OTC,9.886363636,10.875,31,0,Tehama Bancorp,0,0,0
19990811,43642,THMB',OTC,9.886363636,10.875,0,0,Tehama Bancorp,0,0,0
19990812,43642,THMB',OTC,9.886363636,10.875,0,0,Tehama Bancorp,0,0,0
19990813,43642,THMB',OTC,9.545454545,10.5,2,0,Tehama Bancorp,0,0,0
19990816,43642,THMB',OTC,9.659090909,10.625,41,0,Tehama Bancorp,0,0,0
19990817,43642,THMB',OTC,9.545454545,10.5,9,0,Tehama Bancorp,0,0,0
19990818,43642,THMB',OTC,9.545454545,10.5,0,0,Tehama Bancorp,0,0,0
19990819,43642,THMB',OTC,9.545454545,10.5,4,0,Tehama Bancorp,0,0,0
19990820,43642,THMB',OTC,9.545454545,10.5,0,0,Tehama Bancorp,0,0,0
19990823,43642,THMB',OTC,9.545454545,10.5,0,0,Tehama Bancorp,0,0,0
19990824,43642,THMB',OTC,9.204545455,10.125,65,0,Tehama Bancorp,0,0,0
19990825,43642,THMB',OTC,9.090909091,10,3,0,Tehama Bancorp,0,0,0
19990826,43642,THMB',OTC,9.204545455,10.125,73,0,Tehama Bancorp,0,0,0
19990827,43642,THMB',OTC,9.090909091,10,6,0,Tehama Bancorp,0,0,0
19990830,43642,THMB',OTC,9.545454545,10.5,1,0,Tehama Bancorp,0,0,0
19990831,43642,THMB',OTC,9.090909091,10,13,0,Tehama Bancorp,0,0,0
19990901,43642,THMB',OTC,9.318181818,10.25,11,0,Tehama Bancorp,0,0,0
19990902,43642,THMB',OTC,9.318181818,10.25,0,0,Tehama Bancorp,0,0,0
19990903,43642,THMB',OTC,9.318181818,10.25,0,0,Tehama Bancorp,0,0,0
19990907,43642,THMB',OTC,9.261363636,10.1875,13,0,Tehama Bancorp,0,0,0
19990908,43642,THMB',OTC,9.261363636,10.1875,0,0,Tehama Bancorp,0,0,0
19990909,43642,THMB',OTC,9.261363636,10.1875,0,0,Tehama Bancorp,0,0,0
19990910,43642,THMB',OTC,9.772727273,10.75,11,0,Tehama Bancorp,0,0,0
19990913,43642,THMB',OTC,9.772727273,10.75,0,0,Tehama Bancorp,0,0,0
19990914,43642,THMB',OTC,9.431818182,10.375,44,0,Tehama Bancorp,0,0,0
19990915,43642,THMB',OTC,9.431818182,10.375,0,0,Tehama Bancorp,0,0,0
19990916,43642,THMB',OTC,9.772727273,10.75,13,0,Tehama Bancorp,0,0,0
19990917,43642,THMB',OTC,9.431818182,10.375,2,0,Tehama Bancorp,0,0,0
19990920,43642,THMB',OTC,9.431818182,10.375,0,0,Tehama Bancorp,0,0,0
19990921,43642,THMB',OTC,9.545454545,10.5,11,0,Tehama Bancorp,0,0,0
19990922,43642,THMB',OTC,9.318181818,10.25,1,0,Tehama Bancorp,0,0,0
19990923,43642,THMB',OTC,9.318181818,10.25,0,0,Tehama Bancorp,0,0,0
19990924,43642,THMB',OTC,9.318181818,10.25,0,0,Tehama Bancorp,0,0,0
19990927,43642,THMB',OTC,9.318181818,10.25,0,0,Tehama Bancorp,0,0,0
19990928,43642,THMB',OTC,9.318181818,10.25,0,0,Tehama Bancorp,0,0,0
19990929,43642,THMB',OTC,9.431818182,10.375,6,0,Tehama Bancorp,0,0,0
19990930,43642,THMB',OTC,9.431818182,10.375,13,0,Tehama Bancorp,0,0,0
19991001,43642,THMB',OTC,9.431818182,10.375,4,0,Tehama Bancorp,0,0,0
19991004,43642,THMB',OTC,9.431818182,10.375,0,0,Tehama Bancorp,0,0,0
19991005,43642,THMB',OTC,9.431818182,10.375,0,0,Tehama Bancorp,0,0,0
19991006,43642,THMB',OTC,9.431818182,10.375,0,0,Tehama Bancorp,0,0,0
19991007,43642,THMB',OTC,9.431818182,10.375,0,0,Tehama Bancorp,0,0,0
19991008,43642,THMB',OTC,9.431818182,10.375,0,0,Tehama Bancorp,0,0,0
19991011,43642,THMB',OTC,9.431818182,10.375,0,0,Tehama Bancorp,0,0,0
19991012,43642,THMB',OTC,9.431818182,10.375,26,0,Tehama Bancorp,0,0,0
19991013,43642,THMB',OTC,9.431818182,10.375,0,0,Tehama Bancorp,0,0,0
19991014,43642,THMB',OTC,9.545454545,10.5,29,0,Tehama Bancorp,0,0,0
19991015,43642,THMB',OTC,9.545454545,10.5,0,0,Tehama Bancorp,0,0,0
19991018,43642,THMB',OTC,9.545454545,10.5,0,0,Tehama Bancorp,0,0,0
19991019,43642,THMB',OTC,9.545454545,10.5,0,0,Tehama Bancorp,0,0,0
19991020,43642,THMB',OTC,9.318181818,10.25,8,0,Tehama Bancorp,0,0,0
19991021,43642,THMB',OTC,9.318181818,10.25,4,0,Tehama Bancorp,0,0,0
19991022,43642,THMB',OTC,9.318181818,10.25,0,0,Tehama Bancorp,0,0,0
19991025,43642,THMB',OTC,9.318181818,10.25,4,0,Tehama Bancorp,0,0,0
19991026,43642,THMB',OTC,9.318181818,10.25,0,0,Tehama Bancorp,0,0,0
19991027,43642,THMB',OTC,9.318181818,10.25,2,0,Tehama Bancorp,0,0,0
19991028,43642,THMB',OTC,9.431818182,10.375,169,0,Tehama Bancorp,0,0,0
19991029,43642,THMB',OTC,9.772727273,10.75,220,0,Tehama Bancorp,0,0,0
19991101,43642,THMB',OTC,10,11,6,0,Tehama Bancorp,0,0,0
19991102,43642,THMB',OTC,10.11363636,11.125,6,0,Tehama Bancorp,0,0,0
19991103,43642,THMB',OTC,10,11,14,0,Tehama Bancorp,0,0,0
19991104,43642,THMB',OTC,10,11,0,0,Tehama Bancorp,0,0,0
19991105,43642,THMB',OTC,10.11363636,11.125,11,0,Tehama Bancorp,0,0,0
19991108,43642,THMB',OTC,10.11363636,11.125,0,0,Tehama Bancorp,0,0,0
19991109,43642,THMB',OTC,10.11363636,11.125,127,0,Tehama Bancorp,0,0,0
19991110,43642,THMB',OTC,10.22727273,11.25,4,0,Tehama Bancorp,0,0,0
19991111,43642,THMB',OTC,10.17045455,11.1875,51,0,Tehama Bancorp,0,0,0
19991112,43642,THMB',OTC,10.22727273,11.25,13,0,Tehama Bancorp,0,0,0
19991115,43642,THMB',OTC,10.45454545,11.5,57,0,Tehama Bancorp,0,0,0
19991116,43642,THMB',OTC,10.45454545,11.5,0,0,Tehama Bancorp,0,0,0
19991117,43642,THMB',OTC,10.45454545,11.5,0,0,Tehama Bancorp,0,0,0
19991118,43642,THMB',OTC,10.90909091,12,19,0,Tehama Bancorp,0,0,0
19991119,43642,THMB',OTC,10.90909091,12,0,0,Tehama Bancorp,0,0,0
19991122,43642,THMB',OTC,10.45454545,11.5,4,0,Tehama Bancorp,0,0,0
19991123,43642,THMB',OTC,10.90909091,12,2,0,Tehama Bancorp,0,0,0
19991124,43642,THMB',OTC,10.90909091,12,0,0,Tehama Bancorp,0,0,0
19991126,43642,THMB',OTC,10.90909091,12,0,0,Tehama Bancorp,0,0,0
19991129,43642,THMB',OTC,10.90909091,12,0,0,Tehama Bancorp,0,0,0
19991130,43642,THMB',OTC,10.90909091,12,0,0,Tehama Bancorp,0,0,0
19991201,43642,THMB',OTC,10.90909091,12,1,0,Tehama Bancorp,0,0,0
19991202,43642,THMB',OTC,10.90909091,12,0,0,Tehama Bancorp,0,0,0
19991203,43642,THMB',OTC,10.56818182,11.625,2,0,Tehama Bancorp,0,0,0
19991206,43642,THMB',OTC,10.90909091,12,681,0,Tehama Bancorp,0,0,0
19991207,43642,THMB',OTC,10.68181818,11.75,39,0,Tehama Bancorp,0,0,0
19991208,43642,THMB',OTC,10.68181818,11.75,0,0,Tehama Bancorp,0,0,0
19991209,43642,THMB',OTC,10.56818182,11.625,21,0,Tehama Bancorp,0,0,0
19991210,43642,THMB',OTC,10.56818182,11.625,2,0,Tehama Bancorp,0,0,0
19991213,43642,THMB',OTC,10.56818182,11.625,0,0,Tehama Bancorp,0,0,0
19991214,43642,THMB',OTC,10.56818182,11.625,0,0,Tehama Bancorp,0,0,0
19991215,43642,THMB',OTC,10.68181818,11.75,7,0,Tehama Bancorp,0,0,0
19991216,43642,THMB',OTC,10.90909091,12,12,0,Tehama Bancorp,0,0,0
19991217,43642,THMB',OTC,10.56818182,11.625,156,0,Tehama Bancorp,0,0,0
19991220,43642,THMB',OTC,10.51136364,11.5625,31,0,Tehama Bancorp,0,0,0
19991221,43642,THMB',OTC,10.73863636,11.8125,26,0,Tehama Bancorp,0,0,0
19991222,43642,THMB',OTC,10.73863636,11.8125,0,0,Tehama Bancorp,0,0,0
19991223,43642,THMB',OTC,10.73863636,11.8125,0,0,Tehama Bancorp,0,0,0
19991227,43642,THMB',OTC,10.73863636,11.8125,0,0,Tehama Bancorp,0,0,0
19991228,43642,THMB',OTC,10.73863636,11.8125,0,0,Tehama Bancorp,0,0,0
19991229,43642,THMB',OTC,10.73863636,11.8125,2,0,Tehama Bancorp,0,0,0
19991230,43642,THMB',OTC,10.73863636,11.8125,0,0,Tehama Bancorp,0,0,0
19991231,43642,THMB',OTC,10.73863636,11.8125,0,0,Tehama Bancorp,0,0,0
20000103,43642,THMB',OTC,10.73863636,11.8125,0,0,Tehama Bancorp,0,0,0
20000104,43642,THMB',OTC,10.73863636,11.8125,0,0,Tehama Bancorp,0,0,0
20000105,43642,THMB',OTC,10.73863636,11.8125,0,0,Tehama Bancorp,0,0,0
20000106,43642,THMB',OTC,10.56818182,11.625,22,0,Tehama Bancorp,0,0,0
20000107,43642,THMB',OTC,10.56818182,11.625,0,0,Tehama Bancorp,0,0,0
20000110,43642,THMB',OTC,10.56818182,11.625,0,0,Tehama Bancorp,0,0,0
20000111,43642,THMB',OTC,10.56818182,11.625,0,0,Tehama Bancorp,0,0,0
20000112,43642,THMB',OTC,10.56818182,11.625,0,0,Tehama Bancorp,0,0,0
20000113,43642,THMB',OTC,10.56818182,11.625,2,0,Tehama Bancorp,0,0,0
20000114,43642,THMB',OTC,10.56818182,11.625,0,0,Tehama Bancorp,0,0,0
20000118,43642,THMB',OTC,10.56818182,11.625,2,0,Tehama Bancorp,0,0,0
20000119,43642,THMB',OTC,10.56818182,11.625,139,0,Tehama Bancorp,0,0,0
20000120,43642,THMB',OTC,10.68181818,11.75,94,0,Tehama Bancorp,0,0,0
20000121,43642,THMB',OTC,10.68181818,11.75,0,0,Tehama Bancorp,0,0,0
20000124,43642,THMB',OTC,10.68181818,11.75,6,0,Tehama Bancorp,0,0,0
20000125,43642,THMB',OTC,10.68181818,11.75,14,0,Tehama Bancorp,0,0,0
20000126,43642,THMB',OTC,10.68181818,11.75,0,0,Tehama Bancorp,0,0,0
20000127,43642,THMB',OTC,10.68181818,11.75,0,0,Tehama Bancorp,0,0,0
20000128,43642,THMB',OTC,10.68181818,11.75,3,0,Tehama Bancorp,0,0,0
20000131,43642,THMB',OTC,10.68181818,11.75,0,0,Tehama Bancorp,0,0,0
20000201,43642,THMB',OTC,11.81818182,13,12,0,Tehama Bancorp,0,0,0
20000202,43642,THMB',OTC,11.81818182,13,0,0,Tehama Bancorp,0,0,0
20000203,43642,THMB',OTC,11.81818182,13,0,0,Tehama Bancorp,0,0,0
20000204,43642,THMB',OTC,11.81818182,13,0,0,Tehama Bancorp,0,0,0
20000207,43642,THMB',OTC,11.93181818,13.125,31,0,Tehama Bancorp,0,0,0
20000208,43642,THMB',OTC,11.93181818,13.125,0,0,Tehama Bancorp,0,0,0
20000209,43642,THMB',OTC,11.93181818,13.125,1,0,Tehama Bancorp,0,0,0
20000210,43642,THMB',OTC,12.72727273,14,28,0,Tehama Bancorp,0,0,0
20000211,43642,THMB',OTC,12.72727273,14,11,0,Tehama Bancorp,0,0,0
20000214,43642,THMB',OTC,12.72727273,14,0,0,Tehama Bancorp,0,0,0
20000215,43642,THMB',OTC,12.72727273,14,0,0,Tehama Bancorp,0,0,0
20000216,43642,THMB',OTC,11.81818182,13,46,0,Tehama Bancorp,0,0,0
20000217,43642,THMB',OTC,11.81818182,13,0,0,Tehama Bancorp,0,0,0
20000218,43642,THMB',OTC,10.90909091,12,45,0,Tehama Bancorp,0,0,0
20000222,43642,THMB',OTC,12.04545455,13.25,26,0,Tehama Bancorp,0,0,0
20000223,43642,THMB',OTC,11.13636364,12.25,37,0,Tehama Bancorp,0,0,0
20000224,43642,THMB',OTC,11.59090909,12.75,147,0,Tehama Bancorp,0,0,0
20000225,43642,THMB',OTC,11.59090909,12.75,0,0,Tehama Bancorp,0,0,0
20000228,43642,THMB',OTC,11.59090909,12.75,0,0,Tehama Bancorp,0,0,0
20000229,43642,THMB',OTC,11.59090909,12.75,0,0,Tehama Bancorp,0,0,0
20000301,43642,THMB',OTC,11.59090909,12.75,3,0,Tehama Bancorp,0,0,0
20000302,43642,THMB',OTC,11.59090909,12.75,0,0,Tehama Bancorp,0,0,0
20000303,43642,THMB',OTC,13.63636364,15,1,0,Tehama Bancorp,0,0,0
20000306,43642,THMB',OTC,12.72727273,14,1,0,Tehama Bancorp,0,0,0
20000307,43642,THMB',OTC,13.63636364,15,7,0,Tehama Bancorp,0,0,0
20000308,43642,THMB',OTC,13.63636364,15,0,0,Tehama Bancorp,0,0,0
20000309,43642,THMB',OTC,13.63636364,15,0,0,Tehama Bancorp,0,0,0
20000310,43642,THMB',OTC,11.81818182,13,29,0,Tehama Bancorp,0,0,0
20000313,43642,THMB',OTC,11.81818182,13,8,0,Tehama Bancorp,0,0,0
20000314,43642,THMB',OTC,11.81818182,13,0,0,Tehama Bancorp,0,0,0
20000315,43642,THMB',OTC,11.70454545,12.875,8,0,Tehama Bancorp,0,0,0
20000316,43642,THMB',OTC,11.70454545,12.875,0,0,Tehama Bancorp,0,0,0
20000317,43642,THMB',OTC,11.70454545,12.875,0,0,Tehama Bancorp,0,0,0
20000320,43642,THMB',OTC,11.70454545,12.875,0,0,Tehama Bancorp,0,0,0
20000321,43642,THMB',OTC,11.70454545,12.875,0,0,Tehama Bancorp,0,0,0
20000322,43642,THMB',OTC,12.72727273,14,1,0,Tehama Bancorp,0,0,0
20000323,43642,THMB',OTC,12.72727273,14,0,0,Tehama Bancorp,0,0,0
20000324,43642,THMB',OTC,12.72727273,14,0,0,Tehama Bancorp,0,0,0
20000327,43642,THMB',OTC,12.72727273,14,0,0,Tehama Bancorp,0,0,0
20000328,43642,THMB',OTC,12.72727273,14,8,0,Tehama Bancorp,0,0,0
20000329,43642,THMB',OTC,12.72727273,14,0,0,Tehama Bancorp,0,0,0
20000330,43642,THMB',OTC,12.04545455,13.25,2,0,Tehama Bancorp,0,0,0
20000331,43642,THMB',OTC,12.04545455,13.25,0,0,Tehama Bancorp,0,0,0
20000403,43642,THMB',OTC,12.72727273,14,31,0,Tehama Bancorp,0,0,0
20000404,43642,THMB',OTC,12.95454545,14.25,15,0,Tehama Bancorp,0,0,0
20000405,43642,THMB',OTC,12.95454545,14.25,0,0,Tehama Bancorp,0,0,0
20000406,43642,THMB',OTC,12.953125,12.953125,6,0,Tehama Bancorp,0,0,0
20000407,43642,THMB',OTC,12.953125,12.953125,0,0,Tehama Bancorp,0,0,0
20000410,43642,THMB',OTC,13,13,4,0,Tehama Bancorp,0,0,0
20000411,43642,THMB',OTC,13,13,11,0,Tehama Bancorp,0,0,0
20000412,43642,THMB',OTC,13.25,13.25,3,0,Tehama Bancorp,0,0,0
20000413,43642,THMB',OTC,13.25,13.25,0,0,Tehama Bancorp,0,0,0
20000414,43642,THMB',OTC,13,13,42,0,Tehama Bancorp,0,0,0
20000417,43642,THMB',OTC,12.125,12.125,36,0,Tehama Bancorp,0,0,0
20000418,43642,THMB',OTC,12.125,12.125,6,0,Tehama Bancorp,0,0,0
20000419,43642,THMB',OTC,12.125,12.125,0,0,Tehama Bancorp,0,0,0
20000420,43642,THMB',OTC,12.25,12.25,18,0,Tehama Bancorp,0,0,0
20000424,43642,THMB',OTC,12.25,12.25,0,0,Tehama Bancorp,0,0,0
20000425,43642,THMB',OTC,13,13,2,0,Tehama Bancorp,0,0,0
20000426,43642,THMB',OTC,12.5,12.5,23,0,Tehama Bancorp,0,0,0
20000427,43642,THMB',OTC,12.5,12.5,0,0,Tehama Bancorp,0,0,0
20000428,43642,THMB',OTC,12.5,12.5,0,0,Tehama Bancorp,0,0,0
20000501,43642,THMB',OTC,12.5,12.5,0,0,Tehama Bancorp,0,0,0
20000502,43642,THMB',OTC,13,13,21,0,Tehama Bancorp,0,0,0
20000503,43642,THMB',OTC,13.625,13.625,7,0,Tehama Bancorp,0,0,0
20000504,43642,THMB',OTC,13.75,13.75,3,0,Tehama Bancorp,0,0,0
20000505,43642,THMB',OTC,13.8125,13.8125,34,0,Tehama Bancorp,0,0,0
20000508,43642,THMB',OTC,13.375,13.375,2,0,Tehama Bancorp,0,0,0
20000509,43642,THMB',OTC,13.5,13.5,5,0,Tehama Bancorp,0,0,0
20000510,43642,THMB',OTC,13.5,13.5,0,0,Tehama Bancorp,0,0,0
20000511,43642,THMB',OTC,13.5,13.5,0,0,Tehama Bancorp,0,0,0
20000512,43642,THMB',OTC,13.5,13.5,0,0,Tehama Bancorp,0,0,0
20000515,43642,THMB',OTC,13.8125,13.8125,33,0,Tehama Bancorp,0,0,0
20000516,43642,THMB',OTC,13.8125,13.8125,30,0,Tehama Bancorp,0,0,0
20000517,43642,THMB',OTC,13.875,13.875,4,0,Tehama Bancorp,0,0,0
20000518,43642,THMB',OTC,13.8125,13.8125,30,0,Tehama Bancorp,0,0,0
20000519,43642,THMB',OTC,13.8125,13.8125,30,0,Tehama Bancorp,0,0,0
20000522,43642,THMB',OTC,13.8125,13.8125,0,0,Tehama Bancorp,0,0,0
20000523,43642,THMB',OTC,13.75,13.75,81,0,Tehama Bancorp,0,0,0
20000524,43642,THMB',OTC,13.75,13.75,0,0,Tehama Bancorp,0,0,0
20000525,43642,THMB',OTC,13.75,13.75,0,0,Tehama Bancorp,0,0,0
20000526,43642,THMB',OTC,13.625,13.625,20,0,Tehama Bancorp,0,0,0
20000530,43642,THMB',OTC,13.75,13.75,5,0,Tehama Bancorp,0,0,0
20000531,43642,THMB',OTC,13.625,13.625,20,0,Tehama Bancorp,0,0,0
20000601,43642,THMB',OTC,13.625,13.625,22,0,Tehama Bancorp,0,0,0
20000602,43642,THMB',OTC,13.625,13.625,0,0,Tehama Bancorp,0,0,0
20000605,43642,THMB',OTC,13.5,13.5,2,0,Tehama Bancorp,0,0,0
20000606,43642,THMB',OTC,13.5,13.5,0,0,Tehama Bancorp,0,0,0
20000607,43642,THMB',OTC,13.875,13.875,83,0,Tehama Bancorp,0,0,0
20000608,43642,THMB',OTC,14.25,14.25,1,0,Tehama Bancorp,0,0,0
20000609,43642,THMB',OTC,14,14,4,0,Tehama Bancorp,0,0,0
20000612,43642,THMB',OTC,14,14,0,0,Tehama Bancorp,0,0,0
20000613,43642,THMB',OTC,14,14,0,0,Tehama Bancorp,0,0,0
20000614,43642,THMB',OTC,14.25,14.25,11,0,Tehama Bancorp,0,0,0
20000615,43642,THMB',OTC,13.875,13.875,6,0,Tehama Bancorp,0,0,0
20000616,43642,THMB',OTC,13.875,13.875,0,0,Tehama Bancorp,0,0,0
20000619,43642,THMB',OTC,13.875,13.875,0,0,Tehama Bancorp,0,0,0
20000620,43642,THMB',OTC,14.25,14.25,20,0,Tehama Bancorp,0,0,0
20000621,43642,THMB',OTC,13.75,13.75,31,0,Tehama Bancorp,0,0,0
20000622,43642,THMB',OTC,13.75,13.75,0,0,Tehama Bancorp,0,0,0
20000623,43642,THMB',OTC,13.75,13.75,0,0,Tehama Bancorp,0,0,0
20000626,43642,THMB',OTC,13.5,13.5,47,0,Tehama Bancorp,0,0,0
20000627,43642,THMB',OTC,14,14,22,0,Tehama Bancorp,0,0,0
20000628,43642,THMB',OTC,13.375,13.375,1,0,Tehama Bancorp,0,0,0
20000629,43642,THMB',OTC,13.375,13.375,0,0,Tehama Bancorp,0,0,0
20000630,43642,THMB',OTC,14,14,11,0,Tehama Bancorp,0,0,0
20000703,43642,THMB',OTC,14,14,0,0,Tehama Bancorp,0,0,0
20000705,43642,THMB',OTC,14.25,14.25,4,0,Tehama Bancorp,0,0,0
20000706,43642,THMB',OTC,14.25,14.25,0,0,Tehama Bancorp,0,0,0
20000707,43642,THMB',OTC,14.25,14.25,0,0,Tehama Bancorp,0,0,0
20000710,43642,THMB',OTC,14.25,14.25,0,0,Tehama Bancorp,0,0,0
20000711,43642,THMB',OTC,13.5,13.5,4,0,Tehama Bancorp,0,0,0
20000712,43642,THMB',OTC,13.5,13.5,0,0,Tehama Bancorp,0,0,0
20000713,43642,THMB',OTC,13.5,13.5,0,0,Tehama Bancorp,0,0,0
20000714,43642,THMB',OTC,13.5,13.5,0,0,Tehama Bancorp,0,0,0
20000717,43642,THMB',OTC,13.5,13.5,0,0,Tehama Bancorp,0,0,0
20000718,43642,THMB',OTC,13.5,13.5,0,0,Tehama Bancorp,0,0,0
20000719,43642,THMB',OTC,14.125,14.125,16,0,Tehama Bancorp,0,0,0
20000720,43642,THMB',OTC,14.125,14.125,0,0,Tehama Bancorp,0,0,0
20000721,43642,THMB',OTC,14.125,14.125,20,0,Tehama Bancorp,0,0,0
20000724,43642,THMB',OTC,14.125,14.125,0,0,Tehama Bancorp,0,0,0
20000725,43642,THMB',OTC,14,14,67,0,Tehama Bancorp,0,0,0
20000726,43642,THMB',OTC,14,14,0,0,Tehama Bancorp,0,0,0
20000727,43642,THMB',OTC,14,14,0,0,Tehama Bancorp,0,0,0
20000728,43642,THMB',OTC,14,14,0,0,Tehama Bancorp,0,0,0
20000731,43642,THMB',OTC,14.75,14.75,46,0,Tehama Bancorp,0,0,0
20000801,43642,THMB',OTC,14.5,14.5,26,0,Tehama Bancorp,0,0,0
20000802,43642,THMB',OTC,14.5,14.5,2,0,Tehama Bancorp,0,0,0
20000803,43642,THMB',OTC,14.5,14.5,0,0,Tehama Bancorp,0,0,0
20000804,43642,THMB',OTC,14.625,14.625,6,0,Tehama Bancorp,0,0,0
20000807,43642,THMB',OTC,15,15,123,0,Tehama Bancorp,0,0,0
20000808,43642,THMB',OTC,15,15,10,0,Tehama Bancorp,0,0,0
20000809,43642,THMB',OTC,14.9375,14.9375,10,0,Tehama Bancorp,0,0,0
20000810,43642,THMB',OTC,14.875,14.875,27,0,Tehama Bancorp,0,0,0
20000811,43642,THMB',OTC,14.875,14.875,0,0,Tehama Bancorp,0,0,0
20000814,43642,THMB',OTC,15.25,15.25,3,0,Tehama Bancorp,0,0,0
20000815,43642,THMB',OTC,14.875,14.875,15,0,Tehama Bancorp,0,0,0
20000816,43642,THMB',OTC,14.875,14.875,0,0,Tehama Bancorp,0,0,0
20000817,43642,THMB',OTC,14.875,14.875,0,0,Tehama Bancorp,0,0,0
20000818,43642,THMB',OTC,17.125,17.125,76,0,Tehama Bancorp,0,0,0
20000821,43642,THMB',OTC,17,17,2,0,Tehama Bancorp,0,0,0
20000822,43642,THMB',OTC,16,16,3,0,Tehama Bancorp,0,0,0
20000823,43642,THMB',OTC,16.75,16.75,25,0,Tehama Bancorp,0,0,0
20000824,43642,THMB',OTC,17,17,10,0,Tehama Bancorp,0,0,0
20000825,43642,THMB',OTC,16.5,16.5,11,0,Tehama Bancorp,0,0,0
20000828,43642,THMB',OTC,16.5,16.5,0,0,Tehama Bancorp,0,0,0
20000829,43642,THMB',OTC,16.5,16.5,0,0,Tehama Bancorp,0,0,0
20000830,43642,THMB',OTC,16.5,16.5,61,0,Tehama Bancorp,0,0,0
20000831,43642,THMB',OTC,16.5,16.5,0,0,Tehama Bancorp,0,0,0
20000901,43642,THMB',OTC,17.125,17.125,42,0,Tehama Bancorp,0,0,0
20000905,43642,THMB',OTC,17.125,17.125,0,0,Tehama Bancorp,0,0,0
20000906,43642,THMB',OTC,16.5,16.5,13,0,Tehama Bancorp,0,0,0
20000907,43642,THMB',OTC,16.5,16.5,0,0,Tehama Bancorp,0,0,0
20000908,43642,THMB',OTC,16.5,16.5,14,0,Tehama Bancorp,0,0,0
20000911,43642,THMB',OTC,17.4375,17.4375,23,0,Tehama Bancorp,0,0,0
20000912,43642,THMB',OTC,17.4375,17.4375,0,0,Tehama Bancorp,0,0,0
20000913,43642,THMB',OTC,17.75,17.75,14,0,Tehama Bancorp,0,0,0
20000914,43642,THMB',OTC,17.875,17.875,40,0,Tehama Bancorp,0,0,0
20000915,43642,THMB',OTC,17.875,17.875,0,0,Tehama Bancorp,0,0,0
20000918,43642,THMB',OTC,17,17,25,0,Tehama Bancorp,0,0,0
20000919,43642,THMB',OTC,17,17,0,0,Tehama Bancorp,0,0,0
20000920,43642,THMB',OTC,17,17,0,0,Tehama Bancorp,0,0,0
20000921,43642,THMB',OTC,17.375,17.375,314,0,Tehama Bancorp,0,0,0
20000922,43642,THMB',OTC,17.375,17.375,0,0,Tehama Bancorp,0,0,0
20000925,43642,THMB',OTC,17.75,17.75,47,0,Tehama Bancorp,0,0,0
20000926,43642,THMB',OTC,17.375,17.375,199,0,Tehama Bancorp,0,0,0
20000927,43642,THMB',OTC,17.375,17.375,0,0,Tehama Bancorp,0,0,0
20000928,43642,THMB',OTC,17.375,17.375,0,0,Tehama Bancorp,0,0,0
20000929,43642,THMB',OTC,17.75,17.75,5,0,Tehama Bancorp,0,0,0
20001002,43642,THMB',OTC,17.875,17.875,32,0,Tehama Bancorp,0,0,0
20001003,43642,THMB',OTC,17.625,17.625,21,0,Tehama Bancorp,0,0,0
20001004,43642,THMB',OTC,17.5,17.5,39,0,Tehama Bancorp,0,0,0
20001005,43642,THMB',OTC,17.5,17.5,9,0,Tehama Bancorp,0,0,0
20001006,43642,THMB',OTC,17.5,17.5,11,0,Tehama Bancorp,0,0,0
20001009,43642,THMB',OTC,17.375,17.375,70,0,Tehama Bancorp,0,0,0
20001010,43642,THMB',OTC,17.25,17.25,89,0,Tehama Bancorp,0,0,0
20001011,43642,THMB',OTC,17.25,17.25,0,0,Tehama Bancorp,0,0,0
20001012,43642,THMB',OTC,17.25,17.25,0,0,Tehama Bancorp,0,0,0
20001013,43642,THMB',OTC,17.25,17.25,0,0,Tehama Bancorp,0,0,0
20001016,43642,THMB',OTC,17.25,17.25,0,0,Tehama Bancorp,0,0,0
20001017,43642,THMB',OTC,17.25,17.25,0,0,Tehama Bancorp,0,0,0
20001018,43642,THMB',OTC,17,17,4,0,Tehama Bancorp,0,0,0
20001019,43642,THMB',OTC,17,17,45,0,Tehama Bancorp,0,0,0
20001020,43642,THMB',OTC,17,17,147,0,Tehama Bancorp,0,0,0
20001023,43642,THMB',OTC,17,17,0,0,Tehama Bancorp,0,0,0
20001024,43642,THMB',OTC,17.375,17.375,96,0,Tehama Bancorp,0,0,0
20001025,43642,THMB',OTC,17.25,17.25,167,0,Tehama Bancorp,0,0,0
20001026,43642,THMB',OTC,17.375,17.375,427,0,Tehama Bancorp,0,0,0
20001027,43642,THMB',OTC,17.375,17.375,0,0,Tehama Bancorp,0,0,0
20001030,43642,THMB',OTC,17.375,17.375,0,0,Tehama Bancorp,0,0,0
20001031,43642,THMB',OTC,17.375,17.375,206,0,Tehama Bancorp,0,0,0
20001101,43642,THMB',OTC,17.375,17.375,0,0,Tehama Bancorp,0,0,0
20001102,43642,THMB',OTC,17.375,17.375,0,0,Tehama Bancorp,0,0,0
20001103,43642,THMB',OTC,17.5,17.5,12,0,Tehama Bancorp,0,0,0
20001106,43642,THMB',OTC,17.5,17.5,0,0,Tehama Bancorp,0,0,0
20001107,43642,THMB',OTC,17.5,17.5,0,0,Tehama Bancorp,0,0,0
20001108,43642,THMB',OTC,17.5,17.5,0,0,Tehama Bancorp,0,0,0
20001109,43642,THMB',OTC,17.5,17.5,0,0,Tehama Bancorp,0,0,0
20001110,43642,THMB',OTC,17.25,17.25,584,0,Tehama Bancorp,0,0,0
20001113,43642,THMB',OTC,17.25,17.25,0,0,Tehama Bancorp,0,0,0
20001114,43642,THMB',OTC,17.3125,17.3125,9,0,Tehama Bancorp,0,0,0
20001115,43642,THMB',OTC,17.3125,17.3125,0,0,Tehama Bancorp,0,0,0
20001116,43642,THMB',OTC,17.3125,17.3125,0,0,Tehama Bancorp,0,0,0
20001117,43642,THMB',OTC,17.3125,17.3125,2,0,Tehama Bancorp,0,0,0
20001120,43642,THMB',OTC,17.3125,17.3125,0,0,Tehama Bancorp,0,0,0
20001121,43642,THMB',OTC,17.5,17.5,30,0,Tehama Bancorp,0,0,0
20001122,43642,THMB',OTC,17.5,17.5,0,0,Tehama Bancorp,0,0,0
20001124,43642,THMB',OTC,17.3125,17.3125,10,0,Tehama Bancorp,0,0,0
20001127,43642,THMB',OTC,17.3125,17.3125,22,0,Tehama Bancorp,0,0,0
20001128,43642,THMB',OTC,17.5,17.5,4,0,Tehama Bancorp,0,0,0
20001129,43642,THMB',OTC,17.5,17.5,0,0,Tehama Bancorp,0,0,0
20001130,43642,THMB',OTC,17.5,17.5,0,0,Tehama Bancorp,0,0,0
20001201,43642,THMB',OTC,17.5,17.5,30,0,Tehama Bancorp,0,0,0
20001204,43642,THMB',OTC,17.5,17.5,0,0,Tehama Bancorp,0,0,0
20001205,43642,THMB',OTC,17.5,17.5,0,0,Tehama Bancorp,0,0,0
20001206,43642,THMB',OTC,17.5,17.5,0,0,Tehama Bancorp,0,0,0
20001207,43642,THMB',OTC,17.5,17.5,0,0,Tehama Bancorp,0,0,0
20001208,43642,THMB',OTC,17.5,17.5,0,0,Tehama Bancorp,0,0,0
20001211,43642,THMB',OTC,17.5,17.5,560,0,Tehama Bancorp,0,0,0
20001212,43642,THMB',OTC,17.3125,17.3125,81,0,Tehama Bancorp,0,0,0
20001213,43642,THMB',OTC,17.3125,17.3125,0,0,Tehama Bancorp,0,0,0
20001214,43642,THMB',OTC,17.3125,17.3125,0,0,Tehama Bancorp,0,0,0
20001215,43642,THMB',OTC,17.3125,17.3125,0,0,Tehama Bancorp,0,0,0
20001218,43642,THMB',OTC,17.375,17.375,4,0,Tehama Bancorp,0,0,0
20001219,43642,THMB',OTC,17.375,17.375,0,0,Tehama Bancorp,0,0,0
20001220,43642,THMB',OTC,17.3125,17.3125,11,0,Tehama Bancorp,0,0,0
20001221,43642,THMB',OTC,17.3125,17.3125,0,0,Tehama Bancorp,0,0,0
20001222,43642,THMB',OTC,16.875,16.875,9,0,Tehama Bancorp,0,0,0
20001226,43642,THMB',OTC,16.875,16.875,0,0,Tehama Bancorp,0,0,0
20001227,43642,THMB',OTC,16.5625,16.5625,4,0,Tehama Bancorp,0,0,0
20001228,43642,THMB',OTC,16.5625,16.5625,0,0,Tehama Bancorp,0,0,0
20001229,43642,THMB',OTC,16.4375,16.4375,2,0,Tehama Bancorp,0,0,0
20010102,43642,THMB',OTC,16.4375,16.4375,0,0,Tehama Bancorp,0,0,0
20010103,43642,THMB',OTC,16.4375,16.4375,1,0,Tehama Bancorp,0,0,0
20010104,43642,THMB',OTC,16,16,115,0,Tehama Bancorp,0,0,0
20010105,43642,THMB',OTC,16,16,0,0,Tehama Bancorp,0,0,0
20010108,43642,THMB',OTC,16,16,9,0,Tehama Bancorp,0,0,0
20010109,43642,THMB',OTC,16,16,22,0,Tehama Bancorp,0,0,0
20010110,43642,THMB',OTC,16.125,16.125,54,0,Tehama Bancorp,0,0,0
20010111,43642,THMB',OTC,16.125,16.125,30,0,Tehama Bancorp,0,0,0
20010112,43642,THMB',OTC,16,16,27,0,Tehama Bancorp,0,0,0
20010116,43642,THMB',OTC,16,16,58,0,Tehama Bancorp,0,0,0
20010117,43642,THMB',OTC,16.125,16.125,46,0,Tehama Bancorp,0,0,0
20010118,43642,THMB',OTC,16,16,14,0,Tehama Bancorp,0,0,0
20010119,43642,THMB',OTC,16,16,109,0,Tehama Bancorp,0,0,0
20010122,43642,THMB',OTC,16.0625,16.0625,92,0,Tehama Bancorp,0,0,0
20010123,43642,THMB',OTC,16.0625,16.0625,0,0,Tehama Bancorp,0,0,0
20010124,43642,THMB',OTC,16.0625,16.0625,0,0,Tehama Bancorp,0,0,0
20010125,43642,THMB',OTC,16.0625,16.0625,0,0,Tehama Bancorp,0,0,0
20010126,43642,THMB',OTC,17,17,129,0,Tehama Bancorp,0,0,0
20010129,43642,THMB',OTC,17,17,53,0,Tehama Bancorp,0,0,0
20010130,43642,THMB',OTC,17,17,0,0,Tehama Bancorp,0,0,0
20010131,43642,THMB',OTC,18.125,18.125,97,0,Tehama Bancorp,0,0,0
20010201,43642,THMB',OTC,18.125,18.125,0,0,Tehama Bancorp,0,0,0
20010202,43642,THMB',OTC,19,19,5,0,Tehama Bancorp,0,0,0
20010205,43642,THMB',OTC,19.875,19.875,11,0,Tehama Bancorp,0,0,0
20010206,43642,THMB',OTC,19.625,19.625,28,0,Tehama Bancorp,0,0,0
20010207,43642,THMB',OTC,18.75,18.75,196,0,Tehama Bancorp,0,0,0
20010208,43642,THMB',OTC,18.75,18.75,11,0,Tehama Bancorp,0,0,0
20010209,43642,THMB',OTC,18,18,20,0,Tehama Bancorp,0,0,0
20010212,43642,THMB',OTC,19,19,8,0,Tehama Bancorp,0,0,0
20010213,43642,THMB',OTC,18.625,18.625,90,0,Tehama Bancorp,0,0,0
20010214,43642,THMB',OTC,19,19,4,0,Tehama Bancorp,0,0,0
20010215,43642,THMB',OTC,19.125,19.125,27,0,Tehama Bancorp,0,0,0
20010216,43642,THMB',OTC,19.125,19.125,0,0,Tehama Bancorp,0,0,0
20010220,43642,THMB',OTC,18.625,18.625,31,0,Tehama Bancorp,0,0,0
20010221,43642,THMB',OTC,18.75,18.75,7,0,Tehama Bancorp,0,0,0
20010222,43642,THMB',OTC,18.75,18.75,0,0,Tehama Bancorp,0,0,0
20010223,43642,THMB',OTC,18.75,18.75,6,0,Tehama Bancorp,0,0,0
20010226,43642,THMB',OTC,19.5,19.5,25,0,Tehama Bancorp,0,0,0
20010227,43642,THMB',OTC,19.5,19.5,0,0,Tehama Bancorp,0,0,0
20010228,43642,THMB',OTC,19.5,19.5,0,0,Tehama Bancorp,0,0,0
20010301,43642,THMB',OTC,18.75,18.75,20,0,Tehama Bancorp,0,0,0
20010302,43642,THMB',OTC,18.5,18.5,30,0,Tehama Bancorp,0,0,0
20010305,43642,THMB',OTC,18.625,18.625,2,0,Tehama Bancorp,0,0,0
20010306,43642,THMB',OTC,18.1875,18.1875,13,0,Tehama Bancorp,0,0,0
20010307,43642,THMB',OTC,18.3125,18.3125,6,0,Tehama Bancorp,0,0,0
20010308,43642,THMB',OTC,18.3125,18.3125,0,0,Tehama Bancorp,0,0,0
20010309,43642,THMB',OTC,18.3125,18.3125,8,0,Tehama Bancorp,0,0,0
