DDate,CSINumber,Symbol,Exchange,DClose,UnAdjustedClose,TotalVolume,Cash,MarketName,PTB,PSR,DPS
19970106,49059,AHLT',OTC,1.063,1.063,40,0,Accuhealth Inc,0,0,0
19970107,49059,AHLT',OTC,1,1,38,0,Accuhealth Inc,0,0,0
19970108,49059,AHLT',OTC,1.25,1.25,220,0,Accuhealth Inc,0,0,0
19970109,49059,AHLT',OTC,1,1,53,0,Accuhealth Inc,0,0,0
19970110,49059,AHLT',OTC,1,1,21,0,Accuhealth Inc,0,0,0
19970113,49059,AHLT',OTC,1,1,0,0,Accuhealth Inc,0,0,0
19970114,49059,AHLT',OTC,1.125,1.125,29,0,Accuhealth Inc,0,0,0
19970115,49059,AHLT',OTC,1.125,1.125,0,0,Accuhealth Inc,0,0,0
19970116,49059,AHLT',OTC,0.875,0.875,1,0,Accuhealth Inc,0,0,0
19970117,49059,AHLT',OTC,0.875,0.875,0,0,Accuhealth Inc,0,0,0
19970120,49059,AHLT',OTC,0.875,0.875,0,0,Accuhealth Inc,0,0,0
19970121,49059,AHLT',OTC,0.875,0.875,70,0,Accuhealth Inc,0,0,0
19970122,49059,AHLT',OTC,1.063,1.063,7,0,Accuhealth Inc,0,0,0
19970123,49059,AHLT',OTC,0.875,0.875,1,0,Accuhealth Inc,0,0,0
19970124,49059,AHLT',OTC,0.875,0.875,0,0,Accuhealth Inc,0,0,0
19970127,49059,AHLT',OTC,0.875,0.875,0,0,Accuhealth Inc,0,0,0
19970128,49059,AHLT',OTC,0.875,0.875,0,0,Accuhealth Inc,0,0,0
19970129,49059,AHLT',OTC,0.938,0.938,10,0,Accuhealth Inc,0,0,0
19970130,49059,AHLT',OTC,0.938,0.938,0,0,Accuhealth Inc,0,0,0
19970131,49059,AHLT',OTC,1.063,1.063,3,0,Accuhealth Inc,0,0,0
19970203,49059,AHLT',OTC,1.063,1.063,0,0,Accuhealth Inc,0,0,0
19970204,49059,AHLT',OTC,1.063,1.063,0,0,Accuhealth Inc,0,0,0
19970205,49059,AHLT',OTC,1.063,1.063,10,0,Accuhealth Inc,0,0,0
19970206,49059,AHLT',OTC,1.063,1.063,0,0,Accuhealth Inc,0,0,0
19970207,49059,AHLT',OTC,1.063,1.063,0,0,Accuhealth Inc,0,0,0
19970210,49059,AHLT',OTC,1.063,1.063,0,0,Accuhealth Inc,0,0,0
19970211,49059,AHLT',OTC,1.063,1.063,80,0,Accuhealth Inc,0,0,0
19970212,49059,AHLT',OTC,1.375,1.375,138,0,Accuhealth Inc,0,0,0
19970213,49059,AHLT',OTC,1.875,1.875,169,0,Accuhealth Inc,0,0,0
19970214,49059,AHLT',OTC,1.938,1.938,105,0,Accuhealth Inc,0,0,0
19970218,49059,AHLT',OTC,2.5,2.5,219,0,Accuhealth Inc,0,0,0
19970219,49059,AHLT',OTC,2.563,2.563,51,0,Accuhealth Inc,0,0,0
19970220,49059,AHLT',OTC,2.563,2.563,0,0,Accuhealth Inc,0,0,0
19970221,49059,AHLT',OTC,2.5,2.5,64,0,Accuhealth Inc,0,0,0
19970224,49059,AHLT',OTC,3.219,3.219,674,0,Accuhealth Inc,0,0,0
19970225,49059,AHLT',OTC,3.25,3.25,190,0,Accuhealth Inc,0,0,0
19970226,49059,AHLT',OTC,3.125,3.125,130,0,Accuhealth Inc,0,0,0
19970227,49059,AHLT',OTC,3,3,65,0,Accuhealth Inc,0,0,0
19970228,49059,AHLT',OTC,2.75,2.75,23,0,Accuhealth Inc,0,0,0
19970303,49059,AHLT',OTC,2.75,2.75,0,0,Accuhealth Inc,0,0,0
19970304,49059,AHLT',OTC,2.625,2.625,12,0,Accuhealth Inc,0,0,0
19970305,49059,AHLT',OTC,2.5,2.5,207,0,Accuhealth Inc,0,0,0
19970306,49059,AHLT',OTC,2.5,2.5,0,0,Accuhealth Inc,0,0,0
19970307,49059,AHLT',OTC,2.5,2.5,0,0,Accuhealth Inc,0,0,0
19970310,49059,AHLT',OTC,2.5,2.5,0,0,Accuhealth Inc,0,0,0
19970311,49059,AHLT',OTC,2.375,2.375,500,0,Accuhealth Inc,0,0,0
19970312,49059,AHLT',OTC,2.375,2.375,0,0,Accuhealth Inc,0,0,0
19970313,49059,AHLT',OTC,1.937,1.937,258,0,Accuhealth Inc,0,0,0
19970314,49059,AHLT',OTC,2.062,2.062,55,0,Accuhealth Inc,0,0,0
19970317,49059,AHLT',OTC,1.75,1.75,3,0,Accuhealth Inc,0,0,0
19970318,49059,AHLT',OTC,1.75,1.75,30,0,Accuhealth Inc,0,0,0
19970319,49059,AHLT',OTC,1.687,1.687,80,0,Accuhealth Inc,0,0,0
19970320,49059,AHLT',OTC,1.812,1.812,126,0,Accuhealth Inc,0,0,0
19970321,49059,AHLT',OTC,2,2,60,0,Accuhealth Inc,0,0,0
19970324,49059,AHLT',OTC,2,2,0,0,Accuhealth Inc,0,0,0
19970325,49059,AHLT',OTC,2,2,0,0,Accuhealth Inc,0,0,0
19970326,49059,AHLT',OTC,2,2,56,0,Accuhealth Inc,0,0,0
19970327,49059,AHLT',OTC,2,2,0,0,Accuhealth Inc,0,0,0
19970331,49059,AHLT',OTC,2,2,0,0,Accuhealth Inc,0,0,0
19970401,49059,AHLT',OTC,2,2,0,0,Accuhealth Inc,0,0,0
19970402,49059,AHLT',OTC,2,2,0,0,Accuhealth Inc,0,0,0
19970403,49059,AHLT',OTC,2,2,0,0,Accuhealth Inc,0,0,0
19970404,49059,AHLT',OTC,1.875,1.875,2,0,Accuhealth Inc,0,0,0
19970407,49059,AHLT',OTC,1.875,1.875,0,0,Accuhealth Inc,0,0,0
19970408,49059,AHLT',OTC,1.875,1.875,0,0,Accuhealth Inc,0,0,0
19970409,49059,AHLT',OTC,1.875,1.875,50,0,Accuhealth Inc,0,0,0
19970410,49059,AHLT',OTC,1.875,1.875,0,0,Accuhealth Inc,0,0,0
19970411,49059,AHLT',OTC,1.875,1.875,10,0,Accuhealth Inc,0,0,0
19970414,49059,AHLT',OTC,1.875,1.875,0,0,Accuhealth Inc,0,0,0
19970415,49059,AHLT',OTC,1.937,1.937,350,0,Accuhealth Inc,0,0,0
19970416,49059,AHLT',OTC,1.937,1.937,0,0,Accuhealth Inc,0,0,0
19970417,49059,AHLT',OTC,1.937,1.937,0,0,Accuhealth Inc,0,0,0
19970418,49059,AHLT',OTC,2.125,2.125,500,0,Accuhealth Inc,0,0,0
19970421,49059,AHLT',OTC,1.937,1.937,1000,0,Accuhealth Inc,0,0,0
19970422,49059,AHLT',OTC,1.937,1.937,0,0,Accuhealth Inc,0,0,0
19970423,49059,AHLT',OTC,1.875,1.875,300,0,Accuhealth Inc,0,0,0
19970424,49059,AHLT',OTC,1.875,1.875,0,0,Accuhealth Inc,0,0,0
19970425,49059,AHLT',OTC,1.875,1.875,500,0,Accuhealth Inc,0,0,0
19970428,49059,AHLT',OTC,1.875,1.875,0,0,Accuhealth Inc,0,0,0
19970429,49059,AHLT',OTC,1.875,1.875,0,0,Accuhealth Inc,0,0,0
19970430,49059,AHLT',OTC,1.875,1.875,0,0,Accuhealth Inc,0,0,0
19970501,49059,AHLT',OTC,1.875,1.875,0,0,Accuhealth Inc,0,0,0
19970502,49059,AHLT',OTC,1.875,1.875,0,0,Accuhealth Inc,0,0,0
19970505,49059,AHLT',OTC,1.875,1.875,0,0,Accuhealth Inc,0,0,0
19970506,49059,AHLT',OTC,1.875,1.875,0,0,Accuhealth Inc,0,0,0
19970507,49059,AHLT',OTC,1.875,1.875,0,0,Accuhealth Inc,0,0,0
19970508,49059,AHLT',OTC,1.875,1.875,0,0,Accuhealth Inc,0,0,0
19970509,49059,AHLT',OTC,1.875,1.875,30,0,Accuhealth Inc,0,0,0
19970512,49059,AHLT',OTC,1.875,1.875,0,0,Accuhealth Inc,0,0,0
19970513,49059,AHLT',OTC,1.875,1.875,0,0,Accuhealth Inc,0,0,0
19970514,49059,AHLT',OTC,1.875,1.875,0,0,Accuhealth Inc,0,0,0
19970515,49059,AHLT',OTC,1.875,1.875,0,0,Accuhealth Inc,0,0,0
19970516,49059,AHLT',OTC,1.875,1.875,0,0,Accuhealth Inc,0,0,0
19970519,49059,AHLT',OTC,1.812,1.812,16,0,Accuhealth Inc,0,0,0
19970520,49059,AHLT',OTC,1.812,1.812,0,0,Accuhealth Inc,0,0,0
19970521,49059,AHLT',OTC,1.625,1.625,12,0,Accuhealth Inc,0,0,0
19970522,49059,AHLT',OTC,1.625,1.625,0,0,Accuhealth Inc,0,0,0
19970523,49059,AHLT',OTC,1.625,1.625,15,0,Accuhealth Inc,0,0,0
19970527,49059,AHLT',OTC,1.625,1.625,0,0,Accuhealth Inc,0,0,0
19970528,49059,AHLT',OTC,1.625,1.625,0,0,Accuhealth Inc,0,0,0
19970529,49059,AHLT',OTC,1.875,1.875,194,0,Accuhealth Inc,0,0,0
19970530,49059,AHLT',OTC,1.875,1.875,0,0,Accuhealth Inc,0,0,0
19970602,49059,AHLT',OTC,1.875,1.875,0,0,Accuhealth Inc,0,0,0
19970603,49059,AHLT',OTC,1.875,1.875,0,0,Accuhealth Inc,0,0,0
19970604,49059,AHLT',OTC,1.75,1.75,6,0,Accuhealth Inc,0,0,0
19970605,49059,AHLT',OTC,1.75,1.75,0,0,Accuhealth Inc,0,0,0
19970606,49059,AHLT',OTC,1.75,1.75,0,0,Accuhealth Inc,0,0,0
19970609,49059,AHLT',OTC,1.75,1.75,0,0,Accuhealth Inc,0,0,0
19970610,49059,AHLT',OTC,1.75,1.75,0,0,Accuhealth Inc,0,0,0
19970611,49059,AHLT',OTC,1.75,1.75,0,0,Accuhealth Inc,0,0,0
19970612,49059,AHLT',OTC,1.625,1.625,30,0,Accuhealth Inc,0,0,0
19970613,49059,AHLT',OTC,1.875,1.875,105,0,Accuhealth Inc,0,0,0
19970616,49059,AHLT',OTC,1.937,1.937,15,0,Accuhealth Inc,0,0,0
19970617,49059,AHLT',OTC,1.937,1.937,0,0,Accuhealth Inc,0,0,0
19970618,49059,AHLT',OTC,2.062,2.062,38,0,Accuhealth Inc,0,0,0
19970619,49059,AHLT',OTC,2.062,2.062,0,0,Accuhealth Inc,0,0,0
19970620,49059,AHLT',OTC,2.062,2.062,0,0,Accuhealth Inc,0,0,0
19970623,49059,AHLT',OTC,2.187,2.187,2,0,Accuhealth Inc,0,0,0
19970624,49059,AHLT',OTC,2,2,10,0,Accuhealth Inc,0,0,0
19970625,49059,AHLT',OTC,2.187,2.187,11,0,Accuhealth Inc,0,0,0
19970626,49059,AHLT',OTC,2.25,2.25,60,0,Accuhealth Inc,0,0,0
19970627,49059,AHLT',OTC,2.25,2.25,10,0,Accuhealth Inc,0,0,0
19970630,49059,AHLT',OTC,3.5,3.5,746,0,Accuhealth Inc,0,0,0
19970701,49059,AHLT',OTC,2.875,2.875,143,0,Accuhealth Inc,0,0,0
19970702,49059,AHLT',OTC,2.375,2.375,135,0,Accuhealth Inc,0,0,0
19970703,49059,AHLT',OTC,2.25,2.25,10,0,Accuhealth Inc,0,0,0
19970707,49059,AHLT',OTC,2.25,2.25,0,0,Accuhealth Inc,0,0,0
19970708,49059,AHLT',OTC,2.25,2.25,0,0,Accuhealth Inc,0,0,0
19970709,49059,AHLT',OTC,2.25,2.25,0,0,Accuhealth Inc,0,0,0
19970710,49059,AHLT',OTC,2.25,2.25,0,0,Accuhealth Inc,0,0,0
19970711,49059,AHLT',OTC,2.25,2.25,0,0,Accuhealth Inc,0,0,0
19970714,49059,AHLT',OTC,2.25,2.25,0,0,Accuhealth Inc,0,0,0
19970715,49059,AHLT',OTC,2.25,2.25,0,0,Accuhealth Inc,0,0,0
19970716,49059,AHLT',OTC,2.25,2.25,0,0,Accuhealth Inc,0,0,0
19970717,49059,AHLT',OTC,2.25,2.25,0,0,Accuhealth Inc,0,0,0
19970718,49059,AHLT',OTC,2.25,2.25,0,0,Accuhealth Inc,0,0,0
19970721,49059,AHLT',OTC,2.375,2.375,25,0,Accuhealth Inc,0,0,0
19970722,49059,AHLT',OTC,2.375,2.375,0,0,Accuhealth Inc,0,0,0
19970723,49059,AHLT',OTC,2.375,2.375,0,0,Accuhealth Inc,0,0,0
19970724,49059,AHLT',OTC,2.375,2.375,0,0,Accuhealth Inc,0,0,0
19970725,49059,AHLT',OTC,2.375,2.375,0,0,Accuhealth Inc,0,0,0
19970728,49059,AHLT',OTC,2.375,2.375,0,0,Accuhealth Inc,0,0,0
19970729,49059,AHLT',OTC,1.875,1.875,17,0,Accuhealth Inc,0,0,0
19970730,49059,AHLT',OTC,1.875,1.875,1,0,Accuhealth Inc,0,0,0
19970731,49059,AHLT',OTC,1.875,1.875,0,0,Accuhealth Inc,0,0,0
19970801,49059,AHLT',OTC,1.875,1.875,0,0,Accuhealth Inc,0,0,0
19970804,49059,AHLT',OTC,1.875,1.875,0,0,Accuhealth Inc,0,0,0
19970805,49059,AHLT',OTC,2.125,2.125,5,0,Accuhealth Inc,0,0,0
19970806,49059,AHLT',OTC,1.75,1.75,1,0,Accuhealth Inc,0,0,0
19970807,49059,AHLT',OTC,1.75,1.75,0,0,Accuhealth Inc,0,0,0
19970808,49059,AHLT',OTC,1.75,1.75,0,0,Accuhealth Inc,0,0,0
19970811,49059,AHLT',OTC,1.75,1.75,0,0,Accuhealth Inc,0,0,0
19970812,49059,AHLT',OTC,1.75,1.75,0,0,Accuhealth Inc,0,0,0
19970813,49059,AHLT',OTC,2.25,2.25,30,0,Accuhealth Inc,0,0,0
19970814,49059,AHLT',OTC,2.25,2.25,0,0,Accuhealth Inc,0,0,0
19970815,49059,AHLT',OTC,2.25,2.25,0,0,Accuhealth Inc,0,0,0
19970818,49059,AHLT',OTC,2,2,10,0,Accuhealth Inc,0,0,0
19970819,49059,AHLT',OTC,1.812,1.812,4,0,Accuhealth Inc,0,0,0
19970820,49059,AHLT',OTC,1.812,1.812,0,0,Accuhealth Inc,0,0,0
19970821,49059,AHLT',OTC,1.812,1.812,0,0,Accuhealth Inc,0,0,0
19970822,49059,AHLT',OTC,1.812,1.812,0,0,Accuhealth Inc,0,0,0
19970825,49059,AHLT',OTC,2.25,2.25,5,0,Accuhealth Inc,0,0,0
19970826,49059,AHLT',OTC,2.25,2.25,0,0,Accuhealth Inc,0,0,0
19970827,49059,AHLT',OTC,2.25,2.25,0,0,Accuhealth Inc,0,0,0
19970828,49059,AHLT',OTC,2.25,2.25,0,0,Accuhealth Inc,0,0,0
19970829,49059,AHLT',OTC,2.25,2.25,0,0,Accuhealth Inc,0,0,0
19970902,49059,AHLT',OTC,2.25,2.25,0,0,Accuhealth Inc,0,0,0
19970903,49059,AHLT',OTC,2.125,2.125,20,0,Accuhealth Inc,0,0,0
19970904,49059,AHLT',OTC,2.125,2.125,0,0,Accuhealth Inc,0,0,0
19970905,49059,AHLT',OTC,1.875,1.875,44,0,Accuhealth Inc,0,0,0
19970908,49059,AHLT',OTC,1.875,1.875,0,0,Accuhealth Inc,0,0,0
19970909,49059,AHLT',OTC,1.875,1.875,0,0,Accuhealth Inc,0,0,0
19970910,49059,AHLT',OTC,1.875,1.875,0,0,Accuhealth Inc,0,0,0
19970911,49059,AHLT',OTC,1.875,1.875,130,0,Accuhealth Inc,0,0,0
19970912,49059,AHLT',OTC,1.875,1.875,70,0,Accuhealth Inc,0,0,0
19970915,49059,AHLT',OTC,1.875,1.875,0,0,Accuhealth Inc,0,0,0
19970916,49059,AHLT',OTC,1.875,1.875,0,0,Accuhealth Inc,0,0,0
19970917,49059,AHLT',OTC,2,2,59,0,Accuhealth Inc,0,0,0
19970918,49059,AHLT',OTC,2,2,0,0,Accuhealth Inc,0,0,0
19970919,49059,AHLT',OTC,2,2,0,0,Accuhealth Inc,0,0,0
19970922,49059,AHLT',OTC,2,2,0,0,Accuhealth Inc,0,0,0
19970923,49059,AHLT',OTC,2.375,2.375,5,0,Accuhealth Inc,0,0,0
19970924,49059,AHLT',OTC,2.375,2.375,0,0,Accuhealth Inc,0,0,0
19970925,49059,AHLT',OTC,2.375,2.375,0,0,Accuhealth Inc,0,0,0
19970926,49059,AHLT',OTC,2.375,2.375,0,0,Accuhealth Inc,0,0,0
19970929,49059,AHLT',OTC,2.375,2.375,20,0,Accuhealth Inc,0,0,0
19970930,49059,AHLT',OTC,2.25,2.25,43,0,Accuhealth Inc,0,0,0
19971001,49059,AHLT',OTC,2.25,2.25,0,0,Accuhealth Inc,0,0,0
19971002,49059,AHLT',OTC,2.25,2.25,0,0,Accuhealth Inc,0,0,0
19971003,49059,AHLT',OTC,2.125,2.125,10,0,Accuhealth Inc,0,0,0
19971006,49059,AHLT',OTC,2.125,2.125,0,0,Accuhealth Inc,0,0,0
19971007,49059,AHLT',OTC,2.5,2.5,115,0,Accuhealth Inc,0,0,0
19971008,49059,AHLT',OTC,2.125,2.125,100,0,Accuhealth Inc,0,0,0
19971009,49059,AHLT',OTC,2.125,2.125,0,0,Accuhealth Inc,0,0,0
19971010,49059,AHLT',OTC,2.125,2.125,0,0,Accuhealth Inc,0,0,0
19971013,49059,AHLT',OTC,2.125,2.125,0,0,Accuhealth Inc,0,0,0
19971014,49059,AHLT',OTC,2.625,2.625,10,0,Accuhealth Inc,0,0,0
19971015,49059,AHLT',OTC,2.625,2.625,0,0,Accuhealth Inc,0,0,0
19971016,49059,AHLT',OTC,2.625,2.625,0,0,Accuhealth Inc,0,0,0
19971017,49059,AHLT',OTC,2.625,2.625,0,0,Accuhealth Inc,0,0,0
19971020,49059,AHLT',OTC,2.125,2.125,5,0,Accuhealth Inc,0,0,0
19971021,49059,AHLT',OTC,2.125,2.125,20,0,Accuhealth Inc,0,0,0
19971022,49059,AHLT',OTC,2.125,2.125,30,0,Accuhealth Inc,0,0,0
19971023,49059,AHLT',OTC,2.125,2.125,0,0,Accuhealth Inc,0,0,0
19971024,49059,AHLT',OTC,2.125,2.125,0,0,Accuhealth Inc,0,0,0
19971027,49059,AHLT',OTC,2.125,2.125,8,0,Accuhealth Inc,0,0,0
19971028,49059,AHLT',OTC,2.125,2.125,0,0,Accuhealth Inc,0,0,0
19971029,49059,AHLT',OTC,2.125,2.125,10,0,Accuhealth Inc,0,0,0
19971030,49059,AHLT',OTC,2.125,2.125,0,0,Accuhealth Inc,0,0,0
19971031,49059,AHLT',OTC,2.125,2.125,0,0,Accuhealth Inc,0,0,0
19971103,49059,AHLT',OTC,2.125,2.125,0,0,Accuhealth Inc,0,0,0
19971104,49059,AHLT',OTC,2.125,2.125,0,0,Accuhealth Inc,0,0,0
19971105,49059,AHLT',OTC,2.5,2.5,14,0,Accuhealth Inc,0,0,0
19971106,49059,AHLT',OTC,2.5,2.5,0,0,Accuhealth Inc,0,0,0
19971107,49059,AHLT',OTC,2.5,2.5,0,0,Accuhealth Inc,0,0,0
19971110,49059,AHLT',OTC,2.5,2.5,0,0,Accuhealth Inc,0,0,0
19971111,49059,AHLT',OTC,2.5,2.5,0,0,Accuhealth Inc,0,0,0
19971112,49059,AHLT',OTC,2.5,2.5,0,0,Accuhealth Inc,0,0,0
19971113,49059,AHLT',OTC,2.5,2.5,0,0,Accuhealth Inc,0,0,0
19971114,49059,AHLT',OTC,2.5,2.5,0,0,Accuhealth Inc,0,0,0
19971117,49059,AHLT',OTC,2.5,2.5,0,0,Accuhealth Inc,0,0,0
19971118,49059,AHLT',OTC,2.5,2.5,0,0,Accuhealth Inc,0,0,0
19971119,49059,AHLT',OTC,2.5,2.5,0,0,Accuhealth Inc,0,0,0
19971120,49059,AHLT',OTC,2.5,2.5,0,0,Accuhealth Inc,0,0,0
19971121,49059,AHLT',OTC,2.5,2.5,0,0,Accuhealth Inc,0,0,0
19971124,49059,AHLT',OTC,2.5,2.5,0,0,Accuhealth Inc,0,0,0
19971125,49059,AHLT',OTC,2,2,1,0,Accuhealth Inc,0,0,0
19971126,49059,AHLT',OTC,2,2,0,0,Accuhealth Inc,0,0,0
19971128,49059,AHLT',OTC,2,2,0,0,Accuhealth Inc,0,0,0
19971201,49059,AHLT',OTC,1.875,1.875,1,0,Accuhealth Inc,0,0,0
19971202,49059,AHLT',OTC,1.875,1.875,0,0,Accuhealth Inc,0,0,0
19971203,49059,AHLT',OTC,1.875,1.875,0,0,Accuhealth Inc,0,0,0
19971204,49059,AHLT',OTC,1.875,1.875,10,0,Accuhealth Inc,0,0,0
19971205,49059,AHLT',OTC,1.875,1.875,0,0,Accuhealth Inc,0,0,0
19971208,49059,AHLT',OTC,2.375,2.375,5,0,Accuhealth Inc,0,0,0
19971209,49059,AHLT',OTC,2.375,2.375,0,0,Accuhealth Inc,0,0,0
19971210,49059,AHLT',OTC,2,2,34,0,Accuhealth Inc,0,0,0
19971211,49059,AHLT',OTC,2,2,0,0,Accuhealth Inc,0,0,0
19971212,49059,AHLT',OTC,2,2,0,0,Accuhealth Inc,0,0,0
19971215,49059,AHLT',OTC,2,2,80,0,Accuhealth Inc,0,0,0
19971216,49059,AHLT',OTC,2,2,0,0,Accuhealth Inc,0,0,0
19971217,49059,AHLT',OTC,2,2,0,0,Accuhealth Inc,0,0,0
19971218,49059,AHLT',OTC,1.875,1.875,20,0,Accuhealth Inc,0,0,0
19971219,49059,AHLT',OTC,1.875,1.875,0,0,Accuhealth Inc,0,0,0
19971222,49059,AHLT',OTC,1,1,565,0,Accuhealth Inc,0,0,0
19971223,49059,AHLT',OTC,1.25,1.25,210,0,Accuhealth Inc,0,0,0
19971224,49059,AHLT',OTC,1.5,1.5,155,0,Accuhealth Inc,0,0,0
19971226,49059,AHLT',OTC,1.5,1.5,0,0,Accuhealth Inc,0,0,0
19971229,49059,AHLT',OTC,1.25,1.25,42,0,Accuhealth Inc,0,0,0
19971230,49059,AHLT',OTC,1.25,1.25,42,0,Accuhealth Inc,0,0,0
19971231,49059,AHLT',OTC,1.625,1.625,96,0,Accuhealth Inc,0,0,0
19980102,49059,AHLT',OTC,1.875,1.875,30,0,Accuhealth Inc,0,0,0
19980105,49059,AHLT',OTC,1.5,1.5,41,0,Accuhealth Inc,0,0,0
19980106,49059,AHLT',OTC,1.5,1.5,0,0,Accuhealth Inc,0,0,0
19980107,49059,AHLT',OTC,1.5,1.5,20,0,Accuhealth Inc,0,0,0
19980108,49059,AHLT',OTC,1.5,1.5,0,0,Accuhealth Inc,0,0,0
19980109,49059,AHLT',OTC,1.5,1.5,0,0,Accuhealth Inc,0,0,0
19980112,49059,AHLT',OTC,1.5,1.5,46,0,Accuhealth Inc,0,0,0
19980113,49059,AHLT',OTC,1.5,1.5,0,0,Accuhealth Inc,0,0,0
19980114,49059,AHLT',OTC,1.5,1.5,0,0,Accuhealth Inc,0,0,0
19980115,49059,AHLT',OTC,2,2,15,0,Accuhealth Inc,0,0,0
19980116,49059,AHLT',OTC,2,2,51,0,Accuhealth Inc,0,0,0
19980120,49059,AHLT',OTC,2.25,2.25,30,0,Accuhealth Inc,0,0,0
19980121,49059,AHLT',OTC,2.25,2.25,0,0,Accuhealth Inc,0,0,0
19980122,49059,AHLT',OTC,2.25,2.25,0,0,Accuhealth Inc,0,0,0
19980123,49059,AHLT',OTC,2.125,2.125,5,0,Accuhealth Inc,0,0,0
19980126,49059,AHLT',OTC,2.187,2.187,10,0,Accuhealth Inc,0,0,0
19980127,49059,AHLT',OTC,2.437,2.437,15,0,Accuhealth Inc,0,0,0
19980128,49059,AHLT',OTC,2.875,2.875,59,0,Accuhealth Inc,0,0,0
19980129,49059,AHLT',OTC,2.5,2.5,40,0,Accuhealth Inc,0,0,0
19980130,49059,AHLT',OTC,2.437,2.437,10,0,Accuhealth Inc,0,0,0
19980202,49059,AHLT',OTC,2.562,2.562,302,0,Accuhealth Inc,0,0,0
19980203,49059,AHLT',OTC,2.625,2.625,150,0,Accuhealth Inc,0,0,0
19980204,49059,AHLT',OTC,2.437,2.437,30,0,Accuhealth Inc,0,0,0
19980205,49059,AHLT',OTC,2.437,2.437,0,0,Accuhealth Inc,0,0,0
19980206,49059,AHLT',OTC,2.25,2.25,30,0,Accuhealth Inc,0,0,0
19980209,49059,AHLT',OTC,2.25,2.25,0,0,Accuhealth Inc,0,0,0
19980210,49059,AHLT',OTC,2.25,2.25,0,0,Accuhealth Inc,0,0,0
19980211,49059,AHLT',OTC,2.25,2.25,0,0,Accuhealth Inc,0,0,0
19980212,49059,AHLT',OTC,2.25,2.25,0,0,Accuhealth Inc,0,0,0
19980213,49059,AHLT',OTC,2.25,2.25,0,0,Accuhealth Inc,0,0,0
19980217,49059,AHLT',OTC,2.25,2.25,0,0,Accuhealth Inc,0,0,0
19980218,49059,AHLT',OTC,2,2,10,0,Accuhealth Inc,0,0,0
19980219,49059,AHLT',OTC,2,2,0,0,Accuhealth Inc,0,0,0
19980220,49059,AHLT',OTC,2,2,0,0,Accuhealth Inc,0,0,0
19980223,49059,AHLT',OTC,2,2,0,0,Accuhealth Inc,0,0,0
19980224,49059,AHLT',OTC,2,2,0,0,Accuhealth Inc,0,0,0
19980225,49059,AHLT',OTC,2,2,0,0,Accuhealth Inc,0,0,0
19980226,49059,AHLT',OTC,2,2,0,0,Accuhealth Inc,0,0,0
19980227,49059,AHLT',OTC,2,2,0,0,Accuhealth Inc,0,0,0
19980302,49059,AHLT',OTC,1.75,1.75,2,0,Accuhealth Inc,0,0,0
19980303,49059,AHLT',OTC,1.75,1.75,0,0,Accuhealth Inc,0,0,0
19980304,49059,AHLT',OTC,1.75,1.75,0,0,Accuhealth Inc,0,0,0
19980305,49059,AHLT',OTC,1.75,1.75,0,0,Accuhealth Inc,0,0,0
19980306,49059,AHLT',OTC,2,2,20,0,Accuhealth Inc,0,0,0
19980309,49059,AHLT',OTC,2,2,0,0,Accuhealth Inc,0,0,0
19980310,49059,AHLT',OTC,2,2,0,0,Accuhealth Inc,0,0,0
19980311,49059,AHLT',OTC,1.937,1.937,20,0,Accuhealth Inc,0,0,0
19980312,49059,AHLT',OTC,1.75,1.75,8,0,Accuhealth Inc,0,0,0
19980313,49059,AHLT',OTC,1.75,1.75,0,0,Accuhealth Inc,0,0,0
19980316,49059,AHLT',OTC,1.75,1.75,40,0,Accuhealth Inc,0,0,0
19980317,49059,AHLT',OTC,1.75,1.75,5,0,Accuhealth Inc,0,0,0
19980318,49059,AHLT',OTC,1.75,1.75,0,0,Accuhealth Inc,0,0,0
19980319,49059,AHLT',OTC,1.75,1.75,0,0,Accuhealth Inc,0,0,0
19980320,49059,AHLT',OTC,1.75,1.75,2,0,Accuhealth Inc,0,0,0
19980323,49059,AHLT',OTC,1.75,1.75,0,0,Accuhealth Inc,0,0,0
19980324,49059,AHLT',OTC,1.75,1.75,0,0,Accuhealth Inc,0,0,0
19980325,49059,AHLT',OTC,1.75,1.75,0,0,Accuhealth Inc,0,0,0
19980326,49059,AHLT',OTC,1.75,1.75,0,0,Accuhealth Inc,0,0,0
19980327,49059,AHLT',OTC,1.75,1.75,10,0,Accuhealth Inc,0,0,0
19980330,49059,AHLT',OTC,1.75,1.75,0,0,Accuhealth Inc,0,0,0
19980331,49059,AHLT',OTC,1.375,1.375,185,0,Accuhealth Inc,0,0,0
19980401,49059,AHLT',OTC,1.375,1.375,0,0,Accuhealth Inc,0,0,0
19980402,49059,AHLT',OTC,1.375,1.375,0,0,Accuhealth Inc,0,0,0
19980403,49059,AHLT',OTC,1.75,1.75,100,0,Accuhealth Inc,0,0,0
19980406,49059,AHLT',OTC,1.562,1.562,6,0,Accuhealth Inc,0,0,0
19980407,49059,AHLT',OTC,1.562,1.562,0,0,Accuhealth Inc,0,0,0
19980408,49059,AHLT',OTC,1.562,1.562,0,0,Accuhealth Inc,0,0,0
19980409,49059,AHLT',OTC,1.562,1.562,0,0,Accuhealth Inc,0,0,0
19980413,49059,AHLT',OTC,1.5,1.5,3,0,Accuhealth Inc,0,0,0
19980414,49059,AHLT',OTC,1.5,1.5,0,0,Accuhealth Inc,0,0,0
19980415,49059,AHLT',OTC,1.5,1.5,0,0,Accuhealth Inc,0,0,0
19980416,49059,AHLT',OTC,1.5,1.5,0,0,Accuhealth Inc,0,0,0
19980417,49059,AHLT',OTC,1.5,1.5,0,0,Accuhealth Inc,0,0,0
19980420,49059,AHLT',OTC,1.562,1.562,6,0,Accuhealth Inc,0,0,0
19980421,49059,AHLT',OTC,1.75,1.75,31,0,Accuhealth Inc,0,0,0
19980422,49059,AHLT',OTC,1.75,1.75,1,0,Accuhealth Inc,0,0,0
19980423,49059,AHLT',OTC,1.75,1.75,0,0,Accuhealth Inc,0,0,0
19980424,49059,AHLT',OTC,1.75,1.75,5,0,Accuhealth Inc,0,0,0
19980427,49059,AHLT',OTC,1.75,1.75,2,0,Accuhealth Inc,0,0,0
19980428,49059,AHLT',OTC,1.75,1.75,0,0,Accuhealth Inc,0,0,0
19980429,49059,AHLT',OTC,1.75,1.75,0,0,Accuhealth Inc,0,0,0
19980430,49059,AHLT',OTC,1.687,1.687,100,0,Accuhealth Inc,0,0,0
19980501,49059,AHLT',OTC,1.625,1.625,200,0,Accuhealth Inc,0,0,0
19980504,49059,AHLT',OTC,1.625,1.625,10,0,Accuhealth Inc,0,0,0
19980505,49059,AHLT',OTC,1.625,1.625,0,0,Accuhealth Inc,0,0,0
19980506,49059,AHLT',OTC,1.625,1.625,0,0,Accuhealth Inc,0,0,0
19980507,49059,AHLT',OTC,1.625,1.625,0,0,Accuhealth Inc,0,0,0
19980508,49059,AHLT',OTC,1.625,1.625,0,0,Accuhealth Inc,0,0,0
19980511,49059,AHLT',OTC,1.625,1.625,0,0,Accuhealth Inc,0,0,0
19980512,49059,AHLT',OTC,1.625,1.625,0,0,Accuhealth Inc,0,0,0
19980513,49059,AHLT',OTC,1.625,1.625,150,0,Accuhealth Inc,0,0,0
19980514,49059,AHLT',OTC,1.625,1.625,0,0,Accuhealth Inc,0,0,0
19980515,49059,AHLT',OTC,1.625,1.625,0,0,Accuhealth Inc,0,0,0
19980518,49059,AHLT',OTC,1.625,1.625,0,0,Accuhealth Inc,0,0,0
19980519,49059,AHLT',OTC,1.625,1.625,0,0,Accuhealth Inc,0,0,0
19980520,49059,AHLT',OTC,1.625,1.625,0,0,Accuhealth Inc,0,0,0
19980521,49059,AHLT',OTC,1.625,1.625,0,0,Accuhealth Inc,0,0,0
19980522,49059,AHLT',OTC,2.125,2.125,188,0,Accuhealth Inc,0,0,0
19980526,49059,AHLT',OTC,2,2,20,0,Accuhealth Inc,0,0,0
19980527,49059,AHLT',OTC,2.125,2.125,84,0,Accuhealth Inc,0,0,0
19980528,49059,AHLT',OTC,2.125,2.125,0,0,Accuhealth Inc,0,0,0
19980529,49059,AHLT',OTC,2,2,10,0,Accuhealth Inc,0,0,0
19980601,49059,AHLT',OTC,2,2,0,0,Accuhealth Inc,0,0,0
19980602,49059,AHLT',OTC,2.062,2.062,5,0,Accuhealth Inc,0,0,0
19980603,49059,AHLT',OTC,2,2,20,0,Accuhealth Inc,0,0,0
19980604,49059,AHLT',OTC,1.75,1.75,97,0,Accuhealth Inc,0,0,0
19980605,49059,AHLT',OTC,1.75,1.75,10,0,Accuhealth Inc,0,0,0
19980608,49059,AHLT',OTC,1.75,1.75,0,0,Accuhealth Inc,0,0,0
19980609,49059,AHLT',OTC,1.75,1.75,0,0,Accuhealth Inc,0,0,0
19980610,49059,AHLT',OTC,1.625,1.625,2,0,Accuhealth Inc,0,0,0
19980611,49059,AHLT',OTC,1.625,1.625,0,0,Accuhealth Inc,0,0,0
19980612,49059,AHLT',OTC,1.625,1.625,0,0,Accuhealth Inc,0,0,0
19980615,49059,AHLT',OTC,1.625,1.625,0,0,Accuhealth Inc,0,0,0
19980616,49059,AHLT',OTC,1.625,1.625,0,0,Accuhealth Inc,0,0,0
19980617,49059,AHLT',OTC,1.625,1.625,0,0,Accuhealth Inc,0,0,0
19980618,49059,AHLT',OTC,1.625,1.625,0,0,Accuhealth Inc,0,0,0
19980619,49059,AHLT',OTC,1.625,1.625,0,0,Accuhealth Inc,0,0,0
19980622,49059,AHLT',OTC,1.625,1.625,0,0,Accuhealth Inc,0,0,0
19980623,49059,AHLT',OTC,1.625,1.625,27,0,Accuhealth Inc,0,0,0
19980624,49059,AHLT',OTC,1.625,1.625,0,0,Accuhealth Inc,0,0,0
19980625,49059,AHLT',OTC,1.812,1.812,1,0,Accuhealth Inc,0,0,0
19980626,49059,AHLT',OTC,1.812,1.812,0,0,Accuhealth Inc,0,0,0
19980629,49059,AHLT',OTC,1.625,1.625,20,0,Accuhealth Inc,0,0,0
19980630,49059,AHLT',OTC,1.687,1.687,19,0,Accuhealth Inc,0,0,0
19980701,49059,AHLT',OTC,1.687,1.687,0,0,Accuhealth Inc,0,0,0
19980702,49059,AHLT',OTC,1.687,1.687,0,0,Accuhealth Inc,0,0,0
19980706,49059,AHLT',OTC,1.687,1.687,0,0,Accuhealth Inc,0,0,0
19980707,49059,AHLT',OTC,1.687,1.687,1,0,Accuhealth Inc,0,0,0
19980708,49059,AHLT',OTC,1.687,1.687,0,0,Accuhealth Inc,0,0,0
19980709,49059,AHLT',OTC,1.593,1.593,300,0,Accuhealth Inc,0,0,0
19980710,49059,AHLT',OTC,1.593,1.593,0,0,Accuhealth Inc,0,0,0
19980713,49059,AHLT',OTC,1.562,1.562,60,0,Accuhealth Inc,0,0,0
19980714,49059,AHLT',OTC,1.562,1.562,0,0,Accuhealth Inc,0,0,0
19980715,49059,AHLT',OTC,1.562,1.562,5,0,Accuhealth Inc,0,0,0
19980716,49059,AHLT',OTC,1.562,1.562,0,0,Accuhealth Inc,0,0,0
19980717,49059,AHLT',OTC,1.562,1.562,0,0,Accuhealth Inc,0,0,0
19980720,49059,AHLT',OTC,1.6,1.6,165,0,Accuhealth Inc,0,0,0
19980721,49059,AHLT',OTC,1.6,1.6,0,0,Accuhealth Inc,0,0,0
19980722,49059,AHLT',OTC,1.687,1.687,81,0,Accuhealth Inc,0,0,0
19980723,49059,AHLT',OTC,1.625,1.625,48,0,Accuhealth Inc,0,0,0
19980724,49059,AHLT',OTC,1.625,1.625,0,0,Accuhealth Inc,0,0,0
19980727,49059,AHLT',OTC,1.625,1.625,0,0,Accuhealth Inc,0,0,0
19980728,49059,AHLT',OTC,1.593,1.593,20,0,Accuhealth Inc,0,0,0
19980729,49059,AHLT',OTC,1.562,1.562,2,0,Accuhealth Inc,0,0,0
19980730,49059,AHLT',OTC,1.562,1.562,0,0,Accuhealth Inc,0,0,0
19980731,49059,AHLT',OTC,1.562,1.562,0,0,Accuhealth Inc,0,0,0
19980803,49059,AHLT',OTC,1.687,1.687,75,0,Accuhealth Inc,0,0,0
19980804,49059,AHLT',OTC,1.687,1.687,0,0,Accuhealth Inc,0,0,0
19980805,49059,AHLT',OTC,1.687,1.687,0,0,Accuhealth Inc,0,0,0
19980806,49059,AHLT',OTC,1.812,1.812,5,0,Accuhealth Inc,0,0,0
19980807,49059,AHLT',OTC,1.812,1.812,0,0,Accuhealth Inc,0,0,0
19980810,49059,AHLT',OTC,1.656,1.656,6,0,Accuhealth Inc,0,0,0
19980811,49059,AHLT',OTC,1.656,1.656,0,0,Accuhealth Inc,0,0,0
19980812,49059,AHLT',OTC,1.656,1.656,0,0,Accuhealth Inc,0,0,0
19980813,49059,AHLT',OTC,1.656,1.656,0,0,Accuhealth Inc,0,0,0
19980814,49059,AHLT',OTC,1.656,1.656,0,0,Accuhealth Inc,0,0,0
19980817,49059,AHLT',OTC,1.656,1.656,0,0,Accuhealth Inc,0,0,0
19980818,49059,AHLT',OTC,1.687,1.687,44,0,Accuhealth Inc,0,0,0
19980819,49059,AHLT',OTC,1.687,1.687,0,0,Accuhealth Inc,0,0,0
19980820,49059,AHLT',OTC,1.687,1.687,0,0,Accuhealth Inc,0,0,0
19980821,49059,AHLT',OTC,1.687,1.687,0,0,Accuhealth Inc,0,0,0
19980824,49059,AHLT',OTC,1.687,1.687,0,0,Accuhealth Inc,0,0,0
19980825,49059,AHLT',OTC,1.687,1.687,4,0,Accuhealth Inc,0,0,0
19980826,49059,AHLT',OTC,1.687,1.687,0,0,Accuhealth Inc,0,0,0
19980827,49059,AHLT',OTC,1.687,1.687,0,0,Accuhealth Inc,0,0,0
19980828,49059,AHLT',OTC,1.812,1.812,1,0,Accuhealth Inc,0,0,0
19980831,49059,AHLT',OTC,1.812,1.812,4,0,Accuhealth Inc,0,0,0
19980901,49059,AHLT',OTC,1.812,1.812,0,0,Accuhealth Inc,0,0,0
19980902,49059,AHLT',OTC,1.625,1.625,300,0,Accuhealth Inc,0,0,0
19980903,49059,AHLT',OTC,1.625,1.625,0,0,Accuhealth Inc,0,0,0
19980904,49059,AHLT',OTC,1.718,1.718,100,0,Accuhealth Inc,0,0,0
19980908,49059,AHLT',OTC,1.687,1.687,40,0,Accuhealth Inc,0,0,0
19980909,49059,AHLT',OTC,1.687,1.687,0,0,Accuhealth Inc,0,0,0
19980910,49059,AHLT',OTC,1.687,1.687,0,0,Accuhealth Inc,0,0,0
19980911,49059,AHLT',OTC,1.625,1.625,12,0,Accuhealth Inc,0,0,0
19980914,49059,AHLT',OTC,1.625,1.625,0,0,Accuhealth Inc,0,0,0
19980915,49059,AHLT',OTC,1.625,1.625,0,0,Accuhealth Inc,0,0,0
19980916,49059,AHLT',OTC,1.625,1.625,0,0,Accuhealth Inc,0,0,0
19980917,49059,AHLT',OTC,1.625,1.625,0,0,Accuhealth Inc,0,0,0
19980918,49059,AHLT',OTC,1.625,1.625,7,0,Accuhealth Inc,0,0,0
19980921,49059,AHLT',OTC,1.625,1.625,0,0,Accuhealth Inc,0,0,0
19980922,49059,AHLT',OTC,1.625,1.625,0,0,Accuhealth Inc,0,0,0
19980923,49059,AHLT',OTC,1.625,1.625,0,0,Accuhealth Inc,0,0,0
19980924,49059,AHLT',OTC,1.625,1.625,0,0,Accuhealth Inc,0,0,0
19980925,49059,AHLT',OTC,1.625,1.625,0,0,Accuhealth Inc,0,0,0
19980928,49059,AHLT',OTC,1.625,1.625,0,0,Accuhealth Inc,0,0,0
19980929,49059,AHLT',OTC,1.625,1.625,0,0,Accuhealth Inc,0,0,0
19980930,49059,AHLT',OTC,1.812,1.812,10,0,Accuhealth Inc,0,0,0
19981001,49059,AHLT',OTC,1.812,1.812,0,0,Accuhealth Inc,0,0,0
19981002,49059,AHLT',OTC,1.687,1.687,10,0,Accuhealth Inc,0,0,0
19981005,49059,AHLT',OTC,1.687,1.687,10,0,Accuhealth Inc,0,0,0
19981006,49059,AHLT',OTC,1.687,1.687,0,0,Accuhealth Inc,0,0,0
19981007,49059,AHLT',OTC,1.593,1.593,10,0,Accuhealth Inc,0,0,0
19981008,49059,AHLT',OTC,1.468,1.468,34,0,Accuhealth Inc,0,0,0
19981009,49059,AHLT',OTC,1.468,1.468,0,0,Accuhealth Inc,0,0,0
19981012,49059,AHLT',OTC,1.312,1.312,10,0,Accuhealth Inc,0,0,0
19981013,49059,AHLT',OTC,1.312,1.312,0,0,Accuhealth Inc,0,0,0
19981014,49059,AHLT',OTC,1.312,1.312,0,0,Accuhealth Inc,0,0,0
19981015,49059,AHLT',OTC,1.312,1.312,0,0,Accuhealth Inc,0,0,0
19981016,49059,AHLT',OTC,1.312,1.312,0,0,Accuhealth Inc,0,0,0
19981019,49059,AHLT',OTC,1.468,1.468,1,0,Accuhealth Inc,0,0,0
19981020,49059,AHLT',OTC,1.468,1.468,0,0,Accuhealth Inc,0,0,0
19981021,49059,AHLT',OTC,1.468,1.468,0,0,Accuhealth Inc,0,0,0
19981022,49059,AHLT',OTC,1.468,1.468,0,0,Accuhealth Inc,0,0,0
19981023,49059,AHLT',OTC,1.468,1.468,0,0,Accuhealth Inc,0,0,0
19981026,49059,AHLT',OTC,1.468,1.468,0,0,Accuhealth Inc,0,0,0
19981027,49059,AHLT',OTC,1.218,1.218,10,0,Accuhealth Inc,0,0,0
19981028,49059,AHLT',OTC,1.218,1.218,0,0,Accuhealth Inc,0,0,0
19981029,49059,AHLT',OTC,1.218,1.218,0,0,Accuhealth Inc,0,0,0
19981030,49059,AHLT',OTC,1.218,1.218,3,0,Accuhealth Inc,0,0,0
19981102,49059,AHLT',OTC,1.3,1.3,5,0,Accuhealth Inc,0,0,0
19981103,49059,AHLT',OTC,1.3,1.3,0,0,Accuhealth Inc,0,0,0
19981104,49059,AHLT',OTC,1.3,1.3,0,0,Accuhealth Inc,0,0,0
19981105,49059,AHLT',OTC,1.468,1.468,54,0,Accuhealth Inc,0,0,0
19981106,49059,AHLT',OTC,1.593,1.593,215,0,Accuhealth Inc,0,0,0
19981109,49059,AHLT',OTC,1.593,1.593,0,0,Accuhealth Inc,0,0,0
19981110,49059,AHLT',OTC,1.593,1.593,0,0,Accuhealth Inc,0,0,0
19981111,49059,AHLT',OTC,1.593,1.593,0,0,Accuhealth Inc,0,0,0
19981112,49059,AHLT',OTC,1.593,1.593,0,0,Accuhealth Inc,0,0,0
19981113,49059,AHLT',OTC,1.312,1.312,50,0,Accuhealth Inc,0,0,0
19981116,49059,AHLT',OTC,1.312,1.312,0,0,Accuhealth Inc,0,0,0
19981117,49059,AHLT',OTC,1.312,1.312,0,0,Accuhealth Inc,0,0,0
19981118,49059,AHLT',OTC,1.312,1.312,0,0,Accuhealth Inc,0,0,0
19981119,49059,AHLT',OTC,1.312,1.312,0,0,Accuhealth Inc,0,0,0
19981120,49059,AHLT',OTC,1.312,1.312,0,0,Accuhealth Inc,0,0,0
19981123,49059,AHLT',OTC,1.312,1.312,0,0,Accuhealth Inc,0,0,0
19981124,49059,AHLT',OTC,1.312,1.312,0,0,Accuhealth Inc,0,0,0
19981125,49059,AHLT',OTC,1.312,1.312,0,0,Accuhealth Inc,0,0,0
19981127,49059,AHLT',OTC,1.312,1.312,0,0,Accuhealth Inc,0,0,0
19981130,49059,AHLT',OTC,1.343,1.343,69,0,Accuhealth Inc,0,0,0
19981201,49059,AHLT',OTC,1.343,1.343,0,0,Accuhealth Inc,0,0,0
19981202,49059,AHLT',OTC,1.343,1.343,0,0,Accuhealth Inc,0,0,0
19981203,49059,AHLT',OTC,1.125,1.125,8,0,Accuhealth Inc,0,0,0
19981204,49059,AHLT',OTC,1.125,1.125,0,0,Accuhealth Inc,0,0,0
19981207,49059,AHLT',OTC,1.125,1.125,0,0,Accuhealth Inc,0,0,0
19981208,49059,AHLT',OTC,1.125,1.125,0,0,Accuhealth Inc,0,0,0
19981209,49059,AHLT',OTC,1.125,1.125,17,0,Accuhealth Inc,0,0,0
19981210,49059,AHLT',OTC,1.125,1.125,0,0,Accuhealth Inc,0,0,0
19981211,49059,AHLT',OTC,1.125,1.125,0,0,Accuhealth Inc,0,0,0
19981214,49059,AHLT',OTC,1.062,1.062,5,0,Accuhealth Inc,0,0,0
19981215,49059,AHLT',OTC,1.062,1.062,0,0,Accuhealth Inc,0,0,0
19981216,49059,AHLT',OTC,1.062,1.062,10,0,Accuhealth Inc,0,0,0
19981217,49059,AHLT',OTC,1.062,1.062,19,0,Accuhealth Inc,0,0,0
19981218,49059,AHLT',OTC,1.062,1.062,0,0,Accuhealth Inc,0,0,0
19981221,49059,AHLT',OTC,1.062,1.062,0,0,Accuhealth Inc,0,0,0
19981222,49059,AHLT',OTC,1.062,1.062,5,0,Accuhealth Inc,0,0,0
19981223,49059,AHLT',OTC,1.062,1.062,10,0,Accuhealth Inc,0,0,0
19981224,49059,AHLT',OTC,0.937,0.937,234,0,Accuhealth Inc,0,0,0
19981228,49059,AHLT',OTC,1,1,28,0,Accuhealth Inc,0,0,0
19981229,49059,AHLT',OTC,0.875,0.875,36,0,Accuhealth Inc,0,0,0
19981230,49059,AHLT',OTC,0.97,0.97,61,0,Accuhealth Inc,0,0,0
19981231,49059,AHLT',OTC,1,1,6,0,Accuhealth Inc,0,0,0
19990104,49059,AHLT',OTC,1,1,0,0,Accuhealth Inc,0,0,0
19990105,49059,AHLT',OTC,1,1,0,0,Accuhealth Inc,0,0,0
19990106,49059,AHLT',OTC,1,1,50,0,Accuhealth Inc,0,0,0
19990107,49059,AHLT',OTC,1,1,0,0,Accuhealth Inc,0,0,0
19990108,49059,AHLT',OTC,0.875,0.875,34,0,Accuhealth Inc,0,0,0
19990111,49059,AHLT',OTC,1.031,1.031,14,0,Accuhealth Inc,0,0,0
19990112,49059,AHLT',OTC,1.031,1.031,0,0,Accuhealth Inc,0,0,0
19990113,49059,AHLT',OTC,1.031,1.031,0,0,Accuhealth Inc,0,0,0
19990114,49059,AHLT',OTC,1.125,1.125,35,0,Accuhealth Inc,0,0,0
19990115,49059,AHLT',OTC,1.125,1.125,0,0,Accuhealth Inc,0,0,0
19990119,49059,AHLT',OTC,1.125,1.125,0,0,Accuhealth Inc,0,0,0
19990120,49059,AHLT',OTC,1.25,1.25,25,0,Accuhealth Inc,0,0,0
19990121,49059,AHLT',OTC,1.187,1.187,11,0,Accuhealth Inc,0,0,0
19990122,49059,AHLT',OTC,1.25,1.25,91,0,Accuhealth Inc,0,0,0
19990125,49059,AHLT',OTC,1.25,1.25,30,0,Accuhealth Inc,0,0,0
19990126,49059,AHLT',OTC,1.25,1.25,0,0,Accuhealth Inc,0,0,0
19990127,49059,AHLT',OTC,1.25,1.25,0,0,Accuhealth Inc,0,0,0
19990128,49059,AHLT',OTC,1.25,1.25,0,0,Accuhealth Inc,0,0,0
19990129,49059,AHLT',OTC,1.25,1.25,0,0,Accuhealth Inc,0,0,0
19990201,49059,AHLT',OTC,1.5,1.5,10,0,Accuhealth Inc,0,0,0
19990202,49059,AHLT',OTC,1.5,1.5,0,0,Accuhealth Inc,0,0,0
19990203,49059,AHLT',OTC,1.5,1.5,1,0,Accuhealth Inc,0,0,0
19990204,49059,AHLT',OTC,1.5,1.5,0,0,Accuhealth Inc,0,0,0
19990205,49059,AHLT',OTC,1.5,1.5,0,0,Accuhealth Inc,0,0,0
19990208,49059,AHLT',OTC,1.125,1.125,3,0,Accuhealth Inc,0,0,0
19990209,49059,AHLT',OTC,1.125,1.125,0,0,Accuhealth Inc,0,0,0
19990210,49059,AHLT',OTC,1.125,1.125,10,0,Accuhealth Inc,0,0,0
19990211,49059,AHLT',OTC,1.125,1.125,0,0,Accuhealth Inc,0,0,0
19990212,49059,AHLT',OTC,1.125,1.125,0,0,Accuhealth Inc,0,0,0
19990216,49059,AHLT',OTC,1.125,1.125,0,0,Accuhealth Inc,0,0,0
19990217,49059,AHLT',OTC,1.125,1.125,0,0,Accuhealth Inc,0,0,0
19990218,49059,AHLT',OTC,1.125,1.125,0,0,Accuhealth Inc,0,0,0
19990219,49059,AHLT',OTC,1.125,1.125,0,0,Accuhealth Inc,0,0,0
19990222,49059,AHLT',OTC,1.125,1.125,0,0,Accuhealth Inc,0,0,0
19990223,49059,AHLT',OTC,1.125,1.125,0,0,Accuhealth Inc,0,0,0
19990224,49059,AHLT',OTC,1.125,1.125,2,0,Accuhealth Inc,0,0,0
19990225,49059,AHLT',OTC,1.125,1.125,0,0,Accuhealth Inc,0,0,0
19990226,49059,AHLT',OTC,1.125,1.125,0,0,Accuhealth Inc,0,0,0
19990301,49059,AHLT',OTC,1.125,1.125,0,0,Accuhealth Inc,0,0,0
19990302,49059,AHLT',OTC,1.125,1.125,0,0,Accuhealth Inc,0,0,0
19990303,49059,AHLT',OTC,1.125,1.125,0,0,Accuhealth Inc,0,0,0
19990304,49059,AHLT',OTC,1.125,1.125,0,0,Accuhealth Inc,0,0,0
19990305,49059,AHLT',OTC,1.5,1.5,3,0,Accuhealth Inc,0,0,0
19990308,49059,AHLT',OTC,1.5,1.5,0,0,Accuhealth Inc,0,0,0
19990309,49059,AHLT',OTC,1.5,1.5,0,0,Accuhealth Inc,0,0,0
19990310,49059,AHLT',OTC,1.5,1.5,0,0,Accuhealth Inc,0,0,0
19990311,49059,AHLT',OTC,0.875,0.875,63,0,Accuhealth Inc,0,0,0
19990312,49059,AHLT',OTC,0.875,0.875,30,0,Accuhealth Inc,0,0,0
19990315,49059,AHLT',OTC,0.875,0.875,0,0,Accuhealth Inc,0,0,0
19990316,49059,AHLT',OTC,0.875,0.875,0,0,Accuhealth Inc,0,0,0
19990317,49059,AHLT',OTC,0.875,0.875,0,0,Accuhealth Inc,0,0,0
19990318,49059,AHLT',OTC,1.062,1.062,2,0,Accuhealth Inc,0,0,0
19990319,49059,AHLT',OTC,0.75,0.75,25,0,Accuhealth Inc,0,0,0
19990322,49059,AHLT',OTC,0.75,0.75,0,0,Accuhealth Inc,0,0,0
19990323,49059,AHLT',OTC,0.625,0.625,35,0,Accuhealth Inc,0,0,0
19990324,49059,AHLT',OTC,0.625,0.625,0,0,Accuhealth Inc,0,0,0
19990325,49059,AHLT',OTC,0.625,0.625,0,0,Accuhealth Inc,0,0,0
19990326,49059,AHLT',OTC,0.625,0.625,0,0,Accuhealth Inc,0,0,0
19990329,49059,AHLT',OTC,0.625,0.625,0,0,Accuhealth Inc,0,0,0
19990330,49059,AHLT',OTC,0.625,0.625,0,0,Accuhealth Inc,0,0,0
19990331,49059,AHLT',OTC,0.625,0.625,0,0,Accuhealth Inc,0,0,0
19990401,49059,AHLT',OTC,0.875,0.875,13,0,Accuhealth Inc,0,0,0
19990405,49059,AHLT',OTC,0.875,0.875,0,0,Accuhealth Inc,0,0,0
19990406,49059,AHLT',OTC,0.875,0.875,0,0,Accuhealth Inc,0,0,0
19990407,49059,AHLT',OTC,0.875,0.875,0,0,Accuhealth Inc,0,0,0
19990408,49059,AHLT',OTC,0.875,0.875,0,0,Accuhealth Inc,0,0,0
19990409,49059,AHLT',OTC,0.875,0.875,0,0,Accuhealth Inc,0,0,0
19990412,49059,AHLT',OTC,0.875,0.875,0,0,Accuhealth Inc,0,0,0
19990413,49059,AHLT',OTC,0.875,0.875,0,0,Accuhealth Inc,0,0,0
19990414,49059,AHLT',OTC,0.625,0.625,7,0,Accuhealth Inc,0,0,0
19990415,49059,AHLT',OTC,0.625,0.625,0,0,Accuhealth Inc,0,0,0
19990416,49059,AHLT',OTC,0.625,0.625,0,0,Accuhealth Inc,0,0,0
19990419,49059,AHLT',OTC,0.625,0.625,0,0,Accuhealth Inc,0,0,0
19990420,49059,AHLT',OTC,0.625,0.625,22,0,Accuhealth Inc,0,0,0
19990421,49059,AHLT',OTC,0.625,0.625,0,0,Accuhealth Inc,0,0,0
19990422,49059,AHLT',OTC,0.625,0.625,0,0,Accuhealth Inc,0,0,0
19990423,49059,AHLT',OTC,0.625,0.625,0,0,Accuhealth Inc,0,0,0
19990426,49059,AHLT',OTC,0.625,0.625,0,0,Accuhealth Inc,0,0,0
19990427,49059,AHLT',OTC,0.625,0.625,0,0,Accuhealth Inc,0,0,0
19990428,49059,AHLT',OTC,0.75,0.75,2,0,Accuhealth Inc,0,0,0
19990429,49059,AHLT',OTC,0.75,0.75,0,0,Accuhealth Inc,0,0,0
19990430,49059,AHLT',OTC,0.75,0.75,0,0,Accuhealth Inc,0,0,0
19990503,49059,AHLT',OTC,0.75,0.75,0,0,Accuhealth Inc,0,0,0
19990504,49059,AHLT',OTC,0.75,0.75,0,0,Accuhealth Inc,0,0,0
19990505,49059,AHLT',OTC,0.75,0.75,30,0,Accuhealth Inc,0,0,0
19990506,49059,AHLT',OTC,0.75,0.75,0,0,Accuhealth Inc,0,0,0
19990507,49059,AHLT',OTC,0.75,0.75,0,0,Accuhealth Inc,0,0,0
19990510,49059,AHLT',OTC,0.75,0.75,0,0,Accuhealth Inc,0,0,0
19990511,49059,AHLT',OTC,0.75,0.75,0,0,Accuhealth Inc,0,0,0
19990512,49059,AHLT',OTC,0.75,0.75,0,0,Accuhealth Inc,0,0,0
19990513,49059,AHLT',OTC,0.75,0.75,0,0,Accuhealth Inc,0,0,0
19990514,49059,AHLT',OTC,0.75,0.75,0,0,Accuhealth Inc,0,0,0
19990517,49059,AHLT',OTC,0.562,0.562,10,0,Accuhealth Inc,0,0,0
19990518,49059,AHLT',OTC,0.562,0.562,13,0,Accuhealth Inc,0,0,0
19990519,49059,AHLT',OTC,0.562,0.562,0,0,Accuhealth Inc,0,0,0
19990520,49059,AHLT',OTC,0.625,0.625,65,0,Accuhealth Inc,0,0,0
19990521,49059,AHLT',OTC,0.625,0.625,0,0,Accuhealth Inc,0,0,0
19990524,49059,AHLT',OTC,0.625,0.625,3,0,Accuhealth Inc,0,0,0
19990525,49059,AHLT',OTC,0.625,0.625,1,0,Accuhealth Inc,0,0,0
19990526,49059,AHLT',OTC,0.5,0.5,58,0,Accuhealth Inc,0,0,0
19990527,49059,AHLT',OTC,0.625,0.625,4,0,Accuhealth Inc,0,0,0
19990528,49059,AHLT',OTC,0.625,0.625,55,0,Accuhealth Inc,0,0,0
19990601,49059,AHLT',OTC,0.625,0.625,0,0,Accuhealth Inc,0,0,0
19990602,49059,AHLT',OTC,0.625,0.625,0,0,Accuhealth Inc,0,0,0
19990603,49059,AHLT',OTC,0.687,0.687,2,0,Accuhealth Inc,0,0,0
19990604,49059,AHLT',OTC,0.687,0.687,0,0,Accuhealth Inc,0,0,0
19990607,49059,AHLT',OTC,0.687,0.687,0,0,Accuhealth Inc,0,0,0
19990608,49059,AHLT',OTC,0.687,0.687,0,0,Accuhealth Inc,0,0,0
19990609,49059,AHLT',OTC,0.687,0.687,0,0,Accuhealth Inc,0,0,0
19990610,49059,AHLT',OTC,0.687,0.687,0,0,Accuhealth Inc,0,0,0
19990611,49059,AHLT',OTC,0.687,0.687,0,0,Accuhealth Inc,0,0,0
19990614,49059,AHLT',OTC,0.687,0.687,0,0,Accuhealth Inc,0,0,0
19990615,49059,AHLT',OTC,0.687,0.687,0,0,Accuhealth Inc,0,0,0
19990616,49059,AHLT',OTC,0.687,0.687,0,0,Accuhealth Inc,0,0,0
19990617,49059,AHLT',OTC,0.687,0.687,0,0,Accuhealth Inc,0,0,0
19990618,49059,AHLT',OTC,0.687,0.687,0,0,Accuhealth Inc,0,0,0
19990621,49059,AHLT',OTC,0.687,0.687,0,0,Accuhealth Inc,0,0,0
19990622,49059,AHLT',OTC,0.687,0.687,0,0,Accuhealth Inc,0,0,0
19990623,49059,AHLT',OTC,0.687,0.687,0,0,Accuhealth Inc,0,0,0
19990624,49059,AHLT',OTC,0.687,0.687,0,0,Accuhealth Inc,0,0,0
19990625,49059,AHLT',OTC,0.687,0.687,0,0,Accuhealth Inc,0,0,0
19990628,49059,AHLT',OTC,0.687,0.687,0,0,Accuhealth Inc,0,0,0
19990629,49059,AHLT',OTC,0.687,0.687,0,0,Accuhealth Inc,0,0,0
19990630,49059,AHLT',OTC,0.687,0.687,2,0,Accuhealth Inc,0,0,0
19990701,49059,AHLT',OTC,0.687,0.687,0,0,Accuhealth Inc,0,0,0
19990702,49059,AHLT',OTC,0.687,0.687,0,0,Accuhealth Inc,0,0,0
19990706,49059,AHLT',OTC,0.687,0.687,0,0,Accuhealth Inc,0,0,0
19990707,49059,AHLT',OTC,0.687,0.687,0,0,Accuhealth Inc,0,0,0
19990708,49059,AHLT',OTC,0.687,0.687,0,0,Accuhealth Inc,0,0,0
19990709,49059,AHLT',OTC,0.687,0.687,0,0,Accuhealth Inc,0,0,0
19990712,49059,AHLT',OTC,0.687,0.687,0,0,Accuhealth Inc,0,0,0
19990713,49059,AHLT',OTC,0.687,0.687,0,0,Accuhealth Inc,0,0,0
19990714,49059,AHLT',OTC,0.687,0.687,0,0,Accuhealth Inc,0,0,0
19990715,49059,AHLT',OTC,0.687,0.687,0,0,Accuhealth Inc,0,0,0
19990716,49059,AHLT',OTC,0.687,0.687,0,0,Accuhealth Inc,0,0,0
19990719,49059,AHLT',OTC,0.687,0.687,0,0,Accuhealth Inc,0,0,0
19990720,49059,AHLT',OTC,0.687,0.687,0,0,Accuhealth Inc,0,0,0
19990721,49059,AHLT',OTC,0.687,0.687,0,0,Accuhealth Inc,0,0,0
19990722,49059,AHLT',OTC,0.687,0.687,0,0,Accuhealth Inc,0,0,0
19990723,49059,AHLT',OTC,0.687,0.687,0,0,Accuhealth Inc,0,0,0
19990726,49059,AHLT',OTC,0.687,0.687,0,0,Accuhealth Inc,0,0,0
19990727,49059,AHLT',OTC,0.687,0.687,0,0,Accuhealth Inc,0,0,0
19990728,49059,AHLT',OTC,0.687,0.687,0,0,Accuhealth Inc,0,0,0
19990729,49059,AHLT',OTC,0.687,0.687,0,0,Accuhealth Inc,0,0,0
19990730,49059,AHLT',OTC,0.687,0.687,0,0,Accuhealth Inc,0,0,0
19990802,49059,AHLT',OTC,0.687,0.687,0,0,Accuhealth Inc,0,0,0
19990803,49059,AHLT',OTC,0.687,0.687,0,0,Accuhealth Inc,0,0,0
19990804,49059,AHLT',OTC,0.687,0.687,0,0,Accuhealth Inc,0,0,0
19990805,49059,AHLT',OTC,0.687,0.687,0,0,Accuhealth Inc,0,0,0
19990806,49059,AHLT',OTC,0.25,0.25,10,0,Accuhealth Inc,0,0,0
19990809,49059,AHLT',OTC,0.25,0.25,0,0,Accuhealth Inc,0,0,0
19990810,49059,AHLT',OTC,0.25,0.25,0,0,Accuhealth Inc,0,0,0
19990811,49059,AHLT',OTC,0.25,0.25,0,0,Accuhealth Inc,0,0,0
19990812,49059,AHLT',OTC,0.25,0.25,0,0,Accuhealth Inc,0,0,0
19990813,49059,AHLT',OTC,0.25,0.25,0,0,Accuhealth Inc,0,0,0
19990816,49059,AHLT',OTC,0.25,0.25,0,0,Accuhealth Inc,0,0,0
19990817,49059,AHLT',OTC,0.562,0.562,3,0,Accuhealth Inc,0,0,0
19990818,49059,AHLT',OTC,0.562,0.562,1,0,Accuhealth Inc,0,0,0
19990819,49059,AHLT',OTC,0.562,0.562,0,0,Accuhealth Inc,0,0,0
19990820,49059,AHLT',OTC,0.562,0.562,0,0,Accuhealth Inc,0,0,0
19990823,49059,AHLT',OTC,0.562,0.562,0,0,Accuhealth Inc,0,0,0
19990824,49059,AHLT',OTC,0.562,0.562,0,0,Accuhealth Inc,0,0,0
19990825,49059,AHLT',OTC,0.562,0.562,0,0,Accuhealth Inc,0,0,0
19990826,49059,AHLT',OTC,0.562,0.562,0,0,Accuhealth Inc,0,0,0
19990827,49059,AHLT',OTC,0.562,0.562,0,0,Accuhealth Inc,0,0,0
19990830,49059,AHLT',OTC,0.562,0.562,0,0,Accuhealth Inc,0,0,0
19990831,49059,AHLT',OTC,0.562,0.562,0,0,Accuhealth Inc,0,0,0
19990901,49059,AHLT',OTC,0.562,0.562,0,0,Accuhealth Inc,0,0,0
19990902,49059,AHLT',OTC,0.156,0.156,3,0,Accuhealth Inc,0,0,0
19990903,49059,AHLT',OTC,0.156,0.156,0,0,Accuhealth Inc,0,0,0
19990907,49059,AHLT',OTC,0.156,0.156,0,0,Accuhealth Inc,0,0,0
19990908,49059,AHLT',OTC,0.156,0.156,0,0,Accuhealth Inc,0,0,0
19990909,49059,AHLT',OTC,0.156,0.156,0,0,Accuhealth Inc,0,0,0
19990910,49059,AHLT',OTC,0.156,0.156,0,0,Accuhealth Inc,0,0,0
19990913,49059,AHLT',OTC,0.156,0.156,0,0,Accuhealth Inc,0,0,0
19990914,49059,AHLT',OTC,0.125,0.125,6,0,Accuhealth Inc,0,0,0
19990915,49059,AHLT',OTC,0.125,0.125,0,0,Accuhealth Inc,0,0,0
19990916,49059,AHLT',OTC,0.125,0.125,0,0,Accuhealth Inc,0,0,0
19990917,49059,AHLT',OTC,0.437,0.437,5,0,Accuhealth Inc,0,0,0
19990920,49059,AHLT',OTC,0.437,0.437,3,0,Accuhealth Inc,0,0,0
19990921,49059,AHLT',OTC,0.437,0.437,0,0,Accuhealth Inc,0,0,0
19990922,49059,AHLT',OTC,0.437,0.437,0,0,Accuhealth Inc,0,0,0
19990923,49059,AHLT',OTC,0.437,0.437,1,0,Accuhealth Inc,0,0,0
19990924,49059,AHLT',OTC,0.437,0.437,0,0,Accuhealth Inc,0,0,0
19990927,49059,AHLT',OTC,0.437,0.437,15,0,Accuhealth Inc,0,0,0
19990928,49059,AHLT',OTC,0.437,0.437,0,0,Accuhealth Inc,0,0,0
19990929,49059,AHLT',OTC,0.437,0.437,5,0,Accuhealth Inc,0,0,0
19990930,49059,AHLT',OTC,0.437,0.437,0,0,Accuhealth Inc,0,0,0
19991001,49059,AHLT',OTC,0.437,0.437,0,0,Accuhealth Inc,0,0,0
19991004,49059,AHLT',OTC,0.437,0.437,1,0,Accuhealth Inc,0,0,0
19991005,49059,AHLT',OTC,0.437,0.437,0,0,Accuhealth Inc,0,0,0
19991006,49059,AHLT',OTC,0.156,0.156,6,0,Accuhealth Inc,0,0,0
19991007,49059,AHLT',OTC,0.156,0.156,0,0,Accuhealth Inc,0,0,0
19991008,49059,AHLT',OTC,0.156,0.156,0,0,Accuhealth Inc,0,0,0
19991011,49059,AHLT',OTC,0.156,0.156,0,0,Accuhealth Inc,0,0,0
19991012,49059,AHLT',OTC,0.156,0.156,0,0,Accuhealth Inc,0,0,0
19991013,49059,AHLT',OTC,0.156,0.156,0,0,Accuhealth Inc,0,0,0
19991014,49059,AHLT',OTC,0.156,0.156,0,0,Accuhealth Inc,0,0,0
19991015,49059,AHLT',OTC,0.156,0.156,0,0,Accuhealth Inc,0,0,0
19991018,49059,AHLT',OTC,0.156,0.156,0,0,Accuhealth Inc,0,0,0
19991019,49059,AHLT',OTC,0.156,0.156,0,0,Accuhealth Inc,0,0,0
19991020,49059,AHLT',OTC,0.156,0.156,0,0,Accuhealth Inc,0,0,0
19991021,49059,AHLT',OTC,0.156,0.156,0,0,Accuhealth Inc,0,0,0
19991022,49059,AHLT',OTC,0.156,0.156,0,0,Accuhealth Inc,0,0,0
19991025,49059,AHLT',OTC,0.156,0.156,0,0,Accuhealth Inc,0,0,0
19991026,49059,AHLT',OTC,0.156,0.156,0,0,Accuhealth Inc,0,0,0
19991027,49059,AHLT',OTC,0.156,0.156,0,0,Accuhealth Inc,0,0,0
19991028,49059,AHLT',OTC,0.156,0.156,0,0,Accuhealth Inc,0,0,0
19991029,49059,AHLT',OTC,0.156,0.156,0,0,Accuhealth Inc,0,0,0
19991101,49059,AHLT',OTC,0.437,0.437,1,0,Accuhealth Inc,0,0,0
19991102,49059,AHLT',OTC,0.437,0.437,0,0,Accuhealth Inc,0,0,0
19991103,49059,AHLT',OTC,0.437,0.437,0,0,Accuhealth Inc,0,0,0
19991104,49059,AHLT',OTC,0.437,0.437,0,0,Accuhealth Inc,0,0,0
19991105,49059,AHLT',OTC,0.437,0.437,0,0,Accuhealth Inc,0,0,0
19991108,49059,AHLT',OTC,0.437,0.437,0,0,Accuhealth Inc,0,0,0
19991109,49059,AHLT',OTC,0.437,0.437,0,0,Accuhealth Inc,0,0,0
19991110,49059,AHLT',OTC,0.437,0.437,2,0,Accuhealth Inc,0,0,0
19991111,49059,AHLT',OTC,0.312,0.312,83,0,Accuhealth Inc,0,0,0
19991112,49059,AHLT',OTC,0.375,0.375,1,0,Accuhealth Inc,0,0,0
19991115,49059,AHLT',OTC,0.375,0.375,0,0,Accuhealth Inc,0,0,0
19991116,49059,AHLT',OTC,0.375,0.375,0,0,Accuhealth Inc,0,0,0
19991117,49059,AHLT',OTC,0.375,0.375,0,0,Accuhealth Inc,0,0,0
19991118,49059,AHLT',OTC,0.375,0.375,0,0,Accuhealth Inc,0,0,0
19991119,49059,AHLT',OTC,0.375,0.375,0,0,Accuhealth Inc,0,0,0
19991122,49059,AHLT',OTC,0.375,0.375,0,0,Accuhealth Inc,0,0,0
19991123,49059,AHLT',OTC,0.375,0.375,0,0,Accuhealth Inc,0,0,0
19991124,49059,AHLT',OTC,0.375,0.375,0,0,Accuhealth Inc,0,0,0
19991126,49059,AHLT',OTC,0.375,0.375,0,0,Accuhealth Inc,0,0,0
19991129,49059,AHLT',OTC,0.125,0.125,355,0,Accuhealth Inc,0,0,0
19991130,49059,AHLT',OTC,0.125,0.125,0,0,Accuhealth Inc,0,0,0
19991201,49059,AHLT',OTC,0.1,0.1,719,0,Accuhealth Inc,0,0,0
19991202,49059,AHLT',OTC,0.1,0.1,0,0,Accuhealth Inc,0,0,0
19991203,49059,AHLT',OTC,0.125,0.125,2,0,Accuhealth Inc,0,0,0
19991206,49059,AHLT',OTC,0.125,0.125,0,0,Accuhealth Inc,0,0,0
19991207,49059,AHLT',OTC,0.125,0.125,0,0,Accuhealth Inc,0,0,0
19991208,49059,AHLT',OTC,0.125,0.125,0,0,Accuhealth Inc,0,0,0
19991209,49059,AHLT',OTC,0.125,0.125,41,0,Accuhealth Inc,0,0,0
19991210,49059,AHLT',OTC,0.125,0.125,0,0,Accuhealth Inc,0,0,0
19991213,49059,AHLT',OTC,0.125,0.125,0,0,Accuhealth Inc,0,0,0
19991214,49059,AHLT',OTC,0.125,0.125,0,0,Accuhealth Inc,0,0,0
19991215,49059,AHLT',OTC,0.218,0.218,2,0,Accuhealth Inc,0,0,0
19991216,49059,AHLT',OTC,0.218,0.218,10,0,Accuhealth Inc,0,0,0
19991217,49059,AHLT',OTC,0.125,0.125,10,0,Accuhealth Inc,0,0,0
19991220,49059,AHLT',OTC,0.125,0.125,0,0,Accuhealth Inc,0,0,0
19991221,49059,AHLT',OTC,0.125,0.125,20,0,Accuhealth Inc,0,0,0
19991222,49059,AHLT',OTC,0.125,0.125,0,0,Accuhealth Inc,0,0,0
19991223,49059,AHLT',OTC,0.218,0.218,8,0,Accuhealth Inc,0,0,0
19991227,49059,AHLT',OTC,0.218,0.218,0,0,Accuhealth Inc,0,0,0
19991228,49059,AHLT',OTC,0.125,0.125,10,0,Accuhealth Inc,0,0,0
19991229,49059,AHLT',OTC,0.125,0.125,204,0,Accuhealth Inc,0,0,0
19991230,49059,AHLT',OTC,0.25,0.25,80,0,Accuhealth Inc,0,0,0
19991231,49059,AHLT',OTC,0.125,0.125,70,0,Accuhealth Inc,0,0,0
20000103,49059,AHLT',OTC,0.312,0.312,31,0,Accuhealth Inc,0,0,0
20000104,49059,AHLT',OTC,0.312,0.312,55,0,Accuhealth Inc,0,0,0
20000105,49059,AHLT',OTC,0.312,0.312,0,0,Accuhealth Inc,0,0,0
20000106,49059,AHLT',OTC,0.312,0.312,0,0,Accuhealth Inc,0,0,0
20000107,49059,AHLT',OTC,0.312,0.312,0,0,Accuhealth Inc,0,0,0
20000110,49059,AHLT',OTC,0.312,0.312,0,0,Accuhealth Inc,0,0,0
20000111,49059,AHLT',OTC,0.312,0.312,0,0,Accuhealth Inc,0,0,0
20000112,49059,AHLT',OTC,0.125,0.125,10,0,Accuhealth Inc,0,0,0
20000113,49059,AHLT',OTC,0.125,0.125,0,0,Accuhealth Inc,0,0,0
20000114,49059,AHLT',OTC,0.125,0.125,0,0,Accuhealth Inc,0,0,0
20000118,49059,AHLT',OTC,0.125,0.125,0,0,Accuhealth Inc,0,0,0
20000119,49059,AHLT',OTC,0.125,0.125,0,0,Accuhealth Inc,0,0,0
20000120,49059,AHLT',OTC,0.125,0.125,0,0,Accuhealth Inc,0,0,0
20000121,49059,AHLT',OTC,0.125,0.125,0,0,Accuhealth Inc,0,0,0
20000124,49059,AHLT',OTC,0.125,0.125,0,0,Accuhealth Inc,0,0,0
20000125,49059,AHLT',OTC,0.25,0.25,50,0,Accuhealth Inc,0,0,0
20000126,49059,AHLT',OTC,0.125,0.125,50,0,Accuhealth Inc,0,0,0
20000127,49059,AHLT',OTC,0.125,0.125,0,0,Accuhealth Inc,0,0,0
20000128,49059,AHLT',OTC,0.125,0.125,0,0,Accuhealth Inc,0,0,0
20000131,49059,AHLT',OTC,0.125,0.125,0,0,Accuhealth Inc,0,0,0
20000201,49059,AHLT',OTC,0.125,0.125,0,0,Accuhealth Inc,0,0,0
20000202,49059,AHLT',OTC,0.125,0.125,10,0,Accuhealth Inc,0,0,0
20000203,49059,AHLT',OTC,0.25,0.25,40,0,Accuhealth Inc,0,0,0
20000204,49059,AHLT',OTC,0.25,0.25,25,0,Accuhealth Inc,0,0,0
20000207,49059,AHLT',OTC,0.25,0.25,1,0,Accuhealth Inc,0,0,0
20000208,49059,AHLT',OTC,0.25,0.25,0,0,Accuhealth Inc,0,0,0
20000209,49059,AHLT',OTC,0.25,0.25,1,0,Accuhealth Inc,0,0,0
20000210,49059,AHLT',OTC,0.25,0.25,12,0,Accuhealth Inc,0,0,0
20000211,49059,AHLT',OTC,0.25,0.25,3,0,Accuhealth Inc,0,0,0
20000214,49059,AHLT',OTC,0.25,0.25,0,0,Accuhealth Inc,0,0,0
20000215,49059,AHLT',OTC,0.25,0.25,0,0,Accuhealth Inc,0,0,0
20000216,49059,AHLT',OTC,0.25,0.25,0,0,Accuhealth Inc,0,0,0
20000217,49059,AHLT',OTC,0.25,0.25,1,0,Accuhealth Inc,0,0,0
20000218,49059,AHLT',OTC,0.25,0.25,0,0,Accuhealth Inc,0,0,0
20000222,49059,AHLT',OTC,0.25,0.25,8,0,Accuhealth Inc,0,0,0
20000223,49059,AHLT',OTC,0.25,0.25,0,0,Accuhealth Inc,0,0,0
20000224,49059,AHLT',OTC,0.25,0.25,0,0,Accuhealth Inc,0,0,0
20000225,49059,AHLT',OTC,0.187,0.187,107,0,Accuhealth Inc,0,0,0
20000228,49059,AHLT',OTC,0.25,0.25,1,0,Accuhealth Inc,0,0,0
20000229,49059,AHLT',OTC,0.25,0.25,0,0,Accuhealth Inc,0,0,0
20000301,49059,AHLT',OTC,0.25,0.25,0,0,Accuhealth Inc,0,0,0
20000302,49059,AHLT',OTC,0.25,0.25,0,0,Accuhealth Inc,0,0,0
20000303,49059,AHLT',OTC,0.156,0.156,789,0,Accuhealth Inc,0,0,0
20000306,49059,AHLT',OTC,0.156,0.156,175,0,Accuhealth Inc,0,0,0
20000307,49059,AHLT',OTC,0.187,0.187,110,0,Accuhealth Inc,0,0,0
20000308,49059,AHLT',OTC,0.25,0.25,1,0,Accuhealth Inc,0,0,0
20000309,49059,AHLT',OTC,0.25,0.25,0,0,Accuhealth Inc,0,0,0
20000310,49059,AHLT',OTC,0.125,0.125,1,0,Accuhealth Inc,0,0,0
20000313,49059,AHLT',OTC,0.125,0.125,4,0,Accuhealth Inc,0,0,0
20000314,49059,AHLT',OTC,0.125,0.125,0,0,Accuhealth Inc,0,0,0
20000315,49059,AHLT',OTC,0.281,0.281,55,0,Accuhealth Inc,0,0,0
20000316,49059,AHLT',OTC,0.281,0.281,50,0,Accuhealth Inc,0,0,0
20000317,49059,AHLT',OTC,0.281,0.281,0,0,Accuhealth Inc,0,0,0
20000320,49059,AHLT',OTC,0.281,0.281,0,0,Accuhealth Inc,0,0,0
20000321,49059,AHLT',OTC,0.312,0.312,52,0,Accuhealth Inc,0,0,0
20000322,49059,AHLT',OTC,0.312,0.312,0,0,Accuhealth Inc,0,0,0
20000323,49059,AHLT',OTC,0.125,0.125,50,0,Accuhealth Inc,0,0,0
20000324,49059,AHLT',OTC,0.125,0.125,0,0,Accuhealth Inc,0,0,0
20000327,49059,AHLT',OTC,0.125,0.125,39,0,Accuhealth Inc,0,0,0
20000328,49059,AHLT',OTC,0.125,0.125,0,0,Accuhealth Inc,0,0,0
20000329,49059,AHLT',OTC,0.125,0.125,0,0,Accuhealth Inc,0,0,0
20000330,49059,AHLT',OTC,0.125,0.125,0,0,Accuhealth Inc,0,0,0
20000331,49059,AHLT',OTC,0.312,0.312,20,0,Accuhealth Inc,0,0,0
20000403,49059,AHLT',OTC,0.312,0.312,0,0,Accuhealth Inc,0,0,0
20000404,49059,AHLT',OTC,0.312,0.312,6,0,Accuhealth Inc,0,0,0
20000405,49059,AHLT',OTC,0.312,0.312,0,0,Accuhealth Inc,0,0,0
20000406,49059,AHLT',OTC,0.312,0.312,0,0,Accuhealth Inc,0,0,0
20000407,49059,AHLT',OTC,0.312,0.312,0,0,Accuhealth Inc,0,0,0
20000410,49059,AHLT',OTC,0.312,0.312,0,0,Accuhealth Inc,0,0,0
20000411,49059,AHLT',OTC,0.125,0.125,100,0,Accuhealth Inc,0,0,0
20000412,49059,AHLT',OTC,0.125,0.125,211,0,Accuhealth Inc,0,0,0
20000413,49059,AHLT',OTC,0.125,0.125,50,0,Accuhealth Inc,0,0,0
20000414,49059,AHLT',OTC,0.125,0.125,0,0,Accuhealth Inc,0,0,0
20000417,49059,AHLT',OTC,0.125,0.125,0,0,Accuhealth Inc,0,0,0
20000418,49059,AHLT',OTC,0.125,0.125,0,0,Accuhealth Inc,0,0,0
20000419,49059,AHLT',OTC,0.125,0.125,0,0,Accuhealth Inc,0,0,0
20000420,49059,AHLT',OTC,0.125,0.125,0,0,Accuhealth Inc,0,0,0
20000424,49059,AHLT',OTC,0.093,0.093,50,0,Accuhealth Inc,0,0,0
20000425,49059,AHLT',OTC,0.156,0.156,7,0,Accuhealth Inc,0,0,0
20000426,49059,AHLT',OTC,0.156,0.156,41,0,Accuhealth Inc,0,0,0
20000427,49059,AHLT',OTC,0.156,0.156,0,0,Accuhealth Inc,0,0,0
20000428,49059,AHLT',OTC,0.156,0.156,0,0,Accuhealth Inc,0,0,0
20000501,49059,AHLT',OTC,0.156,0.156,0,0,Accuhealth Inc,0,0,0
20000502,49059,AHLT',OTC,0.156,0.156,0,0,Accuhealth Inc,0,0,0
20000503,49059,AHLT',OTC,0.062,0.062,26,0,Accuhealth Inc,0,0,0
20000504,49059,AHLT',OTC,0.156,0.156,105,0,Accuhealth Inc,0,0,0
20000505,49059,AHLT',OTC,0.093,0.093,112,0,Accuhealth Inc,0,0,0
20000508,49059,AHLT',OTC,0.125,0.125,16,0,Accuhealth Inc,0,0,0
20000509,49059,AHLT',OTC,0.125,0.125,0,0,Accuhealth Inc,0,0,0
20000510,49059,AHLT',OTC,0.125,0.125,0,0,Accuhealth Inc,0,0,0
20000511,49059,AHLT',OTC,0.125,0.125,0,0,Accuhealth Inc,0,0,0
20000512,49059,AHLT',OTC,0.125,0.125,0,0,Accuhealth Inc,0,0,0
20000515,49059,AHLT',OTC,0.125,0.125,0,0,Accuhealth Inc,0,0,0
20000516,49059,AHLT',OTC,0.125,0.125,0,0,Accuhealth Inc,0,0,0
20000517,49059,AHLT',OTC,0.11,0.11,15,0,Accuhealth Inc,0,0,0
20000518,49059,AHLT',OTC,0.11,0.11,0,0,Accuhealth Inc,0,0,0
20000519,49059,AHLT',OTC,0.11,0.11,1,0,Accuhealth Inc,0,0,0
20000522,49059,AHLT',OTC,0.093,0.093,30,0,Accuhealth Inc,0,0,0
20000523,49059,AHLT',OTC,0.093,0.093,0,0,Accuhealth Inc,0,0,0
20000524,49059,AHLT',OTC,0.093,0.093,0,0,Accuhealth Inc,0,0,0
20000525,49059,AHLT',OTC,0.093,0.093,6,0,Accuhealth Inc,0,0,0
20000526,49059,AHLT',OTC,0.093,0.093,0,0,Accuhealth Inc,0,0,0
20000530,49059,AHLT',OTC,0.093,0.093,0,0,Accuhealth Inc,0,0,0
20000531,49059,AHLT',OTC,0.093,0.093,0,0,Accuhealth Inc,0,0,0
20000601,49059,AHLT',OTC,0.093,0.093,0,0,Accuhealth Inc,0,0,0
20000602,49059,AHLT',OTC,0.093,0.093,0,0,Accuhealth Inc,0,0,0
20000605,49059,AHLT',OTC,0.093,0.093,0,0,Accuhealth Inc,0,0,0
20000606,49059,AHLT',OTC,0.093,0.093,0,0,Accuhealth Inc,0,0,0
20000607,49059,AHLT',OTC,0.093,0.093,0,0,Accuhealth Inc,0,0,0
20000608,49059,AHLT',OTC,0.093,0.093,0,0,Accuhealth Inc,0,0,0
20000609,49059,AHLT',OTC,0.093,0.093,0,0,Accuhealth Inc,0,0,0
20000612,49059,AHLT',OTC,0.093,0.093,8,0,Accuhealth Inc,0,0,0
20000613,49059,AHLT',OTC,0.093,0.093,0,0,Accuhealth Inc,0,0,0
20000614,49059,AHLT',OTC,0.093,0.093,0,0,Accuhealth Inc,0,0,0
20000615,49059,AHLT',OTC,0.093,0.093,2,0,Accuhealth Inc,0,0,0
20000616,49059,AHLT',OTC,0.093,0.093,0,0,Accuhealth Inc,0,0,0
20000619,49059,AHLT',OTC,0.093,0.093,0,0,Accuhealth Inc,0,0,0
20000620,49059,AHLT',OTC,0.093,0.093,0,0,Accuhealth Inc,0,0,0
20000621,49059,AHLT',OTC,0.093,0.093,0,0,Accuhealth Inc,0,0,0
20000622,49059,AHLT',OTC,0.125,0.125,1660,0,Accuhealth Inc,0,0,0
20000623,49059,AHLT',OTC,0.125,0.125,0,0,Accuhealth Inc,0,0,0
20000626,49059,AHLT',OTC,0.125,0.125,18,0,Accuhealth Inc,0,0,0
20000627,49059,AHLT',OTC,0.125,0.125,0,0,Accuhealth Inc,0,0,0
20000628,49059,AHLT',OTC,0.125,0.125,0,0,Accuhealth Inc,0,0,0
20000629,49059,AHLT',OTC,0.125,0.125,170,0,Accuhealth Inc,0,0,0
20000630,49059,AHLT',OTC,0.125,0.125,0,0,Accuhealth Inc,0,0,0
20000703,49059,AHLT',OTC,0.125,0.125,0,0,Accuhealth Inc,0,0,0
20000705,49059,AHLT',OTC,0.125,0.125,0,0,Accuhealth Inc,0,0,0
20000706,49059,AHLT',OTC,0.125,0.125,0,0,Accuhealth Inc,0,0,0
20000707,49059,AHLT',OTC,0.125,0.125,0,0,Accuhealth Inc,0,0,0
20000710,49059,AHLT',OTC,0.093,0.093,50,0,Accuhealth Inc,0,0,0
20000711,49059,AHLT',OTC,0.093,0.093,0,0,Accuhealth Inc,0,0,0
20000712,49059,AHLT',OTC,0.093,0.093,0,0,Accuhealth Inc,0,0,0
20000713,49059,AHLT',OTC,0.093,0.093,0,0,Accuhealth Inc,0,0,0
20000714,49059,AHLT',OTC,0.093,0.093,0,0,Accuhealth Inc,0,0,0
20000717,49059,AHLT',OTC,0.093,0.093,0,0,Accuhealth Inc,0,0,0
20000718,49059,AHLT',OTC,0.093,0.093,0,0,Accuhealth Inc,0,0,0
20000719,49059,AHLT',OTC,0.093,0.093,0,0,Accuhealth Inc,0,0,0
20000720,49059,AHLT',OTC,0.093,0.093,0,0,Accuhealth Inc,0,0,0
20000721,49059,AHLT',OTC,0.093,0.093,65,0,Accuhealth Inc,0,0,0
20000724,49059,AHLT',OTC,0.093,0.093,0,0,Accuhealth Inc,0,0,0
20000725,49059,AHLT',OTC,0.093,0.093,10,0,Accuhealth Inc,0,0,0
20000726,49059,AHLT',OTC,0.093,0.093,0,0,Accuhealth Inc,0,0,0
20000727,49059,AHLT',OTC,0.187,0.187,50,0,Accuhealth Inc,0,0,0
20000728,49059,AHLT',OTC,0.187,0.187,0,0,Accuhealth Inc,0,0,0
20000731,49059,AHLT',OTC,0.187,0.187,0,0,Accuhealth Inc,0,0,0
20000801,49059,AHLT',OTC,0.187,0.187,0,0,Accuhealth Inc,0,0,0
20000802,49059,AHLT',OTC,0.093,0.093,25,0,Accuhealth Inc,0,0,0
20000803,49059,AHLT',OTC,0.093,0.093,0,0,Accuhealth Inc,0,0,0
20000804,49059,AHLT',OTC,0.093,0.093,0,0,Accuhealth Inc,0,0,0
20000807,49059,AHLT',OTC,0.093,0.093,0,0,Accuhealth Inc,0,0,0
20000808,49059,AHLT',OTC,0.093,0.093,0,0,Accuhealth Inc,0,0,0
20000809,49059,AHLT',OTC,0.093,0.093,0,0,Accuhealth Inc,0,0,0
20000810,49059,AHLT',OTC,0.093,0.093,0,0,Accuhealth Inc,0,0,0
20000811,49059,AHLT',OTC,0.093,0.093,0,0,Accuhealth Inc,0,0,0
20000814,49059,AHLT',OTC,0.093,0.093,0,0,Accuhealth Inc,0,0,0
20000815,49059,AHLT',OTC,0.093,0.093,0,0,Accuhealth Inc,0,0,0
20000816,49059,AHLT',OTC,0.093,0.093,0,0,Accuhealth Inc,0,0,0
20000817,49059,AHLT',OTC,0.093,0.093,0,0,Accuhealth Inc,0,0,0
20000818,49059,AHLT',OTC,0.093,0.093,0,0,Accuhealth Inc,0,0,0
20000821,49059,AHLT',OTC,0.093,0.093,0,0,Accuhealth Inc,0,0,0
20000822,49059,AHLT',OTC,0.093,0.093,0,0,Accuhealth Inc,0,0,0
20000823,49059,AHLT',OTC,0.093,0.093,0,0,Accuhealth Inc,0,0,0
20000824,49059,AHLT',OTC,0.093,0.093,0,0,Accuhealth Inc,0,0,0
20000825,49059,AHLT',OTC,0.093,0.093,0,0,Accuhealth Inc,0,0,0
20000828,49059,AHLT',OTC,0.093,0.093,0,0,Accuhealth Inc,0,0,0
20000829,49059,AHLT',OTC,0.093,0.093,0,0,Accuhealth Inc,0,0,0
20000830,49059,AHLT',OTC,0.093,0.093,0,0,Accuhealth Inc,0,0,0
20000831,49059,AHLT',OTC,0.093,0.093,0,0,Accuhealth Inc,0,0,0
20000901,49059,AHLT',OTC,0.093,0.093,0,0,Accuhealth Inc,0,0,0
20000905,49059,AHLT',OTC,0.093,0.093,0,0,Accuhealth Inc,0,0,0
20000906,49059,AHLT',OTC,0.093,0.093,0,0,Accuhealth Inc,0,0,0
20000907,49059,AHLT',OTC,0.093,0.093,0,0,Accuhealth Inc,0,0,0
20000908,49059,AHLT',OTC,0.093,0.093,0,0,Accuhealth Inc,0,0,0
20000911,49059,AHLT',OTC,0.093,0.093,0,0,Accuhealth Inc,0,0,0
20000912,49059,AHLT',OTC,0.093,0.093,0,0,Accuhealth Inc,0,0,0
20000913,49059,AHLT',OTC,0.093,0.093,0,0,Accuhealth Inc,0,0,0
20000914,49059,AHLT',OTC,0.093,0.093,0,0,Accuhealth Inc,0,0,0
20000915,49059,AHLT',OTC,0.093,0.093,0,0,Accuhealth Inc,0,0,0
20000918,49059,AHLT',OTC,0.093,0.093,0,0,Accuhealth Inc,0,0,0
20000919,49059,AHLT',OTC,0.093,0.093,120,0,Accuhealth Inc,0,0,0
20000920,49059,AHLT',OTC,0.093,0.093,0,0,Accuhealth Inc,0,0,0
20000921,49059,AHLT',OTC,0.093,0.093,0,0,Accuhealth Inc,0,0,0
20000922,49059,AHLT',OTC,0.093,0.093,0,0,Accuhealth Inc,0,0,0
20000925,49059,AHLT',OTC,0.093,0.093,0,0,Accuhealth Inc,0,0,0
20000926,49059,AHLT',OTC,0.093,0.093,0,0,Accuhealth Inc,0,0,0
20000927,49059,AHLT',OTC,0.093,0.093,0,0,Accuhealth Inc,0,0,0
20000928,49059,AHLT',OTC,0.093,0.093,2,0,Accuhealth Inc,0,0,0
20000929,49059,AHLT',OTC,0.093,0.093,0,0,Accuhealth Inc,0,0,0
20001002,49059,AHLT',OTC,0.093,0.093,0,0,Accuhealth Inc,0,0,0
20001003,49059,AHLT',OTC,0.093,0.093,0,0,Accuhealth Inc,0,0,0
20001004,49059,AHLT',OTC,0.093,0.093,0,0,Accuhealth Inc,0,0,0
20001005,49059,AHLT',OTC,0.093,0.093,0,0,Accuhealth Inc,0,0,0
20001006,49059,AHLT',OTC,0.093,0.093,0,0,Accuhealth Inc,0,0,0
20001009,49059,AHLT',OTC,0.093,0.093,0,0,Accuhealth Inc,0,0,0
20001010,49059,AHLT',OTC,0.093,0.093,10,0,Accuhealth Inc,0,0,0
20001011,49059,AHLT',OTC,0.093,0.093,10,0,Accuhealth Inc,0,0,0
20001012,49059,AHLT',OTC,0.093,0.093,0,0,Accuhealth Inc,0,0,0
20001013,49059,AHLT',OTC,0.093,0.093,0,0,Accuhealth Inc,0,0,0
20001016,49059,AHLT',OTC,0.093,0.093,0,0,Accuhealth Inc,0,0,0
20001017,49059,AHLT',OTC,0.093,0.093,50,0,Accuhealth Inc,0,0,0
20001018,49059,AHLT',OTC,0.093,0.093,0,0,Accuhealth Inc,0,0,0
20001019,49059,AHLT',OTC,0.093,0.093,0,0,Accuhealth Inc,0,0,0
20001020,49059,AHLT',OTC,0.093,0.093,0,0,Accuhealth Inc,0,0,0
20001023,49059,AHLT',OTC,0.093,0.093,0,0,Accuhealth Inc,0,0,0
20001024,49059,AHLT',OTC,0.093,0.093,0,0,Accuhealth Inc,0,0,0
20001025,49059,AHLT',OTC,0.093,0.093,0,0,Accuhealth Inc,0,0,0
20001026,49059,AHLT',OTC,0.093,0.093,0,0,Accuhealth Inc,0,0,0
20001027,49059,AHLT',OTC,0.093,0.093,0,0,Accuhealth Inc,0,0,0
20001030,49059,AHLT',OTC,0.093,0.093,0,0,Accuhealth Inc,0,0,0
20001031,49059,AHLT',OTC,0.093,0.093,0,0,Accuhealth Inc,0,0,0
20001101,49059,AHLT',OTC,0.093,0.093,0,0,Accuhealth Inc,0,0,0
20001102,49059,AHLT',OTC,0.093,0.093,0,0,Accuhealth Inc,0,0,0
20001103,49059,AHLT',OTC,0.093,0.093,0,0,Accuhealth Inc,0,0,0
20001106,49059,AHLT',OTC,0.093,0.093,0,0,Accuhealth Inc,0,0,0
20001107,49059,AHLT',OTC,0.062,0.062,150,0,Accuhealth Inc,0,0,0
20001108,49059,AHLT',OTC,0.062,0.062,0,0,Accuhealth Inc,0,0,0
20001109,49059,AHLT',OTC,0.062,0.062,0,0,Accuhealth Inc,0,0,0
20001110,49059,AHLT',OTC,0.062,0.062,0,0,Accuhealth Inc,0,0,0
20001113,49059,AHLT',OTC,0.062,0.062,0,0,Accuhealth Inc,0,0,0
20001114,49059,AHLT',OTC,0.062,0.062,0,0,Accuhealth Inc,0,0,0
20001115,49059,AHLT',OTC,0.062,0.062,0,0,Accuhealth Inc,0,0,0
20001116,49059,AHLT',OTC,0.062,0.062,46,0,Accuhealth Inc,0,0,0
20001117,49059,AHLT',OTC,0.062,0.062,0,0,Accuhealth Inc,0,0,0
20001120,49059,AHLT',OTC,0.093,0.093,50,0,Accuhealth Inc,0,0,0
20001121,49059,AHLT',OTC,0.093,0.093,150,0,Accuhealth Inc,0,0,0
20001122,49059,AHLT',OTC,0.156,0.156,250,0,Accuhealth Inc,0,0,0
20001124,49059,AHLT',OTC,0.156,0.156,0,0,Accuhealth Inc,0,0,0
20001127,49059,AHLT',OTC,0.156,0.156,0,0,Accuhealth Inc,0,0,0
20001128,49059,AHLT',OTC,0.156,0.156,0,0,Accuhealth Inc,0,0,0
20001129,49059,AHLT',OTC,0.125,0.125,70,0,Accuhealth Inc,0,0,0
20001130,49059,AHLT',OTC,0.125,0.125,0,0,Accuhealth Inc,0,0,0
20001201,49059,AHLT',OTC,0.093,0.093,300,0,Accuhealth Inc,0,0,0
20001204,49059,AHLT',OTC,0.062,0.062,14,0,Accuhealth Inc,0,0,0
20001205,49059,AHLT',OTC,0.062,0.062,0,0,Accuhealth Inc,0,0,0
20001206,49059,AHLT',OTC,0.062,0.062,150,0,Accuhealth Inc,0,0,0
20001207,49059,AHLT',OTC,0.062,0.062,0,0,Accuhealth Inc,0,0,0
20001208,49059,AHLT',OTC,0.062,0.062,0,0,Accuhealth Inc,0,0,0
20001211,49059,AHLT',OTC,0.062,0.062,0,0,Accuhealth Inc,0,0,0
20001212,49059,AHLT',OTC,0.031,0.031,4492,0,Accuhealth Inc,0,0,0
20001213,49059,AHLT',OTC,0.031,0.031,0,0,Accuhealth Inc,0,0,0
20001214,49059,AHLT',OTC,0.031,0.031,0,0,Accuhealth Inc,0,0,0
20001215,49059,AHLT',OTC,0.031,0.031,0,0,Accuhealth Inc,0,0,0
20001218,49059,AHLT',OTC,0.031,0.031,0,0,Accuhealth Inc,0,0,0
20001219,49059,AHLT',OTC,0.015,0.015,2136,0,Accuhealth Inc,0,0,0
20001220,49059,AHLT',OTC,0.03,0.03,219,0,Accuhealth Inc,0,0,0
20001221,49059,AHLT',OTC,0.03,0.03,0,0,Accuhealth Inc,0,0,0
20001222,49059,AHLT',OTC,0.03,0.03,0,0,Accuhealth Inc,0,0,0
20001226,49059,AHLT',OTC,0.03,0.03,0,0,Accuhealth Inc,0,0,0
20001227,49059,AHLT',OTC,0.02,0.02,45,0,Accuhealth Inc,0,0,0
20001228,49059,AHLT',OTC,0.03,0.03,37,0,Accuhealth Inc,0,0,0
20001229,49059,AHLT',OTC,0.03,0.03,0,0,Accuhealth Inc,0,0,0
20010102,49059,AHLT',OTC,0.03,0.03,0,0,Accuhealth Inc,0,0,0
20010103,49059,AHLT',OTC,0.03,0.03,0,0,Accuhealth Inc,0,0,0
20010104,49059,AHLT',OTC,0.03,0.03,0,0,Accuhealth Inc,0,0,0
20010105,49059,AHLT',OTC,0.03,0.03,0,0,Accuhealth Inc,0,0,0
20010108,49059,AHLT',OTC,0.03,0.03,0,0,Accuhealth Inc,0,0,0
20010109,49059,AHLT',OTC,0.03,0.03,0,0,Accuhealth Inc,0,0,0
20010110,49059,AHLT',OTC,0.03,0.03,0,0,Accuhealth Inc,0,0,0
20010111,49059,AHLT',OTC,0.03,0.03,0,0,Accuhealth Inc,0,0,0
20010112,49059,AHLT',OTC,0.03,0.03,0,0,Accuhealth Inc,0,0,0
20010116,49059,AHLT',OTC,0.03,0.03,0,0,Accuhealth Inc,0,0,0
20010117,49059,AHLT',OTC,0.03,0.03,0,0,Accuhealth Inc,0,0,0
20010118,49059,AHLT',OTC,0.03,0.03,0,0,Accuhealth Inc,0,0,0
20010119,49059,AHLT',OTC,0.03,0.03,0,0,Accuhealth Inc,0,0,0
20010122,49059,AHLT',OTC,0.03,0.03,0,0,Accuhealth Inc,0,0,0
20010123,49059,AHLT',OTC,0.03,0.03,0,0,Accuhealth Inc,0,0,0
20010124,49059,AHLT',OTC,0.03,0.03,0,0,Accuhealth Inc,0,0,0
20010125,49059,AHLT',OTC,0.03,0.03,170,0,Accuhealth Inc,0,0,0
20010126,49059,AHLT',OTC,0.03,0.03,0,0,Accuhealth Inc,0,0,0
20010129,49059,AHLT',OTC,0.03,0.03,20,0,Accuhealth Inc,0,0,0
20010130,49059,AHLT',OTC,0.03,0.03,0,0,Accuhealth Inc,0,0,0
20010131,49059,AHLT',OTC,0.03,0.03,0,0,Accuhealth Inc,0,0,0
20010201,49059,AHLT',OTC,0.03,0.03,0,0,Accuhealth Inc,0,0,0
20010202,49059,AHLT',OTC,0.03,0.03,0,0,Accuhealth Inc,0,0,0
20010205,49059,AHLT',OTC,0.03,0.03,16,0,Accuhealth Inc,0,0,0
20010206,49059,AHLT',OTC,0.03,0.03,0,0,Accuhealth Inc,0,0,0
20010207,49059,AHLT',OTC,0.03,0.03,0,0,Accuhealth Inc,0,0,0
20010208,49059,AHLT',OTC,0.03,0.03,0,0,Accuhealth Inc,0,0,0
20010209,49059,AHLT',OTC,0.03,0.03,0,0,Accuhealth Inc,0,0,0
20010212,49059,AHLT',OTC,0.03,0.03,0,0,Accuhealth Inc,0,0,0
20010213,49059,AHLT',OTC,0.03,0.03,0,0,Accuhealth Inc,0,0,0
20010214,49059,AHLT',OTC,0.03,0.03,0,0,Accuhealth Inc,0,0,0
20010215,49059,AHLT',OTC,0.03,0.03,0,0,Accuhealth Inc,0,0,0
20010216,49059,AHLT',OTC,0.03,0.03,0,0,Accuhealth Inc,0,0,0
20010220,49059,AHLT',OTC,0.03,0.03,0,0,Accuhealth Inc,0,0,0
20010221,49059,AHLT',OTC,0.03,0.03,0,0,Accuhealth Inc,0,0,0
20010222,49059,AHLT',OTC,0.03,0.03,0,0,Accuhealth Inc,0,0,0
20010223,49059,AHLT',OTC,0.03,0.03,0,0,Accuhealth Inc,0,0,0
20010226,49059,AHLT',OTC,0.03,0.03,0,0,Accuhealth Inc,0,0,0
20010227,49059,AHLT',OTC,0.03,0.03,0,0,Accuhealth Inc,0,0,0
20010228,49059,AHLT',OTC,0.03,0.03,0,0,Accuhealth Inc,0,0,0
20010301,49059,AHLT',OTC,0.032,0.032,150,0,Accuhealth Inc,0,0,0
20010302,49059,AHLT',OTC,0.032,0.032,0,0,Accuhealth Inc,0,0,0
20010305,49059,AHLT',OTC,0.032,0.032,0,0,Accuhealth Inc,0,0,0
20010306,49059,AHLT',OTC,0.032,0.032,0,0,Accuhealth Inc,0,0,0
20010307,49059,AHLT',OTC,0.032,0.032,0,0,Accuhealth Inc,0,0,0
20010308,49059,AHLT',OTC,0.032,0.032,0,0,Accuhealth Inc,0,0,0
20010309,49059,AHLT',OTC,0.032,0.032,0,0,Accuhealth Inc,0,0,0
20010312,49059,AHLT',OTC,0.032,0.032,0,0,Accuhealth Inc,0,0,0
20010313,49059,AHLT',OTC,0.016,0.016,800,0,Accuhealth Inc,0,0,0
20010314,49059,AHLT',OTC,0.018,0.018,550,0,Accuhealth Inc,0,0,0
20010315,49059,AHLT',OTC,0.019,0.019,15,0,Accuhealth Inc,0,0,0
20010316,49059,AHLT',OTC,0.019,0.019,0,0,Accuhealth Inc,0,0,0
20010319,49059,AHLT',OTC,0.019,0.019,4,0,Accuhealth Inc,0,0,0
20010320,49059,AHLT',OTC,0.015,0.015,700,0,Accuhealth Inc,0,0,0
20010321,49059,AHLT',OTC,0.019,0.019,90,0,Accuhealth Inc,0,0,0
20010322,49059,AHLT',OTC,0.019,0.019,0,0,Accuhealth Inc,0,0,0
20010323,49059,AHLT',OTC,0.019,0.019,0,0,Accuhealth Inc,0,0,0
20010326,49059,AHLT',OTC,0.019,0.019,105,0,Accuhealth Inc,0,0,0
20010327,49059,AHLT',OTC,0.019,0.019,0,0,Accuhealth Inc,0,0,0
20010328,49059,AHLT',OTC,0.019,0.019,80,0,Accuhealth Inc,0,0,0
20010329,49059,AHLT',OTC,0.019,0.019,50,0,Accuhealth Inc,0,0,0
20010330,49059,AHLT',OTC,0.019,0.019,0,0,Accuhealth Inc,0,0,0
20010402,49059,AHLT',OTC,0.019,0.019,0,0,Accuhealth Inc,0,0,0
20010403,49059,AHLT',OTC,0.019,0.019,0,0,Accuhealth Inc,0,0,0
20010404,49059,AHLT',OTC,0.019,0.019,0,0,Accuhealth Inc,0,0,0
20010405,49059,AHLT',OTC,0.019,0.019,0,0,Accuhealth Inc,0,0,0
20010406,49059,AHLT',OTC,0.019,0.019,0,0,Accuhealth Inc,0,0,0
20010409,49059,AHLT',OTC,0.019,0.019,0,0,Accuhealth Inc,0,0,0
20010410,49059,AHLT',OTC,0.019,0.019,0,0,Accuhealth Inc,0,0,0
20010411,49059,AHLT',OTC,0.019,0.019,0,0,Accuhealth Inc,0,0,0
20010412,49059,AHLT',OTC,0.019,0.019,0,0,Accuhealth Inc,0,0,0
20010416,49059,AHLT',OTC,0.019,0.019,0,0,Accuhealth Inc,0,0,0
20010417,49059,AHLT',OTC,0.019,0.019,0,0,Accuhealth Inc,0,0,0
20010418,49059,AHLT',OTC,0.019,0.019,0,0,Accuhealth Inc,0,0,0
20010419,49059,AHLT',OTC,0.019,0.019,0,0,Accuhealth Inc,0,0,0
20010420,49059,AHLT',OTC,0.019,0.019,0,0,Accuhealth Inc,0,0,0
20010423,49059,AHLT',OTC,0.019,0.019,0,0,Accuhealth Inc,0,0,0
20010424,49059,AHLT',OTC,0.019,0.019,0,0,Accuhealth Inc,0,0,0
20010425,49059,AHLT',OTC,0.02,0.02,30,0,Accuhealth Inc,0,0,0
20010426,49059,AHLT',OTC,0.02,0.02,0,0,Accuhealth Inc,0,0,0
20010427,49059,AHLT',OTC,0.02,0.02,0,0,Accuhealth Inc,0,0,0
20010430,49059,AHLT',OTC,0.02,0.02,0,0,Accuhealth Inc,0,0,0
20010501,49059,AHLT',OTC,0.02,0.02,0,0,Accuhealth Inc,0,0,0
20010502,49059,AHLT',OTC,0.02,0.02,0,0,Accuhealth Inc,0,0,0
20010503,49059,AHLT',OTC,0.02,0.02,0,0,Accuhealth Inc,0,0,0
20010504,49059,AHLT',OTC,0.02,0.02,0,0,Accuhealth Inc,0,0,0
20010507,49059,AHLT',OTC,0.02,0.02,0,0,Accuhealth Inc,0,0,0
20010508,49059,AHLT',OTC,0.02,0.02,0,0,Accuhealth Inc,0,0,0
20010509,49059,AHLT',OTC,0.02,0.02,0,0,Accuhealth Inc,0,0,0
20010510,49059,AHLT',OTC,0.025,0.025,100,0,Accuhealth Inc,0,0,0
20010511,49059,AHLT',OTC,0.025,0.025,0,0,Accuhealth Inc,0,0,0
20010514,49059,AHLT',OTC,0.025,0.025,0,0,Accuhealth Inc,0,0,0
20010515,49059,AHLT',OTC,0.025,0.025,0,0,Accuhealth Inc,0,0,0
20010516,49059,AHLT',OTC,0.025,0.025,0,0,Accuhealth Inc,0,0,0
20010517,49059,AHLT',OTC,0.025,0.025,0,0,Accuhealth Inc,0,0,0
20010518,49059,AHLT',OTC,0.025,0.025,0,0,Accuhealth Inc,0,0,0
20010521,49059,AHLT',OTC,0.025,0.025,0,0,Accuhealth Inc,0,0,0
20010522,49059,AHLT',OTC,0.025,0.025,0,0,Accuhealth Inc,0,0,0
20010523,49059,AHLT',OTC,0.025,0.025,0,0,Accuhealth Inc,0,0,0
20010524,49059,AHLT',OTC,0.025,0.025,0,0,Accuhealth Inc,0,0,0
20010525,49059,AHLT',OTC,0.025,0.025,0,0,Accuhealth Inc,0,0,0
20010529,49059,AHLT',OTC,0.025,0.025,0,0,Accuhealth Inc,0,0,0
20010530,49059,AHLT',OTC,0.025,0.025,2,0,Accuhealth Inc,0,0,0
20010531,49059,AHLT',OTC,0.025,0.025,0,0,Accuhealth Inc,0,0,0
20010601,49059,AHLT',OTC,0.025,0.025,0,0,Accuhealth Inc,0,0,0
20010604,49059,AHLT',OTC,0.025,0.025,0,0,Accuhealth Inc,0,0,0
20010605,49059,AHLT',OTC,0.025,0.025,0,0,Accuhealth Inc,0,0,0
20010606,49059,AHLT',OTC,0.025,0.025,13,0,Accuhealth Inc,0,0,0
20010607,49059,AHLT',OTC,0.025,0.025,0,0,Accuhealth Inc,0,0,0
20010608,49059,AHLT',OTC,0.025,0.025,0,0,Accuhealth Inc,0,0,0
20010611,49059,AHLT',OTC,0.025,0.025,0,0,Accuhealth Inc,0,0,0
20010612,49059,AHLT',OTC,0.025,0.025,0,0,Accuhealth Inc,0,0,0
20010613,49059,AHLT',OTC,0.025,0.025,0,0,Accuhealth Inc,0,0,0
20010614,49059,AHLT',OTC,0.025,0.025,0,0,Accuhealth Inc,0,0,0
20010615,49059,AHLT',OTC,0.025,0.025,0,0,Accuhealth Inc,0,0,0
20010618,49059,AHLT',OTC,0.025,0.025,0,0,Accuhealth Inc,0,0,0
20010619,49059,AHLT',OTC,0.025,0.025,0,0,Accuhealth Inc,0,0,0
20010620,49059,AHLT',OTC,0.025,0.025,0,0,Accuhealth Inc,0,0,0
20010621,49059,AHLT',OTC,0.025,0.025,0,0,Accuhealth Inc,0,0,0
20010622,49059,AHLT',OTC,0.025,0.025,0,0,Accuhealth Inc,0,0,0
20010625,49059,AHLT',OTC,0.025,0.025,50,0,Accuhealth Inc,0,0,0
20010626,49059,AHLT',OTC,0.025,0.025,0,0,Accuhealth Inc,0,0,0
20010627,49059,AHLT',OTC,0.025,0.025,0,0,Accuhealth Inc,0,0,0
20010628,49059,AHLT',OTC,0.025,0.025,0,0,Accuhealth Inc,0,0,0
20010629,49059,AHLT',OTC,0.025,0.025,0,0,Accuhealth Inc,0,0,0
20010702,49059,AHLT',OTC,0.025,0.025,0,0,Accuhealth Inc,0,0,0
20010703,49059,AHLT',OTC,0.025,0.025,0,0,Accuhealth Inc,0,0,0
20010705,49059,AHLT',OTC,0.025,0.025,0,0,Accuhealth Inc,0,0,0
20010706,49059,AHLT',OTC,0.025,0.025,0,0,Accuhealth Inc,0,0,0
20010709,49059,AHLT',OTC,0.025,0.025,180,0,Accuhealth Inc,0,0,0
20010710,49059,AHLT',OTC,0.025,0.025,0,0,Accuhealth Inc,0,0,0
20010711,49059,AHLT',OTC,0.025,0.025,0,0,Accuhealth Inc,0,0,0
20010712,49059,AHLT',OTC,0.025,0.025,0,0,Accuhealth Inc,0,0,0
20010713,49059,AHLT',OTC,0.01,0.01,60,0,Accuhealth Inc,0,0,0
20010716,49059,AHLT',OTC,0.01,0.01,10,0,Accuhealth Inc,0,0,0
20010717,49059,AHLT',OTC,0.01,0.01,0,0,Accuhealth Inc,0,0,0
20010718,49059,AHLT',OTC,0.01,0.01,250,0,Accuhealth Inc,0,0,0
20010719,49059,AHLT',OTC,0.01,0.01,0,0,Accuhealth Inc,0,0,0
20010720,49059,AHLT',OTC,0.01,0.01,0,0,Accuhealth Inc,0,0,0
20010723,49059,AHLT',OTC,0.01,0.01,0,0,Accuhealth Inc,0,0,0
20010724,49059,AHLT',OTC,0.01,0.01,0,0,Accuhealth Inc,0,0,0
20010725,49059,AHLT',OTC,0.01,0.01,0,0,Accuhealth Inc,0,0,0
20010726,49059,AHLT',OTC,0.01,0.01,0,0,Accuhealth Inc,0,0,0
20010727,49059,AHLT',OTC,0.01,0.01,0,0,Accuhealth Inc,0,0,0
20010730,49059,AHLT',OTC,0.01,0.01,0,0,Accuhealth Inc,0,0,0
20010731,49059,AHLT',OTC,0.01,0.01,0,0,Accuhealth Inc,0,0,0
20010801,49059,AHLT',OTC,0.01,0.01,0,0,Accuhealth Inc,0,0,0
20010802,49059,AHLT',OTC,0.01,0.01,0,0,Accuhealth Inc,0,0,0
20010803,49059,AHLT',OTC,0.01,0.01,0,0,Accuhealth Inc,0,0,0
20010806,49059,AHLT',OTC,0.01,0.01,0,0,Accuhealth Inc,0,0,0
20010807,49059,AHLT',OTC,0.01,0.01,0,0,Accuhealth Inc,0,0,0
20010808,49059,AHLT',OTC,0.01,0.01,0,0,Accuhealth Inc,0,0,0
20010809,49059,AHLT',OTC,0.01,0.01,0,0,Accuhealth Inc,0,0,0
20010810,49059,AHLT',OTC,0.01,0.01,0,0,Accuhealth Inc,0,0,0
20010813,49059,AHLT',OTC,0.01,0.01,0,0,Accuhealth Inc,0,0,0
20010814,49059,AHLT',OTC,0.01,0.01,0,0,Accuhealth Inc,0,0,0
20010815,49059,AHLT',OTC,0.01,0.01,0,0,Accuhealth Inc,0,0,0
20010816,49059,AHLT',OTC,0.01,0.01,0,0,Accuhealth Inc,0,0,0
20010817,49059,AHLT',OTC,0.01,0.01,0,0,Accuhealth Inc,0,0,0
20010820,49059,AHLT',OTC,0.01,0.01,0,0,Accuhealth Inc,0,0,0
20010821,49059,AHLT',OTC,0.01,0.01,0,0,Accuhealth Inc,0,0,0
20010822,49059,AHLT',OTC,0.01,0.01,0,0,Accuhealth Inc,0,0,0
20010823,49059,AHLT',OTC,0.01,0.01,0,0,Accuhealth Inc,0,0,0
20010824,49059,AHLT',OTC,0.01,0.01,0,0,Accuhealth Inc,0,0,0
20010827,49059,AHLT',OTC,0.005,0.005,5,0,Accuhealth Inc,0,0,0
20010828,49059,AHLT',OTC,0.005,0.005,0,0,Accuhealth Inc,0,0,0
20010829,49059,AHLT',OTC,0.005,0.005,0,0,Accuhealth Inc,0,0,0
20010830,49059,AHLT',OTC,0.005,0.005,0,0,Accuhealth Inc,0,0,0
20010831,49059,AHLT',OTC,0.005,0.005,0,0,Accuhealth Inc,0,0,0
20010904,49059,AHLT',OTC,0.005,0.005,0,0,Accuhealth Inc,0,0,0
20010905,49059,AHLT',OTC,0.005,0.005,0,0,Accuhealth Inc,0,0,0
20010906,49059,AHLT',OTC,0.005,0.005,0,0,Accuhealth Inc,0,0,0
20010907,49059,AHLT',OTC,0.005,0.005,0,0,Accuhealth Inc,0,0,0
20010910,49059,AHLT',OTC,0.005,0.005,0,0,Accuhealth Inc,0,0,0
20010917,49059,AHLT',OTC,0.005,0.005,0,0,Accuhealth Inc,0,0,0
20010918,49059,AHLT',OTC,0.005,0.005,0,0,Accuhealth Inc,0,0,0
20010919,49059,AHLT',OTC,0.005,0.005,0,0,Accuhealth Inc,0,0,0
20010920,49059,AHLT',OTC,0.005,0.005,0,0,Accuhealth Inc,0,0,0
20010921,49059,AHLT',OTC,0.005,0.005,0,0,Accuhealth Inc,0,0,0
20010924,49059,AHLT',OTC,0.005,0.005,50,0,Accuhealth Inc,0,0,0
20010925,49059,AHLT',OTC,0.005,0.005,0,0,Accuhealth Inc,0,0,0
20010926,49059,AHLT',OTC,0.005,0.005,0,0,Accuhealth Inc,0,0,0
20010927,49059,AHLT',OTC,0.005,0.005,209,0,Accuhealth Inc,0,0,0
20010928,49059,AHLT',OTC,0.005,0.005,0,0,Accuhealth Inc,0,0,0
20011001,49059,AHLT',OTC,0.005,0.005,0,0,Accuhealth Inc,0,0,0
20011002,49059,AHLT',OTC,0.005,0.005,0,0,Accuhealth Inc,0,0,0
20011003,49059,AHLT',OTC,0.005,0.005,0,0,Accuhealth Inc,0,0,0
20011004,49059,AHLT',OTC,0.005,0.005,209,0,Accuhealth Inc,0,0,0
20011005,49059,AHLT',OTC,0.005,0.005,0,0,Accuhealth Inc,0,0,0
20011008,49059,AHLT',OTC,0.005,0.005,0,0,Accuhealth Inc,0,0,0
20011009,49059,AHLT',OTC,0.005,0.005,0,0,Accuhealth Inc,0,0,0
20011010,49059,AHLT',OTC,0.005,0.005,0,0,Accuhealth Inc,0,0,0
20011011,49059,AHLT',OTC,0.005,0.005,0,0,Accuhealth Inc,0,0,0
20011012,49059,AHLT',OTC,0.005,0.005,0,0,Accuhealth Inc,0,0,0
20011015,49059,AHLT',OTC,0.005,0.005,0,0,Accuhealth Inc,0,0,0
20011016,49059,AHLT',OTC,0.005,0.005,0,0,Accuhealth Inc,0,0,0
20011017,49059,AHLT',OTC,0.005,0.005,0,0,Accuhealth Inc,0,0,0
20011018,49059,AHLT',OTC,0.005,0.005,0,0,Accuhealth Inc,0,0,0
20011019,49059,AHLT',OTC,0.005,0.005,0,0,Accuhealth Inc,0,0,0
20011022,49059,AHLT',OTC,0.005,0.005,0,0,Accuhealth Inc,0,0,0
20011023,49059,AHLT',OTC,0.005,0.005,0,0,Accuhealth Inc,0,0,0
20011024,49059,AHLT',OTC,0.005,0.005,0,0,Accuhealth Inc,0,0,0
20011025,49059,AHLT',OTC,0.005,0.005,0,0,Accuhealth Inc,0,0,0
20011026,49059,AHLT',OTC,0.008,0.008,769,0,Accuhealth Inc,0,0,0
20011029,49059,AHLT',OTC,0.008,0.008,0,0,Accuhealth Inc,0,0,0
20011030,49059,AHLT',OTC,0.008,0.008,0,0,Accuhealth Inc,0,0,0
20011031,49059,AHLT',OTC,0.008,0.008,0,0,Accuhealth Inc,0,0,0
20011101,49059,AHLT',OTC,0.008,0.008,0,0,Accuhealth Inc,0,0,0
20011102,49059,AHLT',OTC,0.008,0.008,0,0,Accuhealth Inc,0,0,0
20011105,49059,AHLT',OTC,0.008,0.008,0,0,Accuhealth Inc,0,0,0
20011106,49059,AHLT',OTC,0.008,0.008,0,0,Accuhealth Inc,0,0,0
20011107,49059,AHLT',OTC,0.008,0.008,0,0,Accuhealth Inc,0,0,0
20011108,49059,AHLT',OTC,0.008,0.008,0,0,Accuhealth Inc,0,0,0
20011109,49059,AHLT',OTC,0.007,0.007,10,0,Accuhealth Inc,0,0,0
20011112,49059,AHLT',OTC,0.007,0.007,0,0,Accuhealth Inc,0,0,0
20011113,49059,AHLT',OTC,0.007,0.007,0,0,Accuhealth Inc,0,0,0
20011114,49059,AHLT',OTC,0.007,0.007,0,0,Accuhealth Inc,0,0,0
20011115,49059,AHLT',OTC,0.007,0.007,0,0,Accuhealth Inc,0,0,0
20011116,49059,AHLT',OTC,0.007,0.007,0,0,Accuhealth Inc,0,0,0
20011119,49059,AHLT',OTC,0.007,0.007,0,0,Accuhealth Inc,0,0,0
20011120,49059,AHLT',OTC,0.007,0.007,0,0,Accuhealth Inc,0,0,0
20011121,49059,AHLT',OTC,0.007,0.007,0,0,Accuhealth Inc,0,0,0
20011123,49059,AHLT',OTC,0.007,0.007,0,0,Accuhealth Inc,0,0,0
20011126,49059,AHLT',OTC,0.007,0.007,0,0,Accuhealth Inc,0,0,0
20011127,49059,AHLT',OTC,0.007,0.007,0,0,Accuhealth Inc,0,0,0
20011128,49059,AHLT',OTC,0.007,0.007,70,0,Accuhealth Inc,0,0,0
20011129,49059,AHLT',OTC,0.007,0.007,0,0,Accuhealth Inc,0,0,0
20011130,49059,AHLT',OTC,0.007,0.007,0,0,Accuhealth Inc,0,0,0
20011203,49059,AHLT',OTC,0.007,0.007,0,0,Accuhealth Inc,0,0,0
20011204,49059,AHLT',OTC,0.007,0.007,0,0,Accuhealth Inc,0,0,0
