DDate,CSINumber,Symbol,Exchange,DClose,UnAdjustedClose,TotalVolume,Cash,MarketName,PTB,PSR,DPS
19970102,49174,DMARE',OTC,6,6,90,0,Datamarine Intl Inc,0,0,0
19970103,49174,DMARE',OTC,6,6,0,0,Datamarine Intl Inc,0,0,0
19970106,49174,DMARE',OTC,6.063,6.063,30,0,Datamarine Intl Inc,0,0,0
19970107,49174,DMARE',OTC,6.063,6.063,0,0,Datamarine Intl Inc,0,0,0
19970108,49174,DMARE',OTC,6.063,6.063,0,0,Datamarine Intl Inc,0,0,0
19970109,49174,DMARE',OTC,6.063,6.063,0,0,Datamarine Intl Inc,0,0,0
19970110,49174,DMARE',OTC,6,6,82,0,Datamarine Intl Inc,0,0,0
19970113,49174,DMARE',OTC,6,6,72,0,Datamarine Intl Inc,0,0,0
19970114,49174,DMARE',OTC,6,6,0,0,Datamarine Intl Inc,0,0,0
19970115,49174,DMARE',OTC,5.5,5.5,188,0,Datamarine Intl Inc,0,0,0
19970116,49174,DMARE',OTC,6,6,10,0,Datamarine Intl Inc,0,0,0
19970117,49174,DMARE',OTC,6,6,2,0,Datamarine Intl Inc,0,0,0
19970120,49174,DMARE',OTC,6,6,35,0,Datamarine Intl Inc,0,0,0
19970121,49174,DMARE',OTC,6.25,6.25,51,0,Datamarine Intl Inc,0,0,0
19970122,49174,DMARE',OTC,6.25,6.25,6,0,Datamarine Intl Inc,0,0,0
19970123,49174,DMARE',OTC,6.25,6.25,74,0,Datamarine Intl Inc,0,0,0
19970124,49174,DMARE',OTC,6,6,169,0,Datamarine Intl Inc,0,0,0
19970127,49174,DMARE',OTC,6,6,0,0,Datamarine Intl Inc,0,0,0
19970128,49174,DMARE',OTC,6,6,200,0,Datamarine Intl Inc,0,0,0
19970129,49174,DMARE',OTC,6,6,0,0,Datamarine Intl Inc,0,0,0
19970130,49174,DMARE',OTC,6.5,6.5,30,0,Datamarine Intl Inc,0,0,0
19970131,49174,DMARE',OTC,7,7,31,0,Datamarine Intl Inc,0,0,0
19970203,49174,DMARE',OTC,7.125,7.125,14,0,Datamarine Intl Inc,0,0,0
19970204,49174,DMARE',OTC,7.125,7.125,35,0,Datamarine Intl Inc,0,0,0
19970205,49174,DMARE',OTC,7.25,7.25,117,0,Datamarine Intl Inc,0,0,0
19970206,49174,DMARE',OTC,6.75,6.75,20,0,Datamarine Intl Inc,0,0,0
19970207,49174,DMARE',OTC,6.75,6.75,3,0,Datamarine Intl Inc,0,0,0
19970210,49174,DMARE',OTC,6.75,6.75,70,0,Datamarine Intl Inc,0,0,0
19970211,49174,DMARE',OTC,7.5,7.5,5,0,Datamarine Intl Inc,0,0,0
19970212,49174,DMARE',OTC,6.75,6.75,5,0,Datamarine Intl Inc,0,0,0
19970213,49174,DMARE',OTC,7.5,7.5,4,0,Datamarine Intl Inc,0,0,0
19970214,49174,DMARE',OTC,7.5,7.5,0,0,Datamarine Intl Inc,0,0,0
19970218,49174,DMARE',OTC,7.25,7.25,24,0,Datamarine Intl Inc,0,0,0
19970219,49174,DMARE',OTC,7.5,7.5,225,0,Datamarine Intl Inc,0,0,0
19970220,49174,DMARE',OTC,9.5,9.5,320,0,Datamarine Intl Inc,0,0,0
19970221,49174,DMARE',OTC,9.375,9.375,75,0,Datamarine Intl Inc,0,0,0
19970224,49174,DMARE',OTC,8.875,8.875,59,0,Datamarine Intl Inc,0,0,0
19970225,49174,DMARE',OTC,8.25,8.25,14,0,Datamarine Intl Inc,0,0,0
19970226,49174,DMARE',OTC,8.5,8.5,21,0,Datamarine Intl Inc,0,0,0
19970227,49174,DMARE',OTC,8.25,8.25,5,0,Datamarine Intl Inc,0,0,0
19970228,49174,DMARE',OTC,8.375,8.375,33,0,Datamarine Intl Inc,0,0,0
19970303,49174,DMARE',OTC,8.75,8.75,70,0,Datamarine Intl Inc,0,0,0
19970304,49174,DMARE',OTC,8.75,8.75,0,0,Datamarine Intl Inc,0,0,0
19970305,49174,DMARE',OTC,8,8,95,0,Datamarine Intl Inc,0,0,0
19970306,49174,DMARE',OTC,8,8,12,0,Datamarine Intl Inc,0,0,0
19970307,49174,DMARE',OTC,7.5,7.5,35,0,Datamarine Intl Inc,0,0,0
19970310,49174,DMARE',OTC,7.375,7.375,21,0,Datamarine Intl Inc,0,0,0
19970311,49174,DMARE',OTC,7.75,7.75,15,0,Datamarine Intl Inc,0,0,0
19970312,49174,DMARE',OTC,8,8,66,0,Datamarine Intl Inc,0,0,0
19970313,49174,DMARE',OTC,8.25,8.25,95,0,Datamarine Intl Inc,0,0,0
19970314,49174,DMARE',OTC,8.25,8.25,0,0,Datamarine Intl Inc,0,0,0
19970317,49174,DMARE',OTC,8.25,8.25,0,0,Datamarine Intl Inc,0,0,0
19970318,49174,DMARE',OTC,8.75,8.75,100,0,Datamarine Intl Inc,0,0,0
19970319,49174,DMARE',OTC,8.75,8.75,0,0,Datamarine Intl Inc,0,0,0
19970320,49174,DMARE',OTC,8.25,8.25,90,0,Datamarine Intl Inc,0,0,0
19970321,49174,DMARE',OTC,7.75,7.75,45,0,Datamarine Intl Inc,0,0,0
19970324,49174,DMARE',OTC,7.75,7.75,25,0,Datamarine Intl Inc,0,0,0
19970325,49174,DMARE',OTC,7.75,7.75,0,0,Datamarine Intl Inc,0,0,0
19970326,49174,DMARE',OTC,8.625,8.625,25,0,Datamarine Intl Inc,0,0,0
19970327,49174,DMARE',OTC,8.25,8.25,45,0,Datamarine Intl Inc,0,0,0
19970331,49174,DMARE',OTC,8.25,8.25,83,0,Datamarine Intl Inc,0,0,0
19970401,49174,DMARE',OTC,7.625,7.625,55,0,Datamarine Intl Inc,0,0,0
19970402,49174,DMARE',OTC,8,8,59,0,Datamarine Intl Inc,0,0,0
19970403,49174,DMARE',OTC,8.25,8.25,7,0,Datamarine Intl Inc,0,0,0
19970404,49174,DMARE',OTC,7.5,7.5,34,0,Datamarine Intl Inc,0,0,0
19970407,49174,DMARE',OTC,7.875,7.875,95,0,Datamarine Intl Inc,0,0,0
19970408,49174,DMARE',OTC,7.25,7.25,152,0,Datamarine Intl Inc,0,0,0
19970409,49174,DMARE',OTC,7.75,7.75,100,0,Datamarine Intl Inc,0,0,0
19970410,49174,DMARE',OTC,7.75,7.75,0,0,Datamarine Intl Inc,0,0,0
19970411,49174,DMARE',OTC,6.5,6.5,188,0,Datamarine Intl Inc,0,0,0
19970414,49174,DMARE',OTC,7.5,7.5,12,0,Datamarine Intl Inc,0,0,0
19970415,49174,DMARE',OTC,7.5,7.5,2,0,Datamarine Intl Inc,0,0,0
19970416,49174,DMARE',OTC,7.5,7.5,0,0,Datamarine Intl Inc,0,0,0
19970417,49174,DMARE',OTC,6.75,6.75,10,0,Datamarine Intl Inc,0,0,0
19970418,49174,DMARE',OTC,6.5,6.5,5,0,Datamarine Intl Inc,0,0,0
19970421,49174,DMARE',OTC,6.5,6.5,0,0,Datamarine Intl Inc,0,0,0
19970422,49174,DMARE',OTC,6.5,6.5,6,0,Datamarine Intl Inc,0,0,0
19970423,49174,DMARE',OTC,6.5,6.5,10,0,Datamarine Intl Inc,0,0,0
19970424,49174,DMARE',OTC,7.5,7.5,10,0,Datamarine Intl Inc,0,0,0
19970425,49174,DMARE',OTC,7.5,7.5,0,0,Datamarine Intl Inc,0,0,0
19970428,49174,DMARE',OTC,7,7,50,0,Datamarine Intl Inc,0,0,0
19970429,49174,DMARE',OTC,7,7,5,0,Datamarine Intl Inc,0,0,0
19970430,49174,DMARE',OTC,7,7,0,0,Datamarine Intl Inc,0,0,0
19970501,49174,DMARE',OTC,6.75,6.75,10,0,Datamarine Intl Inc,0,0,0
19970502,49174,DMARE',OTC,6.5,6.5,70,0,Datamarine Intl Inc,0,0,0
19970505,49174,DMARE',OTC,6.25,6.25,23,0,Datamarine Intl Inc,0,0,0
19970506,49174,DMARE',OTC,6,6,4,0,Datamarine Intl Inc,0,0,0
19970507,49174,DMARE',OTC,6,6,0,0,Datamarine Intl Inc,0,0,0
19970508,49174,DMARE',OTC,6.5,6.5,150,0,Datamarine Intl Inc,0,0,0
19970509,49174,DMARE',OTC,6.5,6.5,0,0,Datamarine Intl Inc,0,0,0
19970512,49174,DMARE',OTC,6.5,6.5,0,0,Datamarine Intl Inc,0,0,0
19970513,49174,DMARE',OTC,6.25,6.25,62,0,Datamarine Intl Inc,0,0,0
19970514,49174,DMARE',OTC,6.25,6.25,0,0,Datamarine Intl Inc,0,0,0
19970515,49174,DMARE',OTC,6.25,6.25,0,0,Datamarine Intl Inc,0,0,0
19970516,49174,DMARE',OTC,6,6,4,0,Datamarine Intl Inc,0,0,0
19970519,49174,DMARE',OTC,6.5,6.5,22,0,Datamarine Intl Inc,0,0,0
19970520,49174,DMARE',OTC,6.5,6.5,0,0,Datamarine Intl Inc,0,0,0
19970521,49174,DMARE',OTC,6.75,6.75,10,0,Datamarine Intl Inc,0,0,0
19970522,49174,DMARE',OTC,6.75,6.75,10,0,Datamarine Intl Inc,0,0,0
19970523,49174,DMARE',OTC,6.75,6.75,0,0,Datamarine Intl Inc,0,0,0
19970527,49174,DMARE',OTC,6.75,6.75,0,0,Datamarine Intl Inc,0,0,0
19970528,49174,DMARE',OTC,6.75,6.75,0,0,Datamarine Intl Inc,0,0,0
19970529,49174,DMARE',OTC,6.469,6.469,100,0,Datamarine Intl Inc,0,0,0
19970530,49174,DMARE',OTC,6.469,6.469,0,0,Datamarine Intl Inc,0,0,0
19970602,49174,DMARE',OTC,6.469,6.469,0,0,Datamarine Intl Inc,0,0,0
19970603,49174,DMARE',OTC,6,6,4,0,Datamarine Intl Inc,0,0,0
19970604,49174,DMARE',OTC,6.5,6.5,10,0,Datamarine Intl Inc,0,0,0
19970605,49174,DMARE',OTC,6.5,6.5,0,0,Datamarine Intl Inc,0,0,0
19970606,49174,DMARE',OTC,5.75,5.75,91,0,Datamarine Intl Inc,0,0,0
19970609,49174,DMARE',OTC,5.75,5.75,0,0,Datamarine Intl Inc,0,0,0
19970610,49174,DMARE',OTC,5.75,5.75,0,0,Datamarine Intl Inc,0,0,0
19970611,49174,DMARE',OTC,5.75,5.75,0,0,Datamarine Intl Inc,0,0,0
19970612,49174,DMARE',OTC,6,6,34,0,Datamarine Intl Inc,0,0,0
19970613,49174,DMARE',OTC,5.75,5.75,5,0,Datamarine Intl Inc,0,0,0
19970616,49174,DMARE',OTC,6.5,6.5,5,0,Datamarine Intl Inc,0,0,0
19970617,49174,DMARE',OTC,6.25,6.25,252,0,Datamarine Intl Inc,0,0,0
19970618,49174,DMARE',OTC,5.75,5.75,100,0,Datamarine Intl Inc,0,0,0
19970619,49174,DMARE',OTC,6.5,6.5,16,0,Datamarine Intl Inc,0,0,0
19970620,49174,DMARE',OTC,6.75,6.75,20,0,Datamarine Intl Inc,0,0,0
19970623,49174,DMARE',OTC,6.75,6.75,0,0,Datamarine Intl Inc,0,0,0
19970624,49174,DMARE',OTC,6.25,6.25,1,0,Datamarine Intl Inc,0,0,0
19970625,49174,DMARE',OTC,6.25,6.25,0,0,Datamarine Intl Inc,0,0,0
19970626,49174,DMARE',OTC,6.5,6.5,4,0,Datamarine Intl Inc,0,0,0
19970627,49174,DMARE',OTC,6.5,6.5,0,0,Datamarine Intl Inc,0,0,0
19970630,49174,DMARE',OTC,6.5,6.5,0,0,Datamarine Intl Inc,0,0,0
19970701,49174,DMARE',OTC,6.5,6.5,0,0,Datamarine Intl Inc,0,0,0
19970702,49174,DMARE',OTC,6.5,6.5,0,0,Datamarine Intl Inc,0,0,0
19970703,49174,DMARE',OTC,6.5,6.5,0,0,Datamarine Intl Inc,0,0,0
19970707,49174,DMARE',OTC,6.25,6.25,4,0,Datamarine Intl Inc,0,0,0
19970708,49174,DMARE',OTC,6.25,6.25,0,0,Datamarine Intl Inc,0,0,0
19970709,49174,DMARE',OTC,6.5,6.5,20,0,Datamarine Intl Inc,0,0,0
19970710,49174,DMARE',OTC,6.5,6.5,0,0,Datamarine Intl Inc,0,0,0
19970711,49174,DMARE',OTC,7,7,17,0,Datamarine Intl Inc,0,0,0
19970714,49174,DMARE',OTC,7,7,0,0,Datamarine Intl Inc,0,0,0
19970715,49174,DMARE',OTC,7,7,1,0,Datamarine Intl Inc,0,0,0
19970716,49174,DMARE',OTC,6.5,6.5,25,0,Datamarine Intl Inc,0,0,0
19970717,49174,DMARE',OTC,6.5,6.5,89,0,Datamarine Intl Inc,0,0,0
19970718,49174,DMARE',OTC,6.25,6.25,10,0,Datamarine Intl Inc,0,0,0
19970721,49174,DMARE',OTC,6.25,6.25,0,0,Datamarine Intl Inc,0,0,0
19970722,49174,DMARE',OTC,6.25,6.25,0,0,Datamarine Intl Inc,0,0,0
19970723,49174,DMARE',OTC,6.25,6.25,20,0,Datamarine Intl Inc,0,0,0
19970724,49174,DMARE',OTC,6.25,6.25,0,0,Datamarine Intl Inc,0,0,0
19970725,49174,DMARE',OTC,6.25,6.25,0,0,Datamarine Intl Inc,0,0,0
19970728,49174,DMARE',OTC,6.25,6.25,0,0,Datamarine Intl Inc,0,0,0
19970729,49174,DMARE',OTC,6.266,6.266,20,0,Datamarine Intl Inc,0,0,0
19970730,49174,DMARE',OTC,6.5,6.5,5,0,Datamarine Intl Inc,0,0,0
19970731,49174,DMARE',OTC,6.25,6.25,26,0,Datamarine Intl Inc,0,0,0
19970801,49174,DMARE',OTC,6.25,6.25,0,0,Datamarine Intl Inc,0,0,0
19970804,49174,DMARE',OTC,6.5,6.5,10,0,Datamarine Intl Inc,0,0,0
19970805,49174,DMARE',OTC,6.5,6.5,10,0,Datamarine Intl Inc,0,0,0
19970806,49174,DMARE',OTC,6,6,20,0,Datamarine Intl Inc,0,0,0
19970807,49174,DMARE',OTC,6,6,40,0,Datamarine Intl Inc,0,0,0
19970808,49174,DMARE',OTC,6,6,10,0,Datamarine Intl Inc,0,0,0
19970811,49174,DMARE',OTC,5.625,5.625,13,0,Datamarine Intl Inc,0,0,0
19970812,49174,DMARE',OTC,5.25,5.25,2,0,Datamarine Intl Inc,0,0,0
19970813,49174,DMARE',OTC,5.5,5.5,84,0,Datamarine Intl Inc,0,0,0
19970814,49174,DMARE',OTC,5.5,5.5,6,0,Datamarine Intl Inc,0,0,0
19970815,49174,DMARE',OTC,5.5,5.5,0,0,Datamarine Intl Inc,0,0,0
19970818,49174,DMARE',OTC,5.75,5.75,12,0,Datamarine Intl Inc,0,0,0
19970819,49174,DMARE',OTC,5.5,5.5,40,0,Datamarine Intl Inc,0,0,0
19970820,49174,DMARE',OTC,4.75,4.75,2,0,Datamarine Intl Inc,0,0,0
19970821,49174,DMARE',OTC,4.75,4.75,42,0,Datamarine Intl Inc,0,0,0
19970822,49174,DMARE',OTC,5.5,5.5,6,0,Datamarine Intl Inc,0,0,0
19970825,49174,DMARE',OTC,5.5,5.5,7,0,Datamarine Intl Inc,0,0,0
19970826,49174,DMARE',OTC,5.5,5.5,4,0,Datamarine Intl Inc,0,0,0
19970827,49174,DMARE',OTC,5,5,5,0,Datamarine Intl Inc,0,0,0
19970828,49174,DMARE',OTC,5.5,5.5,10,0,Datamarine Intl Inc,0,0,0
19970829,49174,DMARE',OTC,5,5,20,0,Datamarine Intl Inc,0,0,0
19970902,49174,DMARE',OTC,4.875,4.875,116,0,Datamarine Intl Inc,0,0,0
19970903,49174,DMARE',OTC,4.875,4.875,17,0,Datamarine Intl Inc,0,0,0
19970904,49174,DMARE',OTC,5,5,59,0,Datamarine Intl Inc,0,0,0
19970905,49174,DMARE',OTC,5,5,10,0,Datamarine Intl Inc,0,0,0
19970908,49174,DMARE',OTC,5,5,20,0,Datamarine Intl Inc,0,0,0
19970909,49174,DMARE',OTC,5,5,26,0,Datamarine Intl Inc,0,0,0
19970910,49174,DMARE',OTC,5,5,55,0,Datamarine Intl Inc,0,0,0
19970911,49174,DMARE',OTC,5,5,0,0,Datamarine Intl Inc,0,0,0
19970912,49174,DMARE',OTC,5,5,0,0,Datamarine Intl Inc,0,0,0
19970915,49174,DMARE',OTC,4.875,4.875,100,0,Datamarine Intl Inc,0,0,0
19970916,49174,DMARE',OTC,5,5,14,0,Datamarine Intl Inc,0,0,0
19970917,49174,DMARE',OTC,5,5,20,0,Datamarine Intl Inc,0,0,0
19970918,49174,DMARE',OTC,5,5,0,0,Datamarine Intl Inc,0,0,0
19970919,49174,DMARE',OTC,5,5,32,0,Datamarine Intl Inc,0,0,0
19970922,49174,DMARE',OTC,5,5,0,0,Datamarine Intl Inc,0,0,0
19970923,49174,DMARE',OTC,5,5,0,0,Datamarine Intl Inc,0,0,0
19970924,49174,DMARE',OTC,4.938,4.938,15,0,Datamarine Intl Inc,0,0,0
19970925,49174,DMARE',OTC,4.813,4.813,60,0,Datamarine Intl Inc,0,0,0
19970926,49174,DMARE',OTC,4.813,4.813,0,0,Datamarine Intl Inc,0,0,0
19970929,49174,DMARE',OTC,4.813,4.813,85,0,Datamarine Intl Inc,0,0,0
19970930,49174,DMARE',OTC,4.875,4.875,20,0,Datamarine Intl Inc,0,0,0
19971001,49174,DMARE',OTC,4.875,4.875,20,0,Datamarine Intl Inc,0,0,0
19971002,49174,DMARE',OTC,4.75,4.75,107,0,Datamarine Intl Inc,0,0,0
19971003,49174,DMARE',OTC,4.75,4.75,133,0,Datamarine Intl Inc,0,0,0
19971006,49174,DMARE',OTC,4.875,4.875,81,0,Datamarine Intl Inc,0,0,0
19971007,49174,DMARE',OTC,4.875,4.875,0,0,Datamarine Intl Inc,0,0,0
19971008,49174,DMARE',OTC,4.75,4.75,62,0,Datamarine Intl Inc,0,0,0
19971009,49174,DMARE',OTC,4.5,4.5,272,0,Datamarine Intl Inc,0,0,0
19971010,49174,DMARE',OTC,4.375,4.375,340,0,Datamarine Intl Inc,0,0,0
19971013,49174,DMARE',OTC,4.25,4.25,120,0,Datamarine Intl Inc,0,0,0
19971014,49174,DMARE',OTC,4.25,4.25,36,0,Datamarine Intl Inc,0,0,0
19971015,49174,DMARE',OTC,4.25,4.25,320,0,Datamarine Intl Inc,0,0,0
19971016,49174,DMARE',OTC,4.25,4.25,220,0,Datamarine Intl Inc,0,0,0
19971017,49174,DMARE',OTC,4.313,4.313,111,0,Datamarine Intl Inc,0,0,0
19971020,49174,DMARE',OTC,4.25,4.25,100,0,Datamarine Intl Inc,0,0,0
19971021,49174,DMARE',OTC,4.25,4.25,124,0,Datamarine Intl Inc,0,0,0
19971022,49174,DMARE',OTC,4.375,4.375,25,0,Datamarine Intl Inc,0,0,0
19971023,49174,DMARE',OTC,4.375,4.375,1,0,Datamarine Intl Inc,0,0,0
19971024,49174,DMARE',OTC,4,4,39,0,Datamarine Intl Inc,0,0,0
19971027,49174,DMARE',OTC,3.875,3.875,37,0,Datamarine Intl Inc,0,0,0
19971028,49174,DMARE',OTC,3.875,3.875,0,0,Datamarine Intl Inc,0,0,0
19971029,49174,DMARE',OTC,4.25,4.25,102,0,Datamarine Intl Inc,0,0,0
19971030,49174,DMARE',OTC,3.625,3.625,13,0,Datamarine Intl Inc,0,0,0
19971031,49174,DMARE',OTC,4.25,4.25,27,0,Datamarine Intl Inc,0,0,0
19971103,49174,DMARE',OTC,4.125,4.125,25,0,Datamarine Intl Inc,0,0,0
19971104,49174,DMARE',OTC,4,4,16,0,Datamarine Intl Inc,0,0,0
19971105,49174,DMARE',OTC,4,4,0,0,Datamarine Intl Inc,0,0,0
19971106,49174,DMARE',OTC,3.75,3.75,5,0,Datamarine Intl Inc,0,0,0
19971107,49174,DMARE',OTC,3.75,3.75,63,0,Datamarine Intl Inc,0,0,0
19971110,49174,DMARE',OTC,4,4,19,0,Datamarine Intl Inc,0,0,0
19971111,49174,DMARE',OTC,4,4,80,0,Datamarine Intl Inc,0,0,0
19971112,49174,DMARE',OTC,3.75,3.75,320,0,Datamarine Intl Inc,0,0,0
19971113,49174,DMARE',OTC,3.75,3.75,0,0,Datamarine Intl Inc,0,0,0
19971114,49174,DMARE',OTC,4.063,4.063,20,0,Datamarine Intl Inc,0,0,0
19971117,49174,DMARE',OTC,4.25,4.25,20,0,Datamarine Intl Inc,0,0,0
19971118,49174,DMARE',OTC,4.25,4.25,57,0,Datamarine Intl Inc,0,0,0
19971119,49174,DMARE',OTC,4,4,118,0,Datamarine Intl Inc,0,0,0
19971120,49174,DMARE',OTC,4,4,0,0,Datamarine Intl Inc,0,0,0
19971121,49174,DMARE',OTC,3.875,3.875,120,0,Datamarine Intl Inc,0,0,0
19971124,49174,DMARE',OTC,3.875,3.875,72,0,Datamarine Intl Inc,0,0,0
19971125,49174,DMARE',OTC,3.875,3.875,56,0,Datamarine Intl Inc,0,0,0
19971126,49174,DMARE',OTC,3.875,3.875,189,0,Datamarine Intl Inc,0,0,0
19971128,49174,DMARE',OTC,3.875,3.875,0,0,Datamarine Intl Inc,0,0,0
19971201,49174,DMARE',OTC,3.875,3.875,44,0,Datamarine Intl Inc,0,0,0
19971202,49174,DMARE',OTC,3.875,3.875,0,0,Datamarine Intl Inc,0,0,0
19971203,49174,DMARE',OTC,4,4,75,0,Datamarine Intl Inc,0,0,0
19971204,49174,DMARE',OTC,4,4,40,0,Datamarine Intl Inc,0,0,0
19971205,49174,DMARE',OTC,4,4,34,0,Datamarine Intl Inc,0,0,0
19971208,49174,DMARE',OTC,4,4,0,0,Datamarine Intl Inc,0,0,0
19971209,49174,DMARE',OTC,3.813,3.813,70,0,Datamarine Intl Inc,0,0,0
19971210,49174,DMARE',OTC,3.875,3.875,10,0,Datamarine Intl Inc,0,0,0
19971211,49174,DMARE',OTC,3.875,3.875,0,0,Datamarine Intl Inc,0,0,0
19971212,49174,DMARE',OTC,3.938,3.938,19,0,Datamarine Intl Inc,0,0,0
19971215,49174,DMARE',OTC,3.938,3.938,0,0,Datamarine Intl Inc,0,0,0
19971216,49174,DMARE',OTC,4,4,51,0,Datamarine Intl Inc,0,0,0
19971217,49174,DMARE',OTC,3.625,3.625,48,0,Datamarine Intl Inc,0,0,0
19971218,49174,DMARE',OTC,3.875,3.875,5,0,Datamarine Intl Inc,0,0,0
19971219,49174,DMARE',OTC,3.75,3.75,17,0,Datamarine Intl Inc,0,0,0
19971222,49174,DMARE',OTC,3.5,3.5,87,0,Datamarine Intl Inc,0,0,0
19971223,49174,DMARE',OTC,3.75,3.75,111,0,Datamarine Intl Inc,0,0,0
19971224,49174,DMARE',OTC,3.75,3.75,0,0,Datamarine Intl Inc,0,0,0
19971226,49174,DMARE',OTC,3.75,3.75,0,0,Datamarine Intl Inc,0,0,0
19971229,49174,DMARE',OTC,3.5,3.5,119,0,Datamarine Intl Inc,0,0,0
19971230,49174,DMARE',OTC,3.625,3.625,86,0,Datamarine Intl Inc,0,0,0
19971231,49174,DMARE',OTC,3.438,3.438,60,0,Datamarine Intl Inc,0,0,0
19980102,49174,DMARE',OTC,3.375,3.375,18,0,Datamarine Intl Inc,0,0,0
19980105,49174,DMARE',OTC,3.438,3.438,26,0,Datamarine Intl Inc,0,0,0
19980106,49174,DMARE',OTC,3.625,3.625,74,0,Datamarine Intl Inc,0,0,0
19980107,49174,DMARE',OTC,3.5,3.5,17,0,Datamarine Intl Inc,0,0,0
19980108,49174,DMARE',OTC,3.5,3.5,0,0,Datamarine Intl Inc,0,0,0
19980109,49174,DMARE',OTC,3.375,3.375,20,0,Datamarine Intl Inc,0,0,0
19980112,49174,DMARE',OTC,3.625,3.625,12,0,Datamarine Intl Inc,0,0,0
19980113,49174,DMARE',OTC,3.625,3.625,0,0,Datamarine Intl Inc,0,0,0
19980114,49174,DMARE',OTC,3.625,3.625,0,0,Datamarine Intl Inc,0,0,0
19980115,49174,DMARE',OTC,3.25,3.25,5,0,Datamarine Intl Inc,0,0,0
19980116,49174,DMARE',OTC,3.125,3.125,7,0,Datamarine Intl Inc,0,0,0
19980120,49174,DMARE',OTC,3.5,3.5,41,0,Datamarine Intl Inc,0,0,0
19980121,49174,DMARE',OTC,3.625,3.625,8,0,Datamarine Intl Inc,0,0,0
19980122,49174,DMARE',OTC,3.875,3.875,30,0,Datamarine Intl Inc,0,0,0
19980123,49174,DMARE',OTC,3.875,3.875,0,0,Datamarine Intl Inc,0,0,0
19980126,49174,DMARE',OTC,3.875,3.875,0,0,Datamarine Intl Inc,0,0,0
19980127,49174,DMARE',OTC,3.875,3.875,0,0,Datamarine Intl Inc,0,0,0
19980128,49174,DMARE',OTC,3.875,3.875,0,0,Datamarine Intl Inc,0,0,0
19980129,49174,DMARE',OTC,3.875,3.875,0,0,Datamarine Intl Inc,0,0,0
19980130,49174,DMARE',OTC,3.875,3.875,0,0,Datamarine Intl Inc,0,0,0
19980202,49174,DMARE',OTC,3.875,3.875,0,0,Datamarine Intl Inc,0,0,0
19980203,49174,DMARE',OTC,3.875,3.875,0,0,Datamarine Intl Inc,0,0,0
19980204,49174,DMARE',OTC,3.875,3.875,0,0,Datamarine Intl Inc,0,0,0
19980205,49174,DMARE',OTC,3.875,3.875,0,0,Datamarine Intl Inc,0,0,0
19980206,49174,DMARE',OTC,3.875,3.875,0,0,Datamarine Intl Inc,0,0,0
19980209,49174,DMARE',OTC,3.875,3.875,0,0,Datamarine Intl Inc,0,0,0
19980210,49174,DMARE',OTC,3.875,3.875,0,0,Datamarine Intl Inc,0,0,0
19980211,49174,DMARE',OTC,3.875,3.875,0,0,Datamarine Intl Inc,0,0,0
19980212,49174,DMARE',OTC,3.875,3.875,0,0,Datamarine Intl Inc,0,0,0
19980213,49174,DMARE',OTC,3.875,3.875,0,0,Datamarine Intl Inc,0,0,0
19980217,49174,DMARE',OTC,3.875,3.875,0,0,Datamarine Intl Inc,0,0,0
19980218,49174,DMARE',OTC,3.875,3.875,0,0,Datamarine Intl Inc,0,0,0
19980219,49174,DMARE',OTC,3.875,3.875,0,0,Datamarine Intl Inc,0,0,0
19980220,49174,DMARE',OTC,3.875,3.875,0,0,Datamarine Intl Inc,0,0,0
19980223,49174,DMARE',OTC,3.875,3.875,0,0,Datamarine Intl Inc,0,0,0
19980224,49174,DMARE',OTC,3.875,3.875,0,0,Datamarine Intl Inc,0,0,0
19980225,49174,DMARE',OTC,3.875,3.875,0,0,Datamarine Intl Inc,0,0,0
19980226,49174,DMARE',OTC,3.875,3.875,0,0,Datamarine Intl Inc,0,0,0
19980227,49174,DMARE',OTC,3.875,3.875,0,0,Datamarine Intl Inc,0,0,0
19980302,49174,DMARE',OTC,3.875,3.875,0,0,Datamarine Intl Inc,0,0,0
19980303,49174,DMARE',OTC,3.875,3.875,0,0,Datamarine Intl Inc,0,0,0
19980304,49174,DMARE',OTC,3.875,3.875,0,0,Datamarine Intl Inc,0,0,0
19980305,49174,DMARE',OTC,3.875,3.875,0,0,Datamarine Intl Inc,0,0,0
19980306,49174,DMARE',OTC,3.875,3.875,0,0,Datamarine Intl Inc,0,0,0
19980309,49174,DMARE',OTC,3.875,3.875,0,0,Datamarine Intl Inc,0,0,0
19980310,49174,DMARE',OTC,3.875,3.875,0,0,Datamarine Intl Inc,0,0,0
19980311,49174,DMARE',OTC,3.875,3.875,0,0,Datamarine Intl Inc,0,0,0
19980312,49174,DMARE',OTC,3.875,3.875,0,0,Datamarine Intl Inc,0,0,0
19980313,49174,DMARE',OTC,3.875,3.875,0,0,Datamarine Intl Inc,0,0,0
19980316,49174,DMARE',OTC,3.875,3.875,0,0,Datamarine Intl Inc,0,0,0
19980317,49174,DMARE',OTC,3.875,3.875,0,0,Datamarine Intl Inc,0,0,0
19980318,49174,DMARE',OTC,3.875,3.875,0,0,Datamarine Intl Inc,0,0,0
19980319,49174,DMARE',OTC,3.875,3.875,0,0,Datamarine Intl Inc,0,0,0
19980320,49174,DMARE',OTC,3.875,3.875,0,0,Datamarine Intl Inc,0,0,0
19980323,49174,DMARE',OTC,3.875,3.875,0,0,Datamarine Intl Inc,0,0,0
19980324,49174,DMARE',OTC,3.875,3.875,0,0,Datamarine Intl Inc,0,0,0
19980325,49174,DMARE',OTC,3.875,3.875,0,0,Datamarine Intl Inc,0,0,0
19980326,49174,DMARE',OTC,3.875,3.875,0,0,Datamarine Intl Inc,0,0,0
19980327,49174,DMARE',OTC,3.875,3.875,0,0,Datamarine Intl Inc,0,0,0
19980330,49174,DMARE',OTC,3.875,3.875,0,0,Datamarine Intl Inc,0,0,0
19980331,49174,DMARE',OTC,3.875,3.875,0,0,Datamarine Intl Inc,0,0,0
19980401,49174,DMARE',OTC,3.875,3.875,0,0,Datamarine Intl Inc,0,0,0
19980402,49174,DMARE',OTC,3.875,3.875,0,0,Datamarine Intl Inc,0,0,0
19980403,49174,DMARE',OTC,3.875,3.875,0,0,Datamarine Intl Inc,0,0,0
19980406,49174,DMARE',OTC,3.875,3.875,0,0,Datamarine Intl Inc,0,0,0
19980407,49174,DMARE',OTC,3.875,3.875,0,0,Datamarine Intl Inc,0,0,0
19980408,49174,DMARE',OTC,3.875,3.875,0,0,Datamarine Intl Inc,0,0,0
19980409,49174,DMARE',OTC,3.875,3.875,0,0,Datamarine Intl Inc,0,0,0
19980413,49174,DMARE',OTC,3.875,3.875,0,0,Datamarine Intl Inc,0,0,0
19980414,49174,DMARE',OTC,3.875,3.875,0,0,Datamarine Intl Inc,0,0,0
19980415,49174,DMARE',OTC,3.875,3.875,0,0,Datamarine Intl Inc,0,0,0
19980416,49174,DMARE',OTC,3.875,3.875,0,0,Datamarine Intl Inc,0,0,0
19980417,49174,DMARE',OTC,3.875,3.875,0,0,Datamarine Intl Inc,0,0,0
19980420,49174,DMARE',OTC,3.875,3.875,0,0,Datamarine Intl Inc,0,0,0
19980421,49174,DMARE',OTC,3.875,3.875,0,0,Datamarine Intl Inc,0,0,0
19980422,49174,DMARE',OTC,3.875,3.875,0,0,Datamarine Intl Inc,0,0,0
19980423,49174,DMARE',OTC,3.875,3.875,0,0,Datamarine Intl Inc,0,0,0
19980424,49174,DMARE',OTC,3.875,3.875,0,0,Datamarine Intl Inc,0,0,0
19980427,49174,DMARE',OTC,3.875,3.875,0,0,Datamarine Intl Inc,0,0,0
19980428,49174,DMARE',OTC,3.875,3.875,0,0,Datamarine Intl Inc,0,0,0
19980429,49174,DMARE',OTC,3.875,3.875,0,0,Datamarine Intl Inc,0,0,0
19980430,49174,DMARE',OTC,3.875,3.875,0,0,Datamarine Intl Inc,0,0,0
19980501,49174,DMARE',OTC,3.875,3.875,0,0,Datamarine Intl Inc,0,0,0
19980504,49174,DMARE',OTC,3.875,3.875,0,0,Datamarine Intl Inc,0,0,0
19980505,49174,DMARE',OTC,3.875,3.875,0,0,Datamarine Intl Inc,0,0,0
19980506,49174,DMARE',OTC,3.875,3.875,0,0,Datamarine Intl Inc,0,0,0
19980507,49174,DMARE',OTC,3.875,3.875,0,0,Datamarine Intl Inc,0,0,0
19980508,49174,DMARE',OTC,3.875,3.875,0,0,Datamarine Intl Inc,0,0,0
19980511,49174,DMARE',OTC,3.875,3.875,0,0,Datamarine Intl Inc,0,0,0
19980512,49174,DMARE',OTC,3.875,3.875,0,0,Datamarine Intl Inc,0,0,0
19980513,49174,DMARE',OTC,3.875,3.875,0,0,Datamarine Intl Inc,0,0,0
19980514,49174,DMARE',OTC,3.875,3.875,0,0,Datamarine Intl Inc,0,0,0
19980515,49174,DMARE',OTC,3.875,3.875,0,0,Datamarine Intl Inc,0,0,0
19980518,49174,DMARE',OTC,3.875,3.875,0,0,Datamarine Intl Inc,0,0,0
19980519,49174,DMARE',OTC,3.875,3.875,0,0,Datamarine Intl Inc,0,0,0
19980520,49174,DMARE',OTC,3.875,3.875,0,0,Datamarine Intl Inc,0,0,0
19980521,49174,DMARE',OTC,3.875,3.875,0,0,Datamarine Intl Inc,0,0,0
19980522,49174,DMARE',OTC,3.875,3.875,0,0,Datamarine Intl Inc,0,0,0
19980526,49174,DMARE',OTC,3.875,3.875,0,0,Datamarine Intl Inc,0,0,0
19980527,49174,DMARE',OTC,3.875,3.875,0,0,Datamarine Intl Inc,0,0,0
19980528,49174,DMARE',OTC,3.875,3.875,0,0,Datamarine Intl Inc,0,0,0
19980529,49174,DMARE',OTC,3.875,3.875,0,0,Datamarine Intl Inc,0,0,0
19980601,49174,DMARE',OTC,3.875,3.875,0,0,Datamarine Intl Inc,0,0,0
19980602,49174,DMARE',OTC,3.875,3.875,0,0,Datamarine Intl Inc,0,0,0
19980603,49174,DMARE',OTC,3.875,3.875,0,0,Datamarine Intl Inc,0,0,0
19980604,49174,DMARE',OTC,3.875,3.875,0,0,Datamarine Intl Inc,0,0,0
19980605,49174,DMARE',OTC,3.875,3.875,0,0,Datamarine Intl Inc,0,0,0
19980608,49174,DMARE',OTC,3.875,3.875,0,0,Datamarine Intl Inc,0,0,0
19980609,49174,DMARE',OTC,3.875,3.875,0,0,Datamarine Intl Inc,0,0,0
19980610,49174,DMARE',OTC,3.875,3.875,0,0,Datamarine Intl Inc,0,0,0
19980611,49174,DMARE',OTC,3.875,3.875,0,0,Datamarine Intl Inc,0,0,0
19980612,49174,DMARE',OTC,3.875,3.875,0,0,Datamarine Intl Inc,0,0,0
19980615,49174,DMARE',OTC,3.875,3.875,0,0,Datamarine Intl Inc,0,0,0
19980616,49174,DMARE',OTC,3.875,3.875,0,0,Datamarine Intl Inc,0,0,0
19980617,49174,DMARE',OTC,3.875,3.875,0,0,Datamarine Intl Inc,0,0,0
19980618,49174,DMARE',OTC,3.875,3.875,0,0,Datamarine Intl Inc,0,0,0
19980619,49174,DMARE',OTC,3.875,3.875,0,0,Datamarine Intl Inc,0,0,0
19980622,49174,DMARE',OTC,3.875,3.875,0,0,Datamarine Intl Inc,0,0,0
19980623,49174,DMARE',OTC,3.875,3.875,0,0,Datamarine Intl Inc,0,0,0
19980624,49174,DMARE',OTC,3.875,3.875,0,0,Datamarine Intl Inc,0,0,0
19980625,49174,DMARE',OTC,3.875,3.875,0,0,Datamarine Intl Inc,0,0,0
19980626,49174,DMARE',OTC,3.875,3.875,0,0,Datamarine Intl Inc,0,0,0
19980629,49174,DMARE',OTC,3.875,3.875,0,0,Datamarine Intl Inc,0,0,0
19980630,49174,DMARE',OTC,3.875,3.875,0,0,Datamarine Intl Inc,0,0,0
19980701,49174,DMARE',OTC,3.875,3.875,0,0,Datamarine Intl Inc,0,0,0
19980702,49174,DMARE',OTC,3.875,3.875,0,0,Datamarine Intl Inc,0,0,0
19980706,49174,DMARE',OTC,3.875,3.875,0,0,Datamarine Intl Inc,0,0,0
19980707,49174,DMARE',OTC,3.875,3.875,0,0,Datamarine Intl Inc,0,0,0
19980708,49174,DMARE',OTC,3.875,3.875,0,0,Datamarine Intl Inc,0,0,0
19980709,49174,DMARE',OTC,5.25,5.25,55,0,Datamarine Intl Inc,0,0,0
19980710,49174,DMARE',OTC,5.25,5.25,0,0,Datamarine Intl Inc,0,0,0
19980713,49174,DMARE',OTC,5.25,5.25,0,0,Datamarine Intl Inc,0,0,0
19980714,49174,DMARE',OTC,5.25,5.25,0,0,Datamarine Intl Inc,0,0,0
19980715,49174,DMARE',OTC,4.625,4.625,100,0,Datamarine Intl Inc,0,0,0
19980716,49174,DMARE',OTC,4.625,4.625,0,0,Datamarine Intl Inc,0,0,0
19980717,49174,DMARE',OTC,4.625,4.625,0,0,Datamarine Intl Inc,0,0,0
19980720,49174,DMARE',OTC,5,5,200,0,Datamarine Intl Inc,0,0,0
19980721,49174,DMARE',OTC,5,5,0,0,Datamarine Intl Inc,0,0,0
19980722,49174,DMARE',OTC,5,5,10,0,Datamarine Intl Inc,0,0,0
19980723,49174,DMARE',OTC,5,5,24,0,Datamarine Intl Inc,0,0,0
19980724,49174,DMARE',OTC,4.75,4.75,7,0,Datamarine Intl Inc,0,0,0
19980727,49174,DMARE',OTC,4.75,4.75,16,0,Datamarine Intl Inc,0,0,0
19980728,49174,DMARE',OTC,4.625,4.625,1,0,Datamarine Intl Inc,0,0,0
19980729,49174,DMARE',OTC,4.625,4.625,0,0,Datamarine Intl Inc,0,0,0
19980730,49174,DMARE',OTC,4.625,4.625,0,0,Datamarine Intl Inc,0,0,0
19980731,49174,DMARE',OTC,4.625,4.625,23,0,Datamarine Intl Inc,0,0,0
19980803,49174,DMARE',OTC,4.625,4.625,0,0,Datamarine Intl Inc,0,0,0
19980804,49174,DMARE',OTC,4.625,4.625,42,0,Datamarine Intl Inc,0,0,0
19980805,49174,DMARE',OTC,4.625,4.625,0,0,Datamarine Intl Inc,0,0,0
19980806,49174,DMARE',OTC,4.75,4.75,2,0,Datamarine Intl Inc,0,0,0
19980807,49174,DMARE',OTC,4.75,4.75,0,0,Datamarine Intl Inc,0,0,0
19980810,49174,DMARE',OTC,4.75,4.75,0,0,Datamarine Intl Inc,0,0,0
19980811,49174,DMARE',OTC,4.75,4.75,10,0,Datamarine Intl Inc,0,0,0
19980812,49174,DMARE',OTC,4.75,4.75,0,0,Datamarine Intl Inc,0,0,0
19980813,49174,DMARE',OTC,4.75,4.75,0,0,Datamarine Intl Inc,0,0,0
19980814,49174,DMARE',OTC,4.75,4.75,0,0,Datamarine Intl Inc,0,0,0
19980817,49174,DMARE',OTC,4.75,4.75,0,0,Datamarine Intl Inc,0,0,0
19980818,49174,DMARE',OTC,4.75,4.75,0,0,Datamarine Intl Inc,0,0,0
19980819,49174,DMARE',OTC,4.75,4.75,0,0,Datamarine Intl Inc,0,0,0
19980820,49174,DMARE',OTC,4,4,77,0,Datamarine Intl Inc,0,0,0
19980821,49174,DMARE',OTC,3.437,3.437,30,0,Datamarine Intl Inc,0,0,0
19980824,49174,DMARE',OTC,3.437,3.437,0,0,Datamarine Intl Inc,0,0,0
19980825,49174,DMARE',OTC,4,4,31,0,Datamarine Intl Inc,0,0,0
19980826,49174,DMARE',OTC,4,4,0,0,Datamarine Intl Inc,0,0,0
19980827,49174,DMARE',OTC,4.5,4.5,21,0,Datamarine Intl Inc,0,0,0
19980828,49174,DMARE',OTC,4,4,108,0,Datamarine Intl Inc,0,0,0
19980831,49174,DMARE',OTC,3.75,3.75,60,0,Datamarine Intl Inc,0,0,0
19980901,49174,DMARE',OTC,3.5,3.5,100,0,Datamarine Intl Inc,0,0,0
19980902,49174,DMARE',OTC,3.5,3.5,0,0,Datamarine Intl Inc,0,0,0
19980903,49174,DMARE',OTC,3.75,3.75,10,0,Datamarine Intl Inc,0,0,0
19980904,49174,DMARE',OTC,3.5,3.5,41,0,Datamarine Intl Inc,0,0,0
19980908,49174,DMARE',OTC,3.5,3.5,41,0,Datamarine Intl Inc,0,0,0
19980909,49174,DMARE',OTC,3.75,3.75,37,0,Datamarine Intl Inc,0,0,0
19980910,49174,DMARE',OTC,3.75,3.75,0,0,Datamarine Intl Inc,0,0,0
19980911,49174,DMARE',OTC,4.375,4.375,58,0,Datamarine Intl Inc,0,0,0
19980914,49174,DMARE',OTC,4.125,4.125,39,0,Datamarine Intl Inc,0,0,0
19980915,49174,DMARE',OTC,4.125,4.125,50,0,Datamarine Intl Inc,0,0,0
19980916,49174,DMARE',OTC,3.875,3.875,79,0,Datamarine Intl Inc,0,0,0
19980917,49174,DMARE',OTC,3.875,3.875,0,0,Datamarine Intl Inc,0,0,0
19980918,49174,DMARE',OTC,3.875,3.875,20,0,Datamarine Intl Inc,0,0,0
19980921,49174,DMARE',OTC,3.875,3.875,0,0,Datamarine Intl Inc,0,0,0
19980922,49174,DMARE',OTC,4.5,4.5,5,0,Datamarine Intl Inc,0,0,0
19980923,49174,DMARE',OTC,4,4,5,0,Datamarine Intl Inc,0,0,0
19980924,49174,DMARE',OTC,4,4,0,0,Datamarine Intl Inc,0,0,0
19980925,49174,DMARE',OTC,4.375,4.375,2,0,Datamarine Intl Inc,0,0,0
19980928,49174,DMARE',OTC,4,4,55,0,Datamarine Intl Inc,0,0,0
19980929,49174,DMARE',OTC,4,4,0,0,Datamarine Intl Inc,0,0,0
19980930,49174,DMARE',OTC,4,4,0,0,Datamarine Intl Inc,0,0,0
19981001,49174,DMARE',OTC,4,4,0,0,Datamarine Intl Inc,0,0,0
19981002,49174,DMARE',OTC,4,4,0,0,Datamarine Intl Inc,0,0,0
19981005,49174,DMARE',OTC,4,4,0,0,Datamarine Intl Inc,0,0,0
19981006,49174,DMARE',OTC,3.5,3.5,53,0,Datamarine Intl Inc,0,0,0
19981007,49174,DMARE',OTC,4,4,2,0,Datamarine Intl Inc,0,0,0
19981008,49174,DMARE',OTC,3.25,3.25,20,0,Datamarine Intl Inc,0,0,0
19981009,49174,DMARE',OTC,4,4,35,0,Datamarine Intl Inc,0,0,0
19981012,49174,DMARE',OTC,4,4,0,0,Datamarine Intl Inc,0,0,0
19981013,49174,DMARE',OTC,4,4,0,0,Datamarine Intl Inc,0,0,0
19981014,49174,DMARE',OTC,4,4,0,0,Datamarine Intl Inc,0,0,0
19981015,49174,DMARE',OTC,3.25,3.25,1,0,Datamarine Intl Inc,0,0,0
19981016,49174,DMARE',OTC,3.25,3.25,0,0,Datamarine Intl Inc,0,0,0
19981019,49174,DMARE',OTC,3,3,1,0,Datamarine Intl Inc,0,0,0
19981020,49174,DMARE',OTC,3,3,0,0,Datamarine Intl Inc,0,0,0
19981021,49174,DMARE',OTC,3,3,0,0,Datamarine Intl Inc,0,0,0
19981022,49174,DMARE',OTC,3.5,3.5,96,0,Datamarine Intl Inc,0,0,0
19981023,49174,DMARE',OTC,3.25,3.25,42,0,Datamarine Intl Inc,0,0,0
19981026,49174,DMARE',OTC,3.25,3.25,0,0,Datamarine Intl Inc,0,0,0
19981027,49174,DMARE',OTC,3.25,3.25,0,0,Datamarine Intl Inc,0,0,0
19981028,49174,DMARE',OTC,3.25,3.25,0,0,Datamarine Intl Inc,0,0,0
19981029,49174,DMARE',OTC,3.25,3.25,0,0,Datamarine Intl Inc,0,0,0
19981030,49174,DMARE',OTC,3.25,3.25,0,0,Datamarine Intl Inc,0,0,0
19981102,49174,DMARE',OTC,3.25,3.25,35,0,Datamarine Intl Inc,0,0,0
19981103,49174,DMARE',OTC,3.125,3.125,26,0,Datamarine Intl Inc,0,0,0
19981104,49174,DMARE',OTC,3.125,3.125,0,0,Datamarine Intl Inc,0,0,0
19981105,49174,DMARE',OTC,3.125,3.125,0,0,Datamarine Intl Inc,0,0,0
19981106,49174,DMARE',OTC,3.125,3.125,0,0,Datamarine Intl Inc,0,0,0
19981109,49174,DMARE',OTC,3.125,3.125,0,0,Datamarine Intl Inc,0,0,0
19981110,49174,DMARE',OTC,3.125,3.125,0,0,Datamarine Intl Inc,0,0,0
19981111,49174,DMARE',OTC,2.625,2.625,3,0,Datamarine Intl Inc,0,0,0
19981112,49174,DMARE',OTC,2.625,2.625,0,0,Datamarine Intl Inc,0,0,0
19981113,49174,DMARE',OTC,2.625,2.625,5,0,Datamarine Intl Inc,0,0,0
19981116,49174,DMARE',OTC,2.625,2.625,0,0,Datamarine Intl Inc,0,0,0
19981117,49174,DMARE',OTC,3.125,3.125,34,0,Datamarine Intl Inc,0,0,0
19981118,49174,DMARE',OTC,3,3,40,0,Datamarine Intl Inc,0,0,0
19981119,49174,DMARE',OTC,3,3,0,0,Datamarine Intl Inc,0,0,0
19981120,49174,DMARE',OTC,3,3,0,0,Datamarine Intl Inc,0,0,0
19981123,49174,DMARE',OTC,3.25,3.25,2,0,Datamarine Intl Inc,0,0,0
19981124,49174,DMARE',OTC,3.25,3.25,0,0,Datamarine Intl Inc,0,0,0
19981125,49174,DMARE',OTC,2.875,2.875,24,0,Datamarine Intl Inc,0,0,0
19981127,49174,DMARE',OTC,2.875,2.875,0,0,Datamarine Intl Inc,0,0,0
19981130,49174,DMARE',OTC,2.75,2.75,2,0,Datamarine Intl Inc,0,0,0
19981201,49174,DMARE',OTC,2.625,2.625,3,0,Datamarine Intl Inc,0,0,0
19981202,49174,DMARE',OTC,2.625,2.625,0,0,Datamarine Intl Inc,0,0,0
19981203,49174,DMARE',OTC,2.75,2.75,14,0,Datamarine Intl Inc,0,0,0
19981204,49174,DMARE',OTC,3.125,3.125,20,0,Datamarine Intl Inc,0,0,0
19981207,49174,DMARE',OTC,2.75,2.75,1,0,Datamarine Intl Inc,0,0,0
19981208,49174,DMARE',OTC,2.5,2.5,129,0,Datamarine Intl Inc,0,0,0
19981209,49174,DMARE',OTC,2.875,2.875,12,0,Datamarine Intl Inc,0,0,0
19981210,49174,DMARE',OTC,2.875,2.875,0,0,Datamarine Intl Inc,0,0,0
19981211,49174,DMARE',OTC,2.5,2.5,10,0,Datamarine Intl Inc,0,0,0
19981214,49174,DMARE',OTC,2.25,2.25,10,0,Datamarine Intl Inc,0,0,0
19981215,49174,DMARE',OTC,2.25,2.25,21,0,Datamarine Intl Inc,0,0,0
19981216,49174,DMARE',OTC,2.375,2.375,339,0,Datamarine Intl Inc,0,0,0
19981217,49174,DMARE',OTC,1.875,1.875,10,0,Datamarine Intl Inc,0,0,0
19981218,49174,DMARE',OTC,1.75,1.75,98,0,Datamarine Intl Inc,0,0,0
19981221,49174,DMARE',OTC,1.75,1.75,0,0,Datamarine Intl Inc,0,0,0
19981222,49174,DMARE',OTC,1.125,1.125,171,0,Datamarine Intl Inc,0,0,0
19981223,49174,DMARE',OTC,1.875,1.875,255,0,Datamarine Intl Inc,0,0,0
19981224,49174,DMARE',OTC,1.5,1.5,20,0,Datamarine Intl Inc,0,0,0
19981228,49174,DMARE',OTC,1.5,1.5,0,0,Datamarine Intl Inc,0,0,0
19981229,49174,DMARE',OTC,1.125,1.125,249,0,Datamarine Intl Inc,0,0,0
19981230,49174,DMARE',OTC,1.5,1.5,79,0,Datamarine Intl Inc,0,0,0
19981231,49174,DMARE',OTC,2,2,186,0,Datamarine Intl Inc,0,0,0
19990104,49174,DMARE',OTC,2,2,61,0,Datamarine Intl Inc,0,0,0
19990105,49174,DMARE',OTC,2.375,2.375,25,0,Datamarine Intl Inc,0,0,0
19990106,49174,DMARE',OTC,3.375,3.375,116,0,Datamarine Intl Inc,0,0,0
19990107,49174,DMARE',OTC,3.75,3.75,417,0,Datamarine Intl Inc,0,0,0
19990108,49174,DMARE',OTC,4,4,17,0,Datamarine Intl Inc,0,0,0
19990111,49174,DMARE',OTC,4,4,5,0,Datamarine Intl Inc,0,0,0
19990112,49174,DMARE',OTC,3.625,3.625,72,0,Datamarine Intl Inc,0,0,0
19990113,49174,DMARE',OTC,3.625,3.625,0,0,Datamarine Intl Inc,0,0,0
19990114,49174,DMARE',OTC,3.375,3.375,17,0,Datamarine Intl Inc,0,0,0
19990115,49174,DMARE',OTC,3.375,3.375,0,0,Datamarine Intl Inc,0,0,0
19990119,49174,DMARE',OTC,4,4,27,0,Datamarine Intl Inc,0,0,0
19990120,49174,DMARE',OTC,3.375,3.375,29,0,Datamarine Intl Inc,0,0,0
19990121,49174,DMARE',OTC,3.375,3.375,43,0,Datamarine Intl Inc,0,0,0
19990122,49174,DMARE',OTC,3.5,3.5,15,0,Datamarine Intl Inc,0,0,0
19990125,49174,DMARE',OTC,3.25,3.25,2,0,Datamarine Intl Inc,0,0,0
19990126,49174,DMARE',OTC,3.25,3.25,0,0,Datamarine Intl Inc,0,0,0
19990127,49174,DMARE',OTC,3.25,3.25,0,0,Datamarine Intl Inc,0,0,0
19990128,49174,DMARE',OTC,3.25,3.25,0,0,Datamarine Intl Inc,0,0,0
19990129,49174,DMARE',OTC,3.375,3.375,28,0,Datamarine Intl Inc,0,0,0
19990201,49174,DMARE',OTC,4.125,4.125,1,0,Datamarine Intl Inc,0,0,0
19990202,49174,DMARE',OTC,3.375,3.375,1,0,Datamarine Intl Inc,0,0,0
19990203,49174,DMARE',OTC,3.5,3.5,40,0,Datamarine Intl Inc,0,0,0
19990204,49174,DMARE',OTC,3.375,3.375,20,0,Datamarine Intl Inc,0,0,0
19990205,49174,DMARE',OTC,3.5,3.5,16,0,Datamarine Intl Inc,0,0,0
19990208,49174,DMARE',OTC,3.375,3.375,6,0,Datamarine Intl Inc,0,0,0
19990209,49174,DMARE',OTC,3.375,3.375,16,0,Datamarine Intl Inc,0,0,0
19990210,49174,DMARE',OTC,3.375,3.375,36,0,Datamarine Intl Inc,0,0,0
19990211,49174,DMARE',OTC,3.375,3.375,0,0,Datamarine Intl Inc,0,0,0
19990212,49174,DMARE',OTC,3.5,3.5,36,0,Datamarine Intl Inc,0,0,0
19990216,49174,DMARE',OTC,3.25,3.25,13,0,Datamarine Intl Inc,0,0,0
19990217,49174,DMARE',OTC,3.25,3.25,0,0,Datamarine Intl Inc,0,0,0
19990218,49174,DMARE',OTC,3.25,3.25,0,0,Datamarine Intl Inc,0,0,0
19990219,49174,DMARE',OTC,3.125,3.125,5,0,Datamarine Intl Inc,0,0,0
19990222,49174,DMARE',OTC,3.125,3.125,5,0,Datamarine Intl Inc,0,0,0
19990223,49174,DMARE',OTC,3.375,3.375,30,0,Datamarine Intl Inc,0,0,0
19990224,49174,DMARE',OTC,3.125,3.125,5,0,Datamarine Intl Inc,0,0,0
19990225,49174,DMARE',OTC,3.125,3.125,0,0,Datamarine Intl Inc,0,0,0
19990226,49174,DMARE',OTC,3.125,3.125,10,0,Datamarine Intl Inc,0,0,0
19990301,49174,DMARE',OTC,2.875,2.875,152,0,Datamarine Intl Inc,0,0,0
19990302,49174,DMARE',OTC,2.875,2.875,24,0,Datamarine Intl Inc,0,0,0
19990303,49174,DMARE',OTC,2.875,2.875,0,0,Datamarine Intl Inc,0,0,0
19990304,49174,DMARE',OTC,2.875,2.875,0,0,Datamarine Intl Inc,0,0,0
19990305,49174,DMARE',OTC,2.875,2.875,0,0,Datamarine Intl Inc,0,0,0
19990308,49174,DMARE',OTC,2.875,2.875,16,0,Datamarine Intl Inc,0,0,0
19990309,49174,DMARE',OTC,2.375,2.375,20,0,Datamarine Intl Inc,0,0,0
19990310,49174,DMARE',OTC,2.375,2.375,0,0,Datamarine Intl Inc,0,0,0
19990311,49174,DMARE',OTC,2.375,2.375,81,0,Datamarine Intl Inc,0,0,0
19990312,49174,DMARE',OTC,2.375,2.375,2,0,Datamarine Intl Inc,0,0,0
19990315,49174,DMARE',OTC,2.375,2.375,0,0,Datamarine Intl Inc,0,0,0
19990316,49174,DMARE',OTC,2.25,2.25,1,0,Datamarine Intl Inc,0,0,0
19990317,49174,DMARE',OTC,2.5,2.5,102,0,Datamarine Intl Inc,0,0,0
19990318,49174,DMARE',OTC,2.5,2.5,5,0,Datamarine Intl Inc,0,0,0
19990319,49174,DMARE',OTC,2.5,2.5,5,0,Datamarine Intl Inc,0,0,0
19990322,49174,DMARE',OTC,2.5,2.5,25,0,Datamarine Intl Inc,0,0,0
19990323,49174,DMARE',OTC,2.25,2.25,25,0,Datamarine Intl Inc,0,0,0
19990324,49174,DMARE',OTC,2.25,2.25,0,0,Datamarine Intl Inc,0,0,0
19990325,49174,DMARE',OTC,2.25,2.25,0,0,Datamarine Intl Inc,0,0,0
19990326,49174,DMARE',OTC,3,3,44,0,Datamarine Intl Inc,0,0,0
19990329,49174,DMARE',OTC,2.625,2.625,45,0,Datamarine Intl Inc,0,0,0
19990330,49174,DMARE',OTC,2.625,2.625,0,0,Datamarine Intl Inc,0,0,0
19990331,49174,DMARE',OTC,2.625,2.625,15,0,Datamarine Intl Inc,0,0,0
19990401,49174,DMARE',OTC,2.625,2.625,0,0,Datamarine Intl Inc,0,0,0
19990405,49174,DMARE',OTC,2.75,2.75,14,0,Datamarine Intl Inc,0,0,0
19990406,49174,DMARE',OTC,2.5,2.5,15,0,Datamarine Intl Inc,0,0,0
19990407,49174,DMARE',OTC,2.25,2.25,102,0,Datamarine Intl Inc,0,0,0
19990408,49174,DMARE',OTC,2.25,2.25,72,0,Datamarine Intl Inc,0,0,0
19990409,49174,DMARE',OTC,2.312,2.312,10,0,Datamarine Intl Inc,0,0,0
19990412,49174,DMARE',OTC,2.125,2.125,2,0,Datamarine Intl Inc,0,0,0
19990413,49174,DMARE',OTC,2.125,2.125,0,0,Datamarine Intl Inc,0,0,0
19990414,49174,DMARE',OTC,2.375,2.375,10,0,Datamarine Intl Inc,0,0,0
19990415,49174,DMARE',OTC,2.375,2.375,11,0,Datamarine Intl Inc,0,0,0
19990416,49174,DMARE',OTC,2.25,2.25,95,0,Datamarine Intl Inc,0,0,0
19990419,49174,DMARE',OTC,2.375,2.375,66,0,Datamarine Intl Inc,0,0,0
19990420,49174,DMARE',OTC,2.375,2.375,0,0,Datamarine Intl Inc,0,0,0
19990421,49174,DMARE',OTC,2.375,2.375,0,0,Datamarine Intl Inc,0,0,0
19990422,49174,DMARE',OTC,2.375,2.375,205,0,Datamarine Intl Inc,0,0,0
19990423,49174,DMARE',OTC,2.75,2.75,100,0,Datamarine Intl Inc,0,0,0
19990426,49174,DMARE',OTC,2.75,2.75,0,0,Datamarine Intl Inc,0,0,0
19990427,49174,DMARE',OTC,3,3,6,0,Datamarine Intl Inc,0,0,0
19990428,49174,DMARE',OTC,3,3,3,0,Datamarine Intl Inc,0,0,0
19990429,49174,DMARE',OTC,3,3,5,0,Datamarine Intl Inc,0,0,0
19990430,49174,DMARE',OTC,3,3,0,0,Datamarine Intl Inc,0,0,0
19990503,49174,DMARE',OTC,2.625,2.625,25,0,Datamarine Intl Inc,0,0,0
19990504,49174,DMARE',OTC,2.625,2.625,0,0,Datamarine Intl Inc,0,0,0
19990505,49174,DMARE',OTC,2.625,2.625,0,0,Datamarine Intl Inc,0,0,0
19990506,49174,DMARE',OTC,2.625,2.625,0,0,Datamarine Intl Inc,0,0,0
19990507,49174,DMARE',OTC,3,3,30,0,Datamarine Intl Inc,0,0,0
19990510,49174,DMARE',OTC,3,3,0,0,Datamarine Intl Inc,0,0,0
19990511,49174,DMARE',OTC,2.875,2.875,40,0,Datamarine Intl Inc,0,0,0
19990512,49174,DMARE',OTC,2.875,2.875,0,0,Datamarine Intl Inc,0,0,0
19990513,49174,DMARE',OTC,2.5,2.5,68,0,Datamarine Intl Inc,0,0,0
19990514,49174,DMARE',OTC,2.625,2.625,19,0,Datamarine Intl Inc,0,0,0
19990517,49174,DMARE',OTC,2.375,2.375,56,0,Datamarine Intl Inc,0,0,0
19990518,49174,DMARE',OTC,2.375,2.375,0,0,Datamarine Intl Inc,0,0,0
19990519,49174,DMARE',OTC,2.25,2.25,8,0,Datamarine Intl Inc,0,0,0
19990520,49174,DMARE',OTC,2.875,2.875,12,0,Datamarine Intl Inc,0,0,0
19990521,49174,DMARE',OTC,2.5,2.5,44,0,Datamarine Intl Inc,0,0,0
19990524,49174,DMARE',OTC,2.625,2.625,6,0,Datamarine Intl Inc,0,0,0
19990525,49174,DMARE',OTC,2.25,2.25,1,0,Datamarine Intl Inc,0,0,0
19990526,49174,DMARE',OTC,2.25,2.25,0,0,Datamarine Intl Inc,0,0,0
19990527,49174,DMARE',OTC,2.25,2.25,0,0,Datamarine Intl Inc,0,0,0
19990528,49174,DMARE',OTC,2.25,2.25,0,0,Datamarine Intl Inc,0,0,0
19990601,49174,DMARE',OTC,2.25,2.25,0,0,Datamarine Intl Inc,0,0,0
19990602,49174,DMARE',OTC,2.375,2.375,11,0,Datamarine Intl Inc,0,0,0
19990603,49174,DMARE',OTC,2.375,2.375,0,0,Datamarine Intl Inc,0,0,0
19990604,49174,DMARE',OTC,2.25,2.25,25,0,Datamarine Intl Inc,0,0,0
19990607,49174,DMARE',OTC,2.25,2.25,12,0,Datamarine Intl Inc,0,0,0
19990608,49174,DMARE',OTC,2.25,2.25,0,0,Datamarine Intl Inc,0,0,0
19990609,49174,DMARE',OTC,2.25,2.25,0,0,Datamarine Intl Inc,0,0,0
19990610,49174,DMARE',OTC,2.25,2.25,0,0,Datamarine Intl Inc,0,0,0
19990611,49174,DMARE',OTC,2.25,2.25,0,0,Datamarine Intl Inc,0,0,0
19990614,49174,DMARE',OTC,2.25,2.25,0,0,Datamarine Intl Inc,0,0,0
19990615,49174,DMARE',OTC,2.375,2.375,6,0,Datamarine Intl Inc,0,0,0
19990616,49174,DMARE',OTC,2.5,2.5,20,0,Datamarine Intl Inc,0,0,0
19990617,49174,DMARE',OTC,2.5,2.5,0,0,Datamarine Intl Inc,0,0,0
19990618,49174,DMARE',OTC,2.5,2.5,0,0,Datamarine Intl Inc,0,0,0
19990621,49174,DMARE',OTC,2.5,2.5,0,0,Datamarine Intl Inc,0,0,0
19990622,49174,DMARE',OTC,2.5,2.5,0,0,Datamarine Intl Inc,0,0,0
19990623,49174,DMARE',OTC,2.5,2.5,0,0,Datamarine Intl Inc,0,0,0
19990624,49174,DMARE',OTC,2.5,2.5,0,0,Datamarine Intl Inc,0,0,0
19990625,49174,DMARE',OTC,2.5,2.5,16,0,Datamarine Intl Inc,0,0,0
19990628,49174,DMARE',OTC,2.5,2.5,0,0,Datamarine Intl Inc,0,0,0
19990629,49174,DMARE',OTC,2.5,2.5,0,0,Datamarine Intl Inc,0,0,0
19990630,49174,DMARE',OTC,2.25,2.25,136,0,Datamarine Intl Inc,0,0,0
19990701,49174,DMARE',OTC,2.125,2.125,45,0,Datamarine Intl Inc,0,0,0
19990702,49174,DMARE',OTC,2.125,2.125,10,0,Datamarine Intl Inc,0,0,0
19990706,49174,DMARE',OTC,2.125,2.125,12,0,Datamarine Intl Inc,0,0,0
19990707,49174,DMARE',OTC,2.125,2.125,0,0,Datamarine Intl Inc,0,0,0
19990708,49174,DMARE',OTC,2,2,41,0,Datamarine Intl Inc,0,0,0
19990709,49174,DMARE',OTC,2,2,5,0,Datamarine Intl Inc,0,0,0
19990712,49174,DMARE',OTC,2.375,2.375,20,0,Datamarine Intl Inc,0,0,0
19990713,49174,DMARE',OTC,2.375,2.375,0,0,Datamarine Intl Inc,0,0,0
19990714,49174,DMARE',OTC,2.375,2.375,0,0,Datamarine Intl Inc,0,0,0
19990715,49174,DMARE',OTC,2.375,2.375,20,0,Datamarine Intl Inc,0,0,0
19990716,49174,DMARE',OTC,2.125,2.125,8,0,Datamarine Intl Inc,0,0,0
19990719,49174,DMARE',OTC,2.125,2.125,1,0,Datamarine Intl Inc,0,0,0
19990720,49174,DMARE',OTC,2.125,2.125,0,0,Datamarine Intl Inc,0,0,0
19990721,49174,DMARE',OTC,2.125,2.125,0,0,Datamarine Intl Inc,0,0,0
19990722,49174,DMARE',OTC,2.125,2.125,0,0,Datamarine Intl Inc,0,0,0
19990723,49174,DMARE',OTC,2.125,2.125,0,0,Datamarine Intl Inc,0,0,0
19990726,49174,DMARE',OTC,2.125,2.125,15,0,Datamarine Intl Inc,0,0,0
19990727,49174,DMARE',OTC,2,2,110,0,Datamarine Intl Inc,0,0,0
19990728,49174,DMARE',OTC,1.875,1.875,21,0,Datamarine Intl Inc,0,0,0
19990729,49174,DMARE',OTC,1.625,1.625,55,0,Datamarine Intl Inc,0,0,0
19990730,49174,DMARE',OTC,1.75,1.75,8,0,Datamarine Intl Inc,0,0,0
19990802,49174,DMARE',OTC,1.5,1.5,12,0,Datamarine Intl Inc,0,0,0
19990803,49174,DMARE',OTC,1.5,1.5,0,0,Datamarine Intl Inc,0,0,0
19990804,49174,DMARE',OTC,1.25,1.25,40,0,Datamarine Intl Inc,0,0,0
19990805,49174,DMARE',OTC,1.75,1.75,129,0,Datamarine Intl Inc,0,0,0
19990806,49174,DMARE',OTC,1.75,1.75,0,0,Datamarine Intl Inc,0,0,0
19990809,49174,DMARE',OTC,1.75,1.75,0,0,Datamarine Intl Inc,0,0,0
19990810,49174,DMARE',OTC,1.062,1.062,340,0,Datamarine Intl Inc,0,0,0
19990811,49174,DMARE',OTC,1.125,1.125,49,0,Datamarine Intl Inc,0,0,0
19990812,49174,DMARE',OTC,1.187,1.187,10,0,Datamarine Intl Inc,0,0,0
19990813,49174,DMARE',OTC,1.187,1.187,3,0,Datamarine Intl Inc,0,0,0
19990816,49174,DMARE',OTC,1.187,1.187,10,0,Datamarine Intl Inc,0,0,0
19990817,49174,DMARE',OTC,1.187,1.187,0,0,Datamarine Intl Inc,0,0,0
19990818,49174,DMARE',OTC,1.187,1.187,21,0,Datamarine Intl Inc,0,0,0
19990819,49174,DMARE',OTC,1.187,1.187,10,0,Datamarine Intl Inc,0,0,0
19990820,49174,DMARE',OTC,1.187,1.187,0,0,Datamarine Intl Inc,0,0,0
19990823,49174,DMARE',OTC,1.25,1.25,3600,0,Datamarine Intl Inc,0,0,0
19990824,49174,DMARE',OTC,1.25,1.25,0,0,Datamarine Intl Inc,0,0,0
19990825,49174,DMARE',OTC,1.25,1.25,0,0,Datamarine Intl Inc,0,0,0
19990826,49174,DMARE',OTC,1.25,1.25,20,0,Datamarine Intl Inc,0,0,0
19990827,49174,DMARE',OTC,1.312,1.312,20,0,Datamarine Intl Inc,0,0,0
19990830,49174,DMARE',OTC,1.25,1.25,65,0,Datamarine Intl Inc,0,0,0
19990831,49174,DMARE',OTC,1.625,1.625,67,0,Datamarine Intl Inc,0,0,0
19990901,49174,DMARE',OTC,1.625,1.625,13,0,Datamarine Intl Inc,0,0,0
19990902,49174,DMARE',OTC,1.625,1.625,0,0,Datamarine Intl Inc,0,0,0
19990903,49174,DMARE',OTC,1.625,1.625,0,0,Datamarine Intl Inc,0,0,0
19990907,49174,DMARE',OTC,1.75,1.75,5,0,Datamarine Intl Inc,0,0,0
19990908,49174,DMARE',OTC,1.75,1.75,0,0,Datamarine Intl Inc,0,0,0
19990909,49174,DMARE',OTC,1.562,1.562,75,0,Datamarine Intl Inc,0,0,0
19990910,49174,DMARE',OTC,1.562,1.562,0,0,Datamarine Intl Inc,0,0,0
19990913,49174,DMARE',OTC,1.562,1.562,13,0,Datamarine Intl Inc,0,0,0
19990914,49174,DMARE',OTC,1.562,1.562,0,0,Datamarine Intl Inc,0,0,0
19990915,49174,DMARE',OTC,2.25,2.25,111,0,Datamarine Intl Inc,0,0,0
19990916,49174,DMARE',OTC,2.062,2.062,10,0,Datamarine Intl Inc,0,0,0
19990917,49174,DMARE',OTC,2.062,2.062,10,0,Datamarine Intl Inc,0,0,0
19990920,49174,DMARE',OTC,2.312,2.312,9,0,Datamarine Intl Inc,0,0,0
19990921,49174,DMARE',OTC,2.312,2.312,0,0,Datamarine Intl Inc,0,0,0
19990922,49174,DMARE',OTC,2.25,2.25,53,0,Datamarine Intl Inc,0,0,0
19990923,49174,DMARE',OTC,2.25,2.25,0,0,Datamarine Intl Inc,0,0,0
19990924,49174,DMARE',OTC,2.25,2.25,0,0,Datamarine Intl Inc,0,0,0
19990927,49174,DMARE',OTC,2.25,2.25,0,0,Datamarine Intl Inc,0,0,0
19990928,49174,DMARE',OTC,2,2,8,0,Datamarine Intl Inc,0,0,0
19990929,49174,DMARE',OTC,2,2,0,0,Datamarine Intl Inc,0,0,0
19990930,49174,DMARE',OTC,2,2,0,0,Datamarine Intl Inc,0,0,0
19991001,49174,DMARE',OTC,2.187,2.187,60,0,Datamarine Intl Inc,0,0,0
19991004,49174,DMARE',OTC,2.187,2.187,0,0,Datamarine Intl Inc,0,0,0
19991005,49174,DMARE',OTC,2.5,2.5,92,0,Datamarine Intl Inc,0,0,0
19991006,49174,DMARE',OTC,2.5,2.5,0,0,Datamarine Intl Inc,0,0,0
19991007,49174,DMARE',OTC,2.5,2.5,0,0,Datamarine Intl Inc,0,0,0
19991008,49174,DMARE',OTC,2.125,2.125,16,0,Datamarine Intl Inc,0,0,0
19991011,49174,DMARE',OTC,2.125,2.125,0,0,Datamarine Intl Inc,0,0,0
19991012,49174,DMARE',OTC,2.125,2.125,0,0,Datamarine Intl Inc,0,0,0
19991013,49174,DMARE',OTC,2.125,2.125,0,0,Datamarine Intl Inc,0,0,0
19991014,49174,DMARE',OTC,2.125,2.125,10,0,Datamarine Intl Inc,0,0,0
19991015,49174,DMARE',OTC,3.5,3.5,365,0,Datamarine Intl Inc,0,0,0
19991018,49174,DMARE',OTC,3.25,3.25,36,0,Datamarine Intl Inc,0,0,0
19991019,49174,DMARE',OTC,2.937,2.937,30,0,Datamarine Intl Inc,0,0,0
19991020,49174,DMARE',OTC,2.75,2.75,5,0,Datamarine Intl Inc,0,0,0
19991021,49174,DMARE',OTC,3,3,160,0,Datamarine Intl Inc,0,0,0
19991022,49174,DMARE',OTC,2.75,2.75,45,0,Datamarine Intl Inc,0,0,0
19991025,49174,DMARE',OTC,2.5,2.5,96,0,Datamarine Intl Inc,0,0,0
19991026,49174,DMARE',OTC,2.5,2.5,3,0,Datamarine Intl Inc,0,0,0
19991027,49174,DMARE',OTC,2.125,2.125,33,0,Datamarine Intl Inc,0,0,0
19991028,49174,DMARE',OTC,2,2,75,0,Datamarine Intl Inc,0,0,0
19991029,49174,DMARE',OTC,2,2,0,0,Datamarine Intl Inc,0,0,0
19991101,49174,DMARE',OTC,2,2,5,0,Datamarine Intl Inc,0,0,0
19991102,49174,DMARE',OTC,1.75,1.75,45,0,Datamarine Intl Inc,0,0,0
19991103,49174,DMARE',OTC,2,2,2,0,Datamarine Intl Inc,0,0,0
19991104,49174,DMARE',OTC,2,2,0,0,Datamarine Intl Inc,0,0,0
19991105,49174,DMARE',OTC,2,2,0,0,Datamarine Intl Inc,0,0,0
19991108,49174,DMARE',OTC,1.625,1.625,2,0,Datamarine Intl Inc,0,0,0
19991109,49174,DMARE',OTC,1.625,1.625,0,0,Datamarine Intl Inc,0,0,0
19991110,49174,DMARE',OTC,1.625,1.625,0,0,Datamarine Intl Inc,0,0,0
19991111,49174,DMARE',OTC,1.75,1.75,3,0,Datamarine Intl Inc,0,0,0
19991112,49174,DMARE',OTC,1.875,1.875,20,0,Datamarine Intl Inc,0,0,0
19991115,49174,DMARE',OTC,1.75,1.75,125,0,Datamarine Intl Inc,0,0,0
19991116,49174,DMARE',OTC,1.5,1.5,27,0,Datamarine Intl Inc,0,0,0
19991117,49174,DMARE',OTC,1.375,1.375,16,0,Datamarine Intl Inc,0,0,0
19991118,49174,DMARE',OTC,1.375,1.375,0,0,Datamarine Intl Inc,0,0,0
19991119,49174,DMARE',OTC,1.375,1.375,31,0,Datamarine Intl Inc,0,0,0
19991122,49174,DMARE',OTC,1.25,1.25,57,0,Datamarine Intl Inc,0,0,0
19991123,49174,DMARE',OTC,1.75,1.75,742,0,Datamarine Intl Inc,0,0,0
19991124,49174,DMARE',OTC,2,2,659,0,Datamarine Intl Inc,0,0,0
19991126,49174,DMARE',OTC,2.125,2.125,35,0,Datamarine Intl Inc,0,0,0
19991129,49174,DMARE',OTC,2.125,2.125,48,0,Datamarine Intl Inc,0,0,0
19991130,49174,DMARE',OTC,2,2,109,0,Datamarine Intl Inc,0,0,0
19991201,49174,DMARE',OTC,2,2,0,0,Datamarine Intl Inc,0,0,0
19991202,49174,DMARE',OTC,2,2,0,0,Datamarine Intl Inc,0,0,0
19991203,49174,DMARE',OTC,2,2,0,0,Datamarine Intl Inc,0,0,0
19991206,49174,DMARE',OTC,2.125,2.125,40,0,Datamarine Intl Inc,0,0,0
19991207,49174,DMARE',OTC,2,2,15,0,Datamarine Intl Inc,0,0,0
19991208,49174,DMARE',OTC,2,2,0,0,Datamarine Intl Inc,0,0,0
19991209,49174,DMARE',OTC,1.625,1.625,12,0,Datamarine Intl Inc,0,0,0
19991210,49174,DMARE',OTC,1.625,1.625,1,0,Datamarine Intl Inc,0,0,0
19991213,49174,DMARE',OTC,1.625,1.625,1,0,Datamarine Intl Inc,0,0,0
19991214,49174,DMARE',OTC,1.625,1.625,15,0,Datamarine Intl Inc,0,0,0
19991215,49174,DMARE',OTC,1.625,1.625,12,0,Datamarine Intl Inc,0,0,0
19991216,49174,DMARE',OTC,1.437,1.437,73,0,Datamarine Intl Inc,0,0,0
19991217,49174,DMARE',OTC,1.437,1.437,73,0,Datamarine Intl Inc,0,0,0
19991220,49174,DMARE',OTC,1.406,1.406,5,0,Datamarine Intl Inc,0,0,0
19991221,49174,DMARE',OTC,1.406,1.406,184,0,Datamarine Intl Inc,0,0,0
19991222,49174,DMARE',OTC,1.312,1.312,60,0,Datamarine Intl Inc,0,0,0
19991223,49174,DMARE',OTC,1.5,1.5,75,0,Datamarine Intl Inc,0,0,0
19991227,49174,DMARE',OTC,1.25,1.25,3,0,Datamarine Intl Inc,0,0,0
19991228,49174,DMARE',OTC,0.875,0.875,1346,0,Datamarine Intl Inc,0,0,0
19991229,49174,DMARE',OTC,0.875,0.875,11,0,Datamarine Intl Inc,0,0,0
19991230,49174,DMARE',OTC,0.95,0.95,411,0,Datamarine Intl Inc,0,0,0
19991231,49174,DMARE',OTC,1.25,1.25,15,0,Datamarine Intl Inc,0,0,0
20000103,49174,DMARE',OTC,0.75,0.75,62,0,Datamarine Intl Inc,0,0,0
20000104,49174,DMARE',OTC,0.937,0.937,166,0,Datamarine Intl Inc,0,0,0
20000105,49174,DMARE',OTC,1,1,20,0,Datamarine Intl Inc,0,0,0
20000106,49174,DMARE',OTC,1,1,60,0,Datamarine Intl Inc,0,0,0
20000107,49174,DMARE',OTC,1,1,26,0,Datamarine Intl Inc,0,0,0
20000110,49174,DMARE',OTC,1,1,0,0,Datamarine Intl Inc,0,0,0
20000111,49174,DMARE',OTC,1,1,0,0,Datamarine Intl Inc,0,0,0
20000112,49174,DMARE',OTC,1.375,1.375,115,0,Datamarine Intl Inc,0,0,0
20000113,49174,DMARE',OTC,1.125,1.125,15,0,Datamarine Intl Inc,0,0,0
20000114,49174,DMARE',OTC,1.125,1.125,0,0,Datamarine Intl Inc,0,0,0
20000118,49174,DMARE',OTC,1.375,1.375,22,0,Datamarine Intl Inc,0,0,0
20000119,49174,DMARE',OTC,1.375,1.375,0,0,Datamarine Intl Inc,0,0,0
20000120,49174,DMARE',OTC,0.937,0.937,178,0,Datamarine Intl Inc,0,0,0
20000121,49174,DMARE',OTC,0.937,0.937,1,0,Datamarine Intl Inc,0,0,0
20000124,49174,DMARE',OTC,1.125,1.125,50,0,Datamarine Intl Inc,0,0,0
20000125,49174,DMARE',OTC,1.125,1.125,0,0,Datamarine Intl Inc,0,0,0
20000126,49174,DMARE',OTC,1,1,52,0,Datamarine Intl Inc,0,0,0
20000127,49174,DMARE',OTC,1.062,1.062,271,0,Datamarine Intl Inc,0,0,0
20000128,49174,DMARE',OTC,1,1,265,0,Datamarine Intl Inc,0,0,0
20000131,49174,DMARE',OTC,0.937,0.937,305,0,Datamarine Intl Inc,0,0,0
20000201,49174,DMARE',OTC,1,1,485,0,Datamarine Intl Inc,0,0,0
20000202,49174,DMARE',OTC,1,1,0,0,Datamarine Intl Inc,0,0,0
20000203,49174,DMARE',OTC,1,1,0,0,Datamarine Intl Inc,0,0,0
20000204,49174,DMARE',OTC,1,1,0,0,Datamarine Intl Inc,0,0,0
20000207,49174,DMARE',OTC,1,1,0,0,Datamarine Intl Inc,0,0,0
20000208,49174,DMARE',OTC,0.937,0.937,17,0,Datamarine Intl Inc,0,0,0
20000209,49174,DMARE',OTC,0.937,0.937,0,0,Datamarine Intl Inc,0,0,0
20000210,49174,DMARE',OTC,1.187,1.187,5,0,Datamarine Intl Inc,0,0,0
20000211,49174,DMARE',OTC,1.187,1.187,0,0,Datamarine Intl Inc,0,0,0
20000214,49174,DMARE',OTC,0.937,0.937,62,0,Datamarine Intl Inc,0,0,0
20000215,49174,DMARE',OTC,0.937,0.937,0,0,Datamarine Intl Inc,0,0,0
20000216,49174,DMARE',OTC,0.937,0.937,0,0,Datamarine Intl Inc,0,0,0
20000217,49174,DMARE',OTC,0.937,0.937,55,0,Datamarine Intl Inc,0,0,0
20000218,49174,DMARE',OTC,0.937,0.937,10,0,Datamarine Intl Inc,0,0,0
20000222,49174,DMARE',OTC,0.937,0.937,0,0,Datamarine Intl Inc,0,0,0
20000223,49174,DMARE',OTC,1,1,25,0,Datamarine Intl Inc,0,0,0
20000224,49174,DMARE',OTC,1,1,0,0,Datamarine Intl Inc,0,0,0
20000225,49174,DMARE',OTC,1,1,0,0,Datamarine Intl Inc,0,0,0
20000228,49174,DMARE',OTC,1.125,1.125,30,0,Datamarine Intl Inc,0,0,0
20000229,49174,DMARE',OTC,1.125,1.125,4,0,Datamarine Intl Inc,0,0,0
20000301,49174,DMARE',OTC,1.125,1.125,36,0,Datamarine Intl Inc,0,0,0
20000302,49174,DMARE',OTC,1.187,1.187,20,0,Datamarine Intl Inc,0,0,0
20000303,49174,DMARE',OTC,1.25,1.25,134,0,Datamarine Intl Inc,0,0,0
20000306,49174,DMARE',OTC,0.937,0.937,148,0,Datamarine Intl Inc,0,0,0
20000307,49174,DMARE',OTC,1.031,1.031,2,0,Datamarine Intl Inc,0,0,0
20000308,49174,DMARE',OTC,0.875,0.875,20,0,Datamarine Intl Inc,0,0,0
20000309,49174,DMARE',OTC,1.062,1.062,276,0,Datamarine Intl Inc,0,0,0
20000310,49174,DMARE',OTC,1,1,598,0,Datamarine Intl Inc,0,0,0
20000313,49174,DMARE',OTC,1,1,187,0,Datamarine Intl Inc,0,0,0
20000314,49174,DMARE',OTC,1,1,7,0,Datamarine Intl Inc,0,0,0
20000315,49174,DMARE',OTC,1,1,17,0,Datamarine Intl Inc,0,0,0
20000316,49174,DMARE',OTC,1,1,0,0,Datamarine Intl Inc,0,0,0
20000317,49174,DMARE',OTC,0.75,0.75,1,0,Datamarine Intl Inc,0,0,0
20000320,49174,DMARE',OTC,0.75,0.75,0,0,Datamarine Intl Inc,0,0,0
20000321,49174,DMARE',OTC,1,1,89,0,Datamarine Intl Inc,0,0,0
20000322,49174,DMARE',OTC,1,1,0,0,Datamarine Intl Inc,0,0,0
20000323,49174,DMARE',OTC,0.75,0.75,20,0,Datamarine Intl Inc,0,0,0
20000324,49174,DMARE',OTC,1,1,60,0,Datamarine Intl Inc,0,0,0
20000327,49174,DMARE',OTC,1,1,0,0,Datamarine Intl Inc,0,0,0
20000328,49174,DMARE',OTC,0.875,0.875,98,0,Datamarine Intl Inc,0,0,0
20000329,49174,DMARE',OTC,0.875,0.875,70,0,Datamarine Intl Inc,0,0,0
20000330,49174,DMARE',OTC,0.75,0.75,12,0,Datamarine Intl Inc,0,0,0
20000331,49174,DMARE',OTC,0.75,0.75,3,0,Datamarine Intl Inc,0,0,0
20000403,49174,DMARE',OTC,0.75,0.75,0,0,Datamarine Intl Inc,0,0,0
20000404,49174,DMARE',OTC,1,1,12,0,Datamarine Intl Inc,0,0,0
20000405,49174,DMARE',OTC,1,1,0,0,Datamarine Intl Inc,0,0,0
20000406,49174,DMARE',OTC,1.25,1.25,975,0,Datamarine Intl Inc,0,0,0
20000407,49174,DMARE',OTC,1.187,1.187,60,0,Datamarine Intl Inc,0,0,0
20000410,49174,DMARE',OTC,1.125,1.125,155,0,Datamarine Intl Inc,0,0,0
20000411,49174,DMARE',OTC,1.125,1.125,7,0,Datamarine Intl Inc,0,0,0
20000412,49174,DMARE',OTC,1,1,91,0,Datamarine Intl Inc,0,0,0
20000413,49174,DMARE',OTC,0.875,0.875,30,0,Datamarine Intl Inc,0,0,0
20000414,49174,DMARE',OTC,0.875,0.875,0,0,Datamarine Intl Inc,0,0,0
20000417,49174,DMARE',OTC,0.875,0.875,85,0,Datamarine Intl Inc,0,0,0
20000418,49174,DMARE',OTC,0.875,0.875,10,0,Datamarine Intl Inc,0,0,0
20000419,49174,DMARE',OTC,1,1,5,0,Datamarine Intl Inc,0,0,0
20000420,49174,DMARE',OTC,1,1,0,0,Datamarine Intl Inc,0,0,0
20000424,49174,DMARE',OTC,1,1,0,0,Datamarine Intl Inc,0,0,0
20000425,49174,DMARE',OTC,0.875,0.875,20,0,Datamarine Intl Inc,0,0,0
20000426,49174,DMARE',OTC,0.875,0.875,0,0,Datamarine Intl Inc,0,0,0
20000427,49174,DMARE',OTC,0.875,0.875,0,0,Datamarine Intl Inc,0,0,0
20000428,49174,DMARE',OTC,0.875,0.875,0,0,Datamarine Intl Inc,0,0,0
20000501,49174,DMARE',OTC,0.875,0.875,0,0,Datamarine Intl Inc,0,0,0
20000502,49174,DMARE',OTC,0.875,0.875,7,0,Datamarine Intl Inc,0,0,0
20000503,49174,DMARE',OTC,0.906,0.906,134,0,Datamarine Intl Inc,0,0,0
20000504,49174,DMARE',OTC,0.906,0.906,0,0,Datamarine Intl Inc,0,0,0
20000505,49174,DMARE',OTC,0.906,0.906,0,0,Datamarine Intl Inc,0,0,0
20000508,49174,DMARE',OTC,0.906,0.906,0,0,Datamarine Intl Inc,0,0,0
20000509,49174,DMARE',OTC,0.937,0.937,20,0,Datamarine Intl Inc,0,0,0
20000510,49174,DMARE',OTC,0.937,0.937,5,0,Datamarine Intl Inc,0,0,0
20000511,49174,DMARE',OTC,1,1,43,0,Datamarine Intl Inc,0,0,0
20000512,49174,DMARE',OTC,1,1,101,0,Datamarine Intl Inc,0,0,0
20000515,49174,DMARE',OTC,1,1,0,0,Datamarine Intl Inc,0,0,0
20000516,49174,DMARE',OTC,0.812,0.812,71,0,Datamarine Intl Inc,0,0,0
20000517,49174,DMARE',OTC,0.812,0.812,0,0,Datamarine Intl Inc,0,0,0
20000518,49174,DMARE',OTC,0.812,0.812,0,0,Datamarine Intl Inc,0,0,0
20000519,49174,DMARE',OTC,0.812,0.812,0,0,Datamarine Intl Inc,0,0,0
20000522,49174,DMARE',OTC,1,1,1,0,Datamarine Intl Inc,0,0,0
20000523,49174,DMARE',OTC,0.875,0.875,9,0,Datamarine Intl Inc,0,0,0
20000524,49174,DMARE',OTC,0.75,0.75,4,0,Datamarine Intl Inc,0,0,0
20000525,49174,DMARE',OTC,0.75,0.75,0,0,Datamarine Intl Inc,0,0,0
20000526,49174,DMARE',OTC,0.75,0.75,0,0,Datamarine Intl Inc,0,0,0
20000530,49174,DMARE',OTC,0.937,0.937,7,0,Datamarine Intl Inc,0,0,0
20000531,49174,DMARE',OTC,0.875,0.875,8,0,Datamarine Intl Inc,0,0,0
20000601,49174,DMARE',OTC,0.75,0.75,60,0,Datamarine Intl Inc,0,0,0
20000602,49174,DMARE',OTC,0.75,0.75,5,0,Datamarine Intl Inc,0,0,0
20000605,49174,DMARE',OTC,0.75,0.75,0,0,Datamarine Intl Inc,0,0,0
20000606,49174,DMARE',OTC,0.75,0.75,0,0,Datamarine Intl Inc,0,0,0
20000607,49174,DMARE',OTC,0.75,0.75,0,0,Datamarine Intl Inc,0,0,0
20000608,49174,DMARE',OTC,0.875,0.875,20,0,Datamarine Intl Inc,0,0,0
20000609,49174,DMARE',OTC,0.812,0.812,25,0,Datamarine Intl Inc,0,0,0
20000612,49174,DMARE',OTC,0.75,0.75,30,0,Datamarine Intl Inc,0,0,0
20000613,49174,DMARE',OTC,0.75,0.75,0,0,Datamarine Intl Inc,0,0,0
20000614,49174,DMARE',OTC,0.75,0.75,0,0,Datamarine Intl Inc,0,0,0
20000615,49174,DMARE',OTC,0.75,0.75,0,0,Datamarine Intl Inc,0,0,0
20000616,49174,DMARE',OTC,0.625,0.625,5,0,Datamarine Intl Inc,0,0,0
20000619,49174,DMARE',OTC,0.625,0.625,0,0,Datamarine Intl Inc,0,0,0
20000620,49174,DMARE',OTC,0.625,0.625,0,0,Datamarine Intl Inc,0,0,0
20000621,49174,DMARE',OTC,0.625,0.625,0,0,Datamarine Intl Inc,0,0,0
20000622,49174,DMARE',OTC,0.625,0.625,0,0,Datamarine Intl Inc,0,0,0
20000623,49174,DMARE',OTC,0.875,0.875,5,0,Datamarine Intl Inc,0,0,0
20000626,49174,DMARE',OTC,0.875,0.875,0,0,Datamarine Intl Inc,0,0,0
20000627,49174,DMARE',OTC,0.875,0.875,0,0,Datamarine Intl Inc,0,0,0
20000628,49174,DMARE',OTC,0.875,0.875,0,0,Datamarine Intl Inc,0,0,0
20000629,49174,DMARE',OTC,0.875,0.875,0,0,Datamarine Intl Inc,0,0,0
20000630,49174,DMARE',OTC,0.875,0.875,0,0,Datamarine Intl Inc,0,0,0
20000703,49174,DMARE',OTC,0.875,0.875,0,0,Datamarine Intl Inc,0,0,0
20000705,49174,DMARE',OTC,0.875,0.875,0,0,Datamarine Intl Inc,0,0,0
20000706,49174,DMARE',OTC,0.875,0.875,56,0,Datamarine Intl Inc,0,0,0
20000707,49174,DMARE',OTC,0.875,0.875,0,0,Datamarine Intl Inc,0,0,0
20000710,49174,DMARE',OTC,0.875,0.875,0,0,Datamarine Intl Inc,0,0,0
20000711,49174,DMARE',OTC,0.687,0.687,160,0,Datamarine Intl Inc,0,0,0
20000712,49174,DMARE',OTC,0.687,0.687,0,0,Datamarine Intl Inc,0,0,0
20000713,49174,DMARE',OTC,0.687,0.687,0,0,Datamarine Intl Inc,0,0,0
20000714,49174,DMARE',OTC,0.687,0.687,0,0,Datamarine Intl Inc,0,0,0
20000717,49174,DMARE',OTC,0.875,0.875,57,0,Datamarine Intl Inc,0,0,0
20000718,49174,DMARE',OTC,0.875,0.875,0,0,Datamarine Intl Inc,0,0,0
20000719,49174,DMARE',OTC,0.562,0.562,295,0,Datamarine Intl Inc,0,0,0
20000720,49174,DMARE',OTC,0.562,0.562,0,0,Datamarine Intl Inc,0,0,0
20000721,49174,DMARE',OTC,0.687,0.687,15,0,Datamarine Intl Inc,0,0,0
20000724,49174,DMARE',OTC,0.687,0.687,62,0,Datamarine Intl Inc,0,0,0
20000725,49174,DMARE',OTC,0.687,0.687,0,0,Datamarine Intl Inc,0,0,0
20000726,49174,DMARE',OTC,0.812,0.812,15,0,Datamarine Intl Inc,0,0,0
20000727,49174,DMARE',OTC,0.5,0.5,232,0,Datamarine Intl Inc,0,0,0
20000728,49174,DMARE',OTC,0.625,0.625,135,0,Datamarine Intl Inc,0,0,0
20000731,49174,DMARE',OTC,0.625,0.625,15,0,Datamarine Intl Inc,0,0,0
20000801,49174,DMARE',OTC,0.437,0.437,20,0,Datamarine Intl Inc,0,0,0
20000802,49174,DMARE',OTC,0.625,0.625,250,0,Datamarine Intl Inc,0,0,0
20000803,49174,DMARE',OTC,0.687,0.687,151,0,Datamarine Intl Inc,0,0,0
20000804,49174,DMARE',OTC,0.875,0.875,25,0,Datamarine Intl Inc,0,0,0
20000807,49174,DMARE',OTC,0.875,0.875,32,0,Datamarine Intl Inc,0,0,0
20000808,49174,DMARE',OTC,0.875,0.875,0,0,Datamarine Intl Inc,0,0,0
20000809,49174,DMARE',OTC,0.875,0.875,5,0,Datamarine Intl Inc,0,0,0
20000810,49174,DMARE',OTC,0.625,0.625,10,0,Datamarine Intl Inc,0,0,0
20000811,49174,DMARE',OTC,1.031,1.031,225,0,Datamarine Intl Inc,0,0,0
20000814,49174,DMARE',OTC,1.25,1.25,86,0,Datamarine Intl Inc,0,0,0
20000815,49174,DMARE',OTC,1.187,1.187,9,0,Datamarine Intl Inc,0,0,0
20000816,49174,DMARE',OTC,1.125,1.125,126,0,Datamarine Intl Inc,0,0,0
20000817,49174,DMARE',OTC,1.187,1.187,25,0,Datamarine Intl Inc,0,0,0
20000818,49174,DMARE',OTC,1.062,1.062,10,0,Datamarine Intl Inc,0,0,0
20000821,49174,DMARE',OTC,1.25,1.25,20,0,Datamarine Intl Inc,0,0,0
20000822,49174,DMARE',OTC,1.25,1.25,194,0,Datamarine Intl Inc,0,0,0
20000823,49174,DMARE',OTC,2.25,2.25,1250,0,Datamarine Intl Inc,0,0,0
20000824,49174,DMARE',OTC,2.625,2.625,1312,0,Datamarine Intl Inc,0,0,0
20000825,49174,DMARE',OTC,3,3,500,0,Datamarine Intl Inc,0,0,0
20000828,49174,DMARE',OTC,2.5,2.5,301,0,Datamarine Intl Inc,0,0,0
20000829,49174,DMARE',OTC,2.562,2.562,79,0,Datamarine Intl Inc,0,0,0
20000830,49174,DMARE',OTC,2.5,2.5,60,0,Datamarine Intl Inc,0,0,0
20000831,49174,DMARE',OTC,2.5,2.5,142,0,Datamarine Intl Inc,0,0,0
20000901,49174,DMARE',OTC,2.625,2.625,26,0,Datamarine Intl Inc,0,0,0
20000905,49174,DMARE',OTC,2.75,2.75,847,0,Datamarine Intl Inc,0,0,0
20000906,49174,DMARE',OTC,2.875,2.875,130,0,Datamarine Intl Inc,0,0,0
20000907,49174,DMARE',OTC,2.875,2.875,169,0,Datamarine Intl Inc,0,0,0
20000908,49174,DMARE',OTC,2.75,2.75,77,0,Datamarine Intl Inc,0,0,0
20000911,49174,DMARE',OTC,2.812,2.812,177,0,Datamarine Intl Inc,0,0,0
20000912,49174,DMARE',OTC,2.812,2.812,28,0,Datamarine Intl Inc,0,0,0
20000913,49174,DMARE',OTC,2.875,2.875,29,0,Datamarine Intl Inc,0,0,0
20000914,49174,DMARE',OTC,3,3,61,0,Datamarine Intl Inc,0,0,0
20000915,49174,DMARE',OTC,2.875,2.875,68,0,Datamarine Intl Inc,0,0,0
20000918,49174,DMARE',OTC,2.906,2.906,14,0,Datamarine Intl Inc,0,0,0
20000919,49174,DMARE',OTC,2.875,2.875,623,0,Datamarine Intl Inc,0,0,0
20000920,49174,DMARE',OTC,3,3,90,0,Datamarine Intl Inc,0,0,0
20000921,49174,DMARE',OTC,2.562,2.562,79,0,Datamarine Intl Inc,0,0,0
20000922,49174,DMARE',OTC,2.4,2.4,31,0,Datamarine Intl Inc,0,0,0
20000925,49174,DMARE',OTC,2.4,2.4,20,0,Datamarine Intl Inc,0,0,0
20000926,49174,DMARE',OTC,2.5,2.5,17,0,Datamarine Intl Inc,0,0,0
20000927,49174,DMARE',OTC,2.312,2.312,20,0,Datamarine Intl Inc,0,0,0
20000928,49174,DMARE',OTC,2.5,2.5,83,0,Datamarine Intl Inc,0,0,0
20000929,49174,DMARE',OTC,2.437,2.437,121,0,Datamarine Intl Inc,0,0,0
20001002,49174,DMARE',OTC,2.25,2.25,105,0,Datamarine Intl Inc,0,0,0
20001003,49174,DMARE',OTC,2.375,2.375,104,0,Datamarine Intl Inc,0,0,0
20001004,49174,DMARE',OTC,1.75,1.75,103,0,Datamarine Intl Inc,0,0,0
20001005,49174,DMARE',OTC,1.875,1.875,158,0,Datamarine Intl Inc,0,0,0
20001006,49174,DMARE',OTC,1.875,1.875,10,0,Datamarine Intl Inc,0,0,0
20001009,49174,DMARE',OTC,1.5,1.5,19,0,Datamarine Intl Inc,0,0,0
20001010,49174,DMARE',OTC,1.937,1.937,142,0,Datamarine Intl Inc,0,0,0
20001011,49174,DMARE',OTC,1.937,1.937,0,0,Datamarine Intl Inc,0,0,0
20001012,49174,DMARE',OTC,2,2,71,0,Datamarine Intl Inc,0,0,0
20001013,49174,DMARE',OTC,1.812,1.812,515,0,Datamarine Intl Inc,0,0,0
20001016,49174,DMARE',OTC,2.125,2.125,83,0,Datamarine Intl Inc,0,0,0
20001017,49174,DMARE',OTC,1.625,1.625,45,0,Datamarine Intl Inc,0,0,0
20001018,49174,DMARE',OTC,1.25,1.25,73,0,Datamarine Intl Inc,0,0,0
20001019,49174,DMARE',OTC,1.5,1.5,16,0,Datamarine Intl Inc,0,0,0
20001020,49174,DMARE',OTC,1.5,1.5,0,0,Datamarine Intl Inc,0,0,0
20001023,49174,DMARE',OTC,1.5,1.5,37,0,Datamarine Intl Inc,0,0,0
20001024,49174,DMARE',OTC,1.5,1.5,43,0,Datamarine Intl Inc,0,0,0
20001025,49174,DMARE',OTC,1.562,1.562,35,0,Datamarine Intl Inc,0,0,0
20001026,49174,DMARE',OTC,1.5,1.5,30,0,Datamarine Intl Inc,0,0,0
20001027,49174,DMARE',OTC,1.5,1.5,0,0,Datamarine Intl Inc,0,0,0
20001030,49174,DMARE',OTC,1.5,1.5,20,0,Datamarine Intl Inc,0,0,0
20001031,49174,DMARE',OTC,1.5,1.5,0,0,Datamarine Intl Inc,0,0,0
20001101,49174,DMARE',OTC,1.5,1.5,60,0,Datamarine Intl Inc,0,0,0
20001102,49174,DMARE',OTC,1.625,1.625,2,0,Datamarine Intl Inc,0,0,0
20001103,49174,DMARE',OTC,1.5,1.5,123,0,Datamarine Intl Inc,0,0,0
20001106,49174,DMARE',OTC,1.437,1.437,2,0,Datamarine Intl Inc,0,0,0
20001107,49174,DMARE',OTC,1.5,1.5,94,0,Datamarine Intl Inc,0,0,0
20001108,49174,DMARE',OTC,1.562,1.562,288,0,Datamarine Intl Inc,0,0,0
20001109,49174,DMARE',OTC,1.625,1.625,61,0,Datamarine Intl Inc,0,0,0
20001110,49174,DMARE',OTC,1.625,1.625,187,0,Datamarine Intl Inc,0,0,0
20001113,49174,DMARE',OTC,1.781,1.781,88,0,Datamarine Intl Inc,0,0,0
20001114,49174,DMARE',OTC,1.7,1.7,236,0,Datamarine Intl Inc,0,0,0
20001115,49174,DMARE',OTC,1.625,1.625,326,0,Datamarine Intl Inc,0,0,0
20001116,49174,DMARE',OTC,1.75,1.75,10,0,Datamarine Intl Inc,0,0,0
20001117,49174,DMARE',OTC,1.7,1.7,184,0,Datamarine Intl Inc,0,0,0
20001120,49174,DMARE',OTC,1.562,1.562,120,0,Datamarine Intl Inc,0,0,0
20001121,49174,DMARE',OTC,1.875,1.875,10,0,Datamarine Intl Inc,0,0,0
20001122,49174,DMARE',OTC,1.625,1.625,37,0,Datamarine Intl Inc,0,0,0
20001124,49174,DMARE',OTC,1.625,1.625,0,0,Datamarine Intl Inc,0,0,0
20001127,49174,DMARE',OTC,1.5,1.5,9,0,Datamarine Intl Inc,0,0,0
20001128,49174,DMARE',OTC,1.5,1.5,0,0,Datamarine Intl Inc,0,0,0
20001129,49174,DMARE',OTC,1.5,1.5,0,0,Datamarine Intl Inc,0,0,0
20001130,49174,DMARE',OTC,1.312,1.312,71,0,Datamarine Intl Inc,0,0,0
20001201,49174,DMARE',OTC,1.312,1.312,83,0,Datamarine Intl Inc,0,0,0
20001204,49174,DMARE',OTC,0.937,0.937,150,0,Datamarine Intl Inc,0,0,0
20001205,49174,DMARE',OTC,1.125,1.125,71,0,Datamarine Intl Inc,0,0,0
20001206,49174,DMARE',OTC,1.062,1.062,30,0,Datamarine Intl Inc,0,0,0
20001207,49174,DMARE',OTC,1.25,1.25,13,0,Datamarine Intl Inc,0,0,0
20001208,49174,DMARE',OTC,1.25,1.25,150,0,Datamarine Intl Inc,0,0,0
20001211,49174,DMARE',OTC,0.906,0.906,31,0,Datamarine Intl Inc,0,0,0
20001212,49174,DMARE',OTC,1.187,1.187,68,0,Datamarine Intl Inc,0,0,0
20001213,49174,DMARE',OTC,1.187,1.187,35,0,Datamarine Intl Inc,0,0,0
20001214,49174,DMARE',OTC,1.187,1.187,30,0,Datamarine Intl Inc,0,0,0
20001215,49174,DMARE',OTC,1.187,1.187,0,0,Datamarine Intl Inc,0,0,0
20001218,49174,DMARE',OTC,0.75,0.75,342,0,Datamarine Intl Inc,0,0,0
20001219,49174,DMARE',OTC,1.01,1.01,204,0,Datamarine Intl Inc,0,0,0
20001220,49174,DMARE',OTC,0.875,0.875,40,0,Datamarine Intl Inc,0,0,0
20001221,49174,DMARE',OTC,0.875,0.875,0,0,Datamarine Intl Inc,0,0,0
20001222,49174,DMARE',OTC,1.125,1.125,8,0,Datamarine Intl Inc,0,0,0
20001226,49174,DMARE',OTC,0.843,0.843,4,0,Datamarine Intl Inc,0,0,0
20001227,49174,DMARE',OTC,0.843,0.843,0,0,Datamarine Intl Inc,0,0,0
20001228,49174,DMARE',OTC,0.85,0.85,30,0,Datamarine Intl Inc,0,0,0
20001229,49174,DMARE',OTC,0.843,0.843,56,0,Datamarine Intl Inc,0,0,0
20010102,49174,DMARE',OTC,0.843,0.843,10,0,Datamarine Intl Inc,0,0,0
20010103,49174,DMARE',OTC,0.968,0.968,77,0,Datamarine Intl Inc,0,0,0
20010104,49174,DMARE',OTC,0.968,0.968,51,0,Datamarine Intl Inc,0,0,0
20010105,49174,DMARE',OTC,1.062,1.062,10,0,Datamarine Intl Inc,0,0,0
20010108,49174,DMARE',OTC,0.875,0.875,31,0,Datamarine Intl Inc,0,0,0
20010109,49174,DMARE',OTC,0.875,0.875,0,0,Datamarine Intl Inc,0,0,0
20010110,49174,DMARE',OTC,0.875,0.875,0,0,Datamarine Intl Inc,0,0,0
20010111,49174,DMARE',OTC,0.875,0.875,0,0,Datamarine Intl Inc,0,0,0
20010112,49174,DMARE',OTC,0.875,0.875,0,0,Datamarine Intl Inc,0,0,0
20010116,49174,DMARE',OTC,1.062,1.062,7,0,Datamarine Intl Inc,0,0,0
20010117,49174,DMARE',OTC,1.125,1.125,2,0,Datamarine Intl Inc,0,0,0
20010118,49174,DMARE',OTC,1.375,1.375,86,0,Datamarine Intl Inc,0,0,0
20010119,49174,DMARE',OTC,1.5,1.5,181,0,Datamarine Intl Inc,0,0,0
20010122,49174,DMARE',OTC,1.5,1.5,0,0,Datamarine Intl Inc,0,0,0
20010123,49174,DMARE',OTC,1.187,1.187,36,0,Datamarine Intl Inc,0,0,0
20010124,49174,DMARE',OTC,1.375,1.375,31,0,Datamarine Intl Inc,0,0,0
20010125,49174,DMARE',OTC,1.5,1.5,100,0,Datamarine Intl Inc,0,0,0
20010126,49174,DMARE',OTC,1.5,1.5,53,0,Datamarine Intl Inc,0,0,0
20010129,49174,DMARE',OTC,1.5,1.5,69,0,Datamarine Intl Inc,0,0,0
20010130,49174,DMARE',OTC,1.25,1.25,8,0,Datamarine Intl Inc,0,0,0
20010131,49174,DMARE',OTC,1.5,1.5,5,0,Datamarine Intl Inc,0,0,0
20010201,49174,DMARE',OTC,1.25,1.25,10,0,Datamarine Intl Inc,0,0,0
20010202,49174,DMARE',OTC,1.25,1.25,0,0,Datamarine Intl Inc,0,0,0
20010205,49174,DMARE',OTC,1.25,1.25,5,0,Datamarine Intl Inc,0,0,0
20010206,49174,DMARE',OTC,1.375,1.375,9,0,Datamarine Intl Inc,0,0,0
20010207,49174,DMARE',OTC,1.5,1.5,2,0,Datamarine Intl Inc,0,0,0
20010208,49174,DMARE',OTC,1.5,1.5,1,0,Datamarine Intl Inc,0,0,0
20010209,49174,DMARE',OTC,1.437,1.437,6,0,Datamarine Intl Inc,0,0,0
20010212,49174,DMARE',OTC,1.437,1.437,2,0,Datamarine Intl Inc,0,0,0
20010213,49174,DMARE',OTC,1.062,1.062,47,0,Datamarine Intl Inc,0,0,0
20010214,49174,DMARE',OTC,1.375,1.375,14,0,Datamarine Intl Inc,0,0,0
20010215,49174,DMARE',OTC,1.312,1.312,5,0,Datamarine Intl Inc,0,0,0
20010216,49174,DMARE',OTC,1.312,1.312,0,0,Datamarine Intl Inc,0,0,0
20010220,49174,DMARE',OTC,1.312,1.312,0,0,Datamarine Intl Inc,0,0,0
20010221,49174,DMARE',OTC,1.25,1.25,20,0,Datamarine Intl Inc,0,0,0
20010222,49174,DMARE',OTC,1.25,1.25,0,0,Datamarine Intl Inc,0,0,0
20010223,49174,DMARE',OTC,1.25,1.25,0,0,Datamarine Intl Inc,0,0,0
20010226,49174,DMARE',OTC,1.125,1.125,126,0,Datamarine Intl Inc,0,0,0
20010227,49174,DMARE',OTC,1,1,30,0,Datamarine Intl Inc,0,0,0
20010228,49174,DMARE',OTC,1,1,0,0,Datamarine Intl Inc,0,0,0
20010301,49174,DMARE',OTC,1.062,1.062,2,0,Datamarine Intl Inc,0,0,0
20010302,49174,DMARE',OTC,1.062,1.062,0,0,Datamarine Intl Inc,0,0,0
20010305,49174,DMARE',OTC,1.062,1.062,11,0,Datamarine Intl Inc,0,0,0
20010306,49174,DMARE',OTC,1.062,1.062,0,0,Datamarine Intl Inc,0,0,0
20010307,49174,DMARE',OTC,1.062,1.062,10,0,Datamarine Intl Inc,0,0,0
20010308,49174,DMARE',OTC,1.062,1.062,69,0,Datamarine Intl Inc,0,0,0
20010309,49174,DMARE',OTC,1.062,1.062,0,0,Datamarine Intl Inc,0,0,0
20010312,49174,DMARE',OTC,1,1,26,0,Datamarine Intl Inc,0,0,0
20010313,49174,DMARE',OTC,1,1,145,0,Datamarine Intl Inc,0,0,0
20010314,49174,DMARE',OTC,0.875,0.875,30,0,Datamarine Intl Inc,0,0,0
20010315,49174,DMARE',OTC,0.875,0.875,25,0,Datamarine Intl Inc,0,0,0
20010316,49174,DMARE',OTC,1,1,2,0,Datamarine Intl Inc,0,0,0
20010319,49174,DMARE',OTC,1,1,60,0,Datamarine Intl Inc,0,0,0
20010320,49174,DMARE',OTC,1,1,3,0,Datamarine Intl Inc,0,0,0
20010321,49174,DMARE',OTC,1,1,0,0,Datamarine Intl Inc,0,0,0
20010322,49174,DMARE',OTC,1,1,0,0,Datamarine Intl Inc,0,0,0
20010323,49174,DMARE',OTC,1,1,0,0,Datamarine Intl Inc,0,0,0
20010326,49174,DMARE',OTC,0.75,0.75,12,0,Datamarine Intl Inc,0,0,0
20010327,49174,DMARE',OTC,0.937,0.937,1,0,Datamarine Intl Inc,0,0,0
20010328,49174,DMARE',OTC,0.937,0.937,0,0,Datamarine Intl Inc,0,0,0
20010329,49174,DMARE',OTC,0.875,0.875,26,0,Datamarine Intl Inc,0,0,0
20010330,49174,DMARE',OTC,0.875,0.875,1,0,Datamarine Intl Inc,0,0,0
20010402,49174,DMARE',OTC,0.625,0.625,2,0,Datamarine Intl Inc,0,0,0
20010403,49174,DMARE',OTC,0.875,0.875,1,0,Datamarine Intl Inc,0,0,0
20010404,49174,DMARE',OTC,0.875,0.875,0,0,Datamarine Intl Inc,0,0,0
20010405,49174,DMARE',OTC,0.875,0.875,4,0,Datamarine Intl Inc,0,0,0
20010406,49174,DMARE',OTC,0.937,0.937,6,0,Datamarine Intl Inc,0,0,0
20010409,49174,DMARE',OTC,1,1,4,0,Datamarine Intl Inc,0,0,0
20010410,49174,DMARE',OTC,0.65,0.65,280,0,Datamarine Intl Inc,0,0,0
20010411,49174,DMARE',OTC,0.7,0.7,49,0,Datamarine Intl Inc,0,0,0
20010412,49174,DMARE',OTC,0.7,0.7,0,0,Datamarine Intl Inc,0,0,0
20010416,49174,DMARE',OTC,0.75,0.75,10,0,Datamarine Intl Inc,0,0,0
20010417,49174,DMARE',OTC,0.65,0.65,4,0,Datamarine Intl Inc,0,0,0
20010418,49174,DMARE',OTC,0.65,0.65,0,0,Datamarine Intl Inc,0,0,0
20010419,49174,DMARE',OTC,0.75,0.75,16,0,Datamarine Intl Inc,0,0,0
20010420,49174,DMARE',OTC,0.7,0.7,58,0,Datamarine Intl Inc,0,0,0
20010423,49174,DMARE',OTC,0.7,0.7,0,0,Datamarine Intl Inc,0,0,0
20010424,49174,DMARE',OTC,0.7,0.7,0,0,Datamarine Intl Inc,0,0,0
20010425,49174,DMARE',OTC,0.7,0.7,0,0,Datamarine Intl Inc,0,0,0
20010426,49174,DMARE',OTC,0.66,0.66,3,0,Datamarine Intl Inc,0,0,0
20010427,49174,DMARE',OTC,0.66,0.66,0,0,Datamarine Intl Inc,0,0,0
20010430,49174,DMARE',OTC,0.66,0.66,0,0,Datamarine Intl Inc,0,0,0
20010501,49174,DMARE',OTC,0.66,0.66,0,0,Datamarine Intl Inc,0,0,0
20010502,49174,DMARE',OTC,0.66,0.66,0,0,Datamarine Intl Inc,0,0,0
20010503,49174,DMARE',OTC,0.66,0.66,0,0,Datamarine Intl Inc,0,0,0
20010504,49174,DMARE',OTC,0.66,0.66,0,0,Datamarine Intl Inc,0,0,0
20010507,49174,DMARE',OTC,0.7,0.7,10,0,Datamarine Intl Inc,0,0,0
20010508,49174,DMARE',OTC,0.7,0.7,0,0,Datamarine Intl Inc,0,0,0
20010509,49174,DMARE',OTC,0.66,0.66,7,0,Datamarine Intl Inc,0,0,0
20010510,49174,DMARE',OTC,0.7,0.7,30,0,Datamarine Intl Inc,0,0,0
20010511,49174,DMARE',OTC,0.7,0.7,0,0,Datamarine Intl Inc,0,0,0
20010514,49174,DMARE',OTC,0.7,0.7,0,0,Datamarine Intl Inc,0,0,0
20010515,49174,DMARE',OTC,0.85,0.85,30,0,Datamarine Intl Inc,0,0,0
20010516,49174,DMARE',OTC,0.85,0.85,0,0,Datamarine Intl Inc,0,0,0
20010517,49174,DMARE',OTC,0.85,0.85,0,0,Datamarine Intl Inc,0,0,0
20010518,49174,DMARE',OTC,0.65,0.65,112,0,Datamarine Intl Inc,0,0,0
20010521,49174,DMARE',OTC,0.65,0.65,0,0,Datamarine Intl Inc,0,0,0
20010522,49174,DMARE',OTC,0.65,0.65,0,0,Datamarine Intl Inc,0,0,0
20010523,49174,DMARE',OTC,0.65,0.65,0,0,Datamarine Intl Inc,0,0,0
20010524,49174,DMARE',OTC,0.65,0.65,0,0,Datamarine Intl Inc,0,0,0
20010525,49174,DMARE',OTC,0.65,0.65,0,0,Datamarine Intl Inc,0,0,0
20010529,49174,DMARE',OTC,0.65,0.65,0,0,Datamarine Intl Inc,0,0,0
20010530,49174,DMARE',OTC,0.65,0.65,0,0,Datamarine Intl Inc,0,0,0
20010531,49174,DMARE',OTC,0.65,0.65,0,0,Datamarine Intl Inc,0,0,0
20010601,49174,DMARE',OTC,0.6,0.6,44,0,Datamarine Intl Inc,0,0,0
20010604,49174,DMARE',OTC,0.6,0.6,0,0,Datamarine Intl Inc,0,0,0
20010605,49174,DMARE',OTC,0.6,0.6,0,0,Datamarine Intl Inc,0,0,0
20010606,49174,DMARE',OTC,0.6,0.6,130,0,Datamarine Intl Inc,0,0,0
20010607,49174,DMARE',OTC,0.56,0.56,219,0,Datamarine Intl Inc,0,0,0
20010608,49174,DMARE',OTC,0.56,0.56,0,0,Datamarine Intl Inc,0,0,0
20010611,49174,DMARE',OTC,0.55,0.55,2,0,Datamarine Intl Inc,0,0,0
20010612,49174,DMARE',OTC,0.56,0.56,70,0,Datamarine Intl Inc,0,0,0
20010613,49174,DMARE',OTC,0.55,0.55,173,0,Datamarine Intl Inc,0,0,0
20010614,49174,DMARE',OTC,0.51,0.51,75,0,Datamarine Intl Inc,0,0,0
20010615,49174,DMARE',OTC,0.51,0.51,0,0,Datamarine Intl Inc,0,0,0
20010618,49174,DMARE',OTC,0.45,0.45,95,0,Datamarine Intl Inc,0,0,0
20010619,49174,DMARE',OTC,0.45,0.45,0,0,Datamarine Intl Inc,0,0,0
20010620,49174,DMARE',OTC,0.35,0.35,143,0,Datamarine Intl Inc,0,0,0
20010621,49174,DMARE',OTC,0.55,0.55,756,0,Datamarine Intl Inc,0,0,0
20010622,49174,DMARE',OTC,0.6,0.6,402,0,Datamarine Intl Inc,0,0,0
20010625,49174,DMARE',OTC,0.7,0.7,285,0,Datamarine Intl Inc,0,0,0
20010626,49174,DMARE',OTC,0.73,0.73,50,0,Datamarine Intl Inc,0,0,0
20010627,49174,DMARE',OTC,0.75,0.75,375,0,Datamarine Intl Inc,0,0,0
20010628,49174,DMARE',OTC,0.75,0.75,0,0,Datamarine Intl Inc,0,0,0
20010629,49174,DMARE',OTC,0.71,0.71,120,0,Datamarine Intl Inc,0,0,0
20010702,49174,DMARE',OTC,0.71,0.71,0,0,Datamarine Intl Inc,0,0,0
20010703,49174,DMARE',OTC,0.71,0.71,0,0,Datamarine Intl Inc,0,0,0
20010705,49174,DMARE',OTC,0.87,0.87,230,0,Datamarine Intl Inc,0,0,0
20010706,49174,DMARE',OTC,0.9,0.9,215,0,Datamarine Intl Inc,0,0,0
20010709,49174,DMARE',OTC,1.07,1.07,101,0,Datamarine Intl Inc,0,0,0
20010710,49174,DMARE',OTC,1.4,1.4,411,0,Datamarine Intl Inc,0,0,0
20010711,49174,DMARE',OTC,1.44,1.44,237,0,Datamarine Intl Inc,0,0,0
20010712,49174,DMARE',OTC,1.3,1.3,67,0,Datamarine Intl Inc,0,0,0
20010713,49174,DMARE',OTC,1.45,1.45,117,0,Datamarine Intl Inc,0,0,0
20010716,49174,DMARE',OTC,1.6,1.6,105,0,Datamarine Intl Inc,0,0,0
20010717,49174,DMARE',OTC,1.6,1.6,264,0,Datamarine Intl Inc,0,0,0
20010718,49174,DMARE',OTC,1.45,1.45,636,0,Datamarine Intl Inc,0,0,0
20010719,49174,DMARE',OTC,1.45,1.45,10,0,Datamarine Intl Inc,0,0,0
20010720,49174,DMARE',OTC,1.4,1.4,10,0,Datamarine Intl Inc,0,0,0
20010723,49174,DMARE',OTC,1.45,1.45,99,0,Datamarine Intl Inc,0,0,0
20010724,49174,DMARE',OTC,1.45,1.45,0,0,Datamarine Intl Inc,0,0,0
20010725,49174,DMARE',OTC,1.45,1.45,0,0,Datamarine Intl Inc,0,0,0
20010726,49174,DMARE',OTC,1.4,1.4,6,0,Datamarine Intl Inc,0,0,0
20010727,49174,DMARE',OTC,1.4,1.4,10,0,Datamarine Intl Inc,0,0,0
20010730,49174,DMARE',OTC,1.17,1.17,270,0,Datamarine Intl Inc,0,0,0
20010731,49174,DMARE',OTC,1.17,1.17,0,0,Datamarine Intl Inc,0,0,0
20010801,49174,DMARE',OTC,1.17,1.17,0,0,Datamarine Intl Inc,0,0,0
20010802,49174,DMARE',OTC,1.17,1.17,0,0,Datamarine Intl Inc,0,0,0
20010803,49174,DMARE',OTC,1.17,1.17,0,0,Datamarine Intl Inc,0,0,0
20010806,49174,DMARE',OTC,1.25,1.25,23,0,Datamarine Intl Inc,0,0,0
20010807,49174,DMARE',OTC,1.23,1.23,82,0,Datamarine Intl Inc,0,0,0
20010808,49174,DMARE',OTC,1.23,1.23,10,0,Datamarine Intl Inc,0,0,0
20010809,49174,DMARE',OTC,1.23,1.23,0,0,Datamarine Intl Inc,0,0,0
20010810,49174,DMARE',OTC,1.1,1.1,71,0,Datamarine Intl Inc,0,0,0
20010813,49174,DMARE',OTC,1.1,1.1,30,0,Datamarine Intl Inc,0,0,0
20010814,49174,DMARE',OTC,1.1,1.1,0,0,Datamarine Intl Inc,0,0,0
20010815,49174,DMARE',OTC,1.05,1.05,30,0,Datamarine Intl Inc,0,0,0
20010816,49174,DMARE',OTC,1.05,1.05,0,0,Datamarine Intl Inc,0,0,0
20010817,49174,DMARE',OTC,0.95,0.95,218,0,Datamarine Intl Inc,0,0,0
20010820,49174,DMARE',OTC,1,1,10,0,Datamarine Intl Inc,0,0,0
20010821,49174,DMARE',OTC,1,1,0,0,Datamarine Intl Inc,0,0,0
20010822,49174,DMARE',OTC,0.95,0.95,18,0,Datamarine Intl Inc,0,0,0
20010823,49174,DMARE',OTC,0.77,0.77,126,0,Datamarine Intl Inc,0,0,0
20010824,49174,DMARE',OTC,0.73,0.73,115,0,Datamarine Intl Inc,0,0,0
20010827,49174,DMARE',OTC,0.62,0.62,15,0,Datamarine Intl Inc,0,0,0
20010828,49174,DMARE',OTC,0.69,0.69,1,0,Datamarine Intl Inc,0,0,0
20010829,49174,DMARE',OTC,0.69,0.69,0,0,Datamarine Intl Inc,0,0,0
20010830,49174,DMARE',OTC,0.69,0.69,0,0,Datamarine Intl Inc,0,0,0
20010831,49174,DMARE',OTC,0.69,0.69,0,0,Datamarine Intl Inc,0,0,0
20010904,49174,DMARE',OTC,0.75,0.75,70,0,Datamarine Intl Inc,0,0,0
20010905,49174,DMARE',OTC,0.75,0.75,0,0,Datamarine Intl Inc,0,0,0
20010906,49174,DMARE',OTC,0.75,0.75,50,0,Datamarine Intl Inc,0,0,0
20010907,49174,DMARE',OTC,0.77,0.77,160,0,Datamarine Intl Inc,0,0,0
20010910,49174,DMARE',OTC,0.77,0.77,25,0,Datamarine Intl Inc,0,0,0
20010917,49174,DMARE',OTC,0.62,0.62,30,0,Datamarine Intl Inc,0,0,0
20010918,49174,DMARE',OTC,0.8,0.8,26,0,Datamarine Intl Inc,0,0,0
20010919,49174,DMARE',OTC,0.8,0.8,0,0,Datamarine Intl Inc,0,0,0
20010920,49174,DMARE',OTC,0.8,0.8,0,0,Datamarine Intl Inc,0,0,0
20010921,49174,DMARE',OTC,0.8,0.8,0,0,Datamarine Intl Inc,0,0,0
20010924,49174,DMARE',OTC,0.8,0.8,0,0,Datamarine Intl Inc,0,0,0
20010925,49174,DMARE',OTC,0.61,0.61,50,0,Datamarine Intl Inc,0,0,0
20010926,49174,DMARE',OTC,0.61,0.61,0,0,Datamarine Intl Inc,0,0,0
20010927,49174,DMARE',OTC,0.67,0.67,30,0,Datamarine Intl Inc,0,0,0
20010928,49174,DMARE',OTC,0.67,0.67,41,0,Datamarine Intl Inc,0,0,0
20011001,49174,DMARE',OTC,0.79,0.79,99,0,Datamarine Intl Inc,0,0,0
20011002,49174,DMARE',OTC,0.79,0.79,0,0,Datamarine Intl Inc,0,0,0
20011003,49174,DMARE',OTC,0.75,0.75,240,0,Datamarine Intl Inc,0,0,0
20011004,49174,DMARE',OTC,0.75,0.75,0,0,Datamarine Intl Inc,0,0,0
20011005,49174,DMARE',OTC,0.79,0.79,37,0,Datamarine Intl Inc,0,0,0
20011008,49174,DMARE',OTC,0.68,0.68,3,0,Datamarine Intl Inc,0,0,0
20011009,49174,DMARE',OTC,0.68,0.68,0,0,Datamarine Intl Inc,0,0,0
20011010,49174,DMARE',OTC,0.65,0.65,5,0,Datamarine Intl Inc,0,0,0
20011011,49174,DMARE',OTC,0.65,0.65,25,0,Datamarine Intl Inc,0,0,0
20011012,49174,DMARE',OTC,0.55,0.55,152,0,Datamarine Intl Inc,0,0,0
20011015,49174,DMARE',OTC,0.55,0.55,0,0,Datamarine Intl Inc,0,0,0
20011016,49174,DMARE',OTC,0.51,0.51,1,0,Datamarine Intl Inc,0,0,0
20011017,49174,DMARE',OTC,0.51,0.51,0,0,Datamarine Intl Inc,0,0,0
20011018,49174,DMARE',OTC,0.51,0.51,0,0,Datamarine Intl Inc,0,0,0
20011019,49174,DMARE',OTC,0.51,0.51,6,0,Datamarine Intl Inc,0,0,0
20011022,49174,DMARE',OTC,0.45,0.45,175,0,Datamarine Intl Inc,0,0,0
20011023,49174,DMARE',OTC,0.45,0.45,0,0,Datamarine Intl Inc,0,0,0
20011024,49174,DMARE',OTC,0.45,0.45,0,0,Datamarine Intl Inc,0,0,0
20011025,49174,DMARE',OTC,0.45,0.45,0,0,Datamarine Intl Inc,0,0,0
20011026,49174,DMARE',OTC,0.45,0.45,0,0,Datamarine Intl Inc,0,0,0
20011029,49174,DMARE',OTC,0.38,0.38,176,0,Datamarine Intl Inc,0,0,0
20011030,49174,DMARE',OTC,0.38,0.38,0,0,Datamarine Intl Inc,0,0,0
20011031,49174,DMARE',OTC,0.38,0.38,0,0,Datamarine Intl Inc,0,0,0
20011101,49174,DMARE',OTC,0.38,0.38,75,0,Datamarine Intl Inc,0,0,0
20011102,49174,DMARE',OTC,0.4,0.4,40,0,Datamarine Intl Inc,0,0,0
20011105,49174,DMARE',OTC,0.4,0.4,0,0,Datamarine Intl Inc,0,0,0
20011106,49174,DMARE',OTC,0.38,0.38,2,0,Datamarine Intl Inc,0,0,0
20011107,49174,DMARE',OTC,0.23,0.23,874,0,Datamarine Intl Inc,0,0,0
20011108,49174,DMARE',OTC,0.29,0.29,1,0,Datamarine Intl Inc,0,0,0
20011109,49174,DMARE',OTC,0.29,0.29,0,0,Datamarine Intl Inc,0,0,0
20011112,49174,DMARE',OTC,0.25,0.25,26,0,Datamarine Intl Inc,0,0,0
20011113,49174,DMARE',OTC,0.25,0.25,0,0,Datamarine Intl Inc,0,0,0
20011114,49174,DMARE',OTC,0.25,0.25,0,0,Datamarine Intl Inc,0,0,0
20011115,49174,DMARE',OTC,0.25,0.25,0,0,Datamarine Intl Inc,0,0,0
20011116,49174,DMARE',OTC,0.23,0.23,20,0,Datamarine Intl Inc,0,0,0
20011119,49174,DMARE',OTC,0.23,0.23,0,0,Datamarine Intl Inc,0,0,0
20011120,49174,DMARE',OTC,0.23,0.23,4,0,Datamarine Intl Inc,0,0,0
20011121,49174,DMARE',OTC,0.23,0.23,0,0,Datamarine Intl Inc,0,0,0
20011123,49174,DMARE',OTC,0.23,0.23,0,0,Datamarine Intl Inc,0,0,0
20011126,49174,DMARE',OTC,0.23,0.23,0,0,Datamarine Intl Inc,0,0,0
20011127,49174,DMARE',OTC,0.25,0.25,7,0,Datamarine Intl Inc,0,0,0
20011128,49174,DMARE',OTC,0.25,0.25,0,0,Datamarine Intl Inc,0,0,0
20011129,49174,DMARE',OTC,0.28,0.28,100,0,Datamarine Intl Inc,0,0,0
20011130,49174,DMARE',OTC,0.28,0.28,0,0,Datamarine Intl Inc,0,0,0
20011203,49174,DMARE',OTC,0.25,0.25,50,0,Datamarine Intl Inc,0,0,0
20011204,49174,DMARE',OTC,0.25,0.25,0,0,Datamarine Intl Inc,0,0,0
20011205,49174,DMARE',OTC,0.25,0.25,0,0,Datamarine Intl Inc,0,0,0
20011206,49174,DMARE',OTC,0.13,0.13,355,0,Datamarine Intl Inc,0,0,0
20011207,49174,DMARE',OTC,0.1,0.1,546,0,Datamarine Intl Inc,0,0,0
20011210,49174,DMARE',OTC,0.1,0.1,0,0,Datamarine Intl Inc,0,0,0
20011211,49174,DMARE',OTC,0.15,0.15,190,0,Datamarine Intl Inc,0,0,0
20011212,49174,DMARE',OTC,0.17,0.17,2034,0,Datamarine Intl Inc,0,0,0
20011213,49174,DMARE',OTC,0.15,0.15,166,0,Datamarine Intl Inc,0,0,0
20011214,49174,DMARE',OTC,0.15,0.15,214,0,Datamarine Intl Inc,0,0,0
20011217,49174,DMARE',OTC,0.21,0.21,302,0,Datamarine Intl Inc,0,0,0
20011218,49174,DMARE',OTC,0.17,0.17,253,0,Datamarine Intl Inc,0,0,0
20011219,49174,DMARE',OTC,0.22,0.22,51,0,Datamarine Intl Inc,0,0,0
20011220,49174,DMARE',OTC,0.17,0.17,65,0,Datamarine Intl Inc,0,0,0
20011221,49174,DMARE',OTC,0.22,0.22,16,0,Datamarine Intl Inc,0,0,0
20011224,49174,DMARE',OTC,0.19,0.19,130,0,Datamarine Intl Inc,0,0,0
20011226,49174,DMARE',OTC,0.19,0.19,0,0,Datamarine Intl Inc,0,0,0
20011227,49174,DMARE',OTC,0.17,0.17,6,0,Datamarine Intl Inc,0,0,0
20011228,49174,DMARE',OTC,0.14,0.14,125,0,Datamarine Intl Inc,0,0,0
20011231,49174,DMARE',OTC,0.17,0.17,87,0,Datamarine Intl Inc,0,0,0
20020102,49174,DMARE',OTC,0.099,0.099,326,0,Datamarine Intl Inc,0,0,0
20020103,49174,DMARE',OTC,0.12,0.12,155,0,Datamarine Intl Inc,0,0,0
20020104,49174,DMARE',OTC,0.14,0.14,33,0,Datamarine Intl Inc,0,0,0
20020107,49174,DMARE',OTC,0.14,0.14,0,0,Datamarine Intl Inc,0,0,0
20020108,49174,DMARE',OTC,0.14,0.14,0,0,Datamarine Intl Inc,0,0,0
20020109,49174,DMARE',OTC,0.14,0.14,0,0,Datamarine Intl Inc,0,0,0
20020110,49174,DMARE',OTC,0.14,0.14,0,0,Datamarine Intl Inc,0,0,0
20020111,49174,DMARE',OTC,0.14,0.14,0,0,Datamarine Intl Inc,0,0,0
20020114,49174,DMARE',OTC,0.14,0.14,0,0,Datamarine Intl Inc,0,0,0
20020115,49174,DMARE',OTC,0.16,0.16,150,0,Datamarine Intl Inc,0,0,0
20020116,49174,DMARE',OTC,0.16,0.16,24,0,Datamarine Intl Inc,0,0,0
20020117,49174,DMARE',OTC,0.16,0.16,0,0,Datamarine Intl Inc,0,0,0
20020118,49174,DMARE',OTC,0.16,0.16,0,0,Datamarine Intl Inc,0,0,0
20020122,49174,DMARE',OTC,0.16,0.16,0,0,Datamarine Intl Inc,0,0,0
20020123,49174,DMARE',OTC,0.16,0.16,0,0,Datamarine Intl Inc,0,0,0
20020124,49174,DMARE',OTC,0.16,0.16,0,0,Datamarine Intl Inc,0,0,0
20020125,49174,DMARE',OTC,0.16,0.16,0,0,Datamarine Intl Inc,0,0,0
20020128,49174,DMARE',OTC,0.16,0.16,0,0,Datamarine Intl Inc,0,0,0
20020129,49174,DMARE',OTC,0.16,0.16,0,0,Datamarine Intl Inc,0,0,0
20020130,49174,DMARE',OTC,0.16,0.16,0,0,Datamarine Intl Inc,0,0,0
20020131,49174,DMARE',OTC,0.16,0.16,0,0,Datamarine Intl Inc,0,0,0
20020201,49174,DMARE',OTC,0.16,0.16,0,0,Datamarine Intl Inc,0,0,0
20020204,49174,DMARE',OTC,0.16,0.16,0,0,Datamarine Intl Inc,0,0,0
20020205,49174,DMARE',OTC,0.11,0.11,30,0,Datamarine Intl Inc,0,0,0
20020206,49174,DMARE',OTC,0.11,0.11,0,0,Datamarine Intl Inc,0,0,0
20020207,49174,DMARE',OTC,0.11,0.11,0,0,Datamarine Intl Inc,0,0,0
20020208,49174,DMARE',OTC,0.11,0.11,50,0,Datamarine Intl Inc,0,0,0
20020211,49174,DMARE',OTC,0.11,0.11,20,0,Datamarine Intl Inc,0,0,0
20020212,49174,DMARE',OTC,0.11,0.11,0,0,Datamarine Intl Inc,0,0,0
20020213,49174,DMARE',OTC,0.11,0.11,0,0,Datamarine Intl Inc,0,0,0
20020214,49174,DMARE',OTC,0.11,0.11,0,0,Datamarine Intl Inc,0,0,0
20020215,49174,DMARE',OTC,0.11,0.11,0,0,Datamarine Intl Inc,0,0,0
20020219,49174,DMARE',OTC,0.1,0.1,10,0,Datamarine Intl Inc,0,0,0
