DDate,CSINumber,Symbol,Exchange,DClose,UnAdjustedClose,TotalVolume,Cash,MarketName,PTB,PSR,DPS
19970207,49498,SRCRE',OTC,1.75,1.75,88,0,Semper Resources Corp,0,0,0
19970210,49498,SRCRE',OTC,1.75,1.75,0,0,Semper Resources Corp,0,0,0
19970211,49498,SRCRE',OTC,1.75,1.75,0,0,Semper Resources Corp,0,0,0
19970212,49498,SRCRE',OTC,1.75,1.75,0,0,Semper Resources Corp,0,0,0
19970213,49498,SRCRE',OTC,1.75,1.75,0,0,Semper Resources Corp,0,0,0
19970214,49498,SRCRE',OTC,1.75,1.75,0,0,Semper Resources Corp,0,0,0
19970218,49498,SRCRE',OTC,1.75,1.75,0,0,Semper Resources Corp,0,0,0
19970219,49498,SRCRE',OTC,1.75,1.75,0,0,Semper Resources Corp,0,0,0
19970220,49498,SRCRE',OTC,1.75,1.75,0,0,Semper Resources Corp,0,0,0
19970221,49498,SRCRE',OTC,1.75,1.75,0,0,Semper Resources Corp,0,0,0
19970224,49498,SRCRE',OTC,1.75,1.75,0,0,Semper Resources Corp,0,0,0
19970225,49498,SRCRE',OTC,1.75,1.75,0,0,Semper Resources Corp,0,0,0
19970226,49498,SRCRE',OTC,1.75,1.75,0,0,Semper Resources Corp,0,0,0
19970227,49498,SRCRE',OTC,1.75,1.75,0,0,Semper Resources Corp,0,0,0
19970228,49498,SRCRE',OTC,1.75,1.75,0,0,Semper Resources Corp,0,0,0
19970303,49498,SRCRE',OTC,1.75,1.75,0,0,Semper Resources Corp,0,0,0
19970304,49498,SRCRE',OTC,2,2,20,0,Semper Resources Corp,0,0,0
19970305,49498,SRCRE',OTC,2,2,0,0,Semper Resources Corp,0,0,0
19970306,49498,SRCRE',OTC,2,2,0,0,Semper Resources Corp,0,0,0
19970307,49498,SRCRE',OTC,2,2,32,0,Semper Resources Corp,0,0,0
19970310,49498,SRCRE',OTC,2,2,0,0,Semper Resources Corp,0,0,0
19970311,49498,SRCRE',OTC,2,2,0,0,Semper Resources Corp,0,0,0
19970312,49498,SRCRE',OTC,2,2,30,0,Semper Resources Corp,0,0,0
19970313,49498,SRCRE',OTC,2,2,0,0,Semper Resources Corp,0,0,0
19970314,49498,SRCRE',OTC,2,2,24,0,Semper Resources Corp,0,0,0
19970317,49498,SRCRE',OTC,2,2,0,0,Semper Resources Corp,0,0,0
19970318,49498,SRCRE',OTC,2,2,0,0,Semper Resources Corp,0,0,0
19970319,49498,SRCRE',OTC,2,2,25,0,Semper Resources Corp,0,0,0
19970320,49498,SRCRE',OTC,2,2,15,0,Semper Resources Corp,0,0,0
19970321,49498,SRCRE',OTC,2,2,0,0,Semper Resources Corp,0,0,0
19970324,49498,SRCRE',OTC,2,2,0,0,Semper Resources Corp,0,0,0
19970325,49498,SRCRE',OTC,2,2,18,0,Semper Resources Corp,0,0,0
19970326,49498,SRCRE',OTC,2,2,0,0,Semper Resources Corp,0,0,0
19970327,49498,SRCRE',OTC,2,2,0,0,Semper Resources Corp,0,0,0
19970331,49498,SRCRE',OTC,2,2,0,0,Semper Resources Corp,0,0,0
19970401,49498,SRCRE',OTC,2,2,0,0,Semper Resources Corp,0,0,0
19970402,49498,SRCRE',OTC,2,2,0,0,Semper Resources Corp,0,0,0
19970403,49498,SRCRE',OTC,2,2,0,0,Semper Resources Corp,0,0,0
19970404,49498,SRCRE',OTC,2,2,0,0,Semper Resources Corp,0,0,0
19970407,49498,SRCRE',OTC,2,2,0,0,Semper Resources Corp,0,0,0
19970408,49498,SRCRE',OTC,2,2,0,0,Semper Resources Corp,0,0,0
19970409,49498,SRCRE',OTC,2,2,0,0,Semper Resources Corp,0,0,0
19970410,49498,SRCRE',OTC,2,2,0,0,Semper Resources Corp,0,0,0
19970411,49498,SRCRE',OTC,2,2,0,0,Semper Resources Corp,0,0,0
19970414,49498,SRCRE',OTC,2,2,0,0,Semper Resources Corp,0,0,0
19970415,49498,SRCRE',OTC,2,2,0,0,Semper Resources Corp,0,0,0
19970416,49498,SRCRE',OTC,2,2,50,0,Semper Resources Corp,0,0,0
19970417,49498,SRCRE',OTC,2,2,50,0,Semper Resources Corp,0,0,0
19970418,49498,SRCRE',OTC,2,2,0,0,Semper Resources Corp,0,0,0
19970421,49498,SRCRE',OTC,2,2,0,0,Semper Resources Corp,0,0,0
19970422,49498,SRCRE',OTC,2,2,0,0,Semper Resources Corp,0,0,0
19970423,49498,SRCRE',OTC,2,2,0,0,Semper Resources Corp,0,0,0
19970424,49498,SRCRE',OTC,2,2,0,0,Semper Resources Corp,0,0,0
19970425,49498,SRCRE',OTC,2,2,0,0,Semper Resources Corp,0,0,0
19970428,49498,SRCRE',OTC,2,2,0,0,Semper Resources Corp,0,0,0
19970429,49498,SRCRE',OTC,2,2,0,0,Semper Resources Corp,0,0,0
19970430,49498,SRCRE',OTC,2,2,0,0,Semper Resources Corp,0,0,0
19970501,49498,SRCRE',OTC,2,2,0,0,Semper Resources Corp,0,0,0
19970502,49498,SRCRE',OTC,2,2,0,0,Semper Resources Corp,0,0,0
19970505,49498,SRCRE',OTC,2,2,0,0,Semper Resources Corp,0,0,0
19970506,49498,SRCRE',OTC,2,2,0,0,Semper Resources Corp,0,0,0
19970507,49498,SRCRE',OTC,2,2,0,0,Semper Resources Corp,0,0,0
19970508,49498,SRCRE',OTC,2,2,0,0,Semper Resources Corp,0,0,0
19970509,49498,SRCRE',OTC,2,2,0,0,Semper Resources Corp,0,0,0
19970512,49498,SRCRE',OTC,2,2,0,0,Semper Resources Corp,0,0,0
19970513,49498,SRCRE',OTC,2,2,0,0,Semper Resources Corp,0,0,0
19970514,49498,SRCRE',OTC,2.125,2.125,5,0,Semper Resources Corp,0,0,0
19970515,49498,SRCRE',OTC,2,2,25,0,Semper Resources Corp,0,0,0
19970516,49498,SRCRE',OTC,2,2,0,0,Semper Resources Corp,0,0,0
19970519,49498,SRCRE',OTC,2,2,0,0,Semper Resources Corp,0,0,0
19970520,49498,SRCRE',OTC,2,2,0,0,Semper Resources Corp,0,0,0
19970521,49498,SRCRE',OTC,2,2,0,0,Semper Resources Corp,0,0,0
19970522,49498,SRCRE',OTC,2,2,0,0,Semper Resources Corp,0,0,0
19970523,49498,SRCRE',OTC,2,2,0,0,Semper Resources Corp,0,0,0
19970527,49498,SRCRE',OTC,2,2,0,0,Semper Resources Corp,0,0,0
19970528,49498,SRCRE',OTC,2,2,0,0,Semper Resources Corp,0,0,0
19970529,49498,SRCRE',OTC,2,2,0,0,Semper Resources Corp,0,0,0
19970530,49498,SRCRE',OTC,2,2,0,0,Semper Resources Corp,0,0,0
19970602,49498,SRCRE',OTC,2,2,0,0,Semper Resources Corp,0,0,0
19970603,49498,SRCRE',OTC,2,2,0,0,Semper Resources Corp,0,0,0
19970604,49498,SRCRE',OTC,2,2,0,0,Semper Resources Corp,0,0,0
19970605,49498,SRCRE',OTC,2,2,0,0,Semper Resources Corp,0,0,0
19970606,49498,SRCRE',OTC,2,2,0,0,Semper Resources Corp,0,0,0
19970609,49498,SRCRE',OTC,2,2,0,0,Semper Resources Corp,0,0,0
19970610,49498,SRCRE',OTC,2,2,0,0,Semper Resources Corp,0,0,0
19970611,49498,SRCRE',OTC,2,2,0,0,Semper Resources Corp,0,0,0
19970612,49498,SRCRE',OTC,2,2,0,0,Semper Resources Corp,0,0,0
19970613,49498,SRCRE',OTC,2,2,0,0,Semper Resources Corp,0,0,0
19970616,49498,SRCRE',OTC,2,2,0,0,Semper Resources Corp,0,0,0
19970617,49498,SRCRE',OTC,1.75,1.75,16,0,Semper Resources Corp,0,0,0
19970618,49498,SRCRE',OTC,1.75,1.75,0,0,Semper Resources Corp,0,0,0
19970619,49498,SRCRE',OTC,2,2,34,0,Semper Resources Corp,0,0,0
19970620,49498,SRCRE',OTC,2.5,2.5,5,0,Semper Resources Corp,0,0,0
19970623,49498,SRCRE',OTC,2.5,2.5,0,0,Semper Resources Corp,0,0,0
19970624,49498,SRCRE',OTC,2.5,2.5,0,0,Semper Resources Corp,0,0,0
19970625,49498,SRCRE',OTC,2,2,40,0,Semper Resources Corp,0,0,0
19970626,49498,SRCRE',OTC,2,2,0,0,Semper Resources Corp,0,0,0
19970627,49498,SRCRE',OTC,2,2,0,0,Semper Resources Corp,0,0,0
19970630,49498,SRCRE',OTC,1,1,25,0,Semper Resources Corp,0,0,0
19970701,49498,SRCRE',OTC,1,1,0,0,Semper Resources Corp,0,0,0
19970702,49498,SRCRE',OTC,1,1,0,0,Semper Resources Corp,0,0,0
19970703,49498,SRCRE',OTC,1,1,0,0,Semper Resources Corp,0,0,0
19970707,49498,SRCRE',OTC,1,1,0,0,Semper Resources Corp,0,0,0
19970708,49498,SRCRE',OTC,2,2,111,0,Semper Resources Corp,0,0,0
19970709,49498,SRCRE',OTC,1.875,1.875,85,0,Semper Resources Corp,0,0,0
19970710,49498,SRCRE',OTC,1.875,1.875,0,0,Semper Resources Corp,0,0,0
19970711,49498,SRCRE',OTC,1.5,1.5,10,0,Semper Resources Corp,0,0,0
19970714,49498,SRCRE',OTC,1.5,1.5,0,0,Semper Resources Corp,0,0,0
19970715,49498,SRCRE',OTC,1.5,1.5,0,0,Semper Resources Corp,0,0,0
19970716,49498,SRCRE',OTC,1.5,1.5,0,0,Semper Resources Corp,0,0,0
19970717,49498,SRCRE',OTC,1.5,1.5,0,0,Semper Resources Corp,0,0,0
19970718,49498,SRCRE',OTC,1.5,1.5,0,0,Semper Resources Corp,0,0,0
19970721,49498,SRCRE',OTC,1.5,1.5,0,0,Semper Resources Corp,0,0,0
19970722,49498,SRCRE',OTC,1.25,1.25,15,0,Semper Resources Corp,0,0,0
19970723,49498,SRCRE',OTC,1.25,1.25,0,0,Semper Resources Corp,0,0,0
19970724,49498,SRCRE',OTC,1.25,1.25,0,0,Semper Resources Corp,0,0,0
19970725,49498,SRCRE',OTC,1.5,1.5,10,0,Semper Resources Corp,0,0,0
19970728,49498,SRCRE',OTC,1.5,1.5,0,0,Semper Resources Corp,0,0,0
19970729,49498,SRCRE',OTC,1.5,1.5,0,0,Semper Resources Corp,0,0,0
19970730,49498,SRCRE',OTC,1.5,1.5,0,0,Semper Resources Corp,0,0,0
19970731,49498,SRCRE',OTC,1.5,1.5,0,0,Semper Resources Corp,0,0,0
19970801,49498,SRCRE',OTC,1.125,1.125,10,0,Semper Resources Corp,0,0,0
19970804,49498,SRCRE',OTC,1,1,50,0,Semper Resources Corp,0,0,0
19970805,49498,SRCRE',OTC,1,1,0,0,Semper Resources Corp,0,0,0
19970806,49498,SRCRE',OTC,1,1,0,0,Semper Resources Corp,0,0,0
19970807,49498,SRCRE',OTC,1,1,0,0,Semper Resources Corp,0,0,0
19970808,49498,SRCRE',OTC,1.125,1.125,143,0,Semper Resources Corp,0,0,0
19970811,49498,SRCRE',OTC,1.125,1.125,0,0,Semper Resources Corp,0,0,0
19970812,49498,SRCRE',OTC,1.125,1.125,0,0,Semper Resources Corp,0,0,0
19970813,49498,SRCRE',OTC,1.125,1.125,0,0,Semper Resources Corp,0,0,0
19970814,49498,SRCRE',OTC,0.937,0.937,45,0,Semper Resources Corp,0,0,0
19970815,49498,SRCRE',OTC,1,1,5,0,Semper Resources Corp,0,0,0
19970818,49498,SRCRE',OTC,1,1,0,0,Semper Resources Corp,0,0,0
19970819,49498,SRCRE',OTC,1,1,0,0,Semper Resources Corp,0,0,0
19970820,49498,SRCRE',OTC,1,1,0,0,Semper Resources Corp,0,0,0
19970821,49498,SRCRE',OTC,1,1,0,0,Semper Resources Corp,0,0,0
19970822,49498,SRCRE',OTC,0.625,0.625,30,0,Semper Resources Corp,0,0,0
19970825,49498,SRCRE',OTC,0.625,0.625,0,0,Semper Resources Corp,0,0,0
19970826,49498,SRCRE',OTC,0.625,0.625,0,0,Semper Resources Corp,0,0,0
19970827,49498,SRCRE',OTC,0.625,0.625,0,0,Semper Resources Corp,0,0,0
19970828,49498,SRCRE',OTC,0.625,0.625,0,0,Semper Resources Corp,0,0,0
19970829,49498,SRCRE',OTC,0.625,0.625,0,0,Semper Resources Corp,0,0,0
19970902,49498,SRCRE',OTC,0.625,0.625,0,0,Semper Resources Corp,0,0,0
19970903,49498,SRCRE',OTC,0.625,0.625,0,0,Semper Resources Corp,0,0,0
19970904,49498,SRCRE',OTC,0.625,0.625,0,0,Semper Resources Corp,0,0,0
19970905,49498,SRCRE',OTC,0.625,0.625,0,0,Semper Resources Corp,0,0,0
19970908,49498,SRCRE',OTC,0.625,0.625,0,0,Semper Resources Corp,0,0,0
19970909,49498,SRCRE',OTC,0.625,0.625,0,0,Semper Resources Corp,0,0,0
19970910,49498,SRCRE',OTC,0.625,0.625,0,0,Semper Resources Corp,0,0,0
19970911,49498,SRCRE',OTC,0.625,0.625,25,0,Semper Resources Corp,0,0,0
19970912,49498,SRCRE',OTC,0.625,0.625,52,0,Semper Resources Corp,0,0,0
19970915,49498,SRCRE',OTC,0.375,0.375,5,0,Semper Resources Corp,0,0,0
19970916,49498,SRCRE',OTC,0.375,0.375,0,0,Semper Resources Corp,0,0,0
19970917,49498,SRCRE',OTC,0.375,0.375,0,0,Semper Resources Corp,0,0,0
19970918,49498,SRCRE',OTC,0.375,0.375,0,0,Semper Resources Corp,0,0,0
19970919,49498,SRCRE',OTC,0.375,0.375,0,0,Semper Resources Corp,0,0,0
19970922,49498,SRCRE',OTC,0.375,0.375,0,0,Semper Resources Corp,0,0,0
19970923,49498,SRCRE',OTC,0.375,0.375,0,0,Semper Resources Corp,0,0,0
19970924,49498,SRCRE',OTC,0.375,0.375,0,0,Semper Resources Corp,0,0,0
19970925,49498,SRCRE',OTC,0.875,0.875,50,0,Semper Resources Corp,0,0,0
19970926,49498,SRCRE',OTC,0.875,0.875,0,0,Semper Resources Corp,0,0,0
19970929,49498,SRCRE',OTC,0.875,0.875,0,0,Semper Resources Corp,0,0,0
19970930,49498,SRCRE',OTC,0.375,0.375,14,0,Semper Resources Corp,0,0,0
19971001,49498,SRCRE',OTC,0.375,0.375,0,0,Semper Resources Corp,0,0,0
19971002,49498,SRCRE',OTC,1,1,20,0,Semper Resources Corp,0,0,0
19971003,49498,SRCRE',OTC,1,1,0,0,Semper Resources Corp,0,0,0
19971006,49498,SRCRE',OTC,1,1,0,0,Semper Resources Corp,0,0,0
19971007,49498,SRCRE',OTC,1,1,0,0,Semper Resources Corp,0,0,0
19971008,49498,SRCRE',OTC,1,1,0,0,Semper Resources Corp,0,0,0
19971009,49498,SRCRE',OTC,1,1,0,0,Semper Resources Corp,0,0,0
19971010,49498,SRCRE',OTC,1,1,0,0,Semper Resources Corp,0,0,0
19971013,49498,SRCRE',OTC,1,1,0,0,Semper Resources Corp,0,0,0
19971014,49498,SRCRE',OTC,1,1,0,0,Semper Resources Corp,0,0,0
19971015,49498,SRCRE',OTC,1,1,0,0,Semper Resources Corp,0,0,0
19971016,49498,SRCRE',OTC,1,1,0,0,Semper Resources Corp,0,0,0
19971017,49498,SRCRE',OTC,1,1,0,0,Semper Resources Corp,0,0,0
19971020,49498,SRCRE',OTC,1,1,0,0,Semper Resources Corp,0,0,0
19971021,49498,SRCRE',OTC,1,1,0,0,Semper Resources Corp,0,0,0
19971022,49498,SRCRE',OTC,1,1,0,0,Semper Resources Corp,0,0,0
19971023,49498,SRCRE',OTC,1,1,0,0,Semper Resources Corp,0,0,0
19971024,49498,SRCRE',OTC,1,1,0,0,Semper Resources Corp,0,0,0
19971027,49498,SRCRE',OTC,1,1,0,0,Semper Resources Corp,0,0,0
19971028,49498,SRCRE',OTC,1,1,70,0,Semper Resources Corp,0,0,0
19971029,49498,SRCRE',OTC,1,1,0,0,Semper Resources Corp,0,0,0
19971030,49498,SRCRE',OTC,1,1,0,0,Semper Resources Corp,0,0,0
19971031,49498,SRCRE',OTC,1,1,0,0,Semper Resources Corp,0,0,0
19971103,49498,SRCRE',OTC,1,1,0,0,Semper Resources Corp,0,0,0
19971104,49498,SRCRE',OTC,1,1,0,0,Semper Resources Corp,0,0,0
19971105,49498,SRCRE',OTC,1,1,0,0,Semper Resources Corp,0,0,0
19971106,49498,SRCRE',OTC,0.625,0.625,2,0,Semper Resources Corp,0,0,0
19971107,49498,SRCRE',OTC,0.625,0.625,20,0,Semper Resources Corp,0,0,0
19971110,49498,SRCRE',OTC,0.625,0.625,0,0,Semper Resources Corp,0,0,0
19971111,49498,SRCRE',OTC,0.625,0.625,0,0,Semper Resources Corp,0,0,0
19971112,49498,SRCRE',OTC,0.625,0.625,0,0,Semper Resources Corp,0,0,0
19971113,49498,SRCRE',OTC,0.625,0.625,0,0,Semper Resources Corp,0,0,0
19971114,49498,SRCRE',OTC,0.625,0.625,0,0,Semper Resources Corp,0,0,0
19971117,49498,SRCRE',OTC,0.562,0.562,25,0,Semper Resources Corp,0,0,0
19971118,49498,SRCRE',OTC,0.562,0.562,0,0,Semper Resources Corp,0,0,0
19971119,49498,SRCRE',OTC,0.562,0.562,0,0,Semper Resources Corp,0,0,0
19971120,49498,SRCRE',OTC,0.562,0.562,0,0,Semper Resources Corp,0,0,0
19971121,49498,SRCRE',OTC,0.562,0.562,0,0,Semper Resources Corp,0,0,0
19971124,49498,SRCRE',OTC,0.562,0.562,24,0,Semper Resources Corp,0,0,0
19971125,49498,SRCRE',OTC,0.562,0.562,0,0,Semper Resources Corp,0,0,0
19971126,49498,SRCRE',OTC,0.562,0.562,22,0,Semper Resources Corp,0,0,0
19971128,49498,SRCRE',OTC,0.562,0.562,0,0,Semper Resources Corp,0,0,0
19971201,49498,SRCRE',OTC,0.562,0.562,0,0,Semper Resources Corp,0,0,0
19971202,49498,SRCRE',OTC,0.562,0.562,0,0,Semper Resources Corp,0,0,0
19971203,49498,SRCRE',OTC,0.562,0.562,0,0,Semper Resources Corp,0,0,0
19971204,49498,SRCRE',OTC,0.562,0.562,27,0,Semper Resources Corp,0,0,0
19971205,49498,SRCRE',OTC,0.562,0.562,0,0,Semper Resources Corp,0,0,0
19971208,49498,SRCRE',OTC,0.562,0.562,0,0,Semper Resources Corp,0,0,0
19971209,49498,SRCRE',OTC,0.562,0.562,0,0,Semper Resources Corp,0,0,0
19971210,49498,SRCRE',OTC,0.562,0.562,94,0,Semper Resources Corp,0,0,0
19971211,49498,SRCRE',OTC,0.562,0.562,0,0,Semper Resources Corp,0,0,0
19971212,49498,SRCRE',OTC,0.562,0.562,0,0,Semper Resources Corp,0,0,0
19971215,49498,SRCRE',OTC,0.562,0.562,0,0,Semper Resources Corp,0,0,0
19971216,49498,SRCRE',OTC,0.437,0.437,25,0,Semper Resources Corp,0,0,0
19971217,49498,SRCRE',OTC,0.437,0.437,0,0,Semper Resources Corp,0,0,0
19971218,49498,SRCRE',OTC,0.437,0.437,5,0,Semper Resources Corp,0,0,0
19971219,49498,SRCRE',OTC,0.625,0.625,15,0,Semper Resources Corp,0,0,0
19971222,49498,SRCRE',OTC,0.5,0.5,135,0,Semper Resources Corp,0,0,0
19971223,49498,SRCRE',OTC,0.5,0.5,0,0,Semper Resources Corp,0,0,0
19971224,49498,SRCRE',OTC,0.5,0.5,0,0,Semper Resources Corp,0,0,0
19971226,49498,SRCRE',OTC,0.5,0.5,0,0,Semper Resources Corp,0,0,0
19971229,49498,SRCRE',OTC,0.5,0.5,0,0,Semper Resources Corp,0,0,0
19971230,49498,SRCRE',OTC,0.5,0.5,32,0,Semper Resources Corp,0,0,0
19971231,49498,SRCRE',OTC,0.5,0.5,0,0,Semper Resources Corp,0,0,0
19980102,49498,SRCRE',OTC,0.5,0.5,0,0,Semper Resources Corp,0,0,0
19980105,49498,SRCRE',OTC,0.5,0.5,0,0,Semper Resources Corp,0,0,0
19980106,49498,SRCRE',OTC,0.5,0.5,0,0,Semper Resources Corp,0,0,0
19980107,49498,SRCRE',OTC,0.5,0.5,0,0,Semper Resources Corp,0,0,0
19980108,49498,SRCRE',OTC,0.5,0.5,0,0,Semper Resources Corp,0,0,0
19980109,49498,SRCRE',OTC,0.5,0.5,0,0,Semper Resources Corp,0,0,0
19980112,49498,SRCRE',OTC,0.5,0.5,0,0,Semper Resources Corp,0,0,0
19980113,49498,SRCRE',OTC,1.5,1.5,282,0,Semper Resources Corp,0,0,0
19980114,49498,SRCRE',OTC,1.687,1.687,400,0,Semper Resources Corp,0,0,0
19980115,49498,SRCRE',OTC,1.687,1.687,0,0,Semper Resources Corp,0,0,0
19980116,49498,SRCRE',OTC,1.687,1.687,0,0,Semper Resources Corp,0,0,0
19980120,49498,SRCRE',OTC,1.687,1.687,0,0,Semper Resources Corp,0,0,0
19980121,49498,SRCRE',OTC,1.687,1.687,0,0,Semper Resources Corp,0,0,0
19980122,49498,SRCRE',OTC,1.125,1.125,500,0,Semper Resources Corp,0,0,0
19980123,49498,SRCRE',OTC,1.125,1.125,1000,0,Semper Resources Corp,0,0,0
19980126,49498,SRCRE',OTC,1.625,1.625,46,0,Semper Resources Corp,0,0,0
19980127,49498,SRCRE',OTC,1.625,1.625,0,0,Semper Resources Corp,0,0,0
19980128,49498,SRCRE',OTC,1.625,1.625,0,0,Semper Resources Corp,0,0,0
19980129,49498,SRCRE',OTC,1.625,1.625,0,0,Semper Resources Corp,0,0,0
19980130,49498,SRCRE',OTC,1.625,1.625,0,0,Semper Resources Corp,0,0,0
19980202,49498,SRCRE',OTC,1.625,1.625,0,0,Semper Resources Corp,0,0,0
19980203,49498,SRCRE',OTC,1.625,1.625,0,0,Semper Resources Corp,0,0,0
19980204,49498,SRCRE',OTC,1.625,1.625,0,0,Semper Resources Corp,0,0,0
19980205,49498,SRCRE',OTC,1.625,1.625,0,0,Semper Resources Corp,0,0,0
19980206,49498,SRCRE',OTC,1.625,1.625,0,0,Semper Resources Corp,0,0,0
19980209,49498,SRCRE',OTC,1.625,1.625,0,0,Semper Resources Corp,0,0,0
19980210,49498,SRCRE',OTC,1.625,1.625,0,0,Semper Resources Corp,0,0,0
19980211,49498,SRCRE',OTC,1.25,1.25,25,0,Semper Resources Corp,0,0,0
19980212,49498,SRCRE',OTC,1.25,1.25,0,0,Semper Resources Corp,0,0,0
19980213,49498,SRCRE',OTC,1.25,1.25,0,0,Semper Resources Corp,0,0,0
19980217,49498,SRCRE',OTC,0.875,0.875,50,0,Semper Resources Corp,0,0,0
19980218,49498,SRCRE',OTC,0.875,0.875,10,0,Semper Resources Corp,0,0,0
19980219,49498,SRCRE',OTC,0.875,0.875,0,0,Semper Resources Corp,0,0,0
19980220,49498,SRCRE',OTC,0.875,0.875,0,0,Semper Resources Corp,0,0,0
19980223,49498,SRCRE',OTC,0.875,0.875,0,0,Semper Resources Corp,0,0,0
19980224,49498,SRCRE',OTC,0.875,0.875,0,0,Semper Resources Corp,0,0,0
19980225,49498,SRCRE',OTC,0.875,0.875,0,0,Semper Resources Corp,0,0,0
19980226,49498,SRCRE',OTC,0.875,0.875,0,0,Semper Resources Corp,0,0,0
19980227,49498,SRCRE',OTC,0.875,0.875,0,0,Semper Resources Corp,0,0,0
19980302,49498,SRCRE',OTC,0.625,0.625,10,0,Semper Resources Corp,0,0,0
19980303,49498,SRCRE',OTC,0.625,0.625,35,0,Semper Resources Corp,0,0,0
19980304,49498,SRCRE',OTC,0.625,0.625,12,0,Semper Resources Corp,0,0,0
19980305,49498,SRCRE',OTC,0.625,0.625,10,0,Semper Resources Corp,0,0,0
19980306,49498,SRCRE',OTC,0.5,0.5,32,0,Semper Resources Corp,0,0,0
19980309,49498,SRCRE',OTC,0.5,0.5,0,0,Semper Resources Corp,0,0,0
19980310,49498,SRCRE',OTC,0.5,0.5,0,0,Semper Resources Corp,0,0,0
19980311,49498,SRCRE',OTC,0.5,0.5,0,0,Semper Resources Corp,0,0,0
19980312,49498,SRCRE',OTC,0.5,0.5,0,0,Semper Resources Corp,0,0,0
19980313,49498,SRCRE',OTC,0.375,0.375,15,0,Semper Resources Corp,0,0,0
19980316,49498,SRCRE',OTC,0.375,0.375,14,0,Semper Resources Corp,0,0,0
19980317,49498,SRCRE',OTC,0.375,0.375,16,0,Semper Resources Corp,0,0,0
19980318,49498,SRCRE',OTC,0.375,0.375,17,0,Semper Resources Corp,0,0,0
19980319,49498,SRCRE',OTC,0.375,0.375,18,0,Semper Resources Corp,0,0,0
19980320,49498,SRCRE',OTC,0.375,0.375,18,0,Semper Resources Corp,0,0,0
19980323,49498,SRCRE',OTC,0.375,0.375,19,0,Semper Resources Corp,0,0,0
19980324,49498,SRCRE',OTC,0.312,0.312,20,0,Semper Resources Corp,0,0,0
19980325,49498,SRCRE',OTC,0.312,0.312,0,0,Semper Resources Corp,0,0,0
19980326,49498,SRCRE',OTC,0.312,0.312,0,0,Semper Resources Corp,0,0,0
19980327,49498,SRCRE',OTC,0.312,0.312,19,0,Semper Resources Corp,0,0,0
19980330,49498,SRCRE',OTC,0.312,0.312,0,0,Semper Resources Corp,0,0,0
19980331,49498,SRCRE',OTC,0.312,0.312,0,0,Semper Resources Corp,0,0,0
19980401,49498,SRCRE',OTC,0.312,0.312,0,0,Semper Resources Corp,0,0,0
19980402,49498,SRCRE',OTC,0.312,0.312,0,0,Semper Resources Corp,0,0,0
19980403,49498,SRCRE',OTC,0.312,0.312,75,0,Semper Resources Corp,0,0,0
19980406,49498,SRCRE',OTC,0.312,0.312,0,0,Semper Resources Corp,0,0,0
19980407,49498,SRCRE',OTC,0.312,0.312,0,0,Semper Resources Corp,0,0,0
19980408,49498,SRCRE',OTC,0.375,0.375,50,0,Semper Resources Corp,0,0,0
19980409,49498,SRCRE',OTC,0.375,0.375,0,0,Semper Resources Corp,0,0,0
19980413,49498,SRCRE',OTC,0.375,0.375,0,0,Semper Resources Corp,0,0,0
19980414,49498,SRCRE',OTC,0.375,0.375,0,0,Semper Resources Corp,0,0,0
19980415,49498,SRCRE',OTC,0.375,0.375,0,0,Semper Resources Corp,0,0,0
19980416,49498,SRCRE',OTC,0.375,0.375,0,0,Semper Resources Corp,0,0,0
19980417,49498,SRCRE',OTC,0.375,0.375,0,0,Semper Resources Corp,0,0,0
19980420,49498,SRCRE',OTC,0.25,0.25,25,0,Semper Resources Corp,0,0,0
19980421,49498,SRCRE',OTC,0.25,0.25,26,0,Semper Resources Corp,0,0,0
19980422,49498,SRCRE',OTC,0.25,0.25,24,0,Semper Resources Corp,0,0,0
19980423,49498,SRCRE',OTC,0.312,0.312,50,0,Semper Resources Corp,0,0,0
19980424,49498,SRCRE',OTC,0.312,0.312,0,0,Semper Resources Corp,0,0,0
19980427,49498,SRCRE',OTC,0.312,0.312,0,0,Semper Resources Corp,0,0,0
19980428,49498,SRCRE',OTC,0.312,0.312,0,0,Semper Resources Corp,0,0,0
19980429,49498,SRCRE',OTC,0.312,0.312,0,0,Semper Resources Corp,0,0,0
19980430,49498,SRCRE',OTC,0.218,0.218,25,0,Semper Resources Corp,0,0,0
19980501,49498,SRCRE',OTC,0.218,0.218,0,0,Semper Resources Corp,0,0,0
19980504,49498,SRCRE',OTC,0.281,0.281,100,0,Semper Resources Corp,0,0,0
19980505,49498,SRCRE',OTC,0.281,0.281,0,0,Semper Resources Corp,0,0,0
19980506,49498,SRCRE',OTC,0.375,0.375,50,0,Semper Resources Corp,0,0,0
19980507,49498,SRCRE',OTC,0.375,0.375,0,0,Semper Resources Corp,0,0,0
19980508,49498,SRCRE',OTC,0.375,0.375,0,0,Semper Resources Corp,0,0,0
19980511,49498,SRCRE',OTC,0.25,0.25,30,0,Semper Resources Corp,0,0,0
19980512,49498,SRCRE',OTC,0.25,0.25,25,0,Semper Resources Corp,0,0,0
19980513,49498,SRCRE',OTC,0.25,0.25,0,0,Semper Resources Corp,0,0,0
19980514,49498,SRCRE',OTC,0.5,0.5,150,0,Semper Resources Corp,0,0,0
19980515,49498,SRCRE',OTC,0.5,0.5,0,0,Semper Resources Corp,0,0,0
19980518,49498,SRCRE',OTC,0.375,0.375,30,0,Semper Resources Corp,0,0,0
19980519,49498,SRCRE',OTC,0.375,0.375,25,0,Semper Resources Corp,0,0,0
19980520,49498,SRCRE',OTC,0.5,0.5,150,0,Semper Resources Corp,0,0,0
19980521,49498,SRCRE',OTC,0.5,0.5,0,0,Semper Resources Corp,0,0,0
19980522,49498,SRCRE',OTC,0.5,0.5,100,0,Semper Resources Corp,0,0,0
19980526,49498,SRCRE',OTC,0.5,0.5,0,0,Semper Resources Corp,0,0,0
19980527,49498,SRCRE',OTC,0.5,0.5,0,0,Semper Resources Corp,0,0,0
19980528,49498,SRCRE',OTC,0.5,0.5,0,0,Semper Resources Corp,0,0,0
19980529,49498,SRCRE',OTC,0.5,0.5,0,0,Semper Resources Corp,0,0,0
19980601,49498,SRCRE',OTC,0.5,0.5,85,0,Semper Resources Corp,0,0,0
19980602,49498,SRCRE',OTC,0.5,0.5,0,0,Semper Resources Corp,0,0,0
19980603,49498,SRCRE',OTC,0.5,0.5,0,0,Semper Resources Corp,0,0,0
19980604,49498,SRCRE',OTC,0.5,0.5,0,0,Semper Resources Corp,0,0,0
19980605,49498,SRCRE',OTC,0.5,0.5,0,0,Semper Resources Corp,0,0,0
19980608,49498,SRCRE',OTC,0.5,0.5,0,0,Semper Resources Corp,0,0,0
19980609,49498,SRCRE',OTC,0.5,0.5,0,0,Semper Resources Corp,0,0,0
19980610,49498,SRCRE',OTC,0.5,0.5,0,0,Semper Resources Corp,0,0,0
19980611,49498,SRCRE',OTC,0.5,0.5,0,0,Semper Resources Corp,0,0,0
19980612,49498,SRCRE',OTC,0.5,0.5,0,0,Semper Resources Corp,0,0,0
19980615,49498,SRCRE',OTC,0.5,0.5,0,0,Semper Resources Corp,0,0,0
19980616,49498,SRCRE',OTC,0.5,0.5,0,0,Semper Resources Corp,0,0,0
19980617,49498,SRCRE',OTC,0.5,0.5,0,0,Semper Resources Corp,0,0,0
19980618,49498,SRCRE',OTC,0.5,0.5,0,0,Semper Resources Corp,0,0,0
19980619,49498,SRCRE',OTC,0.25,0.25,200,0,Semper Resources Corp,0,0,0
19980622,49498,SRCRE',OTC,0.25,0.25,0,0,Semper Resources Corp,0,0,0
19980623,49498,SRCRE',OTC,0.25,0.25,0,0,Semper Resources Corp,0,0,0
19980624,49498,SRCRE',OTC,0.25,0.25,0,0,Semper Resources Corp,0,0,0
19980625,49498,SRCRE',OTC,0.25,0.25,0,0,Semper Resources Corp,0,0,0
19980626,49498,SRCRE',OTC,0.25,0.25,0,0,Semper Resources Corp,0,0,0
19980629,49498,SRCRE',OTC,0.25,0.25,0,0,Semper Resources Corp,0,0,0
19980630,49498,SRCRE',OTC,0.25,0.25,0,0,Semper Resources Corp,0,0,0
19980701,49498,SRCRE',OTC,0.25,0.25,0,0,Semper Resources Corp,0,0,0
19980702,49498,SRCRE',OTC,0.25,0.25,0,0,Semper Resources Corp,0,0,0
19980706,49498,SRCRE',OTC,0.25,0.25,0,0,Semper Resources Corp,0,0,0
19980707,49498,SRCRE',OTC,0.25,0.25,0,0,Semper Resources Corp,0,0,0
19980708,49498,SRCRE',OTC,0.25,0.25,0,0,Semper Resources Corp,0,0,0
19980709,49498,SRCRE',OTC,0.25,0.25,0,0,Semper Resources Corp,0,0,0
19980710,49498,SRCRE',OTC,0.25,0.25,0,0,Semper Resources Corp,0,0,0
19980713,49498,SRCRE',OTC,0.25,0.25,0,0,Semper Resources Corp,0,0,0
19980714,49498,SRCRE',OTC,0.25,0.25,0,0,Semper Resources Corp,0,0,0
19980715,49498,SRCRE',OTC,0.25,0.25,0,0,Semper Resources Corp,0,0,0
19980716,49498,SRCRE',OTC,0.25,0.25,0,0,Semper Resources Corp,0,0,0
19980717,49498,SRCRE',OTC,0.25,0.25,0,0,Semper Resources Corp,0,0,0
19980720,49498,SRCRE',OTC,0.25,0.25,0,0,Semper Resources Corp,0,0,0
19980721,49498,SRCRE',OTC,0.25,0.25,0,0,Semper Resources Corp,0,0,0
19980722,49498,SRCRE',OTC,0.25,0.25,400,0,Semper Resources Corp,0,0,0
19980723,49498,SRCRE',OTC,0.25,0.25,0,0,Semper Resources Corp,0,0,0
19980724,49498,SRCRE',OTC,0.25,0.25,0,0,Semper Resources Corp,0,0,0
19980727,49498,SRCRE',OTC,0.25,0.25,0,0,Semper Resources Corp,0,0,0
19980728,49498,SRCRE',OTC,0.25,0.25,0,0,Semper Resources Corp,0,0,0
19980729,49498,SRCRE',OTC,0.25,0.25,0,0,Semper Resources Corp,0,0,0
19980730,49498,SRCRE',OTC,0.25,0.25,0,0,Semper Resources Corp,0,0,0
19980731,49498,SRCRE',OTC,0.25,0.25,0,0,Semper Resources Corp,0,0,0
19980803,49498,SRCRE',OTC,0.25,0.25,0,0,Semper Resources Corp,0,0,0
19980804,49498,SRCRE',OTC,0.25,0.25,0,0,Semper Resources Corp,0,0,0
19980805,49498,SRCRE',OTC,0.25,0.25,0,0,Semper Resources Corp,0,0,0
19980806,49498,SRCRE',OTC,0.25,0.25,0,0,Semper Resources Corp,0,0,0
19980807,49498,SRCRE',OTC,0.25,0.25,0,0,Semper Resources Corp,0,0,0
19980810,49498,SRCRE',OTC,0.25,0.25,0,0,Semper Resources Corp,0,0,0
19980811,49498,SRCRE',OTC,0.25,0.25,0,0,Semper Resources Corp,0,0,0
19980812,49498,SRCRE',OTC,0.25,0.25,0,0,Semper Resources Corp,0,0,0
19980813,49498,SRCRE',OTC,0.25,0.25,0,0,Semper Resources Corp,0,0,0
19980814,49498,SRCRE',OTC,0.25,0.25,0,0,Semper Resources Corp,0,0,0
19980817,49498,SRCRE',OTC,0.25,0.25,0,0,Semper Resources Corp,0,0,0
19980818,49498,SRCRE',OTC,0.25,0.25,0,0,Semper Resources Corp,0,0,0
19980819,49498,SRCRE',OTC,0.25,0.25,50,0,Semper Resources Corp,0,0,0
19980820,49498,SRCRE',OTC,0.25,0.25,0,0,Semper Resources Corp,0,0,0
19980821,49498,SRCRE',OTC,0.25,0.25,0,0,Semper Resources Corp,0,0,0
19980824,49498,SRCRE',OTC,0.25,0.25,0,0,Semper Resources Corp,0,0,0
19980825,49498,SRCRE',OTC,0.25,0.25,0,0,Semper Resources Corp,0,0,0
19980826,49498,SRCRE',OTC,0.25,0.25,0,0,Semper Resources Corp,0,0,0
19980827,49498,SRCRE',OTC,0.25,0.25,0,0,Semper Resources Corp,0,0,0
19980828,49498,SRCRE',OTC,0.25,0.25,0,0,Semper Resources Corp,0,0,0
19980831,49498,SRCRE',OTC,0.25,0.25,2,0,Semper Resources Corp,0,0,0
19980901,49498,SRCRE',OTC,0.25,0.25,0,0,Semper Resources Corp,0,0,0
19980902,49498,SRCRE',OTC,0.25,0.25,0,0,Semper Resources Corp,0,0,0
19980903,49498,SRCRE',OTC,0.25,0.25,0,0,Semper Resources Corp,0,0,0
19980904,49498,SRCRE',OTC,0.25,0.25,0,0,Semper Resources Corp,0,0,0
19980908,49498,SRCRE',OTC,0.25,0.25,0,0,Semper Resources Corp,0,0,0
19980909,49498,SRCRE',OTC,0.25,0.25,50,0,Semper Resources Corp,0,0,0
19980910,49498,SRCRE',OTC,0.25,0.25,0,0,Semper Resources Corp,0,0,0
19980911,49498,SRCRE',OTC,0.25,0.25,50,0,Semper Resources Corp,0,0,0
19980914,49498,SRCRE',OTC,0.25,0.25,0,0,Semper Resources Corp,0,0,0
19980915,49498,SRCRE',OTC,0.25,0.25,0,0,Semper Resources Corp,0,0,0
19980916,49498,SRCRE',OTC,0.25,0.25,0,0,Semper Resources Corp,0,0,0
19980917,49498,SRCRE',OTC,0.25,0.25,0,0,Semper Resources Corp,0,0,0
19980918,49498,SRCRE',OTC,0.25,0.25,0,0,Semper Resources Corp,0,0,0
19980921,49498,SRCRE',OTC,0.25,0.25,0,0,Semper Resources Corp,0,0,0
19980922,49498,SRCRE',OTC,0.187,0.187,50,0,Semper Resources Corp,0,0,0
19980923,49498,SRCRE',OTC,0.187,0.187,0,0,Semper Resources Corp,0,0,0
19980924,49498,SRCRE',OTC,0.187,0.187,0,0,Semper Resources Corp,0,0,0
19980925,49498,SRCRE',OTC,0.187,0.187,0,0,Semper Resources Corp,0,0,0
19980928,49498,SRCRE',OTC,0.187,0.187,0,0,Semper Resources Corp,0,0,0
19980929,49498,SRCRE',OTC,0.187,0.187,100,0,Semper Resources Corp,0,0,0
19980930,49498,SRCRE',OTC,0.187,0.187,0,0,Semper Resources Corp,0,0,0
19981001,49498,SRCRE',OTC,0.187,0.187,0,0,Semper Resources Corp,0,0,0
19981002,49498,SRCRE',OTC,0.187,0.187,0,0,Semper Resources Corp,0,0,0
19981005,49498,SRCRE',OTC,0.2,0.2,150,0,Semper Resources Corp,0,0,0
19981006,49498,SRCRE',OTC,0.2,0.2,0,0,Semper Resources Corp,0,0,0
19981007,49498,SRCRE',OTC,0.2,0.2,0,0,Semper Resources Corp,0,0,0
19981008,49498,SRCRE',OTC,0.2,0.2,0,0,Semper Resources Corp,0,0,0
19981009,49498,SRCRE',OTC,0.2,0.2,0,0,Semper Resources Corp,0,0,0
19981012,49498,SRCRE',OTC,0.2,0.2,0,0,Semper Resources Corp,0,0,0
19981013,49498,SRCRE',OTC,0.2,0.2,0,0,Semper Resources Corp,0,0,0
19981014,49498,SRCRE',OTC,0.2,0.2,0,0,Semper Resources Corp,0,0,0
19981015,49498,SRCRE',OTC,0.2,0.2,0,0,Semper Resources Corp,0,0,0
19981016,49498,SRCRE',OTC,0.2,0.2,0,0,Semper Resources Corp,0,0,0
19981019,49498,SRCRE',OTC,0.2,0.2,0,0,Semper Resources Corp,0,0,0
19981020,49498,SRCRE',OTC,0.2,0.2,0,0,Semper Resources Corp,0,0,0
19981021,49498,SRCRE',OTC,0.2,0.2,0,0,Semper Resources Corp,0,0,0
19981022,49498,SRCRE',OTC,0.2,0.2,0,0,Semper Resources Corp,0,0,0
19981023,49498,SRCRE',OTC,0.2,0.2,0,0,Semper Resources Corp,0,0,0
19981026,49498,SRCRE',OTC,0.2,0.2,0,0,Semper Resources Corp,0,0,0
19981027,49498,SRCRE',OTC,0.2,0.2,0,0,Semper Resources Corp,0,0,0
19981028,49498,SRCRE',OTC,0.2,0.2,0,0,Semper Resources Corp,0,0,0
19981029,49498,SRCRE',OTC,0.2,0.2,0,0,Semper Resources Corp,0,0,0
19981030,49498,SRCRE',OTC,0.2,0.2,0,0,Semper Resources Corp,0,0,0
19981102,49498,SRCRE',OTC,0.2,0.2,0,0,Semper Resources Corp,0,0,0
19981103,49498,SRCRE',OTC,0.2,0.2,0,0,Semper Resources Corp,0,0,0
19981104,49498,SRCRE',OTC,0.2,0.2,0,0,Semper Resources Corp,0,0,0
19981105,49498,SRCRE',OTC,0.2,0.2,0,0,Semper Resources Corp,0,0,0
19981106,49498,SRCRE',OTC,0.2,0.2,0,0,Semper Resources Corp,0,0,0
19981109,49498,SRCRE',OTC,0.2,0.2,0,0,Semper Resources Corp,0,0,0
19981110,49498,SRCRE',OTC,0.2,0.2,0,0,Semper Resources Corp,0,0,0
19981111,49498,SRCRE',OTC,0.2,0.2,0,0,Semper Resources Corp,0,0,0
19981112,49498,SRCRE',OTC,0.2,0.2,0,0,Semper Resources Corp,0,0,0
19981113,49498,SRCRE',OTC,0.2,0.2,0,0,Semper Resources Corp,0,0,0
19981116,49498,SRCRE',OTC,0.2,0.2,0,0,Semper Resources Corp,0,0,0
19981117,49498,SRCRE',OTC,0.2,0.2,0,0,Semper Resources Corp,0,0,0
19981118,49498,SRCRE',OTC,0.2,0.2,20,0,Semper Resources Corp,0,0,0
19981119,49498,SRCRE',OTC,0.2,0.2,0,0,Semper Resources Corp,0,0,0
19981120,49498,SRCRE',OTC,0.2,0.2,0,0,Semper Resources Corp,0,0,0
19981123,49498,SRCRE',OTC,0.25,0.25,170,0,Semper Resources Corp,0,0,0
19981124,49498,SRCRE',OTC,0.25,0.25,0,0,Semper Resources Corp,0,0,0
19981125,49498,SRCRE',OTC,0.25,0.25,200,0,Semper Resources Corp,0,0,0
19981127,49498,SRCRE',OTC,0.25,0.25,0,0,Semper Resources Corp,0,0,0
19981130,49498,SRCRE',OTC,0.25,0.25,0,0,Semper Resources Corp,0,0,0
19981201,49498,SRCRE',OTC,0.187,0.187,100,0,Semper Resources Corp,0,0,0
19981202,49498,SRCRE',OTC,0.187,0.187,0,0,Semper Resources Corp,0,0,0
19981203,49498,SRCRE',OTC,0.187,0.187,0,0,Semper Resources Corp,0,0,0
19981204,49498,SRCRE',OTC,0.187,0.187,0,0,Semper Resources Corp,0,0,0
19981207,49498,SRCRE',OTC,0.25,0.25,118,0,Semper Resources Corp,0,0,0
19981208,49498,SRCRE',OTC,0.25,0.25,0,0,Semper Resources Corp,0,0,0
19981209,49498,SRCRE',OTC,0.062,0.062,4,0,Semper Resources Corp,0,0,0
19981210,49498,SRCRE',OTC,0.062,0.062,0,0,Semper Resources Corp,0,0,0
19981211,49498,SRCRE',OTC,0.062,0.062,0,0,Semper Resources Corp,0,0,0
19981214,49498,SRCRE',OTC,0.28,0.28,50,0,Semper Resources Corp,0,0,0
19981215,49498,SRCRE',OTC,0.28,0.28,0,0,Semper Resources Corp,0,0,0
19981216,49498,SRCRE',OTC,0.28,0.28,20,0,Semper Resources Corp,0,0,0
19981217,49498,SRCRE',OTC,0.28,0.28,0,0,Semper Resources Corp,0,0,0
19981218,49498,SRCRE',OTC,0.28,0.28,30,0,Semper Resources Corp,0,0,0
19981221,49498,SRCRE',OTC,0.28,0.28,0,0,Semper Resources Corp,0,0,0
19981222,49498,SRCRE',OTC,0.28,0.28,0,0,Semper Resources Corp,0,0,0
19981223,49498,SRCRE',OTC,0.28,0.28,0,0,Semper Resources Corp,0,0,0
19981224,49498,SRCRE',OTC,0.28,0.28,0,0,Semper Resources Corp,0,0,0
19981228,49498,SRCRE',OTC,0.28,0.28,0,0,Semper Resources Corp,0,0,0
19981229,49498,SRCRE',OTC,0.28,0.28,0,0,Semper Resources Corp,0,0,0
19981230,49498,SRCRE',OTC,0.28,0.28,0,0,Semper Resources Corp,0,0,0
19981231,49498,SRCRE',OTC,0.28,0.28,0,0,Semper Resources Corp,0,0,0
19990104,49498,SRCRE',OTC,0.28,0.28,0,0,Semper Resources Corp,0,0,0
19990105,49498,SRCRE',OTC,0.28,0.28,0,0,Semper Resources Corp,0,0,0
19990106,49498,SRCRE',OTC,0.28,0.28,0,0,Semper Resources Corp,0,0,0
19990107,49498,SRCRE',OTC,0.28,0.28,0,0,Semper Resources Corp,0,0,0
19990108,49498,SRCRE',OTC,0.28,0.28,0,0,Semper Resources Corp,0,0,0
19990111,49498,SRCRE',OTC,0.28,0.28,0,0,Semper Resources Corp,0,0,0
19990112,49498,SRCRE',OTC,0.28,0.28,0,0,Semper Resources Corp,0,0,0
19990113,49498,SRCRE',OTC,0.28,0.28,0,0,Semper Resources Corp,0,0,0
19990114,49498,SRCRE',OTC,0.28,0.28,0,0,Semper Resources Corp,0,0,0
19990115,49498,SRCRE',OTC,0.28,0.28,0,0,Semper Resources Corp,0,0,0
19990119,49498,SRCRE',OTC,0.28,0.28,0,0,Semper Resources Corp,0,0,0
19990120,49498,SRCRE',OTC,0.28,0.28,0,0,Semper Resources Corp,0,0,0
19990121,49498,SRCRE',OTC,0.28,0.28,0,0,Semper Resources Corp,0,0,0
19990122,49498,SRCRE',OTC,0.28,0.28,0,0,Semper Resources Corp,0,0,0
19990125,49498,SRCRE',OTC,0.28,0.28,0,0,Semper Resources Corp,0,0,0
19990126,49498,SRCRE',OTC,0.28,0.28,0,0,Semper Resources Corp,0,0,0
19990127,49498,SRCRE',OTC,0.28,0.28,0,0,Semper Resources Corp,0,0,0
19990128,49498,SRCRE',OTC,0.28,0.28,0,0,Semper Resources Corp,0,0,0
19990129,49498,SRCRE',OTC,0.28,0.28,0,0,Semper Resources Corp,0,0,0
19990201,49498,SRCRE',OTC,0.28,0.28,0,0,Semper Resources Corp,0,0,0
19990202,49498,SRCRE',OTC,0.28,0.28,0,0,Semper Resources Corp,0,0,0
19990203,49498,SRCRE',OTC,0.28,0.28,0,0,Semper Resources Corp,0,0,0
19990204,49498,SRCRE',OTC,0.28,0.28,0,0,Semper Resources Corp,0,0,0
19990205,49498,SRCRE',OTC,0.28,0.28,0,0,Semper Resources Corp,0,0,0
19990208,49498,SRCRE',OTC,0.28,0.28,0,0,Semper Resources Corp,0,0,0
19990209,49498,SRCRE',OTC,0.28,0.28,0,0,Semper Resources Corp,0,0,0
19990210,49498,SRCRE',OTC,0.28,0.28,0,0,Semper Resources Corp,0,0,0
19990211,49498,SRCRE',OTC,0.28,0.28,0,0,Semper Resources Corp,0,0,0
19990212,49498,SRCRE',OTC,0.28,0.28,0,0,Semper Resources Corp,0,0,0
19990216,49498,SRCRE',OTC,0.28,0.28,0,0,Semper Resources Corp,0,0,0
19990217,49498,SRCRE',OTC,0.28,0.28,0,0,Semper Resources Corp,0,0,0
19990218,49498,SRCRE',OTC,0.28,0.28,0,0,Semper Resources Corp,0,0,0
19990219,49498,SRCRE',OTC,0.28,0.28,0,0,Semper Resources Corp,0,0,0
19990222,49498,SRCRE',OTC,0.28,0.28,0,0,Semper Resources Corp,0,0,0
19990223,49498,SRCRE',OTC,0.28,0.28,0,0,Semper Resources Corp,0,0,0
19990224,49498,SRCRE',OTC,0.28,0.28,0,0,Semper Resources Corp,0,0,0
19990225,49498,SRCRE',OTC,0.28,0.28,0,0,Semper Resources Corp,0,0,0
19990226,49498,SRCRE',OTC,0.28,0.28,0,0,Semper Resources Corp,0,0,0
19990301,49498,SRCRE',OTC,0.28,0.28,0,0,Semper Resources Corp,0,0,0
19990302,49498,SRCRE',OTC,0.28,0.28,0,0,Semper Resources Corp,0,0,0
19990303,49498,SRCRE',OTC,0.28,0.28,0,0,Semper Resources Corp,0,0,0
19990304,49498,SRCRE',OTC,0.28,0.28,0,0,Semper Resources Corp,0,0,0
19990305,49498,SRCRE',OTC,0.28,0.28,0,0,Semper Resources Corp,0,0,0
19990308,49498,SRCRE',OTC,0.28,0.28,0,0,Semper Resources Corp,0,0,0
19990309,49498,SRCRE',OTC,0.28,0.28,0,0,Semper Resources Corp,0,0,0
19990310,49498,SRCRE',OTC,0.28,0.28,0,0,Semper Resources Corp,0,0,0
19990311,49498,SRCRE',OTC,0.28,0.28,0,0,Semper Resources Corp,0,0,0
19990312,49498,SRCRE',OTC,0.28,0.28,0,0,Semper Resources Corp,0,0,0
19990315,49498,SRCRE',OTC,0.28,0.28,0,0,Semper Resources Corp,0,0,0
19990316,49498,SRCRE',OTC,0.28,0.28,0,0,Semper Resources Corp,0,0,0
19990317,49498,SRCRE',OTC,0.28,0.28,0,0,Semper Resources Corp,0,0,0
19990318,49498,SRCRE',OTC,0.28,0.28,0,0,Semper Resources Corp,0,0,0
19990319,49498,SRCRE',OTC,0.28,0.28,0,0,Semper Resources Corp,0,0,0
19990322,49498,SRCRE',OTC,0.28,0.28,0,0,Semper Resources Corp,0,0,0
19990323,49498,SRCRE',OTC,0.28,0.28,0,0,Semper Resources Corp,0,0,0
19990324,49498,SRCRE',OTC,0.28,0.28,0,0,Semper Resources Corp,0,0,0
19990325,49498,SRCRE',OTC,0.062,0.062,2,0,Semper Resources Corp,0,0,0
19990326,49498,SRCRE',OTC,0.062,0.062,0,0,Semper Resources Corp,0,0,0
19990329,49498,SRCRE',OTC,0.062,0.062,0,0,Semper Resources Corp,0,0,0
19990330,49498,SRCRE',OTC,0.062,0.062,0,0,Semper Resources Corp,0,0,0
19990331,49498,SRCRE',OTC,0.062,0.062,0,0,Semper Resources Corp,0,0,0
19990401,49498,SRCRE',OTC,0.062,0.062,0,0,Semper Resources Corp,0,0,0
19990405,49498,SRCRE',OTC,0.062,0.062,0,0,Semper Resources Corp,0,0,0
19990406,49498,SRCRE',OTC,0.062,0.062,0,0,Semper Resources Corp,0,0,0
19990407,49498,SRCRE',OTC,0.062,0.062,0,0,Semper Resources Corp,0,0,0
19990408,49498,SRCRE',OTC,0.062,0.062,0,0,Semper Resources Corp,0,0,0
19990409,49498,SRCRE',OTC,0.062,0.062,0,0,Semper Resources Corp,0,0,0
19990412,49498,SRCRE',OTC,0.062,0.062,0,0,Semper Resources Corp,0,0,0
19990413,49498,SRCRE',OTC,0.062,0.062,0,0,Semper Resources Corp,0,0,0
19990414,49498,SRCRE',OTC,0.062,0.062,0,0,Semper Resources Corp,0,0,0
19990415,49498,SRCRE',OTC,0.062,0.062,0,0,Semper Resources Corp,0,0,0
19990416,49498,SRCRE',OTC,0.062,0.062,0,0,Semper Resources Corp,0,0,0
19990419,49498,SRCRE',OTC,0.062,0.062,0,0,Semper Resources Corp,0,0,0
19990420,49498,SRCRE',OTC,0.062,0.062,0,0,Semper Resources Corp,0,0,0
19990421,49498,SRCRE',OTC,0.062,0.062,0,0,Semper Resources Corp,0,0,0
19990422,49498,SRCRE',OTC,0.062,0.062,0,0,Semper Resources Corp,0,0,0
19990423,49498,SRCRE',OTC,0.062,0.062,0,0,Semper Resources Corp,0,0,0
19990426,49498,SRCRE',OTC,0.062,0.062,0,0,Semper Resources Corp,0,0,0
19990427,49498,SRCRE',OTC,0.062,0.062,0,0,Semper Resources Corp,0,0,0
19990428,49498,SRCRE',OTC,0.062,0.062,0,0,Semper Resources Corp,0,0,0
19990429,49498,SRCRE',OTC,0.062,0.062,0,0,Semper Resources Corp,0,0,0
19990430,49498,SRCRE',OTC,0.062,0.062,0,0,Semper Resources Corp,0,0,0
19990503,49498,SRCRE',OTC,0.062,0.062,0,0,Semper Resources Corp,0,0,0
19990504,49498,SRCRE',OTC,0.062,0.062,0,0,Semper Resources Corp,0,0,0
19990505,49498,SRCRE',OTC,0.062,0.062,0,0,Semper Resources Corp,0,0,0
19990506,49498,SRCRE',OTC,0.062,0.062,0,0,Semper Resources Corp,0,0,0
19990507,49498,SRCRE',OTC,0.062,0.062,0,0,Semper Resources Corp,0,0,0
19990510,49498,SRCRE',OTC,0.062,0.062,0,0,Semper Resources Corp,0,0,0
19990511,49498,SRCRE',OTC,0.062,0.062,0,0,Semper Resources Corp,0,0,0
19990512,49498,SRCRE',OTC,0.062,0.062,0,0,Semper Resources Corp,0,0,0
19990513,49498,SRCRE',OTC,0.062,0.062,0,0,Semper Resources Corp,0,0,0
19990514,49498,SRCRE',OTC,0.062,0.062,0,0,Semper Resources Corp,0,0,0
19990517,49498,SRCRE',OTC,0.062,0.062,0,0,Semper Resources Corp,0,0,0
19990518,49498,SRCRE',OTC,0.062,0.062,0,0,Semper Resources Corp,0,0,0
19990519,49498,SRCRE',OTC,0.062,0.062,0,0,Semper Resources Corp,0,0,0
19990520,49498,SRCRE',OTC,0.062,0.062,0,0,Semper Resources Corp,0,0,0
19990521,49498,SRCRE',OTC,0.062,0.062,0,0,Semper Resources Corp,0,0,0
19990524,49498,SRCRE',OTC,0.062,0.062,0,0,Semper Resources Corp,0,0,0
19990525,49498,SRCRE',OTC,0.062,0.062,0,0,Semper Resources Corp,0,0,0
19990526,49498,SRCRE',OTC,0.062,0.062,0,0,Semper Resources Corp,0,0,0
19990527,49498,SRCRE',OTC,0.062,0.062,0,0,Semper Resources Corp,0,0,0
19990528,49498,SRCRE',OTC,0.062,0.062,0,0,Semper Resources Corp,0,0,0
19990601,49498,SRCRE',OTC,0.062,0.062,0,0,Semper Resources Corp,0,0,0
19990602,49498,SRCRE',OTC,0.062,0.062,0,0,Semper Resources Corp,0,0,0
19990603,49498,SRCRE',OTC,0.062,0.062,0,0,Semper Resources Corp,0,0,0
19990604,49498,SRCRE',OTC,0.062,0.062,0,0,Semper Resources Corp,0,0,0
19990607,49498,SRCRE',OTC,0.062,0.062,0,0,Semper Resources Corp,0,0,0
19990608,49498,SRCRE',OTC,0.062,0.062,0,0,Semper Resources Corp,0,0,0
19990609,49498,SRCRE',OTC,0.062,0.062,0,0,Semper Resources Corp,0,0,0
19990610,49498,SRCRE',OTC,0.062,0.062,0,0,Semper Resources Corp,0,0,0
19990611,49498,SRCRE',OTC,0.062,0.062,0,0,Semper Resources Corp,0,0,0
19990614,49498,SRCRE',OTC,0.062,0.062,0,0,Semper Resources Corp,0,0,0
19990615,49498,SRCRE',OTC,0.062,0.062,0,0,Semper Resources Corp,0,0,0
19990616,49498,SRCRE',OTC,0.062,0.062,0,0,Semper Resources Corp,0,0,0
19990617,49498,SRCRE',OTC,0.062,0.062,0,0,Semper Resources Corp,0,0,0
19990618,49498,SRCRE',OTC,0.062,0.062,0,0,Semper Resources Corp,0,0,0
19990621,49498,SRCRE',OTC,0.062,0.062,0,0,Semper Resources Corp,0,0,0
19990622,49498,SRCRE',OTC,0.062,0.062,0,0,Semper Resources Corp,0,0,0
19990623,49498,SRCRE',OTC,0.062,0.062,0,0,Semper Resources Corp,0,0,0
19990624,49498,SRCRE',OTC,0.062,0.062,0,0,Semper Resources Corp,0,0,0
19990625,49498,SRCRE',OTC,0.062,0.062,0,0,Semper Resources Corp,0,0,0
19990628,49498,SRCRE',OTC,0.062,0.062,0,0,Semper Resources Corp,0,0,0
19990629,49498,SRCRE',OTC,0.062,0.062,0,0,Semper Resources Corp,0,0,0
19990630,49498,SRCRE',OTC,0.062,0.062,0,0,Semper Resources Corp,0,0,0
19990701,49498,SRCRE',OTC,0.062,0.062,0,0,Semper Resources Corp,0,0,0
19990702,49498,SRCRE',OTC,0.062,0.062,0,0,Semper Resources Corp,0,0,0
19990706,49498,SRCRE',OTC,0.062,0.062,0,0,Semper Resources Corp,0,0,0
19990707,49498,SRCRE',OTC,0.062,0.062,0,0,Semper Resources Corp,0,0,0
19990708,49498,SRCRE',OTC,0.062,0.062,0,0,Semper Resources Corp,0,0,0
19990709,49498,SRCRE',OTC,0.062,0.062,0,0,Semper Resources Corp,0,0,0
19990712,49498,SRCRE',OTC,0.062,0.062,0,0,Semper Resources Corp,0,0,0
19990713,49498,SRCRE',OTC,0.062,0.062,0,0,Semper Resources Corp,0,0,0
19990714,49498,SRCRE',OTC,0.062,0.062,0,0,Semper Resources Corp,0,0,0
19990715,49498,SRCRE',OTC,0.062,0.062,0,0,Semper Resources Corp,0,0,0
19990716,49498,SRCRE',OTC,0.062,0.062,0,0,Semper Resources Corp,0,0,0
19990719,49498,SRCRE',OTC,0.062,0.062,0,0,Semper Resources Corp,0,0,0
19990720,49498,SRCRE',OTC,0.062,0.062,0,0,Semper Resources Corp,0,0,0
19990721,49498,SRCRE',OTC,0.062,0.062,0,0,Semper Resources Corp,0,0,0
19990722,49498,SRCRE',OTC,0.062,0.062,0,0,Semper Resources Corp,0,0,0
19990723,49498,SRCRE',OTC,0.062,0.062,0,0,Semper Resources Corp,0,0,0
19990726,49498,SRCRE',OTC,0.062,0.062,0,0,Semper Resources Corp,0,0,0
19990727,49498,SRCRE',OTC,0.062,0.062,0,0,Semper Resources Corp,0,0,0
19990728,49498,SRCRE',OTC,0.062,0.062,0,0,Semper Resources Corp,0,0,0
19990729,49498,SRCRE',OTC,0.062,0.062,0,0,Semper Resources Corp,0,0,0
19990730,49498,SRCRE',OTC,0.062,0.062,0,0,Semper Resources Corp,0,0,0
19990802,49498,SRCRE',OTC,0.062,0.062,0,0,Semper Resources Corp,0,0,0
19990803,49498,SRCRE',OTC,0.062,0.062,0,0,Semper Resources Corp,0,0,0
19990804,49498,SRCRE',OTC,0.062,0.062,0,0,Semper Resources Corp,0,0,0
19990805,49498,SRCRE',OTC,0.062,0.062,0,0,Semper Resources Corp,0,0,0
19990806,49498,SRCRE',OTC,0.062,0.062,0,0,Semper Resources Corp,0,0,0
19990809,49498,SRCRE',OTC,0.062,0.062,0,0,Semper Resources Corp,0,0,0
19990810,49498,SRCRE',OTC,0.062,0.062,0,0,Semper Resources Corp,0,0,0
19990811,49498,SRCRE',OTC,0.062,0.062,0,0,Semper Resources Corp,0,0,0
19990812,49498,SRCRE',OTC,0.062,0.062,0,0,Semper Resources Corp,0,0,0
19990813,49498,SRCRE',OTC,0.062,0.062,0,0,Semper Resources Corp,0,0,0
19990816,49498,SRCRE',OTC,0.062,0.062,0,0,Semper Resources Corp,0,0,0
19990817,49498,SRCRE',OTC,0.062,0.062,0,0,Semper Resources Corp,0,0,0
19990818,49498,SRCRE',OTC,0.062,0.062,0,0,Semper Resources Corp,0,0,0
19990819,49498,SRCRE',OTC,0.062,0.062,0,0,Semper Resources Corp,0,0,0
19990820,49498,SRCRE',OTC,0.062,0.062,0,0,Semper Resources Corp,0,0,0
19990823,49498,SRCRE',OTC,0.062,0.062,0,0,Semper Resources Corp,0,0,0
19990824,49498,SRCRE',OTC,0.062,0.062,0,0,Semper Resources Corp,0,0,0
19990825,49498,SRCRE',OTC,0.062,0.062,0,0,Semper Resources Corp,0,0,0
19990826,49498,SRCRE',OTC,0.062,0.062,0,0,Semper Resources Corp,0,0,0
19990827,49498,SRCRE',OTC,0.062,0.062,0,0,Semper Resources Corp,0,0,0
19990830,49498,SRCRE',OTC,0.062,0.062,0,0,Semper Resources Corp,0,0,0
19990831,49498,SRCRE',OTC,0.062,0.062,0,0,Semper Resources Corp,0,0,0
19990901,49498,SRCRE',OTC,0.062,0.062,0,0,Semper Resources Corp,0,0,0
19990902,49498,SRCRE',OTC,0.062,0.062,0,0,Semper Resources Corp,0,0,0
19990903,49498,SRCRE',OTC,0.062,0.062,0,0,Semper Resources Corp,0,0,0
19990907,49498,SRCRE',OTC,0.062,0.062,0,0,Semper Resources Corp,0,0,0
19990908,49498,SRCRE',OTC,0.062,0.062,0,0,Semper Resources Corp,0,0,0
19990909,49498,SRCRE',OTC,0.062,0.062,0,0,Semper Resources Corp,0,0,0
19990910,49498,SRCRE',OTC,0.125,0.125,100,0,Semper Resources Corp,0,0,0
19990913,49498,SRCRE',OTC,0.75,0.75,662,0,Semper Resources Corp,0,0,0
19990914,49498,SRCRE',OTC,0.75,0.75,0,0,Semper Resources Corp,0,0,0
19990915,49498,SRCRE',OTC,0.75,0.75,0,0,Semper Resources Corp,0,0,0
19990916,49498,SRCRE',OTC,0.75,0.75,0,0,Semper Resources Corp,0,0,0
19990917,49498,SRCRE',OTC,0.375,0.375,35,0,Semper Resources Corp,0,0,0
19990920,49498,SRCRE',OTC,0.375,0.375,0,0,Semper Resources Corp,0,0,0
19990921,49498,SRCRE',OTC,0.375,0.375,0,0,Semper Resources Corp,0,0,0
19990922,49498,SRCRE',OTC,0.375,0.375,0,0,Semper Resources Corp,0,0,0
19990923,49498,SRCRE',OTC,0.375,0.375,0,0,Semper Resources Corp,0,0,0
19990924,49498,SRCRE',OTC,0.375,0.375,0,0,Semper Resources Corp,0,0,0
19990927,49498,SRCRE',OTC,0.312,0.312,50,0,Semper Resources Corp,0,0,0
19990928,49498,SRCRE',OTC,0.312,0.312,0,0,Semper Resources Corp,0,0,0
19990929,49498,SRCRE',OTC,0.375,0.375,14,0,Semper Resources Corp,0,0,0
19990930,49498,SRCRE',OTC,0.218,0.218,60,0,Semper Resources Corp,0,0,0
19991001,49498,SRCRE',OTC,0.25,0.25,60,0,Semper Resources Corp,0,0,0
19991004,49498,SRCRE',OTC,0.25,0.25,0,0,Semper Resources Corp,0,0,0
19991005,49498,SRCRE',OTC,0.25,0.25,0,0,Semper Resources Corp,0,0,0
19991006,49498,SRCRE',OTC,0.25,0.25,0,0,Semper Resources Corp,0,0,0
19991007,49498,SRCRE',OTC,0.25,0.25,0,0,Semper Resources Corp,0,0,0
19991008,49498,SRCRE',OTC,0.25,0.25,0,0,Semper Resources Corp,0,0,0
19991011,49498,SRCRE',OTC,0.25,0.25,0,0,Semper Resources Corp,0,0,0
19991012,49498,SRCRE',OTC,0.25,0.25,0,0,Semper Resources Corp,0,0,0
19991013,49498,SRCRE',OTC,0.25,0.25,0,0,Semper Resources Corp,0,0,0
19991014,49498,SRCRE',OTC,0.25,0.25,0,0,Semper Resources Corp,0,0,0
19991015,49498,SRCRE',OTC,0.25,0.25,40,0,Semper Resources Corp,0,0,0
19991018,49498,SRCRE',OTC,0.25,0.25,0,0,Semper Resources Corp,0,0,0
19991019,49498,SRCRE',OTC,0.25,0.25,0,0,Semper Resources Corp,0,0,0
19991020,49498,SRCRE',OTC,0.25,0.25,0,0,Semper Resources Corp,0,0,0
19991021,49498,SRCRE',OTC,0.25,0.25,0,0,Semper Resources Corp,0,0,0
19991022,49498,SRCRE',OTC,0.25,0.25,0,0,Semper Resources Corp,0,0,0
19991025,49498,SRCRE',OTC,0.25,0.25,0,0,Semper Resources Corp,0,0,0
19991026,49498,SRCRE',OTC,0.25,0.25,0,0,Semper Resources Corp,0,0,0
19991027,49498,SRCRE',OTC,0.25,0.25,0,0,Semper Resources Corp,0,0,0
19991028,49498,SRCRE',OTC,0.25,0.25,0,0,Semper Resources Corp,0,0,0
19991029,49498,SRCRE',OTC,0.25,0.25,0,0,Semper Resources Corp,0,0,0
19991101,49498,SRCRE',OTC,0.25,0.25,0,0,Semper Resources Corp,0,0,0
19991102,49498,SRCRE',OTC,0.25,0.25,0,0,Semper Resources Corp,0,0,0
19991103,49498,SRCRE',OTC,0.25,0.25,0,0,Semper Resources Corp,0,0,0
19991104,49498,SRCRE',OTC,0.25,0.25,0,0,Semper Resources Corp,0,0,0
19991105,49498,SRCRE',OTC,0.25,0.25,0,0,Semper Resources Corp,0,0,0
19991108,49498,SRCRE',OTC,0.25,0.25,0,0,Semper Resources Corp,0,0,0
19991109,49498,SRCRE',OTC,0.187,0.187,50,0,Semper Resources Corp,0,0,0
19991110,49498,SRCRE',OTC,0.187,0.187,40,0,Semper Resources Corp,0,0,0
19991111,49498,SRCRE',OTC,0.187,0.187,0,0,Semper Resources Corp,0,0,0
19991112,49498,SRCRE',OTC,0.187,0.187,0,0,Semper Resources Corp,0,0,0
19991115,49498,SRCRE',OTC,0.187,0.187,0,0,Semper Resources Corp,0,0,0
19991116,49498,SRCRE',OTC,0.187,0.187,0,0,Semper Resources Corp,0,0,0
19991117,49498,SRCRE',OTC,0.187,0.187,0,0,Semper Resources Corp,0,0,0
19991118,49498,SRCRE',OTC,0.187,0.187,0,0,Semper Resources Corp,0,0,0
19991119,49498,SRCRE',OTC,0.187,0.187,0,0,Semper Resources Corp,0,0,0
19991122,49498,SRCRE',OTC,0.187,0.187,0,0,Semper Resources Corp,0,0,0
19991123,49498,SRCRE',OTC,0.187,0.187,0,0,Semper Resources Corp,0,0,0
19991124,49498,SRCRE',OTC,0.187,0.187,0,0,Semper Resources Corp,0,0,0
19991126,49498,SRCRE',OTC,0.187,0.187,0,0,Semper Resources Corp,0,0,0
19991129,49498,SRCRE',OTC,0.187,0.187,0,0,Semper Resources Corp,0,0,0
19991130,49498,SRCRE',OTC,0.187,0.187,0,0,Semper Resources Corp,0,0,0
19991201,49498,SRCRE',OTC,0.187,0.187,0,0,Semper Resources Corp,0,0,0
19991202,49498,SRCRE',OTC,0.187,0.187,0,0,Semper Resources Corp,0,0,0
19991203,49498,SRCRE',OTC,0.187,0.187,0,0,Semper Resources Corp,0,0,0
19991206,49498,SRCRE',OTC,0.187,0.187,0,0,Semper Resources Corp,0,0,0
19991207,49498,SRCRE',OTC,0.187,0.187,0,0,Semper Resources Corp,0,0,0
19991208,49498,SRCRE',OTC,0.187,0.187,0,0,Semper Resources Corp,0,0,0
19991209,49498,SRCRE',OTC,0.187,0.187,0,0,Semper Resources Corp,0,0,0
19991210,49498,SRCRE',OTC,0.187,0.187,0,0,Semper Resources Corp,0,0,0
19991213,49498,SRCRE',OTC,0.187,0.187,0,0,Semper Resources Corp,0,0,0
19991214,49498,SRCRE',OTC,0.187,0.187,0,0,Semper Resources Corp,0,0,0
19991215,49498,SRCRE',OTC,0.156,0.156,50,0,Semper Resources Corp,0,0,0
19991216,49498,SRCRE',OTC,0.156,0.156,0,0,Semper Resources Corp,0,0,0
19991217,49498,SRCRE',OTC,0.156,0.156,0,0,Semper Resources Corp,0,0,0
19991220,49498,SRCRE',OTC,0.156,0.156,0,0,Semper Resources Corp,0,0,0
19991221,49498,SRCRE',OTC,0.156,0.156,0,0,Semper Resources Corp,0,0,0
19991222,49498,SRCRE',OTC,0.156,0.156,1,0,Semper Resources Corp,0,0,0
19991223,49498,SRCRE',OTC,0.156,0.156,50,0,Semper Resources Corp,0,0,0
19991227,49498,SRCRE',OTC,0.156,0.156,0,0,Semper Resources Corp,0,0,0
19991228,49498,SRCRE',OTC,0.156,0.156,40,0,Semper Resources Corp,0,0,0
19991229,49498,SRCRE',OTC,0.156,0.156,0,0,Semper Resources Corp,0,0,0
19991230,49498,SRCRE',OTC,0.156,0.156,0,0,Semper Resources Corp,0,0,0
19991231,49498,SRCRE',OTC,0.156,0.156,0,0,Semper Resources Corp,0,0,0
20000103,49498,SRCRE',OTC,0.156,0.156,0,0,Semper Resources Corp,0,0,0
20000104,49498,SRCRE',OTC,0.156,0.156,0,0,Semper Resources Corp,0,0,0
20000105,49498,SRCRE',OTC,0.156,0.156,0,0,Semper Resources Corp,0,0,0
20000106,49498,SRCRE',OTC,0.156,0.156,0,0,Semper Resources Corp,0,0,0
20000107,49498,SRCRE',OTC,0.125,0.125,308,0,Semper Resources Corp,0,0,0
20000110,49498,SRCRE',OTC,0.125,0.125,0,0,Semper Resources Corp,0,0,0
20000111,49498,SRCRE',OTC,0.125,0.125,0,0,Semper Resources Corp,0,0,0
20000112,49498,SRCRE',OTC,0.125,0.125,0,0,Semper Resources Corp,0,0,0
20000113,49498,SRCRE',OTC,0.125,0.125,0,0,Semper Resources Corp,0,0,0
20000114,49498,SRCRE',OTC,0.125,0.125,0,0,Semper Resources Corp,0,0,0
20000118,49498,SRCRE',OTC,0.125,0.125,0,0,Semper Resources Corp,0,0,0
20000119,49498,SRCRE',OTC,0.125,0.125,0,0,Semper Resources Corp,0,0,0
20000120,49498,SRCRE',OTC,0.125,0.125,0,0,Semper Resources Corp,0,0,0
20000121,49498,SRCRE',OTC,0.125,0.125,0,0,Semper Resources Corp,0,0,0
20000124,49498,SRCRE',OTC,0.125,0.125,0,0,Semper Resources Corp,0,0,0
20000125,49498,SRCRE',OTC,0.125,0.125,0,0,Semper Resources Corp,0,0,0
20000126,49498,SRCRE',OTC,0.125,0.125,0,0,Semper Resources Corp,0,0,0
20000127,49498,SRCRE',OTC,0.125,0.125,0,0,Semper Resources Corp,0,0,0
20000128,49498,SRCRE',OTC,0.125,0.125,0,0,Semper Resources Corp,0,0,0
20000131,49498,SRCRE',OTC,0.125,0.125,0,0,Semper Resources Corp,0,0,0
20000201,49498,SRCRE',OTC,0.125,0.125,0,0,Semper Resources Corp,0,0,0
20000202,49498,SRCRE',OTC,0.125,0.125,0,0,Semper Resources Corp,0,0,0
20000203,49498,SRCRE',OTC,0.125,0.125,0,0,Semper Resources Corp,0,0,0
20000204,49498,SRCRE',OTC,0.125,0.125,0,0,Semper Resources Corp,0,0,0
20000207,49498,SRCRE',OTC,0.187,0.187,100,0,Semper Resources Corp,0,0,0
20000208,49498,SRCRE',OTC,0.187,0.187,0,0,Semper Resources Corp,0,0,0
20000209,49498,SRCRE',OTC,0.187,0.187,0,0,Semper Resources Corp,0,0,0
20000210,49498,SRCRE',OTC,0.187,0.187,0,0,Semper Resources Corp,0,0,0
20000211,49498,SRCRE',OTC,0.187,0.187,0,0,Semper Resources Corp,0,0,0
20000214,49498,SRCRE',OTC,0.218,0.218,100,0,Semper Resources Corp,0,0,0
20000215,49498,SRCRE',OTC,0.218,0.218,0,0,Semper Resources Corp,0,0,0
20000216,49498,SRCRE',OTC,0.218,0.218,0,0,Semper Resources Corp,0,0,0
20000217,49498,SRCRE',OTC,0.218,0.218,0,0,Semper Resources Corp,0,0,0
20000218,49498,SRCRE',OTC,0.218,0.218,0,0,Semper Resources Corp,0,0,0
20000222,49498,SRCRE',OTC,0.218,0.218,0,0,Semper Resources Corp,0,0,0
20000223,49498,SRCRE',OTC,0.125,0.125,65,0,Semper Resources Corp,0,0,0
20000224,49498,SRCRE',OTC,0.125,0.125,90,0,Semper Resources Corp,0,0,0
20000225,49498,SRCRE',OTC,0.25,0.25,10,0,Semper Resources Corp,0,0,0
20000228,49498,SRCRE',OTC,0.218,0.218,190,0,Semper Resources Corp,0,0,0
20000229,49498,SRCRE',OTC,0.218,0.218,0,0,Semper Resources Corp,0,0,0
20000301,49498,SRCRE',OTC,0.218,0.218,0,0,Semper Resources Corp,0,0,0
20000302,49498,SRCRE',OTC,0.218,0.218,0,0,Semper Resources Corp,0,0,0
20000303,49498,SRCRE',OTC,0.218,0.218,0,0,Semper Resources Corp,0,0,0
20000306,49498,SRCRE',OTC,0.218,0.218,0,0,Semper Resources Corp,0,0,0
20000307,49498,SRCRE',OTC,0.218,0.218,0,0,Semper Resources Corp,0,0,0
20000308,49498,SRCRE',OTC,0.218,0.218,0,0,Semper Resources Corp,0,0,0
20000309,49498,SRCRE',OTC,0.218,0.218,0,0,Semper Resources Corp,0,0,0
20000310,49498,SRCRE',OTC,0.218,0.218,0,0,Semper Resources Corp,0,0,0
20000313,49498,SRCRE',OTC,0.156,0.156,100,0,Semper Resources Corp,0,0,0
20000314,49498,SRCRE',OTC,0.156,0.156,0,0,Semper Resources Corp,0,0,0
20000315,49498,SRCRE',OTC,0.156,0.156,0,0,Semper Resources Corp,0,0,0
20000316,49498,SRCRE',OTC,0.25,0.25,350,0,Semper Resources Corp,0,0,0
20000317,49498,SRCRE',OTC,0.25,0.25,0,0,Semper Resources Corp,0,0,0
20000320,49498,SRCRE',OTC,0.187,0.187,50,0,Semper Resources Corp,0,0,0
20000321,49498,SRCRE',OTC,0.187,0.187,0,0,Semper Resources Corp,0,0,0
20000322,49498,SRCRE',OTC,0.187,0.187,0,0,Semper Resources Corp,0,0,0
20000323,49498,SRCRE',OTC,0.187,0.187,0,0,Semper Resources Corp,0,0,0
20000324,49498,SRCRE',OTC,0.187,0.187,0,0,Semper Resources Corp,0,0,0
20000327,49498,SRCRE',OTC,0.187,0.187,0,0,Semper Resources Corp,0,0,0
20000328,49498,SRCRE',OTC,0.187,0.187,0,0,Semper Resources Corp,0,0,0
20000329,49498,SRCRE',OTC,0.187,0.187,0,0,Semper Resources Corp,0,0,0
20000330,49498,SRCRE',OTC,0.187,0.187,0,0,Semper Resources Corp,0,0,0
20000331,49498,SRCRE',OTC,0.187,0.187,0,0,Semper Resources Corp,0,0,0
20000403,49498,SRCRE',OTC,0.187,0.187,0,0,Semper Resources Corp,0,0,0
20000404,49498,SRCRE',OTC,0.187,0.187,0,0,Semper Resources Corp,0,0,0
20000405,49498,SRCRE',OTC,0.187,0.187,0,0,Semper Resources Corp,0,0,0
20000406,49498,SRCRE',OTC,0.187,0.187,0,0,Semper Resources Corp,0,0,0
20000407,49498,SRCRE',OTC,0.187,0.187,0,0,Semper Resources Corp,0,0,0
20000410,49498,SRCRE',OTC,0.187,0.187,0,0,Semper Resources Corp,0,0,0
20000411,49498,SRCRE',OTC,0.187,0.187,0,0,Semper Resources Corp,0,0,0
20000412,49498,SRCRE',OTC,0.187,0.187,0,0,Semper Resources Corp,0,0,0
20000413,49498,SRCRE',OTC,0.187,0.187,0,0,Semper Resources Corp,0,0,0
20000414,49498,SRCRE',OTC,0.187,0.187,0,0,Semper Resources Corp,0,0,0
20000417,49498,SRCRE',OTC,0.187,0.187,0,0,Semper Resources Corp,0,0,0
20000418,49498,SRCRE',OTC,0.187,0.187,0,0,Semper Resources Corp,0,0,0
20000419,49498,SRCRE',OTC,0.187,0.187,0,0,Semper Resources Corp,0,0,0
20000420,49498,SRCRE',OTC,0.187,0.187,0,0,Semper Resources Corp,0,0,0
20000424,49498,SRCRE',OTC,0.187,0.187,0,0,Semper Resources Corp,0,0,0
20000425,49498,SRCRE',OTC,0.187,0.187,0,0,Semper Resources Corp,0,0,0
20000426,49498,SRCRE',OTC,0.437,0.437,6,0,Semper Resources Corp,0,0,0
20000427,49498,SRCRE',OTC,0.437,0.437,5,0,Semper Resources Corp,0,0,0
20000428,49498,SRCRE',OTC,0.437,0.437,0,0,Semper Resources Corp,0,0,0
20000501,49498,SRCRE',OTC,0.437,0.437,0,0,Semper Resources Corp,0,0,0
20000502,49498,SRCRE',OTC,0.437,0.437,0,0,Semper Resources Corp,0,0,0
20000503,49498,SRCRE',OTC,0.437,0.437,0,0,Semper Resources Corp,0,0,0
20000504,49498,SRCRE',OTC,0.437,0.437,0,0,Semper Resources Corp,0,0,0
20000505,49498,SRCRE',OTC,0.437,0.437,0,0,Semper Resources Corp,0,0,0
20000508,49498,SRCRE',OTC,0.437,0.437,0,0,Semper Resources Corp,0,0,0
20000509,49498,SRCRE',OTC,0.437,0.437,0,0,Semper Resources Corp,0,0,0
20000510,49498,SRCRE',OTC,0.437,0.437,0,0,Semper Resources Corp,0,0,0
20000511,49498,SRCRE',OTC,0.437,0.437,0,0,Semper Resources Corp,0,0,0
20000512,49498,SRCRE',OTC,0.437,0.437,0,0,Semper Resources Corp,0,0,0
20000515,49498,SRCRE',OTC,0.437,0.437,0,0,Semper Resources Corp,0,0,0
20000516,49498,SRCRE',OTC,0.093,0.093,30,0,Semper Resources Corp,0,0,0
20000517,49498,SRCRE',OTC,0.093,0.093,0,0,Semper Resources Corp,0,0,0
20000518,49498,SRCRE',OTC,0.093,0.093,0,0,Semper Resources Corp,0,0,0
20000519,49498,SRCRE',OTC,0.093,0.093,0,0,Semper Resources Corp,0,0,0
20000522,49498,SRCRE',OTC,0.093,0.093,0,0,Semper Resources Corp,0,0,0
20000523,49498,SRCRE',OTC,0.093,0.093,0,0,Semper Resources Corp,0,0,0
20000524,49498,SRCRE',OTC,0.093,0.093,0,0,Semper Resources Corp,0,0,0
20000525,49498,SRCRE',OTC,0.093,0.093,0,0,Semper Resources Corp,0,0,0
20000526,49498,SRCRE',OTC,0.093,0.093,0,0,Semper Resources Corp,0,0,0
20000530,49498,SRCRE',OTC,0.093,0.093,0,0,Semper Resources Corp,0,0,0
20000531,49498,SRCRE',OTC,0.093,0.093,0,0,Semper Resources Corp,0,0,0
20000601,49498,SRCRE',OTC,0.093,0.093,0,0,Semper Resources Corp,0,0,0
20000602,49498,SRCRE',OTC,0.093,0.093,0,0,Semper Resources Corp,0,0,0
20000605,49498,SRCRE',OTC,0.093,0.093,0,0,Semper Resources Corp,0,0,0
20000606,49498,SRCRE',OTC,0.093,0.093,0,0,Semper Resources Corp,0,0,0
20000607,49498,SRCRE',OTC,0.093,0.093,0,0,Semper Resources Corp,0,0,0
20000608,49498,SRCRE',OTC,0.093,0.093,0,0,Semper Resources Corp,0,0,0
20000609,49498,SRCRE',OTC,0.093,0.093,0,0,Semper Resources Corp,0,0,0
20000612,49498,SRCRE',OTC,0.093,0.093,0,0,Semper Resources Corp,0,0,0
20000613,49498,SRCRE',OTC,0.093,0.093,0,0,Semper Resources Corp,0,0,0
20000614,49498,SRCRE',OTC,0.093,0.093,0,0,Semper Resources Corp,0,0,0
20000615,49498,SRCRE',OTC,0.093,0.093,0,0,Semper Resources Corp,0,0,0
20000616,49498,SRCRE',OTC,0.093,0.093,0,0,Semper Resources Corp,0,0,0
20000619,49498,SRCRE',OTC,0.093,0.093,0,0,Semper Resources Corp,0,0,0
20000620,49498,SRCRE',OTC,0.093,0.093,0,0,Semper Resources Corp,0,0,0
20000621,49498,SRCRE',OTC,0.093,0.093,0,0,Semper Resources Corp,0,0,0
20000622,49498,SRCRE',OTC,0.093,0.093,0,0,Semper Resources Corp,0,0,0
20000623,49498,SRCRE',OTC,0.093,0.093,0,0,Semper Resources Corp,0,0,0
20000626,49498,SRCRE',OTC,0.093,0.093,0,0,Semper Resources Corp,0,0,0
20000627,49498,SRCRE',OTC,0.093,0.093,0,0,Semper Resources Corp,0,0,0
20000628,49498,SRCRE',OTC,0.093,0.093,0,0,Semper Resources Corp,0,0,0
20000629,49498,SRCRE',OTC,0.093,0.093,0,0,Semper Resources Corp,0,0,0
20000630,49498,SRCRE',OTC,0.093,0.093,0,0,Semper Resources Corp,0,0,0
20000703,49498,SRCRE',OTC,0.093,0.093,0,0,Semper Resources Corp,0,0,0
20000705,49498,SRCRE',OTC,0.093,0.093,0,0,Semper Resources Corp,0,0,0
20000706,49498,SRCRE',OTC,0.093,0.093,0,0,Semper Resources Corp,0,0,0
20000707,49498,SRCRE',OTC,0.44,0.44,210,0,Semper Resources Corp,0,0,0
20000710,49498,SRCRE',OTC,0.44,0.44,0,0,Semper Resources Corp,0,0,0
20000711,49498,SRCRE',OTC,0.44,0.44,0,0,Semper Resources Corp,0,0,0
20000712,49498,SRCRE',OTC,0.44,0.44,0,0,Semper Resources Corp,0,0,0
20000713,49498,SRCRE',OTC,0.44,0.44,0,0,Semper Resources Corp,0,0,0
20000714,49498,SRCRE',OTC,1,1,804,0,Semper Resources Corp,0,0,0
20000717,49498,SRCRE',OTC,1,1,657,0,Semper Resources Corp,0,0,0
20000718,49498,SRCRE',OTC,1.5,1.5,1264,0,Semper Resources Corp,0,0,0
20000719,49498,SRCRE',OTC,1,1,336,0,Semper Resources Corp,0,0,0
20000720,49498,SRCRE',OTC,1.125,1.125,38,0,Semper Resources Corp,0,0,0
20000721,49498,SRCRE',OTC,1.062,1.062,74,0,Semper Resources Corp,0,0,0
20000724,49498,SRCRE',OTC,1,1,224,0,Semper Resources Corp,0,0,0
20000725,49498,SRCRE',OTC,0.875,0.875,5,0,Semper Resources Corp,0,0,0
20000726,49498,SRCRE',OTC,1.5,1.5,462,0,Semper Resources Corp,0,0,0
20000727,49498,SRCRE',OTC,1.437,1.437,481,0,Semper Resources Corp,0,0,0
20000728,49498,SRCRE',OTC,1.062,1.062,541,0,Semper Resources Corp,0,0,0
20000731,49498,SRCRE',OTC,1.281,1.281,189,0,Semper Resources Corp,0,0,0
20000801,49498,SRCRE',OTC,1.187,1.187,450,0,Semper Resources Corp,0,0,0
20000802,49498,SRCRE',OTC,1.343,1.343,1456,0,Semper Resources Corp,0,0,0
20000803,49498,SRCRE',OTC,2,2,2183,0,Semper Resources Corp,0,0,0
20000804,49498,SRCRE',OTC,1.937,1.937,1013,0,Semper Resources Corp,0,0,0
20000807,49498,SRCRE',OTC,1.562,1.562,461,0,Semper Resources Corp,0,0,0
20000808,49498,SRCRE',OTC,1.5,1.5,581,0,Semper Resources Corp,0,0,0
20000809,49498,SRCRE',OTC,1.468,1.468,314,0,Semper Resources Corp,0,0,0
20000810,49498,SRCRE',OTC,1.375,1.375,377,0,Semper Resources Corp,0,0,0
20000811,49498,SRCRE',OTC,1.53,1.53,950,0,Semper Resources Corp,0,0,0
20000814,49498,SRCRE',OTC,1.937,1.937,1694,0,Semper Resources Corp,0,0,0
20000815,49498,SRCRE',OTC,1.687,1.687,830,0,Semper Resources Corp,0,0,0
20000816,49498,SRCRE',OTC,1.781,1.781,610,0,Semper Resources Corp,0,0,0
20000817,49498,SRCRE',OTC,1.49,1.49,276,0,Semper Resources Corp,0,0,0
20000818,49498,SRCRE',OTC,1.468,1.468,265,0,Semper Resources Corp,0,0,0
20000821,49498,SRCRE',OTC,1.531,1.531,528,0,Semper Resources Corp,0,0,0
20000822,49498,SRCRE',OTC,1.5,1.5,271,0,Semper Resources Corp,0,0,0
20000823,49498,SRCRE',OTC,1.437,1.437,694,0,Semper Resources Corp,0,0,0
20000824,49498,SRCRE',OTC,1.625,1.625,303,0,Semper Resources Corp,0,0,0
20000825,49498,SRCRE',OTC,1.687,1.687,552,0,Semper Resources Corp,0,0,0
20000828,49498,SRCRE',OTC,1.74,1.74,332,0,Semper Resources Corp,0,0,0
20000829,49498,SRCRE',OTC,1.531,1.531,312,0,Semper Resources Corp,0,0,0
20000830,49498,SRCRE',OTC,1.531,1.531,620,0,Semper Resources Corp,0,0,0
20000831,49498,SRCRE',OTC,1.375,1.375,412,0,Semper Resources Corp,0,0,0
20000901,49498,SRCRE',OTC,1.25,1.25,235,0,Semper Resources Corp,0,0,0
20000905,49498,SRCRE',OTC,1.218,1.218,152,0,Semper Resources Corp,0,0,0
20000906,49498,SRCRE',OTC,1.25,1.25,297,0,Semper Resources Corp,0,0,0
20000907,49498,SRCRE',OTC,1.156,1.156,906,0,Semper Resources Corp,0,0,0
20000908,49498,SRCRE',OTC,0.968,0.968,133,0,Semper Resources Corp,0,0,0
20000911,49498,SRCRE',OTC,0.968,0.968,130,0,Semper Resources Corp,0,0,0
20000912,49498,SRCRE',OTC,1,1,191,0,Semper Resources Corp,0,0,0
20000913,49498,SRCRE',OTC,0.906,0.906,134,0,Semper Resources Corp,0,0,0
20000914,49498,SRCRE',OTC,1.375,1.375,282,0,Semper Resources Corp,0,0,0
20000915,49498,SRCRE',OTC,1.156,1.156,273,0,Semper Resources Corp,0,0,0
20000918,49498,SRCRE',OTC,1.125,1.125,241,0,Semper Resources Corp,0,0,0
20000919,49498,SRCRE',OTC,1.062,1.062,47,0,Semper Resources Corp,0,0,0
20000920,49498,SRCRE',OTC,1,1,44,0,Semper Resources Corp,0,0,0
20000921,49498,SRCRE',OTC,0.968,0.968,267,0,Semper Resources Corp,0,0,0
20000922,49498,SRCRE',OTC,0.687,0.687,872,0,Semper Resources Corp,0,0,0
20000925,49498,SRCRE',OTC,0.6,0.6,69,0,Semper Resources Corp,0,0,0
20000926,49498,SRCRE',OTC,0.687,0.687,17,0,Semper Resources Corp,0,0,0
20000927,49498,SRCRE',OTC,0.5,0.5,568,0,Semper Resources Corp,0,0,0
20000928,49498,SRCRE',OTC,0.437,0.437,80,0,Semper Resources Corp,0,0,0
20000929,49498,SRCRE',OTC,0.48,0.48,157,0,Semper Resources Corp,0,0,0
20001002,49498,SRCRE',OTC,0.562,0.562,789,0,Semper Resources Corp,0,0,0
20001003,49498,SRCRE',OTC,0.593,0.593,541,0,Semper Resources Corp,0,0,0
20001004,49498,SRCRE',OTC,0.562,0.562,271,0,Semper Resources Corp,0,0,0
20001005,49498,SRCRE',OTC,0.468,0.468,705,0,Semper Resources Corp,0,0,0
20001006,49498,SRCRE',OTC,0.437,0.437,7,0,Semper Resources Corp,0,0,0
20001009,49498,SRCRE',OTC,0.437,0.437,28,0,Semper Resources Corp,0,0,0
20001010,49498,SRCRE',OTC,0.41,0.41,193,0,Semper Resources Corp,0,0,0
20001011,49498,SRCRE',OTC,0.406,0.406,123,0,Semper Resources Corp,0,0,0
20001012,49498,SRCRE',OTC,0.343,0.343,330,0,Semper Resources Corp,0,0,0
20001013,49498,SRCRE',OTC,0.437,0.437,20,0,Semper Resources Corp,0,0,0
20001016,49498,SRCRE',OTC,0.437,0.437,0,0,Semper Resources Corp,0,0,0
20001017,49498,SRCRE',OTC,0.437,0.437,0,0,Semper Resources Corp,0,0,0
20001018,49498,SRCRE',OTC,0.375,0.375,140,0,Semper Resources Corp,0,0,0
20001019,49498,SRCRE',OTC,0.375,0.375,0,0,Semper Resources Corp,0,0,0
20001020,49498,SRCRE',OTC,0.25,0.25,25,0,Semper Resources Corp,0,0,0
20001023,49498,SRCRE',OTC,0.25,0.25,27,0,Semper Resources Corp,0,0,0
20001024,49498,SRCRE',OTC,0.25,0.25,153,0,Semper Resources Corp,0,0,0
20001025,49498,SRCRE',OTC,0.5,0.5,18,0,Semper Resources Corp,0,0,0
20001026,49498,SRCRE',OTC,0.35,0.35,10,0,Semper Resources Corp,0,0,0
20001027,49498,SRCRE',OTC,0.35,0.35,0,0,Semper Resources Corp,0,0,0
20001030,49498,SRCRE',OTC,0.35,0.35,0,0,Semper Resources Corp,0,0,0
20001031,49498,SRCRE',OTC,0.25,0.25,379,0,Semper Resources Corp,0,0,0
20001101,49498,SRCRE',OTC,0.375,0.375,31,0,Semper Resources Corp,0,0,0
20001102,49498,SRCRE',OTC,0.25,0.25,241,0,Semper Resources Corp,0,0,0
20001103,49498,SRCRE',OTC,0.5,0.5,130,0,Semper Resources Corp,0,0,0
20001106,49498,SRCRE',OTC,0.5,0.5,0,0,Semper Resources Corp,0,0,0
20001107,49498,SRCRE',OTC,0.25,0.25,5,0,Semper Resources Corp,0,0,0
20001108,49498,SRCRE',OTC,0.25,0.25,0,0,Semper Resources Corp,0,0,0
20001109,49498,SRCRE',OTC,0.5,0.5,63,0,Semper Resources Corp,0,0,0
20001110,49498,SRCRE',OTC,0.25,0.25,14,0,Semper Resources Corp,0,0,0
20001113,49498,SRCRE',OTC,0.25,0.25,5,0,Semper Resources Corp,0,0,0
20001114,49498,SRCRE',OTC,0.25,0.25,12,0,Semper Resources Corp,0,0,0
20001115,49498,SRCRE',OTC,0.27,0.27,42,0,Semper Resources Corp,0,0,0
20001116,49498,SRCRE',OTC,0.27,0.27,0,0,Semper Resources Corp,0,0,0
20001117,49498,SRCRE',OTC,0.27,0.27,0,0,Semper Resources Corp,0,0,0
20001120,49498,SRCRE',OTC,0.27,0.27,0,0,Semper Resources Corp,0,0,0
20001121,49498,SRCRE',OTC,0.281,0.281,25,0,Semper Resources Corp,0,0,0
20001122,49498,SRCRE',OTC,0.281,0.281,0,0,Semper Resources Corp,0,0,0
20001124,49498,SRCRE',OTC,0.281,0.281,0,0,Semper Resources Corp,0,0,0
20001127,49498,SRCRE',OTC,0.281,0.281,0,0,Semper Resources Corp,0,0,0
20001128,49498,SRCRE',OTC,0.27,0.27,34,0,Semper Resources Corp,0,0,0
20001129,49498,SRCRE',OTC,0.218,0.218,352,0,Semper Resources Corp,0,0,0
20001130,49498,SRCRE',OTC,0.218,0.218,0,0,Semper Resources Corp,0,0,0
20001201,49498,SRCRE',OTC,0.218,0.218,0,0,Semper Resources Corp,0,0,0
20001204,49498,SRCRE',OTC,0.281,0.281,60,0,Semper Resources Corp,0,0,0
20001205,49498,SRCRE',OTC,0.281,0.281,0,0,Semper Resources Corp,0,0,0
20001206,49498,SRCRE',OTC,0.22,0.22,3,0,Semper Resources Corp,0,0,0
20001207,49498,SRCRE',OTC,0.25,0.25,151,0,Semper Resources Corp,0,0,0
20001208,49498,SRCRE',OTC,0.25,0.25,20,0,Semper Resources Corp,0,0,0
20001211,49498,SRCRE',OTC,0.16,0.16,30,0,Semper Resources Corp,0,0,0
20001212,49498,SRCRE',OTC,0.24,0.24,40,0,Semper Resources Corp,0,0,0
20001213,49498,SRCRE',OTC,0.24,0.24,0,0,Semper Resources Corp,0,0,0
20001214,49498,SRCRE',OTC,0.25,0.25,60,0,Semper Resources Corp,0,0,0
20001215,49498,SRCRE',OTC,0.25,0.25,0,0,Semper Resources Corp,0,0,0
20001218,49498,SRCRE',OTC,0.16,0.16,58,0,Semper Resources Corp,0,0,0
20001219,49498,SRCRE',OTC,0.25,0.25,35,0,Semper Resources Corp,0,0,0
20001220,49498,SRCRE',OTC,0.281,0.281,15,0,Semper Resources Corp,0,0,0
20001221,49498,SRCRE',OTC,0.156,0.156,10,0,Semper Resources Corp,0,0,0
20001222,49498,SRCRE',OTC,0.156,0.156,20,0,Semper Resources Corp,0,0,0
20001226,49498,SRCRE',OTC,0.156,0.156,0,0,Semper Resources Corp,0,0,0
20001227,49498,SRCRE',OTC,0.156,0.156,32,0,Semper Resources Corp,0,0,0
20001228,49498,SRCRE',OTC,0.156,0.156,10,0,Semper Resources Corp,0,0,0
20001229,49498,SRCRE',OTC,0.156,0.156,60,0,Semper Resources Corp,0,0,0
20010102,49498,SRCRE',OTC,0.156,0.156,0,0,Semper Resources Corp,0,0,0
20010103,49498,SRCRE',OTC,0.156,0.156,0,0,Semper Resources Corp,0,0,0
20010104,49498,SRCRE',OTC,0.156,0.156,0,0,Semper Resources Corp,0,0,0
20010105,49498,SRCRE',OTC,0.156,0.156,0,0,Semper Resources Corp,0,0,0
20010108,49498,SRCRE',OTC,0.156,0.156,0,0,Semper Resources Corp,0,0,0
20010109,49498,SRCRE',OTC,0.156,0.156,0,0,Semper Resources Corp,0,0,0
20010110,49498,SRCRE',OTC,0.156,0.156,0,0,Semper Resources Corp,0,0,0
20010111,49498,SRCRE',OTC,0.156,0.156,0,0,Semper Resources Corp,0,0,0
20010112,49498,SRCRE',OTC,0.156,0.156,0,0,Semper Resources Corp,0,0,0
20010116,49498,SRCRE',OTC,0.156,0.156,41,0,Semper Resources Corp,0,0,0
20010117,49498,SRCRE',OTC,0.281,0.281,330,0,Semper Resources Corp,0,0,0
20010118,49498,SRCRE',OTC,0.2,0.2,73,0,Semper Resources Corp,0,0,0
20010119,49498,SRCRE',OTC,0.2,0.2,0,0,Semper Resources Corp,0,0,0
20010122,49498,SRCRE',OTC,0.25,0.25,30,0,Semper Resources Corp,0,0,0
20010123,49498,SRCRE',OTC,0.25,0.25,0,0,Semper Resources Corp,0,0,0
20010124,49498,SRCRE',OTC,0.156,0.156,7,0,Semper Resources Corp,0,0,0
20010125,49498,SRCRE',OTC,0.218,0.218,100,0,Semper Resources Corp,0,0,0
20010126,49498,SRCRE',OTC,0.218,0.218,0,0,Semper Resources Corp,0,0,0
20010129,49498,SRCRE',OTC,0.25,0.25,425,0,Semper Resources Corp,0,0,0
20010130,49498,SRCRE',OTC,0.156,0.156,50,0,Semper Resources Corp,0,0,0
20010131,49498,SRCRE',OTC,0.218,0.218,180,0,Semper Resources Corp,0,0,0
20010201,49498,SRCRE',OTC,0.218,0.218,0,0,Semper Resources Corp,0,0,0
20010202,49498,SRCRE',OTC,0.187,0.187,70,0,Semper Resources Corp,0,0,0
20010205,49498,SRCRE',OTC,0.187,0.187,95,0,Semper Resources Corp,0,0,0
20010206,49498,SRCRE',OTC,0.187,0.187,0,0,Semper Resources Corp,0,0,0
20010207,49498,SRCRE',OTC,0.187,0.187,0,0,Semper Resources Corp,0,0,0
20010208,49498,SRCRE',OTC,0.187,0.187,223,0,Semper Resources Corp,0,0,0
20010209,49498,SRCRE',OTC,0.156,0.156,50,0,Semper Resources Corp,0,0,0
20010212,49498,SRCRE',OTC,0.156,0.156,0,0,Semper Resources Corp,0,0,0
20010213,49498,SRCRE',OTC,0.156,0.156,0,0,Semper Resources Corp,0,0,0
20010214,49498,SRCRE',OTC,0.156,0.156,0,0,Semper Resources Corp,0,0,0
20010215,49498,SRCRE',OTC,0.187,0.187,123,0,Semper Resources Corp,0,0,0
20010216,49498,SRCRE',OTC,0.187,0.187,0,0,Semper Resources Corp,0,0,0
20010220,49498,SRCRE',OTC,0.125,0.125,30,0,Semper Resources Corp,0,0,0
20010221,49498,SRCRE',OTC,0.125,0.125,10,0,Semper Resources Corp,0,0,0
20010222,49498,SRCRE',OTC,0.125,0.125,0,0,Semper Resources Corp,0,0,0
20010223,49498,SRCRE',OTC,0.125,0.125,121,0,Semper Resources Corp,0,0,0
20010226,49498,SRCRE',OTC,0.19,0.19,300,0,Semper Resources Corp,0,0,0
20010227,49498,SRCRE',OTC,0.125,0.125,7,0,Semper Resources Corp,0,0,0
20010228,49498,SRCRE',OTC,0.125,0.125,0,0,Semper Resources Corp,0,0,0
20010301,49498,SRCRE',OTC,0.125,0.125,0,0,Semper Resources Corp,0,0,0
20010302,49498,SRCRE',OTC,0.125,0.125,0,0,Semper Resources Corp,0,0,0
20010305,49498,SRCRE',OTC,0.125,0.125,27,0,Semper Resources Corp,0,0,0
20010306,49498,SRCRE',OTC,0.125,0.125,0,0,Semper Resources Corp,0,0,0
20010307,49498,SRCRE',OTC,0.125,0.125,47,0,Semper Resources Corp,0,0,0
20010308,49498,SRCRE',OTC,0.125,0.125,0,0,Semper Resources Corp,0,0,0
20010309,49498,SRCRE',OTC,0.125,0.125,0,0,Semper Resources Corp,0,0,0
20010312,49498,SRCRE',OTC,0.187,0.187,140,0,Semper Resources Corp,0,0,0
20010313,49498,SRCRE',OTC,0.187,0.187,0,0,Semper Resources Corp,0,0,0
20010314,49498,SRCRE',OTC,0.187,0.187,0,0,Semper Resources Corp,0,0,0
20010315,49498,SRCRE',OTC,0.187,0.187,0,0,Semper Resources Corp,0,0,0
20010316,49498,SRCRE',OTC,0.187,0.187,0,0,Semper Resources Corp,0,0,0
20010319,49498,SRCRE',OTC,0.187,0.187,0,0,Semper Resources Corp,0,0,0
20010320,49498,SRCRE',OTC,0.11,0.11,199,0,Semper Resources Corp,0,0,0
20010321,49498,SRCRE',OTC,0.11,0.11,24,0,Semper Resources Corp,0,0,0
20010322,49498,SRCRE',OTC,0.11,0.11,0,0,Semper Resources Corp,0,0,0
20010323,49498,SRCRE',OTC,0.11,0.11,27,0,Semper Resources Corp,0,0,0
20010326,49498,SRCRE',OTC,0.11,0.11,0,0,Semper Resources Corp,0,0,0
20010327,49498,SRCRE',OTC,0.1,0.1,5,0,Semper Resources Corp,0,0,0
20010328,49498,SRCRE',OTC,0.1,0.1,0,0,Semper Resources Corp,0,0,0
20010329,49498,SRCRE',OTC,0.1,0.1,0,0,Semper Resources Corp,0,0,0
20010330,49498,SRCRE',OTC,0.1,0.1,0,0,Semper Resources Corp,0,0,0
20010402,49498,SRCRE',OTC,0.1,0.1,0,0,Semper Resources Corp,0,0,0
20010403,49498,SRCRE',OTC,0.11,0.11,155,0,Semper Resources Corp,0,0,0
20010404,49498,SRCRE',OTC,0.1,0.1,6,0,Semper Resources Corp,0,0,0
20010405,49498,SRCRE',OTC,0.1,0.1,0,0,Semper Resources Corp,0,0,0
20010406,49498,SRCRE',OTC,0.1,0.1,50,0,Semper Resources Corp,0,0,0
20010409,49498,SRCRE',OTC,0.1,0.1,0,0,Semper Resources Corp,0,0,0
20010410,49498,SRCRE',OTC,0.1,0.1,0,0,Semper Resources Corp,0,0,0
20010411,49498,SRCRE',OTC,0.11,0.11,20,0,Semper Resources Corp,0,0,0
20010412,49498,SRCRE',OTC,0.11,0.11,0,0,Semper Resources Corp,0,0,0
20010416,49498,SRCRE',OTC,0.11,0.11,100,0,Semper Resources Corp,0,0,0
20010417,49498,SRCRE',OTC,0.15,0.15,10,0,Semper Resources Corp,0,0,0
20010418,49498,SRCRE',OTC,0.15,0.15,0,0,Semper Resources Corp,0,0,0
20010419,49498,SRCRE',OTC,0.15,0.15,0,0,Semper Resources Corp,0,0,0
20010420,49498,SRCRE',OTC,0.15,0.15,0,0,Semper Resources Corp,0,0,0
20010423,49498,SRCRE',OTC,0.15,0.15,0,0,Semper Resources Corp,0,0,0
20010424,49498,SRCRE',OTC,0.15,0.15,0,0,Semper Resources Corp,0,0,0
20010425,49498,SRCRE',OTC,0.1,0.1,57,0,Semper Resources Corp,0,0,0
20010426,49498,SRCRE',OTC,0.1,0.1,0,0,Semper Resources Corp,0,0,0
20010427,49498,SRCRE',OTC,0.05,0.05,10,0,Semper Resources Corp,0,0,0
20010430,49498,SRCRE',OTC,0.05,0.05,0,0,Semper Resources Corp,0,0,0
20010501,49498,SRCRE',OTC,0.05,0.05,0,0,Semper Resources Corp,0,0,0
20010502,49498,SRCRE',OTC,0.05,0.05,0,0,Semper Resources Corp,0,0,0
20010503,49498,SRCRE',OTC,0.05,0.05,0,0,Semper Resources Corp,0,0,0
20010504,49498,SRCRE',OTC,0.05,0.05,50,0,Semper Resources Corp,0,0,0
20010507,49498,SRCRE',OTC,0.05,0.05,0,0,Semper Resources Corp,0,0,0
20010508,49498,SRCRE',OTC,0.05,0.05,0,0,Semper Resources Corp,0,0,0
20010509,49498,SRCRE',OTC,0.05,0.05,0,0,Semper Resources Corp,0,0,0
20010510,49498,SRCRE',OTC,0.05,0.05,0,0,Semper Resources Corp,0,0,0
20010511,49498,SRCRE',OTC,0.05,0.05,0,0,Semper Resources Corp,0,0,0
20010514,49498,SRCRE',OTC,0.05,0.05,0,0,Semper Resources Corp,0,0,0
20010515,49498,SRCRE',OTC,0.05,0.05,0,0,Semper Resources Corp,0,0,0
20010516,49498,SRCRE',OTC,0.05,0.05,0,0,Semper Resources Corp,0,0,0
20010517,49498,SRCRE',OTC,0.13,0.13,207,0,Semper Resources Corp,0,0,0
20010518,49498,SRCRE',OTC,0.23,0.23,396,0,Semper Resources Corp,0,0,0
20010521,49498,SRCRE',OTC,0.23,0.23,0,0,Semper Resources Corp,0,0,0
20010522,49498,SRCRE',OTC,0.23,0.23,0,0,Semper Resources Corp,0,0,0
20010523,49498,SRCRE',OTC,0.23,0.23,0,0,Semper Resources Corp,0,0,0
20010524,49498,SRCRE',OTC,0.23,0.23,0,0,Semper Resources Corp,0,0,0
20010525,49498,SRCRE',OTC,0.18,0.18,50,0,Semper Resources Corp,0,0,0
20010529,49498,SRCRE',OTC,0.13,0.13,58,0,Semper Resources Corp,0,0,0
20010530,49498,SRCRE',OTC,0.13,0.13,120,0,Semper Resources Corp,0,0,0
20010531,49498,SRCRE',OTC,0.13,0.13,1,0,Semper Resources Corp,0,0,0
20010601,49498,SRCRE',OTC,0.13,0.13,0,0,Semper Resources Corp,0,0,0
20010604,49498,SRCRE',OTC,0.13,0.13,0,0,Semper Resources Corp,0,0,0
20010605,49498,SRCRE',OTC,0.13,0.13,0,0,Semper Resources Corp,0,0,0
20010606,49498,SRCRE',OTC,0.13,0.13,0,0,Semper Resources Corp,0,0,0
20010607,49498,SRCRE',OTC,0.13,0.13,43,0,Semper Resources Corp,0,0,0
20010608,49498,SRCRE',OTC,0.13,0.13,0,0,Semper Resources Corp,0,0,0
20010611,49498,SRCRE',OTC,0.13,0.13,0,0,Semper Resources Corp,0,0,0
20010612,49498,SRCRE',OTC,0.13,0.13,0,0,Semper Resources Corp,0,0,0
20010613,49498,SRCRE',OTC,0.13,0.13,22,0,Semper Resources Corp,0,0,0
20010614,49498,SRCRE',OTC,0.13,0.13,8,0,Semper Resources Corp,0,0,0
20010615,49498,SRCRE',OTC,0.13,0.13,0,0,Semper Resources Corp,0,0,0
20010618,49498,SRCRE',OTC,0.13,0.13,0,0,Semper Resources Corp,0,0,0
20010619,49498,SRCRE',OTC,0.13,0.13,0,0,Semper Resources Corp,0,0,0
20010620,49498,SRCRE',OTC,0.13,0.13,55,0,Semper Resources Corp,0,0,0
20010621,49498,SRCRE',OTC,0.13,0.13,0,0,Semper Resources Corp,0,0,0
20010622,49498,SRCRE',OTC,0.13,0.13,0,0,Semper Resources Corp,0,0,0
20010625,49498,SRCRE',OTC,0.13,0.13,0,0,Semper Resources Corp,0,0,0
20010626,49498,SRCRE',OTC,0.13,0.13,0,0,Semper Resources Corp,0,0,0
20010627,49498,SRCRE',OTC,0.13,0.13,0,0,Semper Resources Corp,0,0,0
20010628,49498,SRCRE',OTC,0.13,0.13,0,0,Semper Resources Corp,0,0,0
20010629,49498,SRCRE',OTC,0.13,0.13,0,0,Semper Resources Corp,0,0,0
20010702,49498,SRCRE',OTC,0.14,0.14,250,0,Semper Resources Corp,0,0,0
20010703,49498,SRCRE',OTC,0.14,0.14,0,0,Semper Resources Corp,0,0,0
20010705,49498,SRCRE',OTC,0.15,0.15,6,0,Semper Resources Corp,0,0,0
20010706,49498,SRCRE',OTC,0.15,0.15,26,0,Semper Resources Corp,0,0,0
20010709,49498,SRCRE',OTC,0.15,0.15,0,0,Semper Resources Corp,0,0,0
20010710,49498,SRCRE',OTC,0.15,0.15,0,0,Semper Resources Corp,0,0,0
20010711,49498,SRCRE',OTC,0.15,0.15,0,0,Semper Resources Corp,0,0,0
20010712,49498,SRCRE',OTC,0.15,0.15,0,0,Semper Resources Corp,0,0,0
20010713,49498,SRCRE',OTC,0.15,0.15,0,0,Semper Resources Corp,0,0,0
20010716,49498,SRCRE',OTC,0.15,0.15,0,0,Semper Resources Corp,0,0,0
20010717,49498,SRCRE',OTC,0.15,0.15,0,0,Semper Resources Corp,0,0,0
20010718,49498,SRCRE',OTC,0.15,0.15,0,0,Semper Resources Corp,0,0,0
20010719,49498,SRCRE',OTC,0.15,0.15,0,0,Semper Resources Corp,0,0,0
20010720,49498,SRCRE',OTC,0.15,0.15,0,0,Semper Resources Corp,0,0,0
20010723,49498,SRCRE',OTC,0.15,0.15,0,0,Semper Resources Corp,0,0,0
20010724,49498,SRCRE',OTC,0.15,0.15,0,0,Semper Resources Corp,0,0,0
20010725,49498,SRCRE',OTC,0.15,0.15,0,0,Semper Resources Corp,0,0,0
20010726,49498,SRCRE',OTC,0.15,0.15,0,0,Semper Resources Corp,0,0,0
20010727,49498,SRCRE',OTC,0.14,0.14,20,0,Semper Resources Corp,0,0,0
20010730,49498,SRCRE',OTC,0.13,0.13,150,0,Semper Resources Corp,0,0,0
20010731,49498,SRCRE',OTC,0.19,0.19,382,0,Semper Resources Corp,0,0,0
20010801,49498,SRCRE',OTC,0.19,0.19,0,0,Semper Resources Corp,0,0,0
20010802,49498,SRCRE',OTC,0.14,0.14,38,0,Semper Resources Corp,0,0,0
20010803,49498,SRCRE',OTC,0.14,0.14,0,0,Semper Resources Corp,0,0,0
20010806,49498,SRCRE',OTC,0.21,0.21,150,0,Semper Resources Corp,0,0,0
20010807,49498,SRCRE',OTC,0.16,0.16,1,0,Semper Resources Corp,0,0,0
20010808,49498,SRCRE',OTC,0.16,0.16,0,0,Semper Resources Corp,0,0,0
20010809,49498,SRCRE',OTC,0.21,0.21,20,0,Semper Resources Corp,0,0,0
20010810,49498,SRCRE',OTC,0.21,0.21,0,0,Semper Resources Corp,0,0,0
20010813,49498,SRCRE',OTC,0.21,0.21,0,0,Semper Resources Corp,0,0,0
20010814,49498,SRCRE',OTC,0.21,0.21,0,0,Semper Resources Corp,0,0,0
20010815,49498,SRCRE',OTC,0.21,0.21,0,0,Semper Resources Corp,0,0,0
20010816,49498,SRCRE',OTC,0.16,0.16,100,0,Semper Resources Corp,0,0,0
20010817,49498,SRCRE',OTC,0.16,0.16,0,0,Semper Resources Corp,0,0,0
20010820,49498,SRCRE',OTC,0.16,0.16,0,0,Semper Resources Corp,0,0,0
20010821,49498,SRCRE',OTC,0.16,0.16,0,0,Semper Resources Corp,0,0,0
20010822,49498,SRCRE',OTC,0.16,0.16,0,0,Semper Resources Corp,0,0,0
20010823,49498,SRCRE',OTC,0.16,0.16,0,0,Semper Resources Corp,0,0,0
20010824,49498,SRCRE',OTC,0.15,0.15,215,0,Semper Resources Corp,0,0,0
20010827,49498,SRCRE',OTC,0.15,0.15,0,0,Semper Resources Corp,0,0,0
20010828,49498,SRCRE',OTC,0.15,0.15,0,0,Semper Resources Corp,0,0,0
20010829,49498,SRCRE',OTC,0.15,0.15,0,0,Semper Resources Corp,0,0,0
20010830,49498,SRCRE',OTC,0.15,0.15,1,0,Semper Resources Corp,0,0,0
20010831,49498,SRCRE',OTC,0.15,0.15,0,0,Semper Resources Corp,0,0,0
20010904,49498,SRCRE',OTC,0.15,0.15,50,0,Semper Resources Corp,0,0,0
20010905,49498,SRCRE',OTC,0.15,0.15,0,0,Semper Resources Corp,0,0,0
20010906,49498,SRCRE',OTC,0.15,0.15,0,0,Semper Resources Corp,0,0,0
20010907,49498,SRCRE',OTC,0.15,0.15,0,0,Semper Resources Corp,0,0,0
20010910,49498,SRCRE',OTC,0.15,0.15,0,0,Semper Resources Corp,0,0,0
20010917,49498,SRCRE',OTC,0.15,0.15,0,0,Semper Resources Corp,0,0,0
20010918,49498,SRCRE',OTC,0.15,0.15,0,0,Semper Resources Corp,0,0,0
20010919,49498,SRCRE',OTC,0.15,0.15,0,0,Semper Resources Corp,0,0,0
20010920,49498,SRCRE',OTC,0.15,0.15,0,0,Semper Resources Corp,0,0,0
20010921,49498,SRCRE',OTC,0.15,0.15,0,0,Semper Resources Corp,0,0,0
20010924,49498,SRCRE',OTC,0.15,0.15,0,0,Semper Resources Corp,0,0,0
20010925,49498,SRCRE',OTC,0.15,0.15,0,0,Semper Resources Corp,0,0,0
20010926,49498,SRCRE',OTC,0.15,0.15,0,0,Semper Resources Corp,0,0,0
20010927,49498,SRCRE',OTC,0.15,0.15,0,0,Semper Resources Corp,0,0,0
20010928,49498,SRCRE',OTC,0.15,0.15,0,0,Semper Resources Corp,0,0,0
20011001,49498,SRCRE',OTC,0.15,0.15,0,0,Semper Resources Corp,0,0,0
20011002,49498,SRCRE',OTC,0.15,0.15,0,0,Semper Resources Corp,0,0,0
20011003,49498,SRCRE',OTC,0.15,0.15,0,0,Semper Resources Corp,0,0,0
20011004,49498,SRCRE',OTC,0.15,0.15,0,0,Semper Resources Corp,0,0,0
20011005,49498,SRCRE',OTC,0.15,0.15,0,0,Semper Resources Corp,0,0,0
20011008,49498,SRCRE',OTC,0.14,0.14,22,0,Semper Resources Corp,0,0,0
20011009,49498,SRCRE',OTC,0.14,0.14,0,0,Semper Resources Corp,0,0,0
20011010,49498,SRCRE',OTC,0.14,0.14,0,0,Semper Resources Corp,0,0,0
20011011,49498,SRCRE',OTC,0.14,0.14,0,0,Semper Resources Corp,0,0,0
20011012,49498,SRCRE',OTC,0.12,0.12,29,0,Semper Resources Corp,0,0,0
20011015,49498,SRCRE',OTC,0.12,0.12,0,0,Semper Resources Corp,0,0,0
20011016,49498,SRCRE',OTC,0.12,0.12,0,0,Semper Resources Corp,0,0,0
20011017,49498,SRCRE',OTC,0.12,0.12,40,0,Semper Resources Corp,0,0,0
20011018,49498,SRCRE',OTC,0.12,0.12,0,0,Semper Resources Corp,0,0,0
20011019,49498,SRCRE',OTC,0.12,0.12,0,0,Semper Resources Corp,0,0,0
20011022,49498,SRCRE',OTC,0.12,0.12,22,0,Semper Resources Corp,0,0,0
20011023,49498,SRCRE',OTC,0.12,0.12,0,0,Semper Resources Corp,0,0,0
20011024,49498,SRCRE',OTC,0.12,0.12,100,0,Semper Resources Corp,0,0,0
20011025,49498,SRCRE',OTC,0.12,0.12,0,0,Semper Resources Corp,0,0,0
20011026,49498,SRCRE',OTC,0.12,0.12,0,0,Semper Resources Corp,0,0,0
20011029,49498,SRCRE',OTC,0.12,0.12,0,0,Semper Resources Corp,0,0,0
20011030,49498,SRCRE',OTC,0.12,0.12,0,0,Semper Resources Corp,0,0,0
20011031,49498,SRCRE',OTC,0.12,0.12,0,0,Semper Resources Corp,0,0,0
20011101,49498,SRCRE',OTC,0.12,0.12,0,0,Semper Resources Corp,0,0,0
20011102,49498,SRCRE',OTC,0.12,0.12,0,0,Semper Resources Corp,0,0,0
20011105,49498,SRCRE',OTC,0.12,0.12,0,0,Semper Resources Corp,0,0,0
20011106,49498,SRCRE',OTC,0.12,0.12,0,0,Semper Resources Corp,0,0,0
20011107,49498,SRCRE',OTC,0.12,0.12,0,0,Semper Resources Corp,0,0,0
20011108,49498,SRCRE',OTC,0.12,0.12,0,0,Semper Resources Corp,0,0,0
20011109,49498,SRCRE',OTC,0.12,0.12,0,0,Semper Resources Corp,0,0,0
20011112,49498,SRCRE',OTC,0.12,0.12,0,0,Semper Resources Corp,0,0,0
20011113,49498,SRCRE',OTC,0.12,0.12,0,0,Semper Resources Corp,0,0,0
20011114,49498,SRCRE',OTC,0.12,0.12,0,0,Semper Resources Corp,0,0,0
20011115,49498,SRCRE',OTC,0.12,0.12,0,0,Semper Resources Corp,0,0,0
20011116,49498,SRCRE',OTC,0.12,0.12,0,0,Semper Resources Corp,0,0,0
20011119,49498,SRCRE',OTC,0.12,0.12,0,0,Semper Resources Corp,0,0,0
20011120,49498,SRCRE',OTC,0.12,0.12,0,0,Semper Resources Corp,0,0,0
20011121,49498,SRCRE',OTC,0.12,0.12,0,0,Semper Resources Corp,0,0,0
20011123,49498,SRCRE',OTC,0.12,0.12,0,0,Semper Resources Corp,0,0,0
20011126,49498,SRCRE',OTC,0.06,0.06,500,0,Semper Resources Corp,0,0,0
20011127,49498,SRCRE',OTC,0.05,0.05,17,0,Semper Resources Corp,0,0,0
20011128,49498,SRCRE',OTC,0.05,0.05,50,0,Semper Resources Corp,0,0,0
20011129,49498,SRCRE',OTC,0.05,0.05,0,0,Semper Resources Corp,0,0,0
20011130,49498,SRCRE',OTC,0.04,0.04,63,0,Semper Resources Corp,0,0,0
20011203,49498,SRCRE',OTC,0.04,0.04,0,0,Semper Resources Corp,0,0,0
20011204,49498,SRCRE',OTC,0.04,0.04,0,0,Semper Resources Corp,0,0,0
20011205,49498,SRCRE',OTC,0.04,0.04,0,0,Semper Resources Corp,0,0,0
20011206,49498,SRCRE',OTC,0.04,0.04,0,0,Semper Resources Corp,0,0,0
20011207,49498,SRCRE',OTC,0.04,0.04,0,0,Semper Resources Corp,0,0,0
20011210,49498,SRCRE',OTC,0.04,0.04,0,0,Semper Resources Corp,0,0,0
20011211,49498,SRCRE',OTC,0.04,0.04,0,0,Semper Resources Corp,0,0,0
20011212,49498,SRCRE',OTC,0.04,0.04,33,0,Semper Resources Corp,0,0,0
20011213,49498,SRCRE',OTC,0.04,0.04,20,0,Semper Resources Corp,0,0,0
20011214,49498,SRCRE',OTC,0.04,0.04,0,0,Semper Resources Corp,0,0,0
20011217,49498,SRCRE',OTC,0.04,0.04,45,0,Semper Resources Corp,0,0,0
20011218,49498,SRCRE',OTC,0.04,0.04,0,0,Semper Resources Corp,0,0,0
20011219,49498,SRCRE',OTC,0.04,0.04,0,0,Semper Resources Corp,0,0,0
20011220,49498,SRCRE',OTC,0.04,0.04,0,0,Semper Resources Corp,0,0,0
20011221,49498,SRCRE',OTC,0.03,0.03,164,0,Semper Resources Corp,0,0,0
20011224,49498,SRCRE',OTC,0.03,0.03,0,0,Semper Resources Corp,0,0,0
20011226,49498,SRCRE',OTC,0.021,0.021,17,0,Semper Resources Corp,0,0,0
20011227,49498,SRCRE',OTC,0.021,0.021,111,0,Semper Resources Corp,0,0,0
20011228,49498,SRCRE',OTC,0.021,0.021,85,0,Semper Resources Corp,0,0,0
