DDate,CSINumber,Symbol,Exchange,DClose,UnAdjustedClose,TotalVolume,Cash,MarketName,PTB,PSR,DPS
19970103,49554,UTDT',OTC,0.35,1.05,150,0,United Trading.com,0,0,0
19970106,49554,UTDT',OTC,0.35,1.05,0,0,United Trading.com,0,0,0
19970107,49554,UTDT',OTC,0.333333333,1,60,0,United Trading.com,0,0,0
19970108,49554,UTDT',OTC,0.333333333,1,0,0,United Trading.com,0,0,0
19970109,49554,UTDT',OTC,0.375,1.125,90,0,United Trading.com,0,0,0
19970110,49554,UTDT',OTC,0.25,0.75,12,0,United Trading.com,0,0,0
19970113,49554,UTDT',OTC,0.25,0.75,0,0,United Trading.com,0,0,0
19970114,49554,UTDT',OTC,0.25,0.75,0,0,United Trading.com,0,0,0
19970115,49554,UTDT',OTC,0.25,0.75,60,0,United Trading.com,0,0,0
19970116,49554,UTDT',OTC,0.25,0.75,0,0,United Trading.com,0,0,0
19970117,49554,UTDT',OTC,0.25,0.75,66,0,United Trading.com,0,0,0
19970120,49554,UTDT',OTC,0.25,0.75,0,0,United Trading.com,0,0,0
19970121,49554,UTDT',OTC,0.25,0.75,0,0,United Trading.com,0,0,0
19970122,49554,UTDT',OTC,0.25,0.75,0,0,United Trading.com,0,0,0
19970123,49554,UTDT',OTC,0.25,0.75,0,0,United Trading.com,0,0,0
19970124,49554,UTDT',OTC,0.5,1.5,3,0,United Trading.com,0,0,0
19970127,49554,UTDT',OTC,0.5,1.5,0,0,United Trading.com,0,0,0
19970128,49554,UTDT',OTC,0.5,1.5,0,0,United Trading.com,0,0,0
19970129,49554,UTDT',OTC,0.5,1.5,0,0,United Trading.com,0,0,0
19970130,49554,UTDT',OTC,0.5,1.5,0,0,United Trading.com,0,0,0
19970131,49554,UTDT',OTC,0.5,1.5,0,0,United Trading.com,0,0,0
19970203,49554,UTDT',OTC,0.166666667,0.5,195,0,United Trading.com,0,0,0
19970204,49554,UTDT',OTC,0.333333333,1,300,0,United Trading.com,0,0,0
19970205,49554,UTDT',OTC,0.333333333,1,0,0,United Trading.com,0,0,0
19970206,49554,UTDT',OTC,0.333333333,1,0,0,United Trading.com,0,0,0
19970207,49554,UTDT',OTC,0.333333333,1,0,0,United Trading.com,0,0,0
19970210,49554,UTDT',OTC,0.333333333,1,0,0,United Trading.com,0,0,0
19970211,49554,UTDT',OTC,0.333333333,1,0,0,United Trading.com,0,0,0
19970212,49554,UTDT',OTC,0.333333333,1,0,0,United Trading.com,0,0,0
19970213,49554,UTDT',OTC,0.333333333,1,0,0,United Trading.com,0,0,0
19970214,49554,UTDT',OTC,0.208333333,0.625,258,0,United Trading.com,0,0,0
19970218,49554,UTDT',OTC,0.25,0.75,36,0,United Trading.com,0,0,0
19970219,49554,UTDT',OTC,0.25,0.75,93,0,United Trading.com,0,0,0
19970220,49554,UTDT',OTC,0.25,0.75,0,0,United Trading.com,0,0,0
19970221,49554,UTDT',OTC,0.5,1.5,858,0,United Trading.com,0,0,0
19970224,49554,UTDT',OTC,0.5,1.5,183,0,United Trading.com,0,0,0
19970225,49554,UTDT',OTC,0.479333333,1.438,378,0,United Trading.com,0,0,0
19970226,49554,UTDT',OTC,0.562666667,1.688,36,0,United Trading.com,0,0,0
19970227,49554,UTDT',OTC,0.5,1.5,240,0,United Trading.com,0,0,0
19970228,49554,UTDT',OTC,0.5,1.5,9,0,United Trading.com,0,0,0
19970303,49554,UTDT',OTC,0.5,1.5,63,0,United Trading.com,0,0,0
19970304,49554,UTDT',OTC,0.521,1.563,96,0,United Trading.com,0,0,0
19970305,49554,UTDT',OTC,0.458333333,1.375,600,0,United Trading.com,0,0,0
19970306,49554,UTDT',OTC,0.458333333,1.375,0,0,United Trading.com,0,0,0
19970307,49554,UTDT',OTC,0.458333333,1.375,123,0,United Trading.com,0,0,0
19970310,49554,UTDT',OTC,0.458333333,1.375,6,0,United Trading.com,0,0,0
19970311,49554,UTDT',OTC,0.375,1.125,30,0,United Trading.com,0,0,0
19970312,49554,UTDT',OTC,0.458333333,1.375,6,0,United Trading.com,0,0,0
19970313,49554,UTDT',OTC,0.333333333,1,357,0,United Trading.com,0,0,0
19970314,49554,UTDT',OTC,0.333333333,1,0,0,United Trading.com,0,0,0
19970317,49554,UTDT',OTC,0.354,1.062,30,0,United Trading.com,0,0,0
19970318,49554,UTDT',OTC,0.354,1.062,0,0,United Trading.com,0,0,0
19970319,49554,UTDT',OTC,0.354,1.062,15,0,United Trading.com,0,0,0
19970320,49554,UTDT',OTC,0.354,1.062,0,0,United Trading.com,0,0,0
19970321,49554,UTDT',OTC,0.354,1.062,15,0,United Trading.com,0,0,0
19970324,49554,UTDT',OTC,0.354,1.062,0,0,United Trading.com,0,0,0
19970325,49554,UTDT',OTC,0.354,1.062,0,0,United Trading.com,0,0,0
19970326,49554,UTDT',OTC,0.395666667,1.187,54,0,United Trading.com,0,0,0
19970327,49554,UTDT',OTC,0.395666667,1.187,0,0,United Trading.com,0,0,0
19970331,49554,UTDT',OTC,0.375,1.125,120,0,United Trading.com,0,0,0
19970401,49554,UTDT',OTC,0.375,1.125,0,0,United Trading.com,0,0,0
19970402,49554,UTDT',OTC,0.395666667,1.187,6,0,United Trading.com,0,0,0
19970403,49554,UTDT',OTC,0.291666667,0.875,93,0,United Trading.com,0,0,0
19970404,49554,UTDT',OTC,0.270666667,0.812,30,0,United Trading.com,0,0,0
19970407,49554,UTDT',OTC,0.375,1.125,24,0,United Trading.com,0,0,0
19970408,49554,UTDT',OTC,0.375,1.125,0,0,United Trading.com,0,0,0
19970409,49554,UTDT',OTC,0.375,1.125,0,0,United Trading.com,0,0,0
19970410,49554,UTDT',OTC,0.375,1.125,0,0,United Trading.com,0,0,0
19970411,49554,UTDT',OTC,0.333333333,1,24,0,United Trading.com,0,0,0
19970414,49554,UTDT',OTC,0.333333333,1,0,0,United Trading.com,0,0,0
19970415,49554,UTDT',OTC,0.333333333,1,0,0,United Trading.com,0,0,0
19970416,49554,UTDT',OTC,0.333333333,1,0,0,United Trading.com,0,0,0
19970417,49554,UTDT',OTC,0.333333333,1,0,0,United Trading.com,0,0,0
19970418,49554,UTDT',OTC,0.375,1.125,15,0,United Trading.com,0,0,0
19970421,49554,UTDT',OTC,0.375,1.125,0,0,United Trading.com,0,0,0
19970422,49554,UTDT',OTC,0.291666667,0.875,36,0,United Trading.com,0,0,0
19970423,49554,UTDT',OTC,0.375,1.125,117,0,United Trading.com,0,0,0
19970424,49554,UTDT',OTC,0.229,0.687,135,0,United Trading.com,0,0,0
19970425,49554,UTDT',OTC,0.229,0.687,0,0,United Trading.com,0,0,0
19970428,49554,UTDT',OTC,0.229,0.687,0,0,United Trading.com,0,0,0
19970429,49554,UTDT',OTC,0.229,0.687,0,0,United Trading.com,0,0,0
19970430,49554,UTDT',OTC,0.375,1.125,6,0,United Trading.com,0,0,0
19970501,49554,UTDT',OTC,0.375,1.125,6,0,United Trading.com,0,0,0
19970502,49554,UTDT',OTC,0.375,1.125,30,0,United Trading.com,0,0,0
19970505,49554,UTDT',OTC,0.229,0.687,15,0,United Trading.com,0,0,0
19970506,49554,UTDT',OTC,0.229,0.687,0,0,United Trading.com,0,0,0
19970507,49554,UTDT',OTC,0.375,1.125,30,0,United Trading.com,0,0,0
19970508,49554,UTDT',OTC,0.375,1.125,0,0,United Trading.com,0,0,0
19970509,49554,UTDT',OTC,0.312333333,0.937,165,0,United Trading.com,0,0,0
19970512,49554,UTDT',OTC,0.312333333,0.937,0,0,United Trading.com,0,0,0
19970513,49554,UTDT',OTC,0.25,0.75,66,0,United Trading.com,0,0,0
19970514,49554,UTDT',OTC,0.25,0.75,30,0,United Trading.com,0,0,0
19970515,49554,UTDT',OTC,0.322666667,0.968,600,0,United Trading.com,0,0,0
19970516,49554,UTDT',OTC,0.333333333,1,600,0,United Trading.com,0,0,0
19970519,49554,UTDT',OTC,0.333333333,1,0,0,United Trading.com,0,0,0
19970520,49554,UTDT',OTC,0.333333333,1,192,0,United Trading.com,0,0,0
19970521,49554,UTDT',OTC,0.364333333,1.093,36,0,United Trading.com,0,0,0
19970522,49554,UTDT',OTC,0.333333333,1,60,0,United Trading.com,0,0,0
19970523,49554,UTDT',OTC,0.333333333,1,0,0,United Trading.com,0,0,0
19970527,49554,UTDT',OTC,0.333333333,1,0,0,United Trading.com,0,0,0
19970528,49554,UTDT',OTC,0.333333333,1,0,0,United Trading.com,0,0,0
19970529,49554,UTDT',OTC,0.333333333,1,0,0,United Trading.com,0,0,0
19970530,49554,UTDT',OTC,0.333333333,1,0,0,United Trading.com,0,0,0
19970602,49554,UTDT',OTC,0.333333333,1,0,0,United Trading.com,0,0,0
19970603,49554,UTDT',OTC,0.333333333,1,0,0,United Trading.com,0,0,0
19970604,49554,UTDT',OTC,0.270666667,0.812,63,0,United Trading.com,0,0,0
19970605,49554,UTDT',OTC,0.291666667,0.875,234,0,United Trading.com,0,0,0
19970606,49554,UTDT',OTC,0.270666667,0.812,75,0,United Trading.com,0,0,0
19970609,49554,UTDT',OTC,0.239333333,0.718,216,0,United Trading.com,0,0,0
19970610,49554,UTDT',OTC,0.229,0.687,18,0,United Trading.com,0,0,0
19970611,49554,UTDT',OTC,0.229,0.687,0,0,United Trading.com,0,0,0
19970612,49554,UTDT',OTC,0.229,0.687,0,0,United Trading.com,0,0,0
19970613,49554,UTDT',OTC,0.229,0.687,0,0,United Trading.com,0,0,0
19970616,49554,UTDT',OTC,0.229,0.687,0,0,United Trading.com,0,0,0
19970617,49554,UTDT',OTC,0.229,0.687,0,0,United Trading.com,0,0,0
19970618,49554,UTDT',OTC,0.229,0.687,0,0,United Trading.com,0,0,0
19970619,49554,UTDT',OTC,0.229,0.687,0,0,United Trading.com,0,0,0
19970620,49554,UTDT',OTC,0.229,0.687,0,0,United Trading.com,0,0,0
19970623,49554,UTDT',OTC,0.229,0.687,0,0,United Trading.com,0,0,0
19970624,49554,UTDT',OTC,0.229,0.687,0,0,United Trading.com,0,0,0
19970625,49554,UTDT',OTC,0.229,0.687,0,0,United Trading.com,0,0,0
19970626,49554,UTDT',OTC,0.229,0.687,0,0,United Trading.com,0,0,0
19970627,49554,UTDT',OTC,0.229,0.687,0,0,United Trading.com,0,0,0
19970630,49554,UTDT',OTC,0.177,0.531,75,0,United Trading.com,0,0,0
19970701,49554,UTDT',OTC,0.177,0.531,0,0,United Trading.com,0,0,0
19970702,49554,UTDT',OTC,0.177,0.531,0,0,United Trading.com,0,0,0
19970703,49554,UTDT',OTC,0.177,0.531,0,0,United Trading.com,0,0,0
19970707,49554,UTDT',OTC,0.177,0.531,0,0,United Trading.com,0,0,0
19970708,49554,UTDT',OTC,0.229,0.687,120,0,United Trading.com,0,0,0
19970709,49554,UTDT',OTC,0.229,0.687,0,0,United Trading.com,0,0,0
19970710,49554,UTDT',OTC,0.229,0.687,0,0,United Trading.com,0,0,0
19970711,49554,UTDT',OTC,0.229,0.687,0,0,United Trading.com,0,0,0
19970714,49554,UTDT',OTC,0.229,0.687,0,0,United Trading.com,0,0,0
19970715,49554,UTDT',OTC,0.229,0.687,0,0,United Trading.com,0,0,0
19970716,49554,UTDT',OTC,0.229,0.687,45,0,United Trading.com,0,0,0
19970717,49554,UTDT',OTC,0.166666667,0.5,9,0,United Trading.com,0,0,0
19970718,49554,UTDT',OTC,0.166666667,0.5,0,0,United Trading.com,0,0,0
19970721,49554,UTDT',OTC,0.166666667,0.5,0,0,United Trading.com,0,0,0
19970722,49554,UTDT',OTC,0.166666667,0.5,0,0,United Trading.com,0,0,0
19970723,49554,UTDT',OTC,0.166666667,0.5,0,0,United Trading.com,0,0,0
19970724,49554,UTDT',OTC,0.166666667,0.5,150,0,United Trading.com,0,0,0
19970725,49554,UTDT',OTC,0.166666667,0.5,0,0,United Trading.com,0,0,0
19970728,49554,UTDT',OTC,0.166666667,0.5,0,0,United Trading.com,0,0,0
19970729,49554,UTDT',OTC,0.166666667,0.5,198,0,United Trading.com,0,0,0
19970730,49554,UTDT',OTC,0.166666667,0.5,30,0,United Trading.com,0,0,0
19970731,49554,UTDT',OTC,0.166666667,0.5,0,0,United Trading.com,0,0,0
19970801,49554,UTDT',OTC,0.166666667,0.5,0,0,United Trading.com,0,0,0
19970804,49554,UTDT',OTC,0.166666667,0.5,0,0,United Trading.com,0,0,0
19970805,49554,UTDT',OTC,0.166666667,0.5,300,0,United Trading.com,0,0,0
19970806,49554,UTDT',OTC,0.145666667,0.437,231,0,United Trading.com,0,0,0
19970807,49554,UTDT',OTC,0.145666667,0.437,0,0,United Trading.com,0,0,0
19970808,49554,UTDT',OTC,0.145666667,0.437,0,0,United Trading.com,0,0,0
19970811,49554,UTDT',OTC,0.145666667,0.437,0,0,United Trading.com,0,0,0
19970812,49554,UTDT',OTC,0.145666667,0.437,0,0,United Trading.com,0,0,0
19970813,49554,UTDT',OTC,0.166666667,0.5,12,0,United Trading.com,0,0,0
19970814,49554,UTDT',OTC,0.166666667,0.5,0,0,United Trading.com,0,0,0
19970815,49554,UTDT',OTC,0.166666667,0.5,0,0,United Trading.com,0,0,0
19970818,49554,UTDT',OTC,0.166666667,0.5,0,0,United Trading.com,0,0,0
19970819,49554,UTDT',OTC,0.166666667,0.5,0,0,United Trading.com,0,0,0
19970820,49554,UTDT',OTC,0.166666667,0.5,0,0,United Trading.com,0,0,0
19970821,49554,UTDT',OTC,0.166666667,0.5,0,0,United Trading.com,0,0,0
19970822,49554,UTDT',OTC,0.062333333,0.187,3,0,United Trading.com,0,0,0
19970825,49554,UTDT',OTC,0.062333333,0.187,150,0,United Trading.com,0,0,0
19970826,49554,UTDT',OTC,0.062333333,0.187,0,0,United Trading.com,0,0,0
19970827,49554,UTDT',OTC,0.062333333,0.187,480,0,United Trading.com,0,0,0
19970828,49554,UTDT',OTC,0.083333333,0.25,600,0,United Trading.com,0,0,0
19970829,49554,UTDT',OTC,0.104,0.312,273,0,United Trading.com,0,0,0
19970902,49554,UTDT',OTC,0.104,0.312,78,0,United Trading.com,0,0,0
19970903,49554,UTDT',OTC,0.166666667,0.5,9,0,United Trading.com,0,0,0
19970904,49554,UTDT',OTC,0.166666667,0.5,0,0,United Trading.com,0,0,0
19970905,49554,UTDT',OTC,0.166666667,0.5,0,0,United Trading.com,0,0,0
19970908,49554,UTDT',OTC,0.166666667,0.5,144,0,United Trading.com,0,0,0
19970909,49554,UTDT',OTC,0.166666667,0.5,0,0,United Trading.com,0,0,0
19970910,49554,UTDT',OTC,0.166666667,0.5,0,0,United Trading.com,0,0,0
19970911,49554,UTDT',OTC,0.145666667,0.437,165,0,United Trading.com,0,0,0
19970912,49554,UTDT',OTC,0.145666667,0.437,0,0,United Trading.com,0,0,0
19970915,49554,UTDT',OTC,0.166666667,0.5,45,0,United Trading.com,0,0,0
19970916,49554,UTDT',OTC,0.083333333,0.25,6,0,United Trading.com,0,0,0
19970917,49554,UTDT',OTC,0.083333333,0.25,6,0,United Trading.com,0,0,0
19970918,49554,UTDT',OTC,0.083333333,0.25,0,0,United Trading.com,0,0,0
19970919,49554,UTDT',OTC,0.083333333,0.25,9,0,United Trading.com,0,0,0
19970922,49554,UTDT',OTC,0.083333333,0.25,0,0,United Trading.com,0,0,0
19970923,49554,UTDT',OTC,0.083333333,0.25,0,0,United Trading.com,0,0,0
19970924,49554,UTDT',OTC,0.083333333,0.25,0,0,United Trading.com,0,0,0
19970925,49554,UTDT',OTC,0.083333333,0.25,0,0,United Trading.com,0,0,0
19970926,49554,UTDT',OTC,0.083333333,0.25,0,0,United Trading.com,0,0,0
19970929,49554,UTDT',OTC,0.166666667,0.5,15,0,United Trading.com,0,0,0
19970930,49554,UTDT',OTC,0.166666667,0.5,0,0,United Trading.com,0,0,0
19971001,49554,UTDT',OTC,0.166666667,0.5,0,0,United Trading.com,0,0,0
19971002,49554,UTDT',OTC,0.166666667,0.5,0,0,United Trading.com,0,0,0
19971003,49554,UTDT',OTC,0.083333333,0.25,42,0,United Trading.com,0,0,0
19971006,49554,UTDT',OTC,0.083333333,0.25,0,0,United Trading.com,0,0,0
19971007,49554,UTDT',OTC,0.083333333,0.25,0,0,United Trading.com,0,0,0
19971008,49554,UTDT',OTC,0.083333333,0.25,0,0,United Trading.com,0,0,0
19971009,49554,UTDT',OTC,0.177,0.531,15,0,United Trading.com,0,0,0
19971010,49554,UTDT',OTC,0.177,0.531,0,0,United Trading.com,0,0,0
19971013,49554,UTDT',OTC,0.177,0.531,0,0,United Trading.com,0,0,0
19971014,49554,UTDT',OTC,0.177,0.531,0,0,United Trading.com,0,0,0
19971015,49554,UTDT',OTC,0.177,0.531,0,0,United Trading.com,0,0,0
19971016,49554,UTDT',OTC,0.083333333,0.25,600,0,United Trading.com,0,0,0
19971017,49554,UTDT',OTC,0.083333333,0.25,0,0,United Trading.com,0,0,0
19971020,49554,UTDT',OTC,0.083333333,0.25,0,0,United Trading.com,0,0,0
19971021,49554,UTDT',OTC,0.083333333,0.25,0,0,United Trading.com,0,0,0
19971022,49554,UTDT',OTC,0.083333333,0.25,0,0,United Trading.com,0,0,0
19971023,49554,UTDT',OTC,0.083333333,0.25,0,0,United Trading.com,0,0,0
19971024,49554,UTDT',OTC,0.083333333,0.25,0,0,United Trading.com,0,0,0
19971027,49554,UTDT',OTC,0.083333333,0.25,0,0,United Trading.com,0,0,0
19971028,49554,UTDT',OTC,0.083333333,0.25,0,0,United Trading.com,0,0,0
19971029,49554,UTDT',OTC,0.083333333,0.25,0,0,United Trading.com,0,0,0
19971030,49554,UTDT',OTC,0.083333333,0.25,0,0,United Trading.com,0,0,0
19971031,49554,UTDT',OTC,0.083333333,0.25,303,0,United Trading.com,0,0,0
19971103,49554,UTDT',OTC,0.083333333,0.25,0,0,United Trading.com,0,0,0
19971104,49554,UTDT',OTC,0.083333333,0.25,0,0,United Trading.com,0,0,0
19971105,49554,UTDT',OTC,0.083333333,0.25,0,0,United Trading.com,0,0,0
19971106,49554,UTDT',OTC,0.083333333,0.25,0,0,United Trading.com,0,0,0
19971107,49554,UTDT',OTC,0.083333333,0.25,0,0,United Trading.com,0,0,0
19971110,49554,UTDT',OTC,0.083333333,0.25,0,0,United Trading.com,0,0,0
19971111,49554,UTDT',OTC,0.125,0.375,180,0,United Trading.com,0,0,0
19971112,49554,UTDT',OTC,0.125,0.375,0,0,United Trading.com,0,0,0
19971113,49554,UTDT',OTC,0.125,0.375,0,0,United Trading.com,0,0,0
19971114,49554,UTDT',OTC,0.083333333,0.25,36,0,United Trading.com,0,0,0
19971117,49554,UTDT',OTC,0.083333333,0.25,0,0,United Trading.com,0,0,0
19971118,49554,UTDT',OTC,0.083333333,0.25,0,0,United Trading.com,0,0,0
19971119,49554,UTDT',OTC,0.083333333,0.25,0,0,United Trading.com,0,0,0
19971120,49554,UTDT',OTC,0.083333333,0.25,0,0,United Trading.com,0,0,0
19971121,49554,UTDT',OTC,0.083333333,0.25,0,0,United Trading.com,0,0,0
19971124,49554,UTDT',OTC,0.052,0.156,12,0,United Trading.com,0,0,0
19971125,49554,UTDT',OTC,0.052,0.156,0,0,United Trading.com,0,0,0
19971126,49554,UTDT',OTC,0.052,0.156,0,0,United Trading.com,0,0,0
19971128,49554,UTDT',OTC,0.052,0.156,18,0,United Trading.com,0,0,0
19971201,49554,UTDT',OTC,0.052,0.156,0,0,United Trading.com,0,0,0
19971202,49554,UTDT',OTC,0.125,0.375,36,0,United Trading.com,0,0,0
19971203,49554,UTDT',OTC,0.125,0.375,0,0,United Trading.com,0,0,0
19971204,49554,UTDT',OTC,0.125,0.375,0,0,United Trading.com,0,0,0
19971205,49554,UTDT',OTC,0.052,0.156,60,0,United Trading.com,0,0,0
19971208,49554,UTDT',OTC,0.052,0.156,60,0,United Trading.com,0,0,0
19971209,49554,UTDT',OTC,0.083333333,0.25,60,0,United Trading.com,0,0,0
19971210,49554,UTDT',OTC,0.083333333,0.25,0,0,United Trading.com,0,0,0
19971211,49554,UTDT',OTC,0.052,0.156,60,0,United Trading.com,0,0,0
19971212,49554,UTDT',OTC,0.052,0.156,0,0,United Trading.com,0,0,0
19971215,49554,UTDT',OTC,0.052,0.156,0,0,United Trading.com,0,0,0
19971216,49554,UTDT',OTC,0.052,0.156,0,0,United Trading.com,0,0,0
19971217,49554,UTDT',OTC,0.052,0.156,0,0,United Trading.com,0,0,0
19971218,49554,UTDT',OTC,0.052,0.156,0,0,United Trading.com,0,0,0
19971219,49554,UTDT',OTC,0.052,0.156,0,0,United Trading.com,0,0,0
19971222,49554,UTDT',OTC,0.052,0.156,0,0,United Trading.com,0,0,0
19971223,49554,UTDT',OTC,0.052,0.156,0,0,United Trading.com,0,0,0
19971224,49554,UTDT',OTC,0.052,0.156,0,0,United Trading.com,0,0,0
19971226,49554,UTDT',OTC,0.052,0.156,0,0,United Trading.com,0,0,0
19971229,49554,UTDT',OTC,0.052,0.156,0,0,United Trading.com,0,0,0
19971230,49554,UTDT',OTC,0.052,0.156,0,0,United Trading.com,0,0,0
19971231,49554,UTDT',OTC,0.052,0.156,0,0,United Trading.com,0,0,0
19980102,49554,UTDT',OTC,0.052,0.156,0,0,United Trading.com,0,0,0
19980105,49554,UTDT',OTC,0.052,0.156,0,0,United Trading.com,0,0,0
19980106,49554,UTDT',OTC,0.052,0.156,0,0,United Trading.com,0,0,0
19980107,49554,UTDT',OTC,0.052,0.156,3,0,United Trading.com,0,0,0
19980108,49554,UTDT',OTC,0.052,0.156,0,0,United Trading.com,0,0,0
19980109,49554,UTDT',OTC,0.052,0.156,0,0,United Trading.com,0,0,0
19980112,49554,UTDT',OTC,0.052,0.156,0,0,United Trading.com,0,0,0
19980113,49554,UTDT',OTC,0.052,0.156,0,0,United Trading.com,0,0,0
19980114,49554,UTDT',OTC,0.052,0.156,0,0,United Trading.com,0,0,0
19980115,49554,UTDT',OTC,0.052,0.156,0,0,United Trading.com,0,0,0
19980116,49554,UTDT',OTC,0.166666667,0.5,30,0,United Trading.com,0,0,0
19980120,49554,UTDT',OTC,0.166666667,0.5,0,0,United Trading.com,0,0,0
19980121,49554,UTDT',OTC,0.166666667,0.5,0,0,United Trading.com,0,0,0
19980122,49554,UTDT',OTC,0.166666667,0.5,0,0,United Trading.com,0,0,0
19980123,49554,UTDT',OTC,0.166666667,0.5,0,0,United Trading.com,0,0,0
19980126,49554,UTDT',OTC,0.166666667,0.5,0,0,United Trading.com,0,0,0
19980127,49554,UTDT',OTC,0.166666667,0.5,0,0,United Trading.com,0,0,0
19980128,49554,UTDT',OTC,0.166666667,0.5,0,0,United Trading.com,0,0,0
19980129,49554,UTDT',OTC,0.166666667,0.5,0,0,United Trading.com,0,0,0
19980130,49554,UTDT',OTC,0.166666667,0.5,0,0,United Trading.com,0,0,0
19980202,49554,UTDT',OTC,0.166666667,0.5,0,0,United Trading.com,0,0,0
19980203,49554,UTDT',OTC,0.166666667,0.5,0,0,United Trading.com,0,0,0
19980204,49554,UTDT',OTC,0.166666667,0.5,0,0,United Trading.com,0,0,0
19980205,49554,UTDT',OTC,0.166666667,0.5,0,0,United Trading.com,0,0,0
19980206,49554,UTDT',OTC,0.166666667,0.5,0,0,United Trading.com,0,0,0
19980209,49554,UTDT',OTC,0.166666667,0.5,0,0,United Trading.com,0,0,0
19980210,49554,UTDT',OTC,0.166666667,0.5,0,0,United Trading.com,0,0,0
19980211,49554,UTDT',OTC,0.166666667,0.5,0,0,United Trading.com,0,0,0
19980212,49554,UTDT',OTC,0.166666667,0.5,0,0,United Trading.com,0,0,0
19980213,49554,UTDT',OTC,0.166666667,0.5,0,0,United Trading.com,0,0,0
19980217,49554,UTDT',OTC,0.125,0.375,60,0,United Trading.com,0,0,0
19980218,49554,UTDT',OTC,0.125,0.375,0,0,United Trading.com,0,0,0
19980219,49554,UTDT',OTC,0.125,0.375,0,0,United Trading.com,0,0,0
19980220,49554,UTDT',OTC,0.052,0.156,30,0,United Trading.com,0,0,0
19980223,49554,UTDT',OTC,0.145666667,0.437,15,0,United Trading.com,0,0,0
19980224,49554,UTDT',OTC,0.145666667,0.437,0,0,United Trading.com,0,0,0
19980225,49554,UTDT',OTC,0.145666667,0.437,0,0,United Trading.com,0,0,0
19980226,49554,UTDT',OTC,0.145666667,0.437,0,0,United Trading.com,0,0,0
19980227,49554,UTDT',OTC,0.145666667,0.437,0,0,United Trading.com,0,0,0
19980302,49554,UTDT',OTC,0.145666667,0.437,0,0,United Trading.com,0,0,0
19980303,49554,UTDT',OTC,0.145666667,0.437,0,0,United Trading.com,0,0,0
19980304,49554,UTDT',OTC,0.145666667,0.437,0,0,United Trading.com,0,0,0
19980305,49554,UTDT',OTC,0.145666667,0.437,0,0,United Trading.com,0,0,0
19980306,49554,UTDT',OTC,0.145666667,0.437,0,0,United Trading.com,0,0,0
19980309,49554,UTDT',OTC,0.145666667,0.437,0,0,United Trading.com,0,0,0
19980310,49554,UTDT',OTC,0.145666667,0.437,0,0,United Trading.com,0,0,0
19980311,49554,UTDT',OTC,0.145666667,0.437,0,0,United Trading.com,0,0,0
19980312,49554,UTDT',OTC,0.145666667,0.437,0,0,United Trading.com,0,0,0
19980313,49554,UTDT',OTC,0.145666667,0.437,0,0,United Trading.com,0,0,0
19980316,49554,UTDT',OTC,0.062333333,0.187,6,0,United Trading.com,0,0,0
19980317,49554,UTDT',OTC,0.062333333,0.187,0,0,United Trading.com,0,0,0
19980318,49554,UTDT',OTC,0.062333333,0.187,0,0,United Trading.com,0,0,0
19980319,49554,UTDT',OTC,0.062333333,0.187,0,0,United Trading.com,0,0,0
19980320,49554,UTDT',OTC,0.062333333,0.187,0,0,United Trading.com,0,0,0
19980323,49554,UTDT',OTC,0.062333333,0.187,0,0,United Trading.com,0,0,0
19980324,49554,UTDT',OTC,0.062333333,0.187,0,0,United Trading.com,0,0,0
19980325,49554,UTDT',OTC,0.062333333,0.187,0,0,United Trading.com,0,0,0
19980326,49554,UTDT',OTC,0.062333333,0.187,0,0,United Trading.com,0,0,0
19980327,49554,UTDT',OTC,0.062333333,0.187,0,0,United Trading.com,0,0,0
19980330,49554,UTDT',OTC,0.062333333,0.187,0,0,United Trading.com,0,0,0
19980331,49554,UTDT',OTC,0.062333333,0.187,0,0,United Trading.com,0,0,0
19980401,49554,UTDT',OTC,0.062333333,0.187,0,0,United Trading.com,0,0,0
19980402,49554,UTDT',OTC,0.062333333,0.187,0,0,United Trading.com,0,0,0
19980403,49554,UTDT',OTC,0.062333333,0.187,0,0,United Trading.com,0,0,0
19980406,49554,UTDT',OTC,0.062333333,0.187,0,0,United Trading.com,0,0,0
19980407,49554,UTDT',OTC,0.062333333,0.187,0,0,United Trading.com,0,0,0
19980408,49554,UTDT',OTC,0.062333333,0.187,60,0,United Trading.com,0,0,0
19980409,49554,UTDT',OTC,0.062333333,0.187,0,0,United Trading.com,0,0,0
19980413,49554,UTDT',OTC,0.062333333,0.187,0,0,United Trading.com,0,0,0
19980414,49554,UTDT',OTC,0.062333333,0.187,0,0,United Trading.com,0,0,0
19980415,49554,UTDT',OTC,0.062333333,0.187,0,0,United Trading.com,0,0,0
19980416,49554,UTDT',OTC,0.062333333,0.187,9,0,United Trading.com,0,0,0
19980417,49554,UTDT',OTC,0.062333333,0.187,0,0,United Trading.com,0,0,0
19980420,49554,UTDT',OTC,0.062333333,0.187,0,0,United Trading.com,0,0,0
19980421,49554,UTDT',OTC,0.062333333,0.187,0,0,United Trading.com,0,0,0
19980422,49554,UTDT',OTC,0.062333333,0.187,0,0,United Trading.com,0,0,0
19980423,49554,UTDT',OTC,0.062333333,0.187,0,0,United Trading.com,0,0,0
19980424,49554,UTDT',OTC,0.062333333,0.187,0,0,United Trading.com,0,0,0
19980427,49554,UTDT',OTC,0.062333333,0.187,0,0,United Trading.com,0,0,0
19980428,49554,UTDT',OTC,0.062333333,0.187,0,0,United Trading.com,0,0,0
19980429,49554,UTDT',OTC,0.062333333,0.187,0,0,United Trading.com,0,0,0
19980430,49554,UTDT',OTC,0.062333333,0.187,0,0,United Trading.com,0,0,0
19980501,49554,UTDT',OTC,0.062333333,0.187,0,0,United Trading.com,0,0,0
19980504,49554,UTDT',OTC,0.062333333,0.187,0,0,United Trading.com,0,0,0
19980505,49554,UTDT',OTC,0.062333333,0.187,0,0,United Trading.com,0,0,0
19980506,49554,UTDT',OTC,0.062333333,0.187,0,0,United Trading.com,0,0,0
19980507,49554,UTDT',OTC,0.062333333,0.187,0,0,United Trading.com,0,0,0
19980508,49554,UTDT',OTC,0.062333333,0.187,0,0,United Trading.com,0,0,0
19980511,49554,UTDT',OTC,0.062333333,0.187,0,0,United Trading.com,0,0,0
19980512,49554,UTDT',OTC,0.062333333,0.187,0,0,United Trading.com,0,0,0
19980513,49554,UTDT',OTC,0.062333333,0.187,0,0,United Trading.com,0,0,0
19980514,49554,UTDT',OTC,0.062333333,0.187,0,0,United Trading.com,0,0,0
19980515,49554,UTDT',OTC,0.062333333,0.187,0,0,United Trading.com,0,0,0
19980518,49554,UTDT',OTC,0.062333333,0.187,0,0,United Trading.com,0,0,0
19980519,49554,UTDT',OTC,0.052,0.156,234,0,United Trading.com,0,0,0
19980520,49554,UTDT',OTC,0.052,0.156,0,0,United Trading.com,0,0,0
19980521,49554,UTDT',OTC,0.052,0.156,0,0,United Trading.com,0,0,0
19980522,49554,UTDT',OTC,0.052,0.156,0,0,United Trading.com,0,0,0
19980526,49554,UTDT',OTC,0.052,0.156,0,0,United Trading.com,0,0,0
19980527,49554,UTDT',OTC,0.052,0.156,27,0,United Trading.com,0,0,0
19980528,49554,UTDT',OTC,0.052,0.156,0,0,United Trading.com,0,0,0
19980529,49554,UTDT',OTC,0.052,0.156,0,0,United Trading.com,0,0,0
19980601,49554,UTDT',OTC,0.052,0.156,0,0,United Trading.com,0,0,0
19980602,49554,UTDT',OTC,0.052,0.156,0,0,United Trading.com,0,0,0
19980603,49554,UTDT',OTC,0.052,0.156,0,0,United Trading.com,0,0,0
19980604,49554,UTDT',OTC,0.052,0.156,0,0,United Trading.com,0,0,0
19980605,49554,UTDT',OTC,0.052,0.156,0,0,United Trading.com,0,0,0
19980608,49554,UTDT',OTC,0.052,0.156,9,0,United Trading.com,0,0,0
19980609,49554,UTDT',OTC,0.052,0.156,9,0,United Trading.com,0,0,0
19980610,49554,UTDT',OTC,0.052,0.156,0,0,United Trading.com,0,0,0
19980611,49554,UTDT',OTC,0.052,0.156,0,0,United Trading.com,0,0,0
19980612,49554,UTDT',OTC,0.052,0.156,0,0,United Trading.com,0,0,0
19980615,49554,UTDT',OTC,0.052,0.156,0,0,United Trading.com,0,0,0
19980616,49554,UTDT',OTC,0.052,0.156,0,0,United Trading.com,0,0,0
19980617,49554,UTDT',OTC,0.052,0.156,0,0,United Trading.com,0,0,0
19980618,49554,UTDT',OTC,0.052,0.156,0,0,United Trading.com,0,0,0
19980619,49554,UTDT',OTC,0.052,0.156,0,0,United Trading.com,0,0,0
19980622,49554,UTDT',OTC,0.052,0.156,0,0,United Trading.com,0,0,0
19980623,49554,UTDT',OTC,0.052,0.156,0,0,United Trading.com,0,0,0
19980624,49554,UTDT',OTC,0.052,0.156,0,0,United Trading.com,0,0,0
19980625,49554,UTDT',OTC,0.052,0.156,0,0,United Trading.com,0,0,0
19980626,49554,UTDT',OTC,0.052,0.156,0,0,United Trading.com,0,0,0
19980629,49554,UTDT',OTC,0.052,0.156,0,0,United Trading.com,0,0,0
19980630,49554,UTDT',OTC,0.052,0.156,0,0,United Trading.com,0,0,0
19980701,49554,UTDT',OTC,0.052,0.156,0,0,United Trading.com,0,0,0
19980702,49554,UTDT',OTC,0.052,0.156,0,0,United Trading.com,0,0,0
19980706,49554,UTDT',OTC,0.052,0.156,0,0,United Trading.com,0,0,0
19980707,49554,UTDT',OTC,0.052,0.156,0,0,United Trading.com,0,0,0
19980708,49554,UTDT',OTC,0.052,0.156,0,0,United Trading.com,0,0,0
19980709,49554,UTDT',OTC,0.052,0.156,0,0,United Trading.com,0,0,0
19980710,49554,UTDT',OTC,0.052,0.156,0,0,United Trading.com,0,0,0
19980713,49554,UTDT',OTC,0.052,0.156,0,0,United Trading.com,0,0,0
19980714,49554,UTDT',OTC,0.052,0.156,0,0,United Trading.com,0,0,0
19980715,49554,UTDT',OTC,0.052,0.156,0,0,United Trading.com,0,0,0
19980716,49554,UTDT',OTC,0.052,0.156,0,0,United Trading.com,0,0,0
19980717,49554,UTDT',OTC,0.052,0.156,0,0,United Trading.com,0,0,0
19980720,49554,UTDT',OTC,0.052,0.156,0,0,United Trading.com,0,0,0
19980721,49554,UTDT',OTC,0.052,0.156,0,0,United Trading.com,0,0,0
19980722,49554,UTDT',OTC,0.052,0.156,0,0,United Trading.com,0,0,0
19980723,49554,UTDT',OTC,0.052,0.156,0,0,United Trading.com,0,0,0
19980724,49554,UTDT',OTC,0.052,0.156,0,0,United Trading.com,0,0,0
19980727,49554,UTDT',OTC,0.052,0.156,0,0,United Trading.com,0,0,0
19980728,49554,UTDT',OTC,0.052,0.156,0,0,United Trading.com,0,0,0
19980729,49554,UTDT',OTC,0.052,0.156,0,0,United Trading.com,0,0,0
19980730,49554,UTDT',OTC,0.052,0.156,0,0,United Trading.com,0,0,0
19980731,49554,UTDT',OTC,0.052,0.156,0,0,United Trading.com,0,0,0
19980803,49554,UTDT',OTC,0.177,0.531,6,0,United Trading.com,0,0,0
19980804,49554,UTDT',OTC,0.177,0.531,0,0,United Trading.com,0,0,0
19980805,49554,UTDT',OTC,0.177,0.531,0,0,United Trading.com,0,0,0
19980806,49554,UTDT',OTC,0.177,0.531,0,0,United Trading.com,0,0,0
19980807,49554,UTDT',OTC,0.177,0.531,0,0,United Trading.com,0,0,0
19980810,49554,UTDT',OTC,0.177,0.531,0,0,United Trading.com,0,0,0
19980811,49554,UTDT',OTC,0.041666667,0.125,9,0,United Trading.com,0,0,0
19980812,49554,UTDT',OTC,0.041666667,0.125,0,0,United Trading.com,0,0,0
19980813,49554,UTDT',OTC,0.041666667,0.125,0,0,United Trading.com,0,0,0
19980814,49554,UTDT',OTC,0.041666667,0.125,0,0,United Trading.com,0,0,0
19980817,49554,UTDT',OTC,0.041666667,0.125,0,0,United Trading.com,0,0,0
19980818,49554,UTDT',OTC,0.041666667,0.125,0,0,United Trading.com,0,0,0
19980819,49554,UTDT',OTC,0.041666667,0.125,0,0,United Trading.com,0,0,0
19980820,49554,UTDT',OTC,0.041666667,0.125,0,0,United Trading.com,0,0,0
19980821,49554,UTDT',OTC,0.041666667,0.125,0,0,United Trading.com,0,0,0
19980824,49554,UTDT',OTC,0.041666667,0.125,0,0,United Trading.com,0,0,0
19980825,49554,UTDT',OTC,0.041666667,0.125,0,0,United Trading.com,0,0,0
19980826,49554,UTDT',OTC,0.041666667,0.125,0,0,United Trading.com,0,0,0
19980827,49554,UTDT',OTC,0.041666667,0.125,0,0,United Trading.com,0,0,0
19980828,49554,UTDT',OTC,0.041666667,0.125,0,0,United Trading.com,0,0,0
19980831,49554,UTDT',OTC,0.041666667,0.125,0,0,United Trading.com,0,0,0
19980901,49554,UTDT',OTC,0.041666667,0.125,0,0,United Trading.com,0,0,0
19980902,49554,UTDT',OTC,0.041666667,0.125,120,0,United Trading.com,0,0,0
19980903,49554,UTDT',OTC,0.041666667,0.125,0,0,United Trading.com,0,0,0
19980904,49554,UTDT',OTC,0.041666667,0.125,0,0,United Trading.com,0,0,0
19980908,49554,UTDT',OTC,0.041666667,0.125,0,0,United Trading.com,0,0,0
19980909,49554,UTDT',OTC,0.041666667,0.125,0,0,United Trading.com,0,0,0
19980910,49554,UTDT',OTC,0.041666667,0.125,0,0,United Trading.com,0,0,0
19980911,49554,UTDT',OTC,0.041666667,0.125,0,0,United Trading.com,0,0,0
19980914,49554,UTDT',OTC,0.041666667,0.125,0,0,United Trading.com,0,0,0
19980915,49554,UTDT',OTC,0.041666667,0.125,0,0,United Trading.com,0,0,0
19980916,49554,UTDT',OTC,0.041666667,0.125,0,0,United Trading.com,0,0,0
19980917,49554,UTDT',OTC,0.041666667,0.125,0,0,United Trading.com,0,0,0
19980918,49554,UTDT',OTC,0.041666667,0.125,0,0,United Trading.com,0,0,0
19980921,49554,UTDT',OTC,0.041666667,0.125,0,0,United Trading.com,0,0,0
19980922,49554,UTDT',OTC,0.041666667,0.125,0,0,United Trading.com,0,0,0
19980923,49554,UTDT',OTC,0.041666667,0.125,0,0,United Trading.com,0,0,0
19980924,49554,UTDT',OTC,0.041666667,0.125,15,0,United Trading.com,0,0,0
19980925,49554,UTDT',OTC,0.020666667,0.062,330,0,United Trading.com,0,0,0
19980928,49554,UTDT',OTC,0.020666667,0.062,0,0,United Trading.com,0,0,0
19980929,49554,UTDT',OTC,0.020666667,0.062,0,0,United Trading.com,0,0,0
19980930,49554,UTDT',OTC,0.010333333,0.031,300,0,United Trading.com,0,0,0
19981001,49554,UTDT',OTC,0.010333333,0.031,0,0,United Trading.com,0,0,0
19981002,49554,UTDT',OTC,0.010333333,0.031,0,0,United Trading.com,0,0,0
19981005,49554,UTDT',OTC,0.010333333,0.031,0,0,United Trading.com,0,0,0
19981006,49554,UTDT',OTC,0.010333333,0.031,0,0,United Trading.com,0,0,0
19981007,49554,UTDT',OTC,0.010333333,0.031,0,0,United Trading.com,0,0,0
19981008,49554,UTDT',OTC,0.010333333,0.031,0,0,United Trading.com,0,0,0
19981009,49554,UTDT',OTC,0.010333333,0.031,0,0,United Trading.com,0,0,0
19981012,49554,UTDT',OTC,0.010333333,0.031,0,0,United Trading.com,0,0,0
19981013,49554,UTDT',OTC,0.010333333,0.031,0,0,United Trading.com,0,0,0
19981014,49554,UTDT',OTC,0.010333333,0.031,0,0,United Trading.com,0,0,0
19981015,49554,UTDT',OTC,0.010333333,0.031,0,0,United Trading.com,0,0,0
19981016,49554,UTDT',OTC,0.010333333,0.031,0,0,United Trading.com,0,0,0
19981019,49554,UTDT',OTC,0.062333333,0.187,300,0,United Trading.com,0,0,0
19981020,49554,UTDT',OTC,0.062333333,0.187,0,0,United Trading.com,0,0,0
19981021,49554,UTDT',OTC,0.062333333,0.187,0,0,United Trading.com,0,0,0
19981022,49554,UTDT',OTC,0.062333333,0.187,0,0,United Trading.com,0,0,0
19981023,49554,UTDT',OTC,0.062333333,0.187,0,0,United Trading.com,0,0,0
19981026,49554,UTDT',OTC,0.062333333,0.187,0,0,United Trading.com,0,0,0
19981027,49554,UTDT',OTC,0.062333333,0.187,0,0,United Trading.com,0,0,0
19981028,49554,UTDT',OTC,0.010333333,0.031,30,0,United Trading.com,0,0,0
19981029,49554,UTDT',OTC,0.010333333,0.031,0,0,United Trading.com,0,0,0
19981030,49554,UTDT',OTC,0.010333333,0.031,900,0,United Trading.com,0,0,0
19981102,49554,UTDT',OTC,0.010333333,0.031,0,0,United Trading.com,0,0,0
19981103,49554,UTDT',OTC,0.010333333,0.031,0,0,United Trading.com,0,0,0
19981104,49554,UTDT',OTC,0.010333333,0.031,0,0,United Trading.com,0,0,0
19981105,49554,UTDT',OTC,0.010333333,0.031,0,0,United Trading.com,0,0,0
19981106,49554,UTDT',OTC,0.010333333,0.031,0,0,United Trading.com,0,0,0
19981109,49554,UTDT',OTC,0.010333333,0.031,0,0,United Trading.com,0,0,0
19981110,49554,UTDT',OTC,0.010333333,0.031,0,0,United Trading.com,0,0,0
19981111,49554,UTDT',OTC,0.010333333,0.031,0,0,United Trading.com,0,0,0
19981112,49554,UTDT',OTC,0.010333333,0.031,0,0,United Trading.com,0,0,0
19981113,49554,UTDT',OTC,0.010333333,0.031,0,0,United Trading.com,0,0,0
19981116,49554,UTDT',OTC,0.010333333,0.031,0,0,United Trading.com,0,0,0
19981117,49554,UTDT',OTC,0.010333333,0.031,0,0,United Trading.com,0,0,0
19981118,49554,UTDT',OTC,0.010333333,0.031,0,0,United Trading.com,0,0,0
19981119,49554,UTDT',OTC,0.010333333,0.031,1500,0,United Trading.com,0,0,0
19981120,49554,UTDT',OTC,0.010333333,0.031,0,0,United Trading.com,0,0,0
19981123,49554,UTDT',OTC,0.010333333,0.031,0,0,United Trading.com,0,0,0
19981124,49554,UTDT',OTC,0.010333333,0.031,0,0,United Trading.com,0,0,0
19981125,49554,UTDT',OTC,0.010333333,0.031,0,0,United Trading.com,0,0,0
19981127,49554,UTDT',OTC,0.010333333,0.031,0,0,United Trading.com,0,0,0
19981130,49554,UTDT',OTC,0.010333333,0.031,3000,0,United Trading.com,0,0,0
19981201,49554,UTDT',OTC,0.010333333,0.031,0,0,United Trading.com,0,0,0
19981202,49554,UTDT',OTC,0.010333333,0.031,0,0,United Trading.com,0,0,0
19981203,49554,UTDT',OTC,0.010333333,0.031,1500,0,United Trading.com,0,0,0
19981204,49554,UTDT',OTC,0.010333333,0.031,0,0,United Trading.com,0,0,0
19981207,49554,UTDT',OTC,0.010333333,0.031,0,0,United Trading.com,0,0,0
19981208,49554,UTDT',OTC,0.010333333,0.031,0,0,United Trading.com,0,0,0
19981209,49554,UTDT',OTC,0.010333333,0.031,0,0,United Trading.com,0,0,0
19981210,49554,UTDT',OTC,0.010333333,0.031,0,0,United Trading.com,0,0,0
19981211,49554,UTDT',OTC,0.010333333,0.031,0,0,United Trading.com,0,0,0
19981214,49554,UTDT',OTC,0.010333333,0.031,3000,0,United Trading.com,0,0,0
19981215,49554,UTDT',OTC,0.010333333,0.031,0,0,United Trading.com,0,0,0
19981216,49554,UTDT',OTC,0.010333333,0.031,0,0,United Trading.com,0,0,0
19981217,49554,UTDT',OTC,0.010333333,0.031,360,0,United Trading.com,0,0,0
19981218,49554,UTDT',OTC,0.010333333,0.031,0,0,United Trading.com,0,0,0
19981221,49554,UTDT',OTC,0.010333333,0.031,60,0,United Trading.com,0,0,0
19981222,49554,UTDT',OTC,0.010333333,0.031,0,0,United Trading.com,0,0,0
19981223,49554,UTDT',OTC,0.010333333,0.031,0,0,United Trading.com,0,0,0
19981224,49554,UTDT',OTC,0.010333333,0.031,240,0,United Trading.com,0,0,0
19981228,49554,UTDT',OTC,0.010333333,0.031,0,0,United Trading.com,0,0,0
19981229,49554,UTDT',OTC,0.010333333,0.031,0,0,United Trading.com,0,0,0
19981230,49554,UTDT',OTC,0.010333333,0.031,0,0,United Trading.com,0,0,0
19981231,49554,UTDT',OTC,0.010333333,0.031,0,0,United Trading.com,0,0,0
19990104,49554,UTDT',OTC,0.010333333,0.031,0,0,United Trading.com,0,0,0
19990105,49554,UTDT',OTC,0.010333333,0.031,0,0,United Trading.com,0,0,0
19990106,49554,UTDT',OTC,0.010333333,0.031,0,0,United Trading.com,0,0,0
19990107,49554,UTDT',OTC,0.010333333,0.031,0,0,United Trading.com,0,0,0
19990108,49554,UTDT',OTC,0.010333333,0.031,0,0,United Trading.com,0,0,0
19990111,49554,UTDT',OTC,0.010333333,0.031,0,0,United Trading.com,0,0,0
19990112,49554,UTDT',OTC,0.010333333,0.031,0,0,United Trading.com,0,0,0
19990113,49554,UTDT',OTC,0.010333333,0.031,0,0,United Trading.com,0,0,0
19990114,49554,UTDT',OTC,0.010333333,0.031,0,0,United Trading.com,0,0,0
19990115,49554,UTDT',OTC,0.010333333,0.031,0,0,United Trading.com,0,0,0
19990119,49554,UTDT',OTC,0.010333333,0.031,0,0,United Trading.com,0,0,0
19990120,49554,UTDT',OTC,0.010333333,0.031,0,0,United Trading.com,0,0,0
19990121,49554,UTDT',OTC,0.010333333,0.031,0,0,United Trading.com,0,0,0
19990122,49554,UTDT',OTC,0.010333333,0.031,0,0,United Trading.com,0,0,0
19990125,49554,UTDT',OTC,0.010333333,0.031,0,0,United Trading.com,0,0,0
19990126,49554,UTDT',OTC,0.010333333,0.031,0,0,United Trading.com,0,0,0
19990127,49554,UTDT',OTC,0.010333333,0.031,0,0,United Trading.com,0,0,0
19990128,49554,UTDT',OTC,0.010333333,0.031,0,0,United Trading.com,0,0,0
19990129,49554,UTDT',OTC,0.010333333,0.031,0,0,United Trading.com,0,0,0
19990201,49554,UTDT',OTC,0.010333333,0.031,0,0,United Trading.com,0,0,0
19990202,49554,UTDT',OTC,0.010333333,0.031,0,0,United Trading.com,0,0,0
19990203,49554,UTDT',OTC,0.010333333,0.031,0,0,United Trading.com,0,0,0
19990204,49554,UTDT',OTC,0.010333333,0.031,0,0,United Trading.com,0,0,0
19990205,49554,UTDT',OTC,0.010333333,0.031,0,0,United Trading.com,0,0,0
19990208,49554,UTDT',OTC,0.010333333,0.031,0,0,United Trading.com,0,0,0
19990209,49554,UTDT',OTC,0.010333333,0.031,0,0,United Trading.com,0,0,0
19990210,49554,UTDT',OTC,0.010333333,0.031,0,0,United Trading.com,0,0,0
19990211,49554,UTDT',OTC,0.010333333,0.031,0,0,United Trading.com,0,0,0
19990212,49554,UTDT',OTC,0.010333333,0.031,0,0,United Trading.com,0,0,0
19990216,49554,UTDT',OTC,0.010333333,0.031,0,0,United Trading.com,0,0,0
19990217,49554,UTDT',OTC,0.010333333,0.031,0,0,United Trading.com,0,0,0
19990218,49554,UTDT',OTC,0.010333333,0.031,138,0,United Trading.com,0,0,0
19990219,49554,UTDT',OTC,0.010333333,0.031,0,0,United Trading.com,0,0,0
19990222,49554,UTDT',OTC,0.010333333,0.031,0,0,United Trading.com,0,0,0
19990223,49554,UTDT',OTC,0.010333333,0.031,0,0,United Trading.com,0,0,0
19990224,49554,UTDT',OTC,0.010333333,0.031,0,0,United Trading.com,0,0,0
19990225,49554,UTDT',OTC,0.010333333,0.031,0,0,United Trading.com,0,0,0
19990226,49554,UTDT',OTC,0.010333333,0.031,0,0,United Trading.com,0,0,0
19990301,49554,UTDT',OTC,0.010333333,0.031,0,0,United Trading.com,0,0,0
19990302,49554,UTDT',OTC,0.010333333,0.031,0,0,United Trading.com,0,0,0
19990303,49554,UTDT',OTC,0.010333333,0.031,0,0,United Trading.com,0,0,0
19990304,49554,UTDT',OTC,0.010333333,0.031,0,0,United Trading.com,0,0,0
19990305,49554,UTDT',OTC,0.010333333,0.031,0,0,United Trading.com,0,0,0
19990308,49554,UTDT',OTC,0.010333333,0.031,0,0,United Trading.com,0,0,0
19990309,49554,UTDT',OTC,0.010333333,0.031,0,0,United Trading.com,0,0,0
19990310,49554,UTDT',OTC,0.010333333,0.031,0,0,United Trading.com,0,0,0
19990311,49554,UTDT',OTC,0.010333333,0.031,0,0,United Trading.com,0,0,0
19990312,49554,UTDT',OTC,0.010333333,0.031,0,0,United Trading.com,0,0,0
19990315,49554,UTDT',OTC,0.010333333,0.031,0,0,United Trading.com,0,0,0
19990316,49554,UTDT',OTC,0.010333333,0.031,0,0,United Trading.com,0,0,0
19990317,49554,UTDT',OTC,0.010333333,0.031,0,0,United Trading.com,0,0,0
19990318,49554,UTDT',OTC,0.010333333,0.031,0,0,United Trading.com,0,0,0
19990319,49554,UTDT',OTC,0.010333333,0.031,0,0,United Trading.com,0,0,0
19990322,49554,UTDT',OTC,0.010333333,0.031,0,0,United Trading.com,0,0,0
19990323,49554,UTDT',OTC,0.010333333,0.031,0,0,United Trading.com,0,0,0
19990324,49554,UTDT',OTC,0.010333333,0.031,0,0,United Trading.com,0,0,0
19990325,49554,UTDT',OTC,0.010333333,0.031,0,0,United Trading.com,0,0,0
19990326,49554,UTDT',OTC,0.010333333,0.031,0,0,United Trading.com,0,0,0
19990329,49554,UTDT',OTC,0.010333333,0.031,0,0,United Trading.com,0,0,0
19990330,49554,UTDT',OTC,0.010333333,0.031,0,0,United Trading.com,0,0,0
19990331,49554,UTDT',OTC,0.010333333,0.031,0,0,United Trading.com,0,0,0
19990401,49554,UTDT',OTC,0.010333333,0.031,0,0,United Trading.com,0,0,0
19990405,49554,UTDT',OTC,0.010333333,0.031,0,0,United Trading.com,0,0,0
19990406,49554,UTDT',OTC,0.010333333,0.031,0,0,United Trading.com,0,0,0
19990407,49554,UTDT',OTC,0.010333333,0.031,0,0,United Trading.com,0,0,0
19990408,49554,UTDT',OTC,0.010333333,0.031,0,0,United Trading.com,0,0,0
19990409,49554,UTDT',OTC,0.010333333,0.031,0,0,United Trading.com,0,0,0
19990412,49554,UTDT',OTC,0.010333333,0.031,0,0,United Trading.com,0,0,0
19990413,49554,UTDT',OTC,0.010333333,0.031,0,0,United Trading.com,0,0,0
19990414,49554,UTDT',OTC,0.010333333,0.031,0,0,United Trading.com,0,0,0
19990415,49554,UTDT',OTC,0.010333333,0.031,0,0,United Trading.com,0,0,0
19990416,49554,UTDT',OTC,0.010333333,0.031,0,0,United Trading.com,0,0,0
19990419,49554,UTDT',OTC,0.010333333,0.031,0,0,United Trading.com,0,0,0
19990420,49554,UTDT',OTC,0.010333333,0.031,0,0,United Trading.com,0,0,0
19990421,49554,UTDT',OTC,0.010333333,0.031,0,0,United Trading.com,0,0,0
19990422,49554,UTDT',OTC,0.010333333,0.031,0,0,United Trading.com,0,0,0
19990423,49554,UTDT',OTC,0.010333333,0.031,0,0,United Trading.com,0,0,0
19990426,49554,UTDT',OTC,0.010333333,0.031,0,0,United Trading.com,0,0,0
19990427,49554,UTDT',OTC,0.010333333,0.031,0,0,United Trading.com,0,0,0
19990428,49554,UTDT',OTC,0.010333333,0.031,138,0,United Trading.com,0,0,0
19990429,49554,UTDT',OTC,0.010333333,0.031,0,0,United Trading.com,0,0,0
19990430,49554,UTDT',OTC,0.010333333,0.031,90,0,United Trading.com,0,0,0
19990503,49554,UTDT',OTC,0.010333333,0.031,0,0,United Trading.com,0,0,0
19990504,49554,UTDT',OTC,0.010333333,0.031,0,0,United Trading.com,0,0,0
19990505,49554,UTDT',OTC,0.010333333,0.031,0,0,United Trading.com,0,0,0
19990506,49554,UTDT',OTC,0.010333333,0.031,0,0,United Trading.com,0,0,0
19990507,49554,UTDT',OTC,0.010333333,0.031,0,0,United Trading.com,0,0,0
19990510,49554,UTDT',OTC,0.010333333,0.031,0,0,United Trading.com,0,0,0
19990511,49554,UTDT',OTC,0.010333333,0.031,0,0,United Trading.com,0,0,0
19990512,49554,UTDT',OTC,0.010333333,0.031,0,0,United Trading.com,0,0,0
19990513,49554,UTDT',OTC,0.010333333,0.031,0,0,United Trading.com,0,0,0
19990514,49554,UTDT',OTC,0.010333333,0.031,0,0,United Trading.com,0,0,0
19990517,49554,UTDT',OTC,0.010333333,0.031,0,0,United Trading.com,0,0,0
19990518,49554,UTDT',OTC,0.010333333,0.031,0,0,United Trading.com,0,0,0
19990519,49554,UTDT',OTC,0.010333333,0.031,0,0,United Trading.com,0,0,0
19990520,49554,UTDT',OTC,0.010333333,0.031,30,0,United Trading.com,0,0,0
19990521,49554,UTDT',OTC,0.010333333,0.031,0,0,United Trading.com,0,0,0
19990524,49554,UTDT',OTC,0.010333333,0.031,0,0,United Trading.com,0,0,0
19990525,49554,UTDT',OTC,0.010333333,0.031,0,0,United Trading.com,0,0,0
19990526,49554,UTDT',OTC,0.010333333,0.031,0,0,United Trading.com,0,0,0
19990527,49554,UTDT',OTC,0.010333333,0.031,0,0,United Trading.com,0,0,0
19990528,49554,UTDT',OTC,0.010333333,0.031,0,0,United Trading.com,0,0,0
19990601,49554,UTDT',OTC,0.010333333,0.031,0,0,United Trading.com,0,0,0
19990602,49554,UTDT',OTC,0.010333333,0.031,0,0,United Trading.com,0,0,0
19990603,49554,UTDT',OTC,0.010333333,0.031,0,0,United Trading.com,0,0,0
19990604,49554,UTDT',OTC,0.010333333,0.031,0,0,United Trading.com,0,0,0
19990607,49554,UTDT',OTC,0.010333333,0.031,0,0,United Trading.com,0,0,0
19990608,49554,UTDT',OTC,0.010333333,0.031,0,0,United Trading.com,0,0,0
19990609,49554,UTDT',OTC,0.010333333,0.031,0,0,United Trading.com,0,0,0
19990610,49554,UTDT',OTC,0.010333333,0.031,0,0,United Trading.com,0,0,0
19990611,49554,UTDT',OTC,0.010333333,0.031,0,0,United Trading.com,0,0,0
19990614,49554,UTDT',OTC,0.010333333,0.031,0,0,United Trading.com,0,0,0
19990615,49554,UTDT',OTC,0.010333333,0.031,0,0,United Trading.com,0,0,0
19990616,49554,UTDT',OTC,0.010333333,0.031,0,0,United Trading.com,0,0,0
19990617,49554,UTDT',OTC,0.010333333,0.031,0,0,United Trading.com,0,0,0
19990618,49554,UTDT',OTC,0.010333333,0.031,0,0,United Trading.com,0,0,0
19990621,49554,UTDT',OTC,0.010333333,0.031,0,0,United Trading.com,0,0,0
19990622,49554,UTDT',OTC,0.010333333,0.031,0,0,United Trading.com,0,0,0
19990623,49554,UTDT',OTC,0.010333333,0.031,0,0,United Trading.com,0,0,0
19990624,49554,UTDT',OTC,0.010333333,0.031,0,0,United Trading.com,0,0,0
19990625,49554,UTDT',OTC,0.010333333,0.031,0,0,United Trading.com,0,0,0
19990628,49554,UTDT',OTC,0.010333333,0.031,0,0,United Trading.com,0,0,0
19990629,49554,UTDT',OTC,0.010333333,0.031,0,0,United Trading.com,0,0,0
19990630,49554,UTDT',OTC,0.010333333,0.031,0,0,United Trading.com,0,0,0
19990701,49554,UTDT',OTC,0.010333333,0.031,0,0,United Trading.com,0,0,0
19990702,49554,UTDT',OTC,0.010333333,0.031,3,0,United Trading.com,0,0,0
19990706,49554,UTDT',OTC,0.010333333,0.031,0,0,United Trading.com,0,0,0
19990707,49554,UTDT',OTC,0.010333333,0.031,0,0,United Trading.com,0,0,0
19990708,49554,UTDT',OTC,0.010333333,0.031,0,0,United Trading.com,0,0,0
19990709,49554,UTDT',OTC,0.010333333,0.031,0,0,United Trading.com,0,0,0
19990712,49554,UTDT',OTC,0.010333333,0.031,0,0,United Trading.com,0,0,0
19990713,49554,UTDT',OTC,0.010333333,0.031,0,0,United Trading.com,0,0,0
19990714,49554,UTDT',OTC,0.010333333,0.031,0,0,United Trading.com,0,0,0
19990715,49554,UTDT',OTC,0.010333333,0.031,0,0,United Trading.com,0,0,0
19990716,49554,UTDT',OTC,0.010333333,0.031,0,0,United Trading.com,0,0,0
19990719,49554,UTDT',OTC,0.010333333,0.031,0,0,United Trading.com,0,0,0
19990720,49554,UTDT',OTC,0.010333333,0.031,0,0,United Trading.com,0,0,0
19990721,49554,UTDT',OTC,0.010333333,0.031,0,0,United Trading.com,0,0,0
19990722,49554,UTDT',OTC,0.010333333,0.031,0,0,United Trading.com,0,0,0
19990723,49554,UTDT',OTC,0.010333333,0.031,0,0,United Trading.com,0,0,0
19990726,49554,UTDT',OTC,0.010333333,0.031,0,0,United Trading.com,0,0,0
19990727,49554,UTDT',OTC,0.010333333,0.031,0,0,United Trading.com,0,0,0
19990728,49554,UTDT',OTC,0.010333333,0.031,0,0,United Trading.com,0,0,0
19990729,49554,UTDT',OTC,0.010333333,0.031,0,0,United Trading.com,0,0,0
19990730,49554,UTDT',OTC,0.010333333,0.031,0,0,United Trading.com,0,0,0
19990802,49554,UTDT',OTC,0.010333333,0.031,0,0,United Trading.com,0,0,0
19990803,49554,UTDT',OTC,0.010333333,0.031,0,0,United Trading.com,0,0,0
19990804,49554,UTDT',OTC,0.010333333,0.031,0,0,United Trading.com,0,0,0
19990805,49554,UTDT',OTC,0.010333333,0.031,0,0,United Trading.com,0,0,0
19990806,49554,UTDT',OTC,0.010333333,0.031,0,0,United Trading.com,0,0,0
19990809,49554,UTDT',OTC,0.010333333,0.031,0,0,United Trading.com,0,0,0
19990810,49554,UTDT',OTC,0.010333333,0.031,0,0,United Trading.com,0,0,0
19990811,49554,UTDT',OTC,0.010333333,0.031,0,0,United Trading.com,0,0,0
19990812,49554,UTDT',OTC,0.010333333,0.031,0,0,United Trading.com,0,0,0
19990813,49554,UTDT',OTC,0.010333333,0.031,0,0,United Trading.com,0,0,0
19990816,49554,UTDT',OTC,0.010333333,0.031,0,0,United Trading.com,0,0,0
19990817,49554,UTDT',OTC,0.010333333,0.031,0,0,United Trading.com,0,0,0
19990818,49554,UTDT',OTC,0.010333333,0.031,0,0,United Trading.com,0,0,0
19990819,49554,UTDT',OTC,0.010333333,0.031,0,0,United Trading.com,0,0,0
19990820,49554,UTDT',OTC,0.010333333,0.031,0,0,United Trading.com,0,0,0
19990823,49554,UTDT',OTC,0.010333333,0.031,0,0,United Trading.com,0,0,0
19990824,49554,UTDT',OTC,0.010333333,0.031,0,0,United Trading.com,0,0,0
19990825,49554,UTDT',OTC,0.010333333,0.031,0,0,United Trading.com,0,0,0
19990826,49554,UTDT',OTC,0.010333333,0.031,0,0,United Trading.com,0,0,0
19990827,49554,UTDT',OTC,0.010333333,0.031,0,0,United Trading.com,0,0,0
19990830,49554,UTDT',OTC,0.010333333,0.031,0,0,United Trading.com,0,0,0
19990831,49554,UTDT',OTC,0.010333333,0.031,0,0,United Trading.com,0,0,0
19990901,49554,UTDT',OTC,0.010333333,0.031,0,0,United Trading.com,0,0,0
19990902,49554,UTDT',OTC,0.010333333,0.031,0,0,United Trading.com,0,0,0
19990903,49554,UTDT',OTC,0.010333333,0.031,0,0,United Trading.com,0,0,0
19990907,49554,UTDT',OTC,0.006666667,0.02,90,0,United Trading.com,0,0,0
19990908,49554,UTDT',OTC,0.006666667,0.02,0,0,United Trading.com,0,0,0
19990909,49554,UTDT',OTC,0.006666667,0.02,0,0,United Trading.com,0,0,0
19990910,49554,UTDT',OTC,0.006666667,0.02,0,0,United Trading.com,0,0,0
19990913,49554,UTDT',OTC,0.006666667,0.02,0,0,United Trading.com,0,0,0
19990914,49554,UTDT',OTC,0.006666667,0.02,0,0,United Trading.com,0,0,0
19990915,49554,UTDT',OTC,0.006666667,0.02,0,0,United Trading.com,0,0,0
19990916,49554,UTDT',OTC,0.006666667,0.02,0,0,United Trading.com,0,0,0
19990917,49554,UTDT',OTC,0.006666667,0.02,0,0,United Trading.com,0,0,0
19990920,49554,UTDT',OTC,0.006666667,0.02,0,0,United Trading.com,0,0,0
19990921,49554,UTDT',OTC,0.006666667,0.02,0,0,United Trading.com,0,0,0
19990922,49554,UTDT',OTC,0.006666667,0.02,0,0,United Trading.com,0,0,0
19990923,49554,UTDT',OTC,0.006666667,0.02,0,0,United Trading.com,0,0,0
19990924,49554,UTDT',OTC,0.006666667,0.02,18,0,United Trading.com,0,0,0
19990927,49554,UTDT',OTC,0.006666667,0.02,0,0,United Trading.com,0,0,0
19990928,49554,UTDT',OTC,0.006666667,0.02,0,0,United Trading.com,0,0,0
19990929,49554,UTDT',OTC,0.006666667,0.02,0,0,United Trading.com,0,0,0
19990930,49554,UTDT',OTC,0.006666667,0.02,0,0,United Trading.com,0,0,0
19991001,49554,UTDT',OTC,0.006666667,0.02,0,0,United Trading.com,0,0,0
19991004,49554,UTDT',OTC,0.006666667,0.02,0,0,United Trading.com,0,0,0
19991005,49554,UTDT',OTC,0.006666667,0.02,0,0,United Trading.com,0,0,0
19991006,49554,UTDT',OTC,0.006666667,0.02,0,0,United Trading.com,0,0,0
19991007,49554,UTDT',OTC,0.006666667,0.02,0,0,United Trading.com,0,0,0
19991008,49554,UTDT',OTC,0.006666667,0.02,0,0,United Trading.com,0,0,0
19991011,49554,UTDT',OTC,0.006666667,0.02,0,0,United Trading.com,0,0,0
19991012,49554,UTDT',OTC,0.006666667,0.02,0,0,United Trading.com,0,0,0
19991013,49554,UTDT',OTC,0.006666667,0.02,0,0,United Trading.com,0,0,0
19991014,49554,UTDT',OTC,0.006666667,0.02,0,0,United Trading.com,0,0,0
19991015,49554,UTDT',OTC,0.006666667,0.02,0,0,United Trading.com,0,0,0
19991018,49554,UTDT',OTC,0.006666667,0.02,0,0,United Trading.com,0,0,0
19991019,49554,UTDT',OTC,0.006666667,0.02,0,0,United Trading.com,0,0,0
19991020,49554,UTDT',OTC,0.006666667,0.02,0,0,United Trading.com,0,0,0
19991021,49554,UTDT',OTC,0.006666667,0.02,0,0,United Trading.com,0,0,0
19991022,49554,UTDT',OTC,0.006666667,0.02,0,0,United Trading.com,0,0,0
19991025,49554,UTDT',OTC,0.006666667,0.02,0,0,United Trading.com,0,0,0
19991026,49554,UTDT',OTC,0.006666667,0.02,0,0,United Trading.com,0,0,0
19991027,49554,UTDT',OTC,0.006666667,0.02,60,0,United Trading.com,0,0,0
19991028,49554,UTDT',OTC,0.006666667,0.02,0,0,United Trading.com,0,0,0
19991029,49554,UTDT',OTC,0.006666667,0.02,0,0,United Trading.com,0,0,0
19991101,49554,UTDT',OTC,0.006666667,0.02,0,0,United Trading.com,0,0,0
19991102,49554,UTDT',OTC,0.006666667,0.02,0,0,United Trading.com,0,0,0
19991103,49554,UTDT',OTC,0.006666667,0.02,0,0,United Trading.com,0,0,0
19991104,49554,UTDT',OTC,0.006666667,0.02,0,0,United Trading.com,0,0,0
19991105,49554,UTDT',OTC,0.006666667,0.02,0,0,United Trading.com,0,0,0
19991108,49554,UTDT',OTC,0.006666667,0.02,0,0,United Trading.com,0,0,0
19991109,49554,UTDT',OTC,0.006666667,0.02,0,0,United Trading.com,0,0,0
19991110,49554,UTDT',OTC,0.006666667,0.02,0,0,United Trading.com,0,0,0
19991111,49554,UTDT',OTC,0.006666667,0.02,0,0,United Trading.com,0,0,0
19991112,49554,UTDT',OTC,0.006666667,0.02,0,0,United Trading.com,0,0,0
19991115,49554,UTDT',OTC,0.006666667,0.02,0,0,United Trading.com,0,0,0
19991116,49554,UTDT',OTC,0.006666667,0.02,0,0,United Trading.com,0,0,0
19991117,49554,UTDT',OTC,0.006666667,0.02,0,0,United Trading.com,0,0,0
19991118,49554,UTDT',OTC,0.006666667,0.02,0,0,United Trading.com,0,0,0
19991119,49554,UTDT',OTC,0.006666667,0.02,0,0,United Trading.com,0,0,0
19991122,49554,UTDT',OTC,0.006666667,0.02,0,0,United Trading.com,0,0,0
19991123,49554,UTDT',OTC,0.006666667,0.02,0,0,United Trading.com,0,0,0
19991124,49554,UTDT',OTC,0.006666667,0.02,0,0,United Trading.com,0,0,0
19991126,49554,UTDT',OTC,0.006666667,0.02,0,0,United Trading.com,0,0,0
19991129,49554,UTDT',OTC,0.006666667,0.02,0,0,United Trading.com,0,0,0
19991130,49554,UTDT',OTC,0.006666667,0.02,0,0,United Trading.com,0,0,0
19991201,49554,UTDT',OTC,0.006666667,0.02,0,0,United Trading.com,0,0,0
19991202,49554,UTDT',OTC,0.006666667,0.02,0,0,United Trading.com,0,0,0
19991203,49554,UTDT',OTC,0.006666667,0.02,0,0,United Trading.com,0,0,0
19991206,49554,UTDT',OTC,0.006666667,0.02,0,0,United Trading.com,0,0,0
19991207,49554,UTDT',OTC,0.006666667,0.02,0,0,United Trading.com,0,0,0
19991208,49554,UTDT',OTC,0.006666667,0.02,0,0,United Trading.com,0,0,0
19991209,49554,UTDT',OTC,0.006666667,0.02,0,0,United Trading.com,0,0,0
19991210,49554,UTDT',OTC,0.006666667,0.02,0,0,United Trading.com,0,0,0
19991213,49554,UTDT',OTC,0.006666667,0.02,0,0,United Trading.com,0,0,0
19991214,49554,UTDT',OTC,0.006666667,0.02,0,0,United Trading.com,0,0,0
19991215,49554,UTDT',OTC,0.006666667,0.02,0,0,United Trading.com,0,0,0
19991216,49554,UTDT',OTC,0.006666667,0.02,0,0,United Trading.com,0,0,0
19991217,49554,UTDT',OTC,0.006666667,0.02,0,0,United Trading.com,0,0,0
19991220,49554,UTDT',OTC,0.006666667,0.02,0,0,United Trading.com,0,0,0
19991221,49554,UTDT',OTC,0.006666667,0.02,0,0,United Trading.com,0,0,0
19991222,49554,UTDT',OTC,0.006666667,0.02,0,0,United Trading.com,0,0,0
19991223,49554,UTDT',OTC,0.006666667,0.02,0,0,United Trading.com,0,0,0
19991227,49554,UTDT',OTC,0.006666667,0.02,0,0,United Trading.com,0,0,0
19991228,49554,UTDT',OTC,0.006666667,0.02,0,0,United Trading.com,0,0,0
19991229,49554,UTDT',OTC,0.006666667,0.02,0,0,United Trading.com,0,0,0
19991230,49554,UTDT',OTC,0.006666667,0.02,0,0,United Trading.com,0,0,0
19991231,49554,UTDT',OTC,0.006666667,0.02,0,0,United Trading.com,0,0,0
20000103,49554,UTDT',OTC,0.006666667,0.02,0,0,United Trading.com,0,0,0
20000104,49554,UTDT',OTC,0.006666667,0.02,0,0,United Trading.com,0,0,0
20000105,49554,UTDT',OTC,0.006666667,0.02,0,0,United Trading.com,0,0,0
20000106,49554,UTDT',OTC,0.006666667,0.02,0,0,United Trading.com,0,0,0
20000107,49554,UTDT',OTC,0.006666667,0.02,0,0,United Trading.com,0,0,0
20000110,49554,UTDT',OTC,0.006666667,0.02,0,0,United Trading.com,0,0,0
20000111,49554,UTDT',OTC,0.006666667,0.02,0,0,United Trading.com,0,0,0
20000112,49554,UTDT',OTC,0.006666667,0.02,0,0,United Trading.com,0,0,0
20000113,49554,UTDT',OTC,0.006666667,0.02,0,0,United Trading.com,0,0,0
20000114,49554,UTDT',OTC,0.006666667,0.02,0,0,United Trading.com,0,0,0
20000118,49554,UTDT',OTC,0.006666667,0.02,0,0,United Trading.com,0,0,0
20000119,49554,UTDT',OTC,0.006666667,0.02,0,0,United Trading.com,0,0,0
20000120,49554,UTDT',OTC,0.006666667,0.02,0,0,United Trading.com,0,0,0
20000121,49554,UTDT',OTC,0.006666667,0.02,0,0,United Trading.com,0,0,0
20000124,49554,UTDT',OTC,0.006666667,0.02,0,0,United Trading.com,0,0,0
20000125,49554,UTDT',OTC,0.006666667,0.02,0,0,United Trading.com,0,0,0
20000126,49554,UTDT',OTC,0.006666667,0.02,0,0,United Trading.com,0,0,0
20000127,49554,UTDT',OTC,0.006666667,0.02,0,0,United Trading.com,0,0,0
20000128,49554,UTDT',OTC,0.006666667,0.02,0,0,United Trading.com,0,0,0
20000131,49554,UTDT',OTC,0.006666667,0.02,0,0,United Trading.com,0,0,0
20000201,49554,UTDT',OTC,0.006666667,0.02,0,0,United Trading.com,0,0,0
20000202,49554,UTDT',OTC,0.006666667,0.02,0,0,United Trading.com,0,0,0
20000203,49554,UTDT',OTC,0.006666667,0.02,0,0,United Trading.com,0,0,0
20000204,49554,UTDT',OTC,0.006666667,0.02,0,0,United Trading.com,0,0,0
20000207,49554,UTDT',OTC,0.006666667,0.02,0,0,United Trading.com,0,0,0
20000208,49554,UTDT',OTC,0.006666667,0.02,0,0,United Trading.com,0,0,0
20000209,49554,UTDT',OTC,0.006666667,0.02,0,0,United Trading.com,0,0,0
20000210,49554,UTDT',OTC,0.006666667,0.02,0,0,United Trading.com,0,0,0
20000211,49554,UTDT',OTC,0.006666667,0.02,0,0,United Trading.com,0,0,0
20000214,49554,UTDT',OTC,0.006666667,0.02,0,0,United Trading.com,0,0,0
20000215,49554,UTDT',OTC,0.006666667,0.02,0,0,United Trading.com,0,0,0
20000216,49554,UTDT',OTC,0.006666667,0.02,0,0,United Trading.com,0,0,0
20000217,49554,UTDT',OTC,0.006666667,0.02,0,0,United Trading.com,0,0,0
20000218,49554,UTDT',OTC,0.006666667,0.02,0,0,United Trading.com,0,0,0
20000222,49554,UTDT',OTC,0.006666667,0.02,0,0,United Trading.com,0,0,0
20000223,49554,UTDT',OTC,0.006666667,0.02,0,0,United Trading.com,0,0,0
20000224,49554,UTDT',OTC,0.006666667,0.02,0,0,United Trading.com,0,0,0
20000225,49554,UTDT',OTC,0.006666667,0.02,0,0,United Trading.com,0,0,0
20000228,49554,UTDT',OTC,0.006666667,0.02,0,0,United Trading.com,0,0,0
20000229,49554,UTDT',OTC,0.006666667,0.02,0,0,United Trading.com,0,0,0
20000301,49554,UTDT',OTC,0.006666667,0.02,0,0,United Trading.com,0,0,0
20000302,49554,UTDT',OTC,0.006666667,0.02,0,0,United Trading.com,0,0,0
20000303,49554,UTDT',OTC,0.006666667,0.02,0,0,United Trading.com,0,0,0
20000306,49554,UTDT',OTC,0.006666667,0.02,0,0,United Trading.com,0,0,0
20000307,49554,UTDT',OTC,0.006666667,0.02,0,0,United Trading.com,0,0,0
20000308,49554,UTDT',OTC,0.006666667,0.02,0,0,United Trading.com,0,0,0
20000309,49554,UTDT',OTC,0.006666667,0.02,0,0,United Trading.com,0,0,0
20000310,49554,UTDT',OTC,0.006666667,0.02,0,0,United Trading.com,0,0,0
20000313,49554,UTDT',OTC,0.006666667,0.02,0,0,United Trading.com,0,0,0
20000314,49554,UTDT',OTC,0.006666667,0.02,0,0,United Trading.com,0,0,0
20000315,49554,UTDT',OTC,0.006666667,0.02,0,0,United Trading.com,0,0,0
20000316,49554,UTDT',OTC,0.006666667,0.02,0,0,United Trading.com,0,0,0
20000317,49554,UTDT',OTC,0.006666667,0.02,0,0,United Trading.com,0,0,0
20000320,49554,UTDT',OTC,0.006666667,0.02,0,0,United Trading.com,0,0,0
20000321,49554,UTDT',OTC,0.006666667,0.02,0,0,United Trading.com,0,0,0
20000322,49554,UTDT',OTC,0.006666667,0.02,0,0,United Trading.com,0,0,0
20000323,49554,UTDT',OTC,0.135333333,0.406,75,0,United Trading.com,0,0,0
20000324,49554,UTDT',OTC,0.833333333,2.5,1152,0,United Trading.com,0,0,0
20000327,49554,UTDT',OTC,0.5,1.5,57,0,United Trading.com,0,0,0
20000328,49554,UTDT',OTC,0.5,1.5,0,0,United Trading.com,0,0,0
20000329,49554,UTDT',OTC,0.5,1.5,0,0,United Trading.com,0,0,0
20000330,49554,UTDT',OTC,0.5,1.5,0,0,United Trading.com,0,0,0
20000331,49554,UTDT',OTC,0.5,1.5,0,0,United Trading.com,0,0,0
20000403,49554,UTDT',OTC,0.479,1.437,6,0,United Trading.com,0,0,0
20000404,49554,UTDT',OTC,0.479,1.437,0,0,United Trading.com,0,0,0
20000405,49554,UTDT',OTC,0.416666667,1.25,15,0,United Trading.com,0,0,0
20000406,49554,UTDT',OTC,0.416666667,1.25,0,0,United Trading.com,0,0,0
20000407,49554,UTDT',OTC,0.416666667,1.25,0,0,United Trading.com,0,0,0
20000410,49554,UTDT',OTC,0.416666667,1.25,0,0,United Trading.com,0,0,0
20000411,49554,UTDT',OTC,0.416666667,1.25,0,0,United Trading.com,0,0,0
20000412,49554,UTDT',OTC,0.416666667,1.25,0,0,United Trading.com,0,0,0
20000413,49554,UTDT',OTC,0.416666667,1.25,0,0,United Trading.com,0,0,0
20000414,49554,UTDT',OTC,0.416666667,1.25,0,0,United Trading.com,0,0,0
20000417,49554,UTDT',OTC,0.416666667,1.25,0,0,United Trading.com,0,0,0
20000418,49554,UTDT',OTC,0.416666667,1.25,0,0,United Trading.com,0,0,0
20000419,49554,UTDT',OTC,0.416666667,1.25,0,0,United Trading.com,0,0,0
20000420,49554,UTDT',OTC,0.416666667,1.25,0,0,United Trading.com,0,0,0
20000424,49554,UTDT',OTC,0.416666667,1.25,0,0,United Trading.com,0,0,0
20000425,49554,UTDT',OTC,0.416666667,1.25,0,0,United Trading.com,0,0,0
20000426,49554,UTDT',OTC,0.416666667,1.25,0,0,United Trading.com,0,0,0
20000427,49554,UTDT',OTC,0.416666667,1.25,0,0,United Trading.com,0,0,0
20000428,49554,UTDT',OTC,0.416666667,1.25,0,0,United Trading.com,0,0,0
20000501,49554,UTDT',OTC,0.416666667,1.25,0,0,United Trading.com,0,0,0
20000502,49554,UTDT',OTC,0.336666667,1.01,18,0,United Trading.com,0,0,0
20000503,49554,UTDT',OTC,0.583333333,1.75,15,0,United Trading.com,0,0,0
20000504,49554,UTDT',OTC,0.416666667,1.25,45,0,United Trading.com,0,0,0
20000505,49554,UTDT',OTC,0.416666667,1.25,0,0,United Trading.com,0,0,0
20000508,49554,UTDT',OTC,0.416666667,1.25,0,0,United Trading.com,0,0,0
20000509,49554,UTDT',OTC,0.5,1.5,15,0,United Trading.com,0,0,0
20000510,49554,UTDT',OTC,0.083333333,0.25,30,0,United Trading.com,0,0,0
20000511,49554,UTDT',OTC,0.5,1.5,6,0,United Trading.com,0,0,0
20000512,49554,UTDT',OTC,0.5,1.5,0,0,United Trading.com,0,0,0
20000515,49554,UTDT',OTC,0.5,1.5,0,0,United Trading.com,0,0,0
20000516,49554,UTDT',OTC,0.5,1.5,0,0,United Trading.com,0,0,0
20000517,49554,UTDT',OTC,0.5,1.5,0,0,United Trading.com,0,0,0
20000518,49554,UTDT',OTC,0.5,1.5,0,0,United Trading.com,0,0,0
20000519,49554,UTDT',OTC,0.5,1.5,0,0,United Trading.com,0,0,0
20000522,49554,UTDT',OTC,0.5,1.5,0,0,United Trading.com,0,0,0
20000523,49554,UTDT',OTC,0.5,1.5,0,0,United Trading.com,0,0,0
20000524,49554,UTDT',OTC,0.5,1.5,0,0,United Trading.com,0,0,0
20000525,49554,UTDT',OTC,0.5,1.5,0,0,United Trading.com,0,0,0
20000526,49554,UTDT',OTC,0.5,1.5,6,0,United Trading.com,0,0,0
20000530,49554,UTDT',OTC,0.5,1.5,0,0,United Trading.com,0,0,0
20000531,49554,UTDT',OTC,0.5,1.5,0,0,United Trading.com,0,0,0
20000601,49554,UTDT',OTC,0.5,1.5,0,0,United Trading.com,0,0,0
20000602,49554,UTDT',OTC,0.5,1.5,0,0,United Trading.com,0,0,0
20000605,49554,UTDT',OTC,0.5,1.5,0,0,United Trading.com,0,0,0
20000606,49554,UTDT',OTC,0.5,1.5,0,0,United Trading.com,0,0,0
20000607,49554,UTDT',OTC,0.5,1.5,0,0,United Trading.com,0,0,0
20000608,49554,UTDT',OTC,0.5,1.5,0,0,United Trading.com,0,0,0
20000609,49554,UTDT',OTC,0.5,1.5,0,0,United Trading.com,0,0,0
20000612,49554,UTDT',OTC,0.5,1.5,0,0,United Trading.com,0,0,0
20000613,49554,UTDT',OTC,0.5,1.5,0,0,United Trading.com,0,0,0
20000614,49554,UTDT',OTC,0.5,1.5,0,0,United Trading.com,0,0,0
20000615,49554,UTDT',OTC,0.5,1.5,0,0,United Trading.com,0,0,0
20000616,49554,UTDT',OTC,0.333333333,1,162,0,United Trading.com,0,0,0
20000619,49554,UTDT',OTC,0.333333333,1,0,0,United Trading.com,0,0,0
20000620,49554,UTDT',OTC,0.333333333,1,0,0,United Trading.com,0,0,0
20000621,49554,UTDT',OTC,0.5,1.5,309,0,United Trading.com,0,0,0
20000622,49554,UTDT',OTC,0.416666667,1.25,831,0,United Trading.com,0,0,0
20000623,49554,UTDT',OTC,0.375,1.125,966,0,United Trading.com,0,0,0
20000626,49554,UTDT',OTC,0.604,1.812,75,0,United Trading.com,0,0,0
20000627,49554,UTDT',OTC,0.75,2.25,408,0,United Trading.com,0,0,0
20000628,49554,UTDT',OTC,0.916666667,2.75,654,0,United Trading.com,0,0,0
20000629,49554,UTDT',OTC,0.916666667,2.75,174,0,United Trading.com,0,0,0
20000630,49554,UTDT',OTC,0.875,2.625,78,0,United Trading.com,0,0,0
20000703,49554,UTDT',OTC,1.166666667,3.5,531,0,United Trading.com,0,0,0
20000705,49554,UTDT',OTC,1.125,3.375,195,0,United Trading.com,0,0,0
20000706,49554,UTDT',OTC,0.895666667,2.687,450,0,United Trading.com,0,0,0
20000707,49554,UTDT',OTC,0.833333333,2.5,177,0,United Trading.com,0,0,0
20000710,49554,UTDT',OTC,0.770666667,2.312,297,0,United Trading.com,0,0,0
20000711,49554,UTDT',OTC,0.708333333,2.125,138,0,United Trading.com,0,0,0
20000712,49554,UTDT',OTC,0.697666667,2.093,30,0,United Trading.com,0,0,0
20000713,49554,UTDT',OTC,0.687333333,2.062,216,0,United Trading.com,0,0,0
20000714,49554,UTDT',OTC,0.666666667,2,30,0,United Trading.com,0,0,0
20000717,49554,UTDT',OTC,0.458333333,1.375,729,0,United Trading.com,0,0,0
20000718,49554,UTDT',OTC,0.562333333,1.687,75,0,United Trading.com,0,0,0
20000719,49554,UTDT',OTC,0.562333333,1.687,99,0,United Trading.com,0,0,0
20000720,49554,UTDT',OTC,0.541666667,1.625,96,0,United Trading.com,0,0,0
20000721,49554,UTDT',OTC,0.541666667,1.625,60,0,United Trading.com,0,0,0
20000724,49554,UTDT',OTC,0.562333333,1.687,96,0,United Trading.com,0,0,0
20000725,49554,UTDT',OTC,0.833333333,2.5,2775,0,United Trading.com,0,0,0
20000726,49554,UTDT',OTC,0.666666667,2,888,0,United Trading.com,0,0,0
20000727,49554,UTDT',OTC,0.666666667,2,279,0,United Trading.com,0,0,0
20000728,49554,UTDT',OTC,0.708333333,2.125,57,0,United Trading.com,0,0,0
20000731,49554,UTDT',OTC,0.708333333,2.125,27,0,United Trading.com,0,0,0
20000801,49554,UTDT',OTC,0.625,1.875,309,0,United Trading.com,0,0,0
20000802,49554,UTDT',OTC,0.666666667,2,99,0,United Trading.com,0,0,0
20000803,49554,UTDT',OTC,0.645666667,1.937,90,0,United Trading.com,0,0,0
20000804,49554,UTDT',OTC,0.645666667,1.937,249,0,United Trading.com,0,0,0
20000807,49554,UTDT',OTC,0.552,1.656,309,0,United Trading.com,0,0,0
20000808,49554,UTDT',OTC,0.416666667,1.25,693,0,United Trading.com,0,0,0
20000809,49554,UTDT',OTC,0.416666667,1.25,0,0,United Trading.com,0,0,0
20000810,49554,UTDT',OTC,0.458333333,1.375,150,0,United Trading.com,0,0,0
20000811,49554,UTDT',OTC,0.541666667,1.625,1005,0,United Trading.com,0,0,0
20000814,49554,UTDT',OTC,0.781,2.343,4281,0,United Trading.com,0,0,0
20000815,49554,UTDT',OTC,0.625,1.875,4131,0,United Trading.com,0,0,0
20000816,49554,UTDT',OTC,0.520666667,1.562,2217,0,United Trading.com,0,0,0
20000817,49554,UTDT',OTC,0.468666667,1.406,870,0,United Trading.com,0,0,0
20000818,49554,UTDT',OTC,0.479,1.437,711,0,United Trading.com,0,0,0
20000821,49554,UTDT',OTC,0.5,1.5,348,0,United Trading.com,0,0,0
20000822,49554,UTDT',OTC,0.437333333,1.312,822,0,United Trading.com,0,0,0
20000823,49554,UTDT',OTC,0.416666667,1.25,1143,0,United Trading.com,0,0,0
20000824,49554,UTDT',OTC,0.416666667,1.25,636,0,United Trading.com,0,0,0
20000825,49554,UTDT',OTC,0.433333333,1.3,108,0,United Trading.com,0,0,0
20000828,49554,UTDT',OTC,0.458333333,1.375,510,0,United Trading.com,0,0,0
20000829,49554,UTDT',OTC,0.479,1.437,918,0,United Trading.com,0,0,0
20000830,49554,UTDT',OTC,0.416666667,1.25,594,0,United Trading.com,0,0,0
20000831,49554,UTDT',OTC,0.375,1.125,255,0,United Trading.com,0,0,0
20000901,49554,UTDT',OTC,0.406,1.218,318,0,United Trading.com,0,0,0
20000905,49554,UTDT',OTC,0.385333333,1.156,81,0,United Trading.com,0,0,0
20000906,49554,UTDT',OTC,0.354,1.062,861,0,United Trading.com,0,0,0
20000907,49554,UTDT',OTC,0.336666667,1.01,459,0,United Trading.com,0,0,0
20000908,49554,UTDT',OTC,0.354,1.062,285,0,United Trading.com,0,0,0
20000911,49554,UTDT',OTC,0.354,1.062,1149,0,United Trading.com,0,0,0
20000912,49554,UTDT',OTC,0.336666667,1.01,360,0,United Trading.com,0,0,0
20000913,49554,UTDT',OTC,0.336666667,1.01,138,0,United Trading.com,0,0,0
20000914,49554,UTDT',OTC,0.416666667,1.25,4161,0,United Trading.com,0,0,0
20000915,49554,UTDT',OTC,0.437333333,1.312,3117,0,United Trading.com,0,0,0
20000918,49554,UTDT',OTC,0.447666667,1.343,2634,0,United Trading.com,0,0,0
20000919,49554,UTDT',OTC,0.468666667,1.406,1797,0,United Trading.com,0,0,0
20000920,49554,UTDT',OTC,0.468666667,1.406,1815,0,United Trading.com,0,0,0
20000921,49554,UTDT',OTC,0.364333333,1.093,2727,0,United Trading.com,0,0,0
20000922,49554,UTDT',OTC,0.343666667,1.031,726,0,United Trading.com,0,0,0
20000925,49554,UTDT',OTC,0.343666667,1.031,441,0,United Trading.com,0,0,0
20000926,49554,UTDT',OTC,0.395666667,1.187,2472,0,United Trading.com,0,0,0
20000927,49554,UTDT',OTC,0.489333333,1.468,8274,0,United Trading.com,0,0,0
20000928,49554,UTDT',OTC,0.447666667,1.343,7227,0,United Trading.com,0,0,0
20000929,49554,UTDT',OTC,0.458333333,1.375,2217,0,United Trading.com,0,0,0
20001002,49554,UTDT',OTC,0.468666667,1.406,1647,0,United Trading.com,0,0,0
20001003,49554,UTDT',OTC,0.468666667,1.406,3024,0,United Trading.com,0,0,0
20001004,49554,UTDT',OTC,0.416666667,1.25,1041,0,United Trading.com,0,0,0
20001005,49554,UTDT',OTC,0.5,1.5,4107,0,United Trading.com,0,0,0
20001006,49554,UTDT',OTC,0.5,1.5,6447,0,United Trading.com,0,0,0
20001009,49554,UTDT',OTC,0.54,1.62,2007,0,United Trading.com,0,0,0
20001010,49554,UTDT',OTC,0.5,0.5,598,0,United Trading.com,0,0,0
20001011,49554,UTDT',OTC,0.35,0.35,275,0,United Trading.com,0,0,0
20001012,49554,UTDT',OTC,0.21,0.21,1468,0,United Trading.com,0,0,0
20001013,49554,UTDT',OTC,0.2,0.2,515,0,United Trading.com,0,0,0
20001016,49554,UTDT',OTC,0.25,0.25,1848,0,United Trading.com,0,0,0
20001017,49554,UTDT',OTC,0.22,0.22,256,0,United Trading.com,0,0,0
20001018,49554,UTDT',OTC,0.19,0.19,636,0,United Trading.com,0,0,0
20001019,49554,UTDT',OTC,0.187,0.187,314,0,United Trading.com,0,0,0
20001020,49554,UTDT',OTC,0.13,0.13,2601,0,United Trading.com,0,0,0
20001023,49554,UTDT',OTC,0.13,0.13,559,0,United Trading.com,0,0,0
20001024,49554,UTDT',OTC,0.14,0.14,1279,0,United Trading.com,0,0,0
20001025,49554,UTDT',OTC,0.14,0.14,12,0,United Trading.com,0,0,0
20001026,49554,UTDT',OTC,0.125,0.125,1377,0,United Trading.com,0,0,0
20001027,49554,UTDT',OTC,0.16,0.16,2366,0,United Trading.com,0,0,0
20001030,49554,UTDT',OTC,0.17,0.17,45,0,United Trading.com,0,0,0
20001031,49554,UTDT',OTC,0.24,0.24,2873,0,United Trading.com,0,0,0
20001101,49554,UTDT',OTC,0.31,0.31,7408,0,United Trading.com,0,0,0
20001102,49554,UTDT',OTC,0.36,0.36,3099,0,United Trading.com,0,0,0
20001103,49554,UTDT',OTC,0.39,0.39,2479,0,United Trading.com,0,0,0
20001106,49554,UTDT',OTC,0.41,0.41,3789,0,United Trading.com,0,0,0
20001107,49554,UTDT',OTC,0.48,0.48,5357,0,United Trading.com,0,0,0
20001108,49554,UTDT',OTC,0.54,0.54,5430,0,United Trading.com,0,0,0
20001109,49554,UTDT',OTC,0.53,0.53,6785,0,United Trading.com,0,0,0
20001110,49554,UTDT',OTC,0.3,0.3,23738,0,United Trading.com,0,0,0
20001113,49554,UTDT',OTC,0.165,0.165,40579,0,United Trading.com,0,0,0
20001114,49554,UTDT',OTC,0.156,0.156,7009,0,United Trading.com,0,0,0
20001115,49554,UTDT',OTC,0.16,0.16,7642,0,United Trading.com,0,0,0
20001116,49554,UTDT',OTC,0.155,0.155,3307,0,United Trading.com,0,0,0
20001117,49554,UTDT',OTC,0.145,0.145,885,0,United Trading.com,0,0,0
20001120,49554,UTDT',OTC,0.15,0.15,438,0,United Trading.com,0,0,0
20001121,49554,UTDT',OTC,0.13,0.13,1259,0,United Trading.com,0,0,0
20001122,49554,UTDT',OTC,0.105,0.105,3696,0,United Trading.com,0,0,0
20001124,49554,UTDT',OTC,0.11,0.11,1183,0,United Trading.com,0,0,0
20001127,49554,UTDT',OTC,0.115,0.115,332,0,United Trading.com,0,0,0
20001128,49554,UTDT',OTC,0.11,0.11,1079,0,United Trading.com,0,0,0
20001129,49554,UTDT',OTC,0.13,0.13,2292,0,United Trading.com,0,0,0
20001130,49554,UTDT',OTC,0.11,0.11,386,0,United Trading.com,0,0,0
20001201,49554,UTDT',OTC,0.12,0.12,950,0,United Trading.com,0,0,0
20001204,49554,UTDT',OTC,0.105,0.105,1242,0,United Trading.com,0,0,0
20001205,49554,UTDT',OTC,0.051,0.051,2425,0,United Trading.com,0,0,0
20001206,49554,UTDT',OTC,0.075,0.075,1605,0,United Trading.com,0,0,0
20001207,49554,UTDT',OTC,0.075,0.075,0,0,United Trading.com,0,0,0
20001208,49554,UTDT',OTC,0.08,0.08,1531,0,United Trading.com,0,0,0
20001211,49554,UTDT',OTC,0.08,0.08,332,0,United Trading.com,0,0,0
20001212,49554,UTDT',OTC,0.05,0.05,8094,0,United Trading.com,0,0,0
20001213,49554,UTDT',OTC,0.06,0.06,1610,0,United Trading.com,0,0,0
20001214,49554,UTDT',OTC,0.055,0.055,1593,0,United Trading.com,0,0,0
20001215,49554,UTDT',OTC,0.055,0.055,244,0,United Trading.com,0,0,0
20001218,49554,UTDT',OTC,0.05,0.05,500,0,United Trading.com,0,0,0
20001219,49554,UTDT',OTC,0.045,0.045,380,0,United Trading.com,0,0,0
20001220,49554,UTDT',OTC,0.045,0.045,100,0,United Trading.com,0,0,0
20001221,49554,UTDT',OTC,0.06,0.06,20,0,United Trading.com,0,0,0
20001222,49554,UTDT',OTC,0.045,0.045,149,0,United Trading.com,0,0,0
20001226,49554,UTDT',OTC,0.055,0.055,1964,0,United Trading.com,0,0,0
20001227,49554,UTDT',OTC,0.05,0.05,45,0,United Trading.com,0,0,0
20001228,49554,UTDT',OTC,0.05,0.05,470,0,United Trading.com,0,0,0
20001229,49554,UTDT',OTC,0.045,0.045,458,0,United Trading.com,0,0,0
20010102,49554,UTDT',OTC,0.045,0.045,50,0,United Trading.com,0,0,0
20010103,49554,UTDT',OTC,0.045,0.045,150,0,United Trading.com,0,0,0
20010104,49554,UTDT',OTC,0.05,0.05,100,0,United Trading.com,0,0,0
20010105,49554,UTDT',OTC,0.05,0.05,439,0,United Trading.com,0,0,0
20010108,49554,UTDT',OTC,0.05,0.05,480,0,United Trading.com,0,0,0
20010109,49554,UTDT',OTC,0.05,0.05,0,0,United Trading.com,0,0,0
20010110,49554,UTDT',OTC,0.045,0.045,382,0,United Trading.com,0,0,0
20010111,49554,UTDT',OTC,0.045,0.045,0,0,United Trading.com,0,0,0
20010112,49554,UTDT',OTC,0.055,0.055,200,0,United Trading.com,0,0,0
20010116,49554,UTDT',OTC,0.05,0.05,455,0,United Trading.com,0,0,0
20010117,49554,UTDT',OTC,0.05,0.05,724,0,United Trading.com,0,0,0
20010118,49554,UTDT',OTC,0.07,0.07,5873,0,United Trading.com,0,0,0
20010119,49554,UTDT',OTC,0.065,0.065,1050,0,United Trading.com,0,0,0
20010122,49554,UTDT',OTC,0.075,0.075,1483,0,United Trading.com,0,0,0
20010123,49554,UTDT',OTC,0.065,0.065,1018,0,United Trading.com,0,0,0
20010124,49554,UTDT',OTC,0.06,0.06,2710,0,United Trading.com,0,0,0
20010125,49554,UTDT',OTC,0.045,0.045,1310,0,United Trading.com,0,0,0
20010126,49554,UTDT',OTC,0.04,0.04,3016,0,United Trading.com,0,0,0
20010129,49554,UTDT',OTC,0.044,0.044,50,0,United Trading.com,0,0,0
20010130,49554,UTDT',OTC,0.055,0.055,2176,0,United Trading.com,0,0,0
20010131,49554,UTDT',OTC,0.045,0.045,1850,0,United Trading.com,0,0,0
20010201,49554,UTDT',OTC,0.045,0.045,1000,0,United Trading.com,0,0,0
20010202,49554,UTDT',OTC,0.045,0.045,430,0,United Trading.com,0,0,0
20010205,49554,UTDT',OTC,0.045,0.045,84,0,United Trading.com,0,0,0
20010206,49554,UTDT',OTC,0.035,0.035,4440,0,United Trading.com,0,0,0
20010207,49554,UTDT',OTC,0.035,0.035,0,0,United Trading.com,0,0,0
20010208,49554,UTDT',OTC,0.04,0.04,700,0,United Trading.com,0,0,0
20010209,49554,UTDT',OTC,0.032,0.032,620,0,United Trading.com,0,0,0
20010212,49554,UTDT',OTC,0.045,0.045,1020,0,United Trading.com,0,0,0
20010213,49554,UTDT',OTC,0.045,0.045,0,0,United Trading.com,0,0,0
20010214,49554,UTDT',OTC,0.045,0.045,0,0,United Trading.com,0,0,0
20010215,49554,UTDT',OTC,0.035,0.035,401,0,United Trading.com,0,0,0
20010216,49554,UTDT',OTC,0.032,0.032,977,0,United Trading.com,0,0,0
20010220,49554,UTDT',OTC,0.032,0.032,150,0,United Trading.com,0,0,0
20010221,49554,UTDT',OTC,0.032,0.032,50,0,United Trading.com,0,0,0
20010222,49554,UTDT',OTC,0.032,0.032,200,0,United Trading.com,0,0,0
20010223,49554,UTDT',OTC,0.03,0.03,5,0,United Trading.com,0,0,0
20010226,49554,UTDT',OTC,0.03,0.03,500,0,United Trading.com,0,0,0
20010227,49554,UTDT',OTC,0.03,0.03,0,0,United Trading.com,0,0,0
20010228,49554,UTDT',OTC,0.03,0.03,100,0,United Trading.com,0,0,0
20010301,49554,UTDT',OTC,0.03,0.03,0,0,United Trading.com,0,0,0
20010302,49554,UTDT',OTC,0.03,0.03,0,0,United Trading.com,0,0,0
20010305,49554,UTDT',OTC,0.03,0.03,1075,0,United Trading.com,0,0,0
20010306,49554,UTDT',OTC,0.03,0.03,0,0,United Trading.com,0,0,0
20010307,49554,UTDT',OTC,0.03,0.03,360,0,United Trading.com,0,0,0
20010308,49554,UTDT',OTC,0.025,0.025,450,0,United Trading.com,0,0,0
20010309,49554,UTDT',OTC,0.025,0.025,0,0,United Trading.com,0,0,0
20010312,49554,UTDT',OTC,0.025,0.025,120,0,United Trading.com,0,0,0
20010313,49554,UTDT',OTC,0.027,0.027,760,0,United Trading.com,0,0,0
20010314,49554,UTDT',OTC,0.027,0.027,0,0,United Trading.com,0,0,0
20010315,49554,UTDT',OTC,0.027,0.027,0,0,United Trading.com,0,0,0
20010316,49554,UTDT',OTC,0.027,0.027,0,0,United Trading.com,0,0,0
20010319,49554,UTDT',OTC,0.025,0.025,558,0,United Trading.com,0,0,0
20010320,49554,UTDT',OTC,0.027,0.027,945,0,United Trading.com,0,0,0
20010321,49554,UTDT',OTC,0.027,0.027,0,0,United Trading.com,0,0,0
20010322,49554,UTDT',OTC,0.025,0.025,254,0,United Trading.com,0,0,0
20010323,49554,UTDT',OTC,0.027,0.027,600,0,United Trading.com,0,0,0
20010326,49554,UTDT',OTC,0.022,0.022,121,0,United Trading.com,0,0,0
20010327,49554,UTDT',OTC,0.02,0.02,1100,0,United Trading.com,0,0,0
20010328,49554,UTDT',OTC,0.02,0.02,1912,0,United Trading.com,0,0,0
20010329,49554,UTDT',OTC,0.016,0.016,630,0,United Trading.com,0,0,0
20010330,49554,UTDT',OTC,0.016,0.016,600,0,United Trading.com,0,0,0
20010402,49554,UTDT',OTC,0.015,0.015,750,0,United Trading.com,0,0,0
20010403,49554,UTDT',OTC,0.015,0.015,0,0,United Trading.com,0,0,0
20010404,49554,UTDT',OTC,0.01,0.01,8583,0,United Trading.com,0,0,0
20010405,49554,UTDT',OTC,0.015,0.015,8136,0,United Trading.com,0,0,0
20010406,49554,UTDT',OTC,0.018,0.018,12503,0,United Trading.com,0,0,0
20010409,49554,UTDT',OTC,0.052,0.052,12337,0,United Trading.com,0,0,0
20010410,49554,UTDT',OTC,0.046,0.046,17953,0,United Trading.com,0,0,0
20010411,49554,UTDT',OTC,0.032,0.032,7314,0,United Trading.com,0,0,0
20010412,49554,UTDT',OTC,0.022,0.022,1626,0,United Trading.com,0,0,0
20010416,49554,UTDT',OTC,0.019,0.019,3507,0,United Trading.com,0,0,0
20010417,49554,UTDT',OTC,0.022,0.022,959,0,United Trading.com,0,0,0
20010418,49554,UTDT',OTC,0.022,0.022,518,0,United Trading.com,0,0,0
20010419,49554,UTDT',OTC,0.019,0.019,86,0,United Trading.com,0,0,0
20010420,49554,UTDT',OTC,0.019,0.019,50,0,United Trading.com,0,0,0
20010423,49554,UTDT',OTC,0.019,0.019,1850,0,United Trading.com,0,0,0
20010424,49554,UTDT',OTC,0.019,0.019,15,0,United Trading.com,0,0,0
20010425,49554,UTDT',OTC,0.022,0.022,730,0,United Trading.com,0,0,0
20010426,49554,UTDT',OTC,0.018,0.018,150,0,United Trading.com,0,0,0
20010427,49554,UTDT',OTC,0.018,0.018,0,0,United Trading.com,0,0,0
20010430,49554,UTDT',OTC,0.018,0.018,0,0,United Trading.com,0,0,0
20010501,49554,UTDT',OTC,0.018,0.018,0,0,United Trading.com,0,0,0
20010502,49554,UTDT',OTC,0.018,0.018,110,0,United Trading.com,0,0,0
20010503,49554,UTDT',OTC,0.018,0.018,0,0,United Trading.com,0,0,0
20010504,49554,UTDT',OTC,0.018,0.018,0,0,United Trading.com,0,0,0
20010507,49554,UTDT',OTC,0.018,0.018,0,0,United Trading.com,0,0,0
20010508,49554,UTDT',OTC,0.018,0.018,50,0,United Trading.com,0,0,0
20010509,49554,UTDT',OTC,0.018,0.018,32,0,United Trading.com,0,0,0
20010510,49554,UTDT',OTC,0.015,0.015,250,0,United Trading.com,0,0,0
20010511,49554,UTDT',OTC,0.018,0.018,26,0,United Trading.com,0,0,0
20010514,49554,UTDT',OTC,0.018,0.018,40,0,United Trading.com,0,0,0
20010515,49554,UTDT',OTC,0.018,0.018,0,0,United Trading.com,0,0,0
20010516,49554,UTDT',OTC,0.012,0.012,26,0,United Trading.com,0,0,0
20010517,49554,UTDT',OTC,0.012,0.012,0,0,United Trading.com,0,0,0
20010518,49554,UTDT',OTC,0.012,0.012,0,0,United Trading.com,0,0,0
20010521,49554,UTDT',OTC,0.012,0.012,0,0,United Trading.com,0,0,0
20010522,49554,UTDT',OTC,0.012,0.012,0,0,United Trading.com,0,0,0
20010523,49554,UTDT',OTC,0.012,0.012,0,0,United Trading.com,0,0,0
20010524,49554,UTDT',OTC,0.025,0.025,1725,0,United Trading.com,0,0,0
20010525,49554,UTDT',OTC,0.025,0.025,3472,0,United Trading.com,0,0,0
20010529,49554,UTDT',OTC,0.02,0.02,279,0,United Trading.com,0,0,0
20010530,49554,UTDT',OTC,0.02,0.02,0,0,United Trading.com,0,0,0
20010531,49554,UTDT',OTC,0.02,0.02,0,0,United Trading.com,0,0,0
20010601,49554,UTDT',OTC,0.017,0.017,65,0,United Trading.com,0,0,0
20010604,49554,UTDT',OTC,0.02,0.02,1077,0,United Trading.com,0,0,0
20010605,49554,UTDT',OTC,0.022,0.022,100,0,United Trading.com,0,0,0
20010606,49554,UTDT',OTC,0.022,0.022,0,0,United Trading.com,0,0,0
20010607,49554,UTDT',OTC,0.022,0.022,0,0,United Trading.com,0,0,0
20010608,49554,UTDT',OTC,0.022,0.022,0,0,United Trading.com,0,0,0
20010611,49554,UTDT',OTC,0.02,0.02,100,0,United Trading.com,0,0,0
20010612,49554,UTDT',OTC,0.02,0.02,0,0,United Trading.com,0,0,0
20010613,49554,UTDT',OTC,0.017,0.017,770,0,United Trading.com,0,0,0
20010614,49554,UTDT',OTC,0.017,0.017,0,0,United Trading.com,0,0,0
20010615,49554,UTDT',OTC,0.017,0.017,0,0,United Trading.com,0,0,0
20010618,49554,UTDT',OTC,0.012,0.012,637,0,United Trading.com,0,0,0
20010619,49554,UTDT',OTC,0.012,0.012,0,0,United Trading.com,0,0,0
20010620,49554,UTDT',OTC,0.015,0.015,100,0,United Trading.com,0,0,0
20010621,49554,UTDT',OTC,0.015,0.015,50,0,United Trading.com,0,0,0
20010622,49554,UTDT',OTC,0.015,0.015,1088,0,United Trading.com,0,0,0
20010625,49554,UTDT',OTC,0.015,0.015,0,0,United Trading.com,0,0,0
20010626,49554,UTDT',OTC,0.015,0.015,0,0,United Trading.com,0,0,0
20010627,49554,UTDT',OTC,0.017,0.017,53,0,United Trading.com,0,0,0
20010628,49554,UTDT',OTC,0.017,0.017,0,0,United Trading.com,0,0,0
20010629,49554,UTDT',OTC,0.017,0.017,0,0,United Trading.com,0,0,0
20010702,49554,UTDT',OTC,0.01,0.01,87,0,United Trading.com,0,0,0
20010703,49554,UTDT',OTC,0.01,0.01,0,0,United Trading.com,0,0,0
20010705,49554,UTDT',OTC,0.01,0.01,0,0,United Trading.com,0,0,0
20010706,49554,UTDT',OTC,0.01,0.01,0,0,United Trading.com,0,0,0
20010709,49554,UTDT',OTC,0.01,0.01,0,0,United Trading.com,0,0,0
20010710,49554,UTDT',OTC,0.01,0.01,0,0,United Trading.com,0,0,0
20010711,49554,UTDT',OTC,0.01,0.01,0,0,United Trading.com,0,0,0
20010712,49554,UTDT',OTC,0.012,0.012,2737,0,United Trading.com,0,0,0
20010713,49554,UTDT',OTC,0.012,0.012,422,0,United Trading.com,0,0,0
20010716,49554,UTDT',OTC,0.012,0.012,0,0,United Trading.com,0,0,0
20010717,49554,UTDT',OTC,0.012,0.012,0,0,United Trading.com,0,0,0
20010718,49554,UTDT',OTC,0.012,0.012,0,0,United Trading.com,0,0,0
20010719,49554,UTDT',OTC,0.012,0.012,0,0,United Trading.com,0,0,0
20010720,49554,UTDT',OTC,0.012,0.012,0,0,United Trading.com,0,0,0
20010723,49554,UTDT',OTC,0.012,0.012,0,0,United Trading.com,0,0,0
20010724,49554,UTDT',OTC,0.012,0.012,200,0,United Trading.com,0,0,0
20010725,49554,UTDT',OTC,0.01,0.01,1250,0,United Trading.com,0,0,0
20010726,49554,UTDT',OTC,0.01,0.01,0,0,United Trading.com,0,0,0
20010727,49554,UTDT',OTC,0.01,0.01,12,0,United Trading.com,0,0,0
20010730,49554,UTDT',OTC,0.01,0.01,0,0,United Trading.com,0,0,0
20010731,49554,UTDT',OTC,0.01,0.01,0,0,United Trading.com,0,0,0
20010801,49554,UTDT',OTC,0.02,0.02,3915,0,United Trading.com,0,0,0
20010802,49554,UTDT',OTC,0.03,0.03,5079,0,United Trading.com,0,0,0
20010803,49554,UTDT',OTC,0.05,0.05,4325,0,United Trading.com,0,0,0
20010806,49554,UTDT',OTC,0.048,0.048,3861,0,United Trading.com,0,0,0
20010807,49554,UTDT',OTC,0.036,0.036,2473,0,United Trading.com,0,0,0
20010808,49554,UTDT',OTC,0.032,0.032,285,0,United Trading.com,0,0,0
20010809,49554,UTDT',OTC,0.032,0.032,533,0,United Trading.com,0,0,0
20010810,49554,UTDT',OTC,0.035,0.035,749,0,United Trading.com,0,0,0
20010813,49554,UTDT',OTC,0.035,0.035,250,0,United Trading.com,0,0,0
20010814,49554,UTDT',OTC,0.035,0.035,0,0,United Trading.com,0,0,0
20010815,49554,UTDT',OTC,0.029,0.029,56,0,United Trading.com,0,0,0
20010816,49554,UTDT',OTC,0.029,0.029,417,0,United Trading.com,0,0,0
20010817,49554,UTDT',OTC,0.029,0.029,0,0,United Trading.com,0,0,0
20010820,49554,UTDT',OTC,0.025,0.025,45,0,United Trading.com,0,0,0
20010821,49554,UTDT',OTC,0.025,0.025,0,0,United Trading.com,0,0,0
20010822,49554,UTDT',OTC,0.039,0.039,750,0,United Trading.com,0,0,0
20010823,49554,UTDT',OTC,0.021,0.021,831,0,United Trading.com,0,0,0
20010824,49554,UTDT',OTC,0.021,0.021,50,0,United Trading.com,0,0,0
20010827,49554,UTDT',OTC,0.021,0.021,0,0,United Trading.com,0,0,0
20010828,49554,UTDT',OTC,0.013,0.013,1665,0,United Trading.com,0,0,0
20010829,49554,UTDT',OTC,0.017,0.017,500,0,United Trading.com,0,0,0
20010830,49554,UTDT',OTC,0.017,0.017,0,0,United Trading.com,0,0,0
20010831,49554,UTDT',OTC,0.015,0.015,100,0,United Trading.com,0,0,0
20010904,49554,UTDT',OTC,0.015,0.015,0,0,United Trading.com,0,0,0
20010905,49554,UTDT',OTC,0.015,0.015,0,0,United Trading.com,0,0,0
20010906,49554,UTDT',OTC,0.015,0.015,500,0,United Trading.com,0,0,0
20010907,49554,UTDT',OTC,0.015,0.015,0,0,United Trading.com,0,0,0
20010910,49554,UTDT',OTC,0.015,0.015,0,0,United Trading.com,0,0,0
20010917,49554,UTDT',OTC,0.013,0.013,271,0,United Trading.com,0,0,0
20010918,49554,UTDT',OTC,0.013,0.013,10,0,United Trading.com,0,0,0
20010919,49554,UTDT',OTC,0.013,0.013,150,0,United Trading.com,0,0,0
20010920,49554,UTDT',OTC,0.013,0.013,0,0,United Trading.com,0,0,0
20010921,49554,UTDT',OTC,0.013,0.013,0,0,United Trading.com,0,0,0
20010924,49554,UTDT',OTC,0.013,0.013,200,0,United Trading.com,0,0,0
20010925,49554,UTDT',OTC,0.013,0.013,0,0,United Trading.com,0,0,0
20010926,49554,UTDT',OTC,0.013,0.013,40,0,United Trading.com,0,0,0
20010927,49554,UTDT',OTC,0.013,0.013,0,0,United Trading.com,0,0,0
20010928,49554,UTDT',OTC,0.013,0.013,15,0,United Trading.com,0,0,0
20011001,49554,UTDT',OTC,0.013,0.013,0,0,United Trading.com,0,0,0
20011002,49554,UTDT',OTC,0.013,0.013,0,0,United Trading.com,0,0,0
20011003,49554,UTDT',OTC,0.013,0.013,50,0,United Trading.com,0,0,0
20011004,49554,UTDT',OTC,0.013,0.013,40,0,United Trading.com,0,0,0
20011005,49554,UTDT',OTC,0.013,0.013,39,0,United Trading.com,0,0,0
20011008,49554,UTDT',OTC,0.013,0.013,0,0,United Trading.com,0,0,0
20011009,49554,UTDT',OTC,0.013,0.013,0,0,United Trading.com,0,0,0
20011010,49554,UTDT',OTC,0.013,0.013,0,0,United Trading.com,0,0,0
20011011,49554,UTDT',OTC,0.013,0.013,0,0,United Trading.com,0,0,0
20011012,49554,UTDT',OTC,0.013,0.013,0,0,United Trading.com,0,0,0
20011015,49554,UTDT',OTC,0.013,0.013,0,0,United Trading.com,0,0,0
20011016,49554,UTDT',OTC,0.013,0.013,0,0,United Trading.com,0,0,0
20011017,49554,UTDT',OTC,0.013,0.013,0,0,United Trading.com,0,0,0
20011018,49554,UTDT',OTC,0.013,0.013,0,0,United Trading.com,0,0,0
20011019,49554,UTDT',OTC,0.013,0.013,0,0,United Trading.com,0,0,0
20011022,49554,UTDT',OTC,0.013,0.013,0,0,United Trading.com,0,0,0
20011023,49554,UTDT',OTC,0.013,0.013,50,0,United Trading.com,0,0,0
20011024,49554,UTDT',OTC,0.013,0.013,1,0,United Trading.com,0,0,0
20011025,49554,UTDT',OTC,0.013,0.013,0,0,United Trading.com,0,0,0
20011026,49554,UTDT',OTC,0.013,0.013,0,0,United Trading.com,0,0,0
20011029,49554,UTDT',OTC,0.013,0.013,0,0,United Trading.com,0,0,0
20011030,49554,UTDT',OTC,0.015,0.015,90,0,United Trading.com,0,0,0
20011031,49554,UTDT',OTC,0.015,0.015,0,0,United Trading.com,0,0,0
20011101,49554,UTDT',OTC,0.015,0.015,0,0,United Trading.com,0,0,0
20011102,49554,UTDT',OTC,0.015,0.015,0,0,United Trading.com,0,0,0
20011105,49554,UTDT',OTC,0.015,0.015,0,0,United Trading.com,0,0,0
20011106,49554,UTDT',OTC,0.015,0.015,0,0,United Trading.com,0,0,0
20011107,49554,UTDT',OTC,0.015,0.015,0,0,United Trading.com,0,0,0
20011108,49554,UTDT',OTC,0.015,0.015,0,0,United Trading.com,0,0,0
20011109,49554,UTDT',OTC,0.015,0.015,0,0,United Trading.com,0,0,0
20011112,49554,UTDT',OTC,0.013,0.013,70,0,United Trading.com,0,0,0
20011113,49554,UTDT',OTC,0.013,0.013,0,0,United Trading.com,0,0,0
20011114,49554,UTDT',OTC,0.015,0.015,25,0,United Trading.com,0,0,0
20011115,49554,UTDT',OTC,0.015,0.015,0,0,United Trading.com,0,0,0
20011116,49554,UTDT',OTC,0.015,0.015,0,0,United Trading.com,0,0,0
20011119,49554,UTDT',OTC,0.015,0.015,0,0,United Trading.com,0,0,0
20011120,49554,UTDT',OTC,0.015,0.015,0,0,United Trading.com,0,0,0
20011121,49554,UTDT',OTC,0.013,0.013,45,0,United Trading.com,0,0,0
20011123,49554,UTDT',OTC,0.013,0.013,0,0,United Trading.com,0,0,0
20011126,49554,UTDT',OTC,0.013,0.013,10,0,United Trading.com,0,0,0
20011127,49554,UTDT',OTC,0.013,0.013,0,0,United Trading.com,0,0,0
20011128,49554,UTDT',OTC,0.008,0.008,1115,0,United Trading.com,0,0,0
20011129,49554,UTDT',OTC,0.008,0.008,0,0,United Trading.com,0,0,0
20011130,49554,UTDT',OTC,0.008,0.008,0,0,United Trading.com,0,0,0
20011203,49554,UTDT',OTC,0.008,0.008,0,0,United Trading.com,0,0,0
20011204,49554,UTDT',OTC,0.008,0.008,191,0,United Trading.com,0,0,0
20011205,49554,UTDT',OTC,0.01,0.01,1077,0,United Trading.com,0,0,0
20011206,49554,UTDT',OTC,0.01,0.01,0,0,United Trading.com,0,0,0
20011207,49554,UTDT',OTC,0.009,0.009,95,0,United Trading.com,0,0,0
20011210,49554,UTDT',OTC,0.011,0.011,50,0,United Trading.com,0,0,0
20011211,49554,UTDT',OTC,0.009,0.009,85,0,United Trading.com,0,0,0
20011212,49554,UTDT',OTC,0.009,0.009,168,0,United Trading.com,0,0,0
20011213,49554,UTDT',OTC,0.01,0.01,289,0,United Trading.com,0,0,0
20011214,49554,UTDT',OTC,0.01,0.01,0,0,United Trading.com,0,0,0
20011217,49554,UTDT',OTC,0.01,0.01,0,0,United Trading.com,0,0,0
20011218,49554,UTDT',OTC,0.01,0.01,0,0,United Trading.com,0,0,0
20011219,49554,UTDT',OTC,0.01,0.01,0,0,United Trading.com,0,0,0
20011220,49554,UTDT',OTC,0.005,0.005,525,0,United Trading.com,0,0,0
