DDate,CSINumber,Symbol,Exchange,DClose,UnAdjustedClose,TotalVolume,Cash,MarketName,PTB,PSR,DPS
20030501,49815,CWLC',OTC,0.55,0.55,6,0,China Wireless Commun Inc,0,0,0
20030502,49815,CWLC',OTC,0.55,0.55,7,0,China Wireless Commun Inc,0,0,0
20030505,49815,CWLC',OTC,0.55,0.55,0,0,China Wireless Commun Inc,0,0,0
20030506,49815,CWLC',OTC,0.55,0.55,0,0,China Wireless Commun Inc,0,0,0
20030507,49815,CWLC',OTC,0.51,0.51,294,0,China Wireless Commun Inc,0,0,0
20030508,49815,CWLC',OTC,0.59,0.59,45,0,China Wireless Commun Inc,0,0,0
20030509,49815,CWLC',OTC,0.59,0.59,6,0,China Wireless Commun Inc,0,0,0
20030512,49815,CWLC',OTC,0.28,0.28,779,0,China Wireless Commun Inc,0,0,0
20030513,49815,CWLC',OTC,0.35,0.35,121,0,China Wireless Commun Inc,0,0,0
20030514,49815,CWLC',OTC,0.3,0.3,67,0,China Wireless Commun Inc,0,0,0
20030515,49815,CWLC',OTC,0.25,0.25,1482,0,China Wireless Commun Inc,0,0,0
20030516,49815,CWLC',OTC,0.3,0.3,310,0,China Wireless Commun Inc,0,0,0
20030519,49815,CWLC',OTC,0.26,0.26,125,0,China Wireless Commun Inc,0,0,0
20030520,49815,CWLC',OTC,0.29,0.29,577,0,China Wireless Commun Inc,0,0,0
20030521,49815,CWLC',OTC,0.24,0.24,590,0,China Wireless Commun Inc,0,0,0
20030522,49815,CWLC',OTC,0.25,0.25,856,0,China Wireless Commun Inc,0,0,0
20030523,49815,CWLC',OTC,0.27,0.27,1018,0,China Wireless Commun Inc,0,0,0
20030527,49815,CWLC',OTC,0.27,0.27,2518,0,China Wireless Commun Inc,0,0,0
20030528,49815,CWLC',OTC,0.25,0.25,209,0,China Wireless Commun Inc,0,0,0
20030529,49815,CWLC',OTC,0.25,0.25,0,0,China Wireless Commun Inc,0,0,0
20030530,49815,CWLC',OTC,0.33,0.33,275,0,China Wireless Commun Inc,0,0,0
20030602,49815,CWLC',OTC,0.32,0.32,517,0,China Wireless Commun Inc,0,0,0
20030603,49815,CWLC',OTC,0.3,0.3,550,0,China Wireless Commun Inc,0,0,0
20030604,49815,CWLC',OTC,0.23,0.23,134,0,China Wireless Commun Inc,0,0,0
20030605,49815,CWLC',OTC,0.32,0.32,180,0,China Wireless Commun Inc,0,0,0
20030606,49815,CWLC',OTC,0.31,0.31,35,0,China Wireless Commun Inc,0,0,0
20030609,49815,CWLC',OTC,0.31,0.31,337,0,China Wireless Commun Inc,0,0,0
20030610,49815,CWLC',OTC,0.22,0.22,12,0,China Wireless Commun Inc,0,0,0
20030611,49815,CWLC',OTC,0.3,0.3,1339,0,China Wireless Commun Inc,0,0,0
20030612,49815,CWLC',OTC,0.27,0.27,300,0,China Wireless Commun Inc,0,0,0
20030613,49815,CWLC',OTC,0.27,0.27,190,0,China Wireless Commun Inc,0,0,0
20030616,49815,CWLC',OTC,0.4,0.4,766,0,China Wireless Commun Inc,0,0,0
20030617,49815,CWLC',OTC,0.46,0.46,3832,0,China Wireless Commun Inc,0,0,0
20030618,49815,CWLC',OTC,0.42,0.42,1278,0,China Wireless Commun Inc,0,0,0
20030619,49815,CWLC',OTC,0.41,0.41,486,0,China Wireless Commun Inc,0,0,0
20030620,49815,CWLC',OTC,0.42,0.42,301,0,China Wireless Commun Inc,0,0,0
20030623,49815,CWLC',OTC,0.42,0.42,40,0,China Wireless Commun Inc,0,0,0
20030624,49815,CWLC',OTC,0.43,0.43,829,0,China Wireless Commun Inc,0,0,0
20030625,49815,CWLC',OTC,0.43,0.43,90,0,China Wireless Commun Inc,0,0,0
20030626,49815,CWLC',OTC,0.43,0.43,50,0,China Wireless Commun Inc,0,0,0
20030627,49815,CWLC',OTC,0.44,0.44,98,0,China Wireless Commun Inc,0,0,0
20030630,49815,CWLC',OTC,0.41,0.41,154,0,China Wireless Commun Inc,0,0,0
20030701,49815,CWLC',OTC,0.46,0.46,380,0,China Wireless Commun Inc,0,0,0
20030702,49815,CWLC',OTC,0.41,0.41,492,0,China Wireless Commun Inc,0,0,0
20030703,49815,CWLC',OTC,0.47,0.47,322,0,China Wireless Commun Inc,0,0,0
20030707,49815,CWLC',OTC,0.47,0.47,64,0,China Wireless Commun Inc,0,0,0
20030708,49815,CWLC',OTC,0.51,0.51,9449,0,China Wireless Commun Inc,0,0,0
20030709,49815,CWLC',OTC,0.5,0.5,1808,0,China Wireless Commun Inc,0,0,0
20030710,49815,CWLC',OTC,0.4,0.4,3561,0,China Wireless Commun Inc,0,0,0
20030711,49815,CWLC',OTC,0.42,0.42,2817,0,China Wireless Commun Inc,0,0,0
20030714,49815,CWLC',OTC,0.51,0.51,1774,0,China Wireless Commun Inc,0,0,0
20030715,49815,CWLC',OTC,0.7,0.7,12444,0,China Wireless Commun Inc,0,0,0
20030716,49815,CWLC',OTC,0.61,0.61,3700,0,China Wireless Commun Inc,0,0,0
20030717,49815,CWLC',OTC,0.6,0.6,1427,0,China Wireless Commun Inc,0,0,0
20030718,49815,CWLC',OTC,0.64,0.64,848,0,China Wireless Commun Inc,0,0,0
20030721,49815,CWLC',OTC,0.6,0.6,512,0,China Wireless Commun Inc,0,0,0
20030722,49815,CWLC',OTC,0.65,0.65,1633,0,China Wireless Commun Inc,0,0,0
20030723,49815,CWLC',OTC,0.61,0.61,1574,0,China Wireless Commun Inc,0,0,0
20030724,49815,CWLC',OTC,0.6,0.6,332,0,China Wireless Commun Inc,0,0,0
20030725,49815,CWLC',OTC,0.61,0.61,644,0,China Wireless Commun Inc,0,0,0
20030728,49815,CWLC',OTC,0.6,0.6,124,0,China Wireless Commun Inc,0,0,0
20030729,49815,CWLC',OTC,0.55,0.55,357,0,China Wireless Commun Inc,0,0,0
20030730,49815,CWLC',OTC,0.56,0.56,586,0,China Wireless Commun Inc,0,0,0
20030731,49815,CWLC',OTC,0.62,0.62,873,0,China Wireless Commun Inc,0,0,0
20030801,49815,CWLC',OTC,0.63,0.63,321,0,China Wireless Commun Inc,0,0,0
20030804,49815,CWLC',OTC,0.65,0.65,654,0,China Wireless Commun Inc,0,0,0
20030805,49815,CWLC',OTC,0.61,0.61,661,0,China Wireless Commun Inc,0,0,0
20030806,49815,CWLC',OTC,0.55,0.55,649,0,China Wireless Commun Inc,0,0,0
20030807,49815,CWLC',OTC,0.57,0.57,1011,0,China Wireless Commun Inc,0,0,0
20030808,49815,CWLC',OTC,0.6,0.6,1184,0,China Wireless Commun Inc,0,0,0
20030811,49815,CWLC',OTC,0.57,0.57,373,0,China Wireless Commun Inc,0,0,0
20030812,49815,CWLC',OTC,0.54,0.54,505,0,China Wireless Commun Inc,0,0,0
20030813,49815,CWLC',OTC,0.52,0.52,89,0,China Wireless Commun Inc,0,0,0
20030814,49815,CWLC',OTC,0.57,0.57,1124,0,China Wireless Commun Inc,0,0,0
20030815,49815,CWLC',OTC,0.69,0.69,3372,0,China Wireless Commun Inc,0,0,0
20030818,49815,CWLC',OTC,0.95,0.95,11258,0,China Wireless Commun Inc,0,0,0
20030819,49815,CWLC',OTC,0.94,0.94,11525,0,China Wireless Commun Inc,0,0,0
20030820,49815,CWLC',OTC,0.94,0.94,3530,0,China Wireless Commun Inc,0,0,0
20030821,49815,CWLC',OTC,1.09,1.09,18445,0,China Wireless Commun Inc,0,0,0
20030822,49815,CWLC',OTC,0.99,0.99,10265,0,China Wireless Commun Inc,0,0,0
20030825,49815,CWLC',OTC,0.95,0.95,1949,0,China Wireless Commun Inc,0,0,0
20030826,49815,CWLC',OTC,0.9,0.9,1663,0,China Wireless Commun Inc,0,0,0
20030827,49815,CWLC',OTC,0.85,0.85,1282,0,China Wireless Commun Inc,0,0,0
20030828,49815,CWLC',OTC,0.8,0.8,2100,0,China Wireless Commun Inc,0,0,0
20030829,49815,CWLC',OTC,0.73,0.73,1930,0,China Wireless Commun Inc,0,0,0
20030902,49815,CWLC',OTC,0.73,0.73,1753,0,China Wireless Commun Inc,0,0,0
20030903,49815,CWLC',OTC,0.73,0.73,560,0,China Wireless Commun Inc,0,0,0
20030904,49815,CWLC',OTC,0.76,0.76,581,0,China Wireless Commun Inc,0,0,0
20030905,49815,CWLC',OTC,0.77,0.77,1512,0,China Wireless Commun Inc,0,0,0
20030908,49815,CWLC',OTC,0.75,0.75,959,0,China Wireless Commun Inc,0,0,0
20030909,49815,CWLC',OTC,0.73,0.73,2660,0,China Wireless Commun Inc,0,0,0
20030910,49815,CWLC',OTC,0.76,0.76,2083,0,China Wireless Commun Inc,0,0,0
20030911,49815,CWLC',OTC,0.75,0.75,655,0,China Wireless Commun Inc,0,0,0
20030912,49815,CWLC',OTC,0.72,0.72,590,0,China Wireless Commun Inc,0,0,0
20030915,49815,CWLC',OTC,0.61,0.61,1570,0,China Wireless Commun Inc,0,0,0
20030916,49815,CWLC',OTC,0.62,0.62,2113,0,China Wireless Commun Inc,0,0,0
20030917,49815,CWLC',OTC,0.65,0.65,2324,0,China Wireless Commun Inc,0,0,0
20030918,49815,CWLC',OTC,0.7,0.7,1233,0,China Wireless Commun Inc,0,0,0
20030919,49815,CWLC',OTC,0.82,0.82,2920,0,China Wireless Commun Inc,0,0,0
20030922,49815,CWLC',OTC,0.91,0.91,2555,0,China Wireless Commun Inc,0,0,0
20030923,49815,CWLC',OTC,0.82,0.82,1828,0,China Wireless Commun Inc,0,0,0
20030924,49815,CWLC',OTC,0.79,0.79,626,0,China Wireless Commun Inc,0,0,0
20030925,49815,CWLC',OTC,0.8,0.8,1220,0,China Wireless Commun Inc,0,0,0
20030926,49815,CWLC',OTC,0.75,0.75,649,0,China Wireless Commun Inc,0,0,0
20030929,49815,CWLC',OTC,0.8,0.8,1189,0,China Wireless Commun Inc,0,0,0
20030930,49815,CWLC',OTC,0.77,0.77,1356,0,China Wireless Commun Inc,0,0,0
20031001,49815,CWLC',OTC,0.74,0.74,1216,0,China Wireless Commun Inc,0,0,0
20031002,49815,CWLC',OTC,0.75,0.75,122,0,China Wireless Commun Inc,0,0,0
20031003,49815,CWLC',OTC,0.76,0.76,429,0,China Wireless Commun Inc,0,0,0
20031006,49815,CWLC',OTC,0.72,0.72,688,0,China Wireless Commun Inc,0,0,0
20031007,49815,CWLC',OTC,0.66,0.66,1669,0,China Wireless Commun Inc,0,0,0
20031008,49815,CWLC',OTC,0.67,0.67,1112,0,China Wireless Commun Inc,0,0,0
20031009,49815,CWLC',OTC,0.72,0.72,1894,0,China Wireless Commun Inc,0,0,0
20031010,49815,CWLC',OTC,0.64,0.64,253,0,China Wireless Commun Inc,0,0,0
20031013,49815,CWLC',OTC,0.65,0.65,1211,0,China Wireless Commun Inc,0,0,0
20031014,49815,CWLC',OTC,0.6,0.6,760,0,China Wireless Commun Inc,0,0,0
20031015,49815,CWLC',OTC,0.6,0.6,748,0,China Wireless Commun Inc,0,0,0
20031016,49815,CWLC',OTC,0.65,0.65,1115,0,China Wireless Commun Inc,0,0,0
20031017,49815,CWLC',OTC,0.65,0.65,765,0,China Wireless Commun Inc,0,0,0
20031020,49815,CWLC',OTC,0.65,0.65,931,0,China Wireless Commun Inc,0,0,0
20031021,49815,CWLC',OTC,0.6,0.6,1003,0,China Wireless Commun Inc,0,0,0
20031022,49815,CWLC',OTC,0.6,0.6,1118,0,China Wireless Commun Inc,0,0,0
20031023,49815,CWLC',OTC,0.6,0.6,427,0,China Wireless Commun Inc,0,0,0
20031024,49815,CWLC',OTC,0.63,0.63,729,0,China Wireless Commun Inc,0,0,0
20031027,49815,CWLC',OTC,0.66,0.66,1107,0,China Wireless Commun Inc,0,0,0
20031028,49815,CWLC',OTC,0.72,0.72,1597,0,China Wireless Commun Inc,0,0,0
20031029,49815,CWLC',OTC,0.82,0.82,17062,0,China Wireless Commun Inc,0,0,0
20031030,49815,CWLC',OTC,0.78,0.78,6586,0,China Wireless Commun Inc,0,0,0
20031031,49815,CWLC',OTC,0.71,0.71,3476,0,China Wireless Commun Inc,0,0,0
20031103,49815,CWLC',OTC,0.66,0.66,2815,0,China Wireless Commun Inc,0,0,0
20031104,49815,CWLC',OTC,0.68,0.68,996,0,China Wireless Commun Inc,0,0,0
20031105,49815,CWLC',OTC,0.67,0.67,1062,0,China Wireless Commun Inc,0,0,0
20031106,49815,CWLC',OTC,0.72,0.72,1535,0,China Wireless Commun Inc,0,0,0
20031107,49815,CWLC',OTC,0.82,0.82,2428,0,China Wireless Commun Inc,0,0,0
20031110,49815,CWLC',OTC,0.78,0.78,1737,0,China Wireless Commun Inc,0,0,0
20031111,49815,CWLC',OTC,0.7,0.7,878,0,China Wireless Commun Inc,0,0,0
20031112,49815,CWLC',OTC,0.77,0.77,598,0,China Wireless Commun Inc,0,0,0
20031113,49815,CWLC',OTC,0.78,0.78,197,0,China Wireless Commun Inc,0,0,0
20031114,49815,CWLC',OTC,0.7,0.7,557,0,China Wireless Commun Inc,0,0,0
20031117,49815,CWLC',OTC,0.7,0.7,1000,0,China Wireless Commun Inc,0,0,0
20031118,49815,CWLC',OTC,0.65,0.65,433,0,China Wireless Commun Inc,0,0,0
20031119,49815,CWLC',OTC,0.66,0.66,422,0,China Wireless Commun Inc,0,0,0
20031120,49815,CWLC',OTC,0.7,0.7,1642,0,China Wireless Commun Inc,0,0,0
20031121,49815,CWLC',OTC,0.68,0.68,1650,0,China Wireless Commun Inc,0,0,0
20031124,49815,CWLC',OTC,0.67,0.67,521,0,China Wireless Commun Inc,0,0,0
20031125,49815,CWLC',OTC,0.68,0.68,990,0,China Wireless Commun Inc,0,0,0
20031126,49815,CWLC',OTC,0.66,0.66,255,0,China Wireless Commun Inc,0,0,0
20031128,49815,CWLC',OTC,0.66,0.66,189,0,China Wireless Commun Inc,0,0,0
20031201,49815,CWLC',OTC,0.62,0.62,1337,0,China Wireless Commun Inc,0,0,0
20031202,49815,CWLC',OTC,0.56,0.56,2214,0,China Wireless Commun Inc,0,0,0
20031203,49815,CWLC',OTC,0.64,0.64,2695,0,China Wireless Commun Inc,0,0,0
20031204,49815,CWLC',OTC,0.66,0.66,561,0,China Wireless Commun Inc,0,0,0
20031205,49815,CWLC',OTC,0.63,0.63,343,0,China Wireless Commun Inc,0,0,0
20031208,49815,CWLC',OTC,0.58,0.58,1330,0,China Wireless Commun Inc,0,0,0
20031209,49815,CWLC',OTC,0.56,0.56,546,0,China Wireless Commun Inc,0,0,0
20031210,49815,CWLC',OTC,0.57,0.57,572,0,China Wireless Commun Inc,0,0,0
20031211,49815,CWLC',OTC,0.53,0.53,1942,0,China Wireless Commun Inc,0,0,0
20031212,49815,CWLC',OTC,0.6,0.6,1307,0,China Wireless Commun Inc,0,0,0
20031215,49815,CWLC',OTC,0.55,0.55,654,0,China Wireless Commun Inc,0,0,0
20031216,49815,CWLC',OTC,0.52,0.52,1299,0,China Wireless Commun Inc,0,0,0
20031217,49815,CWLC',OTC,0.51,0.51,1456,0,China Wireless Commun Inc,0,0,0
20031218,49815,CWLC',OTC,0.5,0.5,599,0,China Wireless Commun Inc,0,0,0
20031219,49815,CWLC',OTC,0.5,0.5,1352,0,China Wireless Commun Inc,0,0,0
20031222,49815,CWLC',OTC,0.5,0.5,378,0,China Wireless Commun Inc,0,0,0
20031223,49815,CWLC',OTC,0.53,0.53,1421,0,China Wireless Commun Inc,0,0,0
20031224,49815,CWLC',OTC,0.54,0.54,58,0,China Wireless Commun Inc,0,0,0
20031226,49815,CWLC',OTC,0.54,0.54,190,0,China Wireless Commun Inc,0,0,0
20031229,49815,CWLC',OTC,0.5,0.5,1517,0,China Wireless Commun Inc,0,0,0
20031230,49815,CWLC',OTC,0.49,0.49,1176,0,China Wireless Commun Inc,0,0,0
20031231,49815,CWLC',OTC,0.47,0.47,676,0,China Wireless Commun Inc,0,0,0
20040102,49815,CWLC',OTC,0.55,0.55,890,0,China Wireless Commun Inc,0,0,0
20040105,49815,CWLC',OTC,0.56,0.56,832,0,China Wireless Commun Inc,0,0,0
20040106,49815,CWLC',OTC,0.61,0.61,484,0,China Wireless Commun Inc,0,0,0
20040107,49815,CWLC',OTC,0.55,0.55,421,0,China Wireless Commun Inc,0,0,0
20040108,49815,CWLC',OTC,0.59,0.59,1207,0,China Wireless Commun Inc,0,0,0
20040109,49815,CWLC',OTC,0.57,0.57,830,0,China Wireless Commun Inc,0,0,0
20040112,49815,CWLC',OTC,0.67,0.67,2340,0,China Wireless Commun Inc,0,0,0
20040113,49815,CWLC',OTC,0.79,0.79,6459,0,China Wireless Commun Inc,0,0,0
20040114,49815,CWLC',OTC,0.8,0.8,8912,0,China Wireless Commun Inc,0,0,0
20040115,49815,CWLC',OTC,0.79,0.79,1219,0,China Wireless Commun Inc,0,0,0
20040116,49815,CWLC',OTC,0.7,0.7,2614,0,China Wireless Commun Inc,0,0,0
20040120,49815,CWLC',OTC,0.8,0.8,2058,0,China Wireless Commun Inc,0,0,0
20040121,49815,CWLC',OTC,0.76,0.76,1739,0,China Wireless Commun Inc,0,0,0
20040122,49815,CWLC',OTC,0.69,0.69,1865,0,China Wireless Commun Inc,0,0,0
20040123,49815,CWLC',OTC,0.65,0.65,1951,0,China Wireless Commun Inc,0,0,0
20040126,49815,CWLC',OTC,0.7,0.7,548,0,China Wireless Commun Inc,0,0,0
20040127,49815,CWLC',OTC,0.73,0.73,1171,0,China Wireless Commun Inc,0,0,0
20040128,49815,CWLC',OTC,0.71,0.71,427,0,China Wireless Commun Inc,0,0,0
20040129,49815,CWLC',OTC,0.73,0.73,835,0,China Wireless Commun Inc,0,0,0
20040130,49815,CWLC',OTC,0.73,0.73,117,0,China Wireless Commun Inc,0,0,0
20040202,49815,CWLC',OTC,0.69,0.69,749,0,China Wireless Commun Inc,0,0,0
20040203,49815,CWLC',OTC,0.7,0.7,1291,0,China Wireless Commun Inc,0,0,0
20040204,49815,CWLC',OTC,0.67,0.67,746,0,China Wireless Commun Inc,0,0,0
20040205,49815,CWLC',OTC,0.63,0.63,549,0,China Wireless Commun Inc,0,0,0
20040206,49815,CWLC',OTC,0.66,0.66,606,0,China Wireless Commun Inc,0,0,0
20040209,49815,CWLC',OTC,0.66,0.66,187,0,China Wireless Commun Inc,0,0,0
20040210,49815,CWLC',OTC,0.64,0.64,591,0,China Wireless Commun Inc,0,0,0
20040211,49815,CWLC',OTC,0.62,0.62,285,0,China Wireless Commun Inc,0,0,0
20040212,49815,CWLC',OTC,0.64,0.64,244,0,China Wireless Commun Inc,0,0,0
20040213,49815,CWLC',OTC,0.68,0.68,731,0,China Wireless Commun Inc,0,0,0
20040217,49815,CWLC',OTC,0.7,0.7,566,0,China Wireless Commun Inc,0,0,0
20040218,49815,CWLC',OTC,0.62,0.62,1050,0,China Wireless Commun Inc,0,0,0
20040219,49815,CWLC',OTC,0.63,0.63,165,0,China Wireless Commun Inc,0,0,0
20040220,49815,CWLC',OTC,0.68,0.68,837,0,China Wireless Commun Inc,0,0,0
20040223,49815,CWLC',OTC,0.68,0.68,103,0,China Wireless Commun Inc,0,0,0
20040224,49815,CWLC',OTC,0.62,0.62,292,0,China Wireless Commun Inc,0,0,0
20040225,49815,CWLC',OTC,0.66,0.66,31,0,China Wireless Commun Inc,0,0,0
20040226,49815,CWLC',OTC,0.64,0.64,339,0,China Wireless Commun Inc,0,0,0
20040227,49815,CWLC',OTC,0.64,0.64,0,0,China Wireless Commun Inc,0,0,0
20040301,49815,CWLC',OTC,0.62,0.62,344,0,China Wireless Commun Inc,0,0,0
20040302,49815,CWLC',OTC,0.62,0.62,307,0,China Wireless Commun Inc,0,0,0
20040303,49815,CWLC',OTC,0.63,0.63,125,0,China Wireless Commun Inc,0,0,0
20040304,49815,CWLC',OTC,0.6,0.6,255,0,China Wireless Commun Inc,0,0,0
20040305,49815,CWLC',OTC,0.62,0.62,242,0,China Wireless Commun Inc,0,0,0
20040308,49815,CWLC',OTC,0.66,0.66,920,0,China Wireless Commun Inc,0,0,0
20040309,49815,CWLC',OTC,0.7,0.7,1364,0,China Wireless Commun Inc,0,0,0
20040310,49815,CWLC',OTC,0.7,0.7,333,0,China Wireless Commun Inc,0,0,0
20040311,49815,CWLC',OTC,0.64,0.64,173,0,China Wireless Commun Inc,0,0,0
20040312,49815,CWLC',OTC,0.6,0.6,483,0,China Wireless Commun Inc,0,0,0
20040315,49815,CWLC',OTC,0.62,0.62,325,0,China Wireless Commun Inc,0,0,0
20040316,49815,CWLC',OTC,0.63,0.63,258,0,China Wireless Commun Inc,0,0,0
20040317,49815,CWLC',OTC,0.65,0.65,472,0,China Wireless Commun Inc,0,0,0
20040318,49815,CWLC',OTC,0.66,0.66,514,0,China Wireless Commun Inc,0,0,0
20040319,49815,CWLC',OTC,0.64,0.64,270,0,China Wireless Commun Inc,0,0,0
20040322,49815,CWLC',OTC,0.57,0.57,2121,0,China Wireless Commun Inc,0,0,0
20040323,49815,CWLC',OTC,0.56,0.56,997,0,China Wireless Commun Inc,0,0,0
20040324,49815,CWLC',OTC,0.6,0.6,252,0,China Wireless Commun Inc,0,0,0
20040325,49815,CWLC',OTC,0.6,0.6,322,0,China Wireless Commun Inc,0,0,0
20040326,49815,CWLC',OTC,0.6,0.6,492,0,China Wireless Commun Inc,0,0,0
20040329,49815,CWLC',OTC,0.58,0.58,28,0,China Wireless Commun Inc,0,0,0
20040330,49815,CWLC',OTC,0.56,0.56,67,0,China Wireless Commun Inc,0,0,0
20040331,49815,CWLC',OTC,0.58,0.58,2852,0,China Wireless Commun Inc,0,0,0
20040401,49815,CWLC',OTC,0.58,0.58,1325,0,China Wireless Commun Inc,0,0,0
20040402,49815,CWLC',OTC,0.55,0.55,538,0,China Wireless Commun Inc,0,0,0
20040405,49815,CWLC',OTC,0.58,0.58,1426,0,China Wireless Commun Inc,0,0,0
20040406,49815,CWLC',OTC,0.59,0.59,811,0,China Wireless Commun Inc,0,0,0
20040407,49815,CWLC',OTC,0.58,0.58,427,0,China Wireless Commun Inc,0,0,0
20040408,49815,CWLC',OTC,0.56,0.56,328,0,China Wireless Commun Inc,0,0,0
20040412,49815,CWLC',OTC,0.55,0.55,199,0,China Wireless Commun Inc,0,0,0
20040413,49815,CWLC',OTC,0.55,0.55,266,0,China Wireless Commun Inc,0,0,0
20040414,49815,CWLC',OTC,0.51,0.51,1483,0,China Wireless Commun Inc,0,0,0
20040415,49815,CWLC',OTC,0.54,0.54,370,0,China Wireless Commun Inc,0,0,0
20040416,49815,CWLC',OTC,0.57,0.57,1289,0,China Wireless Commun Inc,0,0,0
20040419,49815,CWLC',OTC,0.54,0.54,1063,0,China Wireless Commun Inc,0,0,0
20040420,49815,CWLC',OTC,0.52,0.52,601,0,China Wireless Commun Inc,0,0,0
20040421,49815,CWLC',OTC,0.53,0.53,343,0,China Wireless Commun Inc,0,0,0
20040422,49815,CWLC',OTC,0.51,0.51,138,0,China Wireless Commun Inc,0,0,0
20040423,49815,CWLC',OTC,0.52,0.52,676,0,China Wireless Commun Inc,0,0,0
20040426,49815,CWLC',OTC,0.49,0.49,500,0,China Wireless Commun Inc,0,0,0
20040427,49815,CWLC',OTC,0.55,0.55,610,0,China Wireless Commun Inc,0,0,0
20040428,49815,CWLC',OTC,0.55,0.55,98,0,China Wireless Commun Inc,0,0,0
20040429,49815,CWLC',OTC,0.49,0.49,462,0,China Wireless Commun Inc,0,0,0
20040430,49815,CWLC',OTC,0.48,0.48,188,0,China Wireless Commun Inc,0,0,0
20040503,49815,CWLC',OTC,0.45,0.45,1375,0,China Wireless Commun Inc,0,0,0
20040504,49815,CWLC',OTC,0.48,0.48,867,0,China Wireless Commun Inc,0,0,0
20040505,49815,CWLC',OTC,0.45,0.45,154,0,China Wireless Commun Inc,0,0,0
20040506,49815,CWLC',OTC,0.46,0.46,44,0,China Wireless Commun Inc,0,0,0
20040507,49815,CWLC',OTC,0.45,0.45,486,0,China Wireless Commun Inc,0,0,0
20040510,49815,CWLC',OTC,0.44,0.44,252,0,China Wireless Commun Inc,0,0,0
20040511,49815,CWLC',OTC,0.45,0.45,466,0,China Wireless Commun Inc,0,0,0
20040512,49815,CWLC',OTC,0.44,0.44,543,0,China Wireless Commun Inc,0,0,0
20040513,49815,CWLC',OTC,0.44,0.44,0,0,China Wireless Commun Inc,0,0,0
20040514,49815,CWLC',OTC,0.41,0.41,5103,0,China Wireless Commun Inc,0,0,0
20040517,49815,CWLC',OTC,0.39,0.39,5832,0,China Wireless Commun Inc,0,0,0
20040518,49815,CWLC',OTC,0.4,0.4,572,0,China Wireless Commun Inc,0,0,0
20040519,49815,CWLC',OTC,0.37,0.37,605,0,China Wireless Commun Inc,0,0,0
20040520,49815,CWLC',OTC,0.36,0.36,407,0,China Wireless Commun Inc,0,0,0
20040521,49815,CWLC',OTC,0.3,0.3,4427,0,China Wireless Commun Inc,0,0,0
20040524,49815,CWLC',OTC,0.28,0.28,3753,0,China Wireless Commun Inc,0,0,0
20040525,49815,CWLC',OTC,0.27,0.27,995,0,China Wireless Commun Inc,0,0,0
20040526,49815,CWLC',OTC,0.27,0.27,925,0,China Wireless Commun Inc,0,0,0
20040527,49815,CWLC',OTC,0.28,0.28,1051,0,China Wireless Commun Inc,0,0,0
20040528,49815,CWLC',OTC,0.27,0.27,858,0,China Wireless Commun Inc,0,0,0
20040601,49815,CWLC',OTC,0.26,0.26,335,0,China Wireless Commun Inc,0,0,0
20040602,49815,CWLC',OTC,0.19,0.19,11036,0,China Wireless Commun Inc,0,0,0
20040603,49815,CWLC',OTC,0.19,0.19,1435,0,China Wireless Commun Inc,0,0,0
20040604,49815,CWLC',OTC,0.23,0.23,2460,0,China Wireless Commun Inc,0,0,0
20040607,49815,CWLC',OTC,0.26,0.26,549,0,China Wireless Commun Inc,0,0,0
20040608,49815,CWLC',OTC,0.26,0.26,2782,0,China Wireless Commun Inc,0,0,0
20040609,49815,CWLC',OTC,0.28,0.28,782,0,China Wireless Commun Inc,0,0,0
20040610,49815,CWLC',OTC,0.27,0.27,994,0,China Wireless Commun Inc,0,0,0
20040614,49815,CWLC',OTC,0.28,0.28,1135,0,China Wireless Commun Inc,0,0,0
20040615,49815,CWLC',OTC,0.3,0.3,686,0,China Wireless Commun Inc,0,0,0
20040616,49815,CWLC',OTC,0.32,0.32,1049,0,China Wireless Commun Inc,0,0,0
20040617,49815,CWLC',OTC,0.34,0.34,965,0,China Wireless Commun Inc,0,0,0
20040618,49815,CWLC',OTC,0.31,0.31,1355,0,China Wireless Commun Inc,0,0,0
20040621,49815,CWLC',OTC,0.32,0.32,584,0,China Wireless Commun Inc,0,0,0
20040622,49815,CWLC',OTC,0.34,0.34,1565,0,China Wireless Commun Inc,0,0,0
20040623,49815,CWLC',OTC,0.31,0.31,3443,0,China Wireless Commun Inc,0,0,0
20040624,49815,CWLC',OTC,0.31,0.31,396,0,China Wireless Commun Inc,0,0,0
20040625,49815,CWLC',OTC,0.31,0.31,1058,0,China Wireless Commun Inc,0,0,0
20040628,49815,CWLC',OTC,0.33,0.33,220,0,China Wireless Commun Inc,0,0,0
20040629,49815,CWLC',OTC,0.29,0.29,1573,0,China Wireless Commun Inc,0,0,0
20040630,49815,CWLC',OTC,0.3,0.3,426,0,China Wireless Commun Inc,0,0,0
20040701,49815,CWLC',OTC,0.28,0.28,106,0,China Wireless Commun Inc,0,0,0
20040702,49815,CWLC',OTC,0.3,0.3,286,0,China Wireless Commun Inc,0,0,0
20040706,49815,CWLC',OTC,0.26,0.26,458,0,China Wireless Commun Inc,0,0,0
20040707,49815,CWLC',OTC,0.27,0.27,829,0,China Wireless Commun Inc,0,0,0
20040708,49815,CWLC',OTC,0.26,0.26,620,0,China Wireless Commun Inc,0,0,0
20040709,49815,CWLC',OTC,0.27,0.27,281,0,China Wireless Commun Inc,0,0,0
20040712,49815,CWLC',OTC,0.25,0.25,1644,0,China Wireless Commun Inc,0,0,0
20040713,49815,CWLC',OTC,0.3,0.3,11945,0,China Wireless Commun Inc,0,0,0
20040714,49815,CWLC',OTC,0.29,0.29,4744,0,China Wireless Commun Inc,0,0,0
20040715,49815,CWLC',OTC,0.28,0.28,249,0,China Wireless Commun Inc,0,0,0
20040716,49815,CWLC',OTC,0.28,0.28,521,0,China Wireless Commun Inc,0,0,0
20040719,49815,CWLC',OTC,0.28,0.28,479,0,China Wireless Commun Inc,0,0,0
20040720,49815,CWLC',OTC,0.27,0.27,1059,0,China Wireless Commun Inc,0,0,0
20040721,49815,CWLC',OTC,0.25,0.25,688,0,China Wireless Commun Inc,0,0,0
20040722,49815,CWLC',OTC,0.24,0.24,933,0,China Wireless Commun Inc,0,0,0
20040723,49815,CWLC',OTC,0.23,0.23,1046,0,China Wireless Commun Inc,0,0,0
20040726,49815,CWLC',OTC,0.2,0.2,5303,0,China Wireless Commun Inc,0,0,0
20040727,49815,CWLC',OTC,0.19,0.19,934,0,China Wireless Commun Inc,0,0,0
20040728,49815,CWLC',OTC,0.25,0.25,1087,0,China Wireless Commun Inc,0,0,0
20040729,49815,CWLC',OTC,0.25,0.25,367,0,China Wireless Commun Inc,0,0,0
20040730,49815,CWLC',OTC,0.24,0.24,377,0,China Wireless Commun Inc,0,0,0
20040802,49815,CWLC',OTC,0.23,0.23,214,0,China Wireless Commun Inc,0,0,0
20040803,49815,CWLC',OTC,0.25,0.25,51,0,China Wireless Commun Inc,0,0,0
20040804,49815,CWLC',OTC,0.25,0.25,608,0,China Wireless Commun Inc,0,0,0
20040805,49815,CWLC',OTC,0.24,0.24,1131,0,China Wireless Commun Inc,0,0,0
20040806,49815,CWLC',OTC,0.24,0.24,725,0,China Wireless Commun Inc,0,0,0
20040809,49815,CWLC',OTC,0.25,0.25,563,0,China Wireless Commun Inc,0,0,0
20040810,49815,CWLC',OTC,0.21,0.21,2599,0,China Wireless Commun Inc,0,0,0
20040811,49815,CWLC',OTC,0.2,0.2,1802,0,China Wireless Commun Inc,0,0,0
20040812,49815,CWLC',OTC,0.18,0.18,1693,0,China Wireless Commun Inc,0,0,0
20040813,49815,CWLC',OTC,0.18,0.18,550,0,China Wireless Commun Inc,0,0,0
20040816,49815,CWLC',OTC,0.17,0.17,872,0,China Wireless Commun Inc,0,0,0
20040817,49815,CWLC',OTC,0.2,0.2,1171,0,China Wireless Commun Inc,0,0,0
20040818,49815,CWLC',OTC,0.22,0.22,711,0,China Wireless Commun Inc,0,0,0
20040819,49815,CWLC',OTC,0.18,0.18,5796,0,China Wireless Commun Inc,0,0,0
20040820,49815,CWLC',OTC,0.18,0.18,2346,0,China Wireless Commun Inc,0,0,0
20040823,49815,CWLC',OTC,0.17,0.17,2276,0,China Wireless Commun Inc,0,0,0
20040824,49815,CWLC',OTC,0.16,0.16,4122,0,China Wireless Commun Inc,0,0,0
20040825,49815,CWLC',OTC,0.16,0.16,1229,0,China Wireless Commun Inc,0,0,0
20040826,49815,CWLC',OTC,0.16,0.16,1743,0,China Wireless Commun Inc,0,0,0
20040827,49815,CWLC',OTC,0.15,0.15,2312,0,China Wireless Commun Inc,0,0,0
20040830,49815,CWLC',OTC,0.14,0.14,6437,0,China Wireless Commun Inc,0,0,0
20040831,49815,CWLC',OTC,0.12,0.12,3144,0,China Wireless Commun Inc,0,0,0
20040901,49815,CWLC',OTC,0.12,0.12,2584,0,China Wireless Commun Inc,0,0,0
20040902,49815,CWLC',OTC,0.1,0.1,5464,0,China Wireless Commun Inc,0,0,0
20040903,49815,CWLC',OTC,0.1,0.1,8124,0,China Wireless Commun Inc,0,0,0
20040907,49815,CWLC',OTC,0.1,0.1,6625,0,China Wireless Commun Inc,0,0,0
20040908,49815,CWLC',OTC,0.08,0.08,5611,0,China Wireless Commun Inc,0,0,0
20040909,49815,CWLC',OTC,0.09,0.09,2165,0,China Wireless Commun Inc,0,0,0
20040910,49815,CWLC',OTC,0.08,0.08,602,0,China Wireless Commun Inc,0,0,0
20040913,49815,CWLC',OTC,0.07,0.07,1618,0,China Wireless Commun Inc,0,0,0
20040914,49815,CWLC',OTC,0.07,0.07,302,0,China Wireless Commun Inc,0,0,0
20040915,49815,CWLC',OTC,0.07,0.07,1180,0,China Wireless Commun Inc,0,0,0
20040916,49815,CWLC',OTC,0.08,0.08,620,0,China Wireless Commun Inc,0,0,0
20040917,49815,CWLC',OTC,0.1,0.1,1096,0,China Wireless Commun Inc,0,0,0
20040920,49815,CWLC',OTC,0.1,0.1,9299,0,China Wireless Commun Inc,0,0,0
20040921,49815,CWLC',OTC,0.1,0.1,491,0,China Wireless Commun Inc,0,0,0
20040922,49815,CWLC',OTC,0.1,0.1,589,0,China Wireless Commun Inc,0,0,0
20040923,49815,CWLC',OTC,0.1,0.1,1243,0,China Wireless Commun Inc,0,0,0
20040924,49815,CWLC',OTC,0.1,0.1,895,0,China Wireless Commun Inc,0,0,0
20040927,49815,CWLC',OTC,0.09,0.09,146,0,China Wireless Commun Inc,0,0,0
20040928,49815,CWLC',OTC,0.08,0.08,1682,0,China Wireless Commun Inc,0,0,0
20040929,49815,CWLC',OTC,0.07,0.07,2753,0,China Wireless Commun Inc,0,0,0
20040930,49815,CWLC',OTC,0.06,0.06,9266,0,China Wireless Commun Inc,0,0,0
20041001,49815,CWLC',OTC,0.07,0.07,2344,0,China Wireless Commun Inc,0,0,0
20041004,49815,CWLC',OTC,0.06,0.06,3490,0,China Wireless Commun Inc,0,0,0
20041005,49815,CWLC',OTC,0.06,0.06,1593,0,China Wireless Commun Inc,0,0,0
20041006,49815,CWLC',OTC,0.06,0.06,3674,0,China Wireless Commun Inc,0,0,0
20041007,49815,CWLC',OTC,0.06,0.06,1141,0,China Wireless Commun Inc,0,0,0
20041008,49815,CWLC',OTC,0.06,0.06,410,0,China Wireless Commun Inc,0,0,0
20041011,49815,CWLC',OTC,0.06,0.06,60,0,China Wireless Commun Inc,0,0,0
20041012,49815,CWLC',OTC,0.06,0.06,340,0,China Wireless Commun Inc,0,0,0
20041013,49815,CWLC',OTC,0.06,0.06,1342,0,China Wireless Commun Inc,0,0,0
20041014,49815,CWLC',OTC,0.06,0.06,1010,0,China Wireless Commun Inc,0,0,0
20041015,49815,CWLC',OTC,0.06,0.06,1146,0,China Wireless Commun Inc,0,0,0
20041018,49815,CWLC',OTC,0.07,0.07,1260,0,China Wireless Commun Inc,0,0,0
20041019,49815,CWLC',OTC,0.06,0.06,774,0,China Wireless Commun Inc,0,0,0
20041020,49815,CWLC',OTC,0.06,0.06,1950,0,China Wireless Commun Inc,0,0,0
20041021,49815,CWLC',OTC,0.06,0.06,4131,0,China Wireless Commun Inc,0,0,0
20041022,49815,CWLC',OTC,0.05,0.05,2941,0,China Wireless Commun Inc,0,0,0
20041025,49815,CWLC',OTC,0.05,0.05,4186,0,China Wireless Commun Inc,0,0,0
20041026,49815,CWLC',OTC,0.04,0.04,4698,0,China Wireless Commun Inc,0,0,0
20041027,49815,CWLC',OTC,0.04,0.04,2140,0,China Wireless Commun Inc,0,0,0
20041028,49815,CWLC',OTC,0.04,0.04,599,0,China Wireless Commun Inc,0,0,0
20041029,49815,CWLC',OTC,0.04,0.04,501,0,China Wireless Commun Inc,0,0,0
20041101,49815,CWLC',OTC,0.05,0.05,752,0,China Wireless Commun Inc,0,0,0
20041102,49815,CWLC',OTC,0.05,0.05,604,0,China Wireless Commun Inc,0,0,0
20041103,49815,CWLC',OTC,0.05,0.05,650,0,China Wireless Commun Inc,0,0,0
20041104,49815,CWLC',OTC,0.05,0.05,628,0,China Wireless Commun Inc,0,0,0
20041105,49815,CWLC',OTC,0.05,0.05,290,0,China Wireless Commun Inc,0,0,0
20041108,49815,CWLC',OTC,0.04,0.04,3598,0,China Wireless Commun Inc,0,0,0
20041109,49815,CWLC',OTC,0.04,0.04,713,0,China Wireless Commun Inc,0,0,0
20041110,49815,CWLC',OTC,0.04,0.04,2036,0,China Wireless Commun Inc,0,0,0
20041111,49815,CWLC',OTC,0.04,0.04,795,0,China Wireless Commun Inc,0,0,0
20041112,49815,CWLC',OTC,0.05,0.05,2066,0,China Wireless Commun Inc,0,0,0
20041115,49815,CWLC',OTC,0.06,0.06,885,0,China Wireless Commun Inc,0,0,0
20041116,49815,CWLC',OTC,0.09,0.09,7832,0,China Wireless Commun Inc,0,0,0
20041117,49815,CWLC',OTC,0.13,0.13,14418,0,China Wireless Commun Inc,0,0,0
20041118,49815,CWLC',OTC,0.15,0.15,15917,0,China Wireless Commun Inc,0,0,0
20041119,49815,CWLC',OTC,0.11,0.11,7274,0,China Wireless Commun Inc,0,0,0
20041122,49815,CWLC',OTC,0.11,0.11,8639,0,China Wireless Commun Inc,0,0,0
20041123,49815,CWLC',OTC,0.11,0.11,3952,0,China Wireless Commun Inc,0,0,0
20041124,49815,CWLC',OTC,0.12,0.12,4735,0,China Wireless Commun Inc,0,0,0
20041126,49815,CWLC',OTC,0.1,0.1,4594,0,China Wireless Commun Inc,0,0,0
20041129,49815,CWLC',OTC,0.11,0.11,13161,0,China Wireless Commun Inc,0,0,0
20041130,49815,CWLC',OTC,0.1,0.1,1799,0,China Wireless Commun Inc,0,0,0
20041201,49815,CWLC',OTC,0.1,0.1,9121,0,China Wireless Commun Inc,0,0,0
20041202,49815,CWLC',OTC,0.09,0.09,4584,0,China Wireless Commun Inc,0,0,0
20041203,49815,CWLC',OTC,0.09,0.09,4836,0,China Wireless Commun Inc,0,0,0
20041206,49815,CWLC',OTC,0.09,0.09,9161,0,China Wireless Commun Inc,0,0,0
20041207,49815,CWLC',OTC,0.09,0.09,808,0,China Wireless Commun Inc,0,0,0
20041208,49815,CWLC',OTC,0.09,0.09,891,0,China Wireless Commun Inc,0,0,0
20041209,49815,CWLC',OTC,0.09,0.09,390,0,China Wireless Commun Inc,0,0,0
20041210,49815,CWLC',OTC,0.09,0.09,1050,0,China Wireless Commun Inc,0,0,0
20041213,49815,CWLC',OTC,0.08,0.08,1727,0,China Wireless Commun Inc,0,0,0
20041214,49815,CWLC',OTC,0.08,0.08,1301,0,China Wireless Commun Inc,0,0,0
20041215,49815,CWLC',OTC,0.09,0.09,5838,0,China Wireless Commun Inc,0,0,0
20041216,49815,CWLC',OTC,0.08,0.08,985,0,China Wireless Commun Inc,0,0,0
20041217,49815,CWLC',OTC,0.1,0.1,730,0,China Wireless Commun Inc,0,0,0
20041220,49815,CWLC',OTC,0.09,0.09,1161,0,China Wireless Commun Inc,0,0,0
20041221,49815,CWLC',OTC,0.1,0.1,1152,0,China Wireless Commun Inc,0,0,0
20041222,49815,CWLC',OTC,0.1,0.1,2128,0,China Wireless Commun Inc,0,0,0
20041223,49815,CWLC',OTC,0.09,0.09,2505,0,China Wireless Commun Inc,0,0,0
20041227,49815,CWLC',OTC,0.08,0.08,1000,0,China Wireless Commun Inc,0,0,0
20041228,49815,CWLC',OTC,0.09,0.09,1469,0,China Wireless Commun Inc,0,0,0
20041229,49815,CWLC',OTC,0.08,0.08,1887,0,China Wireless Commun Inc,0,0,0
20041230,49815,CWLC',OTC,0.08,0.08,1791,0,China Wireless Commun Inc,0,0,0
20041231,49815,CWLC',OTC,0.08,0.08,974,0,China Wireless Commun Inc,0,0,0
20050103,49815,CWLC',OTC,0.08,0.08,70,0,China Wireless Commun Inc,0,0,0
20050104,49815,CWLC',OTC,0.08,0.08,918,0,China Wireless Commun Inc,0,0,0
20050105,49815,CWLC',OTC,0.08,0.08,450,0,China Wireless Commun Inc,0,0,0
20050106,49815,CWLC',OTC,0.09,0.09,4681,0,China Wireless Commun Inc,0,0,0
20050107,49815,CWLC',OTC,0.08,0.08,1932,0,China Wireless Commun Inc,0,0,0
20050110,49815,CWLC',OTC,0.09,0.09,2364,0,China Wireless Commun Inc,0,0,0
20050111,49815,CWLC',OTC,0.09,0.09,750,0,China Wireless Commun Inc,0,0,0
20050112,49815,CWLC',OTC,0.09,0.09,332,0,China Wireless Commun Inc,0,0,0
20050113,49815,CWLC',OTC,0.08,0.08,1616,0,China Wireless Commun Inc,0,0,0
20050114,49815,CWLC',OTC,0.07,0.07,3865,0,China Wireless Commun Inc,0,0,0
20050118,49815,CWLC',OTC,0.07,0.07,2520,0,China Wireless Commun Inc,0,0,0
20050119,49815,CWLC',OTC,0.07,0.07,1909,0,China Wireless Commun Inc,0,0,0
20050120,49815,CWLC',OTC,0.06,0.06,2898,0,China Wireless Commun Inc,0,0,0
20050121,49815,CWLC',OTC,0.06,0.06,65,0,China Wireless Commun Inc,0,0,0
20050124,49815,CWLC',OTC,0.06,0.06,435,0,China Wireless Commun Inc,0,0,0
20050125,49815,CWLC',OTC,0.06,0.06,5846,0,China Wireless Commun Inc,0,0,0
20050126,49815,CWLC',OTC,0.06,0.06,3994,0,China Wireless Commun Inc,0,0,0
20050127,49815,CWLC',OTC,0.07,0.07,1017,0,China Wireless Commun Inc,0,0,0
20050128,49815,CWLC',OTC,0.07,0.07,1609,0,China Wireless Commun Inc,0,0,0
20050131,49815,CWLC',OTC,0.06,0.06,373,0,China Wireless Commun Inc,0,0,0
20050201,49815,CWLC',OTC,0.07,0.07,500,0,China Wireless Commun Inc,0,0,0
20050202,49815,CWLC',OTC,0.07,0.07,1691,0,China Wireless Commun Inc,0,0,0
20050203,49815,CWLC',OTC,0.06,0.06,763,0,China Wireless Commun Inc,0,0,0
20050204,49815,CWLC',OTC,0.06,0.06,565,0,China Wireless Commun Inc,0,0,0
20050207,49815,CWLC',OTC,0.06,0.06,935,0,China Wireless Commun Inc,0,0,0
20050208,49815,CWLC',OTC,0.07,0.07,3814,0,China Wireless Commun Inc,0,0,0
20050209,49815,CWLC',OTC,0.06,0.06,1938,0,China Wireless Commun Inc,0,0,0
20050210,49815,CWLC',OTC,0.06,0.06,693,0,China Wireless Commun Inc,0,0,0
20050211,49815,CWLC',OTC,0.05,0.05,1294,0,China Wireless Commun Inc,0,0,0
20050214,49815,CWLC',OTC,0.06,0.06,800,0,China Wireless Commun Inc,0,0,0
20050215,49815,CWLC',OTC,0.05,0.05,5462,0,China Wireless Commun Inc,0,0,0
20050216,49815,CWLC',OTC,0.05,0.05,837,0,China Wireless Commun Inc,0,0,0
20050217,49815,CWLC',OTC,0.05,0.05,1468,0,China Wireless Commun Inc,0,0,0
20050218,49815,CWLC',OTC,0.05,0.05,170,0,China Wireless Commun Inc,0,0,0
20050222,49815,CWLC',OTC,0.05,0.05,1241,0,China Wireless Commun Inc,0,0,0
20050223,49815,CWLC',OTC,0.05,0.05,1310,0,China Wireless Commun Inc,0,0,0
20050224,49815,CWLC',OTC,0.05,0.05,105,0,China Wireless Commun Inc,0,0,0
20050225,49815,CWLC',OTC,0.05,0.05,2934,0,China Wireless Commun Inc,0,0,0
20050228,49815,CWLC',OTC,0.05,0.05,1265,0,China Wireless Commun Inc,0,0,0
20050301,49815,CWLC',OTC,0.04,0.04,412,0,China Wireless Commun Inc,0,0,0
20050302,49815,CWLC',OTC,0.04,0.04,877,0,China Wireless Commun Inc,0,0,0
20050303,49815,CWLC',OTC,0.04,0.04,6614,0,China Wireless Commun Inc,0,0,0
20050304,49815,CWLC',OTC,0.04,0.04,1628,0,China Wireless Commun Inc,0,0,0
20050307,49815,CWLC',OTC,0.06,0.06,7095,0,China Wireless Commun Inc,0,0,0
20050308,49815,CWLC',OTC,0.06,0.06,13606,0,China Wireless Commun Inc,0,0,0
20050309,49815,CWLC',OTC,0.08,0.08,9152,0,China Wireless Commun Inc,0,0,0
20050310,49815,CWLC',OTC,0.07,0.07,2651,0,China Wireless Commun Inc,0,0,0
20050311,49815,CWLC',OTC,0.08,0.08,5019,0,China Wireless Commun Inc,0,0,0
20050314,49815,CWLC',OTC,0.08,0.08,5799,0,China Wireless Commun Inc,0,0,0
20050315,49815,CWLC',OTC,0.08,0.08,997,0,China Wireless Commun Inc,0,0,0
20050316,49815,CWLC',OTC,0.08,0.08,275,0,China Wireless Commun Inc,0,0,0
20050317,49815,CWLC',OTC,0.06,0.06,1301,0,China Wireless Commun Inc,0,0,0
20050318,49815,CWLC',OTC,0.07,0.07,1051,0,China Wireless Commun Inc,0,0,0
20050321,49815,CWLC',OTC,0.07,0.07,1067,0,China Wireless Commun Inc,0,0,0
20050322,49815,CWLC',OTC,0.07,0.07,441,0,China Wireless Commun Inc,0,0,0
20050323,49815,CWLC',OTC,0.06,0.06,780,0,China Wireless Commun Inc,0,0,0
20050324,49815,CWLC',OTC,0.06,0.06,3086,0,China Wireless Commun Inc,0,0,0
20050328,49815,CWLC',OTC,0.06,0.06,786,0,China Wireless Commun Inc,0,0,0
20050329,49815,CWLC',OTC,0.06,0.06,1791,0,China Wireless Commun Inc,0,0,0
20050330,49815,CWLC',OTC,0.06,0.06,2227,0,China Wireless Commun Inc,0,0,0
20050331,49815,CWLC',OTC,0.06,0.06,1618,0,China Wireless Commun Inc,0,0,0
20050401,49815,CWLC',OTC,0.06,0.06,2002,0,China Wireless Commun Inc,0,0,0
20050404,49815,CWLC',OTC,0.06,0.06,280,0,China Wireless Commun Inc,0,0,0
20050405,49815,CWLC',OTC,0.05,0.05,917,0,China Wireless Commun Inc,0,0,0
20050406,49815,CWLC',OTC,0.05,0.05,3857,0,China Wireless Commun Inc,0,0,0
20050407,49815,CWLC',OTC,0.05,0.05,1728,0,China Wireless Commun Inc,0,0,0
20050408,49815,CWLC',OTC,0.05,0.05,993,0,China Wireless Commun Inc,0,0,0
20050411,49815,CWLC',OTC,0.05,0.05,414,0,China Wireless Commun Inc,0,0,0
20050412,49815,CWLC',OTC,0.05,0.05,3110,0,China Wireless Commun Inc,0,0,0
20050413,49815,CWLC',OTC,0.05,0.05,1912,0,China Wireless Commun Inc,0,0,0
20050414,49815,CWLC',OTC,0.05,0.05,1094,0,China Wireless Commun Inc,0,0,0
20050415,49815,CWLC',OTC,0.05,0.05,374,0,China Wireless Commun Inc,0,0,0
20050418,49815,CWLC',OTC,0.04,0.04,980,0,China Wireless Commun Inc,0,0,0
20050419,49815,CWLC',OTC,0.04,0.04,4002,0,China Wireless Commun Inc,0,0,0
20050420,49815,CWLC',OTC,0.04,0.04,1945,0,China Wireless Commun Inc,0,0,0
20050421,49815,CWLC',OTC,0.04,0.04,2722,0,China Wireless Commun Inc,0,0,0
20050422,49815,CWLC',OTC,0.04,0.04,630,0,China Wireless Commun Inc,0,0,0
20050425,49815,CWLC',OTC,0.04,0.04,1176,0,China Wireless Commun Inc,0,0,0
20050426,49815,CWLC',OTC,0.04,0.04,804,0,China Wireless Commun Inc,0,0,0
20050427,49815,CWLC',OTC,0.04,0.04,160,0,China Wireless Commun Inc,0,0,0
20050428,49815,CWLC',OTC,0.04,0.04,2150,0,China Wireless Commun Inc,0,0,0
20050429,49815,CWLC',OTC,0.04,0.04,729,0,China Wireless Commun Inc,0,0,0
20050502,49815,CWLC',OTC,0.04,0.04,3000,0,China Wireless Commun Inc,0,0,0
20050503,49815,CWLC',OTC,0.03,0.03,4901,0,China Wireless Commun Inc,0,0,0
20050504,49815,CWLC',OTC,0.04,0.04,2955,0,China Wireless Commun Inc,0,0,0
20050505,49815,CWLC',OTC,0.04,0.04,2800,0,China Wireless Commun Inc,0,0,0
20050506,49815,CWLC',OTC,0.04,0.04,775,0,China Wireless Commun Inc,0,0,0
20050509,49815,CWLC',OTC,0.04,0.04,935,0,China Wireless Commun Inc,0,0,0
20050510,49815,CWLC',OTC,0.04,0.04,675,0,China Wireless Commun Inc,0,0,0
20050511,49815,CWLC',OTC,0.04,0.04,1626,0,China Wireless Commun Inc,0,0,0
20050512,49815,CWLC',OTC,0.03,0.03,5527,0,China Wireless Commun Inc,0,0,0
20050513,49815,CWLC',OTC,0.03,0.03,2485,0,China Wireless Commun Inc,0,0,0
20050516,49815,CWLC',OTC,0.03,0.03,870,0,China Wireless Commun Inc,0,0,0
20050517,49815,CWLC',OTC,0.03,0.03,295,0,China Wireless Commun Inc,0,0,0
20050518,49815,CWLC',OTC,0.03,0.03,589,0,China Wireless Commun Inc,0,0,0
20050519,49815,CWLC',OTC,0.03,0.03,720,0,China Wireless Commun Inc,0,0,0
20050520,49815,CWLC',OTC,0.03,0.03,3080,0,China Wireless Commun Inc,0,0,0
20050523,49815,CWLC',OTC,0.03,0.03,3704,0,China Wireless Commun Inc,0,0,0
20050524,49815,CWLC',OTC,0.03,0.03,180,0,China Wireless Commun Inc,0,0,0
20050525,49815,CWLC',OTC,0.03,0.03,38,0,China Wireless Commun Inc,0,0,0
20050526,49815,CWLC',OTC,0.03,0.03,1871,0,China Wireless Commun Inc,0,0,0
20050527,49815,CWLC',OTC,0.03,0.03,100,0,China Wireless Commun Inc,0,0,0
20050531,49815,CWLC',OTC,0.03,0.03,1314,0,China Wireless Commun Inc,0,0,0
20050601,49815,CWLC',OTC,0.03,0.03,1202,0,China Wireless Commun Inc,0,0,0
20050602,49815,CWLC',OTC,0.03,0.03,305,0,China Wireless Commun Inc,0,0,0
20050603,49815,CWLC',OTC,0.03,0.03,439,0,China Wireless Commun Inc,0,0,0
20050606,49815,CWLC',OTC,0.03,0.03,1272,0,China Wireless Commun Inc,0,0,0
20050607,49815,CWLC',OTC,0.03,0.03,7518,0,China Wireless Commun Inc,0,0,0
20050608,49815,CWLC',OTC,0.03,0.03,4759,0,China Wireless Commun Inc,0,0,0
20050609,49815,CWLC',OTC,0.03,0.03,960,0,China Wireless Commun Inc,0,0,0
20050610,49815,CWLC',OTC,0.03,0.03,924,0,China Wireless Commun Inc,0,0,0
20050613,49815,CWLC',OTC,0.03,0.03,1665,0,China Wireless Commun Inc,0,0,0
20050614,49815,CWLC',OTC,0.03,0.03,990,0,China Wireless Commun Inc,0,0,0
20050615,49815,CWLC',OTC,0.03,0.03,832,0,China Wireless Commun Inc,0,0,0
20050616,49815,CWLC',OTC,0.03,0.03,5842,0,China Wireless Commun Inc,0,0,0
20050617,49815,CWLC',OTC,0.03,0.03,3053,0,China Wireless Commun Inc,0,0,0
20050620,49815,CWLC',OTC,0.03,0.03,1886,0,China Wireless Commun Inc,0,0,0
20050621,49815,CWLC',OTC,0.03,0.03,4045,0,China Wireless Commun Inc,0,0,0
20050622,49815,CWLC',OTC,0.02,0.02,4565,0,China Wireless Commun Inc,0,0,0
20050623,49815,CWLC',OTC,0.02,0.02,3846,0,China Wireless Commun Inc,0,0,0
20050624,49815,CWLC',OTC,0.02,0.02,2948,0,China Wireless Commun Inc,0,0,0
20050627,49815,CWLC',OTC,0.03,0.03,14945,0,China Wireless Commun Inc,0,0,0
20050628,49815,CWLC',OTC,0.03,0.03,8477,0,China Wireless Commun Inc,0,0,0
20050629,49815,CWLC',OTC,0.02,0.02,1330,0,China Wireless Commun Inc,0,0,0
20050630,49815,CWLC',OTC,0.02,0.02,10385,0,China Wireless Commun Inc,0,0,0
20050701,49815,CWLC',OTC,0.02,0.02,4455,0,China Wireless Commun Inc,0,0,0
20050705,49815,CWLC',OTC,0.03,0.03,15656,0,China Wireless Commun Inc,0,0,0
20050706,49815,CWLC',OTC,0.03,0.03,5325,0,China Wireless Commun Inc,0,0,0
20050707,49815,CWLC',OTC,0.03,0.03,4144,0,China Wireless Commun Inc,0,0,0
20050708,49815,CWLC',OTC,0.03,0.03,5419,0,China Wireless Commun Inc,0,0,0
20050711,49815,CWLC',OTC,0.03,0.03,3060,0,China Wireless Commun Inc,0,0,0
20050712,49815,CWLC',OTC,0.03,0.03,1392,0,China Wireless Commun Inc,0,0,0
20050713,49815,CWLC',OTC,0.03,0.03,669,0,China Wireless Commun Inc,0,0,0
20050714,49815,CWLC',OTC,0.03,0.03,4190,0,China Wireless Commun Inc,0,0,0
20050715,49815,CWLC',OTC,0.03,0.03,9086,0,China Wireless Commun Inc,0,0,0
20050718,49815,CWLC',OTC,0.03,0.03,4003,0,China Wireless Commun Inc,0,0,0
20050719,49815,CWLC',OTC,0.03,0.03,2990,0,China Wireless Commun Inc,0,0,0
20050720,49815,CWLC',OTC,0.03,0.03,4359,0,China Wireless Commun Inc,0,0,0
20050721,49815,CWLC',OTC,0.03,0.03,6498,0,China Wireless Commun Inc,0,0,0
20050722,49815,CWLC',OTC,0.03,0.03,2390,0,China Wireless Commun Inc,0,0,0
20050725,49815,CWLC',OTC,0.03,0.03,3773,0,China Wireless Commun Inc,0,0,0
20050726,49815,CWLC',OTC,0.03,0.03,2554,0,China Wireless Commun Inc,0,0,0
20050727,49815,CWLC',OTC,0.03,0.03,4911,0,China Wireless Commun Inc,0,0,0
20050728,49815,CWLC',OTC,0.03,0.03,1090,0,China Wireless Commun Inc,0,0,0
20050729,49815,CWLC',OTC,0.03,0.03,3070,0,China Wireless Commun Inc,0,0,0
20050801,49815,CWLC',OTC,0.03,0.03,3684,0,China Wireless Commun Inc,0,0,0
20050802,49815,CWLC',OTC,0.03,0.03,5565,0,China Wireless Commun Inc,0,0,0
20050803,49815,CWLC',OTC,0.08,0.08,75390,0,China Wireless Commun Inc,0,0,0
20050804,49815,CWLC',OTC,0.06,0.06,21071,0,China Wireless Commun Inc,0,0,0
20050805,49815,CWLC',OTC,0.07,0.07,20294,0,China Wireless Commun Inc,0,0,0
20050808,49815,CWLC',OTC,0.07,0.07,7656,0,China Wireless Commun Inc,0,0,0
20050809,49815,CWLC',OTC,0.07,0.07,5311,0,China Wireless Commun Inc,0,0,0
20050810,49815,CWLC',OTC,0.06,0.06,4408,0,China Wireless Commun Inc,0,0,0
20050811,49815,CWLC',OTC,0.06,0.06,4247,0,China Wireless Commun Inc,0,0,0
20050812,49815,CWLC',OTC,0.05,0.05,9011,0,China Wireless Commun Inc,0,0,0
20050815,49815,CWLC',OTC,0.06,0.06,2005,0,China Wireless Commun Inc,0,0,0
20050816,49815,CWLC',OTC,0.06,0.06,7921,0,China Wireless Commun Inc,0,0,0
20050817,49815,CWLC',OTC,0.05,0.05,1962,0,China Wireless Commun Inc,0,0,0
20050818,49815,CWLC',OTC,0.06,0.06,2870,0,China Wireless Commun Inc,0,0,0
20050819,49815,CWLC',OTC,0.05,0.05,4608,0,China Wireless Commun Inc,0,0,0
20050822,49815,CWLC',OTC,0.06,0.06,8553,0,China Wireless Commun Inc,0,0,0
20050823,49815,CWLC',OTC,0.05,0.05,3025,0,China Wireless Commun Inc,0,0,0
20050824,49815,CWLC',OTC,0.05,0.05,10104,0,China Wireless Commun Inc,0,0,0
20050825,49815,CWLC',OTC,0.05,0.05,3790,0,China Wireless Commun Inc,0,0,0
20050826,49815,CWLC',OTC,0.05,0.05,1288,0,China Wireless Commun Inc,0,0,0
20050829,49815,CWLC',OTC,0.05,0.05,2974,0,China Wireless Commun Inc,0,0,0
20050830,49815,CWLC',OTC,0.04,0.04,7915,0,China Wireless Commun Inc,0,0,0
20050831,49815,CWLC',OTC,0.05,0.05,5720,0,China Wireless Commun Inc,0,0,0
20050901,49815,CWLC',OTC,0.04,0.04,3054,0,China Wireless Commun Inc,0,0,0
20050902,49815,CWLC',OTC,0.04,0.04,1947,0,China Wireless Commun Inc,0,0,0
20050906,49815,CWLC',OTC,0.04,0.04,5270,0,China Wireless Commun Inc,0,0,0
20050907,49815,CWLC',OTC,0.04,0.04,5412,0,China Wireless Commun Inc,0,0,0
20050908,49815,CWLC',OTC,0.04,0.04,2383,0,China Wireless Commun Inc,0,0,0
20050909,49815,CWLC',OTC,0.04,0.04,1345,0,China Wireless Commun Inc,0,0,0
20050912,49815,CWLC',OTC,0.04,0.04,5111,0,China Wireless Commun Inc,0,0,0
20050913,49815,CWLC',OTC,0.04,0.04,6275,0,China Wireless Commun Inc,0,0,0
20050914,49815,CWLC',OTC,0.04,0.04,2936,0,China Wireless Commun Inc,0,0,0
20050915,49815,CWLC',OTC,0.04,0.04,601,0,China Wireless Commun Inc,0,0,0
20050916,49815,CWLC',OTC,0.04,0.04,2576,0,China Wireless Commun Inc,0,0,0
20050919,49815,CWLC',OTC,0.04,0.04,2605,0,China Wireless Commun Inc,0,0,0
20050920,49815,CWLC',OTC,0.04,0.04,990,0,China Wireless Commun Inc,0,0,0
20050921,49815,CWLC',OTC,0.04,0.04,2144,0,China Wireless Commun Inc,0,0,0
20050922,49815,CWLC',OTC,0.04,0.04,1585,0,China Wireless Commun Inc,0,0,0
20050923,49815,CWLC',OTC,0.04,0.04,1310,0,China Wireless Commun Inc,0,0,0
20050926,49815,CWLC',OTC,0.04,0.04,1555,0,China Wireless Commun Inc,0,0,0
20050927,49815,CWLC',OTC,0.04,0.04,600,0,China Wireless Commun Inc,0,0,0
20050928,49815,CWLC',OTC,0.05,0.05,14568,0,China Wireless Commun Inc,0,0,0
20050929,49815,CWLC',OTC,0.04,0.04,14714,0,China Wireless Commun Inc,0,0,0
20050930,49815,CWLC',OTC,0.04,0.04,3461,0,China Wireless Commun Inc,0,0,0
20051003,49815,CWLC',OTC,0.04,0.04,3830,0,China Wireless Commun Inc,0,0,0
20051004,49815,CWLC',OTC,0.04,0.04,5204,0,China Wireless Commun Inc,0,0,0
20051005,49815,CWLC',OTC,0.04,0.04,3870,0,China Wireless Commun Inc,0,0,0
20051006,49815,CWLC',OTC,0.04,0.04,7300,0,China Wireless Commun Inc,0,0,0
20051007,49815,CWLC',OTC,0.04,0.04,3655,0,China Wireless Commun Inc,0,0,0
20051010,49815,CWLC',OTC,0.04,0.04,6044,0,China Wireless Commun Inc,0,0,0
20051011,49815,CWLC',OTC,0.04,0.04,7589,0,China Wireless Commun Inc,0,0,0
20051012,49815,CWLC',OTC,0.04,0.04,4010,0,China Wireless Commun Inc,0,0,0
20051013,49815,CWLC',OTC,0.04,0.04,3073,0,China Wireless Commun Inc,0,0,0
20051014,49815,CWLC',OTC,0.04,0.04,4307,0,China Wireless Commun Inc,0,0,0
20051017,49815,CWLC',OTC,0.04,0.04,2035,0,China Wireless Commun Inc,0,0,0
20051018,49815,CWLC',OTC,0.03,0.03,12302,0,China Wireless Commun Inc,0,0,0
20051019,49815,CWLC',OTC,0.03,0.03,4539,0,China Wireless Commun Inc,0,0,0
20051020,49815,CWLC',OTC,0.03,0.03,1788,0,China Wireless Commun Inc,0,0,0
20051021,49815,CWLC',OTC,0.03,0.03,327,0,China Wireless Commun Inc,0,0,0
20051024,49815,CWLC',OTC,0.03,0.03,530,0,China Wireless Commun Inc,0,0,0
20051025,49815,CWLC',OTC,0.03,0.03,4983,0,China Wireless Commun Inc,0,0,0
20051026,49815,CWLC',OTC,0.03,0.03,6296,0,China Wireless Commun Inc,0,0,0
20051027,49815,CWLC',OTC,0.03,0.03,8763,0,China Wireless Commun Inc,0,0,0
20051028,49815,CWLC',OTC,0.03,0.03,184,0,China Wireless Commun Inc,0,0,0
20051031,49815,CWLC',OTC,0.03,0.03,750,0,China Wireless Commun Inc,0,0,0
20051101,49815,CWLC',OTC,0.03,0.03,681,0,China Wireless Commun Inc,0,0,0
20051102,49815,CWLC',OTC,0.03,0.03,2057,0,China Wireless Commun Inc,0,0,0
20051103,49815,CWLC',OTC,0.03,0.03,3814,0,China Wireless Commun Inc,0,0,0
20051104,49815,CWLC',OTC,0.03,0.03,990,0,China Wireless Commun Inc,0,0,0
20051107,49815,CWLC',OTC,0.03,0.03,5620,0,China Wireless Commun Inc,0,0,0
20051108,49815,CWLC',OTC,0.03,0.03,1770,0,China Wireless Commun Inc,0,0,0
20051109,49815,CWLC',OTC,0.03,0.03,4010,0,China Wireless Commun Inc,0,0,0
20051110,49815,CWLC',OTC,0.03,0.03,4160,0,China Wireless Commun Inc,0,0,0
20051111,49815,CWLC',OTC,0.03,0.03,1032,0,China Wireless Commun Inc,0,0,0
20051114,49815,CWLC',OTC,0.03,0.03,2470,0,China Wireless Commun Inc,0,0,0
20051115,49815,CWLC',OTC,0.03,0.03,5804,0,China Wireless Commun Inc,0,0,0
20051116,49815,CWLC',OTC,0.03,0.03,1310,0,China Wireless Commun Inc,0,0,0
20051117,49815,CWLC',OTC,0.03,0.03,6125,0,China Wireless Commun Inc,0,0,0
20051118,49815,CWLC',OTC,0.03,0.03,8540,0,China Wireless Commun Inc,0,0,0
20051121,49815,CWLC',OTC,0.03,0.03,1787,0,China Wireless Commun Inc,0,0,0
20051122,49815,CWLC',OTC,0.03,0.03,730,0,China Wireless Commun Inc,0,0,0
20051123,49815,CWLC',OTC,0.02,0.02,1535,0,China Wireless Commun Inc,0,0,0
20051125,49815,CWLC',OTC,0.02,0.02,2119,0,China Wireless Commun Inc,0,0,0
20051128,49815,CWLC',OTC,0.02,0.02,1818,0,China Wireless Commun Inc,0,0,0
20051129,49815,CWLC',OTC,0.02,0.02,692,0,China Wireless Commun Inc,0,0,0
20051130,49815,CWLC',OTC,0.02,0.02,3853,0,China Wireless Commun Inc,0,0,0
20051201,49815,CWLC',OTC,0.02,0.02,1432,0,China Wireless Commun Inc,0,0,0
20051202,49815,CWLC',OTC,0.02,0.02,1695,0,China Wireless Commun Inc,0,0,0
20051205,49815,CWLC',OTC,0.02,0.02,1582,0,China Wireless Commun Inc,0,0,0
20051206,49815,CWLC',OTC,0.02,0.02,923,0,China Wireless Commun Inc,0,0,0
20051207,49815,CWLC',OTC,0.02,0.02,550,0,China Wireless Commun Inc,0,0,0
20051208,49815,CWLC',OTC,0.02,0.02,850,0,China Wireless Commun Inc,0,0,0
20051209,49815,CWLC',OTC,0.02,0.02,4634,0,China Wireless Commun Inc,0,0,0
20051212,49815,CWLC',OTC,0.02,0.02,8475,0,China Wireless Commun Inc,0,0,0
20051213,49815,CWLC',OTC,0.02,0.02,6678,0,China Wireless Commun Inc,0,0,0
20051214,49815,CWLC',OTC,0.02,0.02,3572,0,China Wireless Commun Inc,0,0,0
20051215,49815,CWLC',OTC,0.02,0.02,7090,0,China Wireless Commun Inc,0,0,0
20051216,49815,CWLC',OTC,0.02,0.02,2145,0,China Wireless Commun Inc,0,0,0
20051219,49815,CWLC',OTC,0.02,0.02,2989,0,China Wireless Commun Inc,0,0,0
20051220,49815,CWLC',OTC,0.02,0.02,497,0,China Wireless Commun Inc,0,0,0
20051221,49815,CWLC',OTC,0.02,0.02,2460,0,China Wireless Commun Inc,0,0,0
20051222,49815,CWLC',OTC,0.02,0.02,160,0,China Wireless Commun Inc,0,0,0
20051223,49815,CWLC',OTC,0.02,0.02,1287,0,China Wireless Commun Inc,0,0,0
20051227,49815,CWLC',OTC,0.02,0.02,875,0,China Wireless Commun Inc,0,0,0
20051228,49815,CWLC',OTC,0.02,0.02,121,0,China Wireless Commun Inc,0,0,0
20051229,49815,CWLC',OTC,0.02,0.02,508,0,China Wireless Commun Inc,0,0,0
20051230,49815,CWLC',OTC,0.02,0.02,2353,0,China Wireless Commun Inc,0,0,0
20060103,49815,CWLC',OTC,0.02,0.02,5325,0,China Wireless Commun Inc,0,0,0
20060104,49815,CWLC',OTC,0.02,0.02,2095,0,China Wireless Commun Inc,0,0,0
20060105,49815,CWLC',OTC,0.02,0.02,2460,0,China Wireless Commun Inc,0,0,0
20060106,49815,CWLC',OTC,0.02,0.02,8346,0,China Wireless Commun Inc,0,0,0
20060109,49815,CWLC',OTC,0.02,0.02,6955,0,China Wireless Commun Inc,0,0,0
20060110,49815,CWLC',OTC,0.02,0.02,853,0,China Wireless Commun Inc,0,0,0
20060111,49815,CWLC',OTC,0.02,0.02,5229,0,China Wireless Commun Inc,0,0,0
20060112,49815,CWLC',OTC,0.02,0.02,7661,0,China Wireless Commun Inc,0,0,0
20060113,49815,CWLC',OTC,0.02,0.02,1081,0,China Wireless Commun Inc,0,0,0
20060117,49815,CWLC',OTC,0.02,0.02,9308,0,China Wireless Commun Inc,0,0,0
20060118,49815,CWLC',OTC,0.02,0.02,4470,0,China Wireless Commun Inc,0,0,0
20060119,49815,CWLC',OTC,0.02,0.02,5529,0,China Wireless Commun Inc,0,0,0
20060120,49815,CWLC',OTC,0.02,0.02,2879,0,China Wireless Commun Inc,0,0,0
20060123,49815,CWLC',OTC,0.02,0.02,8289,0,China Wireless Commun Inc,0,0,0
20060124,49815,CWLC',OTC,0.03,0.03,95563,0,China Wireless Commun Inc,0,0,0
20060125,49815,CWLC',OTC,0.05,0.05,111271,0,China Wireless Commun Inc,0,0,0
20060126,49815,CWLC',OTC,0.05,0.05,62344,0,China Wireless Commun Inc,0,0,0
20060127,49815,CWLC',OTC,0.04,0.04,14388,0,China Wireless Commun Inc,0,0,0
20060130,49815,CWLC',OTC,0.05,0.05,25168,0,China Wireless Commun Inc,0,0,0
20060131,49815,CWLC',OTC,0.04,0.04,9384,0,China Wireless Commun Inc,0,0,0
20060201,49815,CWLC',OTC,0.04,0.04,14755,0,China Wireless Commun Inc,0,0,0
20060202,49815,CWLC',OTC,0.05,0.05,30250,0,China Wireless Commun Inc,0,0,0
20060203,49815,CWLC',OTC,0.05,0.05,19922,0,China Wireless Commun Inc,0,0,0
20060206,49815,CWLC',OTC,0.04,0.04,7552,0,China Wireless Commun Inc,0,0,0
20060207,49815,CWLC',OTC,0.04,0.04,15717,0,China Wireless Commun Inc,0,0,0
20060208,49815,CWLC',OTC,0.04,0.04,19689,0,China Wireless Commun Inc,0,0,0
20060209,49815,CWLC',OTC,0.04,0.04,6137,0,China Wireless Commun Inc,0,0,0
20060210,49815,CWLC',OTC,0.04,0.04,2961,0,China Wireless Commun Inc,0,0,0
20060213,49815,CWLC',OTC,0.04,0.04,3356,0,China Wireless Commun Inc,0,0,0
20060214,49815,CWLC',OTC,0.04,0.04,5992,0,China Wireless Commun Inc,0,0,0
20060215,49815,CWLC',OTC,0.04,0.04,3981,0,China Wireless Commun Inc,0,0,0
20060216,49815,CWLC',OTC,0.07,0.07,118048,0,China Wireless Commun Inc,0,0,0
20060217,49815,CWLC',OTC,0.11,0.11,137196,0,China Wireless Commun Inc,0,0,0
20060221,49815,CWLC',OTC,0.18,0.18,225834,0,China Wireless Commun Inc,0,0,0
20060222,49815,CWLC',OTC,0.14,0.14,171621,0,China Wireless Commun Inc,0,0,0
20060223,49815,CWLC',OTC,0.14,0.14,144055,0,China Wireless Commun Inc,0,0,0
20060224,49815,CWLC',OTC,0.12,0.12,50750,0,China Wireless Commun Inc,0,0,0
20060227,49815,CWLC',OTC,0.14,0.14,42586,0,China Wireless Commun Inc,0,0,0
20060228,49815,CWLC',OTC,0.13,0.13,24400,0,China Wireless Commun Inc,0,0,0
20060301,49815,CWLC',OTC,0.12,0.12,18970,0,China Wireless Commun Inc,0,0,0
20060302,49815,CWLC',OTC,0.11,0.11,12445,0,China Wireless Commun Inc,0,0,0
20060303,49815,CWLC',OTC,0.13,0.13,45775,0,China Wireless Commun Inc,0,0,0
20060306,49815,CWLC',OTC,0.13,0.13,26287,0,China Wireless Commun Inc,0,0,0
20060307,49815,CWLC',OTC,0.13,0.13,33590,0,China Wireless Commun Inc,0,0,0
20060308,49815,CWLC',OTC,0.12,0.12,16121,0,China Wireless Commun Inc,0,0,0
20060309,49815,CWLC',OTC,0.11,0.11,18486,0,China Wireless Commun Inc,0,0,0
20060310,49815,CWLC',OTC,0.11,0.11,11375,0,China Wireless Commun Inc,0,0,0
20060313,49815,CWLC',OTC,0.1,0.1,12632,0,China Wireless Commun Inc,0,0,0
20060314,49815,CWLC',OTC,0.1,0.1,28572,0,China Wireless Commun Inc,0,0,0
20060315,49815,CWLC',OTC,0.1,0.1,12442,0,China Wireless Commun Inc,0,0,0
20060316,49815,CWLC',OTC,0.09,0.09,9384,0,China Wireless Commun Inc,0,0,0
20060317,49815,CWLC',OTC,0.09,0.09,13110,0,China Wireless Commun Inc,0,0,0
20060320,49815,CWLC',OTC,0.1,0.1,24690,0,China Wireless Commun Inc,0,0,0
20060321,49815,CWLC',OTC,0.14,0.14,78569,0,China Wireless Commun Inc,0,0,0
20060322,49815,CWLC',OTC,0.18,0.18,218780,0,China Wireless Commun Inc,0,0,0
20060323,49815,CWLC',OTC,0.15,0.15,57520,0,China Wireless Commun Inc,0,0,0
20060324,49815,CWLC',OTC,0.16,0.16,27765,0,China Wireless Commun Inc,0,0,0
20060327,49815,CWLC',OTC,0.16,0.16,28648,0,China Wireless Commun Inc,0,0,0
20060328,49815,CWLC',OTC,0.17,0.17,38219,0,China Wireless Commun Inc,0,0,0
20060329,49815,CWLC',OTC,0.16,0.16,23419,0,China Wireless Commun Inc,0,0,0
20060330,49815,CWLC',OTC,0.16,0.16,20247,0,China Wireless Commun Inc,0,0,0
20060331,49815,CWLC',OTC,0.16,0.16,9319,0,China Wireless Commun Inc,0,0,0
20060403,49815,CWLC',OTC,0.15,0.15,13740,0,China Wireless Commun Inc,0,0,0
20060404,49815,CWLC',OTC,0.14,0.14,39056,0,China Wireless Commun Inc,0,0,0
20060405,49815,CWLC',OTC,0.13,0.13,13553,0,China Wireless Commun Inc,0,0,0
20060406,49815,CWLC',OTC,0.14,0.14,15380,0,China Wireless Commun Inc,0,0,0
20060407,49815,CWLC',OTC,0.14,0.14,9596,0,China Wireless Commun Inc,0,0,0
20060410,49815,CWLC',OTC,0.13,0.13,10312,0,China Wireless Commun Inc,0,0,0
20060411,49815,CWLC',OTC,0.14,0.14,8584,0,China Wireless Commun Inc,0,0,0
20060412,49815,CWLC',OTC,0.13,0.13,23408,0,China Wireless Commun Inc,0,0,0
20060413,49815,CWLC',OTC,0.12,0.12,8453,0,China Wireless Commun Inc,0,0,0
20060417,49815,CWLC',OTC,0.11,0.11,36521,0,China Wireless Commun Inc,0,0,0
20060418,49815,CWLC',OTC,0.1,0.1,29184,0,China Wireless Commun Inc,0,0,0
20060419,49815,CWLC',OTC,0.11,0.11,13975,0,China Wireless Commun Inc,0,0,0
20060420,49815,CWLC',OTC,0.11,0.11,7270,0,China Wireless Commun Inc,0,0,0
20060421,49815,CWLC',OTC,0.11,0.11,0,0,China Wireless Commun Inc,0,0,0
20060424,49815,CWLC',OTC,0.11,0.11,0,0,China Wireless Commun Inc,0,0,0
20060425,49815,CWLC',OTC,0.09,0.09,13339,0,China Wireless Commun Inc,0,0,0
20060426,49815,CWLC',OTC,0.11,0.11,13522,0,China Wireless Commun Inc,0,0,0
20060427,49815,CWLC',OTC,0.11,0.11,10650,0,China Wireless Commun Inc,0,0,0
20060428,49815,CWLC',OTC,0.1,0.1,5566,0,China Wireless Commun Inc,0,0,0
20060501,49815,CWLC',OTC,0.1,0.1,10896,0,China Wireless Commun Inc,0,0,0
20060502,49815,CWLC',OTC,0.09,0.09,10658,0,China Wireless Commun Inc,0,0,0
20060503,49815,CWLC',OTC,0.09,0.09,16212,0,China Wireless Commun Inc,0,0,0
20060504,49815,CWLC',OTC,0.08,0.08,12375,0,China Wireless Commun Inc,0,0,0
20060505,49815,CWLC',OTC,0.09,0.09,6078,0,China Wireless Commun Inc,0,0,0
20060508,49815,CWLC',OTC,0.08,0.08,13042,0,China Wireless Commun Inc,0,0,0
20060509,49815,CWLC',OTC,0.08,0.08,5609,0,China Wireless Commun Inc,0,0,0
20060510,49815,CWLC',OTC,0.08,0.08,5429,0,China Wireless Commun Inc,0,0,0
20060511,49815,CWLC',OTC,0.08,0.08,6309,0,China Wireless Commun Inc,0,0,0
20060512,49815,CWLC',OTC,0.08,0.08,16507,0,China Wireless Commun Inc,0,0,0
20060515,49815,CWLC',OTC,0.07,0.07,8954,0,China Wireless Commun Inc,0,0,0
20060516,49815,CWLC',OTC,0.07,0.07,9780,0,China Wireless Commun Inc,0,0,0
20060517,49815,CWLC',OTC,0.07,0.07,4327,0,China Wireless Commun Inc,0,0,0
20060518,49815,CWLC',OTC,0.06,0.06,4993,0,China Wireless Commun Inc,0,0,0
20060519,49815,CWLC',OTC,0.06,0.06,21611,0,China Wireless Commun Inc,0,0,0
20060522,49815,CWLC',OTC,0.04,0.04,40642,0,China Wireless Commun Inc,0,0,0
20060523,49815,CWLC',OTC,0.05,0.05,20790,0,China Wireless Commun Inc,0,0,0
20060524,49815,CWLC',OTC,0.05,0.05,6166,0,China Wireless Commun Inc,0,0,0
20060525,49815,CWLC',OTC,0.05,0.05,6985,0,China Wireless Commun Inc,0,0,0
20060526,49815,CWLC',OTC,0.05,0.05,2901,0,China Wireless Commun Inc,0,0,0
20060530,49815,CWLC',OTC,0.05,0.05,5676,0,China Wireless Commun Inc,0,0,0
20060531,49815,CWLC',OTC,0.04,0.04,9981,0,China Wireless Commun Inc,0,0,0
20060601,49815,CWLC',OTC,0.04,0.04,5812,0,China Wireless Commun Inc,0,0,0
20060602,49815,CWLC',OTC,0.06,0.06,9258,0,China Wireless Commun Inc,0,0,0
20060605,49815,CWLC',OTC,0.05,0.05,3317,0,China Wireless Commun Inc,0,0,0
20060606,49815,CWLC',OTC,0.05,0.05,6977,0,China Wireless Commun Inc,0,0,0
20060607,49815,CWLC',OTC,0.05,0.05,5541,0,China Wireless Commun Inc,0,0,0
20060608,49815,CWLC',OTC,0.05,0.05,813,0,China Wireless Commun Inc,0,0,0
20060609,49815,CWLC',OTC,0.05,0.05,6216,0,China Wireless Commun Inc,0,0,0
20060612,49815,CWLC',OTC,0.05,0.05,3918,0,China Wireless Commun Inc,0,0,0
20060613,49815,CWLC',OTC,0.05,0.05,2134,0,China Wireless Commun Inc,0,0,0
20060614,49815,CWLC',OTC,0.04,0.04,3293,0,China Wireless Commun Inc,0,0,0
20060615,49815,CWLC',OTC,0.05,0.05,1295,0,China Wireless Commun Inc,0,0,0
20060616,49815,CWLC',OTC,0.05,0.05,1075,0,China Wireless Commun Inc,0,0,0
20060619,49815,CWLC',OTC,0.04,0.04,3808,0,China Wireless Commun Inc,0,0,0
20060620,49815,CWLC',OTC,0.04,0.04,10275,0,China Wireless Commun Inc,0,0,0
20060621,49815,CWLC',OTC,0.04,0.04,2272,0,China Wireless Commun Inc,0,0,0
20060622,49815,CWLC',OTC,0.04,0.04,385,0,China Wireless Commun Inc,0,0,0
20060623,49815,CWLC',OTC,0.04,0.04,1632,0,China Wireless Commun Inc,0,0,0
20060626,49815,CWLC',OTC,0.04,0.04,1764,0,China Wireless Commun Inc,0,0,0
20060627,49815,CWLC',OTC,0.04,0.04,5849,0,China Wireless Commun Inc,0,0,0
20060628,49815,CWLC',OTC,0.04,0.04,2856,0,China Wireless Commun Inc,0,0,0
20060629,49815,CWLC',OTC,0.04,0.04,505,0,China Wireless Commun Inc,0,0,0
20060630,49815,CWLC',OTC,0.04,0.04,2373,0,China Wireless Commun Inc,0,0,0
20060703,49815,CWLC',OTC,0.04,0.04,590,0,China Wireless Commun Inc,0,0,0
20060705,49815,CWLC',OTC,0.03,0.03,7122,0,China Wireless Commun Inc,0,0,0
20060706,49815,CWLC',OTC,0.04,0.04,2389,0,China Wireless Commun Inc,0,0,0
20060707,49815,CWLC',OTC,0.03,0.03,1731,0,China Wireless Commun Inc,0,0,0
20060710,49815,CWLC',OTC,0.04,0.04,2161,0,China Wireless Commun Inc,0,0,0
20060711,49815,CWLC',OTC,0.03,0.03,3609,0,China Wireless Commun Inc,0,0,0
20060712,49815,CWLC',OTC,0.03,0.03,3107,0,China Wireless Commun Inc,0,0,0
20060713,49815,CWLC',OTC,0.03,0.03,1496,0,China Wireless Commun Inc,0,0,0
20060714,49815,CWLC',OTC,0.03,0.03,1411,0,China Wireless Commun Inc,0,0,0
20060717,49815,CWLC',OTC,0.04,0.04,151,0,China Wireless Commun Inc,0,0,0
20060718,49815,CWLC',OTC,0.03,0.03,5783,0,China Wireless Commun Inc,0,0,0
20060719,49815,CWLC',OTC,0.03,0.03,1188,0,China Wireless Commun Inc,0,0,0
20060720,49815,CWLC',OTC,0.03,0.03,1630,0,China Wireless Commun Inc,0,0,0
20060721,49815,CWLC',OTC,0.03,0.03,1125,0,China Wireless Commun Inc,0,0,0
20060724,49815,CWLC',OTC,0.03,0.03,10073,0,China Wireless Commun Inc,0,0,0
20060725,49815,CWLC',OTC,0.04,0.04,3077,0,China Wireless Commun Inc,0,0,0
20060726,49815,CWLC',OTC,0.04,0.04,4518,0,China Wireless Commun Inc,0,0,0
20060727,49815,CWLC',OTC,0.04,0.04,5234,0,China Wireless Commun Inc,0,0,0
20060728,49815,CWLC',OTC,0.04,0.04,2475,0,China Wireless Commun Inc,0,0,0
20060731,49815,CWLC',OTC,0.03,0.03,3671,0,China Wireless Commun Inc,0,0,0
20060801,49815,CWLC',OTC,0.04,0.04,7176,0,China Wireless Commun Inc,0,0,0
20060802,49815,CWLC',OTC,0.04,0.04,2571,0,China Wireless Commun Inc,0,0,0
20060803,49815,CWLC',OTC,0.03,0.03,3470,0,China Wireless Commun Inc,0,0,0
20060804,49815,CWLC',OTC,0.04,0.04,2308,0,China Wireless Commun Inc,0,0,0
20060807,49815,CWLC',OTC,0.03,0.03,1377,0,China Wireless Commun Inc,0,0,0
20060808,49815,CWLC',OTC,0.03,0.03,3270,0,China Wireless Commun Inc,0,0,0
20060809,49815,CWLC',OTC,0.03,0.03,780,0,China Wireless Commun Inc,0,0,0
20060810,49815,CWLC',OTC,0.03,0.03,1654,0,China Wireless Commun Inc,0,0,0
20060811,49815,CWLC',OTC,0.03,0.03,739,0,China Wireless Commun Inc,0,0,0
20060814,49815,CWLC',OTC,0.03,0.03,1996,0,China Wireless Commun Inc,0,0,0
20060815,49815,CWLC',OTC,0.03,0.03,4183,0,China Wireless Commun Inc,0,0,0
20060816,49815,CWLC',OTC,0.03,0.03,1349,0,China Wireless Commun Inc,0,0,0
20060817,49815,CWLC',OTC,0.03,0.03,542,0,China Wireless Commun Inc,0,0,0
20060818,49815,CWLC',OTC,0.03,0.03,1258,0,China Wireless Commun Inc,0,0,0
20060821,49815,CWLC',OTC,0.03,0.03,3807,0,China Wireless Commun Inc,0,0,0
20060822,49815,CWLC',OTC,0.03,0.03,4227,0,China Wireless Commun Inc,0,0,0
20060823,49815,CWLC',OTC,0.03,0.03,8074,0,China Wireless Commun Inc,0,0,0
20060824,49815,CWLC',OTC,0.03,0.03,1173,0,China Wireless Commun Inc,0,0,0
20060825,49815,CWLC',OTC,0.03,0.03,8513,0,China Wireless Commun Inc,0,0,0
20060828,49815,CWLC',OTC,0.03,0.03,551,0,China Wireless Commun Inc,0,0,0
20060829,49815,CWLC',OTC,0.03,0.03,1296,0,China Wireless Commun Inc,0,0,0
20060830,49815,CWLC',OTC,0.03,0.03,1672,0,China Wireless Commun Inc,0,0,0
20060831,49815,CWLC',OTC,0.03,0.03,6849,0,China Wireless Commun Inc,0,0,0
20060901,49815,CWLC',OTC,0.03,0.03,2434,0,China Wireless Commun Inc,0,0,0
20060905,49815,CWLC',OTC,0.03,0.03,4182,0,China Wireless Commun Inc,0,0,0
20060906,49815,CWLC',OTC,0.03,0.03,5221,0,China Wireless Commun Inc,0,0,0
20060907,49815,CWLC',OTC,0.03,0.03,3055,0,China Wireless Commun Inc,0,0,0
20060908,49815,CWLC',OTC,0.04,0.04,17472,0,China Wireless Commun Inc,0,0,0
20060911,49815,CWLC',OTC,0.04,0.04,18248,0,China Wireless Commun Inc,0,0,0
20060912,49815,CWLC',OTC,0.04,0.04,10999,0,China Wireless Commun Inc,0,0,0
20060913,49815,CWLC',OTC,0.04,0.04,8705,0,China Wireless Commun Inc,0,0,0
20060914,49815,CWLC',OTC,0.03,0.03,2296,0,China Wireless Commun Inc,0,0,0
20060915,49815,CWLC',OTC,0.03,0.03,512,0,China Wireless Commun Inc,0,0,0
20060918,49815,CWLC',OTC,0.03,0.03,2272,0,China Wireless Commun Inc,0,0,0
20060919,49815,CWLC',OTC,0.03,0.03,5359,0,China Wireless Commun Inc,0,0,0
20060920,49815,CWLC',OTC,0.03,0.03,1362,0,China Wireless Commun Inc,0,0,0
20060921,49815,CWLC',OTC,0.03,0.03,4740,0,China Wireless Commun Inc,0,0,0
20060922,49815,CWLC',OTC,0.03,0.03,1270,0,China Wireless Commun Inc,0,0,0
20060925,49815,CWLC',OTC,0.03,0.03,4468,0,China Wireless Commun Inc,0,0,0
20060926,49815,CWLC',OTC,0.03,0.03,3850,0,China Wireless Commun Inc,0,0,0
20060927,49815,CWLC',OTC,0.03,0.03,3950,0,China Wireless Commun Inc,0,0,0
20060928,49815,CWLC',OTC,0.03,0.03,2303,0,China Wireless Commun Inc,0,0,0
20060929,49815,CWLC',OTC,0.03,0.03,904,0,China Wireless Commun Inc,0,0,0
20061002,49815,CWLC',OTC,0.03,0.03,1533,0,China Wireless Commun Inc,0,0,0
20061003,49815,CWLC',OTC,0.03,0.03,2782,0,China Wireless Commun Inc,0,0,0
20061004,49815,CWLC',OTC,0.03,0.03,1259,0,China Wireless Commun Inc,0,0,0
20061005,49815,CWLC',OTC,0.03,0.03,571,0,China Wireless Commun Inc,0,0,0
20061006,49815,CWLC',OTC,0.03,0.03,11486,0,China Wireless Commun Inc,0,0,0
20061009,49815,CWLC',OTC,0.03,0.03,2333,0,China Wireless Commun Inc,0,0,0
20061010,49815,CWLC',OTC,0.03,0.03,2385,0,China Wireless Commun Inc,0,0,0
20061011,49815,CWLC',OTC,0.03,0.03,6003,0,China Wireless Commun Inc,0,0,0
20061012,49815,CWLC',OTC,0.03,0.03,1307,0,China Wireless Commun Inc,0,0,0
20061013,49815,CWLC',OTC,0.03,0.03,3398,0,China Wireless Commun Inc,0,0,0
20061016,49815,CWLC',OTC,0.03,0.03,4071,0,China Wireless Commun Inc,0,0,0
20061017,49815,CWLC',OTC,0.03,0.03,230,0,China Wireless Commun Inc,0,0,0
20061018,49815,CWLC',OTC,0.03,0.03,2348,0,China Wireless Commun Inc,0,0,0
20061019,49815,CWLC',OTC,0.03,0.03,8040,0,China Wireless Commun Inc,0,0,0
20061020,49815,CWLC',OTC,0.03,0.03,1352,0,China Wireless Commun Inc,0,0,0
20061023,49815,CWLC',OTC,0.03,0.03,760,0,China Wireless Commun Inc,0,0,0
20061024,49815,CWLC',OTC,0.03,0.03,2311,0,China Wireless Commun Inc,0,0,0
20061025,49815,CWLC',OTC,0.02,0.02,869,0,China Wireless Commun Inc,0,0,0
20061026,49815,CWLC',OTC,0.02,0.02,2061,0,China Wireless Commun Inc,0,0,0
20061027,49815,CWLC',OTC,0.02,0.02,1275,0,China Wireless Commun Inc,0,0,0
20061030,49815,CWLC',OTC,0.02,0.02,3149,0,China Wireless Commun Inc,0,0,0
20061031,49815,CWLC',OTC,0.02,0.02,1179,0,China Wireless Commun Inc,0,0,0
20061101,49815,CWLC',OTC,0.02,0.02,960,0,China Wireless Commun Inc,0,0,0
20061102,49815,CWLC',OTC,0.02,0.02,2585,0,China Wireless Commun Inc,0,0,0
20061103,49815,CWLC',OTC,0.03,0.03,5722,0,China Wireless Commun Inc,0,0,0
20061106,49815,CWLC',OTC,0.03,0.03,5782,0,China Wireless Commun Inc,0,0,0
20061107,49815,CWLC',OTC,0.02,0.02,1245,0,China Wireless Commun Inc,0,0,0
20061108,49815,CWLC',OTC,0.02,0.02,2650,0,China Wireless Commun Inc,0,0,0
20061109,49815,CWLC',OTC,0.02,0.02,6476,0,China Wireless Commun Inc,0,0,0
20061110,49815,CWLC',OTC,0.02,0.02,1370,0,China Wireless Commun Inc,0,0,0
20061113,49815,CWLC',OTC,0.03,0.03,17928,0,China Wireless Commun Inc,0,0,0
20061114,49815,CWLC',OTC,0.02,0.02,19762,0,China Wireless Commun Inc,0,0,0
20061115,49815,CWLC',OTC,0.02,0.02,4489,0,China Wireless Commun Inc,0,0,0
20061116,49815,CWLC',OTC,0.02,0.02,8618,0,China Wireless Commun Inc,0,0,0
20061117,49815,CWLC',OTC,0.02,0.02,4685,0,China Wireless Commun Inc,0,0,0
20061120,49815,CWLC',OTC,0.02,0.02,8620,0,China Wireless Commun Inc,0,0,0
20061121,49815,CWLC',OTC,0.02,0.02,3063,0,China Wireless Commun Inc,0,0,0
20061122,49815,CWLC',OTC,0.02,0.02,4092,0,China Wireless Commun Inc,0,0,0
20061124,49815,CWLC',OTC,0.02,0.02,1833,0,China Wireless Commun Inc,0,0,0
20061127,49815,CWLC',OTC,0.02,0.02,11494,0,China Wireless Commun Inc,0,0,0
20061128,49815,CWLC',OTC,0.02,0.02,13059,0,China Wireless Commun Inc,0,0,0
20061129,49815,CWLC',OTC,0.02,0.02,1142,0,China Wireless Commun Inc,0,0,0
20061130,49815,CWLC',OTC,0.02,0.02,7206,0,China Wireless Commun Inc,0,0,0
20061201,49815,CWLC',OTC,0.02,0.02,3874,0,China Wireless Commun Inc,0,0,0
20061204,49815,CWLC',OTC,0.02,0.02,3526,0,China Wireless Commun Inc,0,0,0
20061205,49815,CWLC',OTC,0.02,0.02,9993,0,China Wireless Commun Inc,0,0,0
20061206,49815,CWLC',OTC,0.02,0.02,1176,0,China Wireless Commun Inc,0,0,0
20061207,49815,CWLC',OTC,0.02,0.02,4100,0,China Wireless Commun Inc,0,0,0
20061208,49815,CWLC',OTC,0.02,0.02,10840,0,China Wireless Commun Inc,0,0,0
20061211,49815,CWLC',OTC,0.02,0.02,9987,0,China Wireless Commun Inc,0,0,0
20061212,49815,CWLC',OTC,0.02,0.02,2662,0,China Wireless Commun Inc,0,0,0
20061213,49815,CWLC',OTC,0.02,0.02,3259,0,China Wireless Commun Inc,0,0,0
20061214,49815,CWLC',OTC,0.02,0.02,3073,0,China Wireless Commun Inc,0,0,0
20061215,49815,CWLC',OTC,0.02,0.02,4924,0,China Wireless Commun Inc,0,0,0
20061218,49815,CWLC',OTC,0.02,0.02,4619,0,China Wireless Commun Inc,0,0,0
20061219,49815,CWLC',OTC,0.02,0.02,2238,0,China Wireless Commun Inc,0,0,0
20061220,49815,CWLC',OTC,0.02,0.02,1950,0,China Wireless Commun Inc,0,0,0
20061221,49815,CWLC',OTC,0.02,0.02,5317,0,China Wireless Commun Inc,0,0,0
20061222,49815,CWLC',OTC,0.03,0.03,40962,0,China Wireless Commun Inc,0,0,0
20061226,49815,CWLC',OTC,0.03,0.03,26791,0,China Wireless Commun Inc,0,0,0
20061227,49815,CWLC',OTC,0.03,0.03,15628,0,China Wireless Commun Inc,0,0,0
20061228,49815,CWLC',OTC,0.03,0.03,8263,0,China Wireless Commun Inc,0,0,0
20061229,49815,CWLC',OTC,0.03,0.03,7733,0,China Wireless Commun Inc,0,0,0
20070103,49815,CWLC',OTC,0.02,0.02,6313,0,China Wireless Commun Inc,0,0,0
20070104,49815,CWLC',OTC,0.02,0.02,2740,0,China Wireless Commun Inc,0,0,0
20070105,49815,CWLC',OTC,0.02,0.02,7718,0,China Wireless Commun Inc,0,0,0
20070108,49815,CWLC',OTC,0.02,0.02,4364,0,China Wireless Commun Inc,0,0,0
20070109,49815,CWLC',OTC,0.03,0.03,3315,0,China Wireless Commun Inc,0,0,0
20070110,49815,CWLC',OTC,0.02,0.02,21300,0,China Wireless Commun Inc,0,0,0
20070111,49815,CWLC',OTC,0.02,0.02,5587,0,China Wireless Commun Inc,0,0,0
20070112,49815,CWLC',OTC,0.02,0.02,5458,0,China Wireless Commun Inc,0,0,0
20070116,49815,CWLC',OTC,0.02,0.02,5261,0,China Wireless Commun Inc,0,0,0
20070117,49815,CWLC',OTC,0.02,0.02,3589,0,China Wireless Commun Inc,0,0,0
20070118,49815,CWLC',OTC,0.02,0.02,4710,0,China Wireless Commun Inc,0,0,0
20070119,49815,CWLC',OTC,0.02,0.02,7760,0,China Wireless Commun Inc,0,0,0
20070122,49815,CWLC',OTC,0.02,0.02,3530,0,China Wireless Commun Inc,0,0,0
20070123,49815,CWLC',OTC,0.02,0.02,5154,0,China Wireless Commun Inc,0,0,0
20070124,49815,CWLC',OTC,0.02,0.02,4560,0,China Wireless Commun Inc,0,0,0
20070125,49815,CWLC',OTC,0.02,0.02,5815,0,China Wireless Commun Inc,0,0,0
20070126,49815,CWLC',OTC,0.02,0.02,8689,0,China Wireless Commun Inc,0,0,0
20070129,49815,CWLC',OTC,0.02,0.02,5595,0,China Wireless Commun Inc,0,0,0
20070130,49815,CWLC',OTC,0.02,0.02,10157,0,China Wireless Commun Inc,0,0,0
20070131,49815,CWLC',OTC,0.02,0.02,7517,0,China Wireless Commun Inc,0,0,0
20070201,49815,CWLC',OTC,0.02,0.02,2651,0,China Wireless Commun Inc,0,0,0
20070202,49815,CWLC',OTC,0.02,0.02,6210,0,China Wireless Commun Inc,0,0,0
20070205,49815,CWLC',OTC,0.02,0.02,4430,0,China Wireless Commun Inc,0,0,0
20070206,49815,CWLC',OTC,0.02,0.02,630,0,China Wireless Commun Inc,0,0,0
20070207,49815,CWLC',OTC,0.02,0.02,7176,0,China Wireless Commun Inc,0,0,0
20070208,49815,CWLC',OTC,0.02,0.02,3129,0,China Wireless Commun Inc,0,0,0
20070209,49815,CWLC',OTC,0.02,0.02,4664,0,China Wireless Commun Inc,0,0,0
20070212,49815,CWLC',OTC,0.02,0.02,2659,0,China Wireless Commun Inc,0,0,0
20070213,49815,CWLC',OTC,0.02,0.02,3820,0,China Wireless Commun Inc,0,0,0
20070214,49815,CWLC',OTC,0.02,0.02,11107,0,China Wireless Commun Inc,0,0,0
20070215,49815,CWLC',OTC,0.02,0.02,7260,0,China Wireless Commun Inc,0,0,0
20070216,49815,CWLC',OTC,0.02,0.02,5270,0,China Wireless Commun Inc,0,0,0
20070220,49815,CWLC',OTC,0.02,0.02,10270,0,China Wireless Commun Inc,0,0,0
20070221,49815,CWLC',OTC,0.02,0.02,1330,0,China Wireless Commun Inc,0,0,0
20070222,49815,CWLC',OTC,0.02,0.02,4100,0,China Wireless Commun Inc,0,0,0
20070223,49815,CWLC',OTC,0.02,0.02,8234,0,China Wireless Commun Inc,0,0,0
20070226,49815,CWLC',OTC,0.02,0.02,3234,0,China Wireless Commun Inc,0,0,0
20070227,49815,CWLC',OTC,0.02,0.02,3047,0,China Wireless Commun Inc,0,0,0
20070228,49815,CWLC',OTC,0.02,0.02,5526,0,China Wireless Commun Inc,0,0,0
20070301,49815,CWLC',OTC,0.02,0.02,5053,0,China Wireless Commun Inc,0,0,0
20070302,49815,CWLC',OTC,0.02,0.02,980,0,China Wireless Commun Inc,0,0,0
20070305,49815,CWLC',OTC,0.02,0.02,23228,0,China Wireless Commun Inc,0,0,0
20070306,49815,CWLC',OTC,0.02,0.02,9129,0,China Wireless Commun Inc,0,0,0
20070307,49815,CWLC',OTC,0.02,0.02,2421,0,China Wireless Commun Inc,0,0,0
20070308,49815,CWLC',OTC,0.02,0.02,722,0,China Wireless Commun Inc,0,0,0
20070309,49815,CWLC',OTC,0.02,0.02,1813,0,China Wireless Commun Inc,0,0,0
20070312,49815,CWLC',OTC,0.02,0.02,5698,0,China Wireless Commun Inc,0,0,0
20070313,49815,CWLC',OTC,0.02,0.02,268,0,China Wireless Commun Inc,0,0,0
20070314,49815,CWLC',OTC,0.02,0.02,245,0,China Wireless Commun Inc,0,0,0
20070315,49815,CWLC',OTC,0.02,0.02,3807,0,China Wireless Commun Inc,0,0,0
20070316,49815,CWLC',OTC,0.02,0.02,5782,0,China Wireless Commun Inc,0,0,0
20070319,49815,CWLC',OTC,0.02,0.02,4199,0,China Wireless Commun Inc,0,0,0
20070320,49815,CWLC',OTC,0.02,0.02,1219,0,China Wireless Commun Inc,0,0,0
20070321,49815,CWLC',OTC,0.02,0.02,1231,0,China Wireless Commun Inc,0,0,0
20070322,49815,CWLC',OTC,0.02,0.02,500,0,China Wireless Commun Inc,0,0,0
20070323,49815,CWLC',OTC,0.02,0.02,3322,0,China Wireless Commun Inc,0,0,0
20070326,49815,CWLC',OTC,0.02,0.02,2010,0,China Wireless Commun Inc,0,0,0
20070327,49815,CWLC',OTC,0.02,0.02,2690,0,China Wireless Commun Inc,0,0,0
20070328,49815,CWLC',OTC,0.02,0.02,1661,0,China Wireless Commun Inc,0,0,0
20070329,49815,CWLC',OTC,0.02,0.02,3374,0,China Wireless Commun Inc,0,0,0
20070330,49815,CWLC',OTC,0.02,0.02,1304,0,China Wireless Commun Inc,0,0,0
20070402,49815,CWLC',OTC,0.02,0.02,635,0,China Wireless Commun Inc,0,0,0
20070403,49815,CWLC',OTC,0.02,0.02,550,0,China Wireless Commun Inc,0,0,0
20070404,49815,CWLC',OTC,0.02,0.02,507,0,China Wireless Commun Inc,0,0,0
20070405,49815,CWLC',OTC,0.02,0.02,11539,0,China Wireless Commun Inc,0,0,0
20070409,49815,CWLC',OTC,0.02,0.02,3859,0,China Wireless Commun Inc,0,0,0
20070410,49815,CWLC',OTC,0.02,0.02,8622,0,China Wireless Commun Inc,0,0,0
20070411,49815,CWLC',OTC,0.02,0.02,4073,0,China Wireless Commun Inc,0,0,0
20070412,49815,CWLC',OTC,0.02,0.02,13274,0,China Wireless Commun Inc,0,0,0
20070413,49815,CWLC',OTC,0.02,0.02,11189,0,China Wireless Commun Inc,0,0,0
20070416,49815,CWLC',OTC,0.02,0.02,8895,0,China Wireless Commun Inc,0,0,0
20070417,49815,CWLC',OTC,0.02,0.02,1930,0,China Wireless Commun Inc,0,0,0
20070418,49815,CWLC',OTC,0.02,0.02,1250,0,China Wireless Commun Inc,0,0,0
20070419,49815,CWLC',OTC,0.02,0.02,946,0,China Wireless Commun Inc,0,0,0
20070420,49815,CWLC',OTC,0.02,0.02,2690,0,China Wireless Commun Inc,0,0,0
20070423,49815,CWLC',OTC,0.02,0.02,1540,0,China Wireless Commun Inc,0,0,0
20070424,49815,CWLC',OTC,0.02,0.02,3290,0,China Wireless Commun Inc,0,0,0
20070425,49815,CWLC',OTC,0.02,0.02,8832,0,China Wireless Commun Inc,0,0,0
20070426,49815,CWLC',OTC,0.02,0.02,5455,0,China Wireless Commun Inc,0,0,0
20070427,49815,CWLC',OTC,0.02,0.02,2297,0,China Wireless Commun Inc,0,0,0
20070430,49815,CWLC',OTC,0.02,0.02,3435,0,China Wireless Commun Inc,0,0,0
20070501,49815,CWLC',OTC,0.02,0.02,8130,0,China Wireless Commun Inc,0,0,0
20070502,49815,CWLC',OTC,0.02,0.02,10802,0,China Wireless Commun Inc,0,0,0
20070503,49815,CWLC',OTC,0.02,0.02,5215,0,China Wireless Commun Inc,0,0,0
20070504,49815,CWLC',OTC,0.01,0.01,4117,0,China Wireless Commun Inc,0,0,0
20070507,49815,CWLC',OTC,0.01,0.01,2111,0,China Wireless Commun Inc,0,0,0
20070508,49815,CWLC',OTC,0.01,0.01,3290,0,China Wireless Commun Inc,0,0,0
20070509,49815,CWLC',OTC,0.01,0.01,671,0,China Wireless Commun Inc,0,0,0
20070510,49815,CWLC',OTC,0.01,0.01,3770,0,China Wireless Commun Inc,0,0,0
20070511,49815,CWLC',OTC,0.01,0.01,2355,0,China Wireless Commun Inc,0,0,0
20070514,49815,CWLC',OTC,0.01,0.01,5625,0,China Wireless Commun Inc,0,0,0
20070515,49815,CWLC',OTC,0.01,0.01,3215,0,China Wireless Commun Inc,0,0,0
20070516,49815,CWLC',OTC,0.01,0.01,2820,0,China Wireless Commun Inc,0,0,0
20070517,49815,CWLC',OTC,0.01,0.01,3975,0,China Wireless Commun Inc,0,0,0
20070518,49815,CWLC',OTC,0.02,0.02,3008,0,China Wireless Commun Inc,0,0,0
20070521,49815,CWLC',OTC,0.01,0.01,4878,0,China Wireless Commun Inc,0,0,0
20070522,49815,CWLC',OTC,0.01,0.01,2335,0,China Wireless Commun Inc,0,0,0
20070523,49815,CWLC',OTC,0.01,0.01,10450,0,China Wireless Commun Inc,0,0,0
20070524,49815,CWLC',OTC,0.02,0.02,3519,0,China Wireless Commun Inc,0,0,0
20070525,49815,CWLC',OTC,0.01,0.01,4865,0,China Wireless Commun Inc,0,0,0
20070529,49815,CWLC',OTC,0.02,0.02,2966,0,China Wireless Commun Inc,0,0,0
20070530,49815,CWLC',OTC,0.02,0.02,12977,0,China Wireless Commun Inc,0,0,0
20070531,49815,CWLC',OTC,0.02,0.02,5178,0,China Wireless Commun Inc,0,0,0
20070601,49815,CWLC',OTC,0.02,0.02,4507,0,China Wireless Commun Inc,0,0,0
20070604,49815,CWLC',OTC,0.02,0.02,13829,0,China Wireless Commun Inc,0,0,0
20070605,49815,CWLC',OTC,0.02,0.02,157169,0,China Wireless Commun Inc,0,0,0
20070606,49815,CWLC',OTC,0.02,0.02,59593,0,China Wireless Commun Inc,0,0,0
20070607,49815,CWLC',OTC,0.02,0.02,22195,0,China Wireless Commun Inc,0,0,0
20070608,49815,CWLC',OTC,0.02,0.02,13445,0,China Wireless Commun Inc,0,0,0
20070611,49815,CWLC',OTC,0.02,0.02,12723,0,China Wireless Commun Inc,0,0,0
20070612,49815,CWLC',OTC,0.02,0.02,16229,0,China Wireless Commun Inc,0,0,0
20070613,49815,CWLC',OTC,0.02,0.02,4924,0,China Wireless Commun Inc,0,0,0
20070614,49815,CWLC',OTC,0.02,0.02,8739,0,China Wireless Commun Inc,0,0,0
20070615,49815,CWLC',OTC,0.02,0.02,1044,0,China Wireless Commun Inc,0,0,0
20070618,49815,CWLC',OTC,0.02,0.02,8672,0,China Wireless Commun Inc,0,0,0
20070619,49815,CWLC',OTC,0.02,0.02,9618,0,China Wireless Commun Inc,0,0,0
20070620,49815,CWLC',OTC,0.01,0.01,3170,0,China Wireless Commun Inc,0,0,0
20070621,49815,CWLC',OTC,0.01,0.01,3986,0,China Wireless Commun Inc,0,0,0
20070622,49815,CWLC',OTC,0.01,0.01,2503,0,China Wireless Commun Inc,0,0,0
20070625,49815,CWLC',OTC,0.01,0.01,2900,0,China Wireless Commun Inc,0,0,0
20070626,49815,CWLC',OTC,0.01,0.01,7479,0,China Wireless Commun Inc,0,0,0
20070627,49815,CWLC',OTC,0.01,0.01,5840,0,China Wireless Commun Inc,0,0,0
20070628,49815,CWLC',OTC,0.01,0.01,5280,0,China Wireless Commun Inc,0,0,0
20070629,49815,CWLC',OTC,0.01,0.01,4544,0,China Wireless Commun Inc,0,0,0
20070702,49815,CWLC',OTC,0.01,0.01,2535,0,China Wireless Commun Inc,0,0,0
20070703,49815,CWLC',OTC,0.01,0.01,385,0,China Wireless Commun Inc,0,0,0
20070705,49815,CWLC',OTC,0.01,0.01,7278,0,China Wireless Commun Inc,0,0,0
20070706,49815,CWLC',OTC,0.01,0.01,2465,0,China Wireless Commun Inc,0,0,0
20070709,49815,CWLC',OTC,0.01,0.01,8977,0,China Wireless Commun Inc,0,0,0
20070710,49815,CWLC',OTC,0.01,0.01,4740,0,China Wireless Commun Inc,0,0,0
20070711,49815,CWLC',OTC,0.01,0.01,1851,0,China Wireless Commun Inc,0,0,0
20070712,49815,CWLC',OTC,0.01,0.01,2803,0,China Wireless Commun Inc,0,0,0
20070713,49815,CWLC',OTC,0.01,0.01,9807,0,China Wireless Commun Inc,0,0,0
20070716,49815,CWLC',OTC,0.01,0.01,1795,0,China Wireless Commun Inc,0,0,0
20070717,49815,CWLC',OTC,0.01,0.01,10275,0,China Wireless Commun Inc,0,0,0
20070718,49815,CWLC',OTC,0.01,0.01,1213,0,China Wireless Commun Inc,0,0,0
20070719,49815,CWLC',OTC,0.01,0.01,14981,0,China Wireless Commun Inc,0,0,0
20070720,49815,CWLC',OTC,0.01,0.01,1400,0,China Wireless Commun Inc,0,0,0
20070723,49815,CWLC',OTC,0.01,0.01,21328,0,China Wireless Commun Inc,0,0,0
20070724,49815,CWLC',OTC,0.01,0.01,850,0,China Wireless Commun Inc,0,0,0
20070725,49815,CWLC',OTC,0.01,0.01,2508,0,China Wireless Commun Inc,0,0,0
20070726,49815,CWLC',OTC,0.01,0.01,20248,0,China Wireless Commun Inc,0,0,0
20070727,49815,CWLC',OTC,0.01,0.01,18060,0,China Wireless Commun Inc,0,0,0
20070730,49815,CWLC',OTC,0.01,0.01,1855,0,China Wireless Commun Inc,0,0,0
20070731,49815,CWLC',OTC,0.01,0.01,570,0,China Wireless Commun Inc,0,0,0
20070801,49815,CWLC',OTC,0.01,0.01,237,0,China Wireless Commun Inc,0,0,0
20070802,49815,CWLC',OTC,0.01,0.01,569,0,China Wireless Commun Inc,0,0,0
20070803,49815,CWLC',OTC,0.01,0.01,1445,0,China Wireless Commun Inc,0,0,0
20070806,49815,CWLC',OTC,0.01,0.01,1302,0,China Wireless Commun Inc,0,0,0
20070807,49815,CWLC',OTC,0.01,0.01,4540,0,China Wireless Commun Inc,0,0,0
20070808,49815,CWLC',OTC,0.01,0.01,12781,0,China Wireless Commun Inc,0,0,0
20070809,49815,CWLC',OTC,0.01,0.01,19876,0,China Wireless Commun Inc,0,0,0
20070810,49815,CWLC',OTC,0.01,0.01,6596,0,China Wireless Commun Inc,0,0,0
20070813,49815,CWLC',OTC,0.01,0.01,5426,0,China Wireless Commun Inc,0,0,0
20070814,49815,CWLC',OTC,0.01,0.01,16017,0,China Wireless Commun Inc,0,0,0
20070815,49815,CWLC',OTC,0.01,0.01,2533,0,China Wireless Commun Inc,0,0,0
20070816,49815,CWLC',OTC,0.01,0.01,3036,0,China Wireless Commun Inc,0,0,0
20070817,49815,CWLC',OTC,0.01,0.01,3300,0,China Wireless Commun Inc,0,0,0
20070820,49815,CWLC',OTC,0.01,0.01,7775,0,China Wireless Commun Inc,0,0,0
20070821,49815,CWLC',OTC,0.01,0.01,550,0,China Wireless Commun Inc,0,0,0
20070822,49815,CWLC',OTC,0.01,0.01,392,0,China Wireless Commun Inc,0,0,0
20070823,49815,CWLC',OTC,0.01,0.01,663,0,China Wireless Commun Inc,0,0,0
20070824,49815,CWLC',OTC,0.01,0.01,1100,0,China Wireless Commun Inc,0,0,0
20070827,49815,CWLC',OTC,0.01,0.01,578,0,China Wireless Commun Inc,0,0,0
20070828,49815,CWLC',OTC,0.01,0.01,2752,0,China Wireless Commun Inc,0,0,0
20070829,49815,CWLC',OTC,0.01,0.01,2329,0,China Wireless Commun Inc,0,0,0
20070830,49815,CWLC',OTC,0.01,0.01,205,0,China Wireless Commun Inc,0,0,0
20070831,49815,CWLC',OTC,0.01,0.01,1130,0,China Wireless Commun Inc,0,0,0
20070904,49815,CWLC',OTC,0.01,0.01,121,0,China Wireless Commun Inc,0,0,0
20070905,49815,CWLC',OTC,0.01,0.01,1498,0,China Wireless Commun Inc,0,0,0
20070906,49815,CWLC',OTC,0.01,0.01,1412,0,China Wireless Commun Inc,0,0,0
20070907,49815,CWLC',OTC,0.01,0.01,1759,0,China Wireless Commun Inc,0,0,0
20070910,49815,CWLC',OTC,0.01,0.01,1820,0,China Wireless Commun Inc,0,0,0
20070911,49815,CWLC',OTC,0.01,0.01,635,0,China Wireless Commun Inc,0,0,0
20070912,49815,CWLC',OTC,0.01,0.01,637,0,China Wireless Commun Inc,0,0,0
20070913,49815,CWLC',OTC,0.01,0.01,1954,0,China Wireless Commun Inc,0,0,0
20070914,49815,CWLC',OTC,0.01,0.01,1491,0,China Wireless Commun Inc,0,0,0
20070917,49815,CWLC',OTC,0.01,0.01,570,0,China Wireless Commun Inc,0,0,0
20070918,49815,CWLC',OTC,0.01,0.01,1840,0,China Wireless Commun Inc,0,0,0
20070919,49815,CWLC',OTC,0.01,0.01,2735,0,China Wireless Commun Inc,0,0,0
20070920,49815,CWLC',OTC,0.01,0.01,3326,0,China Wireless Commun Inc,0,0,0
20070921,49815,CWLC',OTC,0.01,0.01,500,0,China Wireless Commun Inc,0,0,0
20070924,49815,CWLC',OTC,0.01,0.01,57,0,China Wireless Commun Inc,0,0,0
20070925,49815,CWLC',OTC,0.01,0.01,1358,0,China Wireless Commun Inc,0,0,0
20070926,49815,CWLC',OTC,0.01,0.01,13944,0,China Wireless Commun Inc,0,0,0
20070927,49815,CWLC',OTC,0.01,0.01,5630,0,China Wireless Commun Inc,0,0,0
20070928,49815,CWLC',OTC,0.02,0.02,33983,0,China Wireless Commun Inc,0,0,0
20071001,49815,CWLC',OTC,0.02,0.02,4671,0,China Wireless Commun Inc,0,0,0
20071002,49815,CWLC',OTC,0.02,0.02,25667,0,China Wireless Commun Inc,0,0,0
20071003,49815,CWLC',OTC,0.02,0.02,14248,0,China Wireless Commun Inc,0,0,0
20071004,49815,CWLC',OTC,0.02,0.02,4837,0,China Wireless Commun Inc,0,0,0
20071005,49815,CWLC',OTC,0.02,0.02,4089,0,China Wireless Commun Inc,0,0,0
20071008,49815,CWLC',OTC,0.02,0.02,16310,0,China Wireless Commun Inc,0,0,0
20071009,49815,CWLC',OTC,0.01,0.01,4093,0,China Wireless Commun Inc,0,0,0
20071010,49815,CWLC',OTC,0.01,0.01,10570,0,China Wireless Commun Inc,0,0,0
20071011,49815,CWLC',OTC,0.02,0.02,24535,0,China Wireless Commun Inc,0,0,0
20071012,49815,CWLC',OTC,0.02,0.02,4118,0,China Wireless Commun Inc,0,0,0
20071015,49815,CWLC',OTC,0.02,0.02,2947,0,China Wireless Commun Inc,0,0,0
20071016,49815,CWLC',OTC,0.01,0.01,3452,0,China Wireless Commun Inc,0,0,0
20071017,49815,CWLC',OTC,0.01,0.01,3652,0,China Wireless Commun Inc,0,0,0
20071018,49815,CWLC',OTC,0.01,0.01,10369,0,China Wireless Commun Inc,0,0,0
20071019,49815,CWLC',OTC,0.01,0.01,2734,0,China Wireless Commun Inc,0,0,0
20071022,49815,CWLC',OTC,0.01,0.01,4149,0,China Wireless Commun Inc,0,0,0
20071023,49815,CWLC',OTC,0.01,0.01,2255,0,China Wireless Commun Inc,0,0,0
20071024,49815,CWLC',OTC,0.01,0.01,19593,0,China Wireless Commun Inc,0,0,0
20071025,49815,CWLC',OTC,0.01,0.01,5233,0,China Wireless Commun Inc,0,0,0
20071026,49815,CWLC',OTC,0.01,0.01,5473,0,China Wireless Commun Inc,0,0,0
20071029,49815,CWLC',OTC,0.01,0.01,10074,0,China Wireless Commun Inc,0,0,0
20071030,49815,CWLC',OTC,0.01,0.01,4926,0,China Wireless Commun Inc,0,0,0
20071031,49815,CWLC',OTC,0.01,0.01,5270,0,China Wireless Commun Inc,0,0,0
20071101,49815,CWLC',OTC,0.01,0.01,2014,0,China Wireless Commun Inc,0,0,0
20071102,49815,CWLC',OTC,0.01,0.01,6579,0,China Wireless Commun Inc,0,0,0
20071105,49815,CWLC',OTC,0.01,0.01,770,0,China Wireless Commun Inc,0,0,0
20071106,49815,CWLC',OTC,0.01,0.01,715,0,China Wireless Commun Inc,0,0,0
20071107,49815,CWLC',OTC,0.01,0.01,1400,0,China Wireless Commun Inc,0,0,0
20071108,49815,CWLC',OTC,0.01,0.01,3472,0,China Wireless Commun Inc,0,0,0
20071109,49815,CWLC',OTC,0.01,0.01,7727,0,China Wireless Commun Inc,0,0,0
20071112,49815,CWLC',OTC,0.01,0.01,4678,0,China Wireless Commun Inc,0,0,0
20071113,49815,CWLC',OTC,0.01,0.01,4271,0,China Wireless Commun Inc,0,0,0
20071114,49815,CWLC',OTC,0.01,0.01,2283,0,China Wireless Commun Inc,0,0,0
20071115,49815,CWLC',OTC,0.01,0.01,3595,0,China Wireless Commun Inc,0,0,0
20071116,49815,CWLC',OTC,0.01,0.01,2110,0,China Wireless Commun Inc,0,0,0
20071119,49815,CWLC',OTC,0.01,0.01,788,0,China Wireless Commun Inc,0,0,0
20071120,49815,CWLC',OTC,0.01,0.01,9326,0,China Wireless Commun Inc,0,0,0
20071121,49815,CWLC',OTC,0.01,0.01,9923,0,China Wireless Commun Inc,0,0,0
20071123,49815,CWLC',OTC,0.01,0.01,400,0,China Wireless Commun Inc,0,0,0
20071126,49815,CWLC',OTC,0.01,0.01,7158,0,China Wireless Commun Inc,0,0,0
20071127,49815,CWLC',OTC,0.01,0.01,2080,0,China Wireless Commun Inc,0,0,0
20071128,49815,CWLC',OTC,0.01,0.01,217,0,China Wireless Commun Inc,0,0,0
20071129,49815,CWLC',OTC,0.01,0.01,1240,0,China Wireless Commun Inc,0,0,0
20071130,49815,CWLC',OTC,0.01,0.01,3178,0,China Wireless Commun Inc,0,0,0
20071203,49815,CWLC',OTC,0.01,0.01,4129,0,China Wireless Commun Inc,0,0,0
20071204,49815,CWLC',OTC,0.01,0.01,2534,0,China Wireless Commun Inc,0,0,0
20071205,49815,CWLC',OTC,0.01,0.01,115,0,China Wireless Commun Inc,0,0,0
20071206,49815,CWLC',OTC,0.01,0.01,102,0,China Wireless Commun Inc,0,0,0
20071207,49815,CWLC',OTC,0.01,0.01,970,0,China Wireless Commun Inc,0,0,0
20071210,49815,CWLC',OTC,0.01,0.01,2920,0,China Wireless Commun Inc,0,0,0
20071211,49815,CWLC',OTC,0.01,0.01,380,0,China Wireless Commun Inc,0,0,0
20071212,49815,CWLC',OTC,0.01,0.01,855,0,China Wireless Commun Inc,0,0,0
20071213,49815,CWLC',OTC,0.01,0.01,2488,0,China Wireless Commun Inc,0,0,0
20071214,49815,CWLC',OTC,0.01,0.01,320,0,China Wireless Commun Inc,0,0,0
20071217,49815,CWLC',OTC,0.01,0.01,643,0,China Wireless Commun Inc,0,0,0
20071218,49815,CWLC',OTC,0.01,0.01,2954,0,China Wireless Commun Inc,0,0,0
20071219,49815,CWLC',OTC,0.01,0.01,14280,0,China Wireless Commun Inc,0,0,0
20071220,49815,CWLC',OTC,0.01,0.01,12723,0,China Wireless Commun Inc,0,0,0
20071221,49815,CWLC',OTC,0.01,0.01,11996,0,China Wireless Commun Inc,0,0,0
20071224,49815,CWLC',OTC,0.01,0.01,702,0,China Wireless Commun Inc,0,0,0
20071226,49815,CWLC',OTC,0.01,0.01,3088,0,China Wireless Commun Inc,0,0,0
20071227,49815,CWLC',OTC,0.01,0.01,1161,0,China Wireless Commun Inc,0,0,0
20071228,49815,CWLC',OTC,0.01,0.01,1937,0,China Wireless Commun Inc,0,0,0
20071231,49815,CWLC',OTC,0.01,0.01,3816,0,China Wireless Commun Inc,0,0,0
20080102,49815,CWLC',OTC,0.01,0.01,1650,0,China Wireless Commun Inc,0,0,0
20080103,49815,CWLC',OTC,0.01,0.01,750,0,China Wireless Commun Inc,0,0,0
20080104,49815,CWLC',OTC,0.01,0.01,1170,0,China Wireless Commun Inc,0,0,0
20080107,49815,CWLC',OTC,0.01,0.01,247,0,China Wireless Commun Inc,0,0,0
20080108,49815,CWLC',OTC,0.01,0.01,25770,0,China Wireless Commun Inc,0,0,0
20080109,49815,CWLC',OTC,0.01,0.01,2087,0,China Wireless Commun Inc,0,0,0
20080110,49815,CWLC',OTC,0.01,0.01,2599,0,China Wireless Commun Inc,0,0,0
20080111,49815,CWLC',OTC,0.01,0.01,185,0,China Wireless Commun Inc,0,0,0
20080114,49815,CWLC',OTC,0.01,0.01,370,0,China Wireless Commun Inc,0,0,0
20080115,49815,CWLC',OTC,0.01,0.01,258,0,China Wireless Commun Inc,0,0,0
20080116,49815,CWLC',OTC,0.01,0.01,666,0,China Wireless Commun Inc,0,0,0
20080117,49815,CWLC',OTC,0.01,0.01,1000,0,China Wireless Commun Inc,0,0,0
20080118,49815,CWLC',OTC,0.01,0.01,1755,0,China Wireless Commun Inc,0,0,0
20080122,49815,CWLC',OTC,0.01,0.01,3533,0,China Wireless Commun Inc,0,0,0
20080123,49815,CWLC',OTC,0.01,0.01,3400,0,China Wireless Commun Inc,0,0,0
20080124,49815,CWLC',OTC,0.01,0.01,2614,0,China Wireless Commun Inc,0,0,0
20080125,49815,CWLC',OTC,0.01,0.01,754,0,China Wireless Commun Inc,0,0,0
20080128,49815,CWLC',OTC,0.01,0.01,673,0,China Wireless Commun Inc,0,0,0
20080129,49815,CWLC',OTC,0.01,0.01,401,0,China Wireless Commun Inc,0,0,0
20080130,49815,CWLC',OTC,0.01,0.01,342,0,China Wireless Commun Inc,0,0,0
20080131,49815,CWLC',OTC,0.01,0.01,1411,0,China Wireless Commun Inc,0,0,0
20080201,49815,CWLC',OTC,0.01,0.01,834,0,China Wireless Commun Inc,0,0,0
20080204,49815,CWLC',OTC,0.01,0.01,1116,0,China Wireless Commun Inc,0,0,0
20080205,49815,CWLC',OTC,0.01,0.01,148,0,China Wireless Commun Inc,0,0,0
20080206,49815,CWLC',OTC,0.01,0.01,50,0,China Wireless Commun Inc,0,0,0
20080207,49815,CWLC',OTC,0.01,0.01,0,0,China Wireless Commun Inc,0,0,0
20080208,49815,CWLC',OTC,0.01,0.01,50,0,China Wireless Commun Inc,0,0,0
20080211,49815,CWLC',OTC,0.01,0.01,150,0,China Wireless Commun Inc,0,0,0
20080212,49815,CWLC',OTC,0.01,0.01,560,0,China Wireless Commun Inc,0,0,0
20080213,49815,CWLC',OTC,0.01,0.01,636,0,China Wireless Commun Inc,0,0,0
20080214,49815,CWLC',OTC,0.01,0.01,410,0,China Wireless Commun Inc,0,0,0
20080215,49815,CWLC',OTC,0.01,0.01,750,0,China Wireless Commun Inc,0,0,0
20080219,49815,CWLC',OTC,0.01,0.01,2693,0,China Wireless Commun Inc,0,0,0
20080220,49815,CWLC',OTC,0.01,0.01,510,0,China Wireless Commun Inc,0,0,0
20080221,49815,CWLC',OTC,0.01,0.01,3762,0,China Wireless Commun Inc,0,0,0
20080222,49815,CWLC',OTC,0.01,0.01,1659,0,China Wireless Commun Inc,0,0,0
20080225,49815,CWLC',OTC,0.01,0.01,1600,0,China Wireless Commun Inc,0,0,0
20080226,49815,CWLC',OTC,0.01,0.01,50,0,China Wireless Commun Inc,0,0,0
20080227,49815,CWLC',OTC,0.01,0.01,1554,0,China Wireless Commun Inc,0,0,0
20080228,49815,CWLC',OTC,0.01,0.01,5120,0,China Wireless Commun Inc,0,0,0
20080229,49815,CWLC',OTC,0.01,0.01,100,0,China Wireless Commun Inc,0,0,0
20080303,49815,CWLC',OTC,0.01,0.01,0,0,China Wireless Commun Inc,0,0,0
20080304,49815,CWLC',OTC,0.01,0.01,700,0,China Wireless Commun Inc,0,0,0
20080305,49815,CWLC',OTC,0.01,0.01,3542,0,China Wireless Commun Inc,0,0,0
20080306,49815,CWLC',OTC,0.01,0.01,1304,0,China Wireless Commun Inc,0,0,0
20080307,49815,CWLC',OTC,0.01,0.01,804,0,China Wireless Commun Inc,0,0,0
20080310,49815,CWLC',OTC,0.01,0.01,1370,0,China Wireless Commun Inc,0,0,0
20080311,49815,CWLC',OTC,0.01,0.01,190,0,China Wireless Commun Inc,0,0,0
20080312,49815,CWLC',OTC,0.01,0.01,282,0,China Wireless Commun Inc,0,0,0
20080313,49815,CWLC',OTC,0.01,0.01,856,0,China Wireless Commun Inc,0,0,0
20080314,49815,CWLC',OTC,0.01,0.01,3014,0,China Wireless Commun Inc,0,0,0
