DDate,CSINumber,Symbol,Exchange,DClose,UnAdjustedClose,TotalVolume,Cash,MarketName,PTB,PSR,DPS
20031015,55446,DYTKP',OTC,2.2,2.2,1,0,Dyntek Inc Pfd Cv S,0,0,0
20031016,55446,DYTKP',OTC,2.2,2.2,0,0,Dyntek Inc Pfd Cv S,0,0,0
20031017,55446,DYTKP',OTC,2.51,2.51,4,0,Dyntek Inc Pfd Cv S,0,0,0
20031020,55446,DYTKP',OTC,2.51,2.51,0,0,Dyntek Inc Pfd Cv S,0,0,0
20031021,55446,DYTKP',OTC,2.51,2.51,0,0,Dyntek Inc Pfd Cv S,0,0,0
20031022,55446,DYTKP',OTC,2.51,2.51,0,0,Dyntek Inc Pfd Cv S,0,0,0
20031023,55446,DYTKP',OTC,2.51,2.51,0,0,Dyntek Inc Pfd Cv S,0,0,0
20031024,55446,DYTKP',OTC,2.12,2.12,93,0,Dyntek Inc Pfd Cv S,0,0,0
20031027,55446,DYTKP',OTC,2.12,2.12,27,0,Dyntek Inc Pfd Cv S,0,0,0
20031028,55446,DYTKP',OTC,2.16,2.16,8,0,Dyntek Inc Pfd Cv S,0,0,0
20031029,55446,DYTKP',OTC,2.12,2.12,11,0,Dyntek Inc Pfd Cv S,0,0,0
20031030,55446,DYTKP',OTC,2.12,2.12,0,0,Dyntek Inc Pfd Cv S,0,0,0
20031031,55446,DYTKP',OTC,2.05,2.05,125,0,Dyntek Inc Pfd Cv S,0,0,0
20031103,55446,DYTKP',OTC,2.15,2.15,21,0,Dyntek Inc Pfd Cv S,0,0,0
20031104,55446,DYTKP',OTC,2.25,2.25,1,0,Dyntek Inc Pfd Cv S,0,0,0
20031105,55446,DYTKP',OTC,2.25,2.25,0,0,Dyntek Inc Pfd Cv S,0,0,0
20031106,55446,DYTKP',OTC,2.25,2.25,0,0,Dyntek Inc Pfd Cv S,0,0,0
20031107,55446,DYTKP',OTC,2.25,2.25,0,0,Dyntek Inc Pfd Cv S,0,0,0
20031110,55446,DYTKP',OTC,2.08,2.08,1,0,Dyntek Inc Pfd Cv S,0,0,0
20031111,55446,DYTKP',OTC,2.08,2.08,0,0,Dyntek Inc Pfd Cv S,0,0,0
20031112,55446,DYTKP',OTC,2.23,2.23,16,0,Dyntek Inc Pfd Cv S,0,0,0
20031113,55446,DYTKP',OTC,2.23,2.23,0,0,Dyntek Inc Pfd Cv S,0,0,0
20031114,55446,DYTKP',OTC,2.05,2.05,20,0,Dyntek Inc Pfd Cv S,0,0,0
20031117,55446,DYTKP',OTC,2.02,2.02,11,0,Dyntek Inc Pfd Cv S,0,0,0
20031118,55446,DYTKP',OTC,2.02,2.02,12,0,Dyntek Inc Pfd Cv S,0,0,0
20031119,55446,DYTKP',OTC,2.3,2.3,38,0,Dyntek Inc Pfd Cv S,0,0,0
20031120,55446,DYTKP',OTC,2.3,2.3,0,0,Dyntek Inc Pfd Cv S,0,0,0
20031121,55446,DYTKP',OTC,2.3,2.3,0,0,Dyntek Inc Pfd Cv S,0,0,0
20031124,55446,DYTKP',OTC,2.27,2.27,19,0,Dyntek Inc Pfd Cv S,0,0,0
20031125,55446,DYTKP',OTC,2,2,20,0,Dyntek Inc Pfd Cv S,0,0,0
20031126,55446,DYTKP',OTC,1.98,1.98,22,0,Dyntek Inc Pfd Cv S,0,0,0
20031128,55446,DYTKP',OTC,1.98,1.98,0,0,Dyntek Inc Pfd Cv S,0,0,0
20031201,55446,DYTKP',OTC,1.98,1.98,0,0,Dyntek Inc Pfd Cv S,0,0,0
20031202,55446,DYTKP',OTC,2.15,2.15,79,0,Dyntek Inc Pfd Cv S,0,0,0
20031203,55446,DYTKP',OTC,2.17,2.17,2,0,Dyntek Inc Pfd Cv S,0,0,0
20031204,55446,DYTKP',OTC,2.17,2.17,25,0,Dyntek Inc Pfd Cv S,0,0,0
20031205,55446,DYTKP',OTC,2.17,2.17,0,0,Dyntek Inc Pfd Cv S,0,0,0
20031208,55446,DYTKP',OTC,2.17,2.17,0,0,Dyntek Inc Pfd Cv S,0,0,0
20031209,55446,DYTKP',OTC,2.12,2.12,3,0,Dyntek Inc Pfd Cv S,0,0,0
20031210,55446,DYTKP',OTC,2.2,2.2,14,0,Dyntek Inc Pfd Cv S,0,0,0
20031211,55446,DYTKP',OTC,2.05,2.05,3,0,Dyntek Inc Pfd Cv S,0,0,0
20031212,55446,DYTKP',OTC,1.94,1.94,4,0,Dyntek Inc Pfd Cv S,0,0,0
20031215,55446,DYTKP',OTC,1.75,1.75,15,0,Dyntek Inc Pfd Cv S,0,0,0
20031216,55446,DYTKP',OTC,1.95,1.95,35,0,Dyntek Inc Pfd Cv S,0,0,0
20031217,55446,DYTKP',OTC,1.82,1.82,1,0,Dyntek Inc Pfd Cv S,0,0,0
20031218,55446,DYTKP',OTC,1.8,1.8,2,0,Dyntek Inc Pfd Cv S,0,0,0
20031219,55446,DYTKP',OTC,1.77,1.77,3,0,Dyntek Inc Pfd Cv S,0,0,0
20031222,55446,DYTKP',OTC,1.78,1.78,6,0,Dyntek Inc Pfd Cv S,0,0,0
20031223,55446,DYTKP',OTC,1.78,1.78,2,0,Dyntek Inc Pfd Cv S,0,0,0
20031224,55446,DYTKP',OTC,1.78,1.78,0,0,Dyntek Inc Pfd Cv S,0,0,0
20031226,55446,DYTKP',OTC,1.78,1.78,0,0,Dyntek Inc Pfd Cv S,0,0,0
20031229,55446,DYTKP',OTC,1.77,1.77,18,0,Dyntek Inc Pfd Cv S,0,0,0
20031230,55446,DYTKP',OTC,1.77,1.77,0,0,Dyntek Inc Pfd Cv S,0,0,0
20031231,55446,DYTKP',OTC,1.77,1.77,2,0,Dyntek Inc Pfd Cv S,0,0,0
20040102,55446,DYTKP',OTC,1.77,1.77,2,0,Dyntek Inc Pfd Cv S,0,0,0
20040105,55446,DYTKP',OTC,1.77,1.77,10,0,Dyntek Inc Pfd Cv S,0,0,0
20040106,55446,DYTKP',OTC,1.77,1.77,0,0,Dyntek Inc Pfd Cv S,0,0,0
20040107,55446,DYTKP',OTC,1.81,1.81,13,0,Dyntek Inc Pfd Cv S,0,0,0
20040108,55446,DYTKP',OTC,1.81,1.81,0,0,Dyntek Inc Pfd Cv S,0,0,0
20040109,55446,DYTKP',OTC,1.79,1.79,7,0,Dyntek Inc Pfd Cv S,0,0,0
20040112,55446,DYTKP',OTC,1.75,1.75,2,0,Dyntek Inc Pfd Cv S,0,0,0
20040113,55446,DYTKP',OTC,1.75,1.75,0,0,Dyntek Inc Pfd Cv S,0,0,0
20040114,55446,DYTKP',OTC,1.75,1.75,4,0,Dyntek Inc Pfd Cv S,0,0,0
20040115,55446,DYTKP',OTC,1.75,1.75,0,0,Dyntek Inc Pfd Cv S,0,0,0
20040116,55446,DYTKP',OTC,1.75,1.75,0,0,Dyntek Inc Pfd Cv S,0,0,0
20040120,55446,DYTKP',OTC,1.75,1.75,0,0,Dyntek Inc Pfd Cv S,0,0,0
20040121,55446,DYTKP',OTC,1.75,1.75,0,0,Dyntek Inc Pfd Cv S,0,0,0
20040122,55446,DYTKP',OTC,1.95,1.95,5,0,Dyntek Inc Pfd Cv S,0,0,0
20040123,55446,DYTKP',OTC,2.1,2.1,9,0,Dyntek Inc Pfd Cv S,0,0,0
20040126,55446,DYTKP',OTC,2.1,2.1,0,0,Dyntek Inc Pfd Cv S,0,0,0
20040127,55446,DYTKP',OTC,2.09,2.09,3,0,Dyntek Inc Pfd Cv S,0,0,0
20040128,55446,DYTKP',OTC,2,2,33,0,Dyntek Inc Pfd Cv S,0,0,0
20040129,55446,DYTKP',OTC,2,2,13,0,Dyntek Inc Pfd Cv S,0,0,0
20040130,55446,DYTKP',OTC,2.08,2.08,4,0,Dyntek Inc Pfd Cv S,0,0,0
20040202,55446,DYTKP',OTC,2.08,2.08,1,0,Dyntek Inc Pfd Cv S,0,0,0
20040203,55446,DYTKP',OTC,2.08,2.08,0,0,Dyntek Inc Pfd Cv S,0,0,0
20040204,55446,DYTKP',OTC,2,2,2,0,Dyntek Inc Pfd Cv S,0,0,0
20040205,55446,DYTKP',OTC,2,2,21,0,Dyntek Inc Pfd Cv S,0,0,0
20040206,55446,DYTKP',OTC,2,2,0,0,Dyntek Inc Pfd Cv S,0,0,0
20040209,55446,DYTKP',OTC,2,2,10,0,Dyntek Inc Pfd Cv S,0,0,0
20040210,55446,DYTKP',OTC,2,2,0,0,Dyntek Inc Pfd Cv S,0,0,0
20040211,55446,DYTKP',OTC,2.01,2.01,12,0,Dyntek Inc Pfd Cv S,0,0,0
20040212,55446,DYTKP',OTC,2.01,2.01,0,0,Dyntek Inc Pfd Cv S,0,0,0
20040213,55446,DYTKP',OTC,2.01,2.01,2,0,Dyntek Inc Pfd Cv S,0,0,0
20040217,55446,DYTKP',OTC,2.1,2.1,10,0,Dyntek Inc Pfd Cv S,0,0,0
20040218,55446,DYTKP',OTC,2.01,2.01,4,0,Dyntek Inc Pfd Cv S,0,0,0
20040219,55446,DYTKP',OTC,2.01,2.01,0,0,Dyntek Inc Pfd Cv S,0,0,0
20040220,55446,DYTKP',OTC,2.1,2.1,1,0,Dyntek Inc Pfd Cv S,0,0,0
20040223,55446,DYTKP',OTC,2.01,2.01,14,0,Dyntek Inc Pfd Cv S,0,0,0
20040224,55446,DYTKP',OTC,1.95,1.95,2,0,Dyntek Inc Pfd Cv S,0,0,0
20040225,55446,DYTKP',OTC,1.95,1.95,0,0,Dyntek Inc Pfd Cv S,0,0,0
20040226,55446,DYTKP',OTC,1.95,1.95,0,0,Dyntek Inc Pfd Cv S,0,0,0
20040227,55446,DYTKP',OTC,2.1,2.1,20,0,Dyntek Inc Pfd Cv S,0,0,0
20040301,55446,DYTKP',OTC,2.1,2.1,0,0,Dyntek Inc Pfd Cv S,0,0,0
20040302,55446,DYTKP',OTC,2.1,2.1,0,0,Dyntek Inc Pfd Cv S,0,0,0
20040303,55446,DYTKP',OTC,2.1,2.1,0,0,Dyntek Inc Pfd Cv S,0,0,0
20040304,55446,DYTKP',OTC,2.1,2.1,0,0,Dyntek Inc Pfd Cv S,0,0,0
20040305,55446,DYTKP',OTC,2.1,2.1,0,0,Dyntek Inc Pfd Cv S,0,0,0
20040308,55446,DYTKP',OTC,2.1,2.1,0,0,Dyntek Inc Pfd Cv S,0,0,0
20040309,55446,DYTKP',OTC,2.1,2.1,0,0,Dyntek Inc Pfd Cv S,0,0,0
20040310,55446,DYTKP',OTC,2.1,2.1,0,0,Dyntek Inc Pfd Cv S,0,0,0
20040311,55446,DYTKP',OTC,2.1,2.1,0,0,Dyntek Inc Pfd Cv S,0,0,0
20040312,55446,DYTKP',OTC,2,2,20,0,Dyntek Inc Pfd Cv S,0,0,0
20040315,55446,DYTKP',OTC,2,2,0,0,Dyntek Inc Pfd Cv S,0,0,0
20040316,55446,DYTKP',OTC,2,2,4,0,Dyntek Inc Pfd Cv S,0,0,0
20040317,55446,DYTKP',OTC,2,2,10,0,Dyntek Inc Pfd Cv S,0,0,0
20040318,55446,DYTKP',OTC,2,2,0,0,Dyntek Inc Pfd Cv S,0,0,0
20040319,55446,DYTKP',OTC,1.9,1.9,4,0,Dyntek Inc Pfd Cv S,0,0,0
20040322,55446,DYTKP',OTC,1.95,1.95,6,0,Dyntek Inc Pfd Cv S,0,0,0
20040323,55446,DYTKP',OTC,1.95,1.95,0,0,Dyntek Inc Pfd Cv S,0,0,0
20040324,55446,DYTKP',OTC,1.95,1.95,0,0,Dyntek Inc Pfd Cv S,0,0,0
20040325,55446,DYTKP',OTC,1.8,1.8,14,0,Dyntek Inc Pfd Cv S,0,0,0
20040326,55446,DYTKP',OTC,1.82,1.82,23,0,Dyntek Inc Pfd Cv S,0,0,0
20040329,55446,DYTKP',OTC,1.82,1.82,0,0,Dyntek Inc Pfd Cv S,0,0,0
20040330,55446,DYTKP',OTC,1.82,1.82,0,0,Dyntek Inc Pfd Cv S,0,0,0
20040331,55446,DYTKP',OTC,1.82,1.82,2,0,Dyntek Inc Pfd Cv S,0,0,0
20040401,55446,DYTKP',OTC,1.82,1.82,0,0,Dyntek Inc Pfd Cv S,0,0,0
20040402,55446,DYTKP',OTC,1.74,1.74,10,0,Dyntek Inc Pfd Cv S,0,0,0
20040405,55446,DYTKP',OTC,1.65,1.65,1,0,Dyntek Inc Pfd Cv S,0,0,0
20040406,55446,DYTKP',OTC,1.6,1.6,11,0,Dyntek Inc Pfd Cv S,0,0,0
20040407,55446,DYTKP',OTC,1.6,1.6,0,0,Dyntek Inc Pfd Cv S,0,0,0
20040408,55446,DYTKP',OTC,1.6,1.6,0,0,Dyntek Inc Pfd Cv S,0,0,0
20040412,55446,DYTKP',OTC,1.6,1.6,0,0,Dyntek Inc Pfd Cv S,0,0,0
20040413,55446,DYTKP',OTC,4.1,4.1,1249,0,Dyntek Inc Pfd Cv S,0,0,0
20040414,55446,DYTKP',OTC,3,3,364,0,Dyntek Inc Pfd Cv S,0,0,0
20040415,55446,DYTKP',OTC,3.15,3.15,100,0,Dyntek Inc Pfd Cv S,0,0,0
20040416,55446,DYTKP',OTC,3.49,3.49,24,0,Dyntek Inc Pfd Cv S,0,0,0
20040419,55446,DYTKP',OTC,4.25,4.25,1151,0,Dyntek Inc Pfd Cv S,0,0,0
20040420,55446,DYTKP',OTC,3.99,3.99,97,0,Dyntek Inc Pfd Cv S,0,0,0
20040421,55446,DYTKP',OTC,3.6,3.6,83,0,Dyntek Inc Pfd Cv S,0,0,0
20040422,55446,DYTKP',OTC,3.68,3.68,427,0,Dyntek Inc Pfd Cv S,0,0,0
20040423,55446,DYTKP',OTC,3.68,3.68,0,0,Dyntek Inc Pfd Cv S,0,0,0
20040426,55446,DYTKP',OTC,3.5,3.5,262,0,Dyntek Inc Pfd Cv S,0,0,0
20040427,55446,DYTKP',OTC,3.05,3.05,48,0,Dyntek Inc Pfd Cv S,0,0,0
20040428,55446,DYTKP',OTC,3,3,78,0,Dyntek Inc Pfd Cv S,0,0,0
20040429,55446,DYTKP',OTC,2.8,2.8,24,0,Dyntek Inc Pfd Cv S,0,0,0
20040430,55446,DYTKP',OTC,2.66,2.66,41,0,Dyntek Inc Pfd Cv S,0,0,0
20040503,55446,DYTKP',OTC,2.74,2.74,17,0,Dyntek Inc Pfd Cv S,0,0,0
20040504,55446,DYTKP',OTC,2.95,2.95,239,0,Dyntek Inc Pfd Cv S,0,0,0
20040505,55446,DYTKP',OTC,2.8,2.8,3,0,Dyntek Inc Pfd Cv S,0,0,0
20040506,55446,DYTKP',OTC,2.75,2.75,52,0,Dyntek Inc Pfd Cv S,0,0,0
20040507,55446,DYTKP',OTC,2.75,2.75,0,0,Dyntek Inc Pfd Cv S,0,0,0
20040510,55446,DYTKP',OTC,2.75,2.75,0,0,Dyntek Inc Pfd Cv S,0,0,0
20040511,55446,DYTKP',OTC,2.75,2.75,0,0,Dyntek Inc Pfd Cv S,0,0,0
20040512,55446,DYTKP',OTC,2.75,2.75,0,0,Dyntek Inc Pfd Cv S,0,0,0
20040513,55446,DYTKP',OTC,2.69,2.69,2,0,Dyntek Inc Pfd Cv S,0,0,0
20040514,55446,DYTKP',OTC,2.7,2.7,12,0,Dyntek Inc Pfd Cv S,0,0,0
20040517,55446,DYTKP',OTC,2.7,2.7,0,0,Dyntek Inc Pfd Cv S,0,0,0
20040518,55446,DYTKP',OTC,2.52,2.52,109,0,Dyntek Inc Pfd Cv S,0,0,0
20040519,55446,DYTKP',OTC,2.52,2.52,0,0,Dyntek Inc Pfd Cv S,0,0,0
20040520,55446,DYTKP',OTC,2.41,2.41,15,0,Dyntek Inc Pfd Cv S,0,0,0
20040521,55446,DYTKP',OTC,2.41,2.41,0,0,Dyntek Inc Pfd Cv S,0,0,0
20040524,55446,DYTKP',OTC,2.14,2.14,59,0,Dyntek Inc Pfd Cv S,0,0,0
20040525,55446,DYTKP',OTC,2.25,2.25,1,0,Dyntek Inc Pfd Cv S,0,0,0
20040526,55446,DYTKP',OTC,2.45,2.45,27,0,Dyntek Inc Pfd Cv S,0,0,0
20040527,55446,DYTKP',OTC,2.4,2.4,1,0,Dyntek Inc Pfd Cv S,0,0,0
20040528,55446,DYTKP',OTC,2.26,2.26,4,0,Dyntek Inc Pfd Cv S,0,0,0
20040601,55446,DYTKP',OTC,2.5,2.5,41,0,Dyntek Inc Pfd Cv S,0,0,0
20040602,55446,DYTKP',OTC,2.5,2.5,0,0,Dyntek Inc Pfd Cv S,0,0,0
20040603,55446,DYTKP',OTC,2.5,2.5,0,0,Dyntek Inc Pfd Cv S,0,0,0
20040604,55446,DYTKP',OTC,2.56,2.56,3,0,Dyntek Inc Pfd Cv S,0,0,0
20040607,55446,DYTKP',OTC,2.42,2.42,21,0,Dyntek Inc Pfd Cv S,0,0,0
20040608,55446,DYTKP',OTC,2.42,2.42,0,0,Dyntek Inc Pfd Cv S,0,0,0
20040609,55446,DYTKP',OTC,2.4,2.4,1,0,Dyntek Inc Pfd Cv S,0,0,0
20040610,55446,DYTKP',OTC,2.3,2.3,1,0,Dyntek Inc Pfd Cv S,0,0,0
20040614,55446,DYTKP',OTC,2.2,2.2,2,0,Dyntek Inc Pfd Cv S,0,0,0
20040615,55446,DYTKP',OTC,2.2,2.2,0,0,Dyntek Inc Pfd Cv S,0,0,0
20040616,55446,DYTKP',OTC,2.25,2.25,6,0,Dyntek Inc Pfd Cv S,0,0,0
20040617,55446,DYTKP',OTC,2.26,2.26,23,0,Dyntek Inc Pfd Cv S,0,0,0
20040618,55446,DYTKP',OTC,2.26,2.26,0,0,Dyntek Inc Pfd Cv S,0,0,0
20040621,55446,DYTKP',OTC,2.1,2.1,54,0,Dyntek Inc Pfd Cv S,0,0,0
20040622,55446,DYTKP',OTC,2.08,2.08,23,0,Dyntek Inc Pfd Cv S,0,0,0
20040623,55446,DYTKP',OTC,2.1,2.1,4,0,Dyntek Inc Pfd Cv S,0,0,0
20040624,55446,DYTKP',OTC,2.06,2.06,24,0,Dyntek Inc Pfd Cv S,0,0,0
20040625,55446,DYTKP',OTC,2.06,2.06,31,0,Dyntek Inc Pfd Cv S,0,0,0
20040628,55446,DYTKP',OTC,2.06,2.06,0,0,Dyntek Inc Pfd Cv S,0,0,0
20040629,55446,DYTKP',OTC,2.1,2.1,3,0,Dyntek Inc Pfd Cv S,0,0,0
20040630,55446,DYTKP',OTC,2.1,2.1,0,0,Dyntek Inc Pfd Cv S,0,0,0
20040701,55446,DYTKP',OTC,2.1,2.1,0,0,Dyntek Inc Pfd Cv S,0,0,0
20040702,55446,DYTKP',OTC,2,2,1,0,Dyntek Inc Pfd Cv S,0,0,0
20040706,55446,DYTKP',OTC,2,2,101,0,Dyntek Inc Pfd Cv S,0,0,0
20040707,55446,DYTKP',OTC,2,2,42,0,Dyntek Inc Pfd Cv S,0,0,0
20040708,55446,DYTKP',OTC,2,2,20,0,Dyntek Inc Pfd Cv S,0,0,0
20040709,55446,DYTKP',OTC,2,2,80,0,Dyntek Inc Pfd Cv S,0,0,0
20040712,55446,DYTKP',OTC,1.96,1.96,34,0,Dyntek Inc Pfd Cv S,0,0,0
20040713,55446,DYTKP',OTC,1.9,1.9,411,0,Dyntek Inc Pfd Cv S,0,0,0
20040714,55446,DYTKP',OTC,1.9,1.9,0,0,Dyntek Inc Pfd Cv S,0,0,0
20040715,55446,DYTKP',OTC,1.9,1.9,0,0,Dyntek Inc Pfd Cv S,0,0,0
20040716,55446,DYTKP',OTC,1.9,1.9,0,0,Dyntek Inc Pfd Cv S,0,0,0
20040719,55446,DYTKP',OTC,1.9,1.9,0,0,Dyntek Inc Pfd Cv S,0,0,0
20040720,55446,DYTKP',OTC,1.92,1.92,1,0,Dyntek Inc Pfd Cv S,0,0,0
20040721,55446,DYTKP',OTC,1.92,1.92,0,0,Dyntek Inc Pfd Cv S,0,0,0
20040722,55446,DYTKP',OTC,1.75,1.75,65,0,Dyntek Inc Pfd Cv S,0,0,0
20040723,55446,DYTKP',OTC,1.7,1.7,1,0,Dyntek Inc Pfd Cv S,0,0,0
20040726,55446,DYTKP',OTC,1.7,1.7,1,0,Dyntek Inc Pfd Cv S,0,0,0
20040727,55446,DYTKP',OTC,1.7,1.7,0,0,Dyntek Inc Pfd Cv S,0,0,0
20040728,55446,DYTKP',OTC,1.7,1.7,0,0,Dyntek Inc Pfd Cv S,0,0,0
20040729,55446,DYTKP',OTC,1.7,1.7,0,0,Dyntek Inc Pfd Cv S,0,0,0
20040730,55446,DYTKP',OTC,1.7,1.7,0,0,Dyntek Inc Pfd Cv S,0,0,0
20040802,55446,DYTKP',OTC,1.7,1.7,0,0,Dyntek Inc Pfd Cv S,0,0,0
20040803,55446,DYTKP',OTC,1.7,1.7,0,0,Dyntek Inc Pfd Cv S,0,0,0
20040804,55446,DYTKP',OTC,1.7,1.7,0,0,Dyntek Inc Pfd Cv S,0,0,0
20040805,55446,DYTKP',OTC,1.7,1.7,0,0,Dyntek Inc Pfd Cv S,0,0,0
20040806,55446,DYTKP',OTC,1.7,1.7,620,0,Dyntek Inc Pfd Cv S,0,0,0
20040809,55446,DYTKP',OTC,1.7,1.7,0,0,Dyntek Inc Pfd Cv S,0,0,0
20040810,55446,DYTKP',OTC,1.99,1.99,604,0,Dyntek Inc Pfd Cv S,0,0,0
20040811,55446,DYTKP',OTC,1.99,1.99,0,0,Dyntek Inc Pfd Cv S,0,0,0
20040812,55446,DYTKP',OTC,1.99,1.99,0,0,Dyntek Inc Pfd Cv S,0,0,0
20040813,55446,DYTKP',OTC,1.51,1.51,2,0,Dyntek Inc Pfd Cv S,0,0,0
20040816,55446,DYTKP',OTC,1.51,1.51,0,0,Dyntek Inc Pfd Cv S,0,0,0
20040817,55446,DYTKP',OTC,1.51,1.51,0,0,Dyntek Inc Pfd Cv S,0,0,0
20040818,55446,DYTKP',OTC,1.51,1.51,10,0,Dyntek Inc Pfd Cv S,0,0,0
20040819,55446,DYTKP',OTC,1.51,1.51,5,0,Dyntek Inc Pfd Cv S,0,0,0
20040820,55446,DYTKP',OTC,1.51,1.51,0,0,Dyntek Inc Pfd Cv S,0,0,0
20040823,55446,DYTKP',OTC,1.51,1.51,0,0,Dyntek Inc Pfd Cv S,0,0,0
20040824,55446,DYTKP',OTC,1.51,1.51,0,0,Dyntek Inc Pfd Cv S,0,0,0
20040825,55446,DYTKP',OTC,1.51,1.51,0,0,Dyntek Inc Pfd Cv S,0,0,0
20040826,55446,DYTKP',OTC,1.51,1.51,0,0,Dyntek Inc Pfd Cv S,0,0,0
20040827,55446,DYTKP',OTC,1.47,1.47,7,0,Dyntek Inc Pfd Cv S,0,0,0
20040830,55446,DYTKP',OTC,1.47,1.47,0,0,Dyntek Inc Pfd Cv S,0,0,0
20040831,55446,DYTKP',OTC,1.6,1.6,4,0,Dyntek Inc Pfd Cv S,0,0,0
20040901,55446,DYTKP',OTC,1.55,1.55,4,0,Dyntek Inc Pfd Cv S,0,0,0
20040902,55446,DYTKP',OTC,1.42,1.42,6,0,Dyntek Inc Pfd Cv S,0,0,0
20040903,55446,DYTKP',OTC,1.42,1.42,0,0,Dyntek Inc Pfd Cv S,0,0,0
20040907,55446,DYTKP',OTC,1.42,1.42,0,0,Dyntek Inc Pfd Cv S,0,0,0
20040908,55446,DYTKP',OTC,1.42,1.42,0,0,Dyntek Inc Pfd Cv S,0,0,0
20040909,55446,DYTKP',OTC,1.42,1.42,0,0,Dyntek Inc Pfd Cv S,0,0,0
20040910,55446,DYTKP',OTC,1.5,1.5,7,0,Dyntek Inc Pfd Cv S,0,0,0
20040913,55446,DYTKP',OTC,1.5,1.5,0,0,Dyntek Inc Pfd Cv S,0,0,0
20040914,55446,DYTKP',OTC,1.5,1.5,0,0,Dyntek Inc Pfd Cv S,0,0,0
20040915,55446,DYTKP',OTC,1.5,1.5,0,0,Dyntek Inc Pfd Cv S,0,0,0
20040916,55446,DYTKP',OTC,1.5,1.5,0,0,Dyntek Inc Pfd Cv S,0,0,0
20040917,55446,DYTKP',OTC,1.5,1.5,5,0,Dyntek Inc Pfd Cv S,0,0,0
20040920,55446,DYTKP',OTC,1.48,1.48,18,0,Dyntek Inc Pfd Cv S,0,0,0
20040921,55446,DYTKP',OTC,1.52,1.52,28,0,Dyntek Inc Pfd Cv S,0,0,0
20040922,55446,DYTKP',OTC,1.55,1.55,10,0,Dyntek Inc Pfd Cv S,0,0,0
20040923,55446,DYTKP',OTC,1.55,1.55,0,0,Dyntek Inc Pfd Cv S,0,0,0
20040924,55446,DYTKP',OTC,1.55,1.55,0,0,Dyntek Inc Pfd Cv S,0,0,0
20040927,55446,DYTKP',OTC,1.46,1.46,28,0,Dyntek Inc Pfd Cv S,0,0,0
20040928,55446,DYTKP',OTC,1.5,1.5,1,0,Dyntek Inc Pfd Cv S,0,0,0
20040929,55446,DYTKP',OTC,1.55,1.55,1,0,Dyntek Inc Pfd Cv S,0,0,0
20040930,55446,DYTKP',OTC,1.55,1.55,0,0,Dyntek Inc Pfd Cv S,0,0,0
20041001,55446,DYTKP',OTC,1.55,1.55,0,0,Dyntek Inc Pfd Cv S,0,0,0
20041004,55446,DYTKP',OTC,1.55,1.55,0,0,Dyntek Inc Pfd Cv S,0,0,0
20041005,55446,DYTKP',OTC,1.55,1.55,105,0,Dyntek Inc Pfd Cv S,0,0,0
20041006,55446,DYTKP',OTC,1.51,1.51,2,0,Dyntek Inc Pfd Cv S,0,0,0
20041007,55446,DYTKP',OTC,1.51,1.51,0,0,Dyntek Inc Pfd Cv S,0,0,0
20041008,55446,DYTKP',OTC,1.5,1.5,2,0,Dyntek Inc Pfd Cv S,0,0,0
20041011,55446,DYTKP',OTC,1.5,1.5,4,0,Dyntek Inc Pfd Cv S,0,0,0
20041012,55446,DYTKP',OTC,1.5,1.5,1,0,Dyntek Inc Pfd Cv S,0,0,0
20041013,55446,DYTKP',OTC,1.5,1.5,0,0,Dyntek Inc Pfd Cv S,0,0,0
20041014,55446,DYTKP',OTC,1.5,1.5,0,0,Dyntek Inc Pfd Cv S,0,0,0
20041015,55446,DYTKP',OTC,1.5,1.5,0,0,Dyntek Inc Pfd Cv S,0,0,0
20041018,55446,DYTKP',OTC,1.45,1.45,5,0,Dyntek Inc Pfd Cv S,0,0,0
20041019,55446,DYTKP',OTC,1.37,1.37,2,0,Dyntek Inc Pfd Cv S,0,0,0
20041020,55446,DYTKP',OTC,1.37,1.37,0,0,Dyntek Inc Pfd Cv S,0,0,0
20041021,55446,DYTKP',OTC,1.37,1.37,0,0,Dyntek Inc Pfd Cv S,0,0,0
20041022,55446,DYTKP',OTC,1.36,1.36,8,0,Dyntek Inc Pfd Cv S,0,0,0
20041025,55446,DYTKP',OTC,1.36,1.36,12,0,Dyntek Inc Pfd Cv S,0,0,0
20041026,55446,DYTKP',OTC,1.3,1.3,6,0,Dyntek Inc Pfd Cv S,0,0,0
20041027,55446,DYTKP',OTC,1.3,1.3,0,0,Dyntek Inc Pfd Cv S,0,0,0
20041028,55446,DYTKP',OTC,1.3,1.3,0,0,Dyntek Inc Pfd Cv S,0,0,0
20041029,55446,DYTKP',OTC,1.3,1.3,0,0,Dyntek Inc Pfd Cv S,0,0,0
20041101,55446,DYTKP',OTC,1.3,1.3,0,0,Dyntek Inc Pfd Cv S,0,0,0
20041102,55446,DYTKP',OTC,1.3,1.3,0,0,Dyntek Inc Pfd Cv S,0,0,0
20041103,55446,DYTKP',OTC,1.3,1.3,0,0,Dyntek Inc Pfd Cv S,0,0,0
20041104,55446,DYTKP',OTC,1.31,1.31,6,0,Dyntek Inc Pfd Cv S,0,0,0
20041105,55446,DYTKP',OTC,1.3,1.3,21,0,Dyntek Inc Pfd Cv S,0,0,0
20041108,55446,DYTKP',OTC,1.49,1.49,33,0,Dyntek Inc Pfd Cv S,0,0,0
20041109,55446,DYTKP',OTC,1.49,1.49,0,0,Dyntek Inc Pfd Cv S,0,0,0
20041110,55446,DYTKP',OTC,1.49,1.49,0,0,Dyntek Inc Pfd Cv S,0,0,0
20041111,55446,DYTKP',OTC,1.48,1.48,4,0,Dyntek Inc Pfd Cv S,0,0,0
20041112,55446,DYTKP',OTC,1.36,1.36,4,0,Dyntek Inc Pfd Cv S,0,0,0
20041115,55446,DYTKP',OTC,1.36,1.36,0,0,Dyntek Inc Pfd Cv S,0,0,0
20041116,55446,DYTKP',OTC,1.8,1.8,1,0,Dyntek Inc Pfd Cv S,0,0,0
20041117,55446,DYTKP',OTC,1.83,1.83,89,0,Dyntek Inc Pfd Cv S,0,0,0
20041118,55446,DYTKP',OTC,1.72,1.72,8,0,Dyntek Inc Pfd Cv S,0,0,0
20041119,55446,DYTKP',OTC,1.72,1.72,0,0,Dyntek Inc Pfd Cv S,0,0,0
20041122,55446,DYTKP',OTC,1.72,1.72,0,0,Dyntek Inc Pfd Cv S,0,0,0
20041123,55446,DYTKP',OTC,1.65,1.65,4,0,Dyntek Inc Pfd Cv S,0,0,0
20041124,55446,DYTKP',OTC,1.65,1.65,0,0,Dyntek Inc Pfd Cv S,0,0,0
20041126,55446,DYTKP',OTC,1.65,1.65,0,0,Dyntek Inc Pfd Cv S,0,0,0
20041129,55446,DYTKP',OTC,1.65,1.65,0,0,Dyntek Inc Pfd Cv S,0,0,0
20041130,55446,DYTKP',OTC,1.64,1.64,21,0,Dyntek Inc Pfd Cv S,0,0,0
20041201,55446,DYTKP',OTC,1.62,1.62,24,0,Dyntek Inc Pfd Cv S,0,0,0
20041202,55446,DYTKP',OTC,1.62,1.62,0,0,Dyntek Inc Pfd Cv S,0,0,0
20041203,55446,DYTKP',OTC,1.25,1.25,164,0,Dyntek Inc Pfd Cv S,0,0,0
20041206,55446,DYTKP',OTC,1.52,1.52,1,0,Dyntek Inc Pfd Cv S,0,0,0
20041207,55446,DYTKP',OTC,1.52,1.52,0,0,Dyntek Inc Pfd Cv S,0,0,0
20041208,55446,DYTKP',OTC,1.42,1.42,30,0,Dyntek Inc Pfd Cv S,0,0,0
20041209,55446,DYTKP',OTC,1.42,1.42,0,0,Dyntek Inc Pfd Cv S,0,0,0
20041210,55446,DYTKP',OTC,1.42,1.42,11,0,Dyntek Inc Pfd Cv S,0,0,0
20041213,55446,DYTKP',OTC,1.42,1.42,0,0,Dyntek Inc Pfd Cv S,0,0,0
20041214,55446,DYTKP',OTC,1.4,1.4,69,0,Dyntek Inc Pfd Cv S,0,0,0
20041215,55446,DYTKP',OTC,1.4,1.4,8,0,Dyntek Inc Pfd Cv S,0,0,0
20041216,55446,DYTKP',OTC,1.37,1.37,32,0,Dyntek Inc Pfd Cv S,0,0,0
20041217,55446,DYTKP',OTC,1.5,1.5,38,0,Dyntek Inc Pfd Cv S,0,0,0
20041220,55446,DYTKP',OTC,1.5,1.5,0,0,Dyntek Inc Pfd Cv S,0,0,0
20041221,55446,DYTKP',OTC,1.25,1.25,6,0,Dyntek Inc Pfd Cv S,0,0,0
20041222,55446,DYTKP',OTC,1.25,1.25,7,0,Dyntek Inc Pfd Cv S,0,0,0
20041223,55446,DYTKP',OTC,1.25,1.25,0,0,Dyntek Inc Pfd Cv S,0,0,0
20041227,55446,DYTKP',OTC,1.25,1.25,0,0,Dyntek Inc Pfd Cv S,0,0,0
20041228,55446,DYTKP',OTC,1.55,1.55,26,0,Dyntek Inc Pfd Cv S,0,0,0
20041229,55446,DYTKP',OTC,1.55,1.55,0,0,Dyntek Inc Pfd Cv S,0,0,0
20041230,55446,DYTKP',OTC,1.55,1.55,0,0,Dyntek Inc Pfd Cv S,0,0,0
20041231,55446,DYTKP',OTC,1.4,1.4,26,0,Dyntek Inc Pfd Cv S,0,0,0
20050103,55446,DYTKP',OTC,1.4,1.4,26,0,Dyntek Inc Pfd Cv S,0,0,0
20050104,55446,DYTKP',OTC,1.4,1.4,0,0,Dyntek Inc Pfd Cv S,0,0,0
20050105,55446,DYTKP',OTC,1.4,1.4,43,0,Dyntek Inc Pfd Cv S,0,0,0
20050106,55446,DYTKP',OTC,1.4,1.4,0,0,Dyntek Inc Pfd Cv S,0,0,0
20050107,55446,DYTKP',OTC,1.4,1.4,0,0,Dyntek Inc Pfd Cv S,0,0,0
20050110,55446,DYTKP',OTC,1.25,1.25,2,0,Dyntek Inc Pfd Cv S,0,0,0
20050111,55446,DYTKP',OTC,1.25,1.25,0,0,Dyntek Inc Pfd Cv S,0,0,0
20050112,55446,DYTKP',OTC,1.25,1.25,0,0,Dyntek Inc Pfd Cv S,0,0,0
20050113,55446,DYTKP',OTC,1.25,1.25,0,0,Dyntek Inc Pfd Cv S,0,0,0
20050114,55446,DYTKP',OTC,1.5,1.5,5,0,Dyntek Inc Pfd Cv S,0,0,0
20050118,55446,DYTKP',OTC,1.5,1.5,0,0,Dyntek Inc Pfd Cv S,0,0,0
20050119,55446,DYTKP',OTC,1.36,1.36,2,0,Dyntek Inc Pfd Cv S,0,0,0
20050120,55446,DYTKP',OTC,1.36,1.36,0,0,Dyntek Inc Pfd Cv S,0,0,0
20050121,55446,DYTKP',OTC,1.4,1.4,24,0,Dyntek Inc Pfd Cv S,0,0,0
20050124,55446,DYTKP',OTC,1.36,1.36,10,0,Dyntek Inc Pfd Cv S,0,0,0
20050125,55446,DYTKP',OTC,1.4,1.4,9,0,Dyntek Inc Pfd Cv S,0,0,0
20050126,55446,DYTKP',OTC,1.4,1.4,0,0,Dyntek Inc Pfd Cv S,0,0,0
20050127,55446,DYTKP',OTC,1.4,1.4,0,0,Dyntek Inc Pfd Cv S,0,0,0
20050128,55446,DYTKP',OTC,1.4,1.4,0,0,Dyntek Inc Pfd Cv S,0,0,0
20050131,55446,DYTKP',OTC,1.4,1.4,0,0,Dyntek Inc Pfd Cv S,0,0,0
20050201,55446,DYTKP',OTC,1.4,1.4,0,0,Dyntek Inc Pfd Cv S,0,0,0
20050202,55446,DYTKP',OTC,1.4,1.4,0,0,Dyntek Inc Pfd Cv S,0,0,0
20050203,55446,DYTKP',OTC,1.2,1.2,9,0,Dyntek Inc Pfd Cv S,0,0,0
20050204,55446,DYTKP',OTC,1.2,1.2,0,0,Dyntek Inc Pfd Cv S,0,0,0
20050207,55446,DYTKP',OTC,1.2,1.2,0,0,Dyntek Inc Pfd Cv S,0,0,0
20050208,55446,DYTKP',OTC,1.37,1.37,12,0,Dyntek Inc Pfd Cv S,0,0,0
20050209,55446,DYTKP',OTC,1.37,1.37,0,0,Dyntek Inc Pfd Cv S,0,0,0
20050210,55446,DYTKP',OTC,1.37,1.37,4,0,Dyntek Inc Pfd Cv S,0,0,0
20050211,55446,DYTKP',OTC,1.37,1.37,0,0,Dyntek Inc Pfd Cv S,0,0,0
20050214,55446,DYTKP',OTC,1.37,1.37,0,0,Dyntek Inc Pfd Cv S,0,0,0
20050215,55446,DYTKP',OTC,1.37,1.37,5,0,Dyntek Inc Pfd Cv S,0,0,0
20050216,55446,DYTKP',OTC,1.3,1.3,10,0,Dyntek Inc Pfd Cv S,0,0,0
20050217,55446,DYTKP',OTC,1.3,1.3,0,0,Dyntek Inc Pfd Cv S,0,0,0
20050218,55446,DYTKP',OTC,1.3,1.3,0,0,Dyntek Inc Pfd Cv S,0,0,0
20050222,55446,DYTKP',OTC,1.3,1.3,0,0,Dyntek Inc Pfd Cv S,0,0,0
20050223,55446,DYTKP',OTC,1.3,1.3,0,0,Dyntek Inc Pfd Cv S,0,0,0
20050224,55446,DYTKP',OTC,1.3,1.3,0,0,Dyntek Inc Pfd Cv S,0,0,0
20050225,55446,DYTKP',OTC,1.25,1.25,32,0,Dyntek Inc Pfd Cv S,0,0,0
20050228,55446,DYTKP',OTC,1.25,1.25,0,0,Dyntek Inc Pfd Cv S,0,0,0
20050301,55446,DYTKP',OTC,1.21,1.21,20,0,Dyntek Inc Pfd Cv S,0,0,0
20050302,55446,DYTKP',OTC,1.22,1.22,21,0,Dyntek Inc Pfd Cv S,0,0,0
20050303,55446,DYTKP',OTC,1.22,1.22,0,0,Dyntek Inc Pfd Cv S,0,0,0
20050304,55446,DYTKP',OTC,1.2,1.2,18,0,Dyntek Inc Pfd Cv S,0,0,0
20050307,55446,DYTKP',OTC,1.2,1.2,0,0,Dyntek Inc Pfd Cv S,0,0,0
20050308,55446,DYTKP',OTC,1.2,1.2,0,0,Dyntek Inc Pfd Cv S,0,0,0
20050309,55446,DYTKP',OTC,1.2,1.2,0,0,Dyntek Inc Pfd Cv S,0,0,0
20050310,55446,DYTKP',OTC,1.2,1.2,0,0,Dyntek Inc Pfd Cv S,0,0,0
20050311,55446,DYTKP',OTC,1.2,1.2,39,0,Dyntek Inc Pfd Cv S,0,0,0
20050314,55446,DYTKP',OTC,1.2,1.2,20,0,Dyntek Inc Pfd Cv S,0,0,0
20050315,55446,DYTKP',OTC,1.2,1.2,2,0,Dyntek Inc Pfd Cv S,0,0,0
20050316,55446,DYTKP',OTC,1.25,1.25,5,0,Dyntek Inc Pfd Cv S,0,0,0
20050317,55446,DYTKP',OTC,1.3,1.3,5,0,Dyntek Inc Pfd Cv S,0,0,0
20050318,55446,DYTKP',OTC,1.3,1.3,0,0,Dyntek Inc Pfd Cv S,0,0,0
20050321,55446,DYTKP',OTC,1.3,1.3,0,0,Dyntek Inc Pfd Cv S,0,0,0
20050322,55446,DYTKP',OTC,1.3,1.3,0,0,Dyntek Inc Pfd Cv S,0,0,0
20050323,55446,DYTKP',OTC,1.27,1.27,8,0,Dyntek Inc Pfd Cv S,0,0,0
20050324,55446,DYTKP',OTC,1.26,1.26,11,0,Dyntek Inc Pfd Cv S,0,0,0
20050328,55446,DYTKP',OTC,1.26,1.26,0,0,Dyntek Inc Pfd Cv S,0,0,0
20050329,55446,DYTKP',OTC,1.26,1.26,0,0,Dyntek Inc Pfd Cv S,0,0,0
20050330,55446,DYTKP',OTC,1.26,1.26,0,0,Dyntek Inc Pfd Cv S,0,0,0
20050331,55446,DYTKP',OTC,1.26,1.26,0,0,Dyntek Inc Pfd Cv S,0,0,0
20050401,55446,DYTKP',OTC,1.26,1.26,0,0,Dyntek Inc Pfd Cv S,0,0,0
20050404,55446,DYTKP',OTC,1.26,1.26,0,0,Dyntek Inc Pfd Cv S,0,0,0
20050405,55446,DYTKP',OTC,1.26,1.26,0,0,Dyntek Inc Pfd Cv S,0,0,0
20050406,55446,DYTKP',OTC,1.19,1.19,25,0,Dyntek Inc Pfd Cv S,0,0,0
20050407,55446,DYTKP',OTC,1.19,1.19,0,0,Dyntek Inc Pfd Cv S,0,0,0
20050408,55446,DYTKP',OTC,1.19,1.19,0,0,Dyntek Inc Pfd Cv S,0,0,0
20050411,55446,DYTKP',OTC,1.19,1.19,0,0,Dyntek Inc Pfd Cv S,0,0,0
20050412,55446,DYTKP',OTC,1.19,1.19,0,0,Dyntek Inc Pfd Cv S,0,0,0
20050413,55446,DYTKP',OTC,1.05,1.05,28,0,Dyntek Inc Pfd Cv S,0,0,0
20050414,55446,DYTKP',OTC,1.05,1.05,0,0,Dyntek Inc Pfd Cv S,0,0,0
20050415,55446,DYTKP',OTC,1.05,1.05,0,0,Dyntek Inc Pfd Cv S,0,0,0
20050418,55446,DYTKP',OTC,1.05,1.05,0,0,Dyntek Inc Pfd Cv S,0,0,0
20050419,55446,DYTKP',OTC,1.05,1.05,0,0,Dyntek Inc Pfd Cv S,0,0,0
20050420,55446,DYTKP',OTC,1.05,1.05,0,0,Dyntek Inc Pfd Cv S,0,0,0
20050421,55446,DYTKP',OTC,0.9,0.9,141,0,Dyntek Inc Pfd Cv S,0,0,0
20050422,55446,DYTKP',OTC,0.92,0.92,12,0,Dyntek Inc Pfd Cv S,0,0,0
20050425,55446,DYTKP',OTC,0.92,0.92,0,0,Dyntek Inc Pfd Cv S,0,0,0
20050426,55446,DYTKP',OTC,0.92,0.92,0,0,Dyntek Inc Pfd Cv S,0,0,0
20050427,55446,DYTKP',OTC,0.92,0.92,0,0,Dyntek Inc Pfd Cv S,0,0,0
20050428,55446,DYTKP',OTC,0.92,0.92,0,0,Dyntek Inc Pfd Cv S,0,0,0
20050429,55446,DYTKP',OTC,0.92,0.92,0,0,Dyntek Inc Pfd Cv S,0,0,0
20050502,55446,DYTKP',OTC,0.93,0.93,6,0,Dyntek Inc Pfd Cv S,0,0,0
20050503,55446,DYTKP',OTC,0.93,0.93,0,0,Dyntek Inc Pfd Cv S,0,0,0
20050504,55446,DYTKP',OTC,0.93,0.93,0,0,Dyntek Inc Pfd Cv S,0,0,0
20050505,55446,DYTKP',OTC,0.93,0.93,0,0,Dyntek Inc Pfd Cv S,0,0,0
20050506,55446,DYTKP',OTC,0.93,0.93,0,0,Dyntek Inc Pfd Cv S,0,0,0
20050509,55446,DYTKP',OTC,0.93,0.93,0,0,Dyntek Inc Pfd Cv S,0,0,0
20050510,55446,DYTKP',OTC,0.81,0.81,145,0,Dyntek Inc Pfd Cv S,0,0,0
20050511,55446,DYTKP',OTC,0.81,0.81,0,0,Dyntek Inc Pfd Cv S,0,0,0
20050512,55446,DYTKP',OTC,0.81,0.81,0,0,Dyntek Inc Pfd Cv S,0,0,0
20050513,55446,DYTKP',OTC,0.92,0.92,20,0,Dyntek Inc Pfd Cv S,0,0,0
20050516,55446,DYTKP',OTC,0.92,0.92,0,0,Dyntek Inc Pfd Cv S,0,0,0
20050517,55446,DYTKP',OTC,0.92,0.92,0,0,Dyntek Inc Pfd Cv S,0,0,0
20050518,55446,DYTKP',OTC,0.92,0.92,0,0,Dyntek Inc Pfd Cv S,0,0,0
20050519,55446,DYTKP',OTC,0.92,0.92,0,0,Dyntek Inc Pfd Cv S,0,0,0
20050520,55446,DYTKP',OTC,0.92,0.92,0,0,Dyntek Inc Pfd Cv S,0,0,0
20050523,55446,DYTKP',OTC,1.05,1.05,10,0,Dyntek Inc Pfd Cv S,0,0,0
20050524,55446,DYTKP',OTC,1,1,6,0,Dyntek Inc Pfd Cv S,0,0,0
20050525,55446,DYTKP',OTC,1,1,0,0,Dyntek Inc Pfd Cv S,0,0,0
20050526,55446,DYTKP',OTC,1,1,3,0,Dyntek Inc Pfd Cv S,0,0,0
20050527,55446,DYTKP',OTC,1,1,0,0,Dyntek Inc Pfd Cv S,0,0,0
20050531,55446,DYTKP',OTC,1,1,0,0,Dyntek Inc Pfd Cv S,0,0,0
20050601,55446,DYTKP',OTC,0.95,0.95,4,0,Dyntek Inc Pfd Cv S,0,0,0
20050602,55446,DYTKP',OTC,0.95,0.95,2,0,Dyntek Inc Pfd Cv S,0,0,0
20050603,55446,DYTKP',OTC,0.95,0.95,2,0,Dyntek Inc Pfd Cv S,0,0,0
20050606,55446,DYTKP',OTC,0.95,0.95,0,0,Dyntek Inc Pfd Cv S,0,0,0
20050607,55446,DYTKP',OTC,0.95,0.95,0,0,Dyntek Inc Pfd Cv S,0,0,0
20050608,55446,DYTKP',OTC,0.95,0.95,0,0,Dyntek Inc Pfd Cv S,0,0,0
20050609,55446,DYTKP',OTC,0.95,0.95,0,0,Dyntek Inc Pfd Cv S,0,0,0
20050610,55446,DYTKP',OTC,0.95,0.95,0,0,Dyntek Inc Pfd Cv S,0,0,0
20050613,55446,DYTKP',OTC,0.95,0.95,0,0,Dyntek Inc Pfd Cv S,0,0,0
20050614,55446,DYTKP',OTC,0.95,0.95,0,0,Dyntek Inc Pfd Cv S,0,0,0
20050615,55446,DYTKP',OTC,0.92,0.92,2,0,Dyntek Inc Pfd Cv S,0,0,0
20050616,55446,DYTKP',OTC,0.92,0.92,3,0,Dyntek Inc Pfd Cv S,0,0,0
20050617,55446,DYTKP',OTC,0.92,0.92,0,0,Dyntek Inc Pfd Cv S,0,0,0
20050620,55446,DYTKP',OTC,0.92,0.92,0,0,Dyntek Inc Pfd Cv S,0,0,0
20050621,55446,DYTKP',OTC,0.92,0.92,0,0,Dyntek Inc Pfd Cv S,0,0,0
20050622,55446,DYTKP',OTC,0.92,0.92,0,0,Dyntek Inc Pfd Cv S,0,0,0
20050623,55446,DYTKP',OTC,0.92,0.92,0,0,Dyntek Inc Pfd Cv S,0,0,0
20050624,55446,DYTKP',OTC,0.92,0.92,20,0,Dyntek Inc Pfd Cv S,0,0,0
20050627,55446,DYTKP',OTC,0.9,0.9,9,0,Dyntek Inc Pfd Cv S,0,0,0
20050628,55446,DYTKP',OTC,0.9,0.9,0,0,Dyntek Inc Pfd Cv S,0,0,0
20050629,55446,DYTKP',OTC,0.87,0.87,2,0,Dyntek Inc Pfd Cv S,0,0,0
20050630,55446,DYTKP',OTC,0.87,0.87,0,0,Dyntek Inc Pfd Cv S,0,0,0
20050701,55446,DYTKP',OTC,0.87,0.87,4,0,Dyntek Inc Pfd Cv S,0,0,0
20050705,55446,DYTKP',OTC,0.87,0.87,4,0,Dyntek Inc Pfd Cv S,0,0,0
20050706,55446,DYTKP',OTC,0.87,0.87,0,0,Dyntek Inc Pfd Cv S,0,0,0
20050707,55446,DYTKP',OTC,0.87,0.87,0,0,Dyntek Inc Pfd Cv S,0,0,0
20050708,55446,DYTKP',OTC,0.87,0.87,0,0,Dyntek Inc Pfd Cv S,0,0,0
20050711,55446,DYTKP',OTC,0.87,0.87,0,0,Dyntek Inc Pfd Cv S,0,0,0
20050712,55446,DYTKP',OTC,0.87,0.87,0,0,Dyntek Inc Pfd Cv S,0,0,0
20050713,55446,DYTKP',OTC,0.87,0.87,0,0,Dyntek Inc Pfd Cv S,0,0,0
20050714,55446,DYTKP',OTC,0.87,0.87,0,0,Dyntek Inc Pfd Cv S,0,0,0
20050715,55446,DYTKP',OTC,0.87,0.87,0,0,Dyntek Inc Pfd Cv S,0,0,0
20050718,55446,DYTKP',OTC,0.87,0.87,0,0,Dyntek Inc Pfd Cv S,0,0,0
20050719,55446,DYTKP',OTC,0.76,0.76,2,0,Dyntek Inc Pfd Cv S,0,0,0
20050720,55446,DYTKP',OTC,0.76,0.76,0,0,Dyntek Inc Pfd Cv S,0,0,0
20050721,55446,DYTKP',OTC,0.76,0.76,0,0,Dyntek Inc Pfd Cv S,0,0,0
20050722,55446,DYTKP',OTC,0.76,0.76,0,0,Dyntek Inc Pfd Cv S,0,0,0
20050725,55446,DYTKP',OTC,0.76,0.76,0,0,Dyntek Inc Pfd Cv S,0,0,0
20050726,55446,DYTKP',OTC,0.76,0.76,3,0,Dyntek Inc Pfd Cv S,0,0,0
20050727,55446,DYTKP',OTC,0.76,0.76,0,0,Dyntek Inc Pfd Cv S,0,0,0
20050728,55446,DYTKP',OTC,0.76,0.76,25,0,Dyntek Inc Pfd Cv S,0,0,0
20050729,55446,DYTKP',OTC,0.76,0.76,0,0,Dyntek Inc Pfd Cv S,0,0,0
20050801,55446,DYTKP',OTC,0.76,0.76,0,0,Dyntek Inc Pfd Cv S,0,0,0
20050802,55446,DYTKP',OTC,0.76,0.76,0,0,Dyntek Inc Pfd Cv S,0,0,0
20050803,55446,DYTKP',OTC,0.76,0.76,0,0,Dyntek Inc Pfd Cv S,0,0,0
20050804,55446,DYTKP',OTC,0.75,0.75,6,0,Dyntek Inc Pfd Cv S,0,0,0
20050805,55446,DYTKP',OTC,0.75,0.75,0,0,Dyntek Inc Pfd Cv S,0,0,0
20050808,55446,DYTKP',OTC,0.75,0.75,0,0,Dyntek Inc Pfd Cv S,0,0,0
20050809,55446,DYTKP',OTC,0.75,0.75,4,0,Dyntek Inc Pfd Cv S,0,0,0
20050810,55446,DYTKP',OTC,0.75,0.75,2,0,Dyntek Inc Pfd Cv S,0,0,0
20050811,55446,DYTKP',OTC,0.75,0.75,0,0,Dyntek Inc Pfd Cv S,0,0,0
20050812,55446,DYTKP',OTC,0.6,0.6,75,0,Dyntek Inc Pfd Cv S,0,0,0
