DDate,CSINumber,Symbol,Exchange,DClose,UnAdjustedClose,TotalVolume,Cash,MarketName,PTB,PSR,DPS
20040225,55844,SVYR',OTC,0.82,2.46,8802,0,Savoy Resources,0,0,0
20040226,55844,SVYR',OTC,0.84,2.52,7479,0,Savoy Resources,0,0,0
20040227,55844,SVYR',OTC,0.866666667,2.6,6279,0,Savoy Resources,0,0,0
20040301,55844,SVYR',OTC,0.87,2.61,3843,0,Savoy Resources,0,0,0
20040302,55844,SVYR',OTC,0.856666667,2.57,3117,0,Savoy Resources,0,0,0
20040303,55844,SVYR',OTC,0.856666667,2.57,879,0,Savoy Resources,0,0,0
20040304,55844,SVYR',OTC,0.86,2.58,5073,0,Savoy Resources,0,0,0
20040305,55844,SVYR',OTC,0.866666667,2.6,4791,0,Savoy Resources,0,0,0
20040308,55844,SVYR',OTC,0.853333333,2.56,6780,0,Savoy Resources,0,0,0
20040309,55844,SVYR',OTC,0.87,2.61,4095,0,Savoy Resources,0,0,0
20040310,55844,SVYR',OTC,0.86,2.58,1779,0,Savoy Resources,0,0,0
20040311,55844,SVYR',OTC,0.86,2.58,645,0,Savoy Resources,0,0,0
20040312,55844,SVYR',OTC,0.873333333,2.62,285,0,Savoy Resources,0,0,0
20040315,55844,SVYR',OTC,0.853333333,2.56,2487,0,Savoy Resources,0,0,0
20040316,55844,SVYR',OTC,0.866666667,2.6,4194,0,Savoy Resources,0,0,0
20040317,55844,SVYR',OTC,0.9,2.7,2697,0,Savoy Resources,0,0,0
20040318,55844,SVYR',OTC,0.916666667,2.75,3663,0,Savoy Resources,0,0,0
20040319,55844,SVYR',OTC,0.913333333,2.74,1641,0,Savoy Resources,0,0,0
20040322,55844,SVYR',OTC,0.926666667,2.78,6087,0,Savoy Resources,0,0,0
20040323,55844,SVYR',OTC,0.93,2.79,3204,0,Savoy Resources,0,0,0
20040324,55844,SVYR',OTC,0.916666667,2.75,2868,0,Savoy Resources,0,0,0
20040325,55844,SVYR',OTC,0.923333333,2.77,3933,0,Savoy Resources,0,0,0
20040326,55844,SVYR',OTC,0.9,0.9,3330,0,Savoy Resources,0,0,0
20040329,55844,SVYR',OTC,0.95,0.95,1113,0,Savoy Resources,0,0,0
20040330,55844,SVYR',OTC,1.09,1.09,11340,0,Savoy Resources,0,0,0
20040331,55844,SVYR',OTC,1.11,1.11,6520,0,Savoy Resources,0,0,0
20040401,55844,SVYR',OTC,1.06,1.06,4941,0,Savoy Resources,0,0,0
20040402,55844,SVYR',OTC,1.04,1.04,1813,0,Savoy Resources,0,0,0
20040405,55844,SVYR',OTC,1.06,1.06,2901,0,Savoy Resources,0,0,0
20040406,55844,SVYR',OTC,1.09,1.09,2009,0,Savoy Resources,0,0,0
20040407,55844,SVYR',OTC,1.06,1.06,6480,0,Savoy Resources,0,0,0
20040408,55844,SVYR',OTC,1.06,1.06,7151,0,Savoy Resources,0,0,0
20040412,55844,SVYR',OTC,1.05,1.05,1171,0,Savoy Resources,0,0,0
20040413,55844,SVYR',OTC,1.02,1.02,1070,0,Savoy Resources,0,0,0
20040414,55844,SVYR',OTC,1.03,1.03,2933,0,Savoy Resources,0,0,0
20040415,55844,SVYR',OTC,1.02,1.02,2972,0,Savoy Resources,0,0,0
20040416,55844,SVYR',OTC,1.01,1.01,1644,0,Savoy Resources,0,0,0
20040419,55844,SVYR',OTC,1.02,1.02,989,0,Savoy Resources,0,0,0
20040420,55844,SVYR',OTC,1.01,1.01,4866,0,Savoy Resources,0,0,0
20040421,55844,SVYR',OTC,1.02,1.02,3791,0,Savoy Resources,0,0,0
20040422,55844,SVYR',OTC,1.04,1.04,3045,0,Savoy Resources,0,0,0
20040423,55844,SVYR',OTC,1.07,1.07,4950,0,Savoy Resources,0,0,0
20040426,55844,SVYR',OTC,1.05,1.05,3093,0,Savoy Resources,0,0,0
20040427,55844,SVYR',OTC,1.01,1.01,2793,0,Savoy Resources,0,0,0
20040428,55844,SVYR',OTC,1,1,4404,0,Savoy Resources,0,0,0
20040429,55844,SVYR',OTC,1,1,6105,0,Savoy Resources,0,0,0
20040430,55844,SVYR',OTC,0.98,0.98,9559,0,Savoy Resources,0,0,0
20040503,55844,SVYR',OTC,0.96,0.96,1330,0,Savoy Resources,0,0,0
20040504,55844,SVYR',OTC,0.96,0.96,3672,0,Savoy Resources,0,0,0
20040505,55844,SVYR',OTC,0.97,0.97,2331,0,Savoy Resources,0,0,0
20040506,55844,SVYR',OTC,0.88,0.88,5320,0,Savoy Resources,0,0,0
20040507,55844,SVYR',OTC,0.73,0.73,5770,0,Savoy Resources,0,0,0
20040510,55844,SVYR',OTC,0.55,0.55,6845,0,Savoy Resources,0,0,0
20040511,55844,SVYR',OTC,0.57,0.57,2142,0,Savoy Resources,0,0,0
20040512,55844,SVYR',OTC,0.59,0.59,1312,0,Savoy Resources,0,0,0
20040513,55844,SVYR',OTC,0.51,0.51,6362,0,Savoy Resources,0,0,0
20040514,55844,SVYR',OTC,0.51,0.51,4681,0,Savoy Resources,0,0,0
20040517,55844,SVYR',OTC,0.41,0.41,3049,0,Savoy Resources,0,0,0
20040518,55844,SVYR',OTC,0.49,0.49,8421,0,Savoy Resources,0,0,0
20040519,55844,SVYR',OTC,0.5,0.5,8350,0,Savoy Resources,0,0,0
20040520,55844,SVYR',OTC,0.5,0.5,3620,0,Savoy Resources,0,0,0
20040521,55844,SVYR',OTC,0.54,0.54,2439,0,Savoy Resources,0,0,0
20040524,55844,SVYR',OTC,0.57,0.57,6415,0,Savoy Resources,0,0,0
20040525,55844,SVYR',OTC,0.56,0.56,5551,0,Savoy Resources,0,0,0
20040526,55844,SVYR',OTC,0.55,0.55,2636,0,Savoy Resources,0,0,0
20040527,55844,SVYR',OTC,0.55,0.55,1505,0,Savoy Resources,0,0,0
20040528,55844,SVYR',OTC,0.54,0.54,1250,0,Savoy Resources,0,0,0
20040601,55844,SVYR',OTC,0.53,0.53,1619,0,Savoy Resources,0,0,0
20040602,55844,SVYR',OTC,0.52,0.52,4612,0,Savoy Resources,0,0,0
20040603,55844,SVYR',OTC,0.5,0.5,1686,0,Savoy Resources,0,0,0
20040604,55844,SVYR',OTC,0.52,0.52,2280,0,Savoy Resources,0,0,0
20040607,55844,SVYR',OTC,0.5,0.5,907,0,Savoy Resources,0,0,0
20040608,55844,SVYR',OTC,0.5,0.5,2096,0,Savoy Resources,0,0,0
20040609,55844,SVYR',OTC,0.49,0.49,1118,0,Savoy Resources,0,0,0
20040610,55844,SVYR',OTC,0.49,0.49,415,0,Savoy Resources,0,0,0
20040614,55844,SVYR',OTC,0.46,0.46,370,0,Savoy Resources,0,0,0
20040615,55844,SVYR',OTC,0.46,0.46,290,0,Savoy Resources,0,0,0
20040616,55844,SVYR',OTC,0.47,0.47,2892,0,Savoy Resources,0,0,0
20040617,55844,SVYR',OTC,0.43,0.43,7186,0,Savoy Resources,0,0,0
20040618,55844,SVYR',OTC,0.47,0.47,4206,0,Savoy Resources,0,0,0
20040621,55844,SVYR',OTC,0.41,0.41,2939,0,Savoy Resources,0,0,0
20040622,55844,SVYR',OTC,0.43,0.43,1305,0,Savoy Resources,0,0,0
20040623,55844,SVYR',OTC,0.43,0.43,1320,0,Savoy Resources,0,0,0
20040624,55844,SVYR',OTC,0.51,0.51,11945,0,Savoy Resources,0,0,0
20040625,55844,SVYR',OTC,0.46,0.46,1223,0,Savoy Resources,0,0,0
20040628,55844,SVYR',OTC,0.47,0.47,232,0,Savoy Resources,0,0,0
20040629,55844,SVYR',OTC,0.45,0.45,999,0,Savoy Resources,0,0,0
20040630,55844,SVYR',OTC,0.42,0.42,2386,0,Savoy Resources,0,0,0
20040701,55844,SVYR',OTC,0.39,0.39,354,0,Savoy Resources,0,0,0
20040702,55844,SVYR',OTC,0.41,0.41,345,0,Savoy Resources,0,0,0
20040706,55844,SVYR',OTC,0.38,0.38,805,0,Savoy Resources,0,0,0
20040707,55844,SVYR',OTC,0.39,0.39,100,0,Savoy Resources,0,0,0
20040708,55844,SVYR',OTC,0.4,0.4,440,0,Savoy Resources,0,0,0
20040709,55844,SVYR',OTC,0.38,0.38,400,0,Savoy Resources,0,0,0
20040712,55844,SVYR',OTC,0.38,0.38,285,0,Savoy Resources,0,0,0
20040713,55844,SVYR',OTC,0.38,0.38,575,0,Savoy Resources,0,0,0
20040714,55844,SVYR',OTC,0.31,0.31,6364,0,Savoy Resources,0,0,0
20040715,55844,SVYR',OTC,0.24,0.24,3313,0,Savoy Resources,0,0,0
20040716,55844,SVYR',OTC,0.3,0.3,6284,0,Savoy Resources,0,0,0
20040719,55844,SVYR',OTC,0.27,0.27,1966,0,Savoy Resources,0,0,0
20040720,55844,SVYR',OTC,0.33,0.33,4485,0,Savoy Resources,0,0,0
20040721,55844,SVYR',OTC,0.34,0.34,9585,0,Savoy Resources,0,0,0
20040722,55844,SVYR',OTC,0.4,0.4,1735,0,Savoy Resources,0,0,0
20040723,55844,SVYR',OTC,0.4,0.4,3049,0,Savoy Resources,0,0,0
20040726,55844,SVYR',OTC,0.4,0.4,310,0,Savoy Resources,0,0,0
20040727,55844,SVYR',OTC,0.41,0.41,1475,0,Savoy Resources,0,0,0
20040728,55844,SVYR',OTC,0.38,0.38,6605,0,Savoy Resources,0,0,0
20040729,55844,SVYR',OTC,0.31,0.31,1654,0,Savoy Resources,0,0,0
20040730,55844,SVYR',OTC,0.3,0.3,925,0,Savoy Resources,0,0,0
20040802,55844,SVYR',OTC,0.29,0.29,3163,0,Savoy Resources,0,0,0
20040803,55844,SVYR',OTC,0.3,0.3,1470,0,Savoy Resources,0,0,0
20040804,55844,SVYR',OTC,0.29,0.29,513,0,Savoy Resources,0,0,0
20040805,55844,SVYR',OTC,0.23,0.23,5145,0,Savoy Resources,0,0,0
20040806,55844,SVYR',OTC,0.21,0.21,2906,0,Savoy Resources,0,0,0
20040809,55844,SVYR',OTC,0.19,0.19,572,0,Savoy Resources,0,0,0
20040810,55844,SVYR',OTC,0.2,0.2,1179,0,Savoy Resources,0,0,0
20040811,55844,SVYR',OTC,0.15,0.15,905,0,Savoy Resources,0,0,0
20040812,55844,SVYR',OTC,0.14,0.14,1725,0,Savoy Resources,0,0,0
20040813,55844,SVYR',OTC,0.13,0.13,1602,0,Savoy Resources,0,0,0
20040816,55844,SVYR',OTC,0.12,0.12,2686,0,Savoy Resources,0,0,0
20040817,55844,SVYR',OTC,0.18,0.18,10980,0,Savoy Resources,0,0,0
20040818,55844,SVYR',OTC,0.23,0.23,10342,0,Savoy Resources,0,0,0
20040819,55844,SVYR',OTC,0.23,0.23,6880,0,Savoy Resources,0,0,0
20040820,55844,SVYR',OTC,0.23,0.23,2262,0,Savoy Resources,0,0,0
20040823,55844,SVYR',OTC,0.23,0.23,390,0,Savoy Resources,0,0,0
20040824,55844,SVYR',OTC,0.23,0.23,1673,0,Savoy Resources,0,0,0
20040825,55844,SVYR',OTC,0.23,0.23,1385,0,Savoy Resources,0,0,0
20040826,55844,SVYR',OTC,0.21,0.21,661,0,Savoy Resources,0,0,0
20040827,55844,SVYR',OTC,0.21,0.21,0,0,Savoy Resources,0,0,0
20040830,55844,SVYR',OTC,0.2,0.2,112,0,Savoy Resources,0,0,0
20040831,55844,SVYR',OTC,0.19,0.19,1969,0,Savoy Resources,0,0,0
20040901,55844,SVYR',OTC,0.18,0.18,53,0,Savoy Resources,0,0,0
20040902,55844,SVYR',OTC,0.19,0.19,340,0,Savoy Resources,0,0,0
20040903,55844,SVYR',OTC,0.22,0.22,1206,0,Savoy Resources,0,0,0
20040907,55844,SVYR',OTC,0.18,0.18,250,0,Savoy Resources,0,0,0
20040908,55844,SVYR',OTC,0.16,0.16,1980,0,Savoy Resources,0,0,0
20040909,55844,SVYR',OTC,0.17,0.17,680,0,Savoy Resources,0,0,0
20040910,55844,SVYR',OTC,0.16,0.16,4780,0,Savoy Resources,0,0,0
20040913,55844,SVYR',OTC,0.15,0.15,1144,0,Savoy Resources,0,0,0
20040914,55844,SVYR',OTC,0.15,0.15,1017,0,Savoy Resources,0,0,0
20040915,55844,SVYR',OTC,0.15,0.15,3605,0,Savoy Resources,0,0,0
20040916,55844,SVYR',OTC,0.13,0.13,815,0,Savoy Resources,0,0,0
20040917,55844,SVYR',OTC,0.12,0.12,5645,0,Savoy Resources,0,0,0
20040920,55844,SVYR',OTC,0.13,0.13,5830,0,Savoy Resources,0,0,0
20040921,55844,SVYR',OTC,0.12,0.12,4102,0,Savoy Resources,0,0,0
20040922,55844,SVYR',OTC,0.12,0.12,1759,0,Savoy Resources,0,0,0
20040923,55844,SVYR',OTC,0.13,0.13,22907,0,Savoy Resources,0,0,0
20040924,55844,SVYR',OTC,0.12,0.12,12742,0,Savoy Resources,0,0,0
20040927,55844,SVYR',OTC,0.12,0.12,2880,0,Savoy Resources,0,0,0
20040928,55844,SVYR',OTC,0.1,0.1,1490,0,Savoy Resources,0,0,0
20040929,55844,SVYR',OTC,0.12,0.12,1085,0,Savoy Resources,0,0,0
20040930,55844,SVYR',OTC,0.1,0.1,2521,0,Savoy Resources,0,0,0
20041001,55844,SVYR',OTC,0.11,0.11,3198,0,Savoy Resources,0,0,0
20041004,55844,SVYR',OTC,0.1,0.1,2442,0,Savoy Resources,0,0,0
20041005,55844,SVYR',OTC,0.1,0.1,1170,0,Savoy Resources,0,0,0
20041006,55844,SVYR',OTC,0.12,0.12,3671,0,Savoy Resources,0,0,0
20041007,55844,SVYR',OTC,0.1,0.1,2735,0,Savoy Resources,0,0,0
20041008,55844,SVYR',OTC,0.1,0.1,2239,0,Savoy Resources,0,0,0
20041011,55844,SVYR',OTC,0.1,0.1,455,0,Savoy Resources,0,0,0
20041012,55844,SVYR',OTC,0.09,0.09,5009,0,Savoy Resources,0,0,0
20041013,55844,SVYR',OTC,0.11,0.11,1800,0,Savoy Resources,0,0,0
20041014,55844,SVYR',OTC,0.1,0.1,2203,0,Savoy Resources,0,0,0
20041015,55844,SVYR',OTC,0.09,0.09,3300,0,Savoy Resources,0,0,0
20041018,55844,SVYR',OTC,0.09,0.09,2315,0,Savoy Resources,0,0,0
20041019,55844,SVYR',OTC,0.1,0.1,2704,0,Savoy Resources,0,0,0
20041020,55844,SVYR',OTC,0.1,0.1,2511,0,Savoy Resources,0,0,0
20041021,55844,SVYR',OTC,0.12,0.12,13537,0,Savoy Resources,0,0,0
20041022,55844,SVYR',OTC,0.11,0.11,5634,0,Savoy Resources,0,0,0
20041025,55844,SVYR',OTC,0.17,0.17,19120,0,Savoy Resources,0,0,0
20041026,55844,SVYR',OTC,0.14,0.14,4842,0,Savoy Resources,0,0,0
20041027,55844,SVYR',OTC,0.16,0.16,7066,0,Savoy Resources,0,0,0
20041028,55844,SVYR',OTC,0.15,0.15,1201,0,Savoy Resources,0,0,0
20041029,55844,SVYR',OTC,0.15,0.15,7472,0,Savoy Resources,0,0,0
20041101,55844,SVYR',OTC,0.19,0.19,10661,0,Savoy Resources,0,0,0
20041102,55844,SVYR',OTC,0.2,0.2,15951,0,Savoy Resources,0,0,0
20041103,55844,SVYR',OTC,0.18,0.18,9392,0,Savoy Resources,0,0,0
20041104,55844,SVYR',OTC,0.18,0.18,5738,0,Savoy Resources,0,0,0
20041105,55844,SVYR',OTC,0.18,0.18,3620,0,Savoy Resources,0,0,0
20041108,55844,SVYR',OTC,0.17,0.17,4369,0,Savoy Resources,0,0,0
20041109,55844,SVYR',OTC,0.17,0.17,6081,0,Savoy Resources,0,0,0
20041110,55844,SVYR',OTC,0.17,0.17,1700,0,Savoy Resources,0,0,0
20041111,55844,SVYR',OTC,0.2,0.2,6239,0,Savoy Resources,0,0,0
20041112,55844,SVYR',OTC,0.24,0.24,10455,0,Savoy Resources,0,0,0
20041115,55844,SVYR',OTC,0.25,0.25,9752,0,Savoy Resources,0,0,0
20041116,55844,SVYR',OTC,0.23,0.23,2874,0,Savoy Resources,0,0,0
20041117,55844,SVYR',OTC,0.23,0.23,3431,0,Savoy Resources,0,0,0
20041118,55844,SVYR',OTC,0.23,0.23,2115,0,Savoy Resources,0,0,0
20041119,55844,SVYR',OTC,0.21,0.21,3185,0,Savoy Resources,0,0,0
20041122,55844,SVYR',OTC,0.24,0.24,5399,0,Savoy Resources,0,0,0
20041123,55844,SVYR',OTC,0.24,0.24,1931,0,Savoy Resources,0,0,0
20041124,55844,SVYR',OTC,0.25,0.25,1875,0,Savoy Resources,0,0,0
20041126,55844,SVYR',OTC,0.25,0.25,2200,0,Savoy Resources,0,0,0
20041129,55844,SVYR',OTC,0.23,0.23,583,0,Savoy Resources,0,0,0
20041130,55844,SVYR',OTC,0.24,0.24,5174,0,Savoy Resources,0,0,0
20041201,55844,SVYR',OTC,0.25,0.25,1582,0,Savoy Resources,0,0,0
20041202,55844,SVYR',OTC,0.25,0.25,1571,0,Savoy Resources,0,0,0
20041203,55844,SVYR',OTC,0.28,0.28,5533,0,Savoy Resources,0,0,0
20041206,55844,SVYR',OTC,0.26,0.26,7714,0,Savoy Resources,0,0,0
20041207,55844,SVYR',OTC,0.32,0.32,4480,0,Savoy Resources,0,0,0
20041208,55844,SVYR',OTC,0.32,0.32,2798,0,Savoy Resources,0,0,0
20041209,55844,SVYR',OTC,0.33,0.33,1997,0,Savoy Resources,0,0,0
20041210,55844,SVYR',OTC,0.3,0.3,1230,0,Savoy Resources,0,0,0
20041213,55844,SVYR',OTC,0.32,0.32,2178,0,Savoy Resources,0,0,0
20041214,55844,SVYR',OTC,0.33,0.33,1705,0,Savoy Resources,0,0,0
20041215,55844,SVYR',OTC,0.33,0.33,2834,0,Savoy Resources,0,0,0
20041216,55844,SVYR',OTC,0.3,0.3,3427,0,Savoy Resources,0,0,0
20041217,55844,SVYR',OTC,0.32,0.32,2328,0,Savoy Resources,0,0,0
20041220,55844,SVYR',OTC,0.3,0.3,3032,0,Savoy Resources,0,0,0
20041221,55844,SVYR',OTC,0.3,0.3,1769,0,Savoy Resources,0,0,0
20041222,55844,SVYR',OTC,0.28,0.28,130,0,Savoy Resources,0,0,0
20041223,55844,SVYR',OTC,0.31,0.31,1550,0,Savoy Resources,0,0,0
20041227,55844,SVYR',OTC,0.31,0.31,959,0,Savoy Resources,0,0,0
20041228,55844,SVYR',OTC,0.29,0.29,687,0,Savoy Resources,0,0,0
20041229,55844,SVYR',OTC,0.28,0.28,1235,0,Savoy Resources,0,0,0
20041230,55844,SVYR',OTC,0.28,0.28,2219,0,Savoy Resources,0,0,0
20041231,55844,SVYR',OTC,0.28,0.28,5036,0,Savoy Resources,0,0,0
20050103,55844,SVYR',OTC,0.31,0.31,9634,0,Savoy Resources,0,0,0
20050104,55844,SVYR',OTC,0.31,0.31,11711,0,Savoy Resources,0,0,0
20050105,55844,SVYR',OTC,0.3,0.3,3087,0,Savoy Resources,0,0,0
20050106,55844,SVYR',OTC,0.35,0.35,12472,0,Savoy Resources,0,0,0
20050107,55844,SVYR',OTC,0.33,0.33,2427,0,Savoy Resources,0,0,0
20050110,55844,SVYR',OTC,0.33,0.33,2043,0,Savoy Resources,0,0,0
20050111,55844,SVYR',OTC,0.31,0.31,2141,0,Savoy Resources,0,0,0
20050112,55844,SVYR',OTC,0.31,0.31,4375,0,Savoy Resources,0,0,0
20050113,55844,SVYR',OTC,0.3,0.3,3369,0,Savoy Resources,0,0,0
20050114,55844,SVYR',OTC,0.29,0.29,889,0,Savoy Resources,0,0,0
20050118,55844,SVYR',OTC,0.29,0.29,2180,0,Savoy Resources,0,0,0
20050119,55844,SVYR',OTC,0.29,0.29,876,0,Savoy Resources,0,0,0
20050120,55844,SVYR',OTC,0.28,0.28,2056,0,Savoy Resources,0,0,0
20050121,55844,SVYR',OTC,0.26,0.26,937,0,Savoy Resources,0,0,0
20050124,55844,SVYR',OTC,0.24,0.24,5615,0,Savoy Resources,0,0,0
20050125,55844,SVYR',OTC,0.26,0.26,721,0,Savoy Resources,0,0,0
20050126,55844,SVYR',OTC,0.26,0.26,1055,0,Savoy Resources,0,0,0
20050127,55844,SVYR',OTC,0.26,0.26,3060,0,Savoy Resources,0,0,0
20050128,55844,SVYR',OTC,0.26,0.26,963,0,Savoy Resources,0,0,0
20050131,55844,SVYR',OTC,0.24,0.24,1587,0,Savoy Resources,0,0,0
20050201,55844,SVYR',OTC,0.23,0.23,6591,0,Savoy Resources,0,0,0
20050202,55844,SVYR',OTC,0.25,0.25,2765,0,Savoy Resources,0,0,0
20050203,55844,SVYR',OTC,0.25,0.25,2086,0,Savoy Resources,0,0,0
20050204,55844,SVYR',OTC,0.24,0.24,226,0,Savoy Resources,0,0,0
20050207,55844,SVYR',OTC,0.27,0.27,925,0,Savoy Resources,0,0,0
20050208,55844,SVYR',OTC,0.24,0.24,4840,0,Savoy Resources,0,0,0
20050209,55844,SVYR',OTC,0.24,0.24,830,0,Savoy Resources,0,0,0
20050210,55844,SVYR',OTC,0.23,0.23,3232,0,Savoy Resources,0,0,0
20050211,55844,SVYR',OTC,0.22,0.22,630,0,Savoy Resources,0,0,0
20050214,55844,SVYR',OTC,0.22,0.22,8456,0,Savoy Resources,0,0,0
20050215,55844,SVYR',OTC,0.22,0.22,2765,0,Savoy Resources,0,0,0
20050216,55844,SVYR',OTC,0.21,0.21,1130,0,Savoy Resources,0,0,0
20050217,55844,SVYR',OTC,0.2,0.2,1776,0,Savoy Resources,0,0,0
20050218,55844,SVYR',OTC,0.2,0.2,1444,0,Savoy Resources,0,0,0
20050222,55844,SVYR',OTC,0.2,0.2,1035,0,Savoy Resources,0,0,0
20050223,55844,SVYR',OTC,0.19,0.19,2007,0,Savoy Resources,0,0,0
20050224,55844,SVYR',OTC,0.2,0.2,919,0,Savoy Resources,0,0,0
20050225,55844,SVYR',OTC,0.19,0.19,2475,0,Savoy Resources,0,0,0
20050228,55844,SVYR',OTC,0.17,0.17,4479,0,Savoy Resources,0,0,0
20050301,55844,SVYR',OTC,0.18,0.18,1661,0,Savoy Resources,0,0,0
20050302,55844,SVYR',OTC,0.19,0.19,641,0,Savoy Resources,0,0,0
20050303,55844,SVYR',OTC,0.18,0.18,2656,0,Savoy Resources,0,0,0
20050304,55844,SVYR',OTC,0.19,0.19,517,0,Savoy Resources,0,0,0
20050307,55844,SVYR',OTC,0.19,0.19,286,0,Savoy Resources,0,0,0
20050308,55844,SVYR',OTC,0.27,0.27,4397,0,Savoy Resources,0,0,0
20050309,55844,SVYR',OTC,0.22,0.22,4159,0,Savoy Resources,0,0,0
20050310,55844,SVYR',OTC,0.26,0.26,1653,0,Savoy Resources,0,0,0
20050311,55844,SVYR',OTC,0.26,0.26,822,0,Savoy Resources,0,0,0
20050314,55844,SVYR',OTC,0.26,0.26,1004,0,Savoy Resources,0,0,0
20050315,55844,SVYR',OTC,0.24,0.24,1268,0,Savoy Resources,0,0,0
20050316,55844,SVYR',OTC,0.27,0.27,510,0,Savoy Resources,0,0,0
20050317,55844,SVYR',OTC,0.26,0.26,1517,0,Savoy Resources,0,0,0
20050318,55844,SVYR',OTC,0.25,0.25,1815,0,Savoy Resources,0,0,0
20050321,55844,SVYR',OTC,0.27,0.27,1203,0,Savoy Resources,0,0,0
20050322,55844,SVYR',OTC,0.26,0.26,2931,0,Savoy Resources,0,0,0
20050323,55844,SVYR',OTC,0.26,0.26,1643,0,Savoy Resources,0,0,0
20050324,55844,SVYR',OTC,0.26,0.26,645,0,Savoy Resources,0,0,0
20050328,55844,SVYR',OTC,0.26,0.26,295,0,Savoy Resources,0,0,0
20050329,55844,SVYR',OTC,0.26,0.26,1554,0,Savoy Resources,0,0,0
20050330,55844,SVYR',OTC,0.26,0.26,1011,0,Savoy Resources,0,0,0
20050331,55844,SVYR',OTC,0.23,0.23,1344,0,Savoy Resources,0,0,0
20050401,55844,SVYR',OTC,0.23,0.23,90,0,Savoy Resources,0,0,0
20050404,55844,SVYR',OTC,0.23,0.23,150,0,Savoy Resources,0,0,0
20050405,55844,SVYR',OTC,0.26,0.26,341,0,Savoy Resources,0,0,0
20050406,55844,SVYR',OTC,0.24,0.24,3020,0,Savoy Resources,0,0,0
20050407,55844,SVYR',OTC,0.22,0.22,145,0,Savoy Resources,0,0,0
20050408,55844,SVYR',OTC,0.24,0.24,310,0,Savoy Resources,0,0,0
20050411,55844,SVYR',OTC,0.23,0.23,3450,0,Savoy Resources,0,0,0
20050412,55844,SVYR',OTC,0.21,0.21,2619,0,Savoy Resources,0,0,0
20050413,55844,SVYR',OTC,0.19,0.19,3218,0,Savoy Resources,0,0,0
20050414,55844,SVYR',OTC,0.2,0.2,1004,0,Savoy Resources,0,0,0
20050415,55844,SVYR',OTC,0.2,0.2,436,0,Savoy Resources,0,0,0
20050418,55844,SVYR',OTC,0.19,0.19,1844,0,Savoy Resources,0,0,0
20050419,55844,SVYR',OTC,0.18,0.18,1041,0,Savoy Resources,0,0,0
20050420,55844,SVYR',OTC,0.17,0.17,581,0,Savoy Resources,0,0,0
20050421,55844,SVYR',OTC,0.18,0.18,886,0,Savoy Resources,0,0,0
20050422,55844,SVYR',OTC,0.16,0.16,784,0,Savoy Resources,0,0,0
20050425,55844,SVYR',OTC,0.15,0.15,269,0,Savoy Resources,0,0,0
20050426,55844,SVYR',OTC,0.17,0.17,1100,0,Savoy Resources,0,0,0
20050427,55844,SVYR',OTC,0.19,0.19,129,0,Savoy Resources,0,0,0
20050428,55844,SVYR',OTC,0.19,0.19,0,0,Savoy Resources,0,0,0
20050429,55844,SVYR',OTC,0.18,0.18,412,0,Savoy Resources,0,0,0
20050502,55844,SVYR',OTC,0.17,0.17,245,0,Savoy Resources,0,0,0
20050503,55844,SVYR',OTC,0.17,0.17,34,0,Savoy Resources,0,0,0
20050504,55844,SVYR',OTC,0.19,0.19,187,0,Savoy Resources,0,0,0
20050505,55844,SVYR',OTC,0.16,0.16,1211,0,Savoy Resources,0,0,0
20050506,55844,SVYR',OTC,0.16,0.16,0,0,Savoy Resources,0,0,0
20050509,55844,SVYR',OTC,0.15,0.15,892,0,Savoy Resources,0,0,0
20050510,55844,SVYR',OTC,0.15,0.15,1,0,Savoy Resources,0,0,0
20050511,55844,SVYR',OTC,0.15,0.15,55,0,Savoy Resources,0,0,0
20050512,55844,SVYR',OTC,0.15,0.15,858,0,Savoy Resources,0,0,0
20050513,55844,SVYR',OTC,0.15,0.15,0,0,Savoy Resources,0,0,0
20050516,55844,SVYR',OTC,0.15,0.15,305,0,Savoy Resources,0,0,0
20050517,55844,SVYR',OTC,0.14,0.14,1810,0,Savoy Resources,0,0,0
20050518,55844,SVYR',OTC,0.15,0.15,110,0,Savoy Resources,0,0,0
20050519,55844,SVYR',OTC,0.16,0.16,290,0,Savoy Resources,0,0,0
20050520,55844,SVYR',OTC,0.14,0.14,388,0,Savoy Resources,0,0,0
20050523,55844,SVYR',OTC,0.15,0.15,300,0,Savoy Resources,0,0,0
20050524,55844,SVYR',OTC,0.15,0.15,1600,0,Savoy Resources,0,0,0
20050525,55844,SVYR',OTC,0.15,0.15,751,0,Savoy Resources,0,0,0
20050526,55844,SVYR',OTC,0.15,0.15,132,0,Savoy Resources,0,0,0
20050527,55844,SVYR',OTC,0.15,0.15,0,0,Savoy Resources,0,0,0
20050531,55844,SVYR',OTC,0.15,0.15,16,0,Savoy Resources,0,0,0
20050601,55844,SVYR',OTC,0.15,0.15,1632,0,Savoy Resources,0,0,0
20050602,55844,SVYR',OTC,0.14,0.14,383,0,Savoy Resources,0,0,0
20050603,55844,SVYR',OTC,0.14,0.14,367,0,Savoy Resources,0,0,0
20050606,55844,SVYR',OTC,0.14,0.14,239,0,Savoy Resources,0,0,0
20050607,55844,SVYR',OTC,0.12,0.12,1540,0,Savoy Resources,0,0,0
20050608,55844,SVYR',OTC,0.1,0.1,1195,0,Savoy Resources,0,0,0
20050609,55844,SVYR',OTC,0.16,0.16,6095,0,Savoy Resources,0,0,0
20050610,55844,SVYR',OTC,0.17,0.17,1430,0,Savoy Resources,0,0,0
20050613,55844,SVYR',OTC,0.17,0.17,156,0,Savoy Resources,0,0,0
20050614,55844,SVYR',OTC,0.17,0.17,1275,0,Savoy Resources,0,0,0
20050615,55844,SVYR',OTC,0.17,0.17,1040,0,Savoy Resources,0,0,0
20050616,55844,SVYR',OTC,0.18,0.18,10,0,Savoy Resources,0,0,0
20050617,55844,SVYR',OTC,0.19,0.19,1254,0,Savoy Resources,0,0,0
20050620,55844,SVYR',OTC,0.19,0.19,10,0,Savoy Resources,0,0,0
20050621,55844,SVYR',OTC,0.18,0.18,50,0,Savoy Resources,0,0,0
20050622,55844,SVYR',OTC,0.15,0.15,1030,0,Savoy Resources,0,0,0
20050623,55844,SVYR',OTC,0.14,0.14,603,0,Savoy Resources,0,0,0
20050624,55844,SVYR',OTC,0.14,0.14,1260,0,Savoy Resources,0,0,0
20050627,55844,SVYR',OTC,0.15,0.15,2222,0,Savoy Resources,0,0,0
20050628,55844,SVYR',OTC,0.15,0.15,135,0,Savoy Resources,0,0,0
20050629,55844,SVYR',OTC,0.15,0.15,0,0,Savoy Resources,0,0,0
20050630,55844,SVYR',OTC,0.17,0.17,461,0,Savoy Resources,0,0,0
20050701,55844,SVYR',OTC,0.2,0.2,5657,0,Savoy Resources,0,0,0
20050705,55844,SVYR',OTC,0.2,0.2,2635,0,Savoy Resources,0,0,0
20050706,55844,SVYR',OTC,0.23,0.23,2699,0,Savoy Resources,0,0,0
20050707,55844,SVYR',OTC,0.22,0.22,290,0,Savoy Resources,0,0,0
20050708,55844,SVYR',OTC,0.23,0.23,310,0,Savoy Resources,0,0,0
20050711,55844,SVYR',OTC,0.2,0.2,2011,0,Savoy Resources,0,0,0
20050712,55844,SVYR',OTC,0.23,0.23,2285,0,Savoy Resources,0,0,0
20050713,55844,SVYR',OTC,0.22,0.22,1764,0,Savoy Resources,0,0,0
20050714,55844,SVYR',OTC,0.22,0.22,539,0,Savoy Resources,0,0,0
20050715,55844,SVYR',OTC,0.24,0.24,360,0,Savoy Resources,0,0,0
20050718,55844,SVYR',OTC,0.25,0.25,5020,0,Savoy Resources,0,0,0
20050719,55844,SVYR',OTC,0.25,0.25,1806,0,Savoy Resources,0,0,0
20050720,55844,SVYR',OTC,0.25,0.25,432,0,Savoy Resources,0,0,0
20050721,55844,SVYR',OTC,0.26,0.26,4342,0,Savoy Resources,0,0,0
20050722,55844,SVYR',OTC,0.26,0.26,66,0,Savoy Resources,0,0,0
20050725,55844,SVYR',OTC,0.26,0.26,142,0,Savoy Resources,0,0,0
20050726,55844,SVYR',OTC,0.25,0.25,99,0,Savoy Resources,0,0,0
20050727,55844,SVYR',OTC,0.23,0.23,1000,0,Savoy Resources,0,0,0
20050728,55844,SVYR',OTC,0.25,0.25,1112,0,Savoy Resources,0,0,0
20050729,55844,SVYR',OTC,0.25,0.25,40,0,Savoy Resources,0,0,0
20050801,55844,SVYR',OTC,0.25,0.25,301,0,Savoy Resources,0,0,0
20050802,55844,SVYR',OTC,0.25,0.25,980,0,Savoy Resources,0,0,0
20050803,55844,SVYR',OTC,0.24,0.24,435,0,Savoy Resources,0,0,0
20050804,55844,SVYR',OTC,0.24,0.24,179,0,Savoy Resources,0,0,0
20050805,55844,SVYR',OTC,0.24,0.24,0,0,Savoy Resources,0,0,0
20050808,55844,SVYR',OTC,0.25,0.25,470,0,Savoy Resources,0,0,0
20050809,55844,SVYR',OTC,0.24,0.24,185,0,Savoy Resources,0,0,0
20050810,55844,SVYR',OTC,0.26,0.26,1638,0,Savoy Resources,0,0,0
20050811,55844,SVYR',OTC,0.27,0.27,589,0,Savoy Resources,0,0,0
20050812,55844,SVYR',OTC,0.28,0.28,2737,0,Savoy Resources,0,0,0
20050815,55844,SVYR',OTC,0.26,0.26,282,0,Savoy Resources,0,0,0
20050816,55844,SVYR',OTC,0.28,0.28,1452,0,Savoy Resources,0,0,0
20050817,55844,SVYR',OTC,0.28,0.28,610,0,Savoy Resources,0,0,0
20050818,55844,SVYR',OTC,0.27,0.27,940,0,Savoy Resources,0,0,0
20050819,55844,SVYR',OTC,0.26,0.26,248,0,Savoy Resources,0,0,0
20050822,55844,SVYR',OTC,0.25,0.25,986,0,Savoy Resources,0,0,0
20050823,55844,SVYR',OTC,0.25,0.25,200,0,Savoy Resources,0,0,0
20050824,55844,SVYR',OTC,0.23,0.23,1063,0,Savoy Resources,0,0,0
20050825,55844,SVYR',OTC,0.24,0.24,1128,0,Savoy Resources,0,0,0
20050826,55844,SVYR',OTC,0.2,0.2,20,0,Savoy Resources,0,0,0
20050829,55844,SVYR',OTC,0.21,0.21,627,0,Savoy Resources,0,0,0
20050830,55844,SVYR',OTC,0.2,0.2,87,0,Savoy Resources,0,0,0
20050831,55844,SVYR',OTC,0.21,0.21,1138,0,Savoy Resources,0,0,0
20050901,55844,SVYR',OTC,0.2,0.2,1835,0,Savoy Resources,0,0,0
20050902,55844,SVYR',OTC,0.2,0.2,140,0,Savoy Resources,0,0,0
20050906,55844,SVYR',OTC,0.2,0.2,80,0,Savoy Resources,0,0,0
20050907,55844,SVYR',OTC,0.19,0.19,60,0,Savoy Resources,0,0,0
20050908,55844,SVYR',OTC,0.2,0.2,300,0,Savoy Resources,0,0,0
20050909,55844,SVYR',OTC,0.23,0.23,88,0,Savoy Resources,0,0,0
20050912,55844,SVYR',OTC,0.22,0.22,500,0,Savoy Resources,0,0,0
20050913,55844,SVYR',OTC,0.2,0.2,590,0,Savoy Resources,0,0,0
20050914,55844,SVYR',OTC,0.24,0.24,540,0,Savoy Resources,0,0,0
20050915,55844,SVYR',OTC,0.22,0.22,755,0,Savoy Resources,0,0,0
20050916,55844,SVYR',OTC,0.22,0.22,858,0,Savoy Resources,0,0,0
20050919,55844,SVYR',OTC,0.25,0.25,2164,0,Savoy Resources,0,0,0
20050920,55844,SVYR',OTC,0.26,0.26,799,0,Savoy Resources,0,0,0
20050921,55844,SVYR',OTC,0.27,0.27,2305,0,Savoy Resources,0,0,0
20050922,55844,SVYR',OTC,0.25,0.25,179,0,Savoy Resources,0,0,0
20050923,55844,SVYR',OTC,0.24,0.24,296,0,Savoy Resources,0,0,0
20050926,55844,SVYR',OTC,0.24,0.24,597,0,Savoy Resources,0,0,0
20050927,55844,SVYR',OTC,0.21,0.21,650,0,Savoy Resources,0,0,0
20050928,55844,SVYR',OTC,0.27,0.27,670,0,Savoy Resources,0,0,0
20050929,55844,SVYR',OTC,0.24,0.24,889,0,Savoy Resources,0,0,0
20050930,55844,SVYR',OTC,0.26,0.26,340,0,Savoy Resources,0,0,0
20051003,55844,SVYR',OTC,0.24,0.24,71,0,Savoy Resources,0,0,0
20051004,55844,SVYR',OTC,0.22,0.22,1021,0,Savoy Resources,0,0,0
20051005,55844,SVYR',OTC,0.21,0.21,10,0,Savoy Resources,0,0,0
20051006,55844,SVYR',OTC,0.2,0.2,60,0,Savoy Resources,0,0,0
20051007,55844,SVYR',OTC,0.21,0.21,439,0,Savoy Resources,0,0,0
20051010,55844,SVYR',OTC,0.2,0.2,295,0,Savoy Resources,0,0,0
20051011,55844,SVYR',OTC,0.2,0.2,161,0,Savoy Resources,0,0,0
20051012,55844,SVYR',OTC,0.19,0.19,15,0,Savoy Resources,0,0,0
20051013,55844,SVYR',OTC,0.2,0.2,220,0,Savoy Resources,0,0,0
20051014,55844,SVYR',OTC,0.19,0.19,930,0,Savoy Resources,0,0,0
20051017,55844,SVYR',OTC,0.19,0.19,300,0,Savoy Resources,0,0,0
20051018,55844,SVYR',OTC,0.2,0.2,200,0,Savoy Resources,0,0,0
20051019,55844,SVYR',OTC,0.2,0.2,120,0,Savoy Resources,0,0,0
20051020,55844,SVYR',OTC,0.2,0.2,175,0,Savoy Resources,0,0,0
20051021,55844,SVYR',OTC,0.19,0.19,500,0,Savoy Resources,0,0,0
20051024,55844,SVYR',OTC,0.19,0.19,0,0,Savoy Resources,0,0,0
20051025,55844,SVYR',OTC,0.2,0.2,105,0,Savoy Resources,0,0,0
20051026,55844,SVYR',OTC,0.19,0.19,250,0,Savoy Resources,0,0,0
20051027,55844,SVYR',OTC,0.2,0.2,200,0,Savoy Resources,0,0,0
20051028,55844,SVYR',OTC,0.19,0.19,1050,0,Savoy Resources,0,0,0
20051031,55844,SVYR',OTC,0.22,0.22,3551,0,Savoy Resources,0,0,0
20051101,55844,SVYR',OTC,0.24,0.24,1411,0,Savoy Resources,0,0,0
20051102,55844,SVYR',OTC,0.24,0.24,175,0,Savoy Resources,0,0,0
20051103,55844,SVYR',OTC,0.23,0.23,1180,0,Savoy Resources,0,0,0
20051104,55844,SVYR',OTC,0.2,0.2,135,0,Savoy Resources,0,0,0
20051107,55844,SVYR',OTC,0.22,0.22,925,0,Savoy Resources,0,0,0
20051108,55844,SVYR',OTC,0.22,0.22,891,0,Savoy Resources,0,0,0
20051109,55844,SVYR',OTC,0.22,0.22,20,0,Savoy Resources,0,0,0
20051110,55844,SVYR',OTC,0.18,0.18,1360,0,Savoy Resources,0,0,0
20051111,55844,SVYR',OTC,0.21,0.21,760,0,Savoy Resources,0,0,0
20051114,55844,SVYR',OTC,0.19,0.19,427,0,Savoy Resources,0,0,0
20051115,55844,SVYR',OTC,0.18,0.18,899,0,Savoy Resources,0,0,0
20051116,55844,SVYR',OTC,0.2,0.2,970,0,Savoy Resources,0,0,0
20051117,55844,SVYR',OTC,0.18,0.18,869,0,Savoy Resources,0,0,0
20051118,55844,SVYR',OTC,0.17,0.17,430,0,Savoy Resources,0,0,0
20051121,55844,SVYR',OTC,0.17,0.17,100,0,Savoy Resources,0,0,0
20051122,55844,SVYR',OTC,0.19,0.19,1218,0,Savoy Resources,0,0,0
20051123,55844,SVYR',OTC,0.17,0.17,1400,0,Savoy Resources,0,0,0
20051125,55844,SVYR',OTC,0.17,0.17,250,0,Savoy Resources,0,0,0
20051128,55844,SVYR',OTC,0.17,0.17,591,0,Savoy Resources,0,0,0
20051129,55844,SVYR',OTC,0.19,0.19,461,0,Savoy Resources,0,0,0
20051130,55844,SVYR',OTC,0.19,0.19,169,0,Savoy Resources,0,0,0
20051201,55844,SVYR',OTC,0.19,0.19,1043,0,Savoy Resources,0,0,0
20051202,55844,SVYR',OTC,0.2,0.2,341,0,Savoy Resources,0,0,0
20051205,55844,SVYR',OTC,0.18,0.18,350,0,Savoy Resources,0,0,0
20051206,55844,SVYR',OTC,0.17,0.17,1292,0,Savoy Resources,0,0,0
20051207,55844,SVYR',OTC,0.17,0.17,1789,0,Savoy Resources,0,0,0
20051208,55844,SVYR',OTC,0.16,0.16,4030,0,Savoy Resources,0,0,0
20051209,55844,SVYR',OTC,0.15,0.15,643,0,Savoy Resources,0,0,0
20051212,55844,SVYR',OTC,0.17,0.17,1803,0,Savoy Resources,0,0,0
20051213,55844,SVYR',OTC,0.17,0.17,320,0,Savoy Resources,0,0,0
20051214,55844,SVYR',OTC,0.15,0.15,3750,0,Savoy Resources,0,0,0
20051215,55844,SVYR',OTC,0.15,0.15,1477,0,Savoy Resources,0,0,0
20051216,55844,SVYR',OTC,0.12,0.12,1789,0,Savoy Resources,0,0,0
20051219,55844,SVYR',OTC,0.12,0.12,1625,0,Savoy Resources,0,0,0
20051220,55844,SVYR',OTC,0.12,0.12,460,0,Savoy Resources,0,0,0
20051221,55844,SVYR',OTC,0.13,0.13,331,0,Savoy Resources,0,0,0
20051222,55844,SVYR',OTC,0.13,0.13,416,0,Savoy Resources,0,0,0
20051223,55844,SVYR',OTC,0.11,0.11,738,0,Savoy Resources,0,0,0
20051227,55844,SVYR',OTC,0.11,0.11,318,0,Savoy Resources,0,0,0
20051228,55844,SVYR',OTC,0.11,0.11,410,0,Savoy Resources,0,0,0
20051229,55844,SVYR',OTC,0.12,0.12,5391,0,Savoy Resources,0,0,0
20051230,55844,SVYR',OTC,0.13,0.13,5759,0,Savoy Resources,0,0,0
20060103,55844,SVYR',OTC,0.12,0.12,523,0,Savoy Resources,0,0,0
20060104,55844,SVYR',OTC,0.12,0.12,6664,0,Savoy Resources,0,0,0
20060105,55844,SVYR',OTC,0.12,0.12,2642,0,Savoy Resources,0,0,0
20060106,55844,SVYR',OTC,0.12,0.12,384,0,Savoy Resources,0,0,0
20060109,55844,SVYR',OTC,0.11,0.11,919,0,Savoy Resources,0,0,0
20060110,55844,SVYR',OTC,0.11,0.11,9879,0,Savoy Resources,0,0,0
20060111,55844,SVYR',OTC,0.11,0.11,1247,0,Savoy Resources,0,0,0
20060112,55844,SVYR',OTC,0.1,0.1,650,0,Savoy Resources,0,0,0
20060113,55844,SVYR',OTC,0.09,0.09,4193,0,Savoy Resources,0,0,0
20060117,55844,SVYR',OTC,0.08,0.08,7123,0,Savoy Resources,0,0,0
20060118,55844,SVYR',OTC,0.08,0.08,3289,0,Savoy Resources,0,0,0
20060119,55844,SVYR',OTC,0.07,0.07,2631,0,Savoy Resources,0,0,0
20060120,55844,SVYR',OTC,0.12,0.12,18259,0,Savoy Resources,0,0,0
20060123,55844,SVYR',OTC,0.08,0.08,5058,0,Savoy Resources,0,0,0
20060124,55844,SVYR',OTC,0.08,0.08,2095,0,Savoy Resources,0,0,0
20060125,55844,SVYR',OTC,0.09,0.09,4368,0,Savoy Resources,0,0,0
20060126,55844,SVYR',OTC,0.09,0.09,779,0,Savoy Resources,0,0,0
20060127,55844,SVYR',OTC,0.08,0.08,310,0,Savoy Resources,0,0,0
20060130,55844,SVYR',OTC,0.08,0.08,729,0,Savoy Resources,0,0,0
20060131,55844,SVYR',OTC,0.08,0.08,850,0,Savoy Resources,0,0,0
20060201,55844,SVYR',OTC,0.08,0.08,936,0,Savoy Resources,0,0,0
20060202,55844,SVYR',OTC,0.08,0.08,150,0,Savoy Resources,0,0,0
20060203,55844,SVYR',OTC,0.08,0.08,1715,0,Savoy Resources,0,0,0
20060206,55844,SVYR',OTC,0.08,0.08,896,0,Savoy Resources,0,0,0
20060207,55844,SVYR',OTC,0.08,0.08,2334,0,Savoy Resources,0,0,0
20060208,55844,SVYR',OTC,0.08,0.08,300,0,Savoy Resources,0,0,0
20060209,55844,SVYR',OTC,0.08,0.08,1943,0,Savoy Resources,0,0,0
20060210,55844,SVYR',OTC,0.07,0.07,3035,0,Savoy Resources,0,0,0
20060213,55844,SVYR',OTC,0.07,0.07,1850,0,Savoy Resources,0,0,0
20060214,55844,SVYR',OTC,0.06,0.06,14162,0,Savoy Resources,0,0,0
20060215,55844,SVYR',OTC,0.06,0.06,3428,0,Savoy Resources,0,0,0
20060216,55844,SVYR',OTC,0.06,0.06,3287,0,Savoy Resources,0,0,0
20060217,55844,SVYR',OTC,0.06,0.06,1636,0,Savoy Resources,0,0,0
20060221,55844,SVYR',OTC,0.06,0.06,931,0,Savoy Resources,0,0,0
20060222,55844,SVYR',OTC,0.05,0.05,869,0,Savoy Resources,0,0,0
20060223,55844,SVYR',OTC,0.05,0.05,729,0,Savoy Resources,0,0,0
20060224,55844,SVYR',OTC,0.06,0.06,1568,0,Savoy Resources,0,0,0
20060227,55844,SVYR',OTC,0.05,0.05,1856,0,Savoy Resources,0,0,0
20060228,55844,SVYR',OTC,0.05,0.05,1313,0,Savoy Resources,0,0,0
20060301,55844,SVYR',OTC,0.07,0.07,7351,0,Savoy Resources,0,0,0
20060302,55844,SVYR',OTC,0.05,0.05,2064,0,Savoy Resources,0,0,0
20060303,55844,SVYR',OTC,0.06,0.06,480,0,Savoy Resources,0,0,0
20060306,55844,SVYR',OTC,0.06,0.06,1072,0,Savoy Resources,0,0,0
20060307,55844,SVYR',OTC,0.05,0.05,1144,0,Savoy Resources,0,0,0
20060308,55844,SVYR',OTC,0.06,0.06,825,0,Savoy Resources,0,0,0
20060309,55844,SVYR',OTC,0.06,0.06,280,0,Savoy Resources,0,0,0
20060310,55844,SVYR',OTC,0.06,0.06,3130,0,Savoy Resources,0,0,0
20060313,55844,SVYR',OTC,0.07,0.07,270,0,Savoy Resources,0,0,0
20060314,55844,SVYR',OTC,0.06,0.06,605,0,Savoy Resources,0,0,0
20060315,55844,SVYR',OTC,0.06,0.06,397,0,Savoy Resources,0,0,0
20060316,55844,SVYR',OTC,0.06,0.06,2053,0,Savoy Resources,0,0,0
20060317,55844,SVYR',OTC,0.05,0.05,1490,0,Savoy Resources,0,0,0
20060320,55844,SVYR',OTC,0.05,0.05,475,0,Savoy Resources,0,0,0
20060321,55844,SVYR',OTC,0.05,0.05,1471,0,Savoy Resources,0,0,0
20060322,55844,SVYR',OTC,0.05,0.05,895,0,Savoy Resources,0,0,0
20060323,55844,SVYR',OTC,0.05,0.05,0,0,Savoy Resources,0,0,0
20060324,55844,SVYR',OTC,0.05,0.05,725,0,Savoy Resources,0,0,0
20060327,55844,SVYR',OTC,0.04,0.04,1246,0,Savoy Resources,0,0,0
20060328,55844,SVYR',OTC,0.04,0.04,1219,0,Savoy Resources,0,0,0
20060329,55844,SVYR',OTC,0.05,0.05,1350,0,Savoy Resources,0,0,0
20060330,55844,SVYR',OTC,0.05,0.05,2305,0,Savoy Resources,0,0,0
20060331,55844,SVYR',OTC,0.05,0.05,610,0,Savoy Resources,0,0,0
20060403,55844,SVYR',OTC,0.04,0.04,1602,0,Savoy Resources,0,0,0
20060404,55844,SVYR',OTC,0.04,0.04,1515,0,Savoy Resources,0,0,0
20060405,55844,SVYR',OTC,0.04,0.04,1734,0,Savoy Resources,0,0,0
20060406,55844,SVYR',OTC,0.04,0.04,6299,0,Savoy Resources,0,0,0
20060407,55844,SVYR',OTC,0.04,0.04,616,0,Savoy Resources,0,0,0
20060410,55844,SVYR',OTC,0.04,0.04,759,0,Savoy Resources,0,0,0
20060411,55844,SVYR',OTC,0.04,0.04,5004,0,Savoy Resources,0,0,0
20060412,55844,SVYR',OTC,0.05,0.05,3720,0,Savoy Resources,0,0,0
20060413,55844,SVYR',OTC,0.04,0.04,3345,0,Savoy Resources,0,0,0
20060417,55844,SVYR',OTC,0.04,0.04,990,0,Savoy Resources,0,0,0
20060418,55844,SVYR',OTC,0.04,0.04,423,0,Savoy Resources,0,0,0
20060419,55844,SVYR',OTC,0.05,0.05,1620,0,Savoy Resources,0,0,0
20060420,55844,SVYR',OTC,0.04,0.04,855,0,Savoy Resources,0,0,0
20060421,55844,SVYR',OTC,0.04,0.04,200,0,Savoy Resources,0,0,0
20060424,55844,SVYR',OTC,0.04,0.04,0,0,Savoy Resources,0,0,0
20060425,55844,SVYR',OTC,0.05,0.05,2128,0,Savoy Resources,0,0,0
20060426,55844,SVYR',OTC,0.05,0.05,1065,0,Savoy Resources,0,0,0
20060427,55844,SVYR',OTC,0.04,0.04,650,0,Savoy Resources,0,0,0
20060428,55844,SVYR',OTC,0.05,0.05,801,0,Savoy Resources,0,0,0
20060501,55844,SVYR',OTC,0.04,0.04,3686,0,Savoy Resources,0,0,0
20060502,55844,SVYR',OTC,0.03,0.03,2461,0,Savoy Resources,0,0,0
20060503,55844,SVYR',OTC,0.04,0.04,6523,0,Savoy Resources,0,0,0
20060504,55844,SVYR',OTC,0.08,0.08,68362,0,Savoy Resources,0,0,0
20060505,55844,SVYR',OTC,0.05,0.05,29410,0,Savoy Resources,0,0,0
20060508,55844,SVYR',OTC,0.05,0.05,10229,0,Savoy Resources,0,0,0
20060509,55844,SVYR',OTC,0.05,0.05,2623,0,Savoy Resources,0,0,0
20060510,55844,SVYR',OTC,0.04,0.04,3605,0,Savoy Resources,0,0,0
20060511,55844,SVYR',OTC,0.04,0.04,6314,0,Savoy Resources,0,0,0
20060512,55844,SVYR',OTC,0.05,0.05,10058,0,Savoy Resources,0,0,0
20060515,55844,SVYR',OTC,0.05,0.05,4766,0,Savoy Resources,0,0,0
20060516,55844,SVYR',OTC,0.05,0.05,2950,0,Savoy Resources,0,0,0
20060517,55844,SVYR',OTC,0.03,0.03,5347,0,Savoy Resources,0,0,0
20060518,55844,SVYR',OTC,0.04,0.04,1936,0,Savoy Resources,0,0,0
20060519,55844,SVYR',OTC,0.04,0.04,680,0,Savoy Resources,0,0,0
20060522,55844,SVYR',OTC,0.04,0.04,495,0,Savoy Resources,0,0,0
20060523,55844,SVYR',OTC,0.04,0.04,731,0,Savoy Resources,0,0,0
20060524,55844,SVYR',OTC,0.05,0.05,240,0,Savoy Resources,0,0,0
20060525,55844,SVYR',OTC,0.05,0.05,371,0,Savoy Resources,0,0,0
20060526,55844,SVYR',OTC,0.04,0.04,545,0,Savoy Resources,0,0,0
20060530,55844,SVYR',OTC,0.03,0.03,4298,0,Savoy Resources,0,0,0
20060531,55844,SVYR',OTC,0.03,0.03,1930,0,Savoy Resources,0,0,0
20060601,55844,SVYR',OTC,0.03,0.03,795,0,Savoy Resources,0,0,0
20060602,55844,SVYR',OTC,0.03,0.03,456,0,Savoy Resources,0,0,0
20060605,55844,SVYR',OTC,0.03,0.03,542,0,Savoy Resources,0,0,0
20060606,55844,SVYR',OTC,0.03,0.03,444,0,Savoy Resources,0,0,0
20060607,55844,SVYR',OTC,0.03,0.03,190,0,Savoy Resources,0,0,0
20060608,55844,SVYR',OTC,0.03,0.03,1680,0,Savoy Resources,0,0,0
20060609,55844,SVYR',OTC,0.03,0.03,405,0,Savoy Resources,0,0,0
20060612,55844,SVYR',OTC,0.03,0.03,0,0,Savoy Resources,0,0,0
20060613,55844,SVYR',OTC,0.03,0.03,0,0,Savoy Resources,0,0,0
20060614,55844,SVYR',OTC,0.02,0.02,3261,0,Savoy Resources,0,0,0
20060615,55844,SVYR',OTC,0.02,0.02,0,0,Savoy Resources,0,0,0
20060616,55844,SVYR',OTC,0.02,0.02,0,0,Savoy Resources,0,0,0
20060619,55844,SVYR',OTC,0.01,0.01,1027,0,Savoy Resources,0,0,0
20060620,55844,SVYR',OTC,0.01,0.01,120,0,Savoy Resources,0,0,0
20060621,55844,SVYR',OTC,0.02,0.02,300,0,Savoy Resources,0,0,0
20060622,55844,SVYR',OTC,0.02,0.02,0,0,Savoy Resources,0,0,0
20060623,55844,SVYR',OTC,0.02,0.02,370,0,Savoy Resources,0,0,0
20060626,55844,SVYR',OTC,0.02,0.02,603,0,Savoy Resources,0,0,0
20060627,55844,SVYR',OTC,0.02,0.02,0,0,Savoy Resources,0,0,0
20060628,55844,SVYR',OTC,0.02,0.02,770,0,Savoy Resources,0,0,0
20060629,55844,SVYR',OTC,0.02,0.02,150,0,Savoy Resources,0,0,0
20060630,55844,SVYR',OTC,0.02,0.02,400,0,Savoy Resources,0,0,0
20060703,55844,SVYR',OTC,0.02,0.02,0,0,Savoy Resources,0,0,0
20060705,55844,SVYR',OTC,0.02,0.02,490,0,Savoy Resources,0,0,0
20060706,55844,SVYR',OTC,0.02,0.02,0,0,Savoy Resources,0,0,0
20060707,55844,SVYR',OTC,0.02,0.02,120,0,Savoy Resources,0,0,0
20060710,55844,SVYR',OTC,0.02,0.02,0,0,Savoy Resources,0,0,0
20060711,55844,SVYR',OTC,0.01,0.01,50,0,Savoy Resources,0,0,0
20060712,55844,SVYR',OTC,0.01,0.01,1080,0,Savoy Resources,0,0,0
20060713,55844,SVYR',OTC,0.01,0.01,2105,0,Savoy Resources,0,0,0
20060714,55844,SVYR',OTC,0.01,0.01,940,0,Savoy Resources,0,0,0
20060717,55844,SVYR',OTC,0.02,0.02,2265,0,Savoy Resources,0,0,0
20060718,55844,SVYR',OTC,0.02,0.02,100,0,Savoy Resources,0,0,0
20060719,55844,SVYR',OTC,0.02,0.02,0,0,Savoy Resources,0,0,0
20060720,55844,SVYR',OTC,0.01,0.01,950,0,Savoy Resources,0,0,0
20060721,55844,SVYR',OTC,0.02,0.02,200,0,Savoy Resources,0,0,0
20060724,55844,SVYR',OTC,0.01,0.01,255,0,Savoy Resources,0,0,0
20060725,55844,SVYR',OTC,0.01,0.01,310,0,Savoy Resources,0,0,0
20060726,55844,SVYR',OTC,0.01,0.01,500,0,Savoy Resources,0,0,0
20060727,55844,SVYR',OTC,0.01,0.01,0,0,Savoy Resources,0,0,0
20060728,55844,SVYR',OTC,0.01,0.01,1200,0,Savoy Resources,0,0,0
20060731,55844,SVYR',OTC,0.01,0.01,5473,0,Savoy Resources,0,0,0
20060801,55844,SVYR',OTC,0.01,0.01,13051,0,Savoy Resources,0,0,0
20060802,55844,SVYR',OTC,0.01,0.01,2274,0,Savoy Resources,0,0,0
20060803,55844,SVYR',OTC,0.01,0.01,100,0,Savoy Resources,0,0,0
20060804,55844,SVYR',OTC,0.01,0.01,2217,0,Savoy Resources,0,0,0
20060807,55844,SVYR',OTC,0.01,0.01,160,0,Savoy Resources,0,0,0
20060808,55844,SVYR',OTC,0.01,0.01,250,0,Savoy Resources,0,0,0
20060809,55844,SVYR',OTC,0.01,0.01,585,0,Savoy Resources,0,0,0
20060810,55844,SVYR',OTC,0.01,0.01,0,0,Savoy Resources,0,0,0
20060811,55844,SVYR',OTC,0.01,0.01,0,0,Savoy Resources,0,0,0
20060814,55844,SVYR',OTC,0.01,0.01,6908,0,Savoy Resources,0,0,0
20060815,55844,SVYR',OTC,0.01,0.01,1890,0,Savoy Resources,0,0,0
20060816,55844,SVYR',OTC,0.01,0.01,1417,0,Savoy Resources,0,0,0
20060817,55844,SVYR',OTC,0.01,0.01,4340,0,Savoy Resources,0,0,0
20060818,55844,SVYR',OTC,0.01,0.01,0,0,Savoy Resources,0,0,0
20060821,55844,SVYR',OTC,0.01,0.01,520,0,Savoy Resources,0,0,0
20060822,55844,SVYR',OTC,0.01,0.01,397,0,Savoy Resources,0,0,0
20060823,55844,SVYR',OTC,0.01,0.01,10,0,Savoy Resources,0,0,0
20060824,55844,SVYR',OTC,0.01,0.01,700,0,Savoy Resources,0,0,0
20060825,55844,SVYR',OTC,0.01,0.01,200,0,Savoy Resources,0,0,0
20060828,55844,SVYR',OTC,0.01,0.01,2407,0,Savoy Resources,0,0,0
20060829,55844,SVYR',OTC,0.01,0.01,360,0,Savoy Resources,0,0,0
20060830,55844,SVYR',OTC,0.01,0.01,263,0,Savoy Resources,0,0,0
20060831,55844,SVYR',OTC,0.01,0.01,0,0,Savoy Resources,0,0,0
20060901,55844,SVYR',OTC,0.01,0.01,0,0,Savoy Resources,0,0,0
20060905,55844,SVYR',OTC,0.01,0.01,0,0,Savoy Resources,0,0,0
20060906,55844,SVYR',OTC,0.01,0.01,0,0,Savoy Resources,0,0,0
20060907,55844,SVYR',OTC,0.01,0.01,0,0,Savoy Resources,0,0,0
20060908,55844,SVYR',OTC,0.01,0.01,9,0,Savoy Resources,0,0,0
20060911,55844,SVYR',OTC,0.01,0.01,0,0,Savoy Resources,0,0,0
20060912,55844,SVYR',OTC,0.01,0.01,0,0,Savoy Resources,0,0,0
20060913,55844,SVYR',OTC,0.01,0.01,3188,0,Savoy Resources,0,0,0
20060914,55844,SVYR',OTC,0.01,0.01,1350,0,Savoy Resources,0,0,0
20060915,55844,SVYR',OTC,0.01,0.01,792,0,Savoy Resources,0,0,0
20060918,55844,SVYR',OTC,0.01,0.01,100,0,Savoy Resources,0,0,0
20060919,55844,SVYR',OTC,0.01,0.01,1174,0,Savoy Resources,0,0,0
20060920,55844,SVYR',OTC,0.01,0.01,5027,0,Savoy Resources,0,0,0
20060921,55844,SVYR',OTC,0.01,0.01,140,0,Savoy Resources,0,0,0
20060922,55844,SVYR',OTC,0.01,0.01,250,0,Savoy Resources,0,0,0
20060925,55844,SVYR',OTC,0.01,0.01,1100,0,Savoy Resources,0,0,0
20060926,55844,SVYR',OTC,0.01,0.01,100,0,Savoy Resources,0,0,0
20060927,55844,SVYR',OTC,0.01,0.01,0,0,Savoy Resources,0,0,0
20060928,55844,SVYR',OTC,0.01,0.01,318,0,Savoy Resources,0,0,0
20060929,55844,SVYR',OTC,0.01,0.01,1000,0,Savoy Resources,0,0,0
20061002,55844,SVYR',OTC,0.01,0.01,0,0,Savoy Resources,0,0,0
20061003,55844,SVYR',OTC,0.01,0.01,140,0,Savoy Resources,0,0,0
20061004,55844,SVYR',OTC,0.01,0.01,0,0,Savoy Resources,0,0,0
