DDate,CSINumber,Symbol,Exchange,DClose,UnAdjustedClose,TotalVolume,Cash,MarketName,PTB,PSR,DPS
20040316,55925,PNVB',OTC,27.25391499,27.5,7,0,Peoples Bank Danville Va,0,0,0
20040317,55925,PNVB',OTC,25.76733781,26,23,0,Peoples Bank Danville Va,0,0,0
20040318,55925,PNVB',OTC,25.76733781,26,0,0,Peoples Bank Danville Va,0,0,0
20040319,55925,PNVB',OTC,25.76733781,26,0,0,Peoples Bank Danville Va,0,0,0
20040322,55925,PNVB',OTC,25.76733781,26,0,0,Peoples Bank Danville Va,0,0,0
20040323,55925,PNVB',OTC,25.76733781,26,0,0,Peoples Bank Danville Va,0,0,0
20040324,55925,PNVB',OTC,26.26286353,26.5,10,0,Peoples Bank Danville Va,0,0,0
20040325,55925,PNVB',OTC,26.26286353,26.5,6,0,Peoples Bank Danville Va,0,0,0
20040326,55925,PNVB',OTC,26.65928412,26.9,11,0,Peoples Bank Danville Va,0,0,0
20040329,55925,PNVB',OTC,26.65928412,26.9,0,0,Peoples Bank Danville Va,0,0,0
20040330,55925,PNVB',OTC,26.65928412,26.9,3,0,Peoples Bank Danville Va,0,0,0
20040331,55925,PNVB',OTC,26.26286353,26.5,29,0,Peoples Bank Danville Va,0,0,0
20040401,55925,PNVB',OTC,26.26286353,26.5,0,0,Peoples Bank Danville Va,0,0,0
20040402,55925,PNVB',OTC,26.26286353,26.5,0,0,Peoples Bank Danville Va,0,0,0
20040405,55925,PNVB',OTC,26.39170022,26.63,8,0,Peoples Bank Danville Va,0,0,0
20040406,55925,PNVB',OTC,26.39170022,26.63,0,0,Peoples Bank Danville Va,0,0,0
20040407,55925,PNVB',OTC,26.39170022,26.63,0,0,Peoples Bank Danville Va,0,0,0
20040408,55925,PNVB',OTC,26.39170022,26.63,0,0,Peoples Bank Danville Va,0,0,0
20040412,55925,PNVB',OTC,26.39170022,26.63,0,0,Peoples Bank Danville Va,0,0,0
20040413,55925,PNVB',OTC,26.39170022,26.63,0,0,Peoples Bank Danville Va,0,0,0
20040414,55925,PNVB',OTC,26.39170022,26.63,0,0,Peoples Bank Danville Va,0,0,0
20040415,55925,PNVB',OTC,26.39170022,26.63,0,0,Peoples Bank Danville Va,0,0,0
20040416,55925,PNVB',OTC,26.39170022,26.63,0,0,Peoples Bank Danville Va,0,0,0
20040419,55925,PNVB',OTC,26.39170022,26.63,0,0,Peoples Bank Danville Va,0,0,0
20040420,55925,PNVB',OTC,26.39170022,26.63,0,0,Peoples Bank Danville Va,0,0,0
20040421,55925,PNVB',OTC,26.39170022,26.63,0,0,Peoples Bank Danville Va,0,0,0
20040422,55925,PNVB',OTC,26.39170022,26.63,0,0,Peoples Bank Danville Va,0,0,0
20040423,55925,PNVB',OTC,26.39170022,26.63,0,0,Peoples Bank Danville Va,0,0,0
20040426,55925,PNVB',OTC,26.39170022,26.63,0,0,Peoples Bank Danville Va,0,0,0
20040427,55925,PNVB',OTC,26.39170022,26.63,0,0,Peoples Bank Danville Va,0,0,0
20040428,55925,PNVB',OTC,26.39170022,26.63,0,0,Peoples Bank Danville Va,0,0,0
20040429,55925,PNVB',OTC,26.39170022,26.63,0,0,Peoples Bank Danville Va,0,0,0
20040430,55925,PNVB',OTC,26.75838926,27,11,0,Peoples Bank Danville Va,0,0,0
20040503,55925,PNVB',OTC,26.75838926,27,0,0,Peoples Bank Danville Va,0,0,0
20040504,55925,PNVB',OTC,26.75838926,27,21,0,Peoples Bank Danville Va,0,0,0
20040505,55925,PNVB',OTC,26.75838926,27,0,0,Peoples Bank Danville Va,0,0,0
20040506,55925,PNVB',OTC,27.00615213,27.25,4,0,Peoples Bank Danville Va,0,0,0
20040507,55925,PNVB',OTC,27.00615213,27.25,0,0,Peoples Bank Danville Va,0,0,0
20040510,55925,PNVB',OTC,27.00615213,27.25,0,0,Peoples Bank Danville Va,0,0,0
20040511,55925,PNVB',OTC,27.00615213,27.25,0,0,Peoples Bank Danville Va,0,0,0
20040512,55925,PNVB',OTC,27.00615213,27.25,0,0,Peoples Bank Danville Va,0,0,0
20040513,55925,PNVB',OTC,27.00615213,27.25,0,0,Peoples Bank Danville Va,0,0,0
20040514,55925,PNVB',OTC,27.00615213,27.25,0,0,Peoples Bank Danville Va,0,0,0
20040517,55925,PNVB',OTC,27.00615213,27.25,0,0,Peoples Bank Danville Va,0,0,0
20040518,55925,PNVB',OTC,27.00615213,27.25,0,0,Peoples Bank Danville Va,0,0,0
20040519,55925,PNVB',OTC,27.00615213,27.25,0,0,Peoples Bank Danville Va,0,0,0
20040520,55925,PNVB',OTC,27.00615213,27.25,0,0,Peoples Bank Danville Va,0,0,0
20040521,55925,PNVB',OTC,27.00615213,27.25,0,0,Peoples Bank Danville Va,0,0,0
20040524,55925,PNVB',OTC,27.00615213,27.25,0,0,Peoples Bank Danville Va,0,0,0
20040525,55925,PNVB',OTC,27.00615213,27.25,0,0,Peoples Bank Danville Va,0,0,0
20040526,55925,PNVB',OTC,27.00615213,27.25,0,0,Peoples Bank Danville Va,0,0,0
20040527,55925,PNVB',OTC,27.00615213,27.25,0,0,Peoples Bank Danville Va,0,0,0
20040528,55925,PNVB',OTC,27.00615213,27.25,0,0,Peoples Bank Danville Va,0,0,0
20040601,55925,PNVB',OTC,24.03299776,24.25,40,0,Peoples Bank Danville Va,0,0,0
20040602,55925,PNVB',OTC,24.03299776,24.25,0,0,Peoples Bank Danville Va,0,0,0
20040603,55925,PNVB',OTC,24.03299776,24.25,0,0,Peoples Bank Danville Va,0,0,0
20040604,55925,PNVB',OTC,24.03299776,24.25,0,0,Peoples Bank Danville Va,0,0,0
20040607,55925,PNVB',OTC,24.03299776,24.25,0,0,Peoples Bank Danville Va,0,0,0
20040608,55925,PNVB',OTC,24.03299776,24.25,0,0,Peoples Bank Danville Va,0,0,0
20040609,55925,PNVB',OTC,24.03299776,24.25,0,0,Peoples Bank Danville Va,0,0,0
20040610,55925,PNVB',OTC,24.03299776,24.25,0,0,Peoples Bank Danville Va,0,0,0
20040614,55925,PNVB',OTC,24.03299776,24.25,0,0,Peoples Bank Danville Va,0,0,0
20040615,55925,PNVB',OTC,24.03299776,24.25,0,0,Peoples Bank Danville Va,0,0,0
20040616,55925,PNVB',OTC,21.80313199,22,17,0,Peoples Bank Danville Va,0,0,0
20040617,55925,PNVB',OTC,21.80313199,22,0,0,Peoples Bank Danville Va,0,0,0
20040618,55925,PNVB',OTC,21.80313199,22,0,0,Peoples Bank Danville Va,0,0,0
20040621,55925,PNVB',OTC,21.80313199,22,0,0,Peoples Bank Danville Va,0,0,0
20040622,55925,PNVB',OTC,21.80313199,22,0,0,Peoples Bank Danville Va,0,0,0
20040623,55925,PNVB',OTC,21.80313199,22,0,0,Peoples Bank Danville Va,0,0,0
20040624,55925,PNVB',OTC,21.80313199,22,0,0,Peoples Bank Danville Va,0,0,0
20040625,55925,PNVB',OTC,21.80313199,22,0,0,Peoples Bank Danville Va,0,0,0
20040628,55925,PNVB',OTC,21.80313199,22,0,0,Peoples Bank Danville Va,0,0,0
20040629,55925,PNVB',OTC,21.80313199,22,0,0,Peoples Bank Danville Va,0,0,0
20040630,55925,PNVB',OTC,21.80313199,22,0,0,Peoples Bank Danville Va,0,0,0
20040701,55925,PNVB',OTC,21.80313199,22,0,0,Peoples Bank Danville Va,0,0,0
20040702,55925,PNVB',OTC,21.80313199,22,0,0,Peoples Bank Danville Va,0,0,0
20040706,55925,PNVB',OTC,21.80313199,22,0,0,Peoples Bank Danville Va,0,0,0
20040707,55925,PNVB',OTC,21.80313199,22,0,0,Peoples Bank Danville Va,0,0,0
20040708,55925,PNVB',OTC,21.80313199,22,0,0,Peoples Bank Danville Va,0,0,0
20040709,55925,PNVB',OTC,21.80313199,22,0,0,Peoples Bank Danville Va,0,0,0
20040712,55925,PNVB',OTC,21.80313199,22,0,0,Peoples Bank Danville Va,0,0,0
20040713,55925,PNVB',OTC,21.80313199,22,0,0,Peoples Bank Danville Va,0,0,0
20040714,55925,PNVB',OTC,25.4204698,25.65,17,0,Peoples Bank Danville Va,0,0,0
20040715,55925,PNVB',OTC,25.37091723,25.6,58,0,Peoples Bank Danville Va,0,0,0
20040716,55925,PNVB',OTC,25.37091723,25.6,0,0,Peoples Bank Danville Va,0,0,0
20040719,55925,PNVB',OTC,25.37091723,25.6,0,0,Peoples Bank Danville Va,0,0,0
20040720,55925,PNVB',OTC,25.76733781,26,4,0,Peoples Bank Danville Va,0,0,0
20040721,55925,PNVB',OTC,25.66823266,25.9,3,0,Peoples Bank Danville Va,0,0,0
20040722,55925,PNVB',OTC,25.66823266,25.9,0,0,Peoples Bank Danville Va,0,0,0
20040723,55925,PNVB',OTC,25.66823266,25.9,0,0,Peoples Bank Danville Va,0,0,0
20040726,55925,PNVB',OTC,25.66823266,25.9,0,0,Peoples Bank Danville Va,0,0,0
20040727,55925,PNVB',OTC,25.66823266,25.9,0,0,Peoples Bank Danville Va,0,0,0
20040728,55925,PNVB',OTC,23.7852349,24,5,0,Peoples Bank Danville Va,0,0,0
20040729,55925,PNVB',OTC,23.7852349,24,0,0,Peoples Bank Danville Va,0,0,0
20040730,55925,PNVB',OTC,23.7852349,24,0,0,Peoples Bank Danville Va,0,0,0
20040802,55925,PNVB',OTC,23.7852349,24,10,0,Peoples Bank Danville Va,0,0,0
20040803,55925,PNVB',OTC,24.77628635,25,11,0,Peoples Bank Danville Va,0,0,0
20040804,55925,PNVB',OTC,24.77628635,25,20,0,Peoples Bank Danville Va,0,0,0
20040805,55925,PNVB',OTC,24.77628635,25,0,0,Peoples Bank Danville Va,0,0,0
20040806,55925,PNVB',OTC,24.77628635,25,13,0,Peoples Bank Danville Va,0,0,0
20040809,55925,PNVB',OTC,24.77628635,25,0,0,Peoples Bank Danville Va,0,0,0
20040810,55925,PNVB',OTC,24.77628635,25,0,0,Peoples Bank Danville Va,0,0,0
20040811,55925,PNVB',OTC,24.77628635,25,0,0,Peoples Bank Danville Va,0,0,0
20040812,55925,PNVB',OTC,24.77628635,25,0,0,Peoples Bank Danville Va,0,0,0
20040813,55925,PNVB',OTC,24.77628635,25,0,0,Peoples Bank Danville Va,0,0,0
20040816,55925,PNVB',OTC,24.77628635,25,0,0,Peoples Bank Danville Va,0,0,0
20040817,55925,PNVB',OTC,24.77628635,25,0,0,Peoples Bank Danville Va,0,0,0
20040818,55925,PNVB',OTC,24.77628635,25,0,0,Peoples Bank Danville Va,0,0,0
20040819,55925,PNVB',OTC,24.77628635,25,0,0,Peoples Bank Danville Va,0,0,0
20040820,55925,PNVB',OTC,24.77628635,25,0,0,Peoples Bank Danville Va,0,0,0
20040823,55925,PNVB',OTC,24.77628635,25,4,0,Peoples Bank Danville Va,0,0,0
20040824,55925,PNVB',OTC,24.77628635,25,0,0,Peoples Bank Danville Va,0,0,0
20040825,55925,PNVB',OTC,24.77628635,25,0,0,Peoples Bank Danville Va,0,0,0
20040826,55925,PNVB',OTC,24.77628635,25,0,0,Peoples Bank Danville Va,0,0,0
20040827,55925,PNVB',OTC,24.77628635,25,0,0,Peoples Bank Danville Va,0,0,0
20040830,55925,PNVB',OTC,24.77628635,25,0,0,Peoples Bank Danville Va,0,0,0
20040831,55925,PNVB',OTC,24.77628635,25,0,0,Peoples Bank Danville Va,0,0,0
20040901,55925,PNVB',OTC,24.77628635,25,0,0,Peoples Bank Danville Va,0,0,0
20040902,55925,PNVB',OTC,24.77628635,25,30,0,Peoples Bank Danville Va,0,0,0
20040903,55925,PNVB',OTC,23.7852349,24,5,0,Peoples Bank Danville Va,0,0,0
20040907,55925,PNVB',OTC,23.28970917,23.5,5,0,Peoples Bank Danville Va,0,0,0
20040908,55925,PNVB',OTC,24.47897092,24.7,10,0,Peoples Bank Danville Va,0,0,0
20040909,55925,PNVB',OTC,24.47897092,24.7,0,0,Peoples Bank Danville Va,0,0,0
20040910,55925,PNVB',OTC,24.47897092,24.7,0,0,Peoples Bank Danville Va,0,0,0
20040913,55925,PNVB',OTC,24.47897092,24.7,0,0,Peoples Bank Danville Va,0,0,0
20040914,55925,PNVB',OTC,24.47897092,24.7,0,0,Peoples Bank Danville Va,0,0,0
20040915,55925,PNVB',OTC,22.79418345,23,10,0,Peoples Bank Danville Va,0,0,0
20040916,55925,PNVB',OTC,22.79418345,23,0,0,Peoples Bank Danville Va,0,0,0
20040917,55925,PNVB',OTC,24.08255034,24.3,20,0,Peoples Bank Danville Va,0,0,0
20040920,55925,PNVB',OTC,22.79418345,23,5,0,Peoples Bank Danville Va,0,0,0
20040921,55925,PNVB',OTC,23.7852349,24,20,0,Peoples Bank Danville Va,0,0,0
20040922,55925,PNVB',OTC,23.04194631,23.25,8,0,Peoples Bank Danville Va,0,0,0
20040923,55925,PNVB',OTC,23.53747204,23.75,8,0,Peoples Bank Danville Va,0,0,0
20040924,55925,PNVB',OTC,23.53747204,23.75,0,0,Peoples Bank Danville Va,0,0,0
20040927,55925,PNVB',OTC,23.53747204,23.75,0,0,Peoples Bank Danville Va,0,0,0
20040928,55925,PNVB',OTC,23.53747204,23.75,0,0,Peoples Bank Danville Va,0,0,0
20040929,55925,PNVB',OTC,23.53747204,23.75,0,0,Peoples Bank Danville Va,0,0,0
20040930,55925,PNVB',OTC,22.79418345,23,2,0,Peoples Bank Danville Va,0,0,0
20041001,55925,PNVB',OTC,22.79418345,23,0,0,Peoples Bank Danville Va,0,0,0
20041004,55925,PNVB',OTC,22.79418345,23,0,0,Peoples Bank Danville Va,0,0,0
20041005,55925,PNVB',OTC,22.29865772,22.5,5,0,Peoples Bank Danville Va,0,0,0
20041006,55925,PNVB',OTC,23.28970917,23.5,5,0,Peoples Bank Danville Va,0,0,0
20041007,55925,PNVB',OTC,23.28970917,23.5,0,0,Peoples Bank Danville Va,0,0,0
20041008,55925,PNVB',OTC,22.29865772,22.5,5,0,Peoples Bank Danville Va,0,0,0
20041011,55925,PNVB',OTC,22.29865772,22.5,0,0,Peoples Bank Danville Va,0,0,0
20041012,55925,PNVB',OTC,21.80313199,22,15,0,Peoples Bank Danville Va,0,0,0
20041013,55925,PNVB',OTC,22.15,22.35,46,0,Peoples Bank Danville Va,0,0,0
20041014,55925,PNVB',OTC,22.15,22.35,0,0,Peoples Bank Danville Va,0,0,0
20041015,55925,PNVB',OTC,21,21,5,0,Peoples Bank Danville Va,0,0,0
20041018,55925,PNVB',OTC,21.25,21.25,27,0,Peoples Bank Danville Va,0,0,0
20041019,55925,PNVB',OTC,22.5,22.5,19,0,Peoples Bank Danville Va,0,0,0
20041020,55925,PNVB',OTC,22.6,22.6,7,0,Peoples Bank Danville Va,0,0,0
20041021,55925,PNVB',OTC,22.6,22.6,0,0,Peoples Bank Danville Va,0,0,0
20041022,55925,PNVB',OTC,22.6,22.6,0,0,Peoples Bank Danville Va,0,0,0
20041025,55925,PNVB',OTC,22.6,22.6,0,0,Peoples Bank Danville Va,0,0,0
20041026,55925,PNVB',OTC,22.6,22.6,0,0,Peoples Bank Danville Va,0,0,0
20041027,55925,PNVB',OTC,22.6,22.6,0,0,Peoples Bank Danville Va,0,0,0
20041028,55925,PNVB',OTC,22.6,22.6,0,0,Peoples Bank Danville Va,0,0,0
20041029,55925,PNVB',OTC,22.25,22.25,20,0,Peoples Bank Danville Va,0,0,0
20041101,55925,PNVB',OTC,21,21,7,0,Peoples Bank Danville Va,0,0,0
20041102,55925,PNVB',OTC,21,21,0,0,Peoples Bank Danville Va,0,0,0
20041103,55925,PNVB',OTC,21,21,0,0,Peoples Bank Danville Va,0,0,0
20041104,55925,PNVB',OTC,23,23,2,0,Peoples Bank Danville Va,0,0,0
20041105,55925,PNVB',OTC,23,23,0,0,Peoples Bank Danville Va,0,0,0
20041108,55925,PNVB',OTC,22,22,4,0,Peoples Bank Danville Va,0,0,0
20041109,55925,PNVB',OTC,22,22,0,0,Peoples Bank Danville Va,0,0,0
20041110,55925,PNVB',OTC,22,22,3,0,Peoples Bank Danville Va,0,0,0
20041111,55925,PNVB',OTC,22,22,0,0,Peoples Bank Danville Va,0,0,0
20041112,55925,PNVB',OTC,22,22,0,0,Peoples Bank Danville Va,0,0,0
20041115,55925,PNVB',OTC,22,22,0,0,Peoples Bank Danville Va,0,0,0
20041116,55925,PNVB',OTC,22,22,0,0,Peoples Bank Danville Va,0,0,0
20041117,55925,PNVB',OTC,23.25,23.25,3,0,Peoples Bank Danville Va,0,0,0
20041118,55925,PNVB',OTC,23.25,23.25,0,0,Peoples Bank Danville Va,0,0,0
20041119,55925,PNVB',OTC,23.25,23.25,0,0,Peoples Bank Danville Va,0,0,0
20041122,55925,PNVB',OTC,23.25,23.25,0,0,Peoples Bank Danville Va,0,0,0
20041123,55925,PNVB',OTC,23.25,23.25,0,0,Peoples Bank Danville Va,0,0,0
20041124,55925,PNVB',OTC,23.25,23.25,0,0,Peoples Bank Danville Va,0,0,0
20041126,55925,PNVB',OTC,23.25,23.25,0,0,Peoples Bank Danville Va,0,0,0
20041129,55925,PNVB',OTC,23.25,23.25,0,0,Peoples Bank Danville Va,0,0,0
20041130,55925,PNVB',OTC,23.25,23.25,0,0,Peoples Bank Danville Va,0,0,0
20041201,55925,PNVB',OTC,23.25,23.25,0,0,Peoples Bank Danville Va,0,0,0
20041202,55925,PNVB',OTC,23.25,23.25,0,0,Peoples Bank Danville Va,0,0,0
20041203,55925,PNVB',OTC,23.25,23.25,0,0,Peoples Bank Danville Va,0,0,0
20041206,55925,PNVB',OTC,23.25,23.25,0,0,Peoples Bank Danville Va,0,0,0
20041207,55925,PNVB',OTC,23.25,23.25,0,0,Peoples Bank Danville Va,0,0,0
20041208,55925,PNVB',OTC,23.25,23.25,0,0,Peoples Bank Danville Va,0,0,0
20041209,55925,PNVB',OTC,23.25,23.25,0,0,Peoples Bank Danville Va,0,0,0
20041210,55925,PNVB',OTC,23.25,23.25,0,0,Peoples Bank Danville Va,0,0,0
20041213,55925,PNVB',OTC,23.25,23.25,0,0,Peoples Bank Danville Va,0,0,0
20041214,55925,PNVB',OTC,22,22,33,0,Peoples Bank Danville Va,0,0,0
20041215,55925,PNVB',OTC,22,22,0,0,Peoples Bank Danville Va,0,0,0
20041216,55925,PNVB',OTC,22,22,0,0,Peoples Bank Danville Va,0,0,0
20041217,55925,PNVB',OTC,23.25,23.25,20,0,Peoples Bank Danville Va,0,0,0
20041220,55925,PNVB',OTC,23.25,23.25,0,0,Peoples Bank Danville Va,0,0,0
20041221,55925,PNVB',OTC,23.25,23.25,0,0,Peoples Bank Danville Va,0,0,0
20041222,55925,PNVB',OTC,23.25,23.25,0,0,Peoples Bank Danville Va,0,0,0
20041223,55925,PNVB',OTC,23.25,23.25,0,0,Peoples Bank Danville Va,0,0,0
20041227,55925,PNVB',OTC,23.25,23.25,0,0,Peoples Bank Danville Va,0,0,0
20041228,55925,PNVB',OTC,23.75,23.75,8,0,Peoples Bank Danville Va,0,0,0
20041229,55925,PNVB',OTC,23.75,23.75,0,0,Peoples Bank Danville Va,0,0,0
20041230,55925,PNVB',OTC,23.75,23.75,0,0,Peoples Bank Danville Va,0,0,0
20041231,55925,PNVB',OTC,23.75,23.75,0,0,Peoples Bank Danville Va,0,0,0
20050103,55925,PNVB',OTC,23.75,23.75,0,0,Peoples Bank Danville Va,0,0,0
20050104,55925,PNVB',OTC,23.75,23.75,0,0,Peoples Bank Danville Va,0,0,0
20050105,55925,PNVB',OTC,23.75,23.75,0,0,Peoples Bank Danville Va,0,0,0
20050106,55925,PNVB',OTC,23.75,23.75,0,0,Peoples Bank Danville Va,0,0,0
20050107,55925,PNVB',OTC,23.75,23.75,0,0,Peoples Bank Danville Va,0,0,0
20050110,55925,PNVB',OTC,22,22,7,0,Peoples Bank Danville Va,0,0,0
20050111,55925,PNVB',OTC,22,22,0,0,Peoples Bank Danville Va,0,0,0
20050112,55925,PNVB',OTC,22,22,0,0,Peoples Bank Danville Va,0,0,0
20050113,55925,PNVB',OTC,22,22,0,0,Peoples Bank Danville Va,0,0,0
20050114,55925,PNVB',OTC,22,22,0,0,Peoples Bank Danville Va,0,0,0
20050118,55925,PNVB',OTC,22,22,0,0,Peoples Bank Danville Va,0,0,0
20050119,55925,PNVB',OTC,22,22,3,0,Peoples Bank Danville Va,0,0,0
20050120,55925,PNVB',OTC,22,22,0,0,Peoples Bank Danville Va,0,0,0
20050121,55925,PNVB',OTC,22,22,0,0,Peoples Bank Danville Va,0,0,0
20050124,55925,PNVB',OTC,22,22,0,0,Peoples Bank Danville Va,0,0,0
20050125,55925,PNVB',OTC,22,22,0,0,Peoples Bank Danville Va,0,0,0
20050126,55925,PNVB',OTC,22,22,0,0,Peoples Bank Danville Va,0,0,0
20050127,55925,PNVB',OTC,22,22,27,0,Peoples Bank Danville Va,0,0,0
20050128,55925,PNVB',OTC,22,22,27,0,Peoples Bank Danville Va,0,0,0
20050131,55925,PNVB',OTC,22,22,27,0,Peoples Bank Danville Va,0,0,0
20050201,55925,PNVB',OTC,22,22,27,0,Peoples Bank Danville Va,0,0,0
20050202,55925,PNVB',OTC,22,22,27,0,Peoples Bank Danville Va,0,0,0
20050203,55925,PNVB',OTC,22,22,27,0,Peoples Bank Danville Va,0,0,0
20050204,55925,PNVB',OTC,22,22,27,0,Peoples Bank Danville Va,0,0,0
20050207,55925,PNVB',OTC,22,22,27,0,Peoples Bank Danville Va,0,0,0
20050208,55925,PNVB',OTC,22,22,2,0,Peoples Bank Danville Va,0,0,0
20050209,55925,PNVB',OTC,22,22,2,0,Peoples Bank Danville Va,0,0,0
20050210,55925,PNVB',OTC,22,22,2,0,Peoples Bank Danville Va,0,0,0
20050211,55925,PNVB',OTC,22,22,2,0,Peoples Bank Danville Va,0,0,0
20050214,55925,PNVB',OTC,22,22,0,0,Peoples Bank Danville Va,0,0,0
20050215,55925,PNVB',OTC,22,22,0,0,Peoples Bank Danville Va,0,0,0
20050216,55925,PNVB',OTC,21,21,10,0,Peoples Bank Danville Va,0,0,0
20050217,55925,PNVB',OTC,21,21,0,0,Peoples Bank Danville Va,0,0,0
20050218,55925,PNVB',OTC,21,21,0,0,Peoples Bank Danville Va,0,0,0
20050222,55925,PNVB',OTC,21,21,0,0,Peoples Bank Danville Va,0,0,0
20050223,55925,PNVB',OTC,22,22,32,0,Peoples Bank Danville Va,0,0,0
20050224,55925,PNVB',OTC,22,22,0,0,Peoples Bank Danville Va,0,0,0
20050225,55925,PNVB',OTC,22,22,0,0,Peoples Bank Danville Va,0,0,0
20050228,55925,PNVB',OTC,22,22,0,0,Peoples Bank Danville Va,0,0,0
20050301,55925,PNVB',OTC,22,22,0,0,Peoples Bank Danville Va,0,0,0
20050302,55925,PNVB',OTC,20,20,3,0,Peoples Bank Danville Va,0,0,0
20050303,55925,PNVB',OTC,20,20,3,0,Peoples Bank Danville Va,0,0,0
20050304,55925,PNVB',OTC,20,20,0,0,Peoples Bank Danville Va,0,0,0
20050307,55925,PNVB',OTC,20,20,0,0,Peoples Bank Danville Va,0,0,0
20050308,55925,PNVB',OTC,20.5,20.5,6,0,Peoples Bank Danville Va,0,0,0
20050309,55925,PNVB',OTC,20.5,20.5,0,0,Peoples Bank Danville Va,0,0,0
20050310,55925,PNVB',OTC,20,20,5,0,Peoples Bank Danville Va,0,0,0
20050311,55925,PNVB',OTC,20,20,0,0,Peoples Bank Danville Va,0,0,0
20050314,55925,PNVB',OTC,20,20,0,0,Peoples Bank Danville Va,0,0,0
20050315,55925,PNVB',OTC,20,20,0,0,Peoples Bank Danville Va,0,0,0
20050316,55925,PNVB',OTC,20,20,0,0,Peoples Bank Danville Va,0,0,0
20050317,55925,PNVB',OTC,21,21,6,0,Peoples Bank Danville Va,0,0,0
20050318,55925,PNVB',OTC,21,21,0,0,Peoples Bank Danville Va,0,0,0
20050321,55925,PNVB',OTC,21,21,0,0,Peoples Bank Danville Va,0,0,0
20050322,55925,PNVB',OTC,21,21,0,0,Peoples Bank Danville Va,0,0,0
20050323,55925,PNVB',OTC,21,21,0,0,Peoples Bank Danville Va,0,0,0
20050324,55925,PNVB',OTC,21,21,0,0,Peoples Bank Danville Va,0,0,0
20050328,55925,PNVB',OTC,21,21,0,0,Peoples Bank Danville Va,0,0,0
20050329,55925,PNVB',OTC,21,21,0,0,Peoples Bank Danville Va,0,0,0
20050330,55925,PNVB',OTC,21,21,0,0,Peoples Bank Danville Va,0,0,0
20050331,55925,PNVB',OTC,21,21,0,0,Peoples Bank Danville Va,0,0,0
20050401,55925,PNVB',OTC,21,21,0,0,Peoples Bank Danville Va,0,0,0
20050404,55925,PNVB',OTC,21,21,0,0,Peoples Bank Danville Va,0,0,0
20050405,55925,PNVB',OTC,20,20,3,0,Peoples Bank Danville Va,0,0,0
20050406,55925,PNVB',OTC,20,20,0,0,Peoples Bank Danville Va,0,0,0
20050407,55925,PNVB',OTC,18,18,16,0,Peoples Bank Danville Va,0,0,0
20050408,55925,PNVB',OTC,18,18,0,0,Peoples Bank Danville Va,0,0,0
20050411,55925,PNVB',OTC,18,18,0,0,Peoples Bank Danville Va,0,0,0
20050412,55925,PNVB',OTC,19.5,19.5,6,0,Peoples Bank Danville Va,0,0,0
20050413,55925,PNVB',OTC,20,20,7,0,Peoples Bank Danville Va,0,0,0
20050414,55925,PNVB',OTC,19.5,19.5,2,0,Peoples Bank Danville Va,0,0,0
20050415,55925,PNVB',OTC,19.5,19.5,0,0,Peoples Bank Danville Va,0,0,0
20050418,55925,PNVB',OTC,19.5,19.5,0,0,Peoples Bank Danville Va,0,0,0
20050419,55925,PNVB',OTC,19,19,22,0,Peoples Bank Danville Va,0,0,0
20050420,55925,PNVB',OTC,20,20,5,0,Peoples Bank Danville Va,0,0,0
20050421,55925,PNVB',OTC,20,20,0,0,Peoples Bank Danville Va,0,0,0
20050422,55925,PNVB',OTC,20,20,0,0,Peoples Bank Danville Va,0,0,0
20050425,55925,PNVB',OTC,20,20,0,0,Peoples Bank Danville Va,0,0,0
20050426,55925,PNVB',OTC,20,20,0,0,Peoples Bank Danville Va,0,0,0
20050427,55925,PNVB',OTC,20,20,35,0,Peoples Bank Danville Va,0,0,0
20050428,55925,PNVB',OTC,20,20,0,0,Peoples Bank Danville Va,0,0,0
20050429,55925,PNVB',OTC,20,20,0,0,Peoples Bank Danville Va,0,0,0
20050502,55925,PNVB',OTC,20,20,0,0,Peoples Bank Danville Va,0,0,0
20050503,55925,PNVB',OTC,20,20,0,0,Peoples Bank Danville Va,0,0,0
20050504,55925,PNVB',OTC,20,20,0,0,Peoples Bank Danville Va,0,0,0
20050505,55925,PNVB',OTC,20,20,0,0,Peoples Bank Danville Va,0,0,0
20050506,55925,PNVB',OTC,20,20,0,0,Peoples Bank Danville Va,0,0,0
20050509,55925,PNVB',OTC,20,20,0,0,Peoples Bank Danville Va,0,0,0
20050510,55925,PNVB',OTC,20,20,0,0,Peoples Bank Danville Va,0,0,0
20050511,55925,PNVB',OTC,20,20,0,0,Peoples Bank Danville Va,0,0,0
20050512,55925,PNVB',OTC,20,20,0,0,Peoples Bank Danville Va,0,0,0
20050513,55925,PNVB',OTC,20,20,0,0,Peoples Bank Danville Va,0,0,0
20050516,55925,PNVB',OTC,20,20,0,0,Peoples Bank Danville Va,0,0,0
20050517,55925,PNVB',OTC,20,20,0,0,Peoples Bank Danville Va,0,0,0
20050518,55925,PNVB',OTC,20.25,20.25,4,0,Peoples Bank Danville Va,0,0,0
20050519,55925,PNVB',OTC,20,20,16,0,Peoples Bank Danville Va,0,0,0
20050520,55925,PNVB',OTC,20,20,0,0,Peoples Bank Danville Va,0,0,0
20050523,55925,PNVB',OTC,20,20,0,0,Peoples Bank Danville Va,0,0,0
20050524,55925,PNVB',OTC,20,20,0,0,Peoples Bank Danville Va,0,0,0
20050525,55925,PNVB',OTC,20,20,0,0,Peoples Bank Danville Va,0,0,0
20050526,55925,PNVB',OTC,20,20,0,0,Peoples Bank Danville Va,0,0,0
20050527,55925,PNVB',OTC,20,20,0,0,Peoples Bank Danville Va,0,0,0
20050531,55925,PNVB',OTC,20,20,0,0,Peoples Bank Danville Va,0,0,0
20050601,55925,PNVB',OTC,19,19,5,0,Peoples Bank Danville Va,0,0,0
20050602,55925,PNVB',OTC,19,19,0,0,Peoples Bank Danville Va,0,0,0
20050603,55925,PNVB',OTC,19,19,0,0,Peoples Bank Danville Va,0,0,0
20050606,55925,PNVB',OTC,19,19,0,0,Peoples Bank Danville Va,0,0,0
20050607,55925,PNVB',OTC,19,19,0,0,Peoples Bank Danville Va,0,0,0
20050608,55925,PNVB',OTC,19,19,0,0,Peoples Bank Danville Va,0,0,0
20050609,55925,PNVB',OTC,19,19,0,0,Peoples Bank Danville Va,0,0,0
20050610,55925,PNVB',OTC,20,20,7,0,Peoples Bank Danville Va,0,0,0
20050613,55925,PNVB',OTC,20,20,0,0,Peoples Bank Danville Va,0,0,0
20050614,55925,PNVB',OTC,20,20,0,0,Peoples Bank Danville Va,0,0,0
20050615,55925,PNVB',OTC,20,20,0,0,Peoples Bank Danville Va,0,0,0
20050616,55925,PNVB',OTC,20,20,0,0,Peoples Bank Danville Va,0,0,0
20050617,55925,PNVB',OTC,20,20,0,0,Peoples Bank Danville Va,0,0,0
20050620,55925,PNVB',OTC,20,20,0,0,Peoples Bank Danville Va,0,0,0
20050621,55925,PNVB',OTC,20,20,0,0,Peoples Bank Danville Va,0,0,0
20050622,55925,PNVB',OTC,20,20,0,0,Peoples Bank Danville Va,0,0,0
20050623,55925,PNVB',OTC,19,19,7,0,Peoples Bank Danville Va,0,0,0
20050624,55925,PNVB',OTC,19,19,0,0,Peoples Bank Danville Va,0,0,0
20050627,55925,PNVB',OTC,19,19,0,0,Peoples Bank Danville Va,0,0,0
20050628,55925,PNVB',OTC,19,19,0,0,Peoples Bank Danville Va,0,0,0
20050629,55925,PNVB',OTC,19,19,0,0,Peoples Bank Danville Va,0,0,0
20050630,55925,PNVB',OTC,19,19,0,0,Peoples Bank Danville Va,0,0,0
20050701,55925,PNVB',OTC,19,19,0,0,Peoples Bank Danville Va,0,0,0
20050705,55925,PNVB',OTC,19,19,0,0,Peoples Bank Danville Va,0,0,0
20050706,55925,PNVB',OTC,20.25,20.25,10,0,Peoples Bank Danville Va,0,0,0
20050707,55925,PNVB',OTC,20.25,20.25,0,0,Peoples Bank Danville Va,0,0,0
20050708,55925,PNVB',OTC,20.25,20.25,0,0,Peoples Bank Danville Va,0,0,0
20050711,55925,PNVB',OTC,20.25,20.25,0,0,Peoples Bank Danville Va,0,0,0
20050712,55925,PNVB',OTC,20.25,20.25,0,0,Peoples Bank Danville Va,0,0,0
20050713,55925,PNVB',OTC,18.75,18.75,10,0,Peoples Bank Danville Va,0,0,0
20050714,55925,PNVB',OTC,18.75,18.75,0,0,Peoples Bank Danville Va,0,0,0
20050715,55925,PNVB',OTC,19.5,19.5,10,0,Peoples Bank Danville Va,0,0,0
20050718,55925,PNVB',OTC,19.5,19.5,0,0,Peoples Bank Danville Va,0,0,0
20050719,55925,PNVB',OTC,19.5,19.5,0,0,Peoples Bank Danville Va,0,0,0
20050720,55925,PNVB',OTC,18,18,2,0,Peoples Bank Danville Va,0,0,0
20050721,55925,PNVB',OTC,18,18,0,0,Peoples Bank Danville Va,0,0,0
20050722,55925,PNVB',OTC,18.6,18.6,13,0,Peoples Bank Danville Va,0,0,0
20050725,55925,PNVB',OTC,18.6,18.6,0,0,Peoples Bank Danville Va,0,0,0
20050726,55925,PNVB',OTC,18.6,18.6,0,0,Peoples Bank Danville Va,0,0,0
20050727,55925,PNVB',OTC,18.6,18.6,0,0,Peoples Bank Danville Va,0,0,0
20050728,55925,PNVB',OTC,18.6,18.6,0,0,Peoples Bank Danville Va,0,0,0
20050729,55925,PNVB',OTC,18.6,18.6,0,0,Peoples Bank Danville Va,0,0,0
20050801,55925,PNVB',OTC,18.6,18.6,0,0,Peoples Bank Danville Va,0,0,0
20050802,55925,PNVB',OTC,18.6,18.6,0,0,Peoples Bank Danville Va,0,0,0
20050803,55925,PNVB',OTC,18.6,18.6,0,0,Peoples Bank Danville Va,0,0,0
20050804,55925,PNVB',OTC,18.6,18.6,0,0,Peoples Bank Danville Va,0,0,0
20050805,55925,PNVB',OTC,18.6,18.6,0,0,Peoples Bank Danville Va,0,0,0
20050808,55925,PNVB',OTC,18.6,18.6,30,0,Peoples Bank Danville Va,0,0,0
20050809,55925,PNVB',OTC,18,18,5,0,Peoples Bank Danville Va,0,0,0
20050810,55925,PNVB',OTC,18,18,0,0,Peoples Bank Danville Va,0,0,0
20050811,55925,PNVB',OTC,18,18,0,0,Peoples Bank Danville Va,0,0,0
20050812,55925,PNVB',OTC,18,18,0,0,Peoples Bank Danville Va,0,0,0
20050815,55925,PNVB',OTC,18,18,0,0,Peoples Bank Danville Va,0,0,0
20050816,55925,PNVB',OTC,18,18,0,0,Peoples Bank Danville Va,0,0,0
20050817,55925,PNVB',OTC,18,18,0,0,Peoples Bank Danville Va,0,0,0
20050818,55925,PNVB',OTC,18,18,0,0,Peoples Bank Danville Va,0,0,0
20050819,55925,PNVB',OTC,18,18,0,0,Peoples Bank Danville Va,0,0,0
20050822,55925,PNVB',OTC,18,18,0,0,Peoples Bank Danville Va,0,0,0
20050823,55925,PNVB',OTC,18,18,0,0,Peoples Bank Danville Va,0,0,0
20050824,55925,PNVB',OTC,18,18,0,0,Peoples Bank Danville Va,0,0,0
20050825,55925,PNVB',OTC,18,18,20,0,Peoples Bank Danville Va,0,0,0
20050826,55925,PNVB',OTC,19.75,19.75,50,0,Peoples Bank Danville Va,0,0,0
20050829,55925,PNVB',OTC,18.75,18.75,20,0,Peoples Bank Danville Va,0,0,0
20050830,55925,PNVB',OTC,18.75,18.75,0,0,Peoples Bank Danville Va,0,0,0
20050831,55925,PNVB',OTC,18.75,18.75,0,0,Peoples Bank Danville Va,0,0,0
20050901,55925,PNVB',OTC,18.75,18.75,0,0,Peoples Bank Danville Va,0,0,0
20050902,55925,PNVB',OTC,18.75,18.75,0,0,Peoples Bank Danville Va,0,0,0
20050906,55925,PNVB',OTC,18.75,18.75,0,0,Peoples Bank Danville Va,0,0,0
20050907,55925,PNVB',OTC,18.75,18.75,0,0,Peoples Bank Danville Va,0,0,0
20050908,55925,PNVB',OTC,18.75,18.75,0,0,Peoples Bank Danville Va,0,0,0
20050909,55925,PNVB',OTC,18.75,18.75,0,0,Peoples Bank Danville Va,0,0,0
20050912,55925,PNVB',OTC,18.75,18.75,0,0,Peoples Bank Danville Va,0,0,0
20050913,55925,PNVB',OTC,18.75,18.75,0,0,Peoples Bank Danville Va,0,0,0
20050914,55925,PNVB',OTC,18.75,18.75,0,0,Peoples Bank Danville Va,0,0,0
20050915,55925,PNVB',OTC,18.75,18.75,0,0,Peoples Bank Danville Va,0,0,0
20050916,55925,PNVB',OTC,18.75,18.75,0,0,Peoples Bank Danville Va,0,0,0
20050919,55925,PNVB',OTC,18.75,18.75,0,0,Peoples Bank Danville Va,0,0,0
20050920,55925,PNVB',OTC,18.75,18.75,0,0,Peoples Bank Danville Va,0,0,0
20050921,55925,PNVB',OTC,18.75,18.75,0,0,Peoples Bank Danville Va,0,0,0
20050922,55925,PNVB',OTC,18.75,18.75,0,0,Peoples Bank Danville Va,0,0,0
20050923,55925,PNVB',OTC,18.75,18.75,0,0,Peoples Bank Danville Va,0,0,0
20050926,55925,PNVB',OTC,18.75,18.75,0,0,Peoples Bank Danville Va,0,0,0
20050927,55925,PNVB',OTC,18.75,18.75,0,0,Peoples Bank Danville Va,0,0,0
20050928,55925,PNVB',OTC,18.75,18.75,0,0,Peoples Bank Danville Va,0,0,0
20050929,55925,PNVB',OTC,18.75,18.75,0,0,Peoples Bank Danville Va,0,0,0
20050930,55925,PNVB',OTC,18.75,18.75,0,0,Peoples Bank Danville Va,0,0,0
20051003,55925,PNVB',OTC,18,18,10,0,Peoples Bank Danville Va,0,0,0
20051004,55925,PNVB',OTC,18,18,1,0,Peoples Bank Danville Va,0,0,0
20051005,55925,PNVB',OTC,18,18,0,0,Peoples Bank Danville Va,0,0,0
20051006,55925,PNVB',OTC,18,18,0,0,Peoples Bank Danville Va,0,0,0
20051007,55925,PNVB',OTC,18,18,0,0,Peoples Bank Danville Va,0,0,0
20051010,55925,PNVB',OTC,18,18,0,0,Peoples Bank Danville Va,0,0,0
20051011,55925,PNVB',OTC,18,18,0,0,Peoples Bank Danville Va,0,0,0
20051012,55925,PNVB',OTC,18,18,0,0,Peoples Bank Danville Va,0,0,0
20051013,55925,PNVB',OTC,17.75,17.75,31,0,Peoples Bank Danville Va,0,0,0
20051014,55925,PNVB',OTC,17.75,17.75,0,0,Peoples Bank Danville Va,0,0,0
20051017,55925,PNVB',OTC,17.75,17.75,0,0,Peoples Bank Danville Va,0,0,0
20051018,55925,PNVB',OTC,17.75,17.75,0,0,Peoples Bank Danville Va,0,0,0
20051019,55925,PNVB',OTC,17.75,17.75,0,0,Peoples Bank Danville Va,0,0,0
20051020,55925,PNVB',OTC,17.75,17.75,0,0,Peoples Bank Danville Va,0,0,0
20051021,55925,PNVB',OTC,17.75,17.75,0,0,Peoples Bank Danville Va,0,0,0
20051024,55925,PNVB',OTC,17.75,17.75,0,0,Peoples Bank Danville Va,0,0,0
20051025,55925,PNVB',OTC,17.75,17.75,0,0,Peoples Bank Danville Va,0,0,0
20051026,55925,PNVB',OTC,18.75,18.75,120,0,Peoples Bank Danville Va,0,0,0
20051027,55925,PNVB',OTC,18.75,18.75,0,0,Peoples Bank Danville Va,0,0,0
20051028,55925,PNVB',OTC,18.75,18.75,0,0,Peoples Bank Danville Va,0,0,0
20051031,55925,PNVB',OTC,18.75,18.75,120,0,Peoples Bank Danville Va,0,0,0
20051101,55925,PNVB',OTC,18.75,18.75,0,0,Peoples Bank Danville Va,0,0,0
20051102,55925,PNVB',OTC,18.75,18.75,120,0,Peoples Bank Danville Va,0,0,0
20051103,55925,PNVB',OTC,18.75,18.75,0,0,Peoples Bank Danville Va,0,0,0
20051104,55925,PNVB',OTC,18.75,18.75,0,0,Peoples Bank Danville Va,0,0,0
20051107,55925,PNVB',OTC,17.5,17.5,10,0,Peoples Bank Danville Va,0,0,0
20051108,55925,PNVB',OTC,17.5,17.5,10,0,Peoples Bank Danville Va,0,0,0
20051109,55925,PNVB',OTC,18.5,18.5,10,0,Peoples Bank Danville Va,0,0,0
20051110,55925,PNVB',OTC,18.5,18.5,0,0,Peoples Bank Danville Va,0,0,0
20051111,55925,PNVB',OTC,18.5,18.5,0,0,Peoples Bank Danville Va,0,0,0
20051114,55925,PNVB',OTC,18.5,18.5,0,0,Peoples Bank Danville Va,0,0,0
20051115,55925,PNVB',OTC,18.5,18.5,0,0,Peoples Bank Danville Va,0,0,0
20051116,55925,PNVB',OTC,18.5,18.5,0,0,Peoples Bank Danville Va,0,0,0
20051117,55925,PNVB',OTC,18.5,18.5,0,0,Peoples Bank Danville Va,0,0,0
20051118,55925,PNVB',OTC,18.5,18.5,0,0,Peoples Bank Danville Va,0,0,0
20051121,55925,PNVB',OTC,16.5,16.5,19,0,Peoples Bank Danville Va,0,0,0
20051122,55925,PNVB',OTC,16.5,16.5,0,0,Peoples Bank Danville Va,0,0,0
20051123,55925,PNVB',OTC,16.5,16.5,0,0,Peoples Bank Danville Va,0,0,0
20051125,55925,PNVB',OTC,16.5,16.5,0,0,Peoples Bank Danville Va,0,0,0
20051128,55925,PNVB',OTC,16.5,16.5,0,0,Peoples Bank Danville Va,0,0,0
20051129,55925,PNVB',OTC,17.5,17.5,5,0,Peoples Bank Danville Va,0,0,0
20051130,55925,PNVB',OTC,16.5,16.5,10,0,Peoples Bank Danville Va,0,0,0
20051201,55925,PNVB',OTC,16.5,16.5,0,0,Peoples Bank Danville Va,0,0,0
20051202,55925,PNVB',OTC,17.5,17.5,4,0,Peoples Bank Danville Va,0,0,0
20051205,55925,PNVB',OTC,16.5,16.5,10,0,Peoples Bank Danville Va,0,0,0
20051206,55925,PNVB',OTC,16.5,16.5,3,0,Peoples Bank Danville Va,0,0,0
20051207,55925,PNVB',OTC,16.5,16.5,0,0,Peoples Bank Danville Va,0,0,0
20051208,55925,PNVB',OTC,16,16,10,0,Peoples Bank Danville Va,0,0,0
20051209,55925,PNVB',OTC,16,16,15,0,Peoples Bank Danville Va,0,0,0
20051212,55925,PNVB',OTC,16.65,16.65,35,0,Peoples Bank Danville Va,0,0,0
20051213,55925,PNVB',OTC,16.65,16.65,0,0,Peoples Bank Danville Va,0,0,0
20051214,55925,PNVB',OTC,16.65,16.65,0,0,Peoples Bank Danville Va,0,0,0
20051215,55925,PNVB',OTC,16.65,16.65,0,0,Peoples Bank Danville Va,0,0,0
20051216,55925,PNVB',OTC,16.65,16.65,0,0,Peoples Bank Danville Va,0,0,0
20051219,55925,PNVB',OTC,16.65,16.65,22,0,Peoples Bank Danville Va,0,0,0
20051220,55925,PNVB',OTC,16.65,16.65,0,0,Peoples Bank Danville Va,0,0,0
20051221,55925,PNVB',OTC,16.65,16.65,0,0,Peoples Bank Danville Va,0,0,0
20051222,55925,PNVB',OTC,17,17,25,0,Peoples Bank Danville Va,0,0,0
20051223,55925,PNVB',OTC,17,17,0,0,Peoples Bank Danville Va,0,0,0
20051227,55925,PNVB',OTC,17,17,0,0,Peoples Bank Danville Va,0,0,0
20051228,55925,PNVB',OTC,17,17,0,0,Peoples Bank Danville Va,0,0,0
20051229,55925,PNVB',OTC,17.25,17.25,20,0,Peoples Bank Danville Va,0,0,0
20051230,55925,PNVB',OTC,17.25,17.25,0,0,Peoples Bank Danville Va,0,0,0
20060103,55925,PNVB',OTC,17.25,17.25,20,0,Peoples Bank Danville Va,0,0,0
20060104,55925,PNVB',OTC,15.5,15.5,10,0,Peoples Bank Danville Va,0,0,0
20060105,55925,PNVB',OTC,17.25,17.25,10,0,Peoples Bank Danville Va,0,0,0
20060106,55925,PNVB',OTC,19,19,4,0,Peoples Bank Danville Va,0,0,0
20060109,55925,PNVB',OTC,19,19,0,0,Peoples Bank Danville Va,0,0,0
20060110,55925,PNVB',OTC,17.25,17.25,8,0,Peoples Bank Danville Va,0,0,0
20060111,55925,PNVB',OTC,17.25,17.25,0,0,Peoples Bank Danville Va,0,0,0
20060112,55925,PNVB',OTC,17.25,17.25,0,0,Peoples Bank Danville Va,0,0,0
20060113,55925,PNVB',OTC,17.25,17.25,0,0,Peoples Bank Danville Va,0,0,0
20060117,55925,PNVB',OTC,15.5,15.5,22,0,Peoples Bank Danville Va,0,0,0
20060118,55925,PNVB',OTC,15.5,15.5,0,0,Peoples Bank Danville Va,0,0,0
20060119,55925,PNVB',OTC,15.5,15.5,0,0,Peoples Bank Danville Va,0,0,0
20060120,55925,PNVB',OTC,15.5,15.5,0,0,Peoples Bank Danville Va,0,0,0
20060123,55925,PNVB',OTC,15.5,15.5,0,0,Peoples Bank Danville Va,0,0,0
20060124,55925,PNVB',OTC,15.5,15.5,0,0,Peoples Bank Danville Va,0,0,0
20060125,55925,PNVB',OTC,15.5,15.5,0,0,Peoples Bank Danville Va,0,0,0
20060126,55925,PNVB',OTC,15.5,15.5,0,0,Peoples Bank Danville Va,0,0,0
20060127,55925,PNVB',OTC,15.5,15.5,0,0,Peoples Bank Danville Va,0,0,0
20060130,55925,PNVB',OTC,16.25,16.25,3,0,Peoples Bank Danville Va,0,0,0
20060131,55925,PNVB',OTC,16.25,16.25,0,0,Peoples Bank Danville Va,0,0,0
20060201,55925,PNVB',OTC,16.25,16.25,0,0,Peoples Bank Danville Va,0,0,0
20060202,55925,PNVB',OTC,16.25,16.25,0,0,Peoples Bank Danville Va,0,0,0
20060203,55925,PNVB',OTC,16.25,16.25,0,0,Peoples Bank Danville Va,0,0,0
20060206,55925,PNVB',OTC,16.85,16.85,11,0,Peoples Bank Danville Va,0,0,0
20060207,55925,PNVB',OTC,16,16,5,0,Peoples Bank Danville Va,0,0,0
20060208,55925,PNVB',OTC,16,16,0,0,Peoples Bank Danville Va,0,0,0
20060209,55925,PNVB',OTC,16,16,0,0,Peoples Bank Danville Va,0,0,0
20060210,55925,PNVB',OTC,16,16,30,0,Peoples Bank Danville Va,0,0,0
20060213,55925,PNVB',OTC,16.25,16.25,40,0,Peoples Bank Danville Va,0,0,0
20060214,55925,PNVB',OTC,16.1,16.1,30,0,Peoples Bank Danville Va,0,0,0
20060215,55925,PNVB',OTC,16.25,16.25,29,0,Peoples Bank Danville Va,0,0,0
20060216,55925,PNVB',OTC,16,16,36,0,Peoples Bank Danville Va,0,0,0
20060217,55925,PNVB',OTC,16,16,21,0,Peoples Bank Danville Va,0,0,0
20060221,55925,PNVB',OTC,16.25,16.25,16,0,Peoples Bank Danville Va,0,0,0
20060222,55925,PNVB',OTC,16.25,16.25,0,0,Peoples Bank Danville Va,0,0,0
20060223,55925,PNVB',OTC,16,16,10,0,Peoples Bank Danville Va,0,0,0
20060224,55925,PNVB',OTC,16,16,0,0,Peoples Bank Danville Va,0,0,0
20060227,55925,PNVB',OTC,16,16,0,0,Peoples Bank Danville Va,0,0,0
20060228,55925,PNVB',OTC,16.55,16.55,5,0,Peoples Bank Danville Va,0,0,0
20060301,55925,PNVB',OTC,16.55,16.55,0,0,Peoples Bank Danville Va,0,0,0
20060302,55925,PNVB',OTC,16.55,16.55,0,0,Peoples Bank Danville Va,0,0,0
20060303,55925,PNVB',OTC,16,16,10,0,Peoples Bank Danville Va,0,0,0
20060306,55925,PNVB',OTC,16,16,0,0,Peoples Bank Danville Va,0,0,0
20060307,55925,PNVB',OTC,16,16,0,0,Peoples Bank Danville Va,0,0,0
20060308,55925,PNVB',OTC,16,16,0,0,Peoples Bank Danville Va,0,0,0
20060309,55925,PNVB',OTC,16,16,0,0,Peoples Bank Danville Va,0,0,0
20060310,55925,PNVB',OTC,16,16,0,0,Peoples Bank Danville Va,0,0,0
20060313,55925,PNVB',OTC,16,16,0,0,Peoples Bank Danville Va,0,0,0
20060314,55925,PNVB',OTC,16,16,7,0,Peoples Bank Danville Va,0,0,0
20060315,55925,PNVB',OTC,15,15,10,0,Peoples Bank Danville Va,0,0,0
20060316,55925,PNVB',OTC,15,15,0,0,Peoples Bank Danville Va,0,0,0
20060317,55925,PNVB',OTC,15,15,0,0,Peoples Bank Danville Va,0,0,0
20060320,55925,PNVB',OTC,15,15,0,0,Peoples Bank Danville Va,0,0,0
20060321,55925,PNVB',OTC,16,16,20,0,Peoples Bank Danville Va,0,0,0
20060322,55925,PNVB',OTC,16,16,0,0,Peoples Bank Danville Va,0,0,0
20060323,55925,PNVB',OTC,17,17,20,0,Peoples Bank Danville Va,0,0,0
20060324,55925,PNVB',OTC,17,17,41,0,Peoples Bank Danville Va,0,0,0
20060327,55925,PNVB',OTC,17,17,0,0,Peoples Bank Danville Va,0,0,0
20060328,55925,PNVB',OTC,17,17,33,0,Peoples Bank Danville Va,0,0,0
20060329,55925,PNVB',OTC,17,17,0,0,Peoples Bank Danville Va,0,0,0
20060330,55925,PNVB',OTC,17,17,0,0,Peoples Bank Danville Va,0,0,0
20060331,55925,PNVB',OTC,17,17,30,0,Peoples Bank Danville Va,0,0,0
20060403,55925,PNVB',OTC,17,17,62,0,Peoples Bank Danville Va,0,0,0
20060404,55925,PNVB',OTC,17,17,0,0,Peoples Bank Danville Va,0,0,0
20060405,55925,PNVB',OTC,17,17,0,0,Peoples Bank Danville Va,0,0,0
20060406,55925,PNVB',OTC,17,17,0,0,Peoples Bank Danville Va,0,0,0
20060407,55925,PNVB',OTC,17,17,0,0,Peoples Bank Danville Va,0,0,0
20060410,55925,PNVB',OTC,17,17,0,0,Peoples Bank Danville Va,0,0,0
20060411,55925,PNVB',OTC,17,17,0,0,Peoples Bank Danville Va,0,0,0
20060412,55925,PNVB',OTC,17,17,0,0,Peoples Bank Danville Va,0,0,0
20060413,55925,PNVB',OTC,17,17,0,0,Peoples Bank Danville Va,0,0,0
20060417,55925,PNVB',OTC,17,17,0,0,Peoples Bank Danville Va,0,0,0
20060418,55925,PNVB',OTC,16,16,9,0,Peoples Bank Danville Va,0,0,0
20060419,55925,PNVB',OTC,16,16,0,0,Peoples Bank Danville Va,0,0,0
20060420,55925,PNVB',OTC,16,16,0,0,Peoples Bank Danville Va,0,0,0
20060421,55925,PNVB',OTC,16,16,0,0,Peoples Bank Danville Va,0,0,0
20060424,55925,PNVB',OTC,16,16,3,0,Peoples Bank Danville Va,0,0,0
20060425,55925,PNVB',OTC,16.5,16.5,19,0,Peoples Bank Danville Va,0,0,0
20060426,55925,PNVB',OTC,16.5,16.5,0,0,Peoples Bank Danville Va,0,0,0
20060427,55925,PNVB',OTC,17,17,15,0,Peoples Bank Danville Va,0,0,0
20060428,55925,PNVB',OTC,17,17,0,0,Peoples Bank Danville Va,0,0,0
20060501,55925,PNVB',OTC,17.25,17.25,15,0,Peoples Bank Danville Va,0,0,0
20060502,55925,PNVB',OTC,17.25,17.25,0,0,Peoples Bank Danville Va,0,0,0
20060503,55925,PNVB',OTC,17.25,17.25,0,0,Peoples Bank Danville Va,0,0,0
20060504,55925,PNVB',OTC,17.25,17.25,0,0,Peoples Bank Danville Va,0,0,0
20060505,55925,PNVB',OTC,17.25,17.25,0,0,Peoples Bank Danville Va,0,0,0
20060508,55925,PNVB',OTC,15.75,15.75,73,0,Peoples Bank Danville Va,0,0,0
20060509,55925,PNVB',OTC,15.75,15.75,0,0,Peoples Bank Danville Va,0,0,0
20060510,55925,PNVB',OTC,15.75,15.75,0,0,Peoples Bank Danville Va,0,0,0
20060511,55925,PNVB',OTC,15.75,15.75,0,0,Peoples Bank Danville Va,0,0,0
20060512,55925,PNVB',OTC,15.75,15.75,0,0,Peoples Bank Danville Va,0,0,0
20060515,55925,PNVB',OTC,15.75,15.75,0,0,Peoples Bank Danville Va,0,0,0
20060516,55925,PNVB',OTC,15.75,15.75,0,0,Peoples Bank Danville Va,0,0,0
20060517,55925,PNVB',OTC,15.75,15.75,0,0,Peoples Bank Danville Va,0,0,0
20060518,55925,PNVB',OTC,15.75,15.75,0,0,Peoples Bank Danville Va,0,0,0
20060519,55925,PNVB',OTC,15.75,15.75,0,0,Peoples Bank Danville Va,0,0,0
20060522,55925,PNVB',OTC,15.75,15.75,0,0,Peoples Bank Danville Va,0,0,0
20060523,55925,PNVB',OTC,15.75,15.75,0,0,Peoples Bank Danville Va,0,0,0
20060524,55925,PNVB',OTC,16.5,16.5,4,0,Peoples Bank Danville Va,0,0,0
20060525,55925,PNVB',OTC,16.5,16.5,0,0,Peoples Bank Danville Va,0,0,0
20060526,55925,PNVB',OTC,16.5,16.5,0,0,Peoples Bank Danville Va,0,0,0
20060530,55925,PNVB',OTC,16.5,16.5,0,0,Peoples Bank Danville Va,0,0,0
20060531,55925,PNVB',OTC,16.5,16.5,0,0,Peoples Bank Danville Va,0,0,0
20060601,55925,PNVB',OTC,16.5,16.5,0,0,Peoples Bank Danville Va,0,0,0
20060602,55925,PNVB',OTC,16.5,16.5,0,0,Peoples Bank Danville Va,0,0,0
20060605,55925,PNVB',OTC,16.5,16.5,0,0,Peoples Bank Danville Va,0,0,0
20060606,55925,PNVB',OTC,16.5,16.5,0,0,Peoples Bank Danville Va,0,0,0
20060607,55925,PNVB',OTC,16.5,16.5,0,0,Peoples Bank Danville Va,0,0,0
20060608,55925,PNVB',OTC,16.5,16.5,0,0,Peoples Bank Danville Va,0,0,0
20060609,55925,PNVB',OTC,16.5,16.5,0,0,Peoples Bank Danville Va,0,0,0
20060612,55925,PNVB',OTC,17,17,21,0,Peoples Bank Danville Va,0,0,0
20060613,55925,PNVB',OTC,17,17,23,0,Peoples Bank Danville Va,0,0,0
20060614,55925,PNVB',OTC,17,17,0,0,Peoples Bank Danville Va,0,0,0
20060615,55925,PNVB',OTC,17,17,0,0,Peoples Bank Danville Va,0,0,0
20060616,55925,PNVB',OTC,17,17,0,0,Peoples Bank Danville Va,0,0,0
20060619,55925,PNVB',OTC,17,17,0,0,Peoples Bank Danville Va,0,0,0
20060620,55925,PNVB',OTC,16.55,16.55,10,0,Peoples Bank Danville Va,0,0,0
20060621,55925,PNVB',OTC,16.55,16.55,0,0,Peoples Bank Danville Va,0,0,0
20060622,55925,PNVB',OTC,16.55,16.55,0,0,Peoples Bank Danville Va,0,0,0
20060623,55925,PNVB',OTC,16.55,16.55,0,0,Peoples Bank Danville Va,0,0,0
20060626,55925,PNVB',OTC,16.55,16.55,0,0,Peoples Bank Danville Va,0,0,0
20060627,55925,PNVB',OTC,16.55,16.55,0,0,Peoples Bank Danville Va,0,0,0
20060628,55925,PNVB',OTC,17,17,1,0,Peoples Bank Danville Va,0,0,0
20060629,55925,PNVB',OTC,17,17,0,0,Peoples Bank Danville Va,0,0,0
20060630,55925,PNVB',OTC,17,17,0,0,Peoples Bank Danville Va,0,0,0
20060703,55925,PNVB',OTC,17,17,0,0,Peoples Bank Danville Va,0,0,0
20060705,55925,PNVB',OTC,17,17,0,0,Peoples Bank Danville Va,0,0,0
20060706,55925,PNVB',OTC,17,17,0,0,Peoples Bank Danville Va,0,0,0
20060707,55925,PNVB',OTC,16.75,16.75,15,0,Peoples Bank Danville Va,0,0,0
20060710,55925,PNVB',OTC,17.2,17.2,13,0,Peoples Bank Danville Va,0,0,0
20060711,55925,PNVB',OTC,17.2,17.2,0,0,Peoples Bank Danville Va,0,0,0
20060712,55925,PNVB',OTC,16.75,16.75,10,0,Peoples Bank Danville Va,0,0,0
20060713,55925,PNVB',OTC,16.75,16.75,0,0,Peoples Bank Danville Va,0,0,0
20060714,55925,PNVB',OTC,16.75,16.75,0,0,Peoples Bank Danville Va,0,0,0
20060717,55925,PNVB',OTC,16.75,16.75,0,0,Peoples Bank Danville Va,0,0,0
20060718,55925,PNVB',OTC,16.75,16.75,0,0,Peoples Bank Danville Va,0,0,0
20060719,55925,PNVB',OTC,16.75,16.75,5,0,Peoples Bank Danville Va,0,0,0
20060720,55925,PNVB',OTC,17,17,30,0,Peoples Bank Danville Va,0,0,0
20060721,55925,PNVB',OTC,17,17,17,0,Peoples Bank Danville Va,0,0,0
20060724,55925,PNVB',OTC,17,17,0,0,Peoples Bank Danville Va,0,0,0
20060725,55925,PNVB',OTC,17,17,2,0,Peoples Bank Danville Va,0,0,0
20060726,55925,PNVB',OTC,17,17,0,0,Peoples Bank Danville Va,0,0,0
20060727,55925,PNVB',OTC,17,17,11,0,Peoples Bank Danville Va,0,0,0
20060728,55925,PNVB',OTC,17,17,15,0,Peoples Bank Danville Va,0,0,0
20060731,55925,PNVB',OTC,17.9,17.9,22,0,Peoples Bank Danville Va,0,0,0
20060801,55925,PNVB',OTC,18.25,18.25,11,0,Peoples Bank Danville Va,0,0,0
20060802,55925,PNVB',OTC,18.75,18.75,15,0,Peoples Bank Danville Va,0,0,0
20060803,55925,PNVB',OTC,18.75,18.75,0,0,Peoples Bank Danville Va,0,0,0
20060804,55925,PNVB',OTC,18.75,18.75,0,0,Peoples Bank Danville Va,0,0,0
20060807,55925,PNVB',OTC,18.75,18.75,0,0,Peoples Bank Danville Va,0,0,0
20060808,55925,PNVB',OTC,18.75,18.75,0,0,Peoples Bank Danville Va,0,0,0
20060809,55925,PNVB',OTC,18.75,18.75,0,0,Peoples Bank Danville Va,0,0,0
20060810,55925,PNVB',OTC,18.75,18.75,0,0,Peoples Bank Danville Va,0,0,0
20060811,55925,PNVB',OTC,18.75,18.75,0,0,Peoples Bank Danville Va,0,0,0
20060814,55925,PNVB',OTC,21,21,32,0,Peoples Bank Danville Va,0,0,0
20060815,55925,PNVB',OTC,20,20,22,0,Peoples Bank Danville Va,0,0,0
20060816,55925,PNVB',OTC,20.25,20.25,3,0,Peoples Bank Danville Va,0,0,0
20060817,55925,PNVB',OTC,21.5,21.5,5,0,Peoples Bank Danville Va,0,0,0
20060818,55925,PNVB',OTC,20,20,10,0,Peoples Bank Danville Va,0,0,0
20060821,55925,PNVB',OTC,20,20,0,0,Peoples Bank Danville Va,0,0,0
20060822,55925,PNVB',OTC,20,20,0,0,Peoples Bank Danville Va,0,0,0
20060823,55925,PNVB',OTC,20,20,0,0,Peoples Bank Danville Va,0,0,0
20060824,55925,PNVB',OTC,20,20,0,0,Peoples Bank Danville Va,0,0,0
20060825,55925,PNVB',OTC,20.75,20.75,18,0,Peoples Bank Danville Va,0,0,0
20060828,55925,PNVB',OTC,20.75,20.75,0,0,Peoples Bank Danville Va,0,0,0
20060829,55925,PNVB',OTC,20.75,20.75,0,0,Peoples Bank Danville Va,0,0,0
20060830,55925,PNVB',OTC,20.75,20.75,0,0,Peoples Bank Danville Va,0,0,0
20060831,55925,PNVB',OTC,20.5,20.5,20,0,Peoples Bank Danville Va,0,0,0
20060901,55925,PNVB',OTC,20.75,20.75,20,0,Peoples Bank Danville Va,0,0,0
20060905,55925,PNVB',OTC,21,21,20,0,Peoples Bank Danville Va,0,0,0
20060906,55925,PNVB',OTC,21,21,0,0,Peoples Bank Danville Va,0,0,0
20060907,55925,PNVB',OTC,20.47,20.47,3,0,Peoples Bank Danville Va,0,0,0
20060908,55925,PNVB',OTC,20.47,20.47,0,0,Peoples Bank Danville Va,0,0,0
20060911,55925,PNVB',OTC,20.47,20.47,0,0,Peoples Bank Danville Va,0,0,0
20060912,55925,PNVB',OTC,21,21,13,0,Peoples Bank Danville Va,0,0,0
20060913,55925,PNVB',OTC,21,21,0,0,Peoples Bank Danville Va,0,0,0
20060914,55925,PNVB',OTC,22,22,4,0,Peoples Bank Danville Va,0,0,0
20060915,55925,PNVB',OTC,22,22,0,0,Peoples Bank Danville Va,0,0,0
20060918,55925,PNVB',OTC,22,22,0,0,Peoples Bank Danville Va,0,0,0
20060919,55925,PNVB',OTC,22,22,0,0,Peoples Bank Danville Va,0,0,0
20060920,55925,PNVB',OTC,21,21,1,0,Peoples Bank Danville Va,0,0,0
20060921,55925,PNVB',OTC,21,21,0,0,Peoples Bank Danville Va,0,0,0
20060922,55925,PNVB',OTC,21,21,0,0,Peoples Bank Danville Va,0,0,0
20060925,55925,PNVB',OTC,21,21,0,0,Peoples Bank Danville Va,0,0,0
20060926,55925,PNVB',OTC,21,21,0,0,Peoples Bank Danville Va,0,0,0
20060927,55925,PNVB',OTC,21,21,0,0,Peoples Bank Danville Va,0,0,0
20060928,55925,PNVB',OTC,21.25,21.25,7,0,Peoples Bank Danville Va,0,0,0
20060929,55925,PNVB',OTC,21.5,21.5,3,0,Peoples Bank Danville Va,0,0,0
20061002,55925,PNVB',OTC,21.5,21.5,0,0,Peoples Bank Danville Va,0,0,0
20061003,55925,PNVB',OTC,21.5,21.5,0,0,Peoples Bank Danville Va,0,0,0
20061004,55925,PNVB',OTC,21.5,21.5,0,0,Peoples Bank Danville Va,0,0,0
20061005,55925,PNVB',OTC,21.5,21.5,0,0,Peoples Bank Danville Va,0,0,0
20061006,55925,PNVB',OTC,21.5,21.5,0,0,Peoples Bank Danville Va,0,0,0
20061009,55925,PNVB',OTC,21.5,21.5,0,0,Peoples Bank Danville Va,0,0,0
20061010,55925,PNVB',OTC,21.5,21.5,0,0,Peoples Bank Danville Va,0,0,0
20061011,55925,PNVB',OTC,21.5,21.5,0,0,Peoples Bank Danville Va,0,0,0
20061012,55925,PNVB',OTC,21.5,21.5,0,0,Peoples Bank Danville Va,0,0,0
20061013,55925,PNVB',OTC,21.5,21.5,0,0,Peoples Bank Danville Va,0,0,0
20061016,55925,PNVB',OTC,21.5,21.5,0,0,Peoples Bank Danville Va,0,0,0
20061017,55925,PNVB',OTC,21.5,21.5,0,0,Peoples Bank Danville Va,0,0,0
20061018,55925,PNVB',OTC,22,22,9,0,Peoples Bank Danville Va,0,0,0
20061019,55925,PNVB',OTC,22,22,0,0,Peoples Bank Danville Va,0,0,0
20061020,55925,PNVB',OTC,23.9,23.9,4,0,Peoples Bank Danville Va,0,0,0
20061023,55925,PNVB',OTC,23.9,23.9,0,0,Peoples Bank Danville Va,0,0,0
20061024,55925,PNVB',OTC,23.9,23.9,0,0,Peoples Bank Danville Va,0,0,0
20061025,55925,PNVB',OTC,23,23,20,0,Peoples Bank Danville Va,0,0,0
20061026,55925,PNVB',OTC,22.5,22.5,12,0,Peoples Bank Danville Va,0,0,0
20061027,55925,PNVB',OTC,23,23,3,0,Peoples Bank Danville Va,0,0,0
20061030,55925,PNVB',OTC,23,23,5,0,Peoples Bank Danville Va,0,0,0
20061031,55925,PNVB',OTC,23,23,0,0,Peoples Bank Danville Va,0,0,0
20061101,55925,PNVB',OTC,22.55,22.55,7,0,Peoples Bank Danville Va,0,0,0
20061102,55925,PNVB',OTC,23,23,21,0,Peoples Bank Danville Va,0,0,0
20061103,55925,PNVB',OTC,23.5,23.5,2,0,Peoples Bank Danville Va,0,0,0
20061106,55925,PNVB',OTC,23.5,23.5,0,0,Peoples Bank Danville Va,0,0,0
20061107,55925,PNVB',OTC,23,23,13,0,Peoples Bank Danville Va,0,0,0
20061108,55925,PNVB',OTC,23,23,4,0,Peoples Bank Danville Va,0,0,0
20061109,55925,PNVB',OTC,23,23,0,0,Peoples Bank Danville Va,0,0,0
20061110,55925,PNVB',OTC,23.95,23.95,6,0,Peoples Bank Danville Va,0,0,0
20061113,55925,PNVB',OTC,23.95,23.95,0,0,Peoples Bank Danville Va,0,0,0
20061114,55925,PNVB',OTC,22.5,22.5,25,0,Peoples Bank Danville Va,0,0,0
20061115,55925,PNVB',OTC,22.5,22.5,0,0,Peoples Bank Danville Va,0,0,0
20061116,55925,PNVB',OTC,22.5,22.5,0,0,Peoples Bank Danville Va,0,0,0
20061117,55925,PNVB',OTC,22.5,22.5,0,0,Peoples Bank Danville Va,0,0,0
20061120,55925,PNVB',OTC,22.5,22.5,0,0,Peoples Bank Danville Va,0,0,0
20061121,55925,PNVB',OTC,22.6,22.6,7,0,Peoples Bank Danville Va,0,0,0
20061122,55925,PNVB',OTC,22.75,22.75,11,0,Peoples Bank Danville Va,0,0,0
20061124,55925,PNVB',OTC,23,23,2,0,Peoples Bank Danville Va,0,0,0
20061127,55925,PNVB',OTC,23,23,0,0,Peoples Bank Danville Va,0,0,0
20061128,55925,PNVB',OTC,23,23,12,0,Peoples Bank Danville Va,0,0,0
20061129,55925,PNVB',OTC,23,23,0,0,Peoples Bank Danville Va,0,0,0
20061130,55925,PNVB',OTC,23,23,0,0,Peoples Bank Danville Va,0,0,0
20061201,55925,PNVB',OTC,23.5,23.5,1,0,Peoples Bank Danville Va,0,0,0
20061204,55925,PNVB',OTC,23.5,23.5,0,0,Peoples Bank Danville Va,0,0,0
20061205,55925,PNVB',OTC,23.5,23.5,0,0,Peoples Bank Danville Va,0,0,0
20061206,55925,PNVB',OTC,23.25,23.25,5,0,Peoples Bank Danville Va,0,0,0
20061207,55925,PNVB',OTC,23.25,23.25,0,0,Peoples Bank Danville Va,0,0,0
20061208,55925,PNVB',OTC,23.25,23.25,0,0,Peoples Bank Danville Va,0,0,0
20061211,55925,PNVB',OTC,23.25,23.25,0,0,Peoples Bank Danville Va,0,0,0
20061212,55925,PNVB',OTC,23.25,23.25,2,0,Peoples Bank Danville Va,0,0,0
20061213,55925,PNVB',OTC,24,24,3,0,Peoples Bank Danville Va,0,0,0
20061214,55925,PNVB',OTC,24,24,0,0,Peoples Bank Danville Va,0,0,0
20061215,55925,PNVB',OTC,22.75,22.75,27,0,Peoples Bank Danville Va,0,0,0
20061218,55925,PNVB',OTC,23.5,23.5,8,0,Peoples Bank Danville Va,0,0,0
20061219,55925,PNVB',OTC,23.5,23.5,0,0,Peoples Bank Danville Va,0,0,0
20061220,55925,PNVB',OTC,23,23,4,0,Peoples Bank Danville Va,0,0,0
20061221,55925,PNVB',OTC,23,23,0,0,Peoples Bank Danville Va,0,0,0
20061222,55925,PNVB',OTC,23.5,23.5,4,0,Peoples Bank Danville Va,0,0,0
20061226,55925,PNVB',OTC,23.5,23.5,0,0,Peoples Bank Danville Va,0,0,0
20061227,55925,PNVB',OTC,23,23,12,0,Peoples Bank Danville Va,0,0,0
20061228,55925,PNVB',OTC,23,23,0,0,Peoples Bank Danville Va,0,0,0
20061229,55925,PNVB',OTC,23,23,0,0,Peoples Bank Danville Va,0,0,0
20070103,55925,PNVB',OTC,23,23,0,0,Peoples Bank Danville Va,0,0,0
20070104,55925,PNVB',OTC,23.75,23.75,20,0,Peoples Bank Danville Va,0,0,0
20070105,55925,PNVB',OTC,23.75,23.75,0,0,Peoples Bank Danville Va,0,0,0
20070108,55925,PNVB',OTC,23.75,23.75,0,0,Peoples Bank Danville Va,0,0,0
20070109,55925,PNVB',OTC,23.75,23.75,0,0,Peoples Bank Danville Va,0,0,0
20070110,55925,PNVB',OTC,23.75,23.75,0,0,Peoples Bank Danville Va,0,0,0
20070111,55925,PNVB',OTC,23.75,23.75,0,0,Peoples Bank Danville Va,0,0,0
20070112,55925,PNVB',OTC,23.75,23.75,0,0,Peoples Bank Danville Va,0,0,0
20070116,55925,PNVB',OTC,23.75,23.75,0,0,Peoples Bank Danville Va,0,0,0
20070117,55925,PNVB',OTC,24,24,29,0,Peoples Bank Danville Va,0,0,0
20070118,55925,PNVB',OTC,24,24,0,0,Peoples Bank Danville Va,0,0,0
20070119,55925,PNVB',OTC,24,24,0,0,Peoples Bank Danville Va,0,0,0
20070122,55925,PNVB',OTC,24,24,0,0,Peoples Bank Danville Va,0,0,0
20070123,55925,PNVB',OTC,24,24,0,0,Peoples Bank Danville Va,0,0,0
20070124,55925,PNVB',OTC,24,24,0,0,Peoples Bank Danville Va,0,0,0
20070125,55925,PNVB',OTC,24,24,0,0,Peoples Bank Danville Va,0,0,0
20070126,55925,PNVB',OTC,24,24,0,0,Peoples Bank Danville Va,0,0,0
20070129,55925,PNVB',OTC,24,24,0,0,Peoples Bank Danville Va,0,0,0
20070130,55925,PNVB',OTC,24,24,0,0,Peoples Bank Danville Va,0,0,0
20070131,55925,PNVB',OTC,24,24,0,0,Peoples Bank Danville Va,0,0,0
20070201,55925,PNVB',OTC,24,24,0,0,Peoples Bank Danville Va,0,0,0
20070202,55925,PNVB',OTC,24,24,0,0,Peoples Bank Danville Va,0,0,0
20070205,55925,PNVB',OTC,24,24,0,0,Peoples Bank Danville Va,0,0,0
20070206,55925,PNVB',OTC,24,24,0,0,Peoples Bank Danville Va,0,0,0
20070207,55925,PNVB',OTC,23.5,23.5,8,0,Peoples Bank Danville Va,0,0,0
20070208,55925,PNVB',OTC,23.5,23.5,9,0,Peoples Bank Danville Va,0,0,0
20070209,55925,PNVB',OTC,23.5,23.5,0,0,Peoples Bank Danville Va,0,0,0
20070212,55925,PNVB',OTC,23.5,23.5,0,0,Peoples Bank Danville Va,0,0,0
20070213,55925,PNVB',OTC,23.5,23.5,0,0,Peoples Bank Danville Va,0,0,0
