DDate,CSINumber,Symbol,Exchange,DClose,UnAdjustedClose,TotalVolume,Cash,MarketName,PTB,PSR,DPS
20040511,60310,NVTN',OTC,0.74,0.74,0,0,Navitone Tech,0,0,0
20040512,60310,NVTN',OTC,0.74,0.74,0,0,Navitone Tech,0,0,0
20040513,60310,NVTN',OTC,0.74,0.74,0,0,Navitone Tech,0,0,0
20040514,60310,NVTN',OTC,0.74,0.74,0,0,Navitone Tech,0,0,0
20040517,60310,NVTN',OTC,0.74,0.74,0,0,Navitone Tech,0,0,0
20040518,60310,NVTN',OTC,0.43,0.43,16,0,Navitone Tech,0,0,0
20040519,60310,NVTN',OTC,0.43,0.43,0,0,Navitone Tech,0,0,0
20040520,60310,NVTN',OTC,0.43,0.43,0,0,Navitone Tech,0,0,0
20040521,60310,NVTN',OTC,0.43,0.43,25,0,Navitone Tech,0,0,0
20040524,60310,NVTN',OTC,0.43,0.43,0,0,Navitone Tech,0,0,0
20040525,60310,NVTN',OTC,0.43,0.43,0,0,Navitone Tech,0,0,0
20040526,60310,NVTN',OTC,0.43,0.43,0,0,Navitone Tech,0,0,0
20040527,60310,NVTN',OTC,0.43,0.43,0,0,Navitone Tech,0,0,0
20040528,60310,NVTN',OTC,0.43,0.43,0,0,Navitone Tech,0,0,0
20040601,60310,NVTN',OTC,0.4,0.4,22,0,Navitone Tech,0,0,0
20040602,60310,NVTN',OTC,0.4,0.4,0,0,Navitone Tech,0,0,0
20040603,60310,NVTN',OTC,0.4,0.4,0,0,Navitone Tech,0,0,0
20040604,60310,NVTN',OTC,0.4,0.4,0,0,Navitone Tech,0,0,0
20040607,60310,NVTN',OTC,0.4,0.4,0,0,Navitone Tech,0,0,0
20040608,60310,NVTN',OTC,0.4,0.4,0,0,Navitone Tech,0,0,0
20040609,60310,NVTN',OTC,0.4,0.4,0,0,Navitone Tech,0,0,0
20040610,60310,NVTN',OTC,0.4,0.4,0,0,Navitone Tech,0,0,0
20040614,60310,NVTN',OTC,0.4,0.4,0,0,Navitone Tech,0,0,0
20040615,60310,NVTN',OTC,0.4,0.4,0,0,Navitone Tech,0,0,0
20040616,60310,NVTN',OTC,0.4,0.4,0,0,Navitone Tech,0,0,0
20040617,60310,NVTN',OTC,0.4,0.4,0,0,Navitone Tech,0,0,0
20040618,60310,NVTN',OTC,0.4,0.4,30,0,Navitone Tech,0,0,0
20040621,60310,NVTN',OTC,0.4,0.4,0,0,Navitone Tech,0,0,0
20040622,60310,NVTN',OTC,0.4,0.4,0,0,Navitone Tech,0,0,0
20040623,60310,NVTN',OTC,0.37,0.37,18,0,Navitone Tech,0,0,0
20040624,60310,NVTN',OTC,0.37,0.37,0,0,Navitone Tech,0,0,0
20040625,60310,NVTN',OTC,0.37,0.37,0,0,Navitone Tech,0,0,0
20040628,60310,NVTN',OTC,0.37,0.37,0,0,Navitone Tech,0,0,0
20040629,60310,NVTN',OTC,0.51,0.51,6,0,Navitone Tech,0,0,0
20040630,60310,NVTN',OTC,0.51,0.51,0,0,Navitone Tech,0,0,0
20040701,60310,NVTN',OTC,0.51,0.51,0,0,Navitone Tech,0,0,0
20040702,60310,NVTN',OTC,0.51,0.51,0,0,Navitone Tech,0,0,0
20040706,60310,NVTN',OTC,0.51,0.51,0,0,Navitone Tech,0,0,0
20040707,60310,NVTN',OTC,0.51,0.51,0,0,Navitone Tech,0,0,0
20040708,60310,NVTN',OTC,0.51,0.51,0,0,Navitone Tech,0,0,0
20040709,60310,NVTN',OTC,0.37,0.37,50,0,Navitone Tech,0,0,0
20040712,60310,NVTN',OTC,0.37,0.37,0,0,Navitone Tech,0,0,0
20040713,60310,NVTN',OTC,0.4,0.4,15,0,Navitone Tech,0,0,0
20040714,60310,NVTN',OTC,0.4,0.4,0,0,Navitone Tech,0,0,0
20040715,60310,NVTN',OTC,0.4,0.4,45,0,Navitone Tech,0,0,0
20040716,60310,NVTN',OTC,0.7,0.7,52,0,Navitone Tech,0,0,0
20040719,60310,NVTN',OTC,0.7,0.7,0,0,Navitone Tech,0,0,0
20040720,60310,NVTN',OTC,0.7,0.7,0,0,Navitone Tech,0,0,0
20040721,60310,NVTN',OTC,0.7,0.7,0,0,Navitone Tech,0,0,0
20040722,60310,NVTN',OTC,0.7,0.7,0,0,Navitone Tech,0,0,0
20040723,60310,NVTN',OTC,0.7,0.7,0,0,Navitone Tech,0,0,0
20040726,60310,NVTN',OTC,0.7,0.7,0,0,Navitone Tech,0,0,0
20040727,60310,NVTN',OTC,0.7,0.7,0,0,Navitone Tech,0,0,0
20040728,60310,NVTN',OTC,0.7,0.7,0,0,Navitone Tech,0,0,0
20040729,60310,NVTN',OTC,0.7,0.7,0,0,Navitone Tech,0,0,0
20040730,60310,NVTN',OTC,0.7,0.7,0,0,Navitone Tech,0,0,0
20040802,60310,NVTN',OTC,0.7,0.7,0,0,Navitone Tech,0,0,0
20040803,60310,NVTN',OTC,0.7,0.7,0,0,Navitone Tech,0,0,0
20040804,60310,NVTN',OTC,0.7,0.7,0,0,Navitone Tech,0,0,0
20040805,60310,NVTN',OTC,0.7,0.7,0,0,Navitone Tech,0,0,0
20040806,60310,NVTN',OTC,0.7,0.7,7,0,Navitone Tech,0,0,0
20040809,60310,NVTN',OTC,0.7,0.7,0,0,Navitone Tech,0,0,0
20040810,60310,NVTN',OTC,0.7,0.7,0,0,Navitone Tech,0,0,0
20040811,60310,NVTN',OTC,0.7,0.7,0,0,Navitone Tech,0,0,0
20040812,60310,NVTN',OTC,0.7,0.7,0,0,Navitone Tech,0,0,0
20040813,60310,NVTN',OTC,0.51,0.51,38,0,Navitone Tech,0,0,0
20040816,60310,NVTN',OTC,0.4,0.4,20,0,Navitone Tech,0,0,0
20040817,60310,NVTN',OTC,0.4,0.4,0,0,Navitone Tech,0,0,0
20040818,60310,NVTN',OTC,0.4,0.4,0,0,Navitone Tech,0,0,0
20040819,60310,NVTN',OTC,0.35,0.35,20,0,Navitone Tech,0,0,0
20040820,60310,NVTN',OTC,0.35,0.35,0,0,Navitone Tech,0,0,0
20040823,60310,NVTN',OTC,0.35,0.35,0,0,Navitone Tech,0,0,0
20040824,60310,NVTN',OTC,0.51,0.51,35,0,Navitone Tech,0,0,0
20040825,60310,NVTN',OTC,0.51,0.51,35,0,Navitone Tech,0,0,0
20040826,60310,NVTN',OTC,0.36,0.36,45,0,Navitone Tech,0,0,0
20040827,60310,NVTN',OTC,0.36,0.36,0,0,Navitone Tech,0,0,0
20040830,60310,NVTN',OTC,0.36,0.36,0,0,Navitone Tech,0,0,0
20040831,60310,NVTN',OTC,0.36,0.36,0,0,Navitone Tech,0,0,0
20040901,60310,NVTN',OTC,0.36,0.36,0,0,Navitone Tech,0,0,0
20040902,60310,NVTN',OTC,0.36,0.36,0,0,Navitone Tech,0,0,0
20040903,60310,NVTN',OTC,0.55,0.55,10,0,Navitone Tech,0,0,0
20040907,60310,NVTN',OTC,0.55,0.55,0,0,Navitone Tech,0,0,0
20040908,60310,NVTN',OTC,0.55,0.55,0,0,Navitone Tech,0,0,0
20040909,60310,NVTN',OTC,0.55,0.55,10,0,Navitone Tech,0,0,0
20040910,60310,NVTN',OTC,0.55,0.55,0,0,Navitone Tech,0,0,0
20040913,60310,NVTN',OTC,0.55,0.55,0,0,Navitone Tech,0,0,0
20040914,60310,NVTN',OTC,0.55,0.55,0,0,Navitone Tech,0,0,0
20040915,60310,NVTN',OTC,0.55,0.55,0,0,Navitone Tech,0,0,0
20040916,60310,NVTN',OTC,0.55,0.55,0,0,Navitone Tech,0,0,0
20040917,60310,NVTN',OTC,0.36,0.36,27,0,Navitone Tech,0,0,0
20040920,60310,NVTN',OTC,0.36,0.36,0,0,Navitone Tech,0,0,0
20040921,60310,NVTN',OTC,0.36,0.36,0,0,Navitone Tech,0,0,0
20040922,60310,NVTN',OTC,0.36,0.36,0,0,Navitone Tech,0,0,0
20040923,60310,NVTN',OTC,0.36,0.36,0,0,Navitone Tech,0,0,0
20040924,60310,NVTN',OTC,0.36,0.36,0,0,Navitone Tech,0,0,0
20040927,60310,NVTN',OTC,0.36,0.36,0,0,Navitone Tech,0,0,0
20040928,60310,NVTN',OTC,0.36,0.36,0,0,Navitone Tech,0,0,0
20040929,60310,NVTN',OTC,0.36,0.36,0,0,Navitone Tech,0,0,0
20040930,60310,NVTN',OTC,0.36,0.36,0,0,Navitone Tech,0,0,0
20041001,60310,NVTN',OTC,0.36,0.36,0,0,Navitone Tech,0,0,0
20041004,60310,NVTN',OTC,0.36,0.36,0,0,Navitone Tech,0,0,0
20041005,60310,NVTN',OTC,0.36,0.36,0,0,Navitone Tech,0,0,0
20041006,60310,NVTN',OTC,0.36,0.36,0,0,Navitone Tech,0,0,0
20041007,60310,NVTN',OTC,0.36,0.36,0,0,Navitone Tech,0,0,0
20041008,60310,NVTN',OTC,0.36,0.36,0,0,Navitone Tech,0,0,0
20041011,60310,NVTN',OTC,0.36,0.36,0,0,Navitone Tech,0,0,0
20041012,60310,NVTN',OTC,0.36,0.36,0,0,Navitone Tech,0,0,0
20041013,60310,NVTN',OTC,0.36,0.36,0,0,Navitone Tech,0,0,0
20041014,60310,NVTN',OTC,0.5,0.5,10,0,Navitone Tech,0,0,0
20041015,60310,NVTN',OTC,0.5,0.5,0,0,Navitone Tech,0,0,0
20041018,60310,NVTN',OTC,0.5,0.5,0,0,Navitone Tech,0,0,0
20041019,60310,NVTN',OTC,0.5,0.5,0,0,Navitone Tech,0,0,0
20041020,60310,NVTN',OTC,0.5,0.5,0,0,Navitone Tech,0,0,0
20041021,60310,NVTN',OTC,0.5,0.5,0,0,Navitone Tech,0,0,0
20041022,60310,NVTN',OTC,0.5,0.5,0,0,Navitone Tech,0,0,0
20041025,60310,NVTN',OTC,0.5,0.5,0,0,Navitone Tech,0,0,0
20041026,60310,NVTN',OTC,0.5,0.5,0,0,Navitone Tech,0,0,0
20041027,60310,NVTN',OTC,0.5,0.5,0,0,Navitone Tech,0,0,0
20041028,60310,NVTN',OTC,0.35,0.35,12,0,Navitone Tech,0,0,0
20041029,60310,NVTN',OTC,0.35,0.35,0,0,Navitone Tech,0,0,0
20041101,60310,NVTN',OTC,0.35,0.35,0,0,Navitone Tech,0,0,0
20041102,60310,NVTN',OTC,0.35,0.35,0,0,Navitone Tech,0,0,0
20041103,60310,NVTN',OTC,0.35,0.35,0,0,Navitone Tech,0,0,0
20041104,60310,NVTN',OTC,0.35,0.35,13,0,Navitone Tech,0,0,0
20041105,60310,NVTN',OTC,0.35,0.35,0,0,Navitone Tech,0,0,0
20041108,60310,NVTN',OTC,0.35,0.35,50,0,Navitone Tech,0,0,0
20041109,60310,NVTN',OTC,0.35,0.35,0,0,Navitone Tech,0,0,0
20041110,60310,NVTN',OTC,0.35,0.35,0,0,Navitone Tech,0,0,0
20041111,60310,NVTN',OTC,0.35,0.35,0,0,Navitone Tech,0,0,0
20041112,60310,NVTN',OTC,0.35,0.35,0,0,Navitone Tech,0,0,0
20041115,60310,NVTN',OTC,0.35,0.35,0,0,Navitone Tech,0,0,0
20041116,60310,NVTN',OTC,0.35,0.35,0,0,Navitone Tech,0,0,0
20041117,60310,NVTN',OTC,0.35,0.35,0,0,Navitone Tech,0,0,0
20041118,60310,NVTN',OTC,0.32,0.32,46,0,Navitone Tech,0,0,0
20041119,60310,NVTN',OTC,0.29,0.29,13,0,Navitone Tech,0,0,0
20041122,60310,NVTN',OTC,0.29,0.29,0,0,Navitone Tech,0,0,0
20041123,60310,NVTN',OTC,0.29,0.29,50,0,Navitone Tech,0,0,0
20041124,60310,NVTN',OTC,0.29,0.29,0,0,Navitone Tech,0,0,0
20041126,60310,NVTN',OTC,0.29,0.29,0,0,Navitone Tech,0,0,0
20041129,60310,NVTN',OTC,0.25,0.25,166,0,Navitone Tech,0,0,0
20041130,60310,NVTN',OTC,0.25,0.25,0,0,Navitone Tech,0,0,0
20041201,60310,NVTN',OTC,0.2,0.2,14,0,Navitone Tech,0,0,0
20041202,60310,NVTN',OTC,0.2,0.2,84,0,Navitone Tech,0,0,0
20041203,60310,NVTN',OTC,0.2,0.2,0,0,Navitone Tech,0,0,0
20041206,60310,NVTN',OTC,0.2,0.2,0,0,Navitone Tech,0,0,0
20041207,60310,NVTN',OTC,0.25,0.25,36,0,Navitone Tech,0,0,0
20041208,60310,NVTN',OTC,0.25,0.25,0,0,Navitone Tech,0,0,0
20041209,60310,NVTN',OTC,0.25,0.25,100,0,Navitone Tech,0,0,0
20041210,60310,NVTN',OTC,0.25,0.25,0,0,Navitone Tech,0,0,0
20041213,60310,NVTN',OTC,0.25,0.25,0,0,Navitone Tech,0,0,0
20041214,60310,NVTN',OTC,0.24,0.24,106,0,Navitone Tech,0,0,0
20041215,60310,NVTN',OTC,0.24,0.24,90,0,Navitone Tech,0,0,0
20041216,60310,NVTN',OTC,0.24,0.24,0,0,Navitone Tech,0,0,0
20041217,60310,NVTN',OTC,0.24,0.24,80,0,Navitone Tech,0,0,0
20041220,60310,NVTN',OTC,0.27,0.27,122,0,Navitone Tech,0,0,0
20041221,60310,NVTN',OTC,0.27,0.27,0,0,Navitone Tech,0,0,0
20041222,60310,NVTN',OTC,0.27,0.27,0,0,Navitone Tech,0,0,0
20041223,60310,NVTN',OTC,0.25,0.25,130,0,Navitone Tech,0,0,0
20041227,60310,NVTN',OTC,0.35,0.35,25,0,Navitone Tech,0,0,0
20041228,60310,NVTN',OTC,0.25,0.25,18,0,Navitone Tech,0,0,0
20041229,60310,NVTN',OTC,0.25,0.25,0,0,Navitone Tech,0,0,0
20041230,60310,NVTN',OTC,0.25,0.25,0,0,Navitone Tech,0,0,0
20041231,60310,NVTN',OTC,0.25,0.25,0,0,Navitone Tech,0,0,0
20050103,60310,NVTN',OTC,0.25,0.25,0,0,Navitone Tech,0,0,0
20050104,60310,NVTN',OTC,0.35,0.35,20,0,Navitone Tech,0,0,0
20050105,60310,NVTN',OTC,0.35,0.35,0,0,Navitone Tech,0,0,0
20050106,60310,NVTN',OTC,0.35,0.35,0,0,Navitone Tech,0,0,0
20050107,60310,NVTN',OTC,0.35,0.35,0,0,Navitone Tech,0,0,0
20050110,60310,NVTN',OTC,0.27,0.27,13,0,Navitone Tech,0,0,0
20050111,60310,NVTN',OTC,0.27,0.27,0,0,Navitone Tech,0,0,0
20050112,60310,NVTN',OTC,0.27,0.27,0,0,Navitone Tech,0,0,0
20050113,60310,NVTN',OTC,0.27,0.27,0,0,Navitone Tech,0,0,0
20050114,60310,NVTN',OTC,0.28,0.28,50,0,Navitone Tech,0,0,0
20050118,60310,NVTN',OTC,0.28,0.28,0,0,Navitone Tech,0,0,0
20050119,60310,NVTN',OTC,0.4,0.4,63,0,Navitone Tech,0,0,0
20050120,60310,NVTN',OTC,0.35,0.35,88,0,Navitone Tech,0,0,0
20050121,60310,NVTN',OTC,0.6,0.6,27,0,Navitone Tech,0,0,0
20050124,60310,NVTN',OTC,0.6,0.6,0,0,Navitone Tech,0,0,0
20050125,60310,NVTN',OTC,0.6,0.6,0,0,Navitone Tech,0,0,0
20050126,60310,NVTN',OTC,0.6,0.6,0,0,Navitone Tech,0,0,0
20050127,60310,NVTN',OTC,0.6,0.6,0,0,Navitone Tech,0,0,0
20050128,60310,NVTN',OTC,0.6,0.6,0,0,Navitone Tech,0,0,0
20050131,60310,NVTN',OTC,0.6,0.6,0,0,Navitone Tech,0,0,0
20050201,60310,NVTN',OTC,0.36,0.36,110,0,Navitone Tech,0,0,0
20050202,60310,NVTN',OTC,0.36,0.36,0,0,Navitone Tech,0,0,0
20050203,60310,NVTN',OTC,0.36,0.36,0,0,Navitone Tech,0,0,0
20050204,60310,NVTN',OTC,0.36,0.36,0,0,Navitone Tech,0,0,0
20050207,60310,NVTN',OTC,0.36,0.36,0,0,Navitone Tech,0,0,0
20050208,60310,NVTN',OTC,0.36,0.36,0,0,Navitone Tech,0,0,0
20050209,60310,NVTN',OTC,0.36,0.36,0,0,Navitone Tech,0,0,0
20050210,60310,NVTN',OTC,0.36,0.36,0,0,Navitone Tech,0,0,0
20050211,60310,NVTN',OTC,0.36,0.36,0,0,Navitone Tech,0,0,0
20050214,60310,NVTN',OTC,0.36,0.36,0,0,Navitone Tech,0,0,0
20050215,60310,NVTN',OTC,0.6,0.6,25,0,Navitone Tech,0,0,0
20050216,60310,NVTN',OTC,0.6,0.6,25,0,Navitone Tech,0,0,0
20050217,60310,NVTN',OTC,0.6,0.6,0,0,Navitone Tech,0,0,0
20050218,60310,NVTN',OTC,0.6,0.6,0,0,Navitone Tech,0,0,0
20050222,60310,NVTN',OTC,0.35,0.35,38,0,Navitone Tech,0,0,0
20050223,60310,NVTN',OTC,0.35,0.35,0,0,Navitone Tech,0,0,0
20050224,60310,NVTN',OTC,0.35,0.35,0,0,Navitone Tech,0,0,0
20050225,60310,NVTN',OTC,0.6,0.6,25,0,Navitone Tech,0,0,0
20050228,60310,NVTN',OTC,0.6,0.6,0,0,Navitone Tech,0,0,0
20050301,60310,NVTN',OTC,0.6,0.6,0,0,Navitone Tech,0,0,0
20050302,60310,NVTN',OTC,0.6,0.6,0,0,Navitone Tech,0,0,0
20050303,60310,NVTN',OTC,0.6,0.6,0,0,Navitone Tech,0,0,0
20050304,60310,NVTN',OTC,0.6,0.6,0,0,Navitone Tech,0,0,0
20050307,60310,NVTN',OTC,0.28,0.28,4,0,Navitone Tech,0,0,0
20050308,60310,NVTN',OTC,0.28,0.28,0,0,Navitone Tech,0,0,0
20050309,60310,NVTN',OTC,0.28,0.28,0,0,Navitone Tech,0,0,0
20050310,60310,NVTN',OTC,0.35,0.35,140,0,Navitone Tech,0,0,0
20050311,60310,NVTN',OTC,0.4,0.4,7,0,Navitone Tech,0,0,0
20050314,60310,NVTN',OTC,0.4,0.4,100,0,Navitone Tech,0,0,0
20050315,60310,NVTN',OTC,0.4,0.4,0,0,Navitone Tech,0,0,0
20050316,60310,NVTN',OTC,0.55,0.55,210,0,Navitone Tech,0,0,0
20050317,60310,NVTN',OTC,0.55,0.55,0,0,Navitone Tech,0,0,0
20050318,60310,NVTN',OTC,0.45,0.45,178,0,Navitone Tech,0,0,0
20050321,60310,NVTN',OTC,0.5,0.5,36,0,Navitone Tech,0,0,0
20050322,60310,NVTN',OTC,0.5,0.5,0,0,Navitone Tech,0,0,0
20050323,60310,NVTN',OTC,0.5,0.5,0,0,Navitone Tech,0,0,0
20050324,60310,NVTN',OTC,0.5,0.5,100,0,Navitone Tech,0,0,0
20050328,60310,NVTN',OTC,0.5,0.5,114,0,Navitone Tech,0,0,0
20050329,60310,NVTN',OTC,0.5,0.5,0,0,Navitone Tech,0,0,0
20050330,60310,NVTN',OTC,0.5,0.5,0,0,Navitone Tech,0,0,0
20050331,60310,NVTN',OTC,0.5,0.5,0,0,Navitone Tech,0,0,0
20050401,60310,NVTN',OTC,0.4,0.4,35,0,Navitone Tech,0,0,0
20050404,60310,NVTN',OTC,0.4,0.4,0,0,Navitone Tech,0,0,0
20050405,60310,NVTN',OTC,0.5,0.5,70,0,Navitone Tech,0,0,0
20050406,60310,NVTN',OTC,0.5,0.5,0,0,Navitone Tech,0,0,0
20050407,60310,NVTN',OTC,0.5,0.5,0,0,Navitone Tech,0,0,0
20050408,60310,NVTN',OTC,0.5,0.5,0,0,Navitone Tech,0,0,0
20050411,60310,NVTN',OTC,0.5,0.5,0,0,Navitone Tech,0,0,0
20050412,60310,NVTN',OTC,0.5,0.5,27,0,Navitone Tech,0,0,0
20050413,60310,NVTN',OTC,0.45,0.45,100,0,Navitone Tech,0,0,0
20050414,60310,NVTN',OTC,0.45,0.45,66,0,Navitone Tech,0,0,0
20050415,60310,NVTN',OTC,0.45,0.45,73,0,Navitone Tech,0,0,0
20050418,60310,NVTN',OTC,0.45,0.45,4,0,Navitone Tech,0,0,0
20050419,60310,NVTN',OTC,0.45,0.45,0,0,Navitone Tech,0,0,0
20050420,60310,NVTN',OTC,0.45,0.45,0,0,Navitone Tech,0,0,0
20050421,60310,NVTN',OTC,2,2,251,0,Navitone Tech,0,0,0
20050422,60310,NVTN',OTC,0.55,0.55,2,0,Navitone Tech,0,0,0
20050425,60310,NVTN',OTC,1.1,1.1,17,0,Navitone Tech,0,0,0
20050426,60310,NVTN',OTC,0.75,0.75,20,0,Navitone Tech,0,0,0
20050427,60310,NVTN',OTC,0.94,0.94,5,0,Navitone Tech,0,0,0
20050428,60310,NVTN',OTC,0.94,0.94,0,0,Navitone Tech,0,0,0
20050429,60310,NVTN',OTC,1,1,14,0,Navitone Tech,0,0,0
20050502,60310,NVTN',OTC,1,1,0,0,Navitone Tech,0,0,0
20050503,60310,NVTN',OTC,0.85,0.85,62,0,Navitone Tech,0,0,0
20050504,60310,NVTN',OTC,0.85,0.85,10,0,Navitone Tech,0,0,0
20050505,60310,NVTN',OTC,0.85,0.85,0,0,Navitone Tech,0,0,0
20050506,60310,NVTN',OTC,0.85,0.85,30,0,Navitone Tech,0,0,0
20050509,60310,NVTN',OTC,0.85,0.85,0,0,Navitone Tech,0,0,0
20050510,60310,NVTN',OTC,0.85,0.85,0,0,Navitone Tech,0,0,0
20050511,60310,NVTN',OTC,0.95,0.95,65,0,Navitone Tech,0,0,0
20050512,60310,NVTN',OTC,0.95,0.95,30,0,Navitone Tech,0,0,0
20050513,60310,NVTN',OTC,0.95,0.95,0,0,Navitone Tech,0,0,0
20050516,60310,NVTN',OTC,0.95,0.95,0,0,Navitone Tech,0,0,0
20050517,60310,NVTN',OTC,1,1,14,0,Navitone Tech,0,0,0
20050518,60310,NVTN',OTC,1,1,0,0,Navitone Tech,0,0,0
20050519,60310,NVTN',OTC,1,1,0,0,Navitone Tech,0,0,0
20050520,60310,NVTN',OTC,1,1,101,0,Navitone Tech,0,0,0
20050523,60310,NVTN',OTC,1,1,0,0,Navitone Tech,0,0,0
20050524,60310,NVTN',OTC,1,1,0,0,Navitone Tech,0,0,0
20050525,60310,NVTN',OTC,1,1,0,0,Navitone Tech,0,0,0
20050526,60310,NVTN',OTC,1,1,0,0,Navitone Tech,0,0,0
20050527,60310,NVTN',OTC,1,1,0,0,Navitone Tech,0,0,0
20050531,60310,NVTN',OTC,0.6,0.6,112,0,Navitone Tech,0,0,0
20050601,60310,NVTN',OTC,0.6,0.6,0,0,Navitone Tech,0,0,0
20050602,60310,NVTN',OTC,0.6,0.6,0,0,Navitone Tech,0,0,0
20050603,60310,NVTN',OTC,1,1,10,0,Navitone Tech,0,0,0
20050606,60310,NVTN',OTC,1,1,0,0,Navitone Tech,0,0,0
20050607,60310,NVTN',OTC,0.89,0.89,30,0,Navitone Tech,0,0,0
20050608,60310,NVTN',OTC,0.89,0.89,0,0,Navitone Tech,0,0,0
20050609,60310,NVTN',OTC,0.89,0.89,0,0,Navitone Tech,0,0,0
20050610,60310,NVTN',OTC,0.89,0.89,0,0,Navitone Tech,0,0,0
20050613,60310,NVTN',OTC,0.89,0.89,0,0,Navitone Tech,0,0,0
20050614,60310,NVTN',OTC,0.89,0.89,0,0,Navitone Tech,0,0,0
20050615,60310,NVTN',OTC,0.89,0.89,0,0,Navitone Tech,0,0,0
20050616,60310,NVTN',OTC,0.89,0.89,0,0,Navitone Tech,0,0,0
20050617,60310,NVTN',OTC,0.89,0.89,0,0,Navitone Tech,0,0,0
20050620,60310,NVTN',OTC,0.89,0.89,0,0,Navitone Tech,0,0,0
20050621,60310,NVTN',OTC,0.89,0.89,0,0,Navitone Tech,0,0,0
20050622,60310,NVTN',OTC,0.89,0.89,0,0,Navitone Tech,0,0,0
20050623,60310,NVTN',OTC,0.55,0.55,2,0,Navitone Tech,0,0,0
20050624,60310,NVTN',OTC,0.55,0.55,0,0,Navitone Tech,0,0,0
20050627,60310,NVTN',OTC,0.55,0.55,0,0,Navitone Tech,0,0,0
20050628,60310,NVTN',OTC,0.55,0.55,0,0,Navitone Tech,0,0,0
20050629,60310,NVTN',OTC,0.55,0.55,0,0,Navitone Tech,0,0,0
20050630,60310,NVTN',OTC,0.55,0.55,0,0,Navitone Tech,0,0,0
20050701,60310,NVTN',OTC,0.55,0.55,35,0,Navitone Tech,0,0,0
20050705,60310,NVTN',OTC,0.55,0.55,25,0,Navitone Tech,0,0,0
20050706,60310,NVTN',OTC,0.55,0.55,0,0,Navitone Tech,0,0,0
20050707,60310,NVTN',OTC,0.55,0.55,0,0,Navitone Tech,0,0,0
20050708,60310,NVTN',OTC,0.55,0.55,0,0,Navitone Tech,0,0,0
20050711,60310,NVTN',OTC,0.55,0.55,0,0,Navitone Tech,0,0,0
20050712,60310,NVTN',OTC,0.55,0.55,0,0,Navitone Tech,0,0,0
20050713,60310,NVTN',OTC,0.55,0.55,0,0,Navitone Tech,0,0,0
20050714,60310,NVTN',OTC,0.55,0.55,0,0,Navitone Tech,0,0,0
20050715,60310,NVTN',OTC,0.55,0.55,0,0,Navitone Tech,0,0,0
20050718,60310,NVTN',OTC,0.55,0.55,0,0,Navitone Tech,0,0,0
20050719,60310,NVTN',OTC,0.55,0.55,113,0,Navitone Tech,0,0,0
20050720,60310,NVTN',OTC,0.55,0.55,0,0,Navitone Tech,0,0,0
20050721,60310,NVTN',OTC,0.55,0.55,14,0,Navitone Tech,0,0,0
20050722,60310,NVTN',OTC,0.55,0.55,0,0,Navitone Tech,0,0,0
20050725,60310,NVTN',OTC,0.55,0.55,0,0,Navitone Tech,0,0,0
20050726,60310,NVTN',OTC,0.55,0.55,0,0,Navitone Tech,0,0,0
20050727,60310,NVTN',OTC,0.51,0.51,7,0,Navitone Tech,0,0,0
20050728,60310,NVTN',OTC,0.51,0.51,0,0,Navitone Tech,0,0,0
20050729,60310,NVTN',OTC,0.51,0.51,0,0,Navitone Tech,0,0,0
20050801,60310,NVTN',OTC,0.51,0.51,0,0,Navitone Tech,0,0,0
20050802,60310,NVTN',OTC,0.51,0.51,0,0,Navitone Tech,0,0,0
20050803,60310,NVTN',OTC,0.51,0.51,0,0,Navitone Tech,0,0,0
20050804,60310,NVTN',OTC,0.51,0.51,0,0,Navitone Tech,0,0,0
20050805,60310,NVTN',OTC,0.51,0.51,0,0,Navitone Tech,0,0,0
20050808,60310,NVTN',OTC,0.51,0.51,0,0,Navitone Tech,0,0,0
20050809,60310,NVTN',OTC,0.51,0.51,0,0,Navitone Tech,0,0,0
20050810,60310,NVTN',OTC,0.51,0.51,0,0,Navitone Tech,0,0,0
20050811,60310,NVTN',OTC,0.51,0.51,0,0,Navitone Tech,0,0,0
20050812,60310,NVTN',OTC,0.51,0.51,0,0,Navitone Tech,0,0,0
20050815,60310,NVTN',OTC,0.51,0.51,0,0,Navitone Tech,0,0,0
20050816,60310,NVTN',OTC,0.51,0.51,0,0,Navitone Tech,0,0,0
20050817,60310,NVTN',OTC,0.51,0.51,0,0,Navitone Tech,0,0,0
20050818,60310,NVTN',OTC,0.51,0.51,0,0,Navitone Tech,0,0,0
20050819,60310,NVTN',OTC,0.51,0.51,0,0,Navitone Tech,0,0,0
20050822,60310,NVTN',OTC,0.51,0.51,0,0,Navitone Tech,0,0,0
20050823,60310,NVTN',OTC,0.51,0.51,0,0,Navitone Tech,0,0,0
20050824,60310,NVTN',OTC,0.51,0.51,0,0,Navitone Tech,0,0,0
20050825,60310,NVTN',OTC,0.51,0.51,0,0,Navitone Tech,0,0,0
20050826,60310,NVTN',OTC,0.51,0.51,0,0,Navitone Tech,0,0,0
20050829,60310,NVTN',OTC,0.51,0.51,0,0,Navitone Tech,0,0,0
20050830,60310,NVTN',OTC,0.51,0.51,0,0,Navitone Tech,0,0,0
20050831,60310,NVTN',OTC,0.51,0.51,0,0,Navitone Tech,0,0,0
20050901,60310,NVTN',OTC,0.51,0.51,0,0,Navitone Tech,0,0,0
20050902,60310,NVTN',OTC,0.51,0.51,0,0,Navitone Tech,0,0,0
20050906,60310,NVTN',OTC,0.51,0.51,0,0,Navitone Tech,0,0,0
20050907,60310,NVTN',OTC,0.51,0.51,0,0,Navitone Tech,0,0,0
20050908,60310,NVTN',OTC,0.51,0.51,0,0,Navitone Tech,0,0,0
20050909,60310,NVTN',OTC,0.51,0.51,0,0,Navitone Tech,0,0,0
20050912,60310,NVTN',OTC,0.51,0.51,0,0,Navitone Tech,0,0,0
20050913,60310,NVTN',OTC,0.51,0.51,0,0,Navitone Tech,0,0,0
20050914,60310,NVTN',OTC,0.51,0.51,0,0,Navitone Tech,0,0,0
20050915,60310,NVTN',OTC,0.51,0.51,0,0,Navitone Tech,0,0,0
20050916,60310,NVTN',OTC,0.51,0.51,0,0,Navitone Tech,0,0,0
20050919,60310,NVTN',OTC,0.51,0.51,0,0,Navitone Tech,0,0,0
20050920,60310,NVTN',OTC,0.51,0.51,0,0,Navitone Tech,0,0,0
20050921,60310,NVTN',OTC,0.51,0.51,0,0,Navitone Tech,0,0,0
20050922,60310,NVTN',OTC,0.51,0.51,0,0,Navitone Tech,0,0,0
20050923,60310,NVTN',OTC,0.51,0.51,0,0,Navitone Tech,0,0,0
20050926,60310,NVTN',OTC,0.51,0.51,0,0,Navitone Tech,0,0,0
20050927,60310,NVTN',OTC,0.51,0.51,0,0,Navitone Tech,0,0,0
20050928,60310,NVTN',OTC,0.51,0.51,0,0,Navitone Tech,0,0,0
20050929,60310,NVTN',OTC,0.51,0.51,0,0,Navitone Tech,0,0,0
20050930,60310,NVTN',OTC,0.51,0.51,0,0,Navitone Tech,0,0,0
20051003,60310,NVTN',OTC,0.51,0.51,0,0,Navitone Tech,0,0,0
20051004,60310,NVTN',OTC,0.51,0.51,0,0,Navitone Tech,0,0,0
20051005,60310,NVTN',OTC,0.51,0.51,0,0,Navitone Tech,0,0,0
20051006,60310,NVTN',OTC,0.51,0.51,0,0,Navitone Tech,0,0,0
20051007,60310,NVTN',OTC,0.51,0.51,0,0,Navitone Tech,0,0,0
20051010,60310,NVTN',OTC,0.51,0.51,0,0,Navitone Tech,0,0,0
20051011,60310,NVTN',OTC,0.51,0.51,0,0,Navitone Tech,0,0,0
20051012,60310,NVTN',OTC,0.51,0.51,0,0,Navitone Tech,0,0,0
20051013,60310,NVTN',OTC,0.51,0.51,0,0,Navitone Tech,0,0,0
20051014,60310,NVTN',OTC,0.51,0.51,0,0,Navitone Tech,0,0,0
20051017,60310,NVTN',OTC,0.51,0.51,0,0,Navitone Tech,0,0,0
20051018,60310,NVTN',OTC,0.83,0.83,47,0,Navitone Tech,0,0,0
20051019,60310,NVTN',OTC,0.83,0.83,0,0,Navitone Tech,0,0,0
20051020,60310,NVTN',OTC,0.83,0.83,0,0,Navitone Tech,0,0,0
20051021,60310,NVTN',OTC,0.83,0.83,0,0,Navitone Tech,0,0,0
20051024,60310,NVTN',OTC,0.83,0.83,0,0,Navitone Tech,0,0,0
20051025,60310,NVTN',OTC,0.83,0.83,0,0,Navitone Tech,0,0,0
20051026,60310,NVTN',OTC,0.83,0.83,0,0,Navitone Tech,0,0,0
20051027,60310,NVTN',OTC,0.83,0.83,0,0,Navitone Tech,0,0,0
20051028,60310,NVTN',OTC,0.83,0.83,0,0,Navitone Tech,0,0,0
20051031,60310,NVTN',OTC,0.83,0.83,0,0,Navitone Tech,0,0,0
20051101,60310,NVTN',OTC,0.83,0.83,0,0,Navitone Tech,0,0,0
20051102,60310,NVTN',OTC,0.83,0.83,0,0,Navitone Tech,0,0,0
20051103,60310,NVTN',OTC,0.83,0.83,0,0,Navitone Tech,0,0,0
20051104,60310,NVTN',OTC,0.73,0.73,10,0,Navitone Tech,0,0,0
20051107,60310,NVTN',OTC,0.73,0.73,0,0,Navitone Tech,0,0,0
20051108,60310,NVTN',OTC,0.73,0.73,0,0,Navitone Tech,0,0,0
20051109,60310,NVTN',OTC,0.73,0.73,0,0,Navitone Tech,0,0,0
20051110,60310,NVTN',OTC,0.73,0.73,0,0,Navitone Tech,0,0,0
20051111,60310,NVTN',OTC,0.55,0.55,15,0,Navitone Tech,0,0,0
20051114,60310,NVTN',OTC,0.55,0.55,0,0,Navitone Tech,0,0,0
20051115,60310,NVTN',OTC,0.55,0.55,0,0,Navitone Tech,0,0,0
20051116,60310,NVTN',OTC,0.55,0.55,0,0,Navitone Tech,0,0,0
20051117,60310,NVTN',OTC,0.55,0.55,0,0,Navitone Tech,0,0,0
20051118,60310,NVTN',OTC,0.55,0.55,0,0,Navitone Tech,0,0,0
20051121,60310,NVTN',OTC,0.55,0.55,0,0,Navitone Tech,0,0,0
20051122,60310,NVTN',OTC,0.55,0.55,0,0,Navitone Tech,0,0,0
20051123,60310,NVTN',OTC,0.55,0.55,0,0,Navitone Tech,0,0,0
20051125,60310,NVTN',OTC,0.55,0.55,0,0,Navitone Tech,0,0,0
20051128,60310,NVTN',OTC,0.55,0.55,10,0,Navitone Tech,0,0,0
20051129,60310,NVTN',OTC,0.55,0.55,0,0,Navitone Tech,0,0,0
20051130,60310,NVTN',OTC,0.55,0.55,0,0,Navitone Tech,0,0,0
20051201,60310,NVTN',OTC,0.55,0.55,0,0,Navitone Tech,0,0,0
20051202,60310,NVTN',OTC,0.55,0.55,0,0,Navitone Tech,0,0,0
20051205,60310,NVTN',OTC,0.55,0.55,0,0,Navitone Tech,0,0,0
20051206,60310,NVTN',OTC,0.55,0.55,0,0,Navitone Tech,0,0,0
20051207,60310,NVTN',OTC,0.65,0.65,25,0,Navitone Tech,0,0,0
20051208,60310,NVTN',OTC,0.65,0.65,0,0,Navitone Tech,0,0,0
20051209,60310,NVTN',OTC,0.65,0.65,0,0,Navitone Tech,0,0,0
20051212,60310,NVTN',OTC,0.65,0.65,0,0,Navitone Tech,0,0,0
20051213,60310,NVTN',OTC,0.65,0.65,0,0,Navitone Tech,0,0,0
20051214,60310,NVTN',OTC,0.65,0.65,0,0,Navitone Tech,0,0,0
20051215,60310,NVTN',OTC,0.7,0.7,124,0,Navitone Tech,0,0,0
20051216,60310,NVTN',OTC,0.7,0.7,0,0,Navitone Tech,0,0,0
20051219,60310,NVTN',OTC,0.65,0.65,95,0,Navitone Tech,0,0,0
20051220,60310,NVTN',OTC,0.65,0.65,0,0,Navitone Tech,0,0,0
20051221,60310,NVTN',OTC,0.65,0.65,0,0,Navitone Tech,0,0,0
20051222,60310,NVTN',OTC,0.65,0.65,0,0,Navitone Tech,0,0,0
20051223,60310,NVTN',OTC,0.8,0.8,10,0,Navitone Tech,0,0,0
20051227,60310,NVTN',OTC,0.8,0.8,0,0,Navitone Tech,0,0,0
20051228,60310,NVTN',OTC,0.8,0.8,0,0,Navitone Tech,0,0,0
20051229,60310,NVTN',OTC,0.8,0.8,2,0,Navitone Tech,0,0,0
20051230,60310,NVTN',OTC,0.8,0.8,0,0,Navitone Tech,0,0,0
20060103,60310,NVTN',OTC,0.8,0.8,0,0,Navitone Tech,0,0,0
20060104,60310,NVTN',OTC,0.75,0.75,25,0,Navitone Tech,0,0,0
20060105,60310,NVTN',OTC,0.75,0.75,0,0,Navitone Tech,0,0,0
20060106,60310,NVTN',OTC,0.75,0.75,0,0,Navitone Tech,0,0,0
20060109,60310,NVTN',OTC,0.75,0.75,0,0,Navitone Tech,0,0,0
20060110,60310,NVTN',OTC,0.75,0.75,0,0,Navitone Tech,0,0,0
20060111,60310,NVTN',OTC,0.75,0.75,0,0,Navitone Tech,0,0,0
20060112,60310,NVTN',OTC,0.75,0.75,0,0,Navitone Tech,0,0,0
20060113,60310,NVTN',OTC,0.7,0.7,20,0,Navitone Tech,0,0,0
20060117,60310,NVTN',OTC,0.7,0.7,91,0,Navitone Tech,0,0,0
20060118,60310,NVTN',OTC,0.75,0.75,50,0,Navitone Tech,0,0,0
20060119,60310,NVTN',OTC,0.75,0.75,0,0,Navitone Tech,0,0,0
20060120,60310,NVTN',OTC,0.75,0.75,0,0,Navitone Tech,0,0,0
20060123,60310,NVTN',OTC,0.75,0.75,0,0,Navitone Tech,0,0,0
20060124,60310,NVTN',OTC,0.75,0.75,0,0,Navitone Tech,0,0,0
20060125,60310,NVTN',OTC,0.7,0.7,20,0,Navitone Tech,0,0,0
20060126,60310,NVTN',OTC,0.7,0.7,0,0,Navitone Tech,0,0,0
20060127,60310,NVTN',OTC,0.7,0.7,0,0,Navitone Tech,0,0,0
20060130,60310,NVTN',OTC,0.7,0.7,0,0,Navitone Tech,0,0,0
20060131,60310,NVTN',OTC,0.7,0.7,0,0,Navitone Tech,0,0,0
20060201,60310,NVTN',OTC,0.7,0.7,0,0,Navitone Tech,0,0,0
20060202,60310,NVTN',OTC,0.65,0.65,40,0,Navitone Tech,0,0,0
20060203,60310,NVTN',OTC,0.65,0.65,0,0,Navitone Tech,0,0,0
20060206,60310,NVTN',OTC,0.75,0.75,27,0,Navitone Tech,0,0,0
20060207,60310,NVTN',OTC,0.75,0.75,0,0,Navitone Tech,0,0,0
20060208,60310,NVTN',OTC,0.75,0.75,0,0,Navitone Tech,0,0,0
20060209,60310,NVTN',OTC,0.75,0.75,0,0,Navitone Tech,0,0,0
20060210,60310,NVTN',OTC,0.75,0.75,0,0,Navitone Tech,0,0,0
20060213,60310,NVTN',OTC,0.75,0.75,0,0,Navitone Tech,0,0,0
20060214,60310,NVTN',OTC,0.75,0.75,0,0,Navitone Tech,0,0,0
20060215,60310,NVTN',OTC,0.75,0.75,0,0,Navitone Tech,0,0,0
20060216,60310,NVTN',OTC,0.75,0.75,0,0,Navitone Tech,0,0,0
20060217,60310,NVTN',OTC,0.75,0.75,0,0,Navitone Tech,0,0,0
20060221,60310,NVTN',OTC,0.75,0.75,0,0,Navitone Tech,0,0,0
20060222,60310,NVTN',OTC,0.75,0.75,0,0,Navitone Tech,0,0,0
20060223,60310,NVTN',OTC,0.8,0.8,25,0,Navitone Tech,0,0,0
20060224,60310,NVTN',OTC,0.8,0.8,25,0,Navitone Tech,0,0,0
20060227,60310,NVTN',OTC,0.8,0.8,10,0,Navitone Tech,0,0,0
20060228,60310,NVTN',OTC,0.8,0.8,0,0,Navitone Tech,0,0,0
20060301,60310,NVTN',OTC,0.8,0.8,0,0,Navitone Tech,0,0,0
20060302,60310,NVTN',OTC,0.8,0.8,0,0,Navitone Tech,0,0,0
20060303,60310,NVTN',OTC,0.8,0.8,0,0,Navitone Tech,0,0,0
20060306,60310,NVTN',OTC,0.7,0.7,25,0,Navitone Tech,0,0,0
20060307,60310,NVTN',OTC,0.7,0.7,0,0,Navitone Tech,0,0,0
20060308,60310,NVTN',OTC,0.7,0.7,0,0,Navitone Tech,0,0,0
20060309,60310,NVTN',OTC,0.7,0.7,0,0,Navitone Tech,0,0,0
20060310,60310,NVTN',OTC,0.7,0.7,0,0,Navitone Tech,0,0,0
20060313,60310,NVTN',OTC,0.85,0.85,50,0,Navitone Tech,0,0,0
20060314,60310,NVTN',OTC,0.65,0.65,48,0,Navitone Tech,0,0,0
20060315,60310,NVTN',OTC,0.65,0.65,0,0,Navitone Tech,0,0,0
20060316,60310,NVTN',OTC,0.65,0.65,0,0,Navitone Tech,0,0,0
20060317,60310,NVTN',OTC,0.65,0.65,0,0,Navitone Tech,0,0,0
20060320,60310,NVTN',OTC,0.65,0.65,0,0,Navitone Tech,0,0,0
20060321,60310,NVTN',OTC,0.65,0.65,0,0,Navitone Tech,0,0,0
20060322,60310,NVTN',OTC,0.65,0.65,25,0,Navitone Tech,0,0,0
20060323,60310,NVTN',OTC,0.65,0.65,10,0,Navitone Tech,0,0,0
20060324,60310,NVTN',OTC,0.65,0.65,0,0,Navitone Tech,0,0,0
20060327,60310,NVTN',OTC,0.65,0.65,0,0,Navitone Tech,0,0,0
20060328,60310,NVTN',OTC,0.65,0.65,0,0,Navitone Tech,0,0,0
20060329,60310,NVTN',OTC,0.65,0.65,0,0,Navitone Tech,0,0,0
20060330,60310,NVTN',OTC,0.65,0.65,0,0,Navitone Tech,0,0,0
20060331,60310,NVTN',OTC,0.65,0.65,0,0,Navitone Tech,0,0,0
20060403,60310,NVTN',OTC,0.51,0.51,50,0,Navitone Tech,0,0,0
20060404,60310,NVTN',OTC,0.51,0.51,0,0,Navitone Tech,0,0,0
20060405,60310,NVTN',OTC,0.51,0.51,0,0,Navitone Tech,0,0,0
20060406,60310,NVTN',OTC,0.51,0.51,0,0,Navitone Tech,0,0,0
20060407,60310,NVTN',OTC,0.51,0.51,0,0,Navitone Tech,0,0,0
20060410,60310,NVTN',OTC,0.51,0.51,0,0,Navitone Tech,0,0,0
20060411,60310,NVTN',OTC,0.3,0.3,150,0,Navitone Tech,0,0,0
20060412,60310,NVTN',OTC,0.3,0.3,0,0,Navitone Tech,0,0,0
20060413,60310,NVTN',OTC,0.3,0.3,0,0,Navitone Tech,0,0,0
20060417,60310,NVTN',OTC,0.3,0.3,0,0,Navitone Tech,0,0,0
20060418,60310,NVTN',OTC,0.3,0.3,42,0,Navitone Tech,0,0,0
20060419,60310,NVTN',OTC,0.25,0.25,50,0,Navitone Tech,0,0,0
20060420,60310,NVTN',OTC,0.25,0.25,0,0,Navitone Tech,0,0,0
20060421,60310,NVTN',OTC,0.25,0.25,0,0,Navitone Tech,0,0,0
20060424,60310,NVTN',OTC,0.25,0.25,0,0,Navitone Tech,0,0,0
20060425,60310,NVTN',OTC,0.25,0.25,0,0,Navitone Tech,0,0,0
20060426,60310,NVTN',OTC,0.25,0.25,0,0,Navitone Tech,0,0,0
20060427,60310,NVTN',OTC,0.25,0.25,0,0,Navitone Tech,0,0,0
20060428,60310,NVTN',OTC,0.25,0.25,0,0,Navitone Tech,0,0,0
20060501,60310,NVTN',OTC,0.25,0.25,0,0,Navitone Tech,0,0,0
20060502,60310,NVTN',OTC,0.25,0.25,0,0,Navitone Tech,0,0,0
20060503,60310,NVTN',OTC,0.25,0.25,0,0,Navitone Tech,0,0,0
20060504,60310,NVTN',OTC,0.25,0.25,0,0,Navitone Tech,0,0,0
20060505,60310,NVTN',OTC,0.25,0.25,0,0,Navitone Tech,0,0,0
20060508,60310,NVTN',OTC,0.25,0.25,0,0,Navitone Tech,0,0,0
20060509,60310,NVTN',OTC,0.25,0.25,0,0,Navitone Tech,0,0,0
20060510,60310,NVTN',OTC,0.25,0.25,0,0,Navitone Tech,0,0,0
20060511,60310,NVTN',OTC,0.25,0.25,0,0,Navitone Tech,0,0,0
20060512,60310,NVTN',OTC,0.2,0.2,2,0,Navitone Tech,0,0,0
20060515,60310,NVTN',OTC,0.2,0.2,0,0,Navitone Tech,0,0,0
20060516,60310,NVTN',OTC,0.2,0.2,0,0,Navitone Tech,0,0,0
20060517,60310,NVTN',OTC,0.1,0.1,50,0,Navitone Tech,0,0,0
20060518,60310,NVTN',OTC,0.1,0.1,0,0,Navitone Tech,0,0,0
20060519,60310,NVTN',OTC,0.1,0.1,0,0,Navitone Tech,0,0,0
20060522,60310,NVTN',OTC,0.1,0.1,0,0,Navitone Tech,0,0,0
20060523,60310,NVTN',OTC,0.1,0.1,0,0,Navitone Tech,0,0,0
20060524,60310,NVTN',OTC,0.1,0.1,0,0,Navitone Tech,0,0,0
20060525,60310,NVTN',OTC,0.1,0.1,0,0,Navitone Tech,0,0,0
20060526,60310,NVTN',OTC,0.1,0.1,0,0,Navitone Tech,0,0,0
20060530,60310,NVTN',OTC,0.1,0.1,5,0,Navitone Tech,0,0,0
20060531,60310,NVTN',OTC,0.1,0.1,0,0,Navitone Tech,0,0,0
20060601,60310,NVTN',OTC,0.1,0.1,0,0,Navitone Tech,0,0,0
20060602,60310,NVTN',OTC,0.1,0.1,0,0,Navitone Tech,0,0,0
20060605,60310,NVTN',OTC,0.1,0.1,0,0,Navitone Tech,0,0,0
20060606,60310,NVTN',OTC,0.1,0.1,0,0,Navitone Tech,0,0,0
20060607,60310,NVTN',OTC,0.3,0.3,10,0,Navitone Tech,0,0,0
20060608,60310,NVTN',OTC,0.3,0.3,0,0,Navitone Tech,0,0,0
20060609,60310,NVTN',OTC,0.3,0.3,0,0,Navitone Tech,0,0,0
20060612,60310,NVTN',OTC,0.3,0.3,0,0,Navitone Tech,0,0,0
20060613,60310,NVTN',OTC,0.3,0.3,30,0,Navitone Tech,0,0,0
20060614,60310,NVTN',OTC,0.3,0.3,0,0,Navitone Tech,0,0,0
20060615,60310,NVTN',OTC,0.3,0.3,0,0,Navitone Tech,0,0,0
20060616,60310,NVTN',OTC,0.3,0.3,0,0,Navitone Tech,0,0,0
20060619,60310,NVTN',OTC,0.3,0.3,0,0,Navitone Tech,0,0,0
20060620,60310,NVTN',OTC,0.3,0.3,0,0,Navitone Tech,0,0,0
20060621,60310,NVTN',OTC,0.3,0.3,0,0,Navitone Tech,0,0,0
20060622,60310,NVTN',OTC,0.3,0.3,0,0,Navitone Tech,0,0,0
20060623,60310,NVTN',OTC,0.3,0.3,0,0,Navitone Tech,0,0,0
20060626,60310,NVTN',OTC,0.3,0.3,0,0,Navitone Tech,0,0,0
20060627,60310,NVTN',OTC,0.1,0.1,1807,0,Navitone Tech,0,0,0
20060628,60310,NVTN',OTC,0.1,0.1,45,0,Navitone Tech,0,0,0
20060629,60310,NVTN',OTC,0.1,0.1,0,0,Navitone Tech,0,0,0
20060630,60310,NVTN',OTC,0.1,0.1,0,0,Navitone Tech,0,0,0
20060703,60310,NVTN',OTC,0.1,0.1,0,0,Navitone Tech,0,0,0
20060705,60310,NVTN',OTC,0.1,0.1,0,0,Navitone Tech,0,0,0
20060706,60310,NVTN',OTC,0.1,0.1,0,0,Navitone Tech,0,0,0
20060707,60310,NVTN',OTC,0.05,0.05,707,0,Navitone Tech,0,0,0
20060710,60310,NVTN',OTC,0.1,0.1,100,0,Navitone Tech,0,0,0
20060711,60310,NVTN',OTC,0.1,0.1,0,0,Navitone Tech,0,0,0
20060712,60310,NVTN',OTC,0.1,0.1,0,0,Navitone Tech,0,0,0
20060713,60310,NVTN',OTC,0.08,0.08,250,0,Navitone Tech,0,0,0
20060714,60310,NVTN',OTC,0.08,0.08,255,0,Navitone Tech,0,0,0
20060717,60310,NVTN',OTC,0.08,0.08,219,0,Navitone Tech,0,0,0
20060718,60310,NVTN',OTC,0.08,0.08,0,0,Navitone Tech,0,0,0
20060719,60310,NVTN',OTC,0.07,0.07,50,0,Navitone Tech,0,0,0
20060720,60310,NVTN',OTC,0.07,0.07,0,0,Navitone Tech,0,0,0
20060721,60310,NVTN',OTC,0.09,0.09,620,0,Navitone Tech,0,0,0
20060724,60310,NVTN',OTC,0.1,0.1,69,0,Navitone Tech,0,0,0
20060725,60310,NVTN',OTC,0.1,0.1,0,0,Navitone Tech,0,0,0
20060726,60310,NVTN',OTC,0.1,0.1,0,0,Navitone Tech,0,0,0
20060727,60310,NVTN',OTC,0.1,0.1,0,0,Navitone Tech,0,0,0
20060728,60310,NVTN',OTC,0.1,0.1,0,0,Navitone Tech,0,0,0
20060731,60310,NVTN',OTC,0.12,0.12,10,0,Navitone Tech,0,0,0
20060801,60310,NVTN',OTC,0.13,0.13,20,0,Navitone Tech,0,0,0
20060802,60310,NVTN',OTC,0.13,0.13,0,0,Navitone Tech,0,0,0
20060803,60310,NVTN',OTC,0.13,0.13,0,0,Navitone Tech,0,0,0
20060804,60310,NVTN',OTC,0.13,0.13,0,0,Navitone Tech,0,0,0
20060807,60310,NVTN',OTC,0.13,0.13,0,0,Navitone Tech,0,0,0
20060808,60310,NVTN',OTC,0.13,0.13,0,0,Navitone Tech,0,0,0
20060809,60310,NVTN',OTC,0.13,0.13,0,0,Navitone Tech,0,0,0
20060810,60310,NVTN',OTC,0.13,0.13,0,0,Navitone Tech,0,0,0
20060811,60310,NVTN',OTC,0.13,0.13,0,0,Navitone Tech,0,0,0
20060814,60310,NVTN',OTC,0.13,0.13,0,0,Navitone Tech,0,0,0
20060815,60310,NVTN',OTC,0.12,0.12,19,0,Navitone Tech,0,0,0
20060816,60310,NVTN',OTC,0.12,0.12,0,0,Navitone Tech,0,0,0
20060817,60310,NVTN',OTC,0.12,0.12,0,0,Navitone Tech,0,0,0
20060818,60310,NVTN',OTC,0.12,0.12,0,0,Navitone Tech,0,0,0
20060821,60310,NVTN',OTC,0.12,0.12,20,0,Navitone Tech,0,0,0
20060822,60310,NVTN',OTC,0.12,0.12,0,0,Navitone Tech,0,0,0
20060823,60310,NVTN',OTC,0.12,0.12,0,0,Navitone Tech,0,0,0
20060824,60310,NVTN',OTC,0.12,0.12,0,0,Navitone Tech,0,0,0
20060825,60310,NVTN',OTC,0.12,0.12,0,0,Navitone Tech,0,0,0
20060828,60310,NVTN',OTC,0.12,0.12,0,0,Navitone Tech,0,0,0
20060829,60310,NVTN',OTC,0.12,0.12,0,0,Navitone Tech,0,0,0
20060830,60310,NVTN',OTC,0.12,0.12,0,0,Navitone Tech,0,0,0
20060831,60310,NVTN',OTC,0.12,0.12,0,0,Navitone Tech,0,0,0
20060901,60310,NVTN',OTC,0.12,0.12,0,0,Navitone Tech,0,0,0
20060905,60310,NVTN',OTC,0.12,0.12,0,0,Navitone Tech,0,0,0
20060906,60310,NVTN',OTC,0.12,0.12,0,0,Navitone Tech,0,0,0
20060907,60310,NVTN',OTC,0.12,0.12,0,0,Navitone Tech,0,0,0
20060908,60310,NVTN',OTC,0.12,0.12,0,0,Navitone Tech,0,0,0
20060911,60310,NVTN',OTC,0.12,0.12,0,0,Navitone Tech,0,0,0
20060912,60310,NVTN',OTC,0.12,0.12,0,0,Navitone Tech,0,0,0
20060913,60310,NVTN',OTC,0.12,0.12,0,0,Navitone Tech,0,0,0
20060914,60310,NVTN',OTC,0.12,0.12,0,0,Navitone Tech,0,0,0
20060915,60310,NVTN',OTC,0.12,0.12,0,0,Navitone Tech,0,0,0
20060918,60310,NVTN',OTC,0.12,0.12,0,0,Navitone Tech,0,0,0
20060919,60310,NVTN',OTC,0.12,0.12,0,0,Navitone Tech,0,0,0
20060920,60310,NVTN',OTC,0.12,0.12,0,0,Navitone Tech,0,0,0
20060921,60310,NVTN',OTC,0.12,0.12,0,0,Navitone Tech,0,0,0
20060922,60310,NVTN',OTC,0.12,0.12,0,0,Navitone Tech,0,0,0
20060925,60310,NVTN',OTC,0.12,0.12,0,0,Navitone Tech,0,0,0
20060926,60310,NVTN',OTC,0.12,0.12,0,0,Navitone Tech,0,0,0
20060927,60310,NVTN',OTC,0.12,0.12,0,0,Navitone Tech,0,0,0
20060928,60310,NVTN',OTC,0.12,0.12,172,0,Navitone Tech,0,0,0
20060929,60310,NVTN',OTC,0.06,0.06,170,0,Navitone Tech,0,0,0
20061002,60310,NVTN',OTC,0.06,0.06,0,0,Navitone Tech,0,0,0
20061003,60310,NVTN',OTC,0.06,0.06,0,0,Navitone Tech,0,0,0
20061004,60310,NVTN',OTC,0.06,0.06,0,0,Navitone Tech,0,0,0
20061005,60310,NVTN',OTC,0.06,0.06,0,0,Navitone Tech,0,0,0
20061006,60310,NVTN',OTC,0.06,0.06,0,0,Navitone Tech,0,0,0
20061009,60310,NVTN',OTC,0.06,0.06,50,0,Navitone Tech,0,0,0
20061010,60310,NVTN',OTC,0.06,0.06,0,0,Navitone Tech,0,0,0
20061011,60310,NVTN',OTC,0.06,0.06,0,0,Navitone Tech,0,0,0
20061012,60310,NVTN',OTC,0.06,0.06,0,0,Navitone Tech,0,0,0
20061013,60310,NVTN',OTC,0.06,0.06,0,0,Navitone Tech,0,0,0
20061016,60310,NVTN',OTC,0.06,0.06,0,0,Navitone Tech,0,0,0
20061017,60310,NVTN',OTC,0.06,0.06,0,0,Navitone Tech,0,0,0
20061018,60310,NVTN',OTC,0.06,0.06,0,0,Navitone Tech,0,0,0
20061019,60310,NVTN',OTC,0.06,0.06,0,0,Navitone Tech,0,0,0
20061020,60310,NVTN',OTC,0.06,0.06,0,0,Navitone Tech,0,0,0
20061023,60310,NVTN',OTC,0.06,0.06,0,0,Navitone Tech,0,0,0
20061024,60310,NVTN',OTC,0.06,0.06,100,0,Navitone Tech,0,0,0
20061025,60310,NVTN',OTC,0.06,0.06,0,0,Navitone Tech,0,0,0
20061026,60310,NVTN',OTC,0.06,0.06,0,0,Navitone Tech,0,0,0
20061027,60310,NVTN',OTC,0.06,0.06,0,0,Navitone Tech,0,0,0
20061030,60310,NVTN',OTC,0.06,0.06,0,0,Navitone Tech,0,0,0
20061031,60310,NVTN',OTC,0.06,0.06,0,0,Navitone Tech,0,0,0
20061101,60310,NVTN',OTC,0.06,0.06,0,0,Navitone Tech,0,0,0
20061102,60310,NVTN',OTC,0.05,0.05,10,0,Navitone Tech,0,0,0
20061103,60310,NVTN',OTC,0.05,0.05,0,0,Navitone Tech,0,0,0
20061106,60310,NVTN',OTC,0.05,0.05,0,0,Navitone Tech,0,0,0
20061107,60310,NVTN',OTC,0.05,0.05,0,0,Navitone Tech,0,0,0
20061108,60310,NVTN',OTC,0.05,0.05,0,0,Navitone Tech,0,0,0
20061109,60310,NVTN',OTC,0.05,0.05,0,0,Navitone Tech,0,0,0
20061110,60310,NVTN',OTC,0.05,0.05,0,0,Navitone Tech,0,0,0
20061113,60310,NVTN',OTC,0.05,0.05,0,0,Navitone Tech,0,0,0
20061114,60310,NVTN',OTC,0.05,0.05,0,0,Navitone Tech,0,0,0
20061115,60310,NVTN',OTC,0.05,0.05,0,0,Navitone Tech,0,0,0
20061116,60310,NVTN',OTC,0.05,0.05,0,0,Navitone Tech,0,0,0
20061117,60310,NVTN',OTC,0.05,0.05,0,0,Navitone Tech,0,0,0
20061120,60310,NVTN',OTC,0.05,0.05,0,0,Navitone Tech,0,0,0
20061121,60310,NVTN',OTC,0.05,0.05,0,0,Navitone Tech,0,0,0
20061122,60310,NVTN',OTC,0.05,0.05,0,0,Navitone Tech,0,0,0
20061124,60310,NVTN',OTC,0.05,0.05,0,0,Navitone Tech,0,0,0
20061127,60310,NVTN',OTC,0.1,0.1,10,0,Navitone Tech,0,0,0
20061128,60310,NVTN',OTC,0.08,0.08,72,0,Navitone Tech,0,0,0
20061129,60310,NVTN',OTC,0.08,0.08,0,0,Navitone Tech,0,0,0
20061130,60310,NVTN',OTC,0.08,0.08,0,0,Navitone Tech,0,0,0
20061201,60310,NVTN',OTC,0.08,0.08,0,0,Navitone Tech,0,0,0
20061204,60310,NVTN',OTC,0.08,0.08,0,0,Navitone Tech,0,0,0
20061205,60310,NVTN',OTC,0.08,0.08,10,0,Navitone Tech,0,0,0
20061206,60310,NVTN',OTC,0.08,0.08,0,0,Navitone Tech,0,0,0
20061207,60310,NVTN',OTC,0.05,0.05,22,0,Navitone Tech,0,0,0
20061208,60310,NVTN',OTC,0.05,0.05,0,0,Navitone Tech,0,0,0
20061211,60310,NVTN',OTC,0.05,0.05,0,0,Navitone Tech,0,0,0
20061212,60310,NVTN',OTC,0.05,0.05,0,0,Navitone Tech,0,0,0
20061213,60310,NVTN',OTC,0.05,0.05,0,0,Navitone Tech,0,0,0
20061214,60310,NVTN',OTC,0.05,0.05,0,0,Navitone Tech,0,0,0
20061215,60310,NVTN',OTC,0.06,0.06,200,0,Navitone Tech,0,0,0
20061218,60310,NVTN',OTC,0.06,0.06,0,0,Navitone Tech,0,0,0
20061219,60310,NVTN',OTC,0.06,0.06,0,0,Navitone Tech,0,0,0
20061220,60310,NVTN',OTC,0.06,0.06,0,0,Navitone Tech,0,0,0
20061221,60310,NVTN',OTC,0.06,0.06,0,0,Navitone Tech,0,0,0
20061222,60310,NVTN',OTC,0.06,0.06,0,0,Navitone Tech,0,0,0
20061226,60310,NVTN',OTC,0.06,0.06,0,0,Navitone Tech,0,0,0
20061227,60310,NVTN',OTC,0.06,0.06,0,0,Navitone Tech,0,0,0
20061228,60310,NVTN',OTC,0.06,0.06,0,0,Navitone Tech,0,0,0
20061229,60310,NVTN',OTC,0.06,0.06,0,0,Navitone Tech,0,0,0
20070103,60310,NVTN',OTC,0.06,0.06,0,0,Navitone Tech,0,0,0
20070104,60310,NVTN',OTC,0.06,0.06,0,0,Navitone Tech,0,0,0
20070105,60310,NVTN',OTC,0.06,0.06,0,0,Navitone Tech,0,0,0
20070108,60310,NVTN',OTC,0.06,0.06,0,0,Navitone Tech,0,0,0
20070109,60310,NVTN',OTC,0.06,0.06,0,0,Navitone Tech,0,0,0
20070110,60310,NVTN',OTC,0.06,0.06,0,0,Navitone Tech,0,0,0
20070111,60310,NVTN',OTC,0.06,0.06,0,0,Navitone Tech,0,0,0
20070112,60310,NVTN',OTC,0.06,0.06,0,0,Navitone Tech,0,0,0
20070116,60310,NVTN',OTC,0.06,0.06,0,0,Navitone Tech,0,0,0
20070117,60310,NVTN',OTC,0.06,0.06,0,0,Navitone Tech,0,0,0
20070118,60310,NVTN',OTC,0.06,0.06,0,0,Navitone Tech,0,0,0
20070119,60310,NVTN',OTC,0.06,0.06,0,0,Navitone Tech,0,0,0
20070122,60310,NVTN',OTC,0.06,0.06,0,0,Navitone Tech,0,0,0
20070123,60310,NVTN',OTC,0.06,0.06,0,0,Navitone Tech,0,0,0
20070124,60310,NVTN',OTC,0.06,0.06,0,0,Navitone Tech,0,0,0
20070125,60310,NVTN',OTC,0.06,0.06,0,0,Navitone Tech,0,0,0
20070126,60310,NVTN',OTC,0.06,0.06,0,0,Navitone Tech,0,0,0
20070129,60310,NVTN',OTC,0.06,0.06,0,0,Navitone Tech,0,0,0
20070130,60310,NVTN',OTC,0.06,0.06,0,0,Navitone Tech,0,0,0
20070131,60310,NVTN',OTC,0.06,0.06,0,0,Navitone Tech,0,0,0
20070201,60310,NVTN',OTC,0.06,0.06,0,0,Navitone Tech,0,0,0
20070202,60310,NVTN',OTC,0.06,0.06,0,0,Navitone Tech,0,0,0
20070205,60310,NVTN',OTC,0.06,0.06,0,0,Navitone Tech,0,0,0
20070206,60310,NVTN',OTC,0.06,0.06,0,0,Navitone Tech,0,0,0
20070207,60310,NVTN',OTC,0.06,0.06,0,0,Navitone Tech,0,0,0
20070208,60310,NVTN',OTC,0.06,0.06,0,0,Navitone Tech,0,0,0
20070209,60310,NVTN',OTC,0.06,0.06,0,0,Navitone Tech,0,0,0
20070212,60310,NVTN',OTC,0.06,0.06,0,0,Navitone Tech,0,0,0
20070213,60310,NVTN',OTC,0.06,0.06,0,0,Navitone Tech,0,0,0
20070214,60310,NVTN',OTC,0.06,0.06,0,0,Navitone Tech,0,0,0
20070215,60310,NVTN',OTC,0.06,0.06,0,0,Navitone Tech,0,0,0
20070216,60310,NVTN',OTC,0.06,0.06,0,0,Navitone Tech,0,0,0
20070220,60310,NVTN',OTC,0.06,0.06,0,0,Navitone Tech,0,0,0
20070221,60310,NVTN',OTC,0.06,0.06,0,0,Navitone Tech,0,0,0
20070222,60310,NVTN',OTC,0.06,0.06,0,0,Navitone Tech,0,0,0
20070223,60310,NVTN',OTC,0.06,0.06,0,0,Navitone Tech,0,0,0
20070226,60310,NVTN',OTC,0.06,0.06,0,0,Navitone Tech,0,0,0
20070227,60310,NVTN',OTC,0.06,0.06,0,0,Navitone Tech,0,0,0
20070228,60310,NVTN',OTC,0.06,0.06,0,0,Navitone Tech,0,0,0
20070301,60310,NVTN',OTC,0.06,0.06,0,0,Navitone Tech,0,0,0
20070302,60310,NVTN',OTC,0.06,0.06,0,0,Navitone Tech,0,0,0
20070305,60310,NVTN',OTC,0.06,0.06,0,0,Navitone Tech,0,0,0
20070306,60310,NVTN',OTC,0.06,0.06,0,0,Navitone Tech,0,0,0
20070307,60310,NVTN',OTC,0.06,0.06,0,0,Navitone Tech,0,0,0
20070308,60310,NVTN',OTC,0.06,0.06,0,0,Navitone Tech,0,0,0
20070309,60310,NVTN',OTC,0.06,0.06,0,0,Navitone Tech,0,0,0
20070312,60310,NVTN',OTC,0.06,0.06,0,0,Navitone Tech,0,0,0
20070313,60310,NVTN',OTC,0.06,0.06,0,0,Navitone Tech,0,0,0
20070314,60310,NVTN',OTC,0.06,0.06,0,0,Navitone Tech,0,0,0
20070315,60310,NVTN',OTC,0.07,0.07,23,0,Navitone Tech,0,0,0
20070316,60310,NVTN',OTC,0.07,0.07,0,0,Navitone Tech,0,0,0
20070319,60310,NVTN',OTC,0.07,0.07,0,0,Navitone Tech,0,0,0
20070320,60310,NVTN',OTC,0.07,0.07,0,0,Navitone Tech,0,0,0
20070321,60310,NVTN',OTC,0.07,0.07,0,0,Navitone Tech,0,0,0
20070322,60310,NVTN',OTC,0.07,0.07,0,0,Navitone Tech,0,0,0
20070323,60310,NVTN',OTC,0.06,0.06,21,0,Navitone Tech,0,0,0
20070326,60310,NVTN',OTC,0.06,0.06,0,0,Navitone Tech,0,0,0
20070327,60310,NVTN',OTC,0.06,0.06,0,0,Navitone Tech,0,0,0
20070328,60310,NVTN',OTC,0.06,0.06,0,0,Navitone Tech,0,0,0
20070329,60310,NVTN',OTC,0.06,0.06,0,0,Navitone Tech,0,0,0
20070330,60310,NVTN',OTC,0.06,0.06,0,0,Navitone Tech,0,0,0
20070402,60310,NVTN',OTC,0.06,0.06,0,0,Navitone Tech,0,0,0
20070403,60310,NVTN',OTC,0.06,0.06,0,0,Navitone Tech,0,0,0
20070404,60310,NVTN',OTC,0.06,0.06,0,0,Navitone Tech,0,0,0
20070405,60310,NVTN',OTC,0.06,0.06,0,0,Navitone Tech,0,0,0
20070409,60310,NVTN',OTC,0.06,0.06,0,0,Navitone Tech,0,0,0
20070410,60310,NVTN',OTC,0.06,0.06,0,0,Navitone Tech,0,0,0
20070411,60310,NVTN',OTC,0.06,0.06,0,0,Navitone Tech,0,0,0
20070412,60310,NVTN',OTC,0.06,0.06,0,0,Navitone Tech,0,0,0
20070413,60310,NVTN',OTC,0.06,0.06,0,0,Navitone Tech,0,0,0
20070416,60310,NVTN',OTC,0.06,0.06,0,0,Navitone Tech,0,0,0
20070417,60310,NVTN',OTC,0.06,0.06,0,0,Navitone Tech,0,0,0
20070418,60310,NVTN',OTC,0.06,0.06,0,0,Navitone Tech,0,0,0
20070419,60310,NVTN',OTC,0.06,0.06,0,0,Navitone Tech,0,0,0
20070420,60310,NVTN',OTC,0.06,0.06,0,0,Navitone Tech,0,0,0
20070423,60310,NVTN',OTC,0.06,0.06,0,0,Navitone Tech,0,0,0
20070424,60310,NVTN',OTC,0.06,0.06,0,0,Navitone Tech,0,0,0
20070425,60310,NVTN',OTC,0.06,0.06,0,0,Navitone Tech,0,0,0
20070426,60310,NVTN',OTC,0.06,0.06,0,0,Navitone Tech,0,0,0
20070427,60310,NVTN',OTC,0.06,0.06,0,0,Navitone Tech,0,0,0
20070430,60310,NVTN',OTC,0.06,0.06,0,0,Navitone Tech,0,0,0
20070501,60310,NVTN',OTC,0.06,0.06,0,0,Navitone Tech,0,0,0
20070502,60310,NVTN',OTC,0.06,0.06,0,0,Navitone Tech,0,0,0
20070503,60310,NVTN',OTC,0.06,0.06,0,0,Navitone Tech,0,0,0
20070504,60310,NVTN',OTC,0.06,0.06,0,0,Navitone Tech,0,0,0
20070507,60310,NVTN',OTC,0.06,0.06,0,0,Navitone Tech,0,0,0
20070508,60310,NVTN',OTC,0.06,0.06,0,0,Navitone Tech,0,0,0
20070509,60310,NVTN',OTC,0.06,0.06,0,0,Navitone Tech,0,0,0
20070510,60310,NVTN',OTC,0.06,0.06,0,0,Navitone Tech,0,0,0
20070511,60310,NVTN',OTC,0.06,0.06,0,0,Navitone Tech,0,0,0
20070514,60310,NVTN',OTC,0.06,0.06,0,0,Navitone Tech,0,0,0
20070515,60310,NVTN',OTC,0.02,0.02,20,0,Navitone Tech,0,0,0
20070516,60310,NVTN',OTC,0.02,0.02,0,0,Navitone Tech,0,0,0
20070517,60310,NVTN',OTC,0.02,0.02,0,0,Navitone Tech,0,0,0
20070518,60310,NVTN',OTC,0.02,0.02,0,0,Navitone Tech,0,0,0
20070521,60310,NVTN',OTC,0.02,0.02,0,0,Navitone Tech,0,0,0
20070522,60310,NVTN',OTC,0.02,0.02,0,0,Navitone Tech,0,0,0
20070523,60310,NVTN',OTC,0.02,0.02,0,0,Navitone Tech,0,0,0
20070524,60310,NVTN',OTC,0.02,0.02,0,0,Navitone Tech,0,0,0
20070525,60310,NVTN',OTC,0.02,0.02,0,0,Navitone Tech,0,0,0
20070529,60310,NVTN',OTC,0.02,0.02,0,0,Navitone Tech,0,0,0
20070530,60310,NVTN',OTC,0.02,0.02,0,0,Navitone Tech,0,0,0
20070531,60310,NVTN',OTC,0.02,0.02,0,0,Navitone Tech,0,0,0
20070601,60310,NVTN',OTC,0.02,0.02,0,0,Navitone Tech,0,0,0
20070604,60310,NVTN',OTC,0.02,0.02,0,0,Navitone Tech,0,0,0
20070605,60310,NVTN',OTC,0.02,0.02,0,0,Navitone Tech,0,0,0
20070606,60310,NVTN',OTC,0.02,0.02,0,0,Navitone Tech,0,0,0
20070607,60310,NVTN',OTC,0.02,0.02,0,0,Navitone Tech,0,0,0
20070608,60310,NVTN',OTC,0.02,0.02,0,0,Navitone Tech,0,0,0
20070611,60310,NVTN',OTC,0.02,0.02,0,0,Navitone Tech,0,0,0
20070612,60310,NVTN',OTC,0.07,0.07,80,0,Navitone Tech,0,0,0
20070613,60310,NVTN',OTC,0.07,0.07,0,0,Navitone Tech,0,0,0
20070614,60310,NVTN',OTC,0.07,0.07,0,0,Navitone Tech,0,0,0
20070615,60310,NVTN',OTC,0.07,0.07,0,0,Navitone Tech,0,0,0
20070618,60310,NVTN',OTC,0.07,0.07,0,0,Navitone Tech,0,0,0
20070619,60310,NVTN',OTC,0.07,0.07,0,0,Navitone Tech,0,0,0
20070620,60310,NVTN',OTC,0.07,0.07,0,0,Navitone Tech,0,0,0
20070621,60310,NVTN',OTC,0.07,0.07,0,0,Navitone Tech,0,0,0
20070622,60310,NVTN',OTC,0.07,0.07,0,0,Navitone Tech,0,0,0
20070625,60310,NVTN',OTC,0.07,0.07,0,0,Navitone Tech,0,0,0
20070626,60310,NVTN',OTC,0.07,0.07,0,0,Navitone Tech,0,0,0
20070627,60310,NVTN',OTC,0.07,0.07,0,0,Navitone Tech,0,0,0
20070628,60310,NVTN',OTC,0.07,0.07,0,0,Navitone Tech,0,0,0
20070629,60310,NVTN',OTC,0.07,0.07,0,0,Navitone Tech,0,0,0
20070702,60310,NVTN',OTC,0.07,0.07,0,0,Navitone Tech,0,0,0
20070703,60310,NVTN',OTC,0.07,0.07,0,0,Navitone Tech,0,0,0
20070705,60310,NVTN',OTC,0.07,0.07,0,0,Navitone Tech,0,0,0
20070706,60310,NVTN',OTC,0.07,0.07,0,0,Navitone Tech,0,0,0
20070709,60310,NVTN',OTC,0.07,0.07,0,0,Navitone Tech,0,0,0
20070710,60310,NVTN',OTC,0.07,0.07,0,0,Navitone Tech,0,0,0
20070711,60310,NVTN',OTC,0.07,0.07,0,0,Navitone Tech,0,0,0
20070712,60310,NVTN',OTC,0.07,0.07,0,0,Navitone Tech,0,0,0
20070713,60310,NVTN',OTC,0.07,0.07,0,0,Navitone Tech,0,0,0
20070716,60310,NVTN',OTC,0.02,0.02,145,0,Navitone Tech,0,0,0
20070717,60310,NVTN',OTC,0.02,0.02,0,0,Navitone Tech,0,0,0
20070718,60310,NVTN',OTC,0.02,0.02,0,0,Navitone Tech,0,0,0
20070719,60310,NVTN',OTC,0.02,0.02,0,0,Navitone Tech,0,0,0
20070720,60310,NVTN',OTC,0.02,0.02,159,0,Navitone Tech,0,0,0
20070723,60310,NVTN',OTC,0.02,0.02,0,0,Navitone Tech,0,0,0
20070724,60310,NVTN',OTC,0.02,0.02,0,0,Navitone Tech,0,0,0
20070725,60310,NVTN',OTC,0.02,0.02,0,0,Navitone Tech,0,0,0
20070726,60310,NVTN',OTC,0.02,0.02,0,0,Navitone Tech,0,0,0
20070727,60310,NVTN',OTC,0.02,0.02,0,0,Navitone Tech,0,0,0
20070730,60310,NVTN',OTC,0.02,0.02,0,0,Navitone Tech,0,0,0
20070731,60310,NVTN',OTC,0.02,0.02,0,0,Navitone Tech,0,0,0
20070801,60310,NVTN',OTC,0.02,0.02,0,0,Navitone Tech,0,0,0
20070802,60310,NVTN',OTC,0.02,0.02,0,0,Navitone Tech,0,0,0
20070803,60310,NVTN',OTC,0.02,0.02,0,0,Navitone Tech,0,0,0
20070806,60310,NVTN',OTC,0.02,0.02,0,0,Navitone Tech,0,0,0
20070807,60310,NVTN',OTC,0.02,0.02,0,0,Navitone Tech,0,0,0
20070808,60310,NVTN',OTC,0.02,0.02,0,0,Navitone Tech,0,0,0
20070809,60310,NVTN',OTC,0.02,0.02,0,0,Navitone Tech,0,0,0
20070810,60310,NVTN',OTC,0.02,0.02,0,0,Navitone Tech,0,0,0
20070813,60310,NVTN',OTC,0.02,0.02,0,0,Navitone Tech,0,0,0
20070814,60310,NVTN',OTC,0.02,0.02,0,0,Navitone Tech,0,0,0
20070815,60310,NVTN',OTC,0.02,0.02,0,0,Navitone Tech,0,0,0
20070816,60310,NVTN',OTC,0.02,0.02,0,0,Navitone Tech,0,0,0
20070817,60310,NVTN',OTC,0.02,0.02,0,0,Navitone Tech,0,0,0
20070820,60310,NVTN',OTC,0.02,0.02,0,0,Navitone Tech,0,0,0
20070821,60310,NVTN',OTC,0.02,0.02,0,0,Navitone Tech,0,0,0
20070822,60310,NVTN',OTC,0.02,0.02,0,0,Navitone Tech,0,0,0
20070823,60310,NVTN',OTC,0.02,0.02,0,0,Navitone Tech,0,0,0
20070824,60310,NVTN',OTC,0.02,0.02,0,0,Navitone Tech,0,0,0
20070827,60310,NVTN',OTC,0.02,0.02,0,0,Navitone Tech,0,0,0
20070828,60310,NVTN',OTC,0.02,0.02,0,0,Navitone Tech,0,0,0
20070829,60310,NVTN',OTC,0.02,0.02,0,0,Navitone Tech,0,0,0
20070830,60310,NVTN',OTC,0.02,0.02,0,0,Navitone Tech,0,0,0
20070831,60310,NVTN',OTC,0.02,0.02,0,0,Navitone Tech,0,0,0
20070904,60310,NVTN',OTC,0.02,0.02,0,0,Navitone Tech,0,0,0
20070905,60310,NVTN',OTC,0.02,0.02,0,0,Navitone Tech,0,0,0
20070906,60310,NVTN',OTC,0.02,0.02,0,0,Navitone Tech,0,0,0
20070907,60310,NVTN',OTC,0.02,0.02,0,0,Navitone Tech,0,0,0
20070910,60310,NVTN',OTC,0.02,0.02,0,0,Navitone Tech,0,0,0
20070911,60310,NVTN',OTC,0.02,0.02,0,0,Navitone Tech,0,0,0
20070912,60310,NVTN',OTC,0.02,0.02,10,0,Navitone Tech,0,0,0
20070913,60310,NVTN',OTC,0.01,0.01,300,0,Navitone Tech,0,0,0
20070914,60310,NVTN',OTC,0.01,0.01,0,0,Navitone Tech,0,0,0
20070917,60310,NVTN',OTC,0.01,0.01,0,0,Navitone Tech,0,0,0
20070918,60310,NVTN',OTC,0.01,0.01,0,0,Navitone Tech,0,0,0
20070919,60310,NVTN',OTC,0.01,0.01,0,0,Navitone Tech,0,0,0
20070920,60310,NVTN',OTC,0.01,0.01,0,0,Navitone Tech,0,0,0
20070921,60310,NVTN',OTC,0.01,0.01,0,0,Navitone Tech,0,0,0
20070924,60310,NVTN',OTC,0.01,0.01,0,0,Navitone Tech,0,0,0
20070925,60310,NVTN',OTC,0.01,0.01,0,0,Navitone Tech,0,0,0
20070926,60310,NVTN',OTC,0.01,0.01,0,0,Navitone Tech,0,0,0
20070927,60310,NVTN',OTC,0.01,0.01,0,0,Navitone Tech,0,0,0
20070928,60310,NVTN',OTC,0.01,0.01,0,0,Navitone Tech,0,0,0
20071001,60310,NVTN',OTC,0.01,0.01,0,0,Navitone Tech,0,0,0
20071002,60310,NVTN',OTC,0.01,0.01,0,0,Navitone Tech,0,0,0
20071003,60310,NVTN',OTC,0.01,0.01,53,0,Navitone Tech,0,0,0
20071004,60310,NVTN',OTC,0.01,0.01,0,0,Navitone Tech,0,0,0
20071005,60310,NVTN',OTC,0.01,0.01,0,0,Navitone Tech,0,0,0
20071008,60310,NVTN',OTC,0.01,0.01,0,0,Navitone Tech,0,0,0
20071009,60310,NVTN',OTC,0.01,0.01,0,0,Navitone Tech,0,0,0
20071010,60310,NVTN',OTC,0.01,0.01,0,0,Navitone Tech,0,0,0
20071011,60310,NVTN',OTC,0.01,0.01,0,0,Navitone Tech,0,0,0
20071012,60310,NVTN',OTC,0.01,0.01,0,0,Navitone Tech,0,0,0
20071015,60310,NVTN',OTC,0.01,0.01,0,0,Navitone Tech,0,0,0
20071016,60310,NVTN',OTC,0.01,0.01,0,0,Navitone Tech,0,0,0
20071017,60310,NVTN',OTC,0.01,0.01,0,0,Navitone Tech,0,0,0
20071018,60310,NVTN',OTC,0.01,0.01,0,0,Navitone Tech,0,0,0
20071019,60310,NVTN',OTC,0.01,0.01,0,0,Navitone Tech,0,0,0
20071022,60310,NVTN',OTC,0.01,0.01,0,0,Navitone Tech,0,0,0
20071023,60310,NVTN',OTC,0.01,0.01,0,0,Navitone Tech,0,0,0
20071024,60310,NVTN',OTC,0.01,0.01,0,0,Navitone Tech,0,0,0
20071025,60310,NVTN',OTC,0.01,0.01,0,0,Navitone Tech,0,0,0
20071026,60310,NVTN',OTC,0.01,0.01,0,0,Navitone Tech,0,0,0
20071029,60310,NVTN',OTC,0.01,0.01,0,0,Navitone Tech,0,0,0
20071030,60310,NVTN',OTC,0.01,0.01,0,0,Navitone Tech,0,0,0
20071031,60310,NVTN',OTC,0.01,0.01,0,0,Navitone Tech,0,0,0
20071101,60310,NVTN',OTC,0.01,0.01,0,0,Navitone Tech,0,0,0
20071102,60310,NVTN',OTC,0.01,0.01,0,0,Navitone Tech,0,0,0
20071105,60310,NVTN',OTC,0.01,0.01,0,0,Navitone Tech,0,0,0
20071106,60310,NVTN',OTC,0.01,0.01,0,0,Navitone Tech,0,0,0
20071107,60310,NVTN',OTC,0.01,0.01,0,0,Navitone Tech,0,0,0
20071108,60310,NVTN',OTC,0.01,0.01,0,0,Navitone Tech,0,0,0
20071109,60310,NVTN',OTC,0.01,0.01,0,0,Navitone Tech,0,0,0
20071112,60310,NVTN',OTC,0.01,0.01,0,0,Navitone Tech,0,0,0
20071113,60310,NVTN',OTC,0.01,0.01,0,0,Navitone Tech,0,0,0
20071114,60310,NVTN',OTC,0.01,0.01,0,0,Navitone Tech,0,0,0
20071115,60310,NVTN',OTC,0.01,0.01,0,0,Navitone Tech,0,0,0
20071116,60310,NVTN',OTC,0.01,0.01,0,0,Navitone Tech,0,0,0
20071119,60310,NVTN',OTC,0.01,0.01,0,0,Navitone Tech,0,0,0
20071120,60310,NVTN',OTC,0.02,0.02,100,0,Navitone Tech,0,0,0
20071121,60310,NVTN',OTC,0.02,0.02,100,0,Navitone Tech,0,0,0
20071123,60310,NVTN',OTC,0.02,0.02,0,0,Navitone Tech,0,0,0
20071126,60310,NVTN',OTC,0.02,0.02,0,0,Navitone Tech,0,0,0
20071127,60310,NVTN',OTC,0.02,0.02,0,0,Navitone Tech,0,0,0
20071128,60310,NVTN',OTC,0.02,0.02,0,0,Navitone Tech,0,0,0
20071129,60310,NVTN',OTC,0.01,0.01,550,0,Navitone Tech,0,0,0
20071130,60310,NVTN',OTC,0.01,0.01,26,0,Navitone Tech,0,0,0
20071203,60310,NVTN',OTC,0.02,0.02,130,0,Navitone Tech,0,0,0
20071204,60310,NVTN',OTC,0.02,0.02,0,0,Navitone Tech,0,0,0
20071205,60310,NVTN',OTC,0.02,0.02,0,0,Navitone Tech,0,0,0
20071206,60310,NVTN',OTC,0.02,0.02,0,0,Navitone Tech,0,0,0
20071207,60310,NVTN',OTC,0.02,0.02,0,0,Navitone Tech,0,0,0
20071210,60310,NVTN',OTC,0.02,0.02,0,0,Navitone Tech,0,0,0
20071211,60310,NVTN',OTC,0.02,0.02,0,0,Navitone Tech,0,0,0
20071212,60310,NVTN',OTC,0.02,0.02,0,0,Navitone Tech,0,0,0
20071213,60310,NVTN',OTC,0.02,0.02,0,0,Navitone Tech,0,0,0
20071214,60310,NVTN',OTC,0.02,0.02,0,0,Navitone Tech,0,0,0
20071217,60310,NVTN',OTC,0.02,0.02,0,0,Navitone Tech,0,0,0
20071218,60310,NVTN',OTC,0.02,0.02,0,0,Navitone Tech,0,0,0
20071219,60310,NVTN',OTC,0.02,0.02,0,0,Navitone Tech,0,0,0
20071220,60310,NVTN',OTC,0.02,0.02,0,0,Navitone Tech,0,0,0
20071221,60310,NVTN',OTC,0.02,0.02,0,0,Navitone Tech,0,0,0
20071224,60310,NVTN',OTC,0.02,0.02,0,0,Navitone Tech,0,0,0
20071226,60310,NVTN',OTC,0.01,0.01,20,0,Navitone Tech,0,0,0
20071227,60310,NVTN',OTC,0.01,0.01,0,0,Navitone Tech,0,0,0
20071228,60310,NVTN',OTC,0.01,0.01,0,0,Navitone Tech,0,0,0
20071231,60310,NVTN',OTC,0.01,0.01,0,0,Navitone Tech,0,0,0
20080102,60310,NVTN',OTC,0.01,0.01,0,0,Navitone Tech,0,0,0
20080103,60310,NVTN',OTC,0.01,0.01,0,0,Navitone Tech,0,0,0
20080104,60310,NVTN',OTC,0.01,0.01,0,0,Navitone Tech,0,0,0
20080107,60310,NVTN',OTC,0.01,0.01,0,0,Navitone Tech,0,0,0
20080108,60310,NVTN',OTC,0.01,0.01,0,0,Navitone Tech,0,0,0
20080109,60310,NVTN',OTC,0.01,0.01,0,0,Navitone Tech,0,0,0
20080110,60310,NVTN',OTC,0.01,0.01,0,0,Navitone Tech,0,0,0
20080111,60310,NVTN',OTC,0.01,0.01,0,0,Navitone Tech,0,0,0
20080114,60310,NVTN',OTC,0.01,0.01,0,0,Navitone Tech,0,0,0
20080115,60310,NVTN',OTC,0.01,0.01,0,0,Navitone Tech,0,0,0
20080116,60310,NVTN',OTC,0.01,0.01,0,0,Navitone Tech,0,0,0
20080117,60310,NVTN',OTC,0.01,0.01,0,0,Navitone Tech,0,0,0
20080118,60310,NVTN',OTC,0.01,0.01,0,0,Navitone Tech,0,0,0
20080122,60310,NVTN',OTC,0.01,0.01,0,0,Navitone Tech,0,0,0
20080123,60310,NVTN',OTC,0.01,0.01,0,0,Navitone Tech,0,0,0
20080124,60310,NVTN',OTC,0.01,0.01,0,0,Navitone Tech,0,0,0
20080125,60310,NVTN',OTC,0.01,0.01,0,0,Navitone Tech,0,0,0
20080128,60310,NVTN',OTC,0.01,0.01,0,0,Navitone Tech,0,0,0
20080129,60310,NVTN',OTC,0.01,0.01,0,0,Navitone Tech,0,0,0
20080130,60310,NVTN',OTC,0.01,0.01,0,0,Navitone Tech,0,0,0
20080131,60310,NVTN',OTC,0.01,0.01,0,0,Navitone Tech,0,0,0
20080201,60310,NVTN',OTC,0.01,0.01,0,0,Navitone Tech,0,0,0
20080204,60310,NVTN',OTC,0.01,0.01,0,0,Navitone Tech,0,0,0
20080205,60310,NVTN',OTC,0.01,0.01,0,0,Navitone Tech,0,0,0
20080206,60310,NVTN',OTC,0.01,0.01,0,0,Navitone Tech,0,0,0
20080207,60310,NVTN',OTC,0.01,0.01,0,0,Navitone Tech,0,0,0
20080208,60310,NVTN',OTC,0.01,0.01,0,0,Navitone Tech,0,0,0
20080211,60310,NVTN',OTC,0.05,0.05,23,0,Navitone Tech,0,0,0
20080212,60310,NVTN',OTC,0.05,0.05,0,0,Navitone Tech,0,0,0
20080213,60310,NVTN',OTC,0.05,0.05,0,0,Navitone Tech,0,0,0
20080214,60310,NVTN',OTC,0.05,0.05,0,0,Navitone Tech,0,0,0
20080215,60310,NVTN',OTC,0.05,0.05,0,0,Navitone Tech,0,0,0
20080219,60310,NVTN',OTC,0.05,0.05,0,0,Navitone Tech,0,0,0
20080220,60310,NVTN',OTC,0.05,0.05,0,0,Navitone Tech,0,0,0
20080221,60310,NVTN',OTC,0.05,0.05,0,0,Navitone Tech,0,0,0
20080222,60310,NVTN',OTC,0.05,0.05,0,0,Navitone Tech,0,0,0
20080225,60310,NVTN',OTC,0.05,0.05,0,0,Navitone Tech,0,0,0
20080226,60310,NVTN',OTC,0.05,0.05,0,0,Navitone Tech,0,0,0
20080227,60310,NVTN',OTC,0.05,0.05,0,0,Navitone Tech,0,0,0
20080228,60310,NVTN',OTC,0.05,0.05,0,0,Navitone Tech,0,0,0
20080229,60310,NVTN',OTC,0.05,0.05,0,0,Navitone Tech,0,0,0
20080303,60310,NVTN',OTC,0.05,0.05,0,0,Navitone Tech,0,0,0
20080304,60310,NVTN',OTC,0.05,0.05,0,0,Navitone Tech,0,0,0
20080305,60310,NVTN',OTC,0.05,0.05,0,0,Navitone Tech,0,0,0
20080306,60310,NVTN',OTC,0.05,0.05,0,0,Navitone Tech,0,0,0
20080307,60310,NVTN',OTC,0.05,0.05,0,0,Navitone Tech,0,0,0
20080310,60310,NVTN',OTC,0.05,0.05,0,0,Navitone Tech,0,0,0
20080311,60310,NVTN',OTC,0.05,0.05,0,0,Navitone Tech,0,0,0
20080312,60310,NVTN',OTC,0.05,0.05,0,0,Navitone Tech,0,0,0
20080313,60310,NVTN',OTC,0.05,0.05,0,0,Navitone Tech,0,0,0
20080314,60310,NVTN',OTC,0.05,0.05,0,0,Navitone Tech,0,0,0
20080317,60310,NVTN',OTC,0.05,0.05,0,0,Navitone Tech,0,0,0
20080318,60310,NVTN',OTC,0.05,0.05,0,0,Navitone Tech,0,0,0
20080319,60310,NVTN',OTC,0.05,0.05,0,0,Navitone Tech,0,0,0
20080320,60310,NVTN',OTC,0.05,0.05,0,0,Navitone Tech,0,0,0
20080324,60310,NVTN',OTC,0.05,0.05,0,0,Navitone Tech,0,0,0
20080325,60310,NVTN',OTC,0.05,0.05,0,0,Navitone Tech,0,0,0
20080326,60310,NVTN',OTC,0.05,0.05,0,0,Navitone Tech,0,0,0
20080327,60310,NVTN',OTC,0.05,0.05,0,0,Navitone Tech,0,0,0
20080328,60310,NVTN',OTC,0.05,0.05,0,0,Navitone Tech,0,0,0
20080331,60310,NVTN',OTC,0.05,0.05,0,0,Navitone Tech,0,0,0
20080401,60310,NVTN',OTC,0.05,0.05,0,0,Navitone Tech,0,0,0
20080402,60310,NVTN',OTC,0.05,0.05,0,0,Navitone Tech,0,0,0
20080403,60310,NVTN',OTC,0.05,0.05,0,0,Navitone Tech,0,0,0
20080404,60310,NVTN',OTC,0.05,0.05,0,0,Navitone Tech,0,0,0
20080407,60310,NVTN',OTC,0.05,0.05,0,0,Navitone Tech,0,0,0
20080408,60310,NVTN',OTC,0.05,0.05,0,0,Navitone Tech,0,0,0
20080409,60310,NVTN',OTC,0.05,0.05,0,0,Navitone Tech,0,0,0
20080410,60310,NVTN',OTC,0.05,0.05,0,0,Navitone Tech,0,0,0
20080411,60310,NVTN',OTC,0.05,0.05,0,0,Navitone Tech,0,0,0
20080414,60310,NVTN',OTC,0.05,0.05,0,0,Navitone Tech,0,0,0
20080415,60310,NVTN',OTC,0.05,0.05,0,0,Navitone Tech,0,0,0
20080416,60310,NVTN',OTC,0.05,0.05,0,0,Navitone Tech,0,0,0
20080417,60310,NVTN',OTC,0.05,0.05,0,0,Navitone Tech,0,0,0
20080418,60310,NVTN',OTC,0.05,0.05,0,0,Navitone Tech,0,0,0
20080421,60310,NVTN',OTC,0.05,0.05,0,0,Navitone Tech,0,0,0
20080422,60310,NVTN',OTC,0.05,0.05,0,0,Navitone Tech,0,0,0
20080423,60310,NVTN',OTC,0.05,0.05,0,0,Navitone Tech,0,0,0
20080424,60310,NVTN',OTC,0.05,0.05,0,0,Navitone Tech,0,0,0
20080425,60310,NVTN',OTC,0.05,0.05,0,0,Navitone Tech,0,0,0
20080428,60310,NVTN',OTC,0.05,0.05,0,0,Navitone Tech,0,0,0
20080429,60310,NVTN',OTC,0.05,0.05,0,0,Navitone Tech,0,0,0
20080430,60310,NVTN',OTC,0.05,0.05,0,0,Navitone Tech,0,0,0
20080501,60310,NVTN',OTC,0.05,0.05,0,0,Navitone Tech,0,0,0
20080502,60310,NVTN',OTC,0.05,0.05,0,0,Navitone Tech,0,0,0
20080505,60310,NVTN',OTC,0.05,0.05,0,0,Navitone Tech,0,0,0
20080506,60310,NVTN',OTC,0.05,0.05,0,0,Navitone Tech,0,0,0
20080507,60310,NVTN',OTC,0.05,0.05,0,0,Navitone Tech,0,0,0
20080508,60310,NVTN',OTC,0.05,0.05,0,0,Navitone Tech,0,0,0
20080509,60310,NVTN',OTC,0.05,0.05,0,0,Navitone Tech,0,0,0
20080512,60310,NVTN',OTC,0.05,0.05,0,0,Navitone Tech,0,0,0
20080513,60310,NVTN',OTC,0.05,0.05,0,0,Navitone Tech,0,0,0
20080514,60310,NVTN',OTC,0.05,0.05,0,0,Navitone Tech,0,0,0
20080515,60310,NVTN',OTC,0.05,0.05,0,0,Navitone Tech,0,0,0
20080516,60310,NVTN',OTC,0.05,0.05,0,0,Navitone Tech,0,0,0
20080519,60310,NVTN',OTC,0.05,0.05,0,0,Navitone Tech,0,0,0
20080520,60310,NVTN',OTC,0.05,0.05,0,0,Navitone Tech,0,0,0
20080521,60310,NVTN',OTC,0.05,0.05,0,0,Navitone Tech,0,0,0
20080522,60310,NVTN',OTC,0.05,0.05,0,0,Navitone Tech,0,0,0
20080523,60310,NVTN',OTC,0.05,0.05,0,0,Navitone Tech,0,0,0
20080527,60310,NVTN',OTC,0.05,0.05,0,0,Navitone Tech,0,0,0
20080528,60310,NVTN',OTC,0.05,0.05,0,0,Navitone Tech,0,0,0
20080529,60310,NVTN',OTC,0.05,0.05,0,0,Navitone Tech,0,0,0
20080530,60310,NVTN',OTC,0.05,0.05,0,0,Navitone Tech,0,0,0
20080602,60310,NVTN',OTC,0.05,0.05,0,0,Navitone Tech,0,0,0
20080603,60310,NVTN',OTC,0.05,0.05,0,0,Navitone Tech,0,0,0
20080604,60310,NVTN',OTC,0.05,0.05,0,0,Navitone Tech,0,0,0
20080605,60310,NVTN',OTC,0.05,0.05,0,0,Navitone Tech,0,0,0
20080606,60310,NVTN',OTC,0.05,0.05,0,0,Navitone Tech,0,0,0
20080609,60310,NVTN',OTC,0.05,0.05,0,0,Navitone Tech,0,0,0
20080610,60310,NVTN',OTC,0.05,0.05,0,0,Navitone Tech,0,0,0
20080611,60310,NVTN',OTC,0.05,0.05,0,0,Navitone Tech,0,0,0
20080612,60310,NVTN',OTC,0.05,0.05,0,0,Navitone Tech,0,0,0
20080613,60310,NVTN',OTC,0.05,0.05,0,0,Navitone Tech,0,0,0
20080616,60310,NVTN',OTC,0.05,0.05,0,0,Navitone Tech,0,0,0
20080617,60310,NVTN',OTC,0.05,0.05,0,0,Navitone Tech,0,0,0
20080618,60310,NVTN',OTC,0.05,0.05,0,0,Navitone Tech,0,0,0
20080619,60310,NVTN',OTC,0.05,0.05,0,0,Navitone Tech,0,0,0
20080620,60310,NVTN',OTC,0.05,0.05,0,0,Navitone Tech,0,0,0
20080623,60310,NVTN',OTC,0.05,0.05,0,0,Navitone Tech,0,0,0
20080624,60310,NVTN',OTC,0.05,0.05,0,0,Navitone Tech,0,0,0
20080625,60310,NVTN',OTC,0.05,0.05,0,0,Navitone Tech,0,0,0
20080626,60310,NVTN',OTC,0.05,0.05,0,0,Navitone Tech,0,0,0
20080627,60310,NVTN',OTC,0.05,0.05,0,0,Navitone Tech,0,0,0
20080630,60310,NVTN',OTC,0.05,0.05,0,0,Navitone Tech,0,0,0
20080701,60310,NVTN',OTC,0.05,0.05,0,0,Navitone Tech,0,0,0
20080702,60310,NVTN',OTC,0.05,0.05,0,0,Navitone Tech,0,0,0
20080703,60310,NVTN',OTC,0.05,0.05,0,0,Navitone Tech,0,0,0
20080707,60310,NVTN',OTC,0.05,0.05,0,0,Navitone Tech,0,0,0
20080708,60310,NVTN',OTC,0.05,0.05,0,0,Navitone Tech,0,0,0
20080709,60310,NVTN',OTC,0.05,0.05,0,0,Navitone Tech,0,0,0
20080710,60310,NVTN',OTC,0.05,0.05,0,0,Navitone Tech,0,0,0
20080711,60310,NVTN',OTC,0.05,0.05,0,0,Navitone Tech,0,0,0
20080714,60310,NVTN',OTC,0.05,0.05,0,0,Navitone Tech,0,0,0
20080715,60310,NVTN',OTC,0.05,0.05,0,0,Navitone Tech,0,0,0
20080716,60310,NVTN',OTC,0.05,0.05,0,0,Navitone Tech,0,0,0
20080717,60310,NVTN',OTC,0.05,0.05,0,0,Navitone Tech,0,0,0
20080718,60310,NVTN',OTC,0.05,0.05,0,0,Navitone Tech,0,0,0
20080721,60310,NVTN',OTC,0.05,0.05,0,0,Navitone Tech,0,0,0
20080722,60310,NVTN',OTC,0.05,0.05,0,0,Navitone Tech,0,0,0
20080723,60310,NVTN',OTC,0.05,0.05,0,0,Navitone Tech,0,0,0
20080724,60310,NVTN',OTC,0.05,0.05,0,0,Navitone Tech,0,0,0
20080725,60310,NVTN',OTC,0.05,0.05,0,0,Navitone Tech,0,0,0
20080728,60310,NVTN',OTC,0.05,0.05,0,0,Navitone Tech,0,0,0
20080729,60310,NVTN',OTC,0.05,0.05,0,0,Navitone Tech,0,0,0
20080730,60310,NVTN',OTC,0.05,0.05,0,0,Navitone Tech,0,0,0
20080731,60310,NVTN',OTC,0.05,0.05,0,0,Navitone Tech,0,0,0
20080801,60310,NVTN',OTC,0.05,0.05,0,0,Navitone Tech,0,0,0
20080804,60310,NVTN',OTC,0.05,0.05,0,0,Navitone Tech,0,0,0
20080805,60310,NVTN',OTC,0.05,0.05,0,0,Navitone Tech,0,0,0
20080806,60310,NVTN',OTC,0.05,0.05,0,0,Navitone Tech,0,0,0
20080807,60310,NVTN',OTC,0.05,0.05,0,0,Navitone Tech,0,0,0
20080808,60310,NVTN',OTC,0.05,0.05,0,0,Navitone Tech,0,0,0
20080811,60310,NVTN',OTC,0.05,0.05,0,0,Navitone Tech,0,0,0
20080812,60310,NVTN',OTC,0.05,0.05,0,0,Navitone Tech,0,0,0
20080813,60310,NVTN',OTC,0.05,0.05,0,0,Navitone Tech,0,0,0
20080814,60310,NVTN',OTC,0.05,0.05,0,0,Navitone Tech,0,0,0
20080815,60310,NVTN',OTC,0.05,0.05,0,0,Navitone Tech,0,0,0
20080818,60310,NVTN',OTC,0.05,0.05,0,0,Navitone Tech,0,0,0
20080819,60310,NVTN',OTC,0.05,0.05,0,0,Navitone Tech,0,0,0
20080820,60310,NVTN',OTC,0.05,0.05,0,0,Navitone Tech,0,0,0
20080821,60310,NVTN',OTC,0.05,0.05,0,0,Navitone Tech,0,0,0
20080822,60310,NVTN',OTC,0.05,0.05,0,0,Navitone Tech,0,0,0
20080825,60310,NVTN',OTC,0.05,0.05,0,0,Navitone Tech,0,0,0
20080826,60310,NVTN',OTC,0.05,0.05,0,0,Navitone Tech,0,0,0
20080827,60310,NVTN',OTC,0.05,0.05,0,0,Navitone Tech,0,0,0
20080828,60310,NVTN',OTC,0.05,0.05,0,0,Navitone Tech,0,0,0
20080829,60310,NVTN',OTC,0.05,0.05,0,0,Navitone Tech,0,0,0
20080902,60310,NVTN',OTC,0.05,0.05,0,0,Navitone Tech,0,0,0
20080903,60310,NVTN',OTC,0.05,0.05,0,0,Navitone Tech,0,0,0
20080904,60310,NVTN',OTC,0.05,0.05,0,0,Navitone Tech,0,0,0
20080905,60310,NVTN',OTC,0.05,0.05,0,0,Navitone Tech,0,0,0
20080908,60310,NVTN',OTC,0.05,0.05,0,0,Navitone Tech,0,0,0
20080909,60310,NVTN',OTC,0.05,0.05,0,0,Navitone Tech,0,0,0
20080910,60310,NVTN',OTC,0.05,0.05,0,0,Navitone Tech,0,0,0
20080911,60310,NVTN',OTC,0.05,0.05,0,0,Navitone Tech,0,0,0
20080912,60310,NVTN',OTC,0.05,0.05,0,0,Navitone Tech,0,0,0
20080915,60310,NVTN',OTC,0.05,0.05,0,0,Navitone Tech,0,0,0
20080916,60310,NVTN',OTC,0.05,0.05,0,0,Navitone Tech,0,0,0
20080917,60310,NVTN',OTC,0.05,0.05,0,0,Navitone Tech,0,0,0
20080918,60310,NVTN',OTC,0.05,0.05,0,0,Navitone Tech,0,0,0
20080919,60310,NVTN',OTC,0.05,0.05,0,0,Navitone Tech,0,0,0
20080922,60310,NVTN',OTC,0.05,0.05,0,0,Navitone Tech,0,0,0
20080923,60310,NVTN',OTC,0.05,0.05,0,0,Navitone Tech,0,0,0
20080924,60310,NVTN',OTC,0.05,0.05,0,0,Navitone Tech,0,0,0
20080925,60310,NVTN',OTC,0.05,0.05,0,0,Navitone Tech,0,0,0
20080926,60310,NVTN',OTC,0.05,0.05,0,0,Navitone Tech,0,0,0
20080929,60310,NVTN',OTC,0.05,0.05,0,0,Navitone Tech,0,0,0
20080930,60310,NVTN',OTC,0.05,0.05,0,0,Navitone Tech,0,0,0
20081001,60310,NVTN',OTC,0.01,0.01,100,0,Navitone Tech,0,0,0
20081002,60310,NVTN',OTC,0.01,0.01,0,0,Navitone Tech,0,0,0
20081003,60310,NVTN',OTC,0.01,0.01,0,0,Navitone Tech,0,0,0
20081006,60310,NVTN',OTC,0.01,0.01,0,0,Navitone Tech,0,0,0
20081007,60310,NVTN',OTC,0.01,0.01,0,0,Navitone Tech,0,0,0
20081008,60310,NVTN',OTC,0.01,0.01,0,0,Navitone Tech,0,0,0
20081009,60310,NVTN',OTC,0.01,0.01,0,0,Navitone Tech,0,0,0
20081010,60310,NVTN',OTC,0.01,0.01,0,0,Navitone Tech,0,0,0
20081013,60310,NVTN',OTC,0.01,0.01,0,0,Navitone Tech,0,0,0
20081014,60310,NVTN',OTC,0.01,0.01,0,0,Navitone Tech,0,0,0
20081015,60310,NVTN',OTC,0.01,0.01,0,0,Navitone Tech,0,0,0
20081016,60310,NVTN',OTC,0.01,0.01,0,0,Navitone Tech,0,0,0
20081017,60310,NVTN',OTC,0.01,0.01,0,0,Navitone Tech,0,0,0
20081020,60310,NVTN',OTC,0.01,0.01,0,0,Navitone Tech,0,0,0
20081021,60310,NVTN',OTC,0.01,0.01,0,0,Navitone Tech,0,0,0
20081022,60310,NVTN',OTC,0.01,0.01,0,0,Navitone Tech,0,0,0
20081023,60310,NVTN',OTC,0.01,0.01,0,0,Navitone Tech,0,0,0
20081024,60310,NVTN',OTC,0.01,0.01,0,0,Navitone Tech,0,0,0
20081027,60310,NVTN',OTC,0.01,0.01,0,0,Navitone Tech,0,0,0
20081028,60310,NVTN',OTC,0.01,0.01,0,0,Navitone Tech,0,0,0
20081029,60310,NVTN',OTC,0.01,0.01,0,0,Navitone Tech,0,0,0
20081030,60310,NVTN',OTC,0.01,0.01,0,0,Navitone Tech,0,0,0
20081031,60310,NVTN',OTC,0.01,0.01,0,0,Navitone Tech,0,0,0
20081103,60310,NVTN',OTC,0.01,0.01,0,0,Navitone Tech,0,0,0
20081104,60310,NVTN',OTC,0.01,0.01,0,0,Navitone Tech,0,0,0
20081105,60310,NVTN',OTC,0.01,0.01,0,0,Navitone Tech,0,0,0
20081106,60310,NVTN',OTC,0.01,0.01,0,0,Navitone Tech,0,0,0
20081107,60310,NVTN',OTC,0.01,0.01,0,0,Navitone Tech,0,0,0
20081110,60310,NVTN',OTC,0.01,0.01,0,0,Navitone Tech,0,0,0
20081111,60310,NVTN',OTC,0.01,0.01,0,0,Navitone Tech,0,0,0
20081112,60310,NVTN',OTC,0.01,0.01,0,0,Navitone Tech,0,0,0
20081113,60310,NVTN',OTC,0.01,0.01,0,0,Navitone Tech,0,0,0
20081114,60310,NVTN',OTC,0.01,0.01,0,0,Navitone Tech,0,0,0
20081117,60310,NVTN',OTC,0.01,0.01,0,0,Navitone Tech,0,0,0
20081118,60310,NVTN',OTC,0.01,0.01,0,0,Navitone Tech,0,0,0
20081119,60310,NVTN',OTC,0.01,0.01,0,0,Navitone Tech,0,0,0
20081120,60310,NVTN',OTC,0.01,0.01,0,0,Navitone Tech,0,0,0
20081121,60310,NVTN',OTC,0.01,0.01,0,0,Navitone Tech,0,0,0
20081124,60310,NVTN',OTC,0.01,0.01,0,0,Navitone Tech,0,0,0
20081125,60310,NVTN',OTC,0.01,0.01,0,0,Navitone Tech,0,0,0
20081126,60310,NVTN',OTC,0.01,0.01,0,0,Navitone Tech,0,0,0
20081128,60310,NVTN',OTC,0.01,0.01,0,0,Navitone Tech,0,0,0
20081201,60310,NVTN',OTC,0.01,0.01,0,0,Navitone Tech,0,0,0
20081202,60310,NVTN',OTC,0.01,0.01,0,0,Navitone Tech,0,0,0
20081203,60310,NVTN',OTC,0.01,0.01,0,0,Navitone Tech,0,0,0
20081204,60310,NVTN',OTC,0.01,0.01,0,0,Navitone Tech,0,0,0
20081205,60310,NVTN',OTC,0.01,0.01,0,0,Navitone Tech,0,0,0
20081208,60310,NVTN',OTC,0.01,0.01,0,0,Navitone Tech,0,0,0
20081209,60310,NVTN',OTC,0.01,0.01,0,0,Navitone Tech,0,0,0
20081210,60310,NVTN',OTC,0.01,0.01,0,0,Navitone Tech,0,0,0
20081211,60310,NVTN',OTC,0.01,0.01,0,0,Navitone Tech,0,0,0
20081212,60310,NVTN',OTC,0.01,0.01,0,0,Navitone Tech,0,0,0
20081215,60310,NVTN',OTC,0.01,0.01,0,0,Navitone Tech,0,0,0
20081216,60310,NVTN',OTC,0.01,0.01,0,0,Navitone Tech,0,0,0
20081217,60310,NVTN',OTC,0.01,0.01,0,0,Navitone Tech,0,0,0
20081218,60310,NVTN',OTC,0.01,0.01,0,0,Navitone Tech,0,0,0
20081219,60310,NVTN',OTC,0.01,0.01,0,0,Navitone Tech,0,0,0
20081222,60310,NVTN',OTC,0.01,0.01,0,0,Navitone Tech,0,0,0
20081223,60310,NVTN',OTC,0.01,0.01,0,0,Navitone Tech,0,0,0
20081224,60310,NVTN',OTC,0.01,0.01,0,0,Navitone Tech,0,0,0
20081226,60310,NVTN',OTC,0.01,0.01,0,0,Navitone Tech,0,0,0
20081229,60310,NVTN',OTC,0.01,0.01,0,0,Navitone Tech,0,0,0
20081230,60310,NVTN',OTC,0.01,0.01,0,0,Navitone Tech,0,0,0
20081231,60310,NVTN',OTC,0.01,0.01,0,0,Navitone Tech,0,0,0
20090102,60310,NVTN',OTC,0.01,0.01,0,0,Navitone Tech,0,0,0
20090105,60310,NVTN',OTC,0.01,0.01,0,0,Navitone Tech,0,0,0
20090106,60310,NVTN',OTC,0.01,0.01,0,0,Navitone Tech,0,0,0
20090107,60310,NVTN',OTC,0.01,0.01,0,0,Navitone Tech,0,0,0
20090108,60310,NVTN',OTC,0.01,0.01,0,0,Navitone Tech,0,0,0
20090109,60310,NVTN',OTC,0.01,0.01,0,0,Navitone Tech,0,0,0
20090112,60310,NVTN',OTC,0.01,0.01,0,0,Navitone Tech,0,0,0
20090113,60310,NVTN',OTC,0.01,0.01,0,0,Navitone Tech,0,0,0
20090114,60310,NVTN',OTC,0.01,0.01,0,0,Navitone Tech,0,0,0
20090115,60310,NVTN',OTC,0.01,0.01,0,0,Navitone Tech,0,0,0
20090116,60310,NVTN',OTC,0.01,0.01,0,0,Navitone Tech,0,0,0
20090120,60310,NVTN',OTC,0.01,0.01,0,0,Navitone Tech,0,0,0
20090121,60310,NVTN',OTC,0.01,0.01,0,0,Navitone Tech,0,0,0
20090122,60310,NVTN',OTC,0.01,0.01,0,0,Navitone Tech,0,0,0
20090123,60310,NVTN',OTC,0.01,0.01,0,0,Navitone Tech,0,0,0
20090126,60310,NVTN',OTC,0.01,0.01,0,0,Navitone Tech,0,0,0
20090127,60310,NVTN',OTC,0.01,0.01,0,0,Navitone Tech,0,0,0
20090128,60310,NVTN',OTC,0.01,0.01,0,0,Navitone Tech,0,0,0
20090129,60310,NVTN',OTC,0.01,0.01,0,0,Navitone Tech,0,0,0
20090130,60310,NVTN',OTC,0.01,0.01,0,0,Navitone Tech,0,0,0
20090202,60310,NVTN',OTC,0.01,0.01,0,0,Navitone Tech,0,0,0
20090203,60310,NVTN',OTC,0.01,0.01,0,0,Navitone Tech,0,0,0
20090204,60310,NVTN',OTC,0.01,0.01,0,0,Navitone Tech,0,0,0
20090205,60310,NVTN',OTC,0.01,0.01,0,0,Navitone Tech,0,0,0
20090206,60310,NVTN',OTC,0.01,0.01,0,0,Navitone Tech,0,0,0
20090209,60310,NVTN',OTC,0.01,0.01,0,0,Navitone Tech,0,0,0
20090210,60310,NVTN',OTC,0.01,0.01,0,0,Navitone Tech,0,0,0
20090211,60310,NVTN',OTC,0.01,0.01,0,0,Navitone Tech,0,0,0
20090212,60310,NVTN',OTC,0.01,0.01,0,0,Navitone Tech,0,0,0
20090213,60310,NVTN',OTC,0.01,0.01,0,0,Navitone Tech,0,0,0
20090217,60310,NVTN',OTC,0.01,0.01,0,0,Navitone Tech,0,0,0
20090218,60310,NVTN',OTC,0.01,0.01,0,0,Navitone Tech,0,0,0
20090219,60310,NVTN',OTC,0.01,0.01,0,0,Navitone Tech,0,0,0
20090220,60310,NVTN',OTC,0.01,0.01,0,0,Navitone Tech,0,0,0
20090223,60310,NVTN',OTC,0.01,0.01,0,0,Navitone Tech,0,0,0
20090224,60310,NVTN',OTC,0.01,0.01,0,0,Navitone Tech,0,0,0
20090225,60310,NVTN',OTC,0.01,0.01,0,0,Navitone Tech,0,0,0
20090226,60310,NVTN',OTC,0.01,0.01,0,0,Navitone Tech,0,0,0
20090227,60310,NVTN',OTC,0.01,0.01,0,0,Navitone Tech,0,0,0
20090302,60310,NVTN',OTC,0.01,0.01,0,0,Navitone Tech,0,0,0
20090303,60310,NVTN',OTC,0.01,0.01,0,0,Navitone Tech,0,0,0
20090304,60310,NVTN',OTC,0.01,0.01,0,0,Navitone Tech,0,0,0
20090305,60310,NVTN',OTC,0.01,0.01,0,0,Navitone Tech,0,0,0
20090306,60310,NVTN',OTC,0.01,0.01,0,0,Navitone Tech,0,0,0
20090309,60310,NVTN',OTC,0.01,0.01,0,0,Navitone Tech,0,0,0
20090310,60310,NVTN',OTC,0.01,0.01,0,0,Navitone Tech,0,0,0
20090311,60310,NVTN',OTC,0.01,0.01,0,0,Navitone Tech,0,0,0
20090312,60310,NVTN',OTC,0.01,0.01,0,0,Navitone Tech,0,0,0
20090313,60310,NVTN',OTC,0.01,0.01,0,0,Navitone Tech,0,0,0
20090316,60310,NVTN',OTC,0.01,0.01,0,0,Navitone Tech,0,0,0
20090317,60310,NVTN',OTC,0.01,0.01,0,0,Navitone Tech,0,0,0
20090318,60310,NVTN',OTC,0.01,0.01,0,0,Navitone Tech,0,0,0
20090319,60310,NVTN',OTC,0.01,0.01,0,0,Navitone Tech,0,0,0
20090320,60310,NVTN',OTC,0.01,0.01,0,0,Navitone Tech,0,0,0
20090323,60310,NVTN',OTC,0.01,0.01,0,0,Navitone Tech,0,0,0
20090324,60310,NVTN',OTC,0.01,0.01,0,0,Navitone Tech,0,0,0
20090325,60310,NVTN',OTC,0.01,0.01,0,0,Navitone Tech,0,0,0
20090326,60310,NVTN',OTC,0.01,0.01,0,0,Navitone Tech,0,0,0
20090327,60310,NVTN',OTC,0.01,0.01,0,0,Navitone Tech,0,0,0
20090330,60310,NVTN',OTC,0.01,0.01,0,0,Navitone Tech,0,0,0
20090331,60310,NVTN',OTC,0.01,0.01,0,0,Navitone Tech,0,0,0
20090401,60310,NVTN',OTC,0.01,0.01,0,0,Navitone Tech,0,0,0
20090402,60310,NVTN',OTC,0.01,0.01,0,0,Navitone Tech,0,0,0
20090403,60310,NVTN',OTC,0.01,0.01,0,0,Navitone Tech,0,0,0
20090406,60310,NVTN',OTC,0.01,0.01,0,0,Navitone Tech,0,0,0
20090407,60310,NVTN',OTC,0.01,0.01,0,0,Navitone Tech,0,0,0
