DDate,CSINumber,Symbol,Exchange,DClose,UnAdjustedClose,TotalVolume,Cash,MarketName,PTB,PSR,DPS
20031009,61255,CRO+A',NYSE,21.93516879,25.8,667,0,CRT Properties,0,0,0
20031010,61255,CRO+A',NYSE,22.10520886,26,133,0,CRT Properties,0,0,0
20031013,61255,CRO+A',NYSE,22.10520886,26,280,0,CRT Properties,0,0,0
20031014,61255,CRO+A',NYSE,22.21573491,26.13,291,0,CRT Properties,0,0,0
20031015,61255,CRO+A',NYSE,22.23273891,26.15,142,0,CRT Properties,0,0,0
20031016,61255,CRO+A',NYSE,22.23273891,26.15,1531,0,CRT Properties,0,0,0
20031017,61255,CRO+A',NYSE,22.36026896,26.3,120,0,CRT Properties,0,0,0
20031020,61255,CRO+A',NYSE,22.36026896,26.3,554,0,CRT Properties,0,0,0
20031021,61255,CRO+A',NYSE,22.36026896,26.3,248,0,CRT Properties,0,0,0
20031022,61255,CRO+A',NYSE,22.445289,26.4,619,0,CRT Properties,0,0,0
20031023,61255,CRO+A',NYSE,22.453791,26.41,92,0,CRT Properties,0,0,0
20031024,61255,CRO+A',NYSE,22.40277898,26.35,1698,0,CRT Properties,0,0,0
20031027,61255,CRO+A',NYSE,22.31775895,26.25,58,0,CRT Properties,0,0,0
20031028,61255,CRO+A',NYSE,22.23273891,26.15,48,0,CRT Properties,0,0,0
20031029,61255,CRO+A',NYSE,22.36026896,26.3,13,0,CRT Properties,0,0,0
20031030,61255,CRO+A',NYSE,22.453791,26.41,14,0,CRT Properties,0,0,0
20031031,61255,CRO+A',NYSE,22.40277898,26.35,45,0,CRT Properties,0,0,0
20031103,61255,CRO+A',NYSE,22.48779901,26.45,7,0,CRT Properties,0,0,0
20031104,61255,CRO+A',NYSE,22.48779901,26.45,12,0,CRT Properties,0,0,0
20031105,61255,CRO+A',NYSE,22.40277898,26.35,41,0,CRT Properties,0,0,0
20031106,61255,CRO+A',NYSE,22.40277898,26.35,16,0,CRT Properties,0,0,0
20031107,61255,CRO+A',NYSE,22.61532907,26.6,24,0,CRT Properties,0,0,0
20031110,61255,CRO+A',NYSE,22.48779901,26.45,24,0,CRT Properties,0,0,0
20031111,61255,CRO+A',NYSE,22.40277898,26.35,9,0,CRT Properties,0,0,0
20031112,61255,CRO+A',NYSE,22.31775895,26.25,35,0,CRT Properties,0,0,0
20031113,61255,CRO+A',NYSE,22.36026896,26.3,20,0,CRT Properties,0,0,0
20031114,61255,CRO+A',NYSE,22.31775895,26.25,36,0,CRT Properties,0,0,0
20031117,61255,CRO+A',NYSE,22.23273891,26.15,31,0,CRT Properties,0,0,0
20031118,61255,CRO+A',NYSE,22.40277898,26.35,95,0,CRT Properties,0,0,0
20031119,61255,CRO+A',NYSE,22.53030903,26.5,351,0,CRT Properties,0,0,0
20031120,61255,CRO+A',NYSE,22.9554092,27,31,0,CRT Properties,0,0,0
20031121,61255,CRO+A',NYSE,23.08293925,27.15,24,0,CRT Properties,0,0,0
20031124,61255,CRO+A',NYSE,22.9554092,27,100,0,CRT Properties,0,0,0
20031125,61255,CRO+A',NYSE,22.83638115,26.86,74,0,CRT Properties,0,0,0
20031126,61255,CRO+A',NYSE,22.97274109,26.45,43,0,CRT Properties,0,0,0
20031128,61255,CRO+A',NYSE,23.04222386,26.53,37,0,CRT Properties,0,0,0
20031201,61255,CRO+A',NYSE,23.05959456,26.55,12,0,CRT Properties,0,0,0
20031202,61255,CRO+A',NYSE,23.01616782,26.5,22,0,CRT Properties,0,0,0
20031203,61255,CRO+A',NYSE,22.92931436,26.4,32,0,CRT Properties,0,0,0
20031204,61255,CRO+A',NYSE,22.88588763,26.35,18,0,CRT Properties,0,0,0
20031205,61255,CRO+A',NYSE,22.88588763,26.35,25,0,CRT Properties,0,0,0
20031208,61255,CRO+A',NYSE,22.91194367,26.38,99,0,CRT Properties,0,0,0
20031209,61255,CRO+A',NYSE,22.91194367,26.38,59,0,CRT Properties,0,0,0
20031210,61255,CRO+A',NYSE,22.92931436,26.4,113,0,CRT Properties,0,0,0
20031211,61255,CRO+A',NYSE,23.02485317,26.51,88,0,CRT Properties,0,0,0
20031212,61255,CRO+A',NYSE,23.10302129,26.6,16,0,CRT Properties,0,0,0
20031215,61255,CRO+A',NYSE,23.10302129,26.6,0,0,CRT Properties,0,0,0
20031216,61255,CRO+A',NYSE,23.23330148,26.75,44,0,CRT Properties,0,0,0
20031217,61255,CRO+A',NYSE,23.44174979,26.99,55,0,CRT Properties,0,0,0
20031218,61255,CRO+A',NYSE,23.45043514,27,12,0,CRT Properties,0,0,0
20031219,61255,CRO+A',NYSE,23.37226702,26.91,94,0,CRT Properties,0,0,0
20031222,61255,CRO+A',NYSE,23.52860326,27.09,13,0,CRT Properties,0,0,0
20031223,61255,CRO+A',NYSE,23.58071534,27.15,35,0,CRT Properties,0,0,0
20031224,61255,CRO+A',NYSE,23.49386187,27.05,12,0,CRT Properties,0,0,0
20031226,61255,CRO+A',NYSE,23.57202999,27.14,44,0,CRT Properties,0,0,0
20031229,61255,CRO+A',NYSE,23.45043514,27,74,0,CRT Properties,0,0,0
20031230,61255,CRO+A',NYSE,23.45043514,27,0,0,CRT Properties,0,0,0
20031231,61255,CRO+A',NYSE,23.45043514,27,0,0,CRT Properties,0,0,0
20040102,61255,CRO+A',NYSE,23.40700841,26.95,10,0,CRT Properties,0,0,0
20040105,61255,CRO+A',NYSE,23.44174979,26.99,6,0,CRT Properties,0,0,0
20040106,61255,CRO+A',NYSE,23.45043514,27,30,0,CRT Properties,0,0,0
20040107,61255,CRO+A',NYSE,23.23330148,26.75,8,0,CRT Properties,0,0,0
20040108,61255,CRO+A',NYSE,23.35489633,26.89,39,0,CRT Properties,0,0,0
20040109,61255,CRO+A',NYSE,23.52860326,27.09,22,0,CRT Properties,0,0,0
20040112,61255,CRO+A',NYSE,23.77179296,27.37,97,0,CRT Properties,0,0,0
20040113,61255,CRO+A',NYSE,23.76310761,27.36,48,0,CRT Properties,0,0,0
20040114,61255,CRO+A',NYSE,23.8933878,27.51,66,0,CRT Properties,0,0,0
20040115,61255,CRO+A',NYSE,23.88470246,27.5,6,0,CRT Properties,0,0,0
20040116,61255,CRO+A',NYSE,23.92812919,27.55,7,0,CRT Properties,0,0,0
20040120,61255,CRO+A',NYSE,23.97155592,27.6,28,0,CRT Properties,0,0,0
20040121,61255,CRO+A',NYSE,23.92812919,27.55,98,0,CRT Properties,0,0,0
20040122,61255,CRO+A',NYSE,23.92812919,27.55,41,0,CRT Properties,0,0,0
20040123,61255,CRO+A',NYSE,23.93681454,27.56,29,0,CRT Properties,0,0,0
20040126,61255,CRO+A',NYSE,23.92812919,27.55,61,0,CRT Properties,0,0,0
20040127,61255,CRO+A',NYSE,23.86733177,27.48,45,0,CRT Properties,0,0,0
20040128,61255,CRO+A',NYSE,23.88470246,27.5,14,0,CRT Properties,0,0,0
20040129,61255,CRO+A',NYSE,23.82390503,27.43,12,0,CRT Properties,0,0,0
20040130,61255,CRO+A',NYSE,23.79784899,27.4,20,0,CRT Properties,0,0,0
20040202,61255,CRO+A',NYSE,23.75442226,27.35,26,0,CRT Properties,0,0,0
20040203,61255,CRO+A',NYSE,23.71099553,27.3,76,0,CRT Properties,0,0,0
20040204,61255,CRO+A',NYSE,23.6675688,27.25,33,0,CRT Properties,0,0,0
20040205,61255,CRO+A',NYSE,23.75442226,27.35,13,0,CRT Properties,0,0,0
20040206,61255,CRO+A',NYSE,23.69362484,27.28,3,0,CRT Properties,0,0,0
20040209,61255,CRO+A',NYSE,23.70231019,27.29,23,0,CRT Properties,0,0,0
20040210,61255,CRO+A',NYSE,23.70231019,27.29,13,0,CRT Properties,0,0,0
20040211,61255,CRO+A',NYSE,23.69362484,27.28,12,0,CRT Properties,0,0,0
20040212,61255,CRO+A',NYSE,23.58071534,27.15,13,0,CRT Properties,0,0,0
20040213,61255,CRO+A',NYSE,23.6675688,27.25,2,0,CRT Properties,0,0,0
20040217,61255,CRO+A',NYSE,23.71099553,27.3,40,0,CRT Properties,0,0,0
20040218,61255,CRO+A',NYSE,23.79784899,27.4,15,0,CRT Properties,0,0,0
20040219,61255,CRO+A',NYSE,23.92812919,27.55,14,0,CRT Properties,0,0,0
20040220,61255,CRO+A',NYSE,23.98892661,27.62,22,0,CRT Properties,0,0,0
20040223,61255,CRO+A',NYSE,24.05840939,27.7,71,0,CRT Properties,0,0,0
20040224,61255,CRO+A',NYSE,24.05840939,27.7,60,0,CRT Properties,0,0,0
20040225,61255,CRO+A',NYSE,24.06709473,27.71,37,0,CRT Properties,0,0,0
20040226,61255,CRO+A',NYSE,23.97854766,27.08,18,0,CRT Properties,0,0,0
20040227,61255,CRO+A',NYSE,23.91656471,27.01,24,0,CRT Properties,0,0,0
20040301,61255,CRO+A',NYSE,24.12907768,27.25,21,0,CRT Properties,0,0,0
20040302,61255,CRO+A',NYSE,24.21762476,27.35,6,0,CRT Properties,0,0,0
20040303,61255,CRO+A',NYSE,24.21762476,27.35,15,0,CRT Properties,0,0,0
20040304,61255,CRO+A',NYSE,24.17335122,27.3,19,0,CRT Properties,0,0,0
20040305,61255,CRO+A',NYSE,24.17335122,27.3,9,0,CRT Properties,0,0,0
20040308,61255,CRO+A',NYSE,24.12022298,27.24,42,0,CRT Properties,0,0,0
20040309,61255,CRO+A',NYSE,23.96083824,27.06,53,0,CRT Properties,0,0,0
20040310,61255,CRO+A',NYSE,24.0316759,27.14,61,0,CRT Properties,0,0,0
20040311,61255,CRO+A',NYSE,23.94312883,27.04,46,0,CRT Properties,0,0,0
20040312,61255,CRO+A',NYSE,23.89885529,26.99,27,0,CRT Properties,0,0,0
20040315,61255,CRO+A',NYSE,23.89885529,26.99,0,0,CRT Properties,0,0,0
20040316,61255,CRO+A',NYSE,23.77488939,26.85,49,0,CRT Properties,0,0,0
20040317,61255,CRO+A',NYSE,23.73061585,26.8,122,0,CRT Properties,0,0,0
20040318,61255,CRO+A',NYSE,23.52695758,26.57,221,0,CRT Properties,0,0,0
20040319,61255,CRO+A',NYSE,23.36757285,26.39,246,0,CRT Properties,0,0,0
20040322,61255,CRO+A',NYSE,23.33215402,26.35,75,0,CRT Properties,0,0,0
20040323,61255,CRO+A',NYSE,23.19933341,26.2,339,0,CRT Properties,0,0,0
20040324,61255,CRO+A',NYSE,23.37642755,26.4,37,0,CRT Properties,0,0,0
20040325,61255,CRO+A',NYSE,23.45611992,26.49,49,0,CRT Properties,0,0,0
20040326,61255,CRO+A',NYSE,23.46497463,26.5,1160,0,CRT Properties,0,0,0
20040329,61255,CRO+A',NYSE,23.49153875,26.53,52,0,CRT Properties,0,0,0
20040330,61255,CRO+A',NYSE,23.44726521,26.48,73,0,CRT Properties,0,0,0
20040331,61255,CRO+A',NYSE,23.38528226,26.41,79,0,CRT Properties,0,0,0
20040401,61255,CRO+A',NYSE,23.39413697,26.42,37,0,CRT Properties,0,0,0
20040402,61255,CRO+A',NYSE,23.45611992,26.49,41,0,CRT Properties,0,0,0
20040405,61255,CRO+A',NYSE,23.28788048,26.3,86,0,CRT Properties,0,0,0
20040406,61255,CRO+A',NYSE,23.18162399,26.18,113,0,CRT Properties,0,0,0
20040407,61255,CRO+A',NYSE,23.32329931,26.34,47,0,CRT Properties,0,0,0
20040408,61255,CRO+A',NYSE,23.18162399,26.18,37,0,CRT Properties,0,0,0
20040412,61255,CRO+A',NYSE,23.13735045,26.13,55,0,CRT Properties,0,0,0
20040413,61255,CRO+A',NYSE,23.03109397,26.01,98,0,CRT Properties,0,0,0
20040414,61255,CRO+A',NYSE,22.88941865,25.85,330,0,CRT Properties,0,0,0
20040415,61255,CRO+A',NYSE,22.93369218,25.9,73,0,CRT Properties,0,0,0
20040416,61255,CRO+A',NYSE,22.97796572,25.95,6,0,CRT Properties,0,0,0
20040419,61255,CRO+A',NYSE,23.01338455,25.99,8,0,CRT Properties,0,0,0
20040420,61255,CRO+A',NYSE,22.96025631,25.93,18,0,CRT Properties,0,0,0
20040421,61255,CRO+A',NYSE,22.93369218,25.9,35,0,CRT Properties,0,0,0
20040422,61255,CRO+A',NYSE,22.7123245,25.65,55,0,CRT Properties,0,0,0
20040423,61255,CRO+A',NYSE,22.63263213,25.56,33,0,CRT Properties,0,0,0
20040426,61255,CRO+A',NYSE,22.93369218,25.9,35,0,CRT Properties,0,0,0
20040427,61255,CRO+A',NYSE,22.90712806,25.87,34,0,CRT Properties,0,0,0
20040428,61255,CRO+A',NYSE,22.92483748,25.89,16,0,CRT Properties,0,0,0
20040429,61255,CRO+A',NYSE,22.66805096,25.6,126,0,CRT Properties,0,0,0
20040430,61255,CRO+A',NYSE,22.57950389,25.5,198,0,CRT Properties,0,0,0
20040503,61255,CRO+A',NYSE,22.53523035,25.45,59,0,CRT Properties,0,0,0
20040504,61255,CRO+A',NYSE,22.70346979,25.64,72,0,CRT Properties,0,0,0
20040505,61255,CRO+A',NYSE,22.78316216,25.73,32,0,CRT Properties,0,0,0
20040506,61255,CRO+A',NYSE,22.73003391,25.67,33,0,CRT Properties,0,0,0
20040507,61255,CRO+A',NYSE,22.63263213,25.56,183,0,CRT Properties,0,0,0
20040510,61255,CRO+A',NYSE,22.57950389,25.5,177,0,CRT Properties,0,0,0
20040511,61255,CRO+A',NYSE,22.7123245,25.65,79,0,CRT Properties,0,0,0
20040512,61255,CRO+A',NYSE,22.57950389,25.5,21,0,CRT Properties,0,0,0
20040513,61255,CRO+A',NYSE,22.53523035,25.45,46,0,CRT Properties,0,0,0
20040514,61255,CRO+A',NYSE,22.49095681,25.4,14,0,CRT Properties,0,0,0
20040517,61255,CRO+A',NYSE,22.62377742,25.55,23,0,CRT Properties,0,0,0
20040518,61255,CRO+A',NYSE,22.73888862,25.68,323,0,CRT Properties,0,0,0
20040519,61255,CRO+A',NYSE,22.67690567,25.61,71,0,CRT Properties,0,0,0
20040520,61255,CRO+A',NYSE,22.73888862,25.68,527,0,CRT Properties,0,0,0
20040521,61255,CRO+A',NYSE,22.66805096,25.6,25,0,CRT Properties,0,0,0
20040524,61255,CRO+A',NYSE,22.80972628,25.76,38,0,CRT Properties,0,0,0
20040525,61255,CRO+A',NYSE,22.7123245,25.65,151,0,CRT Properties,0,0,0
20040526,61255,CRO+A',NYSE,22.92483748,25.89,27,0,CRT Properties,0,0,0
20040527,61255,CRO+A',NYSE,23.04235439,25.49,27,0,CRT Properties,0,0,0
20040528,61255,CRO+A',NYSE,23.05139415,25.5,31,0,CRT Properties,0,0,0
20040601,61255,CRO+A',NYSE,23.27738821,25.75,9,0,CRT Properties,0,0,0
20040602,61255,CRO+A',NYSE,23.32258702,25.8,24,0,CRT Properties,0,0,0
20040603,61255,CRO+A',NYSE,23.18699059,25.65,8,0,CRT Properties,0,0,0
20040604,61255,CRO+A',NYSE,23.14179177,25.6,17,0,CRT Properties,0,0,0
20040607,61255,CRO+A',NYSE,23.17795082,25.64,54,0,CRT Properties,0,0,0
20040608,61255,CRO+A',NYSE,23.22314964,25.69,21,0,CRT Properties,0,0,0
20040609,61255,CRO+A',NYSE,23.05139415,25.5,20,0,CRT Properties,0,0,0
20040610,61255,CRO+A',NYSE,22.96099653,25.4,184,0,CRT Properties,0,0,0
20040614,61255,CRO+A',NYSE,23.14179177,25.6,28,0,CRT Properties,0,0,0
20040615,61255,CRO+A',NYSE,23.04235439,25.49,20,0,CRT Properties,0,0,0
20040616,61255,CRO+A',NYSE,23.09659296,25.55,1,0,CRT Properties,0,0,0
20040617,61255,CRO+A',NYSE,23.09659296,25.55,0,0,CRT Properties,0,0,0
20040618,61255,CRO+A',NYSE,23.05139415,25.5,39,0,CRT Properties,0,0,0
20040621,61255,CRO+A',NYSE,23.19603035,25.66,3,0,CRT Properties,0,0,0
20040622,61255,CRO+A',NYSE,23.05139415,25.5,210,0,CRT Properties,0,0,0
20040623,61255,CRO+A',NYSE,23.05139415,25.5,83,0,CRT Properties,0,0,0
20040624,61255,CRO+A',NYSE,23.05139415,25.5,12,0,CRT Properties,0,0,0
20040625,61255,CRO+A',NYSE,23.14179177,25.6,9,0,CRT Properties,0,0,0
20040628,61255,CRO+A',NYSE,23.10563272,25.56,29,0,CRT Properties,0,0,0
20040629,61255,CRO+A',NYSE,23.3768256,25.86,4,0,CRT Properties,0,0,0
20040630,61255,CRO+A',NYSE,23.2321894,25.7,4,0,CRT Properties,0,0,0
20040701,61255,CRO+A',NYSE,23.2321894,25.7,0,0,CRT Properties,0,0,0
20040702,61255,CRO+A',NYSE,23.41298465,25.9,4,0,CRT Properties,0,0,0
20040706,61255,CRO+A',NYSE,23.41298465,25.9,0,0,CRT Properties,0,0,0
20040707,61255,CRO+A',NYSE,23.36778583,25.85,7,0,CRT Properties,0,0,0
20040708,61255,CRO+A',NYSE,23.36778583,25.85,0,0,CRT Properties,0,0,0
20040709,61255,CRO+A',NYSE,23.68417752,26.2,17,0,CRT Properties,0,0,0
20040712,61255,CRO+A',NYSE,23.61185942,26.12,14,0,CRT Properties,0,0,0
20040713,61255,CRO+A',NYSE,23.77457514,26.3,12,0,CRT Properties,0,0,0
20040714,61255,CRO+A',NYSE,23.63897871,26.15,17,0,CRT Properties,0,0,0
20040715,61255,CRO+A',NYSE,23.72937633,26.25,31,0,CRT Properties,0,0,0
20040716,61255,CRO+A',NYSE,23.54858108,26.05,12,0,CRT Properties,0,0,0
20040719,61255,CRO+A',NYSE,23.59377989,26.1,30,0,CRT Properties,0,0,0
20040720,61255,CRO+A',NYSE,23.51242203,26.01,9,0,CRT Properties,0,0,0
20040721,61255,CRO+A',NYSE,23.72937633,26.25,37,0,CRT Properties,0,0,0
20040722,61255,CRO+A',NYSE,23.68417752,26.2,10,0,CRT Properties,0,0,0
20040723,61255,CRO+A',NYSE,23.67513776,26.19,13,0,CRT Properties,0,0,0
20040726,61255,CRO+A',NYSE,24.04576802,26.6,10,0,CRT Properties,0,0,0
20040727,61255,CRO+A',NYSE,23.72937633,26.25,24,0,CRT Properties,0,0,0
20040728,61255,CRO+A',NYSE,23.32258702,25.8,22,0,CRT Properties,0,0,0
20040729,61255,CRO+A',NYSE,23.09659296,25.55,170,0,CRT Properties,0,0,0
20040730,61255,CRO+A',NYSE,23.09659296,25.55,0,0,CRT Properties,0,0,0
20040802,61255,CRO+A',NYSE,23.32258702,25.8,180,0,CRT Properties,0,0,0
20040803,61255,CRO+A',NYSE,23.41298465,25.9,10,0,CRT Properties,0,0,0
20040804,61255,CRO+A',NYSE,23.48530275,25.98,40,0,CRT Properties,0,0,0
20040805,61255,CRO+A',NYSE,23.27738821,25.75,43,0,CRT Properties,0,0,0
20040806,61255,CRO+A',NYSE,23.32258702,25.8,37,0,CRT Properties,0,0,0
20040809,61255,CRO+A',NYSE,23.49434251,25.99,8,0,CRT Properties,0,0,0
20040810,61255,CRO+A',NYSE,23.59377989,26.1,11,0,CRT Properties,0,0,0
20040811,61255,CRO+A',NYSE,23.71129681,26.23,14,0,CRT Properties,0,0,0
20040812,61255,CRO+A',NYSE,23.51242203,26.01,122,0,CRT Properties,0,0,0
20040813,61255,CRO+A',NYSE,23.54858108,26.05,74,0,CRT Properties,0,0,0
20040816,61255,CRO+A',NYSE,23.54858108,26.05,58,0,CRT Properties,0,0,0
20040817,61255,CRO+A',NYSE,23.63897871,26.15,6,0,CRT Properties,0,0,0
20040818,61255,CRO+A',NYSE,23.81073419,26.34,81,0,CRT Properties,0,0,0
20040819,61255,CRO+A',NYSE,23.71129681,26.23,17,0,CRT Properties,0,0,0
20040820,61255,CRO+A',NYSE,23.50338227,26,19,0,CRT Properties,0,0,0
20040823,61255,CRO+A',NYSE,23.53050156,26.03,3,0,CRT Properties,0,0,0
20040824,61255,CRO+A',NYSE,23.69321728,26.21,8,0,CRT Properties,0,0,0
20040825,61255,CRO+A',NYSE,23.72033657,26.24,20,0,CRT Properties,0,0,0
20040826,61255,CRO+A',NYSE,23.72033657,26.24,0,0,CRT Properties,0,0,0
20040827,61255,CRO+A',NYSE,23.77457514,26.3,343,0,CRT Properties,0,0,0
20040830,61255,CRO+A',NYSE,24.0605712,26.08,108,0,CRT Properties,0,0,0
20040831,61255,CRO+A',NYSE,24.21740774,26.25,33,0,CRT Properties,0,0,0
20040901,61255,CRO+A',NYSE,24.21740774,26.25,1,0,CRT Properties,0,0,0
20040902,61255,CRO+A',NYSE,24.35579293,26.4,53,0,CRT Properties,0,0,0
20040903,61255,CRO+A',NYSE,24.35579293,26.4,5,0,CRT Properties,0,0,0
20040907,61255,CRO+A',NYSE,24.02366848,26.04,22,0,CRT Properties,0,0,0
20040908,61255,CRO+A',NYSE,23.75612378,25.75,22,0,CRT Properties,0,0,0
20040909,61255,CRO+A',NYSE,23.84838058,25.85,11,0,CRT Properties,0,0,0
20040910,61255,CRO+A',NYSE,23.90373465,25.91,9,0,CRT Properties,0,0,0
20040913,61255,CRO+A',NYSE,23.90373465,25.91,7,0,CRT Properties,0,0,0
20040914,61255,CRO+A',NYSE,24.16205367,26.19,23,0,CRT Properties,0,0,0
20040915,61255,CRO+A',NYSE,24.07902255,26.1,3,0,CRT Properties,0,0,0
20040916,61255,CRO+A',NYSE,24.33734157,26.38,7,0,CRT Properties,0,0,0
20040917,61255,CRO+A',NYSE,24.57720923,26.64,8,0,CRT Properties,0,0,0
20040920,61255,CRO+A',NYSE,24.36501861,26.41,5,0,CRT Properties,0,0,0
20040921,61255,CRO+A',NYSE,24.39269565,26.44,8,0,CRT Properties,0,0,0
20040922,61255,CRO+A',NYSE,24.39269565,26.44,0,0,CRT Properties,0,0,0
20040923,61255,CRO+A',NYSE,24.58643491,26.65,30,0,CRT Properties,0,0,0
20040924,61255,CRO+A',NYSE,24.80785121,26.89,12,0,CRT Properties,0,0,0
20040927,61255,CRO+A',NYSE,24.80785121,26.89,0,0,CRT Properties,0,0,0
20040928,61255,CRO+A',NYSE,24.80785121,26.89,0,0,CRT Properties,0,0,0
20040929,61255,CRO+A',NYSE,24.68791738,26.76,7,0,CRT Properties,0,0,0
20040930,61255,CRO+A',NYSE,24.30966453,26.35,15,0,CRT Properties,0,0,0
20041001,61255,CRO+A',NYSE,24.35579293,26.4,2,0,CRT Properties,0,0,0
20041004,61255,CRO+A',NYSE,24.2358591,26.27,13,0,CRT Properties,0,0,0
20041005,61255,CRO+A',NYSE,24.21740774,26.25,91,0,CRT Properties,0,0,0
20041006,61255,CRO+A',NYSE,24.21740774,26.25,0,0,CRT Properties,0,0,0
20041007,61255,CRO+A',NYSE,24.15282799,26.18,26,0,CRT Properties,0,0,0
20041008,61255,CRO+A',NYSE,24.19895638,26.23,236,0,CRT Properties,0,0,0
20041011,61255,CRO+A',NYSE,24.24508478,26.28,44,0,CRT Properties,0,0,0
20041012,61255,CRO+A',NYSE,24.12515095,26.15,153,0,CRT Properties,0,0,0
20041013,61255,CRO+A',NYSE,24.44804972,26.5,12,0,CRT Properties,0,0,0
20041014,61255,CRO+A',NYSE,24.4572754,26.51,1,0,CRT Properties,0,0,0
20041015,61255,CRO+A',NYSE,24.66946602,26.74,2,0,CRT Properties,0,0,0
20041018,61255,CRO+A',NYSE,24.62333762,26.69,21,0,CRT Properties,0,0,0
20041019,61255,CRO+A',NYSE,24.58643491,26.65,11,0,CRT Properties,0,0,0
20041020,61255,CRO+A',NYSE,24.56798355,26.63,17,0,CRT Properties,0,0,0
20041021,61255,CRO+A',NYSE,25.00159047,27.1,13,0,CRT Properties,0,0,0
20041022,61255,CRO+A',NYSE,24.69714306,26.77,27,0,CRT Properties,0,0,0
20041025,61255,CRO+A',NYSE,24.69714306,26.77,0,0,CRT Properties,0,0,0
20041026,61255,CRO+A',NYSE,24.69714306,26.77,0,0,CRT Properties,0,0,0
20041027,61255,CRO+A',NYSE,24.89088232,26.98,2,0,CRT Properties,0,0,0
20041028,61255,CRO+A',NYSE,24.90933368,27,3,0,CRT Properties,0,0,0
20041029,61255,CRO+A',NYSE,24.90933368,27,1,0,CRT Properties,0,0,0
20041101,61255,CRO+A',NYSE,24.90933368,27,0,0,CRT Properties,0,0,0
20041102,61255,CRO+A',NYSE,24.90933368,27,0,0,CRT Properties,0,0,0
20041103,61255,CRO+A',NYSE,25.00159047,27.1,5,0,CRT Properties,0,0,0
20041104,61255,CRO+A',NYSE,25.00159047,27.1,0,0,CRT Properties,0,0,0
20041105,61255,CRO+A',NYSE,24.97391343,27.07,1,0,CRT Properties,0,0,0
20041108,61255,CRO+A',NYSE,24.80785121,26.89,22,0,CRT Properties,0,0,0
20041109,61255,CRO+A',NYSE,24.81707689,26.9,17,0,CRT Properties,0,0,0
20041110,61255,CRO+A',NYSE,24.90933368,27,11,0,CRT Properties,0,0,0
20041111,61255,CRO+A',NYSE,25.04771886,27.15,5,0,CRT Properties,0,0,0
20041112,61255,CRO+A',NYSE,25.00159047,27.1,3,0,CRT Properties,0,0,0
20041115,61255,CRO+A',NYSE,24.83552824,26.92,8,0,CRT Properties,0,0,0
20041116,61255,CRO+A',NYSE,24.900108,26.99,18,0,CRT Properties,0,0,0
20041117,61255,CRO+A',NYSE,24.86320528,26.95,33,0,CRT Properties,0,0,0
20041118,61255,CRO+A',NYSE,24.95546207,27.05,15,0,CRT Properties,0,0,0
20041119,61255,CRO+A',NYSE,24.96468775,27.06,29,0,CRT Properties,0,0,0
20041122,61255,CRO+A',NYSE,24.99236479,27.09,2,0,CRT Properties,0,0,0
20041123,61255,CRO+A',NYSE,24.83552824,26.92,14,0,CRT Properties,0,0,0
20041124,61255,CRO+A',NYSE,24.90933368,27,3,0,CRT Properties,0,0,0
20041126,61255,CRO+A',NYSE,24.86320528,26.95,4,0,CRT Properties,0,0,0
20041129,61255,CRO+A',NYSE,25.03259881,26.6,14,0,CRT Properties,0,0,0
20041130,61255,CRO+A',NYSE,24.93849129,26.5,16,0,CRT Properties,0,0,0
20041201,61255,CRO+A',NYSE,25.10788482,26.68,30,0,CRT Properties,0,0,0
20041202,61255,CRO+A',NYSE,24.89143754,26.45,19,0,CRT Properties,0,0,0
20041203,61255,CRO+A',NYSE,25.04200956,26.61,9,0,CRT Properties,0,0,0
20041206,61255,CRO+A',NYSE,25.16434933,26.74,36,0,CRT Properties,0,0,0
20041207,61255,CRO+A',NYSE,25.17376008,26.75,12,0,CRT Properties,0,0,0
20041208,61255,CRO+A',NYSE,24.9949558,26.56,5,0,CRT Properties,0,0,0
20041209,61255,CRO+A',NYSE,25.15493858,26.73,2,0,CRT Properties,0,0,0
20041210,61255,CRO+A',NYSE,25.17376008,26.75,19,0,CRT Properties,0,0,0
20041213,61255,CRO+A',NYSE,25.03259881,26.6,20,0,CRT Properties,0,0,0
20041214,61255,CRO+A',NYSE,25.03259881,26.6,0,0,CRT Properties,0,0,0
20041215,61255,CRO+A',NYSE,25.03259881,26.6,30,0,CRT Properties,0,0,0
20041216,61255,CRO+A',NYSE,25.03259881,26.6,0,0,CRT Properties,0,0,0
20041217,61255,CRO+A',NYSE,25.00436655,26.57,1,0,CRT Properties,0,0,0
20041220,61255,CRO+A',NYSE,25.07024181,26.64,11,0,CRT Properties,0,0,0
20041221,61255,CRO+A',NYSE,24.85379453,26.41,27,0,CRT Properties,0,0,0
20041222,61255,CRO+A',NYSE,24.89143754,26.45,9,0,CRT Properties,0,0,0
20041223,61255,CRO+A',NYSE,24.89143754,26.45,1,0,CRT Properties,0,0,0
20041227,61255,CRO+A',NYSE,24.89143754,26.45,1,0,CRT Properties,0,0,0
20041228,61255,CRO+A',NYSE,24.84438378,26.4,6,0,CRT Properties,0,0,0
20041229,61255,CRO+A',NYSE,24.84438378,26.4,0,0,CRT Properties,0,0,0
20041230,61255,CRO+A',NYSE,24.84438378,26.4,18,0,CRT Properties,0,0,0
20041231,61255,CRO+A',NYSE,24.77850852,26.33,2,0,CRT Properties,0,0,0
20050103,61255,CRO+A',NYSE,24.77850852,26.33,0,0,CRT Properties,0,0,0
20050104,61255,CRO+A',NYSE,24.84438378,26.4,15,0,CRT Properties,0,0,0
20050105,61255,CRO+A',NYSE,24.684401,26.23,19,0,CRT Properties,0,0,0
20050106,61255,CRO+A',NYSE,24.70322251,26.25,17,0,CRT Properties,0,0,0
20050107,61255,CRO+A',NYSE,24.84438378,26.4,11,0,CRT Properties,0,0,0
20050110,61255,CRO+A',NYSE,24.77850852,26.33,20,0,CRT Properties,0,0,0
20050111,61255,CRO+A',NYSE,24.67499025,26.22,14,0,CRT Properties,0,0,0
20050112,61255,CRO+A',NYSE,24.67499025,26.22,0,0,CRT Properties,0,0,0
20050113,61255,CRO+A',NYSE,24.81615152,26.37,19,0,CRT Properties,0,0,0
20050114,61255,CRO+A',NYSE,24.75968702,26.31,3,0,CRT Properties,0,0,0
20050118,61255,CRO+A',NYSE,24.82556228,26.38,2,0,CRT Properties,0,0,0
20050119,61255,CRO+A',NYSE,24.79733002,26.35,17,0,CRT Properties,0,0,0
20050120,61255,CRO+A',NYSE,24.89143754,26.45,18,0,CRT Properties,0,0,0
20050121,61255,CRO+A',NYSE,24.9573128,26.52,11,0,CRT Properties,0,0,0
20050124,61255,CRO+A',NYSE,24.9761343,26.54,7,0,CRT Properties,0,0,0
20050125,61255,CRO+A',NYSE,24.89143754,26.45,11,0,CRT Properties,0,0,0
20050126,61255,CRO+A',NYSE,24.93849129,26.5,6,0,CRT Properties,0,0,0
20050127,61255,CRO+A',NYSE,24.84438378,26.4,3,0,CRT Properties,0,0,0
20050128,61255,CRO+A',NYSE,25.07024181,26.64,11,0,CRT Properties,0,0,0
20050131,61255,CRO+A',NYSE,24.85379453,26.41,5,0,CRT Properties,0,0,0
20050201,61255,CRO+A',NYSE,24.89143754,26.45,5,0,CRT Properties,0,0,0
20050202,61255,CRO+A',NYSE,24.89143754,26.45,48,0,CRT Properties,0,0,0
20050203,61255,CRO+A',NYSE,24.84438378,26.4,24,0,CRT Properties,0,0,0
20050204,61255,CRO+A',NYSE,24.9949558,26.56,21,0,CRT Properties,0,0,0
20050207,61255,CRO+A',NYSE,24.9949558,26.56,31,0,CRT Properties,0,0,0
20050208,61255,CRO+A',NYSE,25.11729557,26.69,4,0,CRT Properties,0,0,0
20050209,61255,CRO+A',NYSE,25.11729557,26.69,0,0,CRT Properties,0,0,0
20050210,61255,CRO+A',NYSE,25.11729557,26.69,0,0,CRT Properties,0,0,0
20050211,61255,CRO+A',NYSE,25.45608262,27.05,13,0,CRT Properties,0,0,0
20050214,61255,CRO+A',NYSE,25.59724389,27.2,6,0,CRT Properties,0,0,0
20050215,61255,CRO+A',NYSE,25.46549337,27.06,2,0,CRT Properties,0,0,0
20050216,61255,CRO+A',NYSE,25.03259881,26.6,40,0,CRT Properties,0,0,0
20050217,61255,CRO+A',NYSE,25.07965256,26.65,4,0,CRT Properties,0,0,0
20050218,61255,CRO+A',NYSE,25.03259881,26.6,19,0,CRT Properties,0,0,0
20050222,61255,CRO+A',NYSE,25.0137773,26.58,2,0,CRT Properties,0,0,0
20050223,61255,CRO+A',NYSE,25.02318806,26.59,11,0,CRT Properties,0,0,0
20050224,61255,CRO+A',NYSE,25.18317083,26.76,16,0,CRT Properties,0,0,0
20050225,61255,CRO+A',NYSE,25.28974493,26.34,16,0,CRT Properties,0,0,0
20050228,61255,CRO+A',NYSE,25.25133985,26.3,6,0,CRT Properties,0,0,0
20050301,61255,CRO+A',NYSE,25.44336524,26.5,25,0,CRT Properties,0,0,0
20050302,61255,CRO+A',NYSE,25.44336524,26.5,21,0,CRT Properties,0,0,0
20050303,61255,CRO+A',NYSE,25.44336524,26.5,14,0,CRT Properties,0,0,0
20050304,61255,CRO+A',NYSE,25.44336524,26.5,5,0,CRT Properties,0,0,0
20050307,61255,CRO+A',NYSE,25.44336524,26.5,23,0,CRT Properties,0,0,0
20050308,61255,CRO+A',NYSE,25.53937794,26.6,6,0,CRT Properties,0,0,0
20050309,61255,CRO+A',NYSE,25.26094112,26.31,9,0,CRT Properties,0,0,0
20050310,61255,CRO+A',NYSE,25.2993462,26.35,12,0,CRT Properties,0,0,0
20050311,61255,CRO+A',NYSE,25.16492842,26.21,8,0,CRT Properties,0,0,0
20050314,61255,CRO+A',NYSE,25.53937794,26.6,28,0,CRT Properties,0,0,0
20050315,61255,CRO+A',NYSE,25.34735255,26.4,8,0,CRT Properties,0,0,0
20050316,61255,CRO+A',NYSE,25.07851699,26.12,9,0,CRT Properties,0,0,0
20050317,61255,CRO+A',NYSE,25.2033335,26.25,5,0,CRT Properties,0,0,0
20050318,61255,CRO+A',NYSE,25.05931445,26.1,22,0,CRT Properties,0,0,0
20050321,61255,CRO+A',NYSE,24.9152954,25.95,37,0,CRT Properties,0,0,0
20050322,61255,CRO+A',NYSE,24.9152954,25.95,60,0,CRT Properties,0,0,0
20050323,61255,CRO+A',NYSE,24.90569413,25.94,72,0,CRT Properties,0,0,0
20050324,61255,CRO+A',NYSE,24.90569413,25.94,2,0,CRT Properties,0,0,0
20050328,61255,CRO+A',NYSE,24.9152954,25.95,2,0,CRT Properties,0,0,0
20050329,61255,CRO+A',NYSE,24.9152954,25.95,23,0,CRT Properties,0,0,0
20050330,61255,CRO+A',NYSE,24.9152954,25.95,0,0,CRT Properties,0,0,0
20050331,61255,CRO+A',NYSE,24.96330175,26,62,0,CRT Properties,0,0,0
20050401,61255,CRO+A',NYSE,24.96330175,26,43,0,CRT Properties,0,0,0
20050404,61255,CRO+A',NYSE,24.96330175,26,1,0,CRT Properties,0,0,0
20050405,61255,CRO+A',NYSE,24.97290302,26.01,1,0,CRT Properties,0,0,0
20050406,61255,CRO+A',NYSE,25.06891572,26.11,3,0,CRT Properties,0,0,0
20050407,61255,CRO+A',NYSE,25.05931445,26.1,3,0,CRT Properties,0,0,0
20050408,61255,CRO+A',NYSE,24.90569413,25.94,40,0,CRT Properties,0,0,0
20050411,61255,CRO+A',NYSE,24.9152954,25.95,1,0,CRT Properties,0,0,0
20050412,61255,CRO+A',NYSE,25.04971318,26.09,4,0,CRT Properties,0,0,0
20050413,61255,CRO+A',NYSE,24.96330175,26,9,0,CRT Properties,0,0,0
20050414,61255,CRO+A',NYSE,24.96330175,26,14,0,CRT Properties,0,0,0
20050415,61255,CRO+A',NYSE,24.9152954,25.95,10,0,CRT Properties,0,0,0
20050418,61255,CRO+A',NYSE,25.0113081,26.05,28,0,CRT Properties,0,0,0
20050419,61255,CRO+A',NYSE,25.07851699,26.12,19,0,CRT Properties,0,0,0
20050420,61255,CRO+A',NYSE,24.97290302,26.01,16,0,CRT Properties,0,0,0
20050421,61255,CRO+A',NYSE,25.04971318,26.09,2,0,CRT Properties,0,0,0
20050422,61255,CRO+A',NYSE,25.08811826,26.13,17,0,CRT Properties,0,0,0
20050425,61255,CRO+A',NYSE,25.1073208,26.15,17,0,CRT Properties,0,0,0
20050426,61255,CRO+A',NYSE,25.1073208,26.15,6,0,CRT Properties,0,0,0
20050427,61255,CRO+A',NYSE,25.1073208,26.15,4,0,CRT Properties,0,0,0
20050428,61255,CRO+A',NYSE,25.0113081,26.05,40,0,CRT Properties,0,0,0
20050429,61255,CRO+A',NYSE,25.09771953,26.14,17,0,CRT Properties,0,0,0
20050502,61255,CRO+A',NYSE,25.2033335,26.25,37,0,CRT Properties,0,0,0
20050503,61255,CRO+A',NYSE,25.15532715,26.2,60,0,CRT Properties,0,0,0
20050504,61255,CRO+A',NYSE,25.2993462,26.35,19,0,CRT Properties,0,0,0
20050505,61255,CRO+A',NYSE,25.07851699,26.12,4,0,CRT Properties,0,0,0
20050506,61255,CRO+A',NYSE,25.13612461,26.18,2,0,CRT Properties,0,0,0
20050509,61255,CRO+A',NYSE,25.58738429,26.65,62,0,CRT Properties,0,0,0
20050510,61255,CRO+A',NYSE,25.24173858,26.29,6,0,CRT Properties,0,0,0
20050511,61255,CRO+A',NYSE,25.2033335,26.25,25,0,CRT Properties,0,0,0
20050512,61255,CRO+A',NYSE,25.44336524,26.5,52,0,CRT Properties,0,0,0
20050513,61255,CRO+A',NYSE,25.47216905,26.53,1,0,CRT Properties,0,0,0
20050516,61255,CRO+A',NYSE,25.48177032,26.54,1,0,CRT Properties,0,0,0
20050517,61255,CRO+A',NYSE,25.48177032,26.54,0,0,CRT Properties,0,0,0
20050518,61255,CRO+A',NYSE,25.49137159,26.55,1,0,CRT Properties,0,0,0
20050519,61255,CRO+A',NYSE,25.48177032,26.54,16,0,CRT Properties,0,0,0
20050520,61255,CRO+A',NYSE,25.67379572,26.74,10,0,CRT Properties,0,0,0
20050523,61255,CRO+A',NYSE,25.54897921,26.61,6,0,CRT Properties,0,0,0
20050524,61255,CRO+A',NYSE,25.73140334,26.8,4,0,CRT Properties,0,0,0
20050525,61255,CRO+A',NYSE,25.73140334,26.8,0,0,CRT Properties,0,0,0
20050526,61255,CRO+A',NYSE,25.77940969,26.85,9,0,CRT Properties,0,0,0
20050527,61255,CRO+A',NYSE,26.29952317,26.85,0,0,CRT Properties,0,0,0
20050531,61255,CRO+A',NYSE,25.6726444,26.21,4,0,CRT Properties,0,0,0
20050601,61255,CRO+A',NYSE,25.94690386,26.49,2,0,CRT Properties,0,0,0
20050602,61255,CRO+A',NYSE,25.79997915,26.34,1,0,CRT Properties,0,0,0
20050603,61255,CRO+A',NYSE,25.76079923,26.3,9,0,CRT Properties,0,0,0
20050606,61255,CRO+A',NYSE,25.77059421,26.31,15,0,CRT Properties,0,0,0
20050607,61255,CRO+A',NYSE,25.85874903,26.4,26,0,CRT Properties,0,0,0
20050608,61255,CRO+A',NYSE,25.94690386,26.49,1,0,CRT Properties,0,0,0
20050609,61255,CRO+A',NYSE,25.69223436,26.23,16,0,CRT Properties,0,0,0
20050610,61255,CRO+A',NYSE,25.69223436,26.23,0,0,CRT Properties,0,0,0
20050613,61255,CRO+A',NYSE,25.69223436,26.23,4,0,CRT Properties,0,0,0
20050614,61255,CRO+A',NYSE,25.68243938,26.22,10,0,CRT Properties,0,0,0
20050615,61255,CRO+A',NYSE,25.79997915,26.34,14,0,CRT Properties,0,0,0
20050616,61255,CRO+A',NYSE,25.80977413,26.35,7,0,CRT Properties,0,0,0
20050617,61255,CRO+A',NYSE,25.4179749,25.95,68,0,CRT Properties,0,0,0
20050620,61255,CRO+A',NYSE,24.86945598,25.39,74,0,CRT Properties,0,0,0
20050621,61255,CRO+A',NYSE,24.68335135,25.2,99,0,CRT Properties,0,0,0
20050622,61255,CRO+A',NYSE,24.72253127,25.24,117,0,CRT Properties,0,0,0
20050623,61255,CRO+A',NYSE,24.51683668,25.03,146,0,CRT Properties,0,0,0
20050624,61255,CRO+A',NYSE,24.44827181,24.96,93,0,CRT Properties,0,0,0
20050627,61255,CRO+A',NYSE,24.4580668,24.97,117,0,CRT Properties,0,0,0
20050628,61255,CRO+A',NYSE,24.2523722,24.76,49,0,CRT Properties,0,0,0
20050629,61255,CRO+A',NYSE,24.24257722,24.75,93,0,CRT Properties,0,0,0
20050630,61255,CRO+A',NYSE,24.2033973,24.71,65,0,CRT Properties,0,0,0
20050701,61255,CRO+A',NYSE,24.24257722,24.75,59,0,CRT Properties,0,0,0
20050705,61255,CRO+A',NYSE,24.26216718,24.77,93,0,CRT Properties,0,0,0
20050706,61255,CRO+A',NYSE,24.48745174,25,270,0,CRT Properties,0,0,0
20050707,61255,CRO+A',NYSE,24.47765676,24.99,56,0,CRT Properties,0,0,0
20050708,61255,CRO+A',NYSE,24.48745174,25,78,0,CRT Properties,0,0,0
20050711,61255,CRO+A',NYSE,24.68335135,25.2,727,0,CRT Properties,0,0,0
20050712,61255,CRO+A',NYSE,24.77150618,25.29,758,0,CRT Properties,0,0,0
20050713,61255,CRO+A',NYSE,24.94781583,25.47,364,0,CRT Properties,0,0,0
20050714,61255,CRO+A',NYSE,24.92822587,25.45,301,0,CRT Properties,0,0,0
20050715,61255,CRO+A',NYSE,24.89884093,25.42,320,0,CRT Properties,0,0,0
20050718,61255,CRO+A',NYSE,25.0653556,25.59,264,0,CRT Properties,0,0,0
20050719,61255,CRO+A',NYSE,24.7617112,25.28,248,0,CRT Properties,0,0,0
20050720,61255,CRO+A',NYSE,24.83027606,25.35,167,0,CRT Properties,0,0,0
20050721,61255,CRO+A',NYSE,24.53642664,25.05,386,0,CRT Properties,0,0,0
20050722,61255,CRO+A',NYSE,24.64417143,25.16,233,0,CRT Properties,0,0,0
20050725,61255,CRO+A',NYSE,24.63437645,25.15,277,0,CRT Properties,0,0,0
20050726,61255,CRO+A',NYSE,24.64417143,25.16,306,0,CRT Properties,0,0,0
20050727,61255,CRO+A',NYSE,24.57560656,25.09,203,0,CRT Properties,0,0,0
20050728,61255,CRO+A',NYSE,24.61478649,25.13,131,0,CRT Properties,0,0,0
20050729,61255,CRO+A',NYSE,24.69314633,25.21,206,0,CRT Properties,0,0,0
20050801,61255,CRO+A',NYSE,24.73232625,25.25,183,0,CRT Properties,0,0,0
20050802,61255,CRO+A',NYSE,24.61478649,25.13,162,0,CRT Properties,0,0,0
20050803,61255,CRO+A',NYSE,24.58540154,25.1,85,0,CRT Properties,0,0,0
20050804,61255,CRO+A',NYSE,24.53642664,25.05,149,0,CRT Properties,0,0,0
20050805,61255,CRO+A',NYSE,24.59519653,25.11,223,0,CRT Properties,0,0,0
20050808,61255,CRO+A',NYSE,24.53642664,25.05,95,0,CRT Properties,0,0,0
20050809,61255,CRO+A',NYSE,24.58540154,25.1,72,0,CRT Properties,0,0,0
20050810,61255,CRO+A',NYSE,24.859661,25.38,185,0,CRT Properties,0,0,0
20050811,61255,CRO+A',NYSE,24.73232625,25.25,148,0,CRT Properties,0,0,0
20050812,61255,CRO+A',NYSE,24.54622162,25.06,275,0,CRT Properties,0,0,0
20050815,61255,CRO+A',NYSE,24.7617112,25.28,74,0,CRT Properties,0,0,0
20050816,61255,CRO+A',NYSE,24.73232625,25.25,84,0,CRT Properties,0,0,0
20050817,61255,CRO+A',NYSE,24.48745174,25,105,0,CRT Properties,0,0,0
20050818,61255,CRO+A',NYSE,24.62458147,25.14,158,0,CRT Properties,0,0,0
20050819,61255,CRO+A',NYSE,24.99679073,25.52,130,0,CRT Properties,0,0,0
20050822,61255,CRO+A',NYSE,25.10453552,25.63,99,0,CRT Properties,0,0,0
20050823,61255,CRO+A',NYSE,25.17310039,25.7,12,0,CRT Properties,0,0,0
20050824,61255,CRO+A',NYSE,25.24166525,25.77,22,0,CRT Properties,0,0,0
20050825,61255,CRO+A',NYSE,25.10453552,25.63,28,0,CRT Properties,0,0,0
20050826,61255,CRO+A',NYSE,25.14371544,25.67,4,0,CRT Properties,0,0,0
20050829,61255,CRO+A',NYSE,25.369,25.9,1038,0,CRT Properties,0,0,0
20050830,61255,CRO+A',NYSE,25.4,25.4,53,0,CRT Properties,0,0,0
20050831,61255,CRO+A',NYSE,25.2,25.2,21,0,CRT Properties,0,0,0
20050901,61255,CRO+A',NYSE,25.22,25.22,104,0,CRT Properties,0,0,0
20050902,61255,CRO+A',NYSE,25.2,25.2,104,0,CRT Properties,0,0,0
20050906,61255,CRO+A',NYSE,25.26,25.26,25,0,CRT Properties,0,0,0
20050907,61255,CRO+A',NYSE,25.45,25.45,15,0,CRT Properties,0,0,0
20050908,61255,CRO+A',NYSE,25.2,25.2,128,0,CRT Properties,0,0,0
20050909,61255,CRO+A',NYSE,25.19,25.19,79,0,CRT Properties,0,0,0
20050912,61255,CRO+A',NYSE,25,25,129,0,CRT Properties,0,0,0
20050913,61255,CRO+A',NYSE,25,25,160,0,CRT Properties,0,0,0
20050914,61255,CRO+A',NYSE,25.05,25.05,73,0,CRT Properties,0,0,0
20050915,61255,CRO+A',NYSE,24.95,24.95,84,0,CRT Properties,0,0,0
20050916,61255,CRO+A',NYSE,24.98,24.98,574,0,CRT Properties,0,0,0
20050919,61255,CRO+A',NYSE,24.99,24.99,70,0,CRT Properties,0,0,0
20050920,61255,CRO+A',NYSE,25,25,39,0,CRT Properties,0,0,0
20050921,61255,CRO+A',NYSE,24.99,24.99,71,0,CRT Properties,0,0,0
20050922,61255,CRO+A',NYSE,24.93,24.93,40,0,CRT Properties,0,0,0
20050923,61255,CRO+A',NYSE,24.98,24.98,91,0,CRT Properties,0,0,0
20050926,61255,CRO+A',NYSE,25.05,25.05,124,0,CRT Properties,0,0,0
20050927,61255,CRO+A',NYSE,25,25,466,0,CRT Properties,0,0,0
