DDate,CSINumber,Symbol,Exchange,DClose,UnAdjustedClose,TotalVolume,Cash,MarketName,PTB,PSR,DPS
20041105,66077,RTGI',OTC,0.4,0.4,1150,0,Rheologics Tech,0,0,0
20041108,66077,RTGI',OTC,0.1,0.1,1820,0,Rheologics Tech,0,0,0
20041109,66077,RTGI',OTC,0.11,0.11,53,0,Rheologics Tech,0,0,0
20041110,66077,RTGI',OTC,0.2,0.2,38,0,Rheologics Tech,0,0,0
20041111,66077,RTGI',OTC,0.13,0.13,350,0,Rheologics Tech,0,0,0
20041112,66077,RTGI',OTC,0.13,0.13,0,0,Rheologics Tech,0,0,0
20041115,66077,RTGI',OTC,0.13,0.13,0,0,Rheologics Tech,0,0,0
20041116,66077,RTGI',OTC,0.1,0.1,552,0,Rheologics Tech,0,0,0
20041117,66077,RTGI',OTC,0.1,0.1,0,0,Rheologics Tech,0,0,0
20041118,66077,RTGI',OTC,0.1,0.1,0,0,Rheologics Tech,0,0,0
20041119,66077,RTGI',OTC,0.1,0.1,0,0,Rheologics Tech,0,0,0
20041122,66077,RTGI',OTC,0.1,0.1,150,0,Rheologics Tech,0,0,0
20041123,66077,RTGI',OTC,0.1,0.1,0,0,Rheologics Tech,0,0,0
20041124,66077,RTGI',OTC,0.1,0.1,0,0,Rheologics Tech,0,0,0
20041126,66077,RTGI',OTC,0.1,0.1,0,0,Rheologics Tech,0,0,0
20041129,66077,RTGI',OTC,0.1,0.1,0,0,Rheologics Tech,0,0,0
20041130,66077,RTGI',OTC,0.1,0.1,0,0,Rheologics Tech,0,0,0
20041201,66077,RTGI',OTC,0.1,0.1,0,0,Rheologics Tech,0,0,0
20041202,66077,RTGI',OTC,0.1,0.1,8,0,Rheologics Tech,0,0,0
20041203,66077,RTGI',OTC,0.1,0.1,0,0,Rheologics Tech,0,0,0
20041206,66077,RTGI',OTC,0.1,0.1,0,0,Rheologics Tech,0,0,0
20041207,66077,RTGI',OTC,0.1,0.1,100,0,Rheologics Tech,0,0,0
20041208,66077,RTGI',OTC,0.1,0.1,80,0,Rheologics Tech,0,0,0
20041209,66077,RTGI',OTC,0.1,0.1,0,0,Rheologics Tech,0,0,0
20041210,66077,RTGI',OTC,0.15,0.15,100,0,Rheologics Tech,0,0,0
20041213,66077,RTGI',OTC,0.15,0.15,60,0,Rheologics Tech,0,0,0
20041214,66077,RTGI',OTC,0.15,0.15,0,0,Rheologics Tech,0,0,0
20041215,66077,RTGI',OTC,0.15,0.15,0,0,Rheologics Tech,0,0,0
20041216,66077,RTGI',OTC,0.15,0.15,0,0,Rheologics Tech,0,0,0
20041217,66077,RTGI',OTC,0.15,0.15,0,0,Rheologics Tech,0,0,0
20041220,66077,RTGI',OTC,0.15,0.15,0,0,Rheologics Tech,0,0,0
20041221,66077,RTGI',OTC,0.15,0.15,0,0,Rheologics Tech,0,0,0
20041222,66077,RTGI',OTC,0.15,0.15,0,0,Rheologics Tech,0,0,0
20041223,66077,RTGI',OTC,0.15,0.15,0,0,Rheologics Tech,0,0,0
20041227,66077,RTGI',OTC,0.1,0.1,262,0,Rheologics Tech,0,0,0
20041228,66077,RTGI',OTC,0.1,0.1,350,0,Rheologics Tech,0,0,0
20041229,66077,RTGI',OTC,0.1,0.1,0,0,Rheologics Tech,0,0,0
20041230,66077,RTGI',OTC,0.1,0.1,0,0,Rheologics Tech,0,0,0
20041231,66077,RTGI',OTC,0.1,0.1,100,0,Rheologics Tech,0,0,0
20050103,66077,RTGI',OTC,0.1,0.1,46,0,Rheologics Tech,0,0,0
20050104,66077,RTGI',OTC,0.1,0.1,450,0,Rheologics Tech,0,0,0
20050105,66077,RTGI',OTC,0.13,0.13,200,0,Rheologics Tech,0,0,0
20050106,66077,RTGI',OTC,0.13,0.13,0,0,Rheologics Tech,0,0,0
20050107,66077,RTGI',OTC,0.13,0.13,0,0,Rheologics Tech,0,0,0
20050110,66077,RTGI',OTC,0.13,0.13,0,0,Rheologics Tech,0,0,0
20050111,66077,RTGI',OTC,0.13,0.13,0,0,Rheologics Tech,0,0,0
20050112,66077,RTGI',OTC,0.11,0.11,50,0,Rheologics Tech,0,0,0
20050113,66077,RTGI',OTC,0.11,0.11,50,0,Rheologics Tech,0,0,0
20050114,66077,RTGI',OTC,0.33,0.33,5421,0,Rheologics Tech,0,0,0
20050118,66077,RTGI',OTC,0.23,0.23,150,0,Rheologics Tech,0,0,0
20050119,66077,RTGI',OTC,0.23,0.23,0,0,Rheologics Tech,0,0,0
20050120,66077,RTGI',OTC,0.23,0.23,0,0,Rheologics Tech,0,0,0
20050121,66077,RTGI',OTC,0.23,0.23,0,0,Rheologics Tech,0,0,0
20050124,66077,RTGI',OTC,0.35,0.35,680,0,Rheologics Tech,0,0,0
20050125,66077,RTGI',OTC,0.54,0.54,893,0,Rheologics Tech,0,0,0
20050126,66077,RTGI',OTC,0.64,0.64,295,0,Rheologics Tech,0,0,0
20050127,66077,RTGI',OTC,0.68,0.68,688,0,Rheologics Tech,0,0,0
20050128,66077,RTGI',OTC,0.67,0.67,1169,0,Rheologics Tech,0,0,0
20050131,66077,RTGI',OTC,0.68,0.68,651,0,Rheologics Tech,0,0,0
20050201,66077,RTGI',OTC,0.72,0.72,514,0,Rheologics Tech,0,0,0
20050202,66077,RTGI',OTC,0.85,0.85,936,0,Rheologics Tech,0,0,0
20050203,66077,RTGI',OTC,1,1,1313,0,Rheologics Tech,0,0,0
20050204,66077,RTGI',OTC,1.5,1.5,1823,0,Rheologics Tech,0,0,0
20050207,66077,RTGI',OTC,1.75,1.75,2187,0,Rheologics Tech,0,0,0
20050208,66077,RTGI',OTC,1.62,1.62,1110,0,Rheologics Tech,0,0,0
20050209,66077,RTGI',OTC,1.3,1.3,1554,0,Rheologics Tech,0,0,0
20050210,66077,RTGI',OTC,1.35,1.35,576,0,Rheologics Tech,0,0,0
20050211,66077,RTGI',OTC,1.3,1.3,153,0,Rheologics Tech,0,0,0
20050214,66077,RTGI',OTC,1.2,1.2,229,0,Rheologics Tech,0,0,0
20050215,66077,RTGI',OTC,1.3,1.3,336,0,Rheologics Tech,0,0,0
20050216,66077,RTGI',OTC,1.16,1.16,1639,0,Rheologics Tech,0,0,0
20050217,66077,RTGI',OTC,1.16,1.16,538,0,Rheologics Tech,0,0,0
20050218,66077,RTGI',OTC,1.16,1.16,155,0,Rheologics Tech,0,0,0
20050222,66077,RTGI',OTC,0.91,0.91,888,0,Rheologics Tech,0,0,0
20050223,66077,RTGI',OTC,0.65,0.65,1806,0,Rheologics Tech,0,0,0
20050224,66077,RTGI',OTC,0.74,0.74,578,0,Rheologics Tech,0,0,0
20050225,66077,RTGI',OTC,1.15,1.15,753,0,Rheologics Tech,0,0,0
20050228,66077,RTGI',OTC,1.6,1.6,504,0,Rheologics Tech,0,0,0
20050301,66077,RTGI',OTC,1.7,1.7,475,0,Rheologics Tech,0,0,0
20050302,66077,RTGI',OTC,1.3,1.3,550,0,Rheologics Tech,0,0,0
20050303,66077,RTGI',OTC,1.25,1.25,214,0,Rheologics Tech,0,0,0
20050304,66077,RTGI',OTC,1.32,1.32,24,0,Rheologics Tech,0,0,0
20050307,66077,RTGI',OTC,1.3,1.3,56,0,Rheologics Tech,0,0,0
20050308,66077,RTGI',OTC,1.16,1.16,33,0,Rheologics Tech,0,0,0
20050309,66077,RTGI',OTC,1.19,1.19,217,0,Rheologics Tech,0,0,0
20050310,66077,RTGI',OTC,1.18,1.18,143,0,Rheologics Tech,0,0,0
20050311,66077,RTGI',OTC,1.1,1.1,510,0,Rheologics Tech,0,0,0
20050314,66077,RTGI',OTC,1.13,1.13,101,0,Rheologics Tech,0,0,0
20050315,66077,RTGI',OTC,1.15,1.15,423,0,Rheologics Tech,0,0,0
20050316,66077,RTGI',OTC,1.2,1.2,533,0,Rheologics Tech,0,0,0
20050317,66077,RTGI',OTC,1.2,1.2,0,0,Rheologics Tech,0,0,0
20050318,66077,RTGI',OTC,1.15,1.15,35,0,Rheologics Tech,0,0,0
20050321,66077,RTGI',OTC,1.05,1.05,154,0,Rheologics Tech,0,0,0
20050322,66077,RTGI',OTC,1.01,1.01,115,0,Rheologics Tech,0,0,0
20050323,66077,RTGI',OTC,1.14,1.14,287,0,Rheologics Tech,0,0,0
20050324,66077,RTGI',OTC,1.01,1.01,112,0,Rheologics Tech,0,0,0
20050328,66077,RTGI',OTC,1.05,1.05,380,0,Rheologics Tech,0,0,0
20050329,66077,RTGI',OTC,1.01,1.01,39,0,Rheologics Tech,0,0,0
20050330,66077,RTGI',OTC,1.02,1.02,189,0,Rheologics Tech,0,0,0
20050331,66077,RTGI',OTC,1.02,1.02,35,0,Rheologics Tech,0,0,0
20050401,66077,RTGI',OTC,1,1,43,0,Rheologics Tech,0,0,0
20050404,66077,RTGI',OTC,0.88,0.88,475,0,Rheologics Tech,0,0,0
20050405,66077,RTGI',OTC,0.76,0.76,1029,0,Rheologics Tech,0,0,0
20050406,66077,RTGI',OTC,0.72,0.72,165,0,Rheologics Tech,0,0,0
20050407,66077,RTGI',OTC,0.61,0.61,815,0,Rheologics Tech,0,0,0
20050408,66077,RTGI',OTC,0.71,0.71,848,0,Rheologics Tech,0,0,0
20050411,66077,RTGI',OTC,0.71,0.71,85,0,Rheologics Tech,0,0,0
20050412,66077,RTGI',OTC,0.72,0.72,928,0,Rheologics Tech,0,0,0
20050413,66077,RTGI',OTC,0.65,0.65,278,0,Rheologics Tech,0,0,0
20050414,66077,RTGI',OTC,0.59,0.59,233,0,Rheologics Tech,0,0,0
20050415,66077,RTGI',OTC,0.51,0.51,594,0,Rheologics Tech,0,0,0
20050418,66077,RTGI',OTC,0.4,0.4,317,0,Rheologics Tech,0,0,0
20050419,66077,RTGI',OTC,0.41,0.41,1389,0,Rheologics Tech,0,0,0
20050420,66077,RTGI',OTC,0.4,0.4,367,0,Rheologics Tech,0,0,0
20050421,66077,RTGI',OTC,0.38,0.38,478,0,Rheologics Tech,0,0,0
20050422,66077,RTGI',OTC,0.51,0.51,67,0,Rheologics Tech,0,0,0
20050425,66077,RTGI',OTC,0.41,0.41,340,0,Rheologics Tech,0,0,0
20050426,66077,RTGI',OTC,0.35,0.35,113,0,Rheologics Tech,0,0,0
20050427,66077,RTGI',OTC,0.39,0.39,445,0,Rheologics Tech,0,0,0
20050428,66077,RTGI',OTC,0.31,0.31,15,0,Rheologics Tech,0,0,0
20050429,66077,RTGI',OTC,0.39,0.39,82,0,Rheologics Tech,0,0,0
20050502,66077,RTGI',OTC,0.35,0.35,197,0,Rheologics Tech,0,0,0
20050503,66077,RTGI',OTC,0.35,0.35,53,0,Rheologics Tech,0,0,0
20050504,66077,RTGI',OTC,0.35,0.35,0,0,Rheologics Tech,0,0,0
20050505,66077,RTGI',OTC,0.31,0.31,254,0,Rheologics Tech,0,0,0
20050506,66077,RTGI',OTC,0.24,0.24,525,0,Rheologics Tech,0,0,0
20050509,66077,RTGI',OTC,0.24,0.24,0,0,Rheologics Tech,0,0,0
20050510,66077,RTGI',OTC,0.24,0.24,0,0,Rheologics Tech,0,0,0
20050511,66077,RTGI',OTC,0.3,0.3,225,0,Rheologics Tech,0,0,0
20050512,66077,RTGI',OTC,0.3,0.3,76,0,Rheologics Tech,0,0,0
20050513,66077,RTGI',OTC,0.3,0.3,20,0,Rheologics Tech,0,0,0
20050516,66077,RTGI',OTC,0.23,0.23,390,0,Rheologics Tech,0,0,0
20050517,66077,RTGI',OTC,0.23,0.23,180,0,Rheologics Tech,0,0,0
20050518,66077,RTGI',OTC,0.22,0.22,622,0,Rheologics Tech,0,0,0
20050519,66077,RTGI',OTC,0.21,0.21,405,0,Rheologics Tech,0,0,0
20050520,66077,RTGI',OTC,0.24,0.24,770,0,Rheologics Tech,0,0,0
20050523,66077,RTGI',OTC,0.2,0.2,820,0,Rheologics Tech,0,0,0
20050524,66077,RTGI',OTC,0.15,0.15,980,0,Rheologics Tech,0,0,0
20050525,66077,RTGI',OTC,0.13,0.13,260,0,Rheologics Tech,0,0,0
20050526,66077,RTGI',OTC,0.13,0.13,0,0,Rheologics Tech,0,0,0
20050527,66077,RTGI',OTC,0.13,0.13,1000,0,Rheologics Tech,0,0,0
20050531,66077,RTGI',OTC,0.15,0.15,778,0,Rheologics Tech,0,0,0
20050601,66077,RTGI',OTC,0.15,0.15,375,0,Rheologics Tech,0,0,0
20050602,66077,RTGI',OTC,0.15,0.15,350,0,Rheologics Tech,0,0,0
20050603,66077,RTGI',OTC,0.16,0.16,914,0,Rheologics Tech,0,0,0
20050606,66077,RTGI',OTC,0.14,0.14,115,0,Rheologics Tech,0,0,0
20050607,66077,RTGI',OTC,0.16,0.16,1270,0,Rheologics Tech,0,0,0
20050608,66077,RTGI',OTC,0.16,0.16,30,0,Rheologics Tech,0,0,0
20050609,66077,RTGI',OTC,0.15,0.15,193,0,Rheologics Tech,0,0,0
20050610,66077,RTGI',OTC,0.15,0.15,244,0,Rheologics Tech,0,0,0
20050613,66077,RTGI',OTC,0.15,0.15,0,0,Rheologics Tech,0,0,0
20050614,66077,RTGI',OTC,0.14,0.14,651,0,Rheologics Tech,0,0,0
20050615,66077,RTGI',OTC,0.14,0.14,4,0,Rheologics Tech,0,0,0
20050616,66077,RTGI',OTC,0.15,0.15,167,0,Rheologics Tech,0,0,0
20050617,66077,RTGI',OTC,0.12,0.12,100,0,Rheologics Tech,0,0,0
20050620,66077,RTGI',OTC,0.12,0.12,304,0,Rheologics Tech,0,0,0
20050621,66077,RTGI',OTC,0.15,0.15,665,0,Rheologics Tech,0,0,0
20050622,66077,RTGI',OTC,0.15,0.15,70,0,Rheologics Tech,0,0,0
20050623,66077,RTGI',OTC,0.14,0.14,76,0,Rheologics Tech,0,0,0
20050624,66077,RTGI',OTC,0.13,0.13,100,0,Rheologics Tech,0,0,0
20050627,66077,RTGI',OTC,0.13,0.13,2,0,Rheologics Tech,0,0,0
20050628,66077,RTGI',OTC,0.13,0.13,0,0,Rheologics Tech,0,0,0
20050629,66077,RTGI',OTC,0.13,0.13,6,0,Rheologics Tech,0,0,0
20050630,66077,RTGI',OTC,0.13,0.13,5,0,Rheologics Tech,0,0,0
20050701,66077,RTGI',OTC,0.13,0.13,354,0,Rheologics Tech,0,0,0
20050705,66077,RTGI',OTC,0.13,0.13,197,0,Rheologics Tech,0,0,0
20050706,66077,RTGI',OTC,0.13,0.13,684,0,Rheologics Tech,0,0,0
20050707,66077,RTGI',OTC,0.13,0.13,534,0,Rheologics Tech,0,0,0
20050708,66077,RTGI',OTC,0.13,0.13,283,0,Rheologics Tech,0,0,0
20050711,66077,RTGI',OTC,0.18,0.18,596,0,Rheologics Tech,0,0,0
20050712,66077,RTGI',OTC,0.19,0.19,150,0,Rheologics Tech,0,0,0
20050713,66077,RTGI',OTC,0.16,0.16,501,0,Rheologics Tech,0,0,0
20050714,66077,RTGI',OTC,0.16,0.16,67,0,Rheologics Tech,0,0,0
20050715,66077,RTGI',OTC,0.16,0.16,57,0,Rheologics Tech,0,0,0
20050718,66077,RTGI',OTC,0.17,0.17,251,0,Rheologics Tech,0,0,0
20050719,66077,RTGI',OTC,0.16,0.16,51,0,Rheologics Tech,0,0,0
20050720,66077,RTGI',OTC,0.19,0.19,308,0,Rheologics Tech,0,0,0
20050721,66077,RTGI',OTC,0.2,0.2,137,0,Rheologics Tech,0,0,0
20050722,66077,RTGI',OTC,0.21,0.21,150,0,Rheologics Tech,0,0,0
20050725,66077,RTGI',OTC,0.24,0.24,827,0,Rheologics Tech,0,0,0
20050726,66077,RTGI',OTC,0.3,0.3,666,0,Rheologics Tech,0,0,0
20050727,66077,RTGI',OTC,0.3,0.3,275,0,Rheologics Tech,0,0,0
20050728,66077,RTGI',OTC,0.3,0.3,275,0,Rheologics Tech,0,0,0
20050729,66077,RTGI',OTC,0.32,0.32,116,0,Rheologics Tech,0,0,0
20050801,66077,RTGI',OTC,0.3,0.3,700,0,Rheologics Tech,0,0,0
20050802,66077,RTGI',OTC,0.34,0.34,647,0,Rheologics Tech,0,0,0
20050803,66077,RTGI',OTC,0.38,0.38,694,0,Rheologics Tech,0,0,0
20050804,66077,RTGI',OTC,0.4,0.4,43,0,Rheologics Tech,0,0,0
20050805,66077,RTGI',OTC,0.44,0.44,437,0,Rheologics Tech,0,0,0
20050808,66077,RTGI',OTC,0.45,0.45,356,0,Rheologics Tech,0,0,0
20050809,66077,RTGI',OTC,0.32,0.32,787,0,Rheologics Tech,0,0,0
20050810,66077,RTGI',OTC,0.28,0.28,878,0,Rheologics Tech,0,0,0
20050811,66077,RTGI',OTC,0.22,0.22,170,0,Rheologics Tech,0,0,0
20050812,66077,RTGI',OTC,0.3,0.3,210,0,Rheologics Tech,0,0,0
20050815,66077,RTGI',OTC,0.32,0.32,120,0,Rheologics Tech,0,0,0
20050816,66077,RTGI',OTC,0.35,0.35,187,0,Rheologics Tech,0,0,0
20050817,66077,RTGI',OTC,0.34,0.34,60,0,Rheologics Tech,0,0,0
20050818,66077,RTGI',OTC,0.34,0.34,0,0,Rheologics Tech,0,0,0
20050819,66077,RTGI',OTC,0.4,0.4,129,0,Rheologics Tech,0,0,0
20050822,66077,RTGI',OTC,0.32,0.32,799,0,Rheologics Tech,0,0,0
20050823,66077,RTGI',OTC,0.25,0.25,51,0,Rheologics Tech,0,0,0
20050824,66077,RTGI',OTC,0.25,0.25,0,0,Rheologics Tech,0,0,0
20050825,66077,RTGI',OTC,0.35,0.35,150,0,Rheologics Tech,0,0,0
20050826,66077,RTGI',OTC,0.37,0.37,20,0,Rheologics Tech,0,0,0
20050829,66077,RTGI',OTC,0.26,0.26,219,0,Rheologics Tech,0,0,0
20050830,66077,RTGI',OTC,0.26,0.26,0,0,Rheologics Tech,0,0,0
20050831,66077,RTGI',OTC,0.26,0.26,44,0,Rheologics Tech,0,0,0
20050901,66077,RTGI',OTC,0.26,0.26,0,0,Rheologics Tech,0,0,0
20050902,66077,RTGI',OTC,0.25,0.25,192,0,Rheologics Tech,0,0,0
20050906,66077,RTGI',OTC,0.25,0.25,0,0,Rheologics Tech,0,0,0
20050907,66077,RTGI',OTC,0.23,0.23,2,0,Rheologics Tech,0,0,0
20050908,66077,RTGI',OTC,0.23,0.23,0,0,Rheologics Tech,0,0,0
20050909,66077,RTGI',OTC,0.23,0.23,0,0,Rheologics Tech,0,0,0
20050912,66077,RTGI',OTC,0.23,0.23,150,0,Rheologics Tech,0,0,0
20050913,66077,RTGI',OTC,0.22,0.22,2,0,Rheologics Tech,0,0,0
20050914,66077,RTGI',OTC,0.22,0.22,254,0,Rheologics Tech,0,0,0
20050915,66077,RTGI',OTC,0.2,0.2,275,0,Rheologics Tech,0,0,0
20050916,66077,RTGI',OTC,0.2,0.2,482,0,Rheologics Tech,0,0,0
20050919,66077,RTGI',OTC,0.2,0.2,50,0,Rheologics Tech,0,0,0
20050920,66077,RTGI',OTC,0.2,0.2,0,0,Rheologics Tech,0,0,0
20050921,66077,RTGI',OTC,0.2,0.2,45,0,Rheologics Tech,0,0,0
20050922,66077,RTGI',OTC,0.2,0.2,115,0,Rheologics Tech,0,0,0
20050923,66077,RTGI',OTC,0.2,0.2,35,0,Rheologics Tech,0,0,0
20050926,66077,RTGI',OTC,0.17,0.17,263,0,Rheologics Tech,0,0,0
20050927,66077,RTGI',OTC,0.17,0.17,0,0,Rheologics Tech,0,0,0
20050928,66077,RTGI',OTC,0.17,0.17,0,0,Rheologics Tech,0,0,0
20050929,66077,RTGI',OTC,0.17,0.17,50,0,Rheologics Tech,0,0,0
20050930,66077,RTGI',OTC,0.16,0.16,210,0,Rheologics Tech,0,0,0
20051003,66077,RTGI',OTC,0.15,0.15,437,0,Rheologics Tech,0,0,0
20051004,66077,RTGI',OTC,0.16,0.16,669,0,Rheologics Tech,0,0,0
20051005,66077,RTGI',OTC,0.16,0.16,0,0,Rheologics Tech,0,0,0
20051006,66077,RTGI',OTC,0.15,0.15,160,0,Rheologics Tech,0,0,0
20051007,66077,RTGI',OTC,0.16,0.16,132,0,Rheologics Tech,0,0,0
20051010,66077,RTGI',OTC,0.15,0.15,50,0,Rheologics Tech,0,0,0
20051011,66077,RTGI',OTC,0.15,0.15,562,0,Rheologics Tech,0,0,0
20051012,66077,RTGI',OTC,0.15,0.15,20,0,Rheologics Tech,0,0,0
20051013,66077,RTGI',OTC,0.14,0.14,110,0,Rheologics Tech,0,0,0
20051014,66077,RTGI',OTC,0.13,0.13,8,0,Rheologics Tech,0,0,0
20051017,66077,RTGI',OTC,0.13,0.13,81,0,Rheologics Tech,0,0,0
20051018,66077,RTGI',OTC,0.16,0.16,1,0,Rheologics Tech,0,0,0
20051019,66077,RTGI',OTC,0.16,0.16,0,0,Rheologics Tech,0,0,0
20051020,66077,RTGI',OTC,0.15,0.15,352,0,Rheologics Tech,0,0,0
20051021,66077,RTGI',OTC,0.15,0.15,1249,0,Rheologics Tech,0,0,0
20051024,66077,RTGI',OTC,0.14,0.14,415,0,Rheologics Tech,0,0,0
20051025,66077,RTGI',OTC,0.13,0.13,245,0,Rheologics Tech,0,0,0
20051026,66077,RTGI',OTC,0.15,0.15,253,0,Rheologics Tech,0,0,0
20051027,66077,RTGI',OTC,0.14,0.14,60,0,Rheologics Tech,0,0,0
20051028,66077,RTGI',OTC,0.14,0.14,0,0,Rheologics Tech,0,0,0
20051031,66077,RTGI',OTC,0.14,0.14,102,0,Rheologics Tech,0,0,0
20051101,66077,RTGI',OTC,0.14,0.14,0,0,Rheologics Tech,0,0,0
20051102,66077,RTGI',OTC,0.13,0.13,257,0,Rheologics Tech,0,0,0
20051103,66077,RTGI',OTC,0.12,0.12,10,0,Rheologics Tech,0,0,0
20051104,66077,RTGI',OTC,0.13,0.13,315,0,Rheologics Tech,0,0,0
20051107,66077,RTGI',OTC,0.18,0.18,618,0,Rheologics Tech,0,0,0
20051108,66077,RTGI',OTC,0.18,0.18,300,0,Rheologics Tech,0,0,0
20051109,66077,RTGI',OTC,0.19,0.19,715,0,Rheologics Tech,0,0,0
20051110,66077,RTGI',OTC,0.19,0.19,0,0,Rheologics Tech,0,0,0
20051111,66077,RTGI',OTC,0.18,0.18,50,0,Rheologics Tech,0,0,0
20051114,66077,RTGI',OTC,0.18,0.18,0,0,Rheologics Tech,0,0,0
20051115,66077,RTGI',OTC,0.18,0.18,0,0,Rheologics Tech,0,0,0
20051116,66077,RTGI',OTC,0.16,0.16,4,0,Rheologics Tech,0,0,0
20051117,66077,RTGI',OTC,0.16,0.16,0,0,Rheologics Tech,0,0,0
20051118,66077,RTGI',OTC,0.18,0.18,6,0,Rheologics Tech,0,0,0
20051121,66077,RTGI',OTC,0.18,0.18,0,0,Rheologics Tech,0,0,0
20051122,66077,RTGI',OTC,0.19,0.19,347,0,Rheologics Tech,0,0,0
20051123,66077,RTGI',OTC,0.17,0.17,56,0,Rheologics Tech,0,0,0
20051125,66077,RTGI',OTC,0.17,0.17,0,0,Rheologics Tech,0,0,0
20051128,66077,RTGI',OTC,0.17,0.17,0,0,Rheologics Tech,0,0,0
20051129,66077,RTGI',OTC,0.17,0.17,0,0,Rheologics Tech,0,0,0
20051130,66077,RTGI',OTC,0.17,0.17,15,0,Rheologics Tech,0,0,0
20051201,66077,RTGI',OTC,0.16,0.16,80,0,Rheologics Tech,0,0,0
20051202,66077,RTGI',OTC,0.16,0.16,105,0,Rheologics Tech,0,0,0
20051205,66077,RTGI',OTC,0.16,0.16,0,0,Rheologics Tech,0,0,0
20051206,66077,RTGI',OTC,0.16,0.16,0,0,Rheologics Tech,0,0,0
20051207,66077,RTGI',OTC,0.16,0.16,56,0,Rheologics Tech,0,0,0
20051208,66077,RTGI',OTC,0.16,0.16,0,0,Rheologics Tech,0,0,0
20051209,66077,RTGI',OTC,0.16,0.16,620,0,Rheologics Tech,0,0,0
20051212,66077,RTGI',OTC,0.14,0.14,14,0,Rheologics Tech,0,0,0
20051213,66077,RTGI',OTC,0.14,0.14,0,0,Rheologics Tech,0,0,0
20051214,66077,RTGI',OTC,0.15,0.15,94,0,Rheologics Tech,0,0,0
20051215,66077,RTGI',OTC,0.14,0.14,181,0,Rheologics Tech,0,0,0
20051216,66077,RTGI',OTC,0.13,0.13,300,0,Rheologics Tech,0,0,0
20051219,66077,RTGI',OTC,0.13,0.13,3,0,Rheologics Tech,0,0,0
20051220,66077,RTGI',OTC,0.14,0.14,50,0,Rheologics Tech,0,0,0
20051221,66077,RTGI',OTC,0.12,0.12,654,0,Rheologics Tech,0,0,0
20051222,66077,RTGI',OTC,0.12,0.12,0,0,Rheologics Tech,0,0,0
20051223,66077,RTGI',OTC,0.12,0.12,23,0,Rheologics Tech,0,0,0
20051227,66077,RTGI',OTC,0.11,0.11,804,0,Rheologics Tech,0,0,0
20051228,66077,RTGI',OTC,0.11,0.11,41,0,Rheologics Tech,0,0,0
20051229,66077,RTGI',OTC,0.11,0.11,23,0,Rheologics Tech,0,0,0
20051230,66077,RTGI',OTC,0.12,0.12,29,0,Rheologics Tech,0,0,0
20060103,66077,RTGI',OTC,0.1,0.1,350,0,Rheologics Tech,0,0,0
20060104,66077,RTGI',OTC,0.1,0.1,200,0,Rheologics Tech,0,0,0
20060105,66077,RTGI',OTC,0.1,0.1,0,0,Rheologics Tech,0,0,0
20060106,66077,RTGI',OTC,0.1,0.1,0,0,Rheologics Tech,0,0,0
20060109,66077,RTGI',OTC,0.09,0.09,130,0,Rheologics Tech,0,0,0
20060110,66077,RTGI',OTC,0.07,0.07,600,0,Rheologics Tech,0,0,0
20060111,66077,RTGI',OTC,0.09,0.09,12,0,Rheologics Tech,0,0,0
20060112,66077,RTGI',OTC,0.09,0.09,10,0,Rheologics Tech,0,0,0
20060113,66077,RTGI',OTC,0.09,0.09,0,0,Rheologics Tech,0,0,0
20060117,66077,RTGI',OTC,0.09,0.09,261,0,Rheologics Tech,0,0,0
20060118,66077,RTGI',OTC,0.09,0.09,471,0,Rheologics Tech,0,0,0
20060119,66077,RTGI',OTC,0.08,0.08,1078,0,Rheologics Tech,0,0,0
20060120,66077,RTGI',OTC,0.08,0.08,1714,0,Rheologics Tech,0,0,0
20060123,66077,RTGI',OTC,0.08,0.08,203,0,Rheologics Tech,0,0,0
20060124,66077,RTGI',OTC,0.09,0.09,1268,0,Rheologics Tech,0,0,0
20060125,66077,RTGI',OTC,0.09,0.09,0,0,Rheologics Tech,0,0,0
20060126,66077,RTGI',OTC,0.12,0.12,50,0,Rheologics Tech,0,0,0
20060127,66077,RTGI',OTC,0.12,0.12,19,0,Rheologics Tech,0,0,0
20060130,66077,RTGI',OTC,0.13,0.13,408,0,Rheologics Tech,0,0,0
20060131,66077,RTGI',OTC,0.13,0.13,90,0,Rheologics Tech,0,0,0
20060201,66077,RTGI',OTC,0.11,0.11,72,0,Rheologics Tech,0,0,0
20060202,66077,RTGI',OTC,0.11,0.11,0,0,Rheologics Tech,0,0,0
20060203,66077,RTGI',OTC,0.11,0.11,15,0,Rheologics Tech,0,0,0
20060206,66077,RTGI',OTC,0.1,0.1,300,0,Rheologics Tech,0,0,0
20060207,66077,RTGI',OTC,0.1,0.1,2,0,Rheologics Tech,0,0,0
20060208,66077,RTGI',OTC,0.1,0.1,0,0,Rheologics Tech,0,0,0
20060209,66077,RTGI',OTC,0.1,0.1,0,0,Rheologics Tech,0,0,0
20060210,66077,RTGI',OTC,0.1,0.1,20,0,Rheologics Tech,0,0,0
20060213,66077,RTGI',OTC,0.14,0.14,396,0,Rheologics Tech,0,0,0
20060214,66077,RTGI',OTC,0.11,0.11,57,0,Rheologics Tech,0,0,0
20060215,66077,RTGI',OTC,0.14,0.14,24,0,Rheologics Tech,0,0,0
20060216,66077,RTGI',OTC,0.11,0.11,742,0,Rheologics Tech,0,0,0
20060217,66077,RTGI',OTC,0.1,0.1,400,0,Rheologics Tech,0,0,0
20060221,66077,RTGI',OTC,0.13,0.13,200,0,Rheologics Tech,0,0,0
20060222,66077,RTGI',OTC,0.12,0.12,984,0,Rheologics Tech,0,0,0
20060223,66077,RTGI',OTC,0.15,0.15,204,0,Rheologics Tech,0,0,0
20060224,66077,RTGI',OTC,0.16,0.16,489,0,Rheologics Tech,0,0,0
20060227,66077,RTGI',OTC,0.2,0.2,1786,0,Rheologics Tech,0,0,0
20060228,66077,RTGI',OTC,0.18,0.18,110,0,Rheologics Tech,0,0,0
20060301,66077,RTGI',OTC,0.15,0.15,8,0,Rheologics Tech,0,0,0
20060302,66077,RTGI',OTC,0.15,0.15,0,0,Rheologics Tech,0,0,0
20060303,66077,RTGI',OTC,0.15,0.15,0,0,Rheologics Tech,0,0,0
20060306,66077,RTGI',OTC,0.14,0.14,22,0,Rheologics Tech,0,0,0
20060307,66077,RTGI',OTC,0.23,0.23,150,0,Rheologics Tech,0,0,0
20060308,66077,RTGI',OTC,0.18,0.18,227,0,Rheologics Tech,0,0,0
20060309,66077,RTGI',OTC,0.14,0.14,412,0,Rheologics Tech,0,0,0
20060310,66077,RTGI',OTC,0.14,0.14,0,0,Rheologics Tech,0,0,0
20060313,66077,RTGI',OTC,0.14,0.14,4,0,Rheologics Tech,0,0,0
20060314,66077,RTGI',OTC,0.19,0.19,50,0,Rheologics Tech,0,0,0
20060315,66077,RTGI',OTC,0.19,0.19,0,0,Rheologics Tech,0,0,0
20060316,66077,RTGI',OTC,0.15,0.15,73,0,Rheologics Tech,0,0,0
20060317,66077,RTGI',OTC,0.13,0.13,359,0,Rheologics Tech,0,0,0
20060320,66077,RTGI',OTC,0.13,0.13,3,0,Rheologics Tech,0,0,0
20060321,66077,RTGI',OTC,0.13,0.13,348,0,Rheologics Tech,0,0,0
20060322,66077,RTGI',OTC,0.12,0.12,418,0,Rheologics Tech,0,0,0
20060323,66077,RTGI',OTC,0.12,0.12,0,0,Rheologics Tech,0,0,0
20060324,66077,RTGI',OTC,0.18,0.18,218,0,Rheologics Tech,0,0,0
20060327,66077,RTGI',OTC,0.12,0.12,33,0,Rheologics Tech,0,0,0
20060328,66077,RTGI',OTC,0.12,0.12,0,0,Rheologics Tech,0,0,0
20060329,66077,RTGI',OTC,0.13,0.13,50,0,Rheologics Tech,0,0,0
20060330,66077,RTGI',OTC,0.12,0.12,50,0,Rheologics Tech,0,0,0
20060331,66077,RTGI',OTC,0.12,0.12,808,0,Rheologics Tech,0,0,0
20060403,66077,RTGI',OTC,0.13,0.13,1164,0,Rheologics Tech,0,0,0
20060404,66077,RTGI',OTC,0.12,0.12,284,0,Rheologics Tech,0,0,0
20060405,66077,RTGI',OTC,0.11,0.11,1153,0,Rheologics Tech,0,0,0
20060406,66077,RTGI',OTC,0.13,0.13,200,0,Rheologics Tech,0,0,0
20060407,66077,RTGI',OTC,0.12,0.12,388,0,Rheologics Tech,0,0,0
20060410,66077,RTGI',OTC,0.12,0.12,0,0,Rheologics Tech,0,0,0
20060411,66077,RTGI',OTC,0.1,0.1,577,0,Rheologics Tech,0,0,0
20060412,66077,RTGI',OTC,0.1,0.1,15,0,Rheologics Tech,0,0,0
20060413,66077,RTGI',OTC,0.12,0.12,53,0,Rheologics Tech,0,0,0
20060417,66077,RTGI',OTC,0.1,0.1,16,0,Rheologics Tech,0,0,0
20060418,66077,RTGI',OTC,0.1,0.1,180,0,Rheologics Tech,0,0,0
20060419,66077,RTGI',OTC,0.09,0.09,1786,0,Rheologics Tech,0,0,0
20060420,66077,RTGI',OTC,0.09,0.09,1215,0,Rheologics Tech,0,0,0
20060421,66077,RTGI',OTC,0.09,0.09,0,0,Rheologics Tech,0,0,0
20060424,66077,RTGI',OTC,0.09,0.09,99,0,Rheologics Tech,0,0,0
20060425,66077,RTGI',OTC,0.09,0.09,15,0,Rheologics Tech,0,0,0
20060426,66077,RTGI',OTC,0.09,0.09,17,0,Rheologics Tech,0,0,0
20060427,66077,RTGI',OTC,0.09,0.09,0,0,Rheologics Tech,0,0,0
20060428,66077,RTGI',OTC,0.09,0.09,0,0,Rheologics Tech,0,0,0
20060501,66077,RTGI',OTC,0.09,0.09,0,0,Rheologics Tech,0,0,0
20060502,66077,RTGI',OTC,0.09,0.09,161,0,Rheologics Tech,0,0,0
20060503,66077,RTGI',OTC,0.11,0.11,875,0,Rheologics Tech,0,0,0
20060504,66077,RTGI',OTC,0.1,0.1,48,0,Rheologics Tech,0,0,0
20060505,66077,RTGI',OTC,0.1,0.1,101,0,Rheologics Tech,0,0,0
20060508,66077,RTGI',OTC,0.1,0.1,50,0,Rheologics Tech,0,0,0
20060509,66077,RTGI',OTC,0.1,0.1,0,0,Rheologics Tech,0,0,0
20060510,66077,RTGI',OTC,0.1,0.1,550,0,Rheologics Tech,0,0,0
20060511,66077,RTGI',OTC,0.1,0.1,108,0,Rheologics Tech,0,0,0
20060512,66077,RTGI',OTC,0.1,0.1,16,0,Rheologics Tech,0,0,0
20060515,66077,RTGI',OTC,0.1,0.1,230,0,Rheologics Tech,0,0,0
20060516,66077,RTGI',OTC,0.1,0.1,0,0,Rheologics Tech,0,0,0
20060517,66077,RTGI',OTC,0.1,0.1,705,0,Rheologics Tech,0,0,0
20060518,66077,RTGI',OTC,0.1,0.1,0,0,Rheologics Tech,0,0,0
20060519,66077,RTGI',OTC,0.1,0.1,154,0,Rheologics Tech,0,0,0
20060522,66077,RTGI',OTC,0.09,0.09,184,0,Rheologics Tech,0,0,0
20060523,66077,RTGI',OTC,0.09,0.09,0,0,Rheologics Tech,0,0,0
20060524,66077,RTGI',OTC,0.09,0.09,239,0,Rheologics Tech,0,0,0
20060525,66077,RTGI',OTC,0.1,0.1,125,0,Rheologics Tech,0,0,0
20060526,66077,RTGI',OTC,0.1,0.1,286,0,Rheologics Tech,0,0,0
20060530,66077,RTGI',OTC,0.09,0.09,500,0,Rheologics Tech,0,0,0
20060531,66077,RTGI',OTC,0.09,0.09,0,0,Rheologics Tech,0,0,0
20060601,66077,RTGI',OTC,0.09,0.09,0,0,Rheologics Tech,0,0,0
20060602,66077,RTGI',OTC,0.08,0.08,1029,0,Rheologics Tech,0,0,0
20060605,66077,RTGI',OTC,0.08,0.08,0,0,Rheologics Tech,0,0,0
20060606,66077,RTGI',OTC,0.08,0.08,0,0,Rheologics Tech,0,0,0
20060607,66077,RTGI',OTC,0.06,0.06,1458,0,Rheologics Tech,0,0,0
20060608,66077,RTGI',OTC,0.08,0.08,70,0,Rheologics Tech,0,0,0
20060609,66077,RTGI',OTC,0.08,0.08,50,0,Rheologics Tech,0,0,0
20060612,66077,RTGI',OTC,0.06,0.06,2,0,Rheologics Tech,0,0,0
20060613,66077,RTGI',OTC,0.06,0.06,0,0,Rheologics Tech,0,0,0
20060614,66077,RTGI',OTC,0.06,0.06,0,0,Rheologics Tech,0,0,0
20060615,66077,RTGI',OTC,0.06,0.06,500,0,Rheologics Tech,0,0,0
20060616,66077,RTGI',OTC,0.07,0.07,247,0,Rheologics Tech,0,0,0
20060619,66077,RTGI',OTC,0.06,0.06,1100,0,Rheologics Tech,0,0,0
20060620,66077,RTGI',OTC,0.06,0.06,0,0,Rheologics Tech,0,0,0
20060621,66077,RTGI',OTC,0.06,0.06,200,0,Rheologics Tech,0,0,0
20060622,66077,RTGI',OTC,0.06,0.06,3,0,Rheologics Tech,0,0,0
20060623,66077,RTGI',OTC,0.06,0.06,125,0,Rheologics Tech,0,0,0
20060626,66077,RTGI',OTC,0.05,0.05,1160,0,Rheologics Tech,0,0,0
20060627,66077,RTGI',OTC,0.05,0.05,443,0,Rheologics Tech,0,0,0
20060628,66077,RTGI',OTC,0.04,0.04,54,0,Rheologics Tech,0,0,0
20060629,66077,RTGI',OTC,0.06,0.06,2138,0,Rheologics Tech,0,0,0
20060630,66077,RTGI',OTC,0.08,0.08,1280,0,Rheologics Tech,0,0,0
20060703,66077,RTGI',OTC,0.08,0.08,573,0,Rheologics Tech,0,0,0
20060705,66077,RTGI',OTC,0.06,0.06,850,0,Rheologics Tech,0,0,0
20060706,66077,RTGI',OTC,0.07,0.07,1178,0,Rheologics Tech,0,0,0
20060707,66077,RTGI',OTC,0.07,0.07,200,0,Rheologics Tech,0,0,0
20060710,66077,RTGI',OTC,0.06,0.06,627,0,Rheologics Tech,0,0,0
20060711,66077,RTGI',OTC,0.07,0.07,260,0,Rheologics Tech,0,0,0
20060712,66077,RTGI',OTC,0.06,0.06,150,0,Rheologics Tech,0,0,0
20060713,66077,RTGI',OTC,0.06,0.06,90,0,Rheologics Tech,0,0,0
20060714,66077,RTGI',OTC,0.06,0.06,0,0,Rheologics Tech,0,0,0
20060717,66077,RTGI',OTC,0.06,0.06,0,0,Rheologics Tech,0,0,0
20060718,66077,RTGI',OTC,0.05,0.05,991,0,Rheologics Tech,0,0,0
20060719,66077,RTGI',OTC,0.06,0.06,133,0,Rheologics Tech,0,0,0
20060720,66077,RTGI',OTC,0.05,0.05,220,0,Rheologics Tech,0,0,0
20060721,66077,RTGI',OTC,0.06,0.06,60,0,Rheologics Tech,0,0,0
20060724,66077,RTGI',OTC,0.06,0.06,59,0,Rheologics Tech,0,0,0
20060725,66077,RTGI',OTC,0.06,0.06,400,0,Rheologics Tech,0,0,0
20060726,66077,RTGI',OTC,0.06,0.06,0,0,Rheologics Tech,0,0,0
20060727,66077,RTGI',OTC,0.06,0.06,341,0,Rheologics Tech,0,0,0
20060728,66077,RTGI',OTC,0.06,0.06,100,0,Rheologics Tech,0,0,0
20060731,66077,RTGI',OTC,0.07,0.07,210,0,Rheologics Tech,0,0,0
20060801,66077,RTGI',OTC,0.05,0.05,2,0,Rheologics Tech,0,0,0
20060802,66077,RTGI',OTC,0.05,0.05,503,0,Rheologics Tech,0,0,0
20060803,66077,RTGI',OTC,0.05,0.05,4,0,Rheologics Tech,0,0,0
20060804,66077,RTGI',OTC,0.05,0.05,0,0,Rheologics Tech,0,0,0
20060807,66077,RTGI',OTC,0.05,0.05,400,0,Rheologics Tech,0,0,0
20060808,66077,RTGI',OTC,0.05,0.05,503,0,Rheologics Tech,0,0,0
20060809,66077,RTGI',OTC,0.05,0.05,0,0,Rheologics Tech,0,0,0
20060810,66077,RTGI',OTC,0.05,0.05,0,0,Rheologics Tech,0,0,0
20060811,66077,RTGI',OTC,0.05,0.05,265,0,Rheologics Tech,0,0,0
20060814,66077,RTGI',OTC,0.06,0.06,225,0,Rheologics Tech,0,0,0
20060815,66077,RTGI',OTC,0.06,0.06,0,0,Rheologics Tech,0,0,0
20060816,66077,RTGI',OTC,0.05,0.05,170,0,Rheologics Tech,0,0,0
20060817,66077,RTGI',OTC,0.05,0.05,150,0,Rheologics Tech,0,0,0
20060818,66077,RTGI',OTC,0.05,0.05,225,0,Rheologics Tech,0,0,0
20060821,66077,RTGI',OTC,0.03,0.03,1195,0,Rheologics Tech,0,0,0
20060822,66077,RTGI',OTC,0.03,0.03,685,0,Rheologics Tech,0,0,0
20060823,66077,RTGI',OTC,0.03,0.03,575,0,Rheologics Tech,0,0,0
20060824,66077,RTGI',OTC,0.04,0.04,705,0,Rheologics Tech,0,0,0
20060825,66077,RTGI',OTC,0.03,0.03,180,0,Rheologics Tech,0,0,0
20060828,66077,RTGI',OTC,0.03,0.03,1020,0,Rheologics Tech,0,0,0
20060829,66077,RTGI',OTC,0.04,0.04,1245,0,Rheologics Tech,0,0,0
20060830,66077,RTGI',OTC,0.04,0.04,493,0,Rheologics Tech,0,0,0
20060831,66077,RTGI',OTC,0.03,0.03,1200,0,Rheologics Tech,0,0,0
20060901,66077,RTGI',OTC,0.03,0.03,1265,0,Rheologics Tech,0,0,0
20060905,66077,RTGI',OTC,0.03,0.03,2642,0,Rheologics Tech,0,0,0
20060906,66077,RTGI',OTC,0.03,0.03,22,0,Rheologics Tech,0,0,0
20060907,66077,RTGI',OTC,0.03,0.03,241,0,Rheologics Tech,0,0,0
20060908,66077,RTGI',OTC,0.04,0.04,150,0,Rheologics Tech,0,0,0
20060911,66077,RTGI',OTC,0.04,0.04,110,0,Rheologics Tech,0,0,0
20060912,66077,RTGI',OTC,0.03,0.03,605,0,Rheologics Tech,0,0,0
20060913,66077,RTGI',OTC,0.04,0.04,525,0,Rheologics Tech,0,0,0
20060914,66077,RTGI',OTC,0.04,0.04,0,0,Rheologics Tech,0,0,0
20060915,66077,RTGI',OTC,0.03,0.03,49,0,Rheologics Tech,0,0,0
20060918,66077,RTGI',OTC,0.03,0.03,0,0,Rheologics Tech,0,0,0
20060919,66077,RTGI',OTC,0.03,0.03,0,0,Rheologics Tech,0,0,0
20060920,66077,RTGI',OTC,0.03,0.03,0,0,Rheologics Tech,0,0,0
20060921,66077,RTGI',OTC,0.03,0.03,0,0,Rheologics Tech,0,0,0
20060922,66077,RTGI',OTC,0.03,0.03,0,0,Rheologics Tech,0,0,0
20060925,66077,RTGI',OTC,0.03,0.03,0,0,Rheologics Tech,0,0,0
20060926,66077,RTGI',OTC,0.04,0.04,15,0,Rheologics Tech,0,0,0
20060927,66077,RTGI',OTC,0.04,0.04,0,0,Rheologics Tech,0,0,0
20060928,66077,RTGI',OTC,0.04,0.04,5,0,Rheologics Tech,0,0,0
20060929,66077,RTGI',OTC,0.04,0.04,0,0,Rheologics Tech,0,0,0
20061002,66077,RTGI',OTC,0.04,0.04,0,0,Rheologics Tech,0,0,0
20061003,66077,RTGI',OTC,0.03,0.03,44,0,Rheologics Tech,0,0,0
20061004,66077,RTGI',OTC,0.06,0.06,570,0,Rheologics Tech,0,0,0
20061005,66077,RTGI',OTC,0.06,0.06,0,0,Rheologics Tech,0,0,0
20061006,66077,RTGI',OTC,0.06,0.06,0,0,Rheologics Tech,0,0,0
20061009,66077,RTGI',OTC,0.04,0.04,425,0,Rheologics Tech,0,0,0
20061010,66077,RTGI',OTC,0.04,0.04,500,0,Rheologics Tech,0,0,0
20061011,66077,RTGI',OTC,0.04,0.04,0,0,Rheologics Tech,0,0,0
20061012,66077,RTGI',OTC,0.04,0.04,0,0,Rheologics Tech,0,0,0
20061013,66077,RTGI',OTC,0.04,0.04,0,0,Rheologics Tech,0,0,0
20061016,66077,RTGI',OTC,0.06,0.06,208,0,Rheologics Tech,0,0,0
20061017,66077,RTGI',OTC,0.06,0.06,200,0,Rheologics Tech,0,0,0
20061018,66077,RTGI',OTC,0.05,0.05,100,0,Rheologics Tech,0,0,0
20061019,66077,RTGI',OTC,0.05,0.05,0,0,Rheologics Tech,0,0,0
20061020,66077,RTGI',OTC,0.05,0.05,4,0,Rheologics Tech,0,0,0
20061023,66077,RTGI',OTC,0.05,0.05,50,0,Rheologics Tech,0,0,0
20061024,66077,RTGI',OTC,0.05,0.05,0,0,Rheologics Tech,0,0,0
20061025,66077,RTGI',OTC,0.05,0.05,0,0,Rheologics Tech,0,0,0
20061026,66077,RTGI',OTC,0.05,0.05,1000,0,Rheologics Tech,0,0,0
20061027,66077,RTGI',OTC,0.05,0.05,0,0,Rheologics Tech,0,0,0
20061030,66077,RTGI',OTC,0.05,0.05,0,0,Rheologics Tech,0,0,0
20061031,66077,RTGI',OTC,0.05,0.05,50,0,Rheologics Tech,0,0,0
20061101,66077,RTGI',OTC,0.04,0.04,4,0,Rheologics Tech,0,0,0
20061102,66077,RTGI',OTC,0.04,0.04,78,0,Rheologics Tech,0,0,0
20061103,66077,RTGI',OTC,0.04,0.04,139,0,Rheologics Tech,0,0,0
20061106,66077,RTGI',OTC,0.05,0.05,2,0,Rheologics Tech,0,0,0
20061107,66077,RTGI',OTC,0.05,0.05,0,0,Rheologics Tech,0,0,0
20061108,66077,RTGI',OTC,0.05,0.05,0,0,Rheologics Tech,0,0,0
20061109,66077,RTGI',OTC,0.04,0.04,91,0,Rheologics Tech,0,0,0
20061110,66077,RTGI',OTC,0.04,0.04,520,0,Rheologics Tech,0,0,0
20061113,66077,RTGI',OTC,0.04,0.04,161,0,Rheologics Tech,0,0,0
20061114,66077,RTGI',OTC,0.04,0.04,0,0,Rheologics Tech,0,0,0
20061115,66077,RTGI',OTC,0.04,0.04,624,0,Rheologics Tech,0,0,0
20061116,66077,RTGI',OTC,0.04,0.04,100,0,Rheologics Tech,0,0,0
20061117,66077,RTGI',OTC,0.03,0.03,156,0,Rheologics Tech,0,0,0
20061120,66077,RTGI',OTC,0.03,0.03,4,0,Rheologics Tech,0,0,0
20061121,66077,RTGI',OTC,0.03,0.03,0,0,Rheologics Tech,0,0,0
20061122,66077,RTGI',OTC,0.03,0.03,0,0,Rheologics Tech,0,0,0
20061124,66077,RTGI',OTC,0.03,0.03,6,0,Rheologics Tech,0,0,0
20061127,66077,RTGI',OTC,0.04,0.04,115,0,Rheologics Tech,0,0,0
20061128,66077,RTGI',OTC,0.04,0.04,0,0,Rheologics Tech,0,0,0
20061129,66077,RTGI',OTC,0.04,0.04,50,0,Rheologics Tech,0,0,0
20061130,66077,RTGI',OTC,0.05,0.05,150,0,Rheologics Tech,0,0,0
20061201,66077,RTGI',OTC,0.04,0.04,60,0,Rheologics Tech,0,0,0
20061204,66077,RTGI',OTC,0.03,0.03,3396,0,Rheologics Tech,0,0,0
20061205,66077,RTGI',OTC,0.03,0.03,380,0,Rheologics Tech,0,0,0
20061206,66077,RTGI',OTC,0.02,0.02,4147,0,Rheologics Tech,0,0,0
20061207,66077,RTGI',OTC,0.02,0.02,250,0,Rheologics Tech,0,0,0
20061208,66077,RTGI',OTC,0.02,0.02,640,0,Rheologics Tech,0,0,0
20061211,66077,RTGI',OTC,0.02,0.02,350,0,Rheologics Tech,0,0,0
20061212,66077,RTGI',OTC,0.02,0.02,2407,0,Rheologics Tech,0,0,0
20061213,66077,RTGI',OTC,0.02,0.02,350,0,Rheologics Tech,0,0,0
20061214,66077,RTGI',OTC,0.02,0.02,1221,0,Rheologics Tech,0,0,0
20061215,66077,RTGI',OTC,0.02,0.02,2120,0,Rheologics Tech,0,0,0
20061218,66077,RTGI',OTC,0.02,0.02,0,0,Rheologics Tech,0,0,0
20061219,66077,RTGI',OTC,0.02,0.02,6800,0,Rheologics Tech,0,0,0
20061220,66077,RTGI',OTC,0.02,0.02,260,0,Rheologics Tech,0,0,0
20061221,66077,RTGI',OTC,0.02,0.02,262,0,Rheologics Tech,0,0,0
20061222,66077,RTGI',OTC,0.02,0.02,49,0,Rheologics Tech,0,0,0
20061226,66077,RTGI',OTC,0.02,0.02,820,0,Rheologics Tech,0,0,0
20061227,66077,RTGI',OTC,0.02,0.02,8,0,Rheologics Tech,0,0,0
20061228,66077,RTGI',OTC,0.02,0.02,15,0,Rheologics Tech,0,0,0
20061229,66077,RTGI',OTC,0.02,0.02,3094,0,Rheologics Tech,0,0,0
20070103,66077,RTGI',OTC,0.02,0.02,0,0,Rheologics Tech,0,0,0
20070104,66077,RTGI',OTC,0.02,0.02,0,0,Rheologics Tech,0,0,0
20070105,66077,RTGI',OTC,0.02,0.02,50,0,Rheologics Tech,0,0,0
20070108,66077,RTGI',OTC,0.02,0.02,850,0,Rheologics Tech,0,0,0
20070109,66077,RTGI',OTC,0.02,0.02,150,0,Rheologics Tech,0,0,0
20070110,66077,RTGI',OTC,0.02,0.02,120,0,Rheologics Tech,0,0,0
20070111,66077,RTGI',OTC,0.02,0.02,1000,0,Rheologics Tech,0,0,0
20070112,66077,RTGI',OTC,0.02,0.02,9,0,Rheologics Tech,0,0,0
20070116,66077,RTGI',OTC,0.02,0.02,0,0,Rheologics Tech,0,0,0
20070117,66077,RTGI',OTC,0.02,0.02,7,0,Rheologics Tech,0,0,0
20070118,66077,RTGI',OTC,0.02,0.02,0,0,Rheologics Tech,0,0,0
20070119,66077,RTGI',OTC,0.02,0.02,6734,0,Rheologics Tech,0,0,0
20070122,66077,RTGI',OTC,0.02,0.02,800,0,Rheologics Tech,0,0,0
20070123,66077,RTGI',OTC,0.02,0.02,250,0,Rheologics Tech,0,0,0
20070124,66077,RTGI',OTC,0.02,0.02,1114,0,Rheologics Tech,0,0,0
20070125,66077,RTGI',OTC,0.02,0.02,23549,0,Rheologics Tech,0,0,0
20070126,66077,RTGI',OTC,0.02,0.02,25493,0,Rheologics Tech,0,0,0
20070129,66077,RTGI',OTC,0.03,0.03,7743,0,Rheologics Tech,0,0,0
20070130,66077,RTGI',OTC,0.03,0.03,6720,0,Rheologics Tech,0,0,0
20070131,66077,RTGI',OTC,0.03,0.03,7745,0,Rheologics Tech,0,0,0
20070201,66077,RTGI',OTC,0.03,0.03,3629,0,Rheologics Tech,0,0,0
20070202,66077,RTGI',OTC,0.04,0.04,19230,0,Rheologics Tech,0,0,0
20070205,66077,RTGI',OTC,0.05,0.05,12460,0,Rheologics Tech,0,0,0
20070206,66077,RTGI',OTC,0.05,0.05,4189,0,Rheologics Tech,0,0,0
20070207,66077,RTGI',OTC,0.04,0.04,5583,0,Rheologics Tech,0,0,0
20070208,66077,RTGI',OTC,0.04,0.04,1150,0,Rheologics Tech,0,0,0
20070209,66077,RTGI',OTC,0.04,0.04,3293,0,Rheologics Tech,0,0,0
20070212,66077,RTGI',OTC,0.04,0.04,1654,0,Rheologics Tech,0,0,0
20070213,66077,RTGI',OTC,0.04,0.04,1289,0,Rheologics Tech,0,0,0
20070214,66077,RTGI',OTC,0.03,0.03,1212,0,Rheologics Tech,0,0,0
20070215,66077,RTGI',OTC,0.03,0.03,50,0,Rheologics Tech,0,0,0
20070216,66077,RTGI',OTC,0.03,0.03,0,0,Rheologics Tech,0,0,0
20070220,66077,RTGI',OTC,0.04,0.04,55,0,Rheologics Tech,0,0,0
20070221,66077,RTGI',OTC,0.04,0.04,0,0,Rheologics Tech,0,0,0
20070222,66077,RTGI',OTC,0.03,0.03,272,0,Rheologics Tech,0,0,0
20070223,66077,RTGI',OTC,0.03,0.03,0,0,Rheologics Tech,0,0,0
20070226,66077,RTGI',OTC,0.03,0.03,891,0,Rheologics Tech,0,0,0
20070227,66077,RTGI',OTC,0.03,0.03,1600,0,Rheologics Tech,0,0,0
20070228,66077,RTGI',OTC,0.03,0.03,3230,0,Rheologics Tech,0,0,0
20070301,66077,RTGI',OTC,0.03,0.03,0,0,Rheologics Tech,0,0,0
20070302,66077,RTGI',OTC,0.03,0.03,0,0,Rheologics Tech,0,0,0
20070305,66077,RTGI',OTC,0.03,0.03,1085,0,Rheologics Tech,0,0,0
20070306,66077,RTGI',OTC,0.03,0.03,2832,0,Rheologics Tech,0,0,0
20070307,66077,RTGI',OTC,0.03,0.03,0,0,Rheologics Tech,0,0,0
20070308,66077,RTGI',OTC,0.03,0.03,142,0,Rheologics Tech,0,0,0
20070309,66077,RTGI',OTC,0.02,0.02,7160,0,Rheologics Tech,0,0,0
20070312,66077,RTGI',OTC,0.02,0.02,1170,0,Rheologics Tech,0,0,0
20070313,66077,RTGI',OTC,0.02,0.02,24,0,Rheologics Tech,0,0,0
20070314,66077,RTGI',OTC,0.02,0.02,0,0,Rheologics Tech,0,0,0
20070315,66077,RTGI',OTC,0.02,0.02,0,0,Rheologics Tech,0,0,0
20070316,66077,RTGI',OTC,0.02,0.02,0,0,Rheologics Tech,0,0,0
20070319,66077,RTGI',OTC,0.02,0.02,50,0,Rheologics Tech,0,0,0
20070320,66077,RTGI',OTC,0.02,0.02,550,0,Rheologics Tech,0,0,0
20070321,66077,RTGI',OTC,0.02,0.02,0,0,Rheologics Tech,0,0,0
20070322,66077,RTGI',OTC,0.02,0.02,3,0,Rheologics Tech,0,0,0
20070323,66077,RTGI',OTC,0.03,0.03,345,0,Rheologics Tech,0,0,0
20070326,66077,RTGI',OTC,0.03,0.03,0,0,Rheologics Tech,0,0,0
20070327,66077,RTGI',OTC,0.02,0.02,2400,0,Rheologics Tech,0,0,0
20070328,66077,RTGI',OTC,0.03,0.03,50,0,Rheologics Tech,0,0,0
20070329,66077,RTGI',OTC,0.03,0.03,0,0,Rheologics Tech,0,0,0
20070330,66077,RTGI',OTC,0.02,0.02,767,0,Rheologics Tech,0,0,0
20070402,66077,RTGI',OTC,0.02,0.02,10,0,Rheologics Tech,0,0,0
20070403,66077,RTGI',OTC,0.03,0.03,2181,0,Rheologics Tech,0,0,0
20070404,66077,RTGI',OTC,0.02,0.02,1178,0,Rheologics Tech,0,0,0
20070405,66077,RTGI',OTC,0.02,0.02,2950,0,Rheologics Tech,0,0,0
20070409,66077,RTGI',OTC,0.02,0.02,265,0,Rheologics Tech,0,0,0
20070410,66077,RTGI',OTC,0.02,0.02,510,0,Rheologics Tech,0,0,0
20070411,66077,RTGI',OTC,0.02,0.02,2800,0,Rheologics Tech,0,0,0
20070412,66077,RTGI',OTC,0.02,0.02,130,0,Rheologics Tech,0,0,0
20070413,66077,RTGI',OTC,0.02,0.02,6450,0,Rheologics Tech,0,0,0
20070416,66077,RTGI',OTC,0.01,0.01,3928,0,Rheologics Tech,0,0,0
20070417,66077,RTGI',OTC,0.02,0.02,2038,0,Rheologics Tech,0,0,0
20070418,66077,RTGI',OTC,0.02,0.02,185,0,Rheologics Tech,0,0,0
20070419,66077,RTGI',OTC,0.02,0.02,650,0,Rheologics Tech,0,0,0
20070420,66077,RTGI',OTC,0.02,0.02,5618,0,Rheologics Tech,0,0,0
20070423,66077,RTGI',OTC,0.01,0.01,590,0,Rheologics Tech,0,0,0
20070424,66077,RTGI',OTC,0.01,0.01,0,0,Rheologics Tech,0,0,0
20070425,66077,RTGI',OTC,0.01,0.01,103,0,Rheologics Tech,0,0,0
20070426,66077,RTGI',OTC,0.01,0.01,0,0,Rheologics Tech,0,0,0
20070427,66077,RTGI',OTC,0.01,0.01,2403,0,Rheologics Tech,0,0,0
20070430,66077,RTGI',OTC,0.01,0.01,22545,0,Rheologics Tech,0,0,0
20070501,66077,RTGI',OTC,0.01,0.01,1160,0,Rheologics Tech,0,0,0
20070502,66077,RTGI',OTC,0.01,0.01,7870,0,Rheologics Tech,0,0,0
