DDate,CSINumber,Symbol,Exchange,DClose,UnAdjustedClose,TotalVolume,Cash,MarketName,PTB,PSR,DPS
20050118,66162,MPRG',OTC,40,2,8,0,Motion Picture Group,0,0,0
20050119,66162,MPRG',OTC,39.4,1.97,5,0,Motion Picture Group,0,0,0
20050120,66162,MPRG',OTC,39,1.95,34,0,Motion Picture Group,0,0,0
20050121,66162,MPRG',OTC,45,2.25,1,0,Motion Picture Group,0,0,0
20050124,66162,MPRG',OTC,45,2.25,0,0,Motion Picture Group,0,0,0
20050125,66162,MPRG',OTC,47,2.35,4,0,Motion Picture Group,0,0,0
20050126,66162,MPRG',OTC,47,2.35,1,0,Motion Picture Group,0,0,0
20050127,66162,MPRG',OTC,50,2.5,21,0,Motion Picture Group,0,0,0
20050128,66162,MPRG',OTC,54,2.7,14,0,Motion Picture Group,0,0,0
20050131,66162,MPRG',OTC,54,2.7,14,0,Motion Picture Group,0,0,0
20050201,66162,MPRG',OTC,62,3.1,19,0,Motion Picture Group,0,0,0
20050202,66162,MPRG',OTC,64,3.2,15,0,Motion Picture Group,0,0,0
20050203,66162,MPRG',OTC,58,2.9,8,0,Motion Picture Group,0,0,0
20050204,66162,MPRG',OTC,60,3,1,0,Motion Picture Group,0,0,0
20050207,66162,MPRG',OTC,60,3,1,0,Motion Picture Group,0,0,0
20050208,66162,MPRG',OTC,60,3,1,0,Motion Picture Group,0,0,0
20050209,66162,MPRG',OTC,55,2.75,8,0,Motion Picture Group,0,0,0
20050210,66162,MPRG',OTC,58,2.9,1,0,Motion Picture Group,0,0,0
20050211,66162,MPRG',OTC,56,2.8,0,0,Motion Picture Group,0,0,0
20050214,66162,MPRG',OTC,56,2.8,0,0,Motion Picture Group,0,0,0
20050215,66162,MPRG',OTC,53,2.65,3,0,Motion Picture Group,0,0,0
20050216,66162,MPRG',OTC,51,2.55,8,0,Motion Picture Group,0,0,0
20050217,66162,MPRG',OTC,50,2.5,30,0,Motion Picture Group,0,0,0
20050218,66162,MPRG',OTC,49,2.45,10,0,Motion Picture Group,0,0,0
20050222,66162,MPRG',OTC,49,2.45,1,0,Motion Picture Group,0,0,0
20050223,66162,MPRG',OTC,44,2.2,8,0,Motion Picture Group,0,0,0
20050224,66162,MPRG',OTC,44,2.2,0,0,Motion Picture Group,0,0,0
20050225,66162,MPRG',OTC,44,2.2,0,0,Motion Picture Group,0,0,0
20050228,66162,MPRG',OTC,28,1.4,3,0,Motion Picture Group,0,0,0
20050301,66162,MPRG',OTC,29,1.45,2,0,Motion Picture Group,0,0,0
20050302,66162,MPRG',OTC,23,1.15,2,0,Motion Picture Group,0,0,0
20050303,66162,MPRG',OTC,20.2,1.01,2,0,Motion Picture Group,0,0,0
20050304,66162,MPRG',OTC,21.8,1.09,1,0,Motion Picture Group,0,0,0
20050307,66162,MPRG',OTC,19,0.95,10,0,Motion Picture Group,0,0,0
20050308,66162,MPRG',OTC,12.6,0.63,5,0,Motion Picture Group,0,0,0
20050309,66162,MPRG',OTC,12.4,0.62,4,0,Motion Picture Group,0,0,0
20050310,66162,MPRG',OTC,12,0.6,2,0,Motion Picture Group,0,0,0
20050311,66162,MPRG',OTC,12,0.6,3,0,Motion Picture Group,0,0,0
20050314,66162,MPRG',OTC,12,0.6,0,0,Motion Picture Group,0,0,0
20050315,66162,MPRG',OTC,12,0.6,3,0,Motion Picture Group,0,0,0
20050316,66162,MPRG',OTC,12,0.6,0,0,Motion Picture Group,0,0,0
20050317,66162,MPRG',OTC,7,0.35,14,0,Motion Picture Group,0,0,0
20050318,66162,MPRG',OTC,14,0.7,48,0,Motion Picture Group,0,0,0
20050321,66162,MPRG',OTC,14,0.7,0,0,Motion Picture Group,0,0,0
20050322,66162,MPRG',OTC,14,0.7,0,0,Motion Picture Group,0,0,0
20050323,66162,MPRG',OTC,13,0.65,12,0,Motion Picture Group,0,0,0
20050324,66162,MPRG',OTC,11,0.55,3,0,Motion Picture Group,0,0,0
20050328,66162,MPRG',OTC,10.2,0.51,3,0,Motion Picture Group,0,0,0
20050329,66162,MPRG',OTC,11,0.55,1,0,Motion Picture Group,0,0,0
20050330,66162,MPRG',OTC,10.2,0.51,1,0,Motion Picture Group,0,0,0
20050331,66162,MPRG',OTC,10.2,0.51,0,0,Motion Picture Group,0,0,0
20050401,66162,MPRG',OTC,8.4,0.42,3,0,Motion Picture Group,0,0,0
20050404,66162,MPRG',OTC,8.4,0.42,0,0,Motion Picture Group,0,0,0
20050405,66162,MPRG',OTC,9,0.45,6,0,Motion Picture Group,0,0,0
20050406,66162,MPRG',OTC,9,0.45,0,0,Motion Picture Group,0,0,0
20050407,66162,MPRG',OTC,9,0.45,0,0,Motion Picture Group,0,0,0
20050408,66162,MPRG',OTC,9,0.45,0,0,Motion Picture Group,0,0,0
20050411,66162,MPRG',OTC,9,0.45,0,0,Motion Picture Group,0,0,0
20050412,66162,MPRG',OTC,9,0.45,0,0,Motion Picture Group,0,0,0
20050413,66162,MPRG',OTC,9,0.45,0,0,Motion Picture Group,0,0,0
20050414,66162,MPRG',OTC,9,0.45,0,0,Motion Picture Group,0,0,0
20050415,66162,MPRG',OTC,9,0.45,0,0,Motion Picture Group,0,0,0
20050418,66162,MPRG',OTC,15,0.75,23,0,Motion Picture Group,0,0,0
20050419,66162,MPRG',OTC,15,0.75,0,0,Motion Picture Group,0,0,0
20050420,66162,MPRG',OTC,15,0.75,0,0,Motion Picture Group,0,0,0
20050421,66162,MPRG',OTC,13.6,0.68,8,0,Motion Picture Group,0,0,0
20050422,66162,MPRG',OTC,13.6,0.68,0,0,Motion Picture Group,0,0,0
20050425,66162,MPRG',OTC,8.4,0.42,6,0,Motion Picture Group,0,0,0
20050426,66162,MPRG',OTC,10.6,0.53,1,0,Motion Picture Group,0,0,0
20050427,66162,MPRG',OTC,10,0.5,3,0,Motion Picture Group,0,0,0
20050428,66162,MPRG',OTC,10.8,0.54,1,0,Motion Picture Group,0,0,0
20050429,66162,MPRG',OTC,10.8,0.54,0,0,Motion Picture Group,0,0,0
20050502,66162,MPRG',OTC,11,0.55,6,0,Motion Picture Group,0,0,0
20050503,66162,MPRG',OTC,11,0.55,0,0,Motion Picture Group,0,0,0
20050504,66162,MPRG',OTC,14,0.7,23,0,Motion Picture Group,0,0,0
20050505,66162,MPRG',OTC,14,0.7,9,0,Motion Picture Group,0,0,0
20050506,66162,MPRG',OTC,17.2,0.86,12,0,Motion Picture Group,0,0,0
20050509,66162,MPRG',OTC,19,0.95,14,0,Motion Picture Group,0,0,0
20050510,66162,MPRG',OTC,15,0.75,4,0,Motion Picture Group,0,0,0
20050511,66162,MPRG',OTC,16.4,0.82,9,0,Motion Picture Group,0,0,0
20050512,66162,MPRG',OTC,20,1,8,0,Motion Picture Group,0,0,0
20050513,66162,MPRG',OTC,22,1.1,56,0,Motion Picture Group,0,0,0
20050516,66162,MPRG',OTC,21.8,1.09,169,0,Motion Picture Group,0,0,0
20050517,66162,MPRG',OTC,23.8,1.19,44,0,Motion Picture Group,0,0,0
20050518,66162,MPRG',OTC,20,1,10,0,Motion Picture Group,0,0,0
20050519,66162,MPRG',OTC,17,0.85,18,0,Motion Picture Group,0,0,0
20050520,66162,MPRG',OTC,18,0.9,5,0,Motion Picture Group,0,0,0
20050523,66162,MPRG',OTC,18,0.9,5,0,Motion Picture Group,0,0,0
20050524,66162,MPRG',OTC,18,0.9,0,0,Motion Picture Group,0,0,0
20050525,66162,MPRG',OTC,17,0.85,19,0,Motion Picture Group,0,0,0
20050526,66162,MPRG',OTC,16,0.8,2,0,Motion Picture Group,0,0,0
20050527,66162,MPRG',OTC,13.4,0.67,2,0,Motion Picture Group,0,0,0
20050531,66162,MPRG',OTC,10,0.5,29,0,Motion Picture Group,0,0,0
20050601,66162,MPRG',OTC,13,0.65,8,0,Motion Picture Group,0,0,0
20050602,66162,MPRG',OTC,14.4,0.72,21,0,Motion Picture Group,0,0,0
20050603,66162,MPRG',OTC,16.8,0.84,27,0,Motion Picture Group,0,0,0
20050606,66162,MPRG',OTC,17,0.85,7,0,Motion Picture Group,0,0,0
20050607,66162,MPRG',OTC,16.8,0.84,25,0,Motion Picture Group,0,0,0
20050608,66162,MPRG',OTC,14.8,0.74,5,0,Motion Picture Group,0,0,0
20050609,66162,MPRG',OTC,16,0.8,2,0,Motion Picture Group,0,0,0
20050610,66162,MPRG',OTC,15.4,0.77,2,0,Motion Picture Group,0,0,0
20050613,66162,MPRG',OTC,14.8,0.74,9,0,Motion Picture Group,0,0,0
20050614,66162,MPRG',OTC,15.6,0.78,37,0,Motion Picture Group,0,0,0
20050615,66162,MPRG',OTC,18,0.9,34,0,Motion Picture Group,0,0,0
20050616,66162,MPRG',OTC,14,0.7,23,0,Motion Picture Group,0,0,0
20050617,66162,MPRG',OTC,14.4,0.72,4,0,Motion Picture Group,0,0,0
20050620,66162,MPRG',OTC,14.4,0.72,43,0,Motion Picture Group,0,0,0
20050621,66162,MPRG',OTC,16.2,0.81,55,0,Motion Picture Group,0,0,0
20050622,66162,MPRG',OTC,12,0.6,51,0,Motion Picture Group,0,0,0
20050623,66162,MPRG',OTC,10.8,0.54,26,0,Motion Picture Group,0,0,0
20050624,66162,MPRG',OTC,9.4,0.47,33,0,Motion Picture Group,0,0,0
20050627,66162,MPRG',OTC,10,0.5,21,0,Motion Picture Group,0,0,0
20050628,66162,MPRG',OTC,9,0.45,24,0,Motion Picture Group,0,0,0
20050629,66162,MPRG',OTC,9,0.45,9,0,Motion Picture Group,0,0,0
20050630,66162,MPRG',OTC,10.8,0.54,19,0,Motion Picture Group,0,0,0
20050701,66162,MPRG',OTC,10.4,0.52,55,0,Motion Picture Group,0,0,0
20050705,66162,MPRG',OTC,9.6,0.48,61,0,Motion Picture Group,0,0,0
20050706,66162,MPRG',OTC,12,0.6,38,0,Motion Picture Group,0,0,0
20050707,66162,MPRG',OTC,13,0.65,15,0,Motion Picture Group,0,0,0
20050708,66162,MPRG',OTC,10,0.5,47,0,Motion Picture Group,0,0,0
20050711,66162,MPRG',OTC,10.4,0.52,74,0,Motion Picture Group,0,0,0
20050712,66162,MPRG',OTC,9,0.45,26,0,Motion Picture Group,0,0,0
20050713,66162,MPRG',OTC,10,0.5,15,0,Motion Picture Group,0,0,0
20050714,66162,MPRG',OTC,11,0.55,14,0,Motion Picture Group,0,0,0
20050715,66162,MPRG',OTC,10,0.5,42,0,Motion Picture Group,0,0,0
20050718,66162,MPRG',OTC,9.4,0.47,16,0,Motion Picture Group,0,0,0
20050719,66162,MPRG',OTC,7,0.35,24,0,Motion Picture Group,0,0,0
20050720,66162,MPRG',OTC,7,0.35,11,0,Motion Picture Group,0,0,0
20050721,66162,MPRG',OTC,7.2,0.36,20,0,Motion Picture Group,0,0,0
20050722,66162,MPRG',OTC,8,0.4,18,0,Motion Picture Group,0,0,0
20050725,66162,MPRG',OTC,8,0.4,0,0,Motion Picture Group,0,0,0
20050726,66162,MPRG',OTC,7,0.35,11,0,Motion Picture Group,0,0,0
20050727,66162,MPRG',OTC,8,0.4,3,0,Motion Picture Group,0,0,0
20050728,66162,MPRG',OTC,9.2,0.46,11,0,Motion Picture Group,0,0,0
20050729,66162,MPRG',OTC,7.4,0.37,28,0,Motion Picture Group,0,0,0
20050801,66162,MPRG',OTC,8,0.4,22,0,Motion Picture Group,0,0,0
20050802,66162,MPRG',OTC,8.4,0.42,29,0,Motion Picture Group,0,0,0
20050803,66162,MPRG',OTC,8,0.4,8,0,Motion Picture Group,0,0,0
20050804,66162,MPRG',OTC,8.2,0.41,6,0,Motion Picture Group,0,0,0
20050805,66162,MPRG',OTC,9.2,0.46,8,0,Motion Picture Group,0,0,0
20050808,66162,MPRG',OTC,8.2,0.41,5,0,Motion Picture Group,0,0,0
20050809,66162,MPRG',OTC,7.4,0.37,5,0,Motion Picture Group,0,0,0
20050810,66162,MPRG',OTC,8,0.4,7,0,Motion Picture Group,0,0,0
20050811,66162,MPRG',OTC,6.8,0.34,77,0,Motion Picture Group,0,0,0
20050812,66162,MPRG',OTC,9,0.45,29,0,Motion Picture Group,0,0,0
20050815,66162,MPRG',OTC,9.4,0.47,21,0,Motion Picture Group,0,0,0
20050816,66162,MPRG',OTC,9,0.45,15,0,Motion Picture Group,0,0,0
20050817,66162,MPRG',OTC,10,0.5,192,0,Motion Picture Group,0,0,0
20050818,66162,MPRG',OTC,8.2,0.41,49,0,Motion Picture Group,0,0,0
20050819,66162,MPRG',OTC,8.8,0.44,20,0,Motion Picture Group,0,0,0
20050822,66162,MPRG',OTC,9,0.45,21,0,Motion Picture Group,0,0,0
20050823,66162,MPRG',OTC,7.2,0.36,33,0,Motion Picture Group,0,0,0
20050824,66162,MPRG',OTC,8.6,0.43,7,0,Motion Picture Group,0,0,0
20050825,66162,MPRG',OTC,8,0.4,10,0,Motion Picture Group,0,0,0
20050826,66162,MPRG',OTC,6.2,0.31,10,0,Motion Picture Group,0,0,0
20050829,66162,MPRG',OTC,5.8,0.29,26,0,Motion Picture Group,0,0,0
20050830,66162,MPRG',OTC,5.6,0.28,19,0,Motion Picture Group,0,0,0
20050831,66162,MPRG',OTC,5.6,0.28,0,0,Motion Picture Group,0,0,0
20050901,66162,MPRG',OTC,5.8,0.29,2,0,Motion Picture Group,0,0,0
20050902,66162,MPRG',OTC,5.8,0.29,0,0,Motion Picture Group,0,0,0
20050906,66162,MPRG',OTC,4.4,0.22,26,0,Motion Picture Group,0,0,0
20050907,66162,MPRG',OTC,4.8,0.24,0,0,Motion Picture Group,0,0,0
20050908,66162,MPRG',OTC,4.8,0.24,0,0,Motion Picture Group,0,0,0
20050909,66162,MPRG',OTC,4.8,0.24,11,0,Motion Picture Group,0,0,0
20050912,66162,MPRG',OTC,6,0.3,1,0,Motion Picture Group,0,0,0
20050913,66162,MPRG',OTC,4.4,0.22,15,0,Motion Picture Group,0,0,0
20050914,66162,MPRG',OTC,4.4,0.22,5,0,Motion Picture Group,0,0,0
20050915,66162,MPRG',OTC,5,0.25,28,0,Motion Picture Group,0,0,0
20050916,66162,MPRG',OTC,5,0.25,10,0,Motion Picture Group,0,0,0
20050919,66162,MPRG',OTC,3.8,0.19,40,0,Motion Picture Group,0,0,0
20050920,66162,MPRG',OTC,3.8,0.19,0,0,Motion Picture Group,0,0,0
20050921,66162,MPRG',OTC,3.4,0.17,14,0,Motion Picture Group,0,0,0
20050922,66162,MPRG',OTC,3.6,0.18,27,0,Motion Picture Group,0,0,0
20050923,66162,MPRG',OTC,4,0.2,25,0,Motion Picture Group,0,0,0
20050926,66162,MPRG',OTC,4,0.2,1,0,Motion Picture Group,0,0,0
20050927,66162,MPRG',OTC,4,0.2,0,0,Motion Picture Group,0,0,0
20050928,66162,MPRG',OTC,3.4,0.17,14,0,Motion Picture Group,0,0,0
20050929,66162,MPRG',OTC,3,0.15,42,0,Motion Picture Group,0,0,0
20050930,66162,MPRG',OTC,3,0.15,0,0,Motion Picture Group,0,0,0
20051003,66162,MPRG',OTC,4.2,0.21,48,0,Motion Picture Group,0,0,0
20051004,66162,MPRG',OTC,4.2,0.21,67,0,Motion Picture Group,0,0,0
20051005,66162,MPRG',OTC,4.6,0.23,68,0,Motion Picture Group,0,0,0
20051006,66162,MPRG',OTC,4.6,0.23,11,0,Motion Picture Group,0,0,0
20051007,66162,MPRG',OTC,5.6,0.28,44,0,Motion Picture Group,0,0,0
20051010,66162,MPRG',OTC,4.8,0.24,41,0,Motion Picture Group,0,0,0
20051011,66162,MPRG',OTC,5.4,0.27,143,0,Motion Picture Group,0,0,0
20051012,66162,MPRG',OTC,5,0.25,73,0,Motion Picture Group,0,0,0
20051013,66162,MPRG',OTC,4.4,0.22,102,0,Motion Picture Group,0,0,0
20051014,66162,MPRG',OTC,3,0.15,133,0,Motion Picture Group,0,0,0
20051017,66162,MPRG',OTC,3.4,0.17,20,0,Motion Picture Group,0,0,0
20051018,66162,MPRG',OTC,3,0.15,94,0,Motion Picture Group,0,0,0
20051019,66162,MPRG',OTC,2.4,0.12,1325,0,Motion Picture Group,0,0,0
20051020,66162,MPRG',OTC,1.6,0.08,311,0,Motion Picture Group,0,0,0
20051021,66162,MPRG',OTC,1.8,0.09,72,0,Motion Picture Group,0,0,0
20051024,66162,MPRG',OTC,1.6,0.08,25,0,Motion Picture Group,0,0,0
20051025,66162,MPRG',OTC,1.4,0.07,85,0,Motion Picture Group,0,0,0
20051026,66162,MPRG',OTC,1,0.05,179,0,Motion Picture Group,0,0,0
20051027,66162,MPRG',OTC,1,0.05,8,0,Motion Picture Group,0,0,0
20051028,66162,MPRG',OTC,1,0.05,21,0,Motion Picture Group,0,0,0
20051031,66162,MPRG',OTC,0.8,0.04,13,0,Motion Picture Group,0,0,0
20051101,66162,MPRG',OTC,0.8,0.04,40,0,Motion Picture Group,0,0,0
20051102,66162,MPRG',OTC,0.8,0.04,18,0,Motion Picture Group,0,0,0
20051103,66162,MPRG',OTC,0.6,0.03,175,0,Motion Picture Group,0,0,0
20051104,66162,MPRG',OTC,0.6,0.03,0,0,Motion Picture Group,0,0,0
20051107,66162,MPRG',OTC,0.6,0.03,13,0,Motion Picture Group,0,0,0
20051108,66162,MPRG',OTC,0.6,0.03,91,0,Motion Picture Group,0,0,0
20051109,66162,MPRG',OTC,0.6,0.03,18,0,Motion Picture Group,0,0,0
20051110,66162,MPRG',OTC,0.6,0.03,3,0,Motion Picture Group,0,0,0
20051111,66162,MPRG',OTC,0.6,0.03,23,0,Motion Picture Group,0,0,0
20051114,66162,MPRG',OTC,0.6,0.03,6,0,Motion Picture Group,0,0,0
20051115,66162,MPRG',OTC,0.8,0.04,29,0,Motion Picture Group,0,0,0
20051116,66162,MPRG',OTC,0.6,0.03,122,0,Motion Picture Group,0,0,0
20051117,66162,MPRG',OTC,0.6,0.03,176,0,Motion Picture Group,0,0,0
20051118,66162,MPRG',OTC,0.8,0.04,18,0,Motion Picture Group,0,0,0
20051121,66162,MPRG',OTC,0.6,0.03,8,0,Motion Picture Group,0,0,0
20051122,66162,MPRG',OTC,0.6,0.03,13,0,Motion Picture Group,0,0,0
20051123,66162,MPRG',OTC,0.6,0.03,7,0,Motion Picture Group,0,0,0
20051125,66162,MPRG',OTC,0.6,0.03,3,0,Motion Picture Group,0,0,0
20051128,66162,MPRG',OTC,0.6,0.03,46,0,Motion Picture Group,0,0,0
20051129,66162,MPRG',OTC,0.6,0.03,18,0,Motion Picture Group,0,0,0
20051130,66162,MPRG',OTC,0.6,0.03,51,0,Motion Picture Group,0,0,0
20051201,66162,MPRG',OTC,0.6,0.03,26,0,Motion Picture Group,0,0,0
20051202,66162,MPRG',OTC,0.6,0.03,34,0,Motion Picture Group,0,0,0
20051205,66162,MPRG',OTC,0.6,0.03,16,0,Motion Picture Group,0,0,0
20051206,66162,MPRG',OTC,0.8,0.04,209,0,Motion Picture Group,0,0,0
20051207,66162,MPRG',OTC,0.8,0.04,120,0,Motion Picture Group,0,0,0
20051208,66162,MPRG',OTC,0.6,0.03,55,0,Motion Picture Group,0,0,0
20051209,66162,MPRG',OTC,0.6,0.03,33,0,Motion Picture Group,0,0,0
20051212,66162,MPRG',OTC,0.6,0.03,10,0,Motion Picture Group,0,0,0
20051213,66162,MPRG',OTC,0.6,0.03,35,0,Motion Picture Group,0,0,0
20051214,66162,MPRG',OTC,0.6,0.03,21,0,Motion Picture Group,0,0,0
20051215,66162,MPRG',OTC,0.6,0.03,5,0,Motion Picture Group,0,0,0
20051216,66162,MPRG',OTC,0.4,0.02,20,0,Motion Picture Group,0,0,0
20051219,66162,MPRG',OTC,0.4,0.02,28,0,Motion Picture Group,0,0,0
20051220,66162,MPRG',OTC,0.4,0.02,55,0,Motion Picture Group,0,0,0
20051221,66162,MPRG',OTC,0.4,0.02,16,0,Motion Picture Group,0,0,0
20051222,66162,MPRG',OTC,0.2,0.01,103,0,Motion Picture Group,0,0,0
20051223,66162,MPRG',OTC,0.2,0.01,0,0,Motion Picture Group,0,0,0
20051227,66162,MPRG',OTC,0.2,0.01,3,0,Motion Picture Group,0,0,0
20051228,66162,MPRG',OTC,0.2,0.01,103,0,Motion Picture Group,0,0,0
20051229,66162,MPRG',OTC,0.2,0.01,48,0,Motion Picture Group,0,0,0
20051230,66162,MPRG',OTC,0.2,0.01,8,0,Motion Picture Group,0,0,0
20060103,66162,MPRG',OTC,0.2,0.01,0,0,Motion Picture Group,0,0,0
20060104,66162,MPRG',OTC,0.2,0.01,10,0,Motion Picture Group,0,0,0
20060105,66162,MPRG',OTC,0.2,0.01,0,0,Motion Picture Group,0,0,0
20060106,66162,MPRG',OTC,0.2,0.01,0,0,Motion Picture Group,0,0,0
20060109,66162,MPRG',OTC,0.2,0.01,0,0,Motion Picture Group,0,0,0
20060110,66162,MPRG',OTC,0.2,0.01,0,0,Motion Picture Group,0,0,0
20060111,66162,MPRG',OTC,0.2,0.01,12,0,Motion Picture Group,0,0,0
20060112,66162,MPRG',OTC,0.2,0.01,227,0,Motion Picture Group,0,0,0
20060113,66162,MPRG',OTC,0.2,0.01,227,0,Motion Picture Group,0,0,0
20060117,66162,MPRG',OTC,0.2,0.01,5,0,Motion Picture Group,0,0,0
20060118,66162,MPRG',OTC,0.2,0.01,0,0,Motion Picture Group,0,0,0
20060119,66162,MPRG',OTC,0.2,0.01,0,0,Motion Picture Group,0,0,0
20060120,66162,MPRG',OTC,0.2,0.01,2,0,Motion Picture Group,0,0,0
20060123,66162,MPRG',OTC,0.2,0.01,53,0,Motion Picture Group,0,0,0
20060124,66162,MPRG',OTC,0.2,0.01,0,0,Motion Picture Group,0,0,0
20060125,66162,MPRG',OTC,0.2,0.01,0,0,Motion Picture Group,0,0,0
20060126,66162,MPRG',OTC,0.2,0.01,0,0,Motion Picture Group,0,0,0
20060127,66162,MPRG',OTC,0.2,0.01,0,0,Motion Picture Group,0,0,0
20060130,66162,MPRG',OTC,0.2,0.01,6,0,Motion Picture Group,0,0,0
20060131,66162,MPRG',OTC,0.2,0.01,0,0,Motion Picture Group,0,0,0
20060201,66162,MPRG',OTC,0.2,0.01,25,0,Motion Picture Group,0,0,0
20060202,66162,MPRG',OTC,0.4,0.02,28,0,Motion Picture Group,0,0,0
20060203,66162,MPRG',OTC,0.4,0.02,0,0,Motion Picture Group,0,0,0
20060206,66162,MPRG',OTC,0.4,0.02,0,0,Motion Picture Group,0,0,0
20060207,66162,MPRG',OTC,0.4,0.02,0,0,Motion Picture Group,0,0,0
20060208,66162,MPRG',OTC,0.4,0.02,0,0,Motion Picture Group,0,0,0
20060209,66162,MPRG',OTC,0.4,0.02,0,0,Motion Picture Group,0,0,0
20060210,66162,MPRG',OTC,0.4,0.02,0,0,Motion Picture Group,0,0,0
20060213,66162,MPRG',OTC,0.4,0.02,0,0,Motion Picture Group,0,0,0
20060214,66162,MPRG',OTC,0.4,0.02,0,0,Motion Picture Group,0,0,0
20060215,66162,MPRG',OTC,0.4,0.02,0,0,Motion Picture Group,0,0,0
20060216,66162,MPRG',OTC,0.4,0.02,94,0,Motion Picture Group,0,0,0
20060217,66162,MPRG',OTC,0.4,0.02,0,0,Motion Picture Group,0,0,0
20060221,66162,MPRG',OTC,0.4,0.02,0,0,Motion Picture Group,0,0,0
20060222,66162,MPRG',OTC,0.4,0.02,17,0,Motion Picture Group,0,0,0
20060223,66162,MPRG',OTC,0.5,0.5,66,0,Motion Picture Group,0,0,0
20060224,66162,MPRG',OTC,0.5,0.5,0,0,Motion Picture Group,0,0,0
20060227,66162,MPRG',OTC,0.5,0.5,668,0,Motion Picture Group,0,0,0
20060228,66162,MPRG',OTC,0.52,0.52,513,0,Motion Picture Group,0,0,0
20060301,66162,MPRG',OTC,0.55,0.55,1016,0,Motion Picture Group,0,0,0
20060302,66162,MPRG',OTC,0.56,0.56,544,0,Motion Picture Group,0,0,0
20060303,66162,MPRG',OTC,0.57,0.57,526,0,Motion Picture Group,0,0,0
20060306,66162,MPRG',OTC,0.58,0.58,700,0,Motion Picture Group,0,0,0
20060307,66162,MPRG',OTC,0.75,0.75,1666,0,Motion Picture Group,0,0,0
20060308,66162,MPRG',OTC,0.74,0.74,774,0,Motion Picture Group,0,0,0
20060309,66162,MPRG',OTC,0.8,0.8,366,0,Motion Picture Group,0,0,0
20060310,66162,MPRG',OTC,0.85,0.85,1693,0,Motion Picture Group,0,0,0
20060313,66162,MPRG',OTC,0.84,0.84,262,0,Motion Picture Group,0,0,0
20060314,66162,MPRG',OTC,0.85,0.85,1004,0,Motion Picture Group,0,0,0
20060315,66162,MPRG',OTC,0.87,0.87,589,0,Motion Picture Group,0,0,0
20060316,66162,MPRG',OTC,0.9,0.9,570,0,Motion Picture Group,0,0,0
20060317,66162,MPRG',OTC,0.97,0.97,621,0,Motion Picture Group,0,0,0
20060320,66162,MPRG',OTC,0.97,0.97,187,0,Motion Picture Group,0,0,0
20060321,66162,MPRG',OTC,0.87,0.87,951,0,Motion Picture Group,0,0,0
20060322,66162,MPRG',OTC,0.92,0.92,364,0,Motion Picture Group,0,0,0
20060323,66162,MPRG',OTC,0.91,0.91,226,0,Motion Picture Group,0,0,0
20060324,66162,MPRG',OTC,0.91,0.91,590,0,Motion Picture Group,0,0,0
20060327,66162,MPRG',OTC,0.9,0.9,658,0,Motion Picture Group,0,0,0
20060328,66162,MPRG',OTC,0.91,0.91,400,0,Motion Picture Group,0,0,0
20060329,66162,MPRG',OTC,0.81,0.81,222,0,Motion Picture Group,0,0,0
20060330,66162,MPRG',OTC,0.85,0.85,145,0,Motion Picture Group,0,0,0
20060331,66162,MPRG',OTC,0.93,0.93,149,0,Motion Picture Group,0,0,0
20060403,66162,MPRG',OTC,0.83,0.83,5,0,Motion Picture Group,0,0,0
20060404,66162,MPRG',OTC,0.83,0.83,70,0,Motion Picture Group,0,0,0
20060405,66162,MPRG',OTC,0.84,0.84,182,0,Motion Picture Group,0,0,0
20060406,66162,MPRG',OTC,0.75,0.75,275,0,Motion Picture Group,0,0,0
20060407,66162,MPRG',OTC,0.8,0.8,140,0,Motion Picture Group,0,0,0
20060410,66162,MPRG',OTC,0.8,0.8,25,0,Motion Picture Group,0,0,0
20060411,66162,MPRG',OTC,0.76,0.76,135,0,Motion Picture Group,0,0,0
20060412,66162,MPRG',OTC,0.76,0.76,40,0,Motion Picture Group,0,0,0
20060413,66162,MPRG',OTC,0.76,0.76,100,0,Motion Picture Group,0,0,0
20060417,66162,MPRG',OTC,0.67,0.67,5,0,Motion Picture Group,0,0,0
20060418,66162,MPRG',OTC,0.68,0.68,120,0,Motion Picture Group,0,0,0
20060419,66162,MPRG',OTC,0.9,0.9,318,0,Motion Picture Group,0,0,0
20060420,66162,MPRG',OTC,1.03,1.03,1011,0,Motion Picture Group,0,0,0
20060421,66162,MPRG',OTC,1.1,1.1,398,0,Motion Picture Group,0,0,0
20060424,66162,MPRG',OTC,1.01,1.01,152,0,Motion Picture Group,0,0,0
20060425,66162,MPRG',OTC,0.95,0.95,255,0,Motion Picture Group,0,0,0
20060426,66162,MPRG',OTC,1.05,1.05,417,0,Motion Picture Group,0,0,0
20060427,66162,MPRG',OTC,1.01,1.01,294,0,Motion Picture Group,0,0,0
20060428,66162,MPRG',OTC,1,1,220,0,Motion Picture Group,0,0,0
20060501,66162,MPRG',OTC,0.99,0.99,315,0,Motion Picture Group,0,0,0
20060502,66162,MPRG',OTC,1.06,1.06,606,0,Motion Picture Group,0,0,0
20060503,66162,MPRG',OTC,1,1,596,0,Motion Picture Group,0,0,0
20060504,66162,MPRG',OTC,1.01,1.01,120,0,Motion Picture Group,0,0,0
20060505,66162,MPRG',OTC,1.13,1.13,414,0,Motion Picture Group,0,0,0
20060508,66162,MPRG',OTC,1.15,1.15,236,0,Motion Picture Group,0,0,0
20060509,66162,MPRG',OTC,1.2,1.2,552,0,Motion Picture Group,0,0,0
20060510,66162,MPRG',OTC,1.22,1.22,145,0,Motion Picture Group,0,0,0
20060511,66162,MPRG',OTC,1.16,1.16,466,0,Motion Picture Group,0,0,0
20060512,66162,MPRG',OTC,1.25,1.25,396,0,Motion Picture Group,0,0,0
20060515,66162,MPRG',OTC,1.2,1.2,312,0,Motion Picture Group,0,0,0
20060516,66162,MPRG',OTC,1.29,1.29,578,0,Motion Picture Group,0,0,0
20060517,66162,MPRG',OTC,1.27,1.27,139,0,Motion Picture Group,0,0,0
20060518,66162,MPRG',OTC,1.27,1.27,583,0,Motion Picture Group,0,0,0
20060519,66162,MPRG',OTC,1.25,1.25,45,0,Motion Picture Group,0,0,0
20060522,66162,MPRG',OTC,1.29,1.29,132,0,Motion Picture Group,0,0,0
20060523,66162,MPRG',OTC,1.25,1.25,787,0,Motion Picture Group,0,0,0
20060524,66162,MPRG',OTC,1.4,1.4,281,0,Motion Picture Group,0,0,0
20060525,66162,MPRG',OTC,1.4,1.4,12,0,Motion Picture Group,0,0,0
20060526,66162,MPRG',OTC,1.35,1.35,130,0,Motion Picture Group,0,0,0
20060530,66162,MPRG',OTC,1.25,1.25,30,0,Motion Picture Group,0,0,0
20060531,66162,MPRG',OTC,1.35,1.35,109,0,Motion Picture Group,0,0,0
20060601,66162,MPRG',OTC,1.4,1.4,150,0,Motion Picture Group,0,0,0
20060602,66162,MPRG',OTC,1.38,1.38,207,0,Motion Picture Group,0,0,0
20060605,66162,MPRG',OTC,1.36,1.36,206,0,Motion Picture Group,0,0,0
20060606,66162,MPRG',OTC,1.5,1.5,1152,0,Motion Picture Group,0,0,0
20060607,66162,MPRG',OTC,1.62,1.62,3496,0,Motion Picture Group,0,0,0
20060608,66162,MPRG',OTC,1.62,1.62,2144,0,Motion Picture Group,0,0,0
20060609,66162,MPRG',OTC,1.65,1.65,1237,0,Motion Picture Group,0,0,0
20060612,66162,MPRG',OTC,1.5,1.5,1084,0,Motion Picture Group,0,0,0
20060613,66162,MPRG',OTC,1.39,1.39,505,0,Motion Picture Group,0,0,0
20060614,66162,MPRG',OTC,1.35,1.35,887,0,Motion Picture Group,0,0,0
20060615,66162,MPRG',OTC,1.21,1.21,466,0,Motion Picture Group,0,0,0
20060616,66162,MPRG',OTC,1.3,1.3,691,0,Motion Picture Group,0,0,0
20060619,66162,MPRG',OTC,1.23,1.23,555,0,Motion Picture Group,0,0,0
20060620,66162,MPRG',OTC,1.1,1.1,470,0,Motion Picture Group,0,0,0
20060621,66162,MPRG',OTC,1.01,1.01,1036,0,Motion Picture Group,0,0,0
20060622,66162,MPRG',OTC,1.05,1.05,947,0,Motion Picture Group,0,0,0
20060623,66162,MPRG',OTC,1.08,1.08,18,0,Motion Picture Group,0,0,0
20060626,66162,MPRG',OTC,0.97,0.97,4580,0,Motion Picture Group,0,0,0
20060627,66162,MPRG',OTC,0.81,0.81,806,0,Motion Picture Group,0,0,0
20060628,66162,MPRG',OTC,0.9,0.9,280,0,Motion Picture Group,0,0,0
20060629,66162,MPRG',OTC,0.85,0.85,566,0,Motion Picture Group,0,0,0
20060630,66162,MPRG',OTC,0.85,0.85,535,0,Motion Picture Group,0,0,0
20060703,66162,MPRG',OTC,0.75,0.75,165,0,Motion Picture Group,0,0,0
20060705,66162,MPRG',OTC,0.8,0.8,715,0,Motion Picture Group,0,0,0
20060706,66162,MPRG',OTC,0.87,0.87,378,0,Motion Picture Group,0,0,0
20060707,66162,MPRG',OTC,0.83,0.83,345,0,Motion Picture Group,0,0,0
20060710,66162,MPRG',OTC,0.78,0.78,454,0,Motion Picture Group,0,0,0
20060711,66162,MPRG',OTC,0.7,0.7,148,0,Motion Picture Group,0,0,0
20060712,66162,MPRG',OTC,0.72,0.72,257,0,Motion Picture Group,0,0,0
20060713,66162,MPRG',OTC,0.7,0.7,570,0,Motion Picture Group,0,0,0
20060714,66162,MPRG',OTC,0.7,0.7,147,0,Motion Picture Group,0,0,0
20060717,66162,MPRG',OTC,0.71,0.71,419,0,Motion Picture Group,0,0,0
20060718,66162,MPRG',OTC,0.84,0.84,390,0,Motion Picture Group,0,0,0
20060719,66162,MPRG',OTC,0.76,0.76,477,0,Motion Picture Group,0,0,0
20060720,66162,MPRG',OTC,0.7,0.7,515,0,Motion Picture Group,0,0,0
20060721,66162,MPRG',OTC,0.7,0.7,228,0,Motion Picture Group,0,0,0
20060724,66162,MPRG',OTC,0.62,0.62,228,0,Motion Picture Group,0,0,0
20060725,66162,MPRG',OTC,0.65,0.65,344,0,Motion Picture Group,0,0,0
20060726,66162,MPRG',OTC,0.62,0.62,157,0,Motion Picture Group,0,0,0
20060727,66162,MPRG',OTC,0.59,0.59,63,0,Motion Picture Group,0,0,0
20060728,66162,MPRG',OTC,0.57,0.57,497,0,Motion Picture Group,0,0,0
20060731,66162,MPRG',OTC,0.48,0.48,1784,0,Motion Picture Group,0,0,0
20060801,66162,MPRG',OTC,0.38,0.38,143,0,Motion Picture Group,0,0,0
20060802,66162,MPRG',OTC,0.4,0.4,2092,0,Motion Picture Group,0,0,0
20060803,66162,MPRG',OTC,0.33,0.33,81,0,Motion Picture Group,0,0,0
20060804,66162,MPRG',OTC,0.35,0.35,192,0,Motion Picture Group,0,0,0
20060807,66162,MPRG',OTC,0.35,0.35,9,0,Motion Picture Group,0,0,0
20060808,66162,MPRG',OTC,0.45,0.45,301,0,Motion Picture Group,0,0,0
20060809,66162,MPRG',OTC,0.52,0.52,1256,0,Motion Picture Group,0,0,0
20060810,66162,MPRG',OTC,0.63,0.63,1515,0,Motion Picture Group,0,0,0
20060811,66162,MPRG',OTC,0.44,0.44,1765,0,Motion Picture Group,0,0,0
20060814,66162,MPRG',OTC,0.56,0.56,85,0,Motion Picture Group,0,0,0
20060815,66162,MPRG',OTC,0.5,0.5,320,0,Motion Picture Group,0,0,0
20060816,66162,MPRG',OTC,0.48,0.48,440,0,Motion Picture Group,0,0,0
20060817,66162,MPRG',OTC,0.44,0.44,1058,0,Motion Picture Group,0,0,0
20060818,66162,MPRG',OTC,0.53,0.53,1148,0,Motion Picture Group,0,0,0
20060821,66162,MPRG',OTC,0.54,0.54,540,0,Motion Picture Group,0,0,0
20060822,66162,MPRG',OTC,0.54,0.54,150,0,Motion Picture Group,0,0,0
20060823,66162,MPRG',OTC,0.55,0.55,1041,0,Motion Picture Group,0,0,0
20060824,66162,MPRG',OTC,0.51,0.51,391,0,Motion Picture Group,0,0,0
20060825,66162,MPRG',OTC,0.52,0.52,367,0,Motion Picture Group,0,0,0
20060828,66162,MPRG',OTC,0.51,0.51,105,0,Motion Picture Group,0,0,0
20060829,66162,MPRG',OTC,0.51,0.51,635,0,Motion Picture Group,0,0,0
20060830,66162,MPRG',OTC,0.54,0.54,1162,0,Motion Picture Group,0,0,0
20060831,66162,MPRG',OTC,0.52,0.52,1122,0,Motion Picture Group,0,0,0
20060901,66162,MPRG',OTC,0.51,0.51,155,0,Motion Picture Group,0,0,0
20060905,66162,MPRG',OTC,0.48,0.48,554,0,Motion Picture Group,0,0,0
20060906,66162,MPRG',OTC,0.5,0.5,769,0,Motion Picture Group,0,0,0
20060907,66162,MPRG',OTC,0.47,0.47,360,0,Motion Picture Group,0,0,0
20060908,66162,MPRG',OTC,0.49,0.49,372,0,Motion Picture Group,0,0,0
20060911,66162,MPRG',OTC,0.43,0.43,170,0,Motion Picture Group,0,0,0
20060912,66162,MPRG',OTC,0.51,0.51,641,0,Motion Picture Group,0,0,0
20060913,66162,MPRG',OTC,0.51,0.51,698,0,Motion Picture Group,0,0,0
20060914,66162,MPRG',OTC,0.54,0.54,626,0,Motion Picture Group,0,0,0
20060915,66162,MPRG',OTC,0.51,0.51,115,0,Motion Picture Group,0,0,0
20060918,66162,MPRG',OTC,0.5,0.5,224,0,Motion Picture Group,0,0,0
20060919,66162,MPRG',OTC,0.43,0.43,845,0,Motion Picture Group,0,0,0
20060920,66162,MPRG',OTC,0.43,0.43,252,0,Motion Picture Group,0,0,0
20060921,66162,MPRG',OTC,0.45,0.45,318,0,Motion Picture Group,0,0,0
20060922,66162,MPRG',OTC,0.49,0.49,291,0,Motion Picture Group,0,0,0
20060925,66162,MPRG',OTC,0.52,0.52,193,0,Motion Picture Group,0,0,0
20060926,66162,MPRG',OTC,0.5,0.5,1545,0,Motion Picture Group,0,0,0
20060927,66162,MPRG',OTC,0.51,0.51,798,0,Motion Picture Group,0,0,0
20060928,66162,MPRG',OTC,0.48,0.48,2100,0,Motion Picture Group,0,0,0
20060929,66162,MPRG',OTC,0.49,0.49,247,0,Motion Picture Group,0,0,0
20061002,66162,MPRG',OTC,0.39,0.39,319,0,Motion Picture Group,0,0,0
20061003,66162,MPRG',OTC,0.39,0.39,207,0,Motion Picture Group,0,0,0
20061004,66162,MPRG',OTC,0.41,0.41,322,0,Motion Picture Group,0,0,0
20061005,66162,MPRG',OTC,0.38,0.38,229,0,Motion Picture Group,0,0,0
20061006,66162,MPRG',OTC,0.4,0.4,660,0,Motion Picture Group,0,0,0
20061009,66162,MPRG',OTC,0.46,0.46,286,0,Motion Picture Group,0,0,0
20061010,66162,MPRG',OTC,0.41,0.41,580,0,Motion Picture Group,0,0,0
20061011,66162,MPRG',OTC,0.44,0.44,539,0,Motion Picture Group,0,0,0
20061012,66162,MPRG',OTC,0.38,0.38,403,0,Motion Picture Group,0,0,0
20061013,66162,MPRG',OTC,0.38,0.38,0,0,Motion Picture Group,0,0,0
20061016,66162,MPRG',OTC,0.38,0.38,100,0,Motion Picture Group,0,0,0
20061017,66162,MPRG',OTC,0.38,0.38,345,0,Motion Picture Group,0,0,0
20061018,66162,MPRG',OTC,0.37,0.37,126,0,Motion Picture Group,0,0,0
20061019,66162,MPRG',OTC,0.37,0.37,168,0,Motion Picture Group,0,0,0
20061020,66162,MPRG',OTC,0.33,0.33,238,0,Motion Picture Group,0,0,0
20061023,66162,MPRG',OTC,0.33,0.33,8,0,Motion Picture Group,0,0,0
20061024,66162,MPRG',OTC,0.37,0.37,142,0,Motion Picture Group,0,0,0
20061025,66162,MPRG',OTC,0.28,0.28,401,0,Motion Picture Group,0,0,0
20061026,66162,MPRG',OTC,0.33,0.33,275,0,Motion Picture Group,0,0,0
20061027,66162,MPRG',OTC,0.33,0.33,629,0,Motion Picture Group,0,0,0
20061030,66162,MPRG',OTC,0.31,0.31,245,0,Motion Picture Group,0,0,0
20061031,66162,MPRG',OTC,0.26,0.26,250,0,Motion Picture Group,0,0,0
20061101,66162,MPRG',OTC,0.26,0.26,691,0,Motion Picture Group,0,0,0
20061102,66162,MPRG',OTC,0.26,0.26,10,0,Motion Picture Group,0,0,0
20061103,66162,MPRG',OTC,0.26,0.26,335,0,Motion Picture Group,0,0,0
20061106,66162,MPRG',OTC,0.31,0.31,2358,0,Motion Picture Group,0,0,0
20061107,66162,MPRG',OTC,0.34,0.34,3625,0,Motion Picture Group,0,0,0
20061108,66162,MPRG',OTC,0.25,0.25,1406,0,Motion Picture Group,0,0,0
20061109,66162,MPRG',OTC,0.25,0.25,861,0,Motion Picture Group,0,0,0
20061110,66162,MPRG',OTC,0.2,0.2,157,0,Motion Picture Group,0,0,0
20061113,66162,MPRG',OTC,0.28,0.28,3885,0,Motion Picture Group,0,0,0
20061114,66162,MPRG',OTC,0.25,0.25,1316,0,Motion Picture Group,0,0,0
20061115,66162,MPRG',OTC,0.25,0.25,1613,0,Motion Picture Group,0,0,0
20061116,66162,MPRG',OTC,0.27,0.27,9920,0,Motion Picture Group,0,0,0
20061117,66162,MPRG',OTC,0.24,0.24,1492,0,Motion Picture Group,0,0,0
20061120,66162,MPRG',OTC,0.24,0.24,1545,0,Motion Picture Group,0,0,0
20061121,66162,MPRG',OTC,0.24,0.24,541,0,Motion Picture Group,0,0,0
20061122,66162,MPRG',OTC,0.23,0.23,448,0,Motion Picture Group,0,0,0
20061124,66162,MPRG',OTC,0.23,0.23,1265,0,Motion Picture Group,0,0,0
20061127,66162,MPRG',OTC,0.19,0.19,1598,0,Motion Picture Group,0,0,0
20061128,66162,MPRG',OTC,0.18,0.18,737,0,Motion Picture Group,0,0,0
20061129,66162,MPRG',OTC,0.17,0.17,520,0,Motion Picture Group,0,0,0
20061130,66162,MPRG',OTC,0.17,0.17,341,0,Motion Picture Group,0,0,0
20061201,66162,MPRG',OTC,0.2,0.2,110,0,Motion Picture Group,0,0,0
20061204,66162,MPRG',OTC,0.18,0.18,234,0,Motion Picture Group,0,0,0
20061205,66162,MPRG',OTC,0.17,0.17,1183,0,Motion Picture Group,0,0,0
20061206,66162,MPRG',OTC,0.16,0.16,164,0,Motion Picture Group,0,0,0
20061207,66162,MPRG',OTC,0.18,0.18,349,0,Motion Picture Group,0,0,0
20061208,66162,MPRG',OTC,0.21,0.21,1340,0,Motion Picture Group,0,0,0
20061211,66162,MPRG',OTC,0.18,0.18,171,0,Motion Picture Group,0,0,0
20061212,66162,MPRG',OTC,0.19,0.19,152,0,Motion Picture Group,0,0,0
20061213,66162,MPRG',OTC,0.2,0.2,302,0,Motion Picture Group,0,0,0
20061214,66162,MPRG',OTC,0.19,0.19,500,0,Motion Picture Group,0,0,0
20061215,66162,MPRG',OTC,0.19,0.19,21,0,Motion Picture Group,0,0,0
20061218,66162,MPRG',OTC,0.15,0.15,2264,0,Motion Picture Group,0,0,0
20061219,66162,MPRG',OTC,0.15,0.15,0,0,Motion Picture Group,0,0,0
20061220,66162,MPRG',OTC,0.15,0.15,1830,0,Motion Picture Group,0,0,0
20061221,66162,MPRG',OTC,0.15,0.15,81,0,Motion Picture Group,0,0,0
20061222,66162,MPRG',OTC,0.16,0.16,67,0,Motion Picture Group,0,0,0
20061226,66162,MPRG',OTC,0.15,0.15,656,0,Motion Picture Group,0,0,0
20061227,66162,MPRG',OTC,0.15,0.15,46,0,Motion Picture Group,0,0,0
20061228,66162,MPRG',OTC,0.15,0.15,202,0,Motion Picture Group,0,0,0
20061229,66162,MPRG',OTC,0.16,0.16,645,0,Motion Picture Group,0,0,0
20070103,66162,MPRG',OTC,0.17,0.17,5,0,Motion Picture Group,0,0,0
20070104,66162,MPRG',OTC,0.17,0.17,261,0,Motion Picture Group,0,0,0
20070105,66162,MPRG',OTC,0.16,0.16,100,0,Motion Picture Group,0,0,0
20070108,66162,MPRG',OTC,0.15,0.15,34,0,Motion Picture Group,0,0,0
20070109,66162,MPRG',OTC,0.14,0.14,250,0,Motion Picture Group,0,0,0
20070110,66162,MPRG',OTC,0.15,0.15,242,0,Motion Picture Group,0,0,0
20070111,66162,MPRG',OTC,0.13,0.13,155,0,Motion Picture Group,0,0,0
20070112,66162,MPRG',OTC,0.13,0.13,190,0,Motion Picture Group,0,0,0
20070116,66162,MPRG',OTC,0.14,0.14,5166,0,Motion Picture Group,0,0,0
20070117,66162,MPRG',OTC,0.14,0.14,1540,0,Motion Picture Group,0,0,0
20070118,66162,MPRG',OTC,0.13,0.13,343,0,Motion Picture Group,0,0,0
20070119,66162,MPRG',OTC,0.19,0.19,6471,0,Motion Picture Group,0,0,0
20070122,66162,MPRG',OTC,0.33,0.33,17667,0,Motion Picture Group,0,0,0
20070123,66162,MPRG',OTC,0.43,0.43,26396,0,Motion Picture Group,0,0,0
20070124,66162,MPRG',OTC,0.29,0.29,21305,0,Motion Picture Group,0,0,0
20070125,66162,MPRG',OTC,0.2,0.2,15302,0,Motion Picture Group,0,0,0
20070126,66162,MPRG',OTC,0.2,0.2,3659,0,Motion Picture Group,0,0,0
20070129,66162,MPRG',OTC,0.18,0.18,1495,0,Motion Picture Group,0,0,0
20070130,66162,MPRG',OTC,0.16,0.16,2705,0,Motion Picture Group,0,0,0
20070131,66162,MPRG',OTC,0.18,0.18,2333,0,Motion Picture Group,0,0,0
20070201,66162,MPRG',OTC,0.2,0.2,2808,0,Motion Picture Group,0,0,0
20070202,66162,MPRG',OTC,0.2,0.2,577,0,Motion Picture Group,0,0,0
20070205,66162,MPRG',OTC,0.2,0.2,161,0,Motion Picture Group,0,0,0
20070206,66162,MPRG',OTC,0.19,0.19,705,0,Motion Picture Group,0,0,0
20070207,66162,MPRG',OTC,0.22,0.22,2563,0,Motion Picture Group,0,0,0
20070208,66162,MPRG',OTC,0.22,0.22,8374,0,Motion Picture Group,0,0,0
20070209,66162,MPRG',OTC,0.25,0.25,12120,0,Motion Picture Group,0,0,0
20070212,66162,MPRG',OTC,0.24,0.24,8020,0,Motion Picture Group,0,0,0
20070213,66162,MPRG',OTC,0.24,0.24,1665,0,Motion Picture Group,0,0,0
20070214,66162,MPRG',OTC,0.2,0.2,6185,0,Motion Picture Group,0,0,0
20070215,66162,MPRG',OTC,0.18,0.18,1347,0,Motion Picture Group,0,0,0
20070216,66162,MPRG',OTC,0.2,0.2,677,0,Motion Picture Group,0,0,0
20070220,66162,MPRG',OTC,0.19,0.19,765,0,Motion Picture Group,0,0,0
20070221,66162,MPRG',OTC,0.2,0.2,1292,0,Motion Picture Group,0,0,0
20070222,66162,MPRG',OTC,0.18,0.18,948,0,Motion Picture Group,0,0,0
20070223,66162,MPRG',OTC,0.18,0.18,676,0,Motion Picture Group,0,0,0
20070226,66162,MPRG',OTC,0.18,0.18,415,0,Motion Picture Group,0,0,0
20070227,66162,MPRG',OTC,0.18,0.18,939,0,Motion Picture Group,0,0,0
20070228,66162,MPRG',OTC,0.18,0.18,173,0,Motion Picture Group,0,0,0
20070301,66162,MPRG',OTC,0.18,0.18,4911,0,Motion Picture Group,0,0,0
20070302,66162,MPRG',OTC,0.18,0.18,5770,0,Motion Picture Group,0,0,0
20070305,66162,MPRG',OTC,0.19,0.19,1780,0,Motion Picture Group,0,0,0
20070306,66162,MPRG',OTC,0.18,0.18,2202,0,Motion Picture Group,0,0,0
20070307,66162,MPRG',OTC,0.17,0.17,822,0,Motion Picture Group,0,0,0
20070308,66162,MPRG',OTC,0.17,0.17,760,0,Motion Picture Group,0,0,0
20070309,66162,MPRG',OTC,0.17,0.17,1738,0,Motion Picture Group,0,0,0
20070312,66162,MPRG',OTC,0.16,0.16,2670,0,Motion Picture Group,0,0,0
20070313,66162,MPRG',OTC,0.16,0.16,594,0,Motion Picture Group,0,0,0
20070314,66162,MPRG',OTC,0.16,0.16,1001,0,Motion Picture Group,0,0,0
20070315,66162,MPRG',OTC,0.15,0.15,357,0,Motion Picture Group,0,0,0
20070316,66162,MPRG',OTC,0.15,0.15,241,0,Motion Picture Group,0,0,0
20070319,66162,MPRG',OTC,0.16,0.16,1229,0,Motion Picture Group,0,0,0
20070320,66162,MPRG',OTC,0.15,0.15,232,0,Motion Picture Group,0,0,0
20070321,66162,MPRG',OTC,0.13,0.13,898,0,Motion Picture Group,0,0,0
20070322,66162,MPRG',OTC,0.13,0.13,541,0,Motion Picture Group,0,0,0
20070323,66162,MPRG',OTC,0.13,0.13,403,0,Motion Picture Group,0,0,0
20070326,66162,MPRG',OTC,0.13,0.13,93,0,Motion Picture Group,0,0,0
20070327,66162,MPRG',OTC,0.14,0.14,386,0,Motion Picture Group,0,0,0
20070328,66162,MPRG',OTC,0.14,0.14,430,0,Motion Picture Group,0,0,0
20070329,66162,MPRG',OTC,0.13,0.13,628,0,Motion Picture Group,0,0,0
20070330,66162,MPRG',OTC,0.13,0.13,721,0,Motion Picture Group,0,0,0
20070402,66162,MPRG',OTC,0.16,0.16,1250,0,Motion Picture Group,0,0,0
20070403,66162,MPRG',OTC,0.16,0.16,380,0,Motion Picture Group,0,0,0
20070404,66162,MPRG',OTC,0.16,0.16,633,0,Motion Picture Group,0,0,0
20070405,66162,MPRG',OTC,0.16,0.16,270,0,Motion Picture Group,0,0,0
20070409,66162,MPRG',OTC,0.15,0.15,126,0,Motion Picture Group,0,0,0
20070410,66162,MPRG',OTC,0.14,0.14,446,0,Motion Picture Group,0,0,0
20070411,66162,MPRG',OTC,0.14,0.14,75,0,Motion Picture Group,0,0,0
20070412,66162,MPRG',OTC,0.14,0.14,886,0,Motion Picture Group,0,0,0
20070413,66162,MPRG',OTC,0.13,0.13,550,0,Motion Picture Group,0,0,0
20070416,66162,MPRG',OTC,0.13,0.13,1944,0,Motion Picture Group,0,0,0
20070417,66162,MPRG',OTC,0.13,0.13,327,0,Motion Picture Group,0,0,0
20070418,66162,MPRG',OTC,0.12,0.12,560,0,Motion Picture Group,0,0,0
20070419,66162,MPRG',OTC,0.12,0.12,53,0,Motion Picture Group,0,0,0
20070420,66162,MPRG',OTC,0.12,0.12,739,0,Motion Picture Group,0,0,0
20070423,66162,MPRG',OTC,0.12,0.12,43,0,Motion Picture Group,0,0,0
20070424,66162,MPRG',OTC,0.13,0.13,713,0,Motion Picture Group,0,0,0
20070425,66162,MPRG',OTC,0.12,0.12,737,0,Motion Picture Group,0,0,0
20070426,66162,MPRG',OTC,0.13,0.13,486,0,Motion Picture Group,0,0,0
20070427,66162,MPRG',OTC,0.12,0.12,400,0,Motion Picture Group,0,0,0
20070430,66162,MPRG',OTC,0.12,0.12,497,0,Motion Picture Group,0,0,0
20070501,66162,MPRG',OTC,0.11,0.11,1805,0,Motion Picture Group,0,0,0
20070502,66162,MPRG',OTC,0.11,0.11,190,0,Motion Picture Group,0,0,0
20070503,66162,MPRG',OTC,0.11,0.11,47,0,Motion Picture Group,0,0,0
20070504,66162,MPRG',OTC,0.11,0.11,51,0,Motion Picture Group,0,0,0
20070507,66162,MPRG',OTC,0.11,0.11,422,0,Motion Picture Group,0,0,0
20070508,66162,MPRG',OTC,0.11,0.11,940,0,Motion Picture Group,0,0,0
20070509,66162,MPRG',OTC,0.11,0.11,811,0,Motion Picture Group,0,0,0
20070510,66162,MPRG',OTC,0.1,0.1,2736,0,Motion Picture Group,0,0,0
20070511,66162,MPRG',OTC,0.1,0.1,154,0,Motion Picture Group,0,0,0
20070514,66162,MPRG',OTC,0.09,0.09,380,0,Motion Picture Group,0,0,0
20070515,66162,MPRG',OTC,0.1,0.1,88,0,Motion Picture Group,0,0,0
20070516,66162,MPRG',OTC,0.09,0.09,222,0,Motion Picture Group,0,0,0
20070517,66162,MPRG',OTC,0.09,0.09,905,0,Motion Picture Group,0,0,0
20070518,66162,MPRG',OTC,0.09,0.09,141,0,Motion Picture Group,0,0,0
20070521,66162,MPRG',OTC,0.1,0.1,75,0,Motion Picture Group,0,0,0
20070522,66162,MPRG',OTC,0.09,0.09,393,0,Motion Picture Group,0,0,0
20070523,66162,MPRG',OTC,0.09,0.09,152,0,Motion Picture Group,0,0,0
20070524,66162,MPRG',OTC,0.09,0.09,166,0,Motion Picture Group,0,0,0
20070525,66162,MPRG',OTC,0.08,0.08,694,0,Motion Picture Group,0,0,0
20070529,66162,MPRG',OTC,0.09,0.09,734,0,Motion Picture Group,0,0,0
20070530,66162,MPRG',OTC,0.08,0.08,577,0,Motion Picture Group,0,0,0
20070531,66162,MPRG',OTC,0.08,0.08,325,0,Motion Picture Group,0,0,0
20070601,66162,MPRG',OTC,0.08,0.08,175,0,Motion Picture Group,0,0,0
20070604,66162,MPRG',OTC,0.09,0.09,78,0,Motion Picture Group,0,0,0
20070605,66162,MPRG',OTC,0.08,0.08,500,0,Motion Picture Group,0,0,0
20070606,66162,MPRG',OTC,0.08,0.08,58,0,Motion Picture Group,0,0,0
20070607,66162,MPRG',OTC,0.08,0.08,133,0,Motion Picture Group,0,0,0
20070608,66162,MPRG',OTC,0.08,0.08,72,0,Motion Picture Group,0,0,0
20070611,66162,MPRG',OTC,0.08,0.08,15,0,Motion Picture Group,0,0,0
20070612,66162,MPRG',OTC,0.08,0.08,188,0,Motion Picture Group,0,0,0
20070613,66162,MPRG',OTC,0.09,0.09,164,0,Motion Picture Group,0,0,0
20070614,66162,MPRG',OTC,0.09,0.09,628,0,Motion Picture Group,0,0,0
20070615,66162,MPRG',OTC,0.09,0.09,427,0,Motion Picture Group,0,0,0
20070618,66162,MPRG',OTC,0.08,0.08,751,0,Motion Picture Group,0,0,0
20070619,66162,MPRG',OTC,0.08,0.08,46,0,Motion Picture Group,0,0,0
20070620,66162,MPRG',OTC,0.09,0.09,33,0,Motion Picture Group,0,0,0
20070621,66162,MPRG',OTC,0.09,0.09,50,0,Motion Picture Group,0,0,0
20070622,66162,MPRG',OTC,0.09,0.09,309,0,Motion Picture Group,0,0,0
20070625,66162,MPRG',OTC,0.09,0.09,134,0,Motion Picture Group,0,0,0
20070626,66162,MPRG',OTC,0.09,0.09,91,0,Motion Picture Group,0,0,0
20070627,66162,MPRG',OTC,0.09,0.09,5,0,Motion Picture Group,0,0,0
20070628,66162,MPRG',OTC,0.09,0.09,136,0,Motion Picture Group,0,0,0
20070629,66162,MPRG',OTC,0.09,0.09,1322,0,Motion Picture Group,0,0,0
20070702,66162,MPRG',OTC,0.08,0.08,306,0,Motion Picture Group,0,0,0
20070703,66162,MPRG',OTC,0.08,0.08,305,0,Motion Picture Group,0,0,0
20070705,66162,MPRG',OTC,0.08,0.08,206,0,Motion Picture Group,0,0,0
20070706,66162,MPRG',OTC,0.08,0.08,80,0,Motion Picture Group,0,0,0
20070709,66162,MPRG',OTC,0.08,0.08,259,0,Motion Picture Group,0,0,0
20070710,66162,MPRG',OTC,0.07,0.07,1127,0,Motion Picture Group,0,0,0
20070711,66162,MPRG',OTC,0.07,0.07,170,0,Motion Picture Group,0,0,0
20070712,66162,MPRG',OTC,0.07,0.07,962,0,Motion Picture Group,0,0,0
20070713,66162,MPRG',OTC,0.07,0.07,283,0,Motion Picture Group,0,0,0
20070716,66162,MPRG',OTC,0.07,0.07,761,0,Motion Picture Group,0,0,0
20070717,66162,MPRG',OTC,0.06,0.06,2521,0,Motion Picture Group,0,0,0
20070718,66162,MPRG',OTC,0.05,0.05,419,0,Motion Picture Group,0,0,0
20070719,66162,MPRG',OTC,0.04,0.04,970,0,Motion Picture Group,0,0,0
20070720,66162,MPRG',OTC,0.04,0.04,1210,0,Motion Picture Group,0,0,0
20070723,66162,MPRG',OTC,0.04,0.04,472,0,Motion Picture Group,0,0,0
20070724,66162,MPRG',OTC,0.04,0.04,350,0,Motion Picture Group,0,0,0
20070725,66162,MPRG',OTC,0.04,0.04,230,0,Motion Picture Group,0,0,0
20070726,66162,MPRG',OTC,0.05,0.05,2056,0,Motion Picture Group,0,0,0
20070727,66162,MPRG',OTC,0.05,0.05,0,0,Motion Picture Group,0,0,0
20070730,66162,MPRG',OTC,0.05,0.05,0,0,Motion Picture Group,0,0,0
20070731,66162,MPRG',OTC,0.04,0.04,4,0,Motion Picture Group,0,0,0
20070801,66162,MPRG',OTC,0.05,0.05,475,0,Motion Picture Group,0,0,0
20070802,66162,MPRG',OTC,0.04,0.04,310,0,Motion Picture Group,0,0,0
20070803,66162,MPRG',OTC,0.04,0.04,4,0,Motion Picture Group,0,0,0
20070806,66162,MPRG',OTC,0.04,0.04,907,0,Motion Picture Group,0,0,0
20070807,66162,MPRG',OTC,0.04,0.04,8,0,Motion Picture Group,0,0,0
20070808,66162,MPRG',OTC,0.04,0.04,75,0,Motion Picture Group,0,0,0
20070809,66162,MPRG',OTC,0.04,0.04,350,0,Motion Picture Group,0,0,0
20070810,66162,MPRG',OTC,0.04,0.04,389,0,Motion Picture Group,0,0,0
20070813,66162,MPRG',OTC,0.04,0.04,375,0,Motion Picture Group,0,0,0
20070814,66162,MPRG',OTC,0.04,0.04,381,0,Motion Picture Group,0,0,0
20070815,66162,MPRG',OTC,0.03,0.03,100,0,Motion Picture Group,0,0,0
20070816,66162,MPRG',OTC,0.03,0.03,928,0,Motion Picture Group,0,0,0
20070817,66162,MPRG',OTC,0.03,0.03,505,0,Motion Picture Group,0,0,0
20070820,66162,MPRG',OTC,0.03,0.03,0,0,Motion Picture Group,0,0,0
20070821,66162,MPRG',OTC,0.03,0.03,20,0,Motion Picture Group,0,0,0
20070822,66162,MPRG',OTC,0.05,0.05,7678,0,Motion Picture Group,0,0,0
20070823,66162,MPRG',OTC,0.06,0.06,1540,0,Motion Picture Group,0,0,0
20070824,66162,MPRG',OTC,0.06,0.06,754,0,Motion Picture Group,0,0,0
20070827,66162,MPRG',OTC,0.07,0.07,2190,0,Motion Picture Group,0,0,0
20070828,66162,MPRG',OTC,0.08,0.08,1950,0,Motion Picture Group,0,0,0
20070829,66162,MPRG',OTC,0.1,0.1,8202,0,Motion Picture Group,0,0,0
20070830,66162,MPRG',OTC,0.11,0.11,2031,0,Motion Picture Group,0,0,0
20070831,66162,MPRG',OTC,0.1,0.1,1302,0,Motion Picture Group,0,0,0
20070904,66162,MPRG',OTC,0.1,0.1,2076,0,Motion Picture Group,0,0,0
20070905,66162,MPRG',OTC,0.11,0.11,1406,0,Motion Picture Group,0,0,0
20070906,66162,MPRG',OTC,0.11,0.11,1985,0,Motion Picture Group,0,0,0
20070907,66162,MPRG',OTC,0.1,0.1,3222,0,Motion Picture Group,0,0,0
20070910,66162,MPRG',OTC,0.1,0.1,1331,0,Motion Picture Group,0,0,0
20070911,66162,MPRG',OTC,0.1,0.1,892,0,Motion Picture Group,0,0,0
20070912,66162,MPRG',OTC,0.09,0.09,1356,0,Motion Picture Group,0,0,0
20070913,66162,MPRG',OTC,0.09,0.09,1103,0,Motion Picture Group,0,0,0
20070914,66162,MPRG',OTC,0.08,0.08,342,0,Motion Picture Group,0,0,0
20070917,66162,MPRG',OTC,0.08,0.08,709,0,Motion Picture Group,0,0,0
20070918,66162,MPRG',OTC,0.08,0.08,635,0,Motion Picture Group,0,0,0
20070919,66162,MPRG',OTC,0.09,0.09,450,0,Motion Picture Group,0,0,0
20070920,66162,MPRG',OTC,0.1,0.1,990,0,Motion Picture Group,0,0,0
20070921,66162,MPRG',OTC,0.09,0.09,100,0,Motion Picture Group,0,0,0
20070924,66162,MPRG',OTC,0.09,0.09,252,0,Motion Picture Group,0,0,0
20070925,66162,MPRG',OTC,0.1,0.1,850,0,Motion Picture Group,0,0,0
20070926,66162,MPRG',OTC,0.1,0.1,52,0,Motion Picture Group,0,0,0
20070927,66162,MPRG',OTC,0.09,0.09,400,0,Motion Picture Group,0,0,0
20070928,66162,MPRG',OTC,0.09,0.09,180,0,Motion Picture Group,0,0,0
20071001,66162,MPRG',OTC,0.09,0.09,19,0,Motion Picture Group,0,0,0
20071002,66162,MPRG',OTC,0.09,0.09,322,0,Motion Picture Group,0,0,0
20071003,66162,MPRG',OTC,0.09,0.09,227,0,Motion Picture Group,0,0,0
20071004,66162,MPRG',OTC,0.09,0.09,163,0,Motion Picture Group,0,0,0
20071005,66162,MPRG',OTC,0.09,0.09,450,0,Motion Picture Group,0,0,0
20071008,66162,MPRG',OTC,0.09,0.09,185,0,Motion Picture Group,0,0,0
20071009,66162,MPRG',OTC,0.08,0.08,1016,0,Motion Picture Group,0,0,0
20071010,66162,MPRG',OTC,0.08,0.08,1000,0,Motion Picture Group,0,0,0
20071011,66162,MPRG',OTC,0.08,0.08,45,0,Motion Picture Group,0,0,0
20071012,66162,MPRG',OTC,0.07,0.07,672,0,Motion Picture Group,0,0,0
20071015,66162,MPRG',OTC,0.07,0.07,0,0,Motion Picture Group,0,0,0
20071016,66162,MPRG',OTC,0.07,0.07,20,0,Motion Picture Group,0,0,0
20071017,66162,MPRG',OTC,0.07,0.07,5,0,Motion Picture Group,0,0,0
20071018,66162,MPRG',OTC,0.07,0.07,80,0,Motion Picture Group,0,0,0
20071019,66162,MPRG',OTC,0.09,0.09,58,0,Motion Picture Group,0,0,0
20071022,66162,MPRG',OTC,0.09,0.09,0,0,Motion Picture Group,0,0,0
20071023,66162,MPRG',OTC,0.07,0.07,5,0,Motion Picture Group,0,0,0
20071024,66162,MPRG',OTC,0.08,0.08,436,0,Motion Picture Group,0,0,0
20071025,66162,MPRG',OTC,0.08,0.08,0,0,Motion Picture Group,0,0,0
20071026,66162,MPRG',OTC,0.06,0.06,372,0,Motion Picture Group,0,0,0
20071029,66162,MPRG',OTC,0.07,0.07,12,0,Motion Picture Group,0,0,0
20071030,66162,MPRG',OTC,0.07,0.07,61,0,Motion Picture Group,0,0,0
20071031,66162,MPRG',OTC,0.08,0.08,1002,0,Motion Picture Group,0,0,0
20071101,66162,MPRG',OTC,0.06,0.06,50,0,Motion Picture Group,0,0,0
20071102,66162,MPRG',OTC,0.08,0.08,77,0,Motion Picture Group,0,0,0
20071105,66162,MPRG',OTC,0.06,0.06,232,0,Motion Picture Group,0,0,0
20071106,66162,MPRG',OTC,0.06,0.06,189,0,Motion Picture Group,0,0,0
20071107,66162,MPRG',OTC,0.06,0.06,255,0,Motion Picture Group,0,0,0
20071108,66162,MPRG',OTC,0.06,0.06,0,0,Motion Picture Group,0,0,0
20071109,66162,MPRG',OTC,0.07,0.07,145,0,Motion Picture Group,0,0,0
20071112,66162,MPRG',OTC,0.07,0.07,284,0,Motion Picture Group,0,0,0
20071113,66162,MPRG',OTC,0.1,0.1,2163,0,Motion Picture Group,0,0,0
20071114,66162,MPRG',OTC,0.08,0.08,2172,0,Motion Picture Group,0,0,0
20071115,66162,MPRG',OTC,0.08,0.08,442,0,Motion Picture Group,0,0,0
20071116,66162,MPRG',OTC,0.08,0.08,254,0,Motion Picture Group,0,0,0
20071119,66162,MPRG',OTC,0.08,0.08,1,0,Motion Picture Group,0,0,0
20071120,66162,MPRG',OTC,0.06,0.06,265,0,Motion Picture Group,0,0,0
20071121,66162,MPRG',OTC,0.06,0.06,265,0,Motion Picture Group,0,0,0
20071123,66162,MPRG',OTC,0.06,0.06,239,0,Motion Picture Group,0,0,0
20071126,66162,MPRG',OTC,0.06,0.06,64,0,Motion Picture Group,0,0,0
20071127,66162,MPRG',OTC,0.06,0.06,15,0,Motion Picture Group,0,0,0
20071128,66162,MPRG',OTC,0.05,0.05,525,0,Motion Picture Group,0,0,0
20071129,66162,MPRG',OTC,0.04,0.04,782,0,Motion Picture Group,0,0,0
20071130,66162,MPRG',OTC,0.04,0.04,400,0,Motion Picture Group,0,0,0
20071203,66162,MPRG',OTC,0.04,0.04,0,0,Motion Picture Group,0,0,0
20071204,66162,MPRG',OTC,0.04,0.04,910,0,Motion Picture Group,0,0,0
20071205,66162,MPRG',OTC,0.04,0.04,700,0,Motion Picture Group,0,0,0
20071206,66162,MPRG',OTC,0.04,0.04,13,0,Motion Picture Group,0,0,0
20071207,66162,MPRG',OTC,0.05,0.05,357,0,Motion Picture Group,0,0,0
20071210,66162,MPRG',OTC,0.04,0.04,100,0,Motion Picture Group,0,0,0
20071211,66162,MPRG',OTC,0.05,0.05,50,0,Motion Picture Group,0,0,0
20071212,66162,MPRG',OTC,0.04,0.04,12,0,Motion Picture Group,0,0,0
20071213,66162,MPRG',OTC,0.04,0.04,0,0,Motion Picture Group,0,0,0
20071214,66162,MPRG',OTC,0.04,0.04,315,0,Motion Picture Group,0,0,0
20071217,66162,MPRG',OTC,0.04,0.04,597,0,Motion Picture Group,0,0,0
20071218,66162,MPRG',OTC,0.04,0.04,105,0,Motion Picture Group,0,0,0
20071219,66162,MPRG',OTC,0.05,0.05,204,0,Motion Picture Group,0,0,0
20071220,66162,MPRG',OTC,0.05,0.05,112,0,Motion Picture Group,0,0,0
20071221,66162,MPRG',OTC,0.05,0.05,369,0,Motion Picture Group,0,0,0
20071224,66162,MPRG',OTC,0.04,0.04,143,0,Motion Picture Group,0,0,0
20071226,66162,MPRG',OTC,0.03,0.03,1212,0,Motion Picture Group,0,0,0
20071227,66162,MPRG',OTC,0.04,0.04,165,0,Motion Picture Group,0,0,0
20071228,66162,MPRG',OTC,0.04,0.04,3025,0,Motion Picture Group,0,0,0
20071231,66162,MPRG',OTC,0.04,0.04,576,0,Motion Picture Group,0,0,0
20080102,66162,MPRG',OTC,0.04,0.04,0,0,Motion Picture Group,0,0,0
20080103,66162,MPRG',OTC,0.04,0.04,1698,0,Motion Picture Group,0,0,0
20080104,66162,MPRG',OTC,0.04,0.04,475,0,Motion Picture Group,0,0,0
20080107,66162,MPRG',OTC,0.03,0.03,1030,0,Motion Picture Group,0,0,0
20080108,66162,MPRG',OTC,0.03,0.03,0,0,Motion Picture Group,0,0,0
20080109,66162,MPRG',OTC,0.04,0.04,67,0,Motion Picture Group,0,0,0
20080110,66162,MPRG',OTC,0.04,0.04,194,0,Motion Picture Group,0,0,0
20080111,66162,MPRG',OTC,0.04,0.04,11,0,Motion Picture Group,0,0,0
20080114,66162,MPRG',OTC,0.04,0.04,0,0,Motion Picture Group,0,0,0
20080115,66162,MPRG',OTC,0.04,0.04,0,0,Motion Picture Group,0,0,0
20080116,66162,MPRG',OTC,0.03,0.03,37,0,Motion Picture Group,0,0,0
20080117,66162,MPRG',OTC,0.03,0.03,0,0,Motion Picture Group,0,0,0
20080118,66162,MPRG',OTC,0.03,0.03,0,0,Motion Picture Group,0,0,0
20080122,66162,MPRG',OTC,0.03,0.03,0,0,Motion Picture Group,0,0,0
20080123,66162,MPRG',OTC,0.03,0.03,0,0,Motion Picture Group,0,0,0
20080124,66162,MPRG',OTC,0.04,0.04,18,0,Motion Picture Group,0,0,0
20080125,66162,MPRG',OTC,0.04,0.04,3,0,Motion Picture Group,0,0,0
20080128,66162,MPRG',OTC,0.03,0.03,667,0,Motion Picture Group,0,0,0
20080129,66162,MPRG',OTC,0.03,0.03,150,0,Motion Picture Group,0,0,0
20080130,66162,MPRG',OTC,0.03,0.03,292,0,Motion Picture Group,0,0,0
20080131,66162,MPRG',OTC,0.03,0.03,10,0,Motion Picture Group,0,0,0
20080201,66162,MPRG',OTC,0.03,0.03,90,0,Motion Picture Group,0,0,0
20080204,66162,MPRG',OTC,0.03,0.03,30,0,Motion Picture Group,0,0,0
20080205,66162,MPRG',OTC,0.03,0.03,52,0,Motion Picture Group,0,0,0
20080206,66162,MPRG',OTC,0.03,0.03,100,0,Motion Picture Group,0,0,0
20080207,66162,MPRG',OTC,0.03,0.03,110,0,Motion Picture Group,0,0,0
20080208,66162,MPRG',OTC,0.03,0.03,10,0,Motion Picture Group,0,0,0
20080211,66162,MPRG',OTC,0.03,0.03,0,0,Motion Picture Group,0,0,0
20080212,66162,MPRG',OTC,0.03,0.03,5,0,Motion Picture Group,0,0,0
20080213,66162,MPRG',OTC,0.03,0.03,6,0,Motion Picture Group,0,0,0
20080214,66162,MPRG',OTC,0.02,0.02,1626,0,Motion Picture Group,0,0,0
20080215,66162,MPRG',OTC,0.02,0.02,611,0,Motion Picture Group,0,0,0
20080219,66162,MPRG',OTC,0.02,0.02,70,0,Motion Picture Group,0,0,0
20080220,66162,MPRG',OTC,0.02,0.02,250,0,Motion Picture Group,0,0,0
20080221,66162,MPRG',OTC,0.01,0.01,320,0,Motion Picture Group,0,0,0
20080222,66162,MPRG',OTC,0.02,0.02,152,0,Motion Picture Group,0,0,0
20080225,66162,MPRG',OTC,0.01,0.01,322,0,Motion Picture Group,0,0,0
20080226,66162,MPRG',OTC,0.01,0.01,0,0,Motion Picture Group,0,0,0
20080227,66162,MPRG',OTC,0.01,0.01,10,0,Motion Picture Group,0,0,0
20080228,66162,MPRG',OTC,0.01,0.01,0,0,Motion Picture Group,0,0,0
20080229,66162,MPRG',OTC,0.02,0.02,946,0,Motion Picture Group,0,0,0
20080303,66162,MPRG',OTC,0.02,0.02,200,0,Motion Picture Group,0,0,0
20080304,66162,MPRG',OTC,0.02,0.02,145,0,Motion Picture Group,0,0,0
20080305,66162,MPRG',OTC,0.02,0.02,240,0,Motion Picture Group,0,0,0
20080306,66162,MPRG',OTC,0.02,0.02,895,0,Motion Picture Group,0,0,0
20080307,66162,MPRG',OTC,0.02,0.02,0,0,Motion Picture Group,0,0,0
20080310,66162,MPRG',OTC,0.02,0.02,0,0,Motion Picture Group,0,0,0
20080311,66162,MPRG',OTC,0.02,0.02,80,0,Motion Picture Group,0,0,0
20080312,66162,MPRG',OTC,0.02,0.02,10,0,Motion Picture Group,0,0,0
20080313,66162,MPRG',OTC,0.02,0.02,0,0,Motion Picture Group,0,0,0
20080314,66162,MPRG',OTC,0.02,0.02,0,0,Motion Picture Group,0,0,0
20080317,66162,MPRG',OTC,0.02,0.02,0,0,Motion Picture Group,0,0,0
20080318,66162,MPRG',OTC,0.02,0.02,55,0,Motion Picture Group,0,0,0
20080319,66162,MPRG',OTC,0.02,0.02,0,0,Motion Picture Group,0,0,0
20080320,66162,MPRG',OTC,0.02,0.02,0,0,Motion Picture Group,0,0,0
20080324,66162,MPRG',OTC,0.02,0.02,0,0,Motion Picture Group,0,0,0
20080325,66162,MPRG',OTC,0.02,0.02,0,0,Motion Picture Group,0,0,0
20080326,66162,MPRG',OTC,0.02,0.02,889,0,Motion Picture Group,0,0,0
20080327,66162,MPRG',OTC,0.02,0.02,0,0,Motion Picture Group,0,0,0
20080328,66162,MPRG',OTC,0.01,0.01,61,0,Motion Picture Group,0,0,0
20080331,66162,MPRG',OTC,0.01,0.01,319,0,Motion Picture Group,0,0,0
20080401,66162,MPRG',OTC,0.01,0.01,0,0,Motion Picture Group,0,0,0
20080402,66162,MPRG',OTC,0.01,0.01,105,0,Motion Picture Group,0,0,0
20080403,66162,MPRG',OTC,0.01,0.01,0,0,Motion Picture Group,0,0,0
20080404,66162,MPRG',OTC,0.01,0.01,0,0,Motion Picture Group,0,0,0
20080407,66162,MPRG',OTC,0.01,0.01,8,0,Motion Picture Group,0,0,0
20080408,66162,MPRG',OTC,0.02,0.02,1518,0,Motion Picture Group,0,0,0
20080409,66162,MPRG',OTC,0.02,0.02,0,0,Motion Picture Group,0,0,0
20080410,66162,MPRG',OTC,0.02,0.02,0,0,Motion Picture Group,0,0,0
20080411,66162,MPRG',OTC,0.01,0.01,200,0,Motion Picture Group,0,0,0
20080414,66162,MPRG',OTC,0.01,0.01,10,0,Motion Picture Group,0,0,0
20080415,66162,MPRG',OTC,0.01,0.01,0,0,Motion Picture Group,0,0,0
20080416,66162,MPRG',OTC,0.01,0.01,209,0,Motion Picture Group,0,0,0
20080417,66162,MPRG',OTC,0.01,0.01,10,0,Motion Picture Group,0,0,0
20080418,66162,MPRG',OTC,0.01,0.01,30,0,Motion Picture Group,0,0,0
20080421,66162,MPRG',OTC,0.01,0.01,0,0,Motion Picture Group,0,0,0
20080422,66162,MPRG',OTC,0.01,0.01,691,0,Motion Picture Group,0,0,0
20080423,66162,MPRG',OTC,0.01,0.01,0,0,Motion Picture Group,0,0,0
20080424,66162,MPRG',OTC,0.01,0.01,620,0,Motion Picture Group,0,0,0
20080425,66162,MPRG',OTC,0.01,0.01,1575,0,Motion Picture Group,0,0,0
20080428,66162,MPRG',OTC,0.01,0.01,723,0,Motion Picture Group,0,0,0
20080429,66162,MPRG',OTC,0.01,0.01,0,0,Motion Picture Group,0,0,0
20080430,66162,MPRG',OTC,0.01,0.01,210,0,Motion Picture Group,0,0,0
20080501,66162,MPRG',OTC,0.01,0.01,313,0,Motion Picture Group,0,0,0
20080502,66162,MPRG',OTC,0.01,0.01,613,0,Motion Picture Group,0,0,0
20080505,66162,MPRG',OTC,0.01,0.01,0,0,Motion Picture Group,0,0,0
20080506,66162,MPRG',OTC,0.01,0.01,1025,0,Motion Picture Group,0,0,0
20080507,66162,MPRG',OTC,0.01,0.01,0,0,Motion Picture Group,0,0,0
20080508,66162,MPRG',OTC,0.01,0.01,0,0,Motion Picture Group,0,0,0
20080509,66162,MPRG',OTC,0.01,0.01,0,0,Motion Picture Group,0,0,0
20080512,66162,MPRG',OTC,0.01,0.01,0,0,Motion Picture Group,0,0,0
20080513,66162,MPRG',OTC,0.01,0.01,0,0,Motion Picture Group,0,0,0
20080514,66162,MPRG',OTC,0.01,0.01,0,0,Motion Picture Group,0,0,0
20080515,66162,MPRG',OTC,0.01,0.01,0,0,Motion Picture Group,0,0,0
20080516,66162,MPRG',OTC,0.01,0.01,0,0,Motion Picture Group,0,0,0
20080519,66162,MPRG',OTC,0.01,0.01,0,0,Motion Picture Group,0,0,0
20080520,66162,MPRG',OTC,0.01,0.01,0,0,Motion Picture Group,0,0,0
20080521,66162,MPRG',OTC,0.01,0.01,0,0,Motion Picture Group,0,0,0
20080522,66162,MPRG',OTC,0.01,0.01,0,0,Motion Picture Group,0,0,0
20080523,66162,MPRG',OTC,0.01,0.01,0,0,Motion Picture Group,0,0,0
20080527,66162,MPRG',OTC,0.01,0.01,0,0,Motion Picture Group,0,0,0
20080528,66162,MPRG',OTC,0.01,0.01,0,0,Motion Picture Group,0,0,0
