DDate,CSINumber,Symbol,Exchange,DClose,UnAdjustedClose,TotalVolume,Cash,MarketName,PTB,PSR,DPS
20050824,68068,NRWS',OTC,1.5,1.5,20,0,Narrowstep,0,0,0
20050825,68068,NRWS',OTC,1.5,1.5,0,0,Narrowstep,0,0,0
20050826,68068,NRWS',OTC,1.5,1.5,0,0,Narrowstep,0,0,0
20050829,68068,NRWS',OTC,1.5,1.5,0,0,Narrowstep,0,0,0
20050830,68068,NRWS',OTC,1.5,1.5,0,0,Narrowstep,0,0,0
20050831,68068,NRWS',OTC,1.5,1.5,149,0,Narrowstep,0,0,0
20050901,68068,NRWS',OTC,1.5,1.5,0,0,Narrowstep,0,0,0
20050902,68068,NRWS',OTC,1.5,1.5,0,0,Narrowstep,0,0,0
20050906,68068,NRWS',OTC,1.9,1.9,2,0,Narrowstep,0,0,0
20050907,68068,NRWS',OTC,1.66,1.66,111,0,Narrowstep,0,0,0
20050908,68068,NRWS',OTC,1.5,1.5,202,0,Narrowstep,0,0,0
20050909,68068,NRWS',OTC,1.5,1.5,25,0,Narrowstep,0,0,0
20050912,68068,NRWS',OTC,1.5,1.5,2,0,Narrowstep,0,0,0
20050913,68068,NRWS',OTC,1.75,1.75,9,0,Narrowstep,0,0,0
20050914,68068,NRWS',OTC,1.75,1.75,0,0,Narrowstep,0,0,0
20050915,68068,NRWS',OTC,1.9,1.9,87,0,Narrowstep,0,0,0
20050916,68068,NRWS',OTC,1.68,1.68,44,0,Narrowstep,0,0,0
20050919,68068,NRWS',OTC,1.65,1.65,20,0,Narrowstep,0,0,0
20050920,68068,NRWS',OTC,1.65,1.65,25,0,Narrowstep,0,0,0
20050921,68068,NRWS',OTC,1.65,1.65,0,0,Narrowstep,0,0,0
20050922,68068,NRWS',OTC,1.65,1.65,10,0,Narrowstep,0,0,0
20050923,68068,NRWS',OTC,1.7,1.7,161,0,Narrowstep,0,0,0
20050926,68068,NRWS',OTC,1.7,1.7,75,0,Narrowstep,0,0,0
20050927,68068,NRWS',OTC,1.6,1.6,10,0,Narrowstep,0,0,0
20050928,68068,NRWS',OTC,1.5,1.5,15,0,Narrowstep,0,0,0
20050929,68068,NRWS',OTC,1.5,1.5,0,0,Narrowstep,0,0,0
20050930,68068,NRWS',OTC,1.5,1.5,17,0,Narrowstep,0,0,0
20051003,68068,NRWS',OTC,1.5,1.5,28,0,Narrowstep,0,0,0
20051004,68068,NRWS',OTC,1.5,1.5,0,0,Narrowstep,0,0,0
20051005,68068,NRWS',OTC,1.5,1.5,0,0,Narrowstep,0,0,0
20051006,68068,NRWS',OTC,1.5,1.5,322,0,Narrowstep,0,0,0
20051007,68068,NRWS',OTC,1.5,1.5,82,0,Narrowstep,0,0,0
20051010,68068,NRWS',OTC,1.5,1.5,0,0,Narrowstep,0,0,0
20051011,68068,NRWS',OTC,1.5,1.5,0,0,Narrowstep,0,0,0
20051012,68068,NRWS',OTC,1.5,1.5,0,0,Narrowstep,0,0,0
20051013,68068,NRWS',OTC,1.5,1.5,95,0,Narrowstep,0,0,0
20051014,68068,NRWS',OTC,1.5,1.5,128,0,Narrowstep,0,0,0
20051017,68068,NRWS',OTC,1.5,1.5,5,0,Narrowstep,0,0,0
20051018,68068,NRWS',OTC,1.51,1.51,1,0,Narrowstep,0,0,0
20051019,68068,NRWS',OTC,1.5,1.5,47,0,Narrowstep,0,0,0
20051020,68068,NRWS',OTC,1.5,1.5,0,0,Narrowstep,0,0,0
20051021,68068,NRWS',OTC,1.5,1.5,20,0,Narrowstep,0,0,0
20051024,68068,NRWS',OTC,1.5,1.5,0,0,Narrowstep,0,0,0
20051025,68068,NRWS',OTC,1.5,1.5,0,0,Narrowstep,0,0,0
20051026,68068,NRWS',OTC,1.5,1.5,0,0,Narrowstep,0,0,0
20051027,68068,NRWS',OTC,1.15,1.15,178,0,Narrowstep,0,0,0
20051028,68068,NRWS',OTC,1.15,1.15,20,0,Narrowstep,0,0,0
20051031,68068,NRWS',OTC,1.15,1.15,0,0,Narrowstep,0,0,0
20051101,68068,NRWS',OTC,1.15,1.15,20,0,Narrowstep,0,0,0
20051102,68068,NRWS',OTC,1.15,1.15,0,0,Narrowstep,0,0,0
20051103,68068,NRWS',OTC,1.15,1.15,0,0,Narrowstep,0,0,0
20051104,68068,NRWS',OTC,1.15,1.15,30,0,Narrowstep,0,0,0
20051107,68068,NRWS',OTC,1.2,1.2,90,0,Narrowstep,0,0,0
20051108,68068,NRWS',OTC,1.2,1.2,0,0,Narrowstep,0,0,0
20051109,68068,NRWS',OTC,1.2,1.2,0,0,Narrowstep,0,0,0
20051110,68068,NRWS',OTC,1.4,1.4,319,0,Narrowstep,0,0,0
20051111,68068,NRWS',OTC,1.5,1.5,65,0,Narrowstep,0,0,0
20051114,68068,NRWS',OTC,1.5,1.5,0,0,Narrowstep,0,0,0
20051115,68068,NRWS',OTC,1.42,1.42,15,0,Narrowstep,0,0,0
20051116,68068,NRWS',OTC,1.45,1.45,38,0,Narrowstep,0,0,0
20051117,68068,NRWS',OTC,1.45,1.45,0,0,Narrowstep,0,0,0
20051118,68068,NRWS',OTC,1.4,1.4,150,0,Narrowstep,0,0,0
20051121,68068,NRWS',OTC,1.4,1.4,0,0,Narrowstep,0,0,0
20051122,68068,NRWS',OTC,1.4,1.4,0,0,Narrowstep,0,0,0
20051123,68068,NRWS',OTC,1.4,1.4,0,0,Narrowstep,0,0,0
20051125,68068,NRWS',OTC,1.45,1.45,66,0,Narrowstep,0,0,0
20051128,68068,NRWS',OTC,1.41,1.41,160,0,Narrowstep,0,0,0
20051129,68068,NRWS',OTC,1.4,1.4,20,0,Narrowstep,0,0,0
20051130,68068,NRWS',OTC,1.4,1.4,438,0,Narrowstep,0,0,0
20051201,68068,NRWS',OTC,1.4,1.4,0,0,Narrowstep,0,0,0
20051202,68068,NRWS',OTC,1.4,1.4,30,0,Narrowstep,0,0,0
20051205,68068,NRWS',OTC,1.4,1.4,40,0,Narrowstep,0,0,0
20051206,68068,NRWS',OTC,1.38,1.38,55,0,Narrowstep,0,0,0
20051207,68068,NRWS',OTC,1.35,1.35,104,0,Narrowstep,0,0,0
20051208,68068,NRWS',OTC,1.4,1.4,10,0,Narrowstep,0,0,0
20051209,68068,NRWS',OTC,1.4,1.4,0,0,Narrowstep,0,0,0
20051212,68068,NRWS',OTC,1.34,1.34,30,0,Narrowstep,0,0,0
20051213,68068,NRWS',OTC,1.3,1.3,44,0,Narrowstep,0,0,0
20051214,68068,NRWS',OTC,1.25,1.25,30,0,Narrowstep,0,0,0
20051215,68068,NRWS',OTC,1.2,1.2,240,0,Narrowstep,0,0,0
20051216,68068,NRWS',OTC,1.2,1.2,0,0,Narrowstep,0,0,0
20051219,68068,NRWS',OTC,1.2,1.2,0,0,Narrowstep,0,0,0
20051220,68068,NRWS',OTC,1.2,1.2,0,0,Narrowstep,0,0,0
20051221,68068,NRWS',OTC,1.25,1.25,70,0,Narrowstep,0,0,0
20051222,68068,NRWS',OTC,1.25,1.25,91,0,Narrowstep,0,0,0
20051223,68068,NRWS',OTC,1.24,1.24,30,0,Narrowstep,0,0,0
20051227,68068,NRWS',OTC,1.28,1.28,27,0,Narrowstep,0,0,0
20051228,68068,NRWS',OTC,1.2,1.2,25,0,Narrowstep,0,0,0
20051229,68068,NRWS',OTC,1,1,74,0,Narrowstep,0,0,0
20051230,68068,NRWS',OTC,1.01,1.01,56,0,Narrowstep,0,0,0
20060103,68068,NRWS',OTC,1.01,1.01,73,0,Narrowstep,0,0,0
20060104,68068,NRWS',OTC,1.01,1.01,0,0,Narrowstep,0,0,0
20060105,68068,NRWS',OTC,1.01,1.01,58,0,Narrowstep,0,0,0
20060106,68068,NRWS',OTC,1.01,1.01,90,0,Narrowstep,0,0,0
20060109,68068,NRWS',OTC,0.95,0.95,51,0,Narrowstep,0,0,0
20060110,68068,NRWS',OTC,0.9,0.9,113,0,Narrowstep,0,0,0
20060111,68068,NRWS',OTC,0.9,0.9,97,0,Narrowstep,0,0,0
20060112,68068,NRWS',OTC,0.9,0.9,110,0,Narrowstep,0,0,0
20060113,68068,NRWS',OTC,0.9,0.9,245,0,Narrowstep,0,0,0
20060117,68068,NRWS',OTC,0.9,0.9,90,0,Narrowstep,0,0,0
20060118,68068,NRWS',OTC,0.9,0.9,140,0,Narrowstep,0,0,0
20060119,68068,NRWS',OTC,0.9,0.9,360,0,Narrowstep,0,0,0
20060120,68068,NRWS',OTC,0.91,0.91,650,0,Narrowstep,0,0,0
20060123,68068,NRWS',OTC,0.92,0.92,80,0,Narrowstep,0,0,0
20060124,68068,NRWS',OTC,0.91,0.91,161,0,Narrowstep,0,0,0
20060125,68068,NRWS',OTC,0.9,0.9,121,0,Narrowstep,0,0,0
20060126,68068,NRWS',OTC,0.9,0.9,150,0,Narrowstep,0,0,0
20060127,68068,NRWS',OTC,0.91,0.91,10,0,Narrowstep,0,0,0
20060130,68068,NRWS',OTC,0.9,0.9,10,0,Narrowstep,0,0,0
20060131,68068,NRWS',OTC,0.95,0.95,12,0,Narrowstep,0,0,0
20060201,68068,NRWS',OTC,1.1,1.1,614,0,Narrowstep,0,0,0
20060202,68068,NRWS',OTC,1.1,1.1,784,0,Narrowstep,0,0,0
20060203,68068,NRWS',OTC,1.2,1.2,468,0,Narrowstep,0,0,0
20060206,68068,NRWS',OTC,1.25,1.25,480,0,Narrowstep,0,0,0
20060207,68068,NRWS',OTC,1.15,1.15,81,0,Narrowstep,0,0,0
20060208,68068,NRWS',OTC,1.1,1.1,230,0,Narrowstep,0,0,0
20060209,68068,NRWS',OTC,1.3,1.3,300,0,Narrowstep,0,0,0
20060210,68068,NRWS',OTC,1.2,1.2,218,0,Narrowstep,0,0,0
20060213,68068,NRWS',OTC,1.26,1.26,240,0,Narrowstep,0,0,0
20060214,68068,NRWS',OTC,1.18,1.18,115,0,Narrowstep,0,0,0
20060215,68068,NRWS',OTC,1.1,1.1,110,0,Narrowstep,0,0,0
20060216,68068,NRWS',OTC,1.05,1.05,120,0,Narrowstep,0,0,0
20060217,68068,NRWS',OTC,1,1,180,0,Narrowstep,0,0,0
20060221,68068,NRWS',OTC,0.9,0.9,419,0,Narrowstep,0,0,0
20060222,68068,NRWS',OTC,1.35,1.35,9165,0,Narrowstep,0,0,0
20060223,68068,NRWS',OTC,1.48,1.48,7453,0,Narrowstep,0,0,0
20060224,68068,NRWS',OTC,1.45,1.45,3433,0,Narrowstep,0,0,0
20060227,68068,NRWS',OTC,1.44,1.44,1256,0,Narrowstep,0,0,0
20060228,68068,NRWS',OTC,1.37,1.37,903,0,Narrowstep,0,0,0
20060301,68068,NRWS',OTC,1.25,1.25,1063,0,Narrowstep,0,0,0
20060302,68068,NRWS',OTC,1.25,1.25,470,0,Narrowstep,0,0,0
20060303,68068,NRWS',OTC,1.3,1.3,825,0,Narrowstep,0,0,0
20060306,68068,NRWS',OTC,1.29,1.29,795,0,Narrowstep,0,0,0
20060307,68068,NRWS',OTC,1.23,1.23,182,0,Narrowstep,0,0,0
20060308,68068,NRWS',OTC,1.32,1.32,900,0,Narrowstep,0,0,0
20060309,68068,NRWS',OTC,1.25,1.25,1445,0,Narrowstep,0,0,0
20060310,68068,NRWS',OTC,1.21,1.21,252,0,Narrowstep,0,0,0
20060313,68068,NRWS',OTC,1.07,1.07,714,0,Narrowstep,0,0,0
20060314,68068,NRWS',OTC,1.1,1.1,907,0,Narrowstep,0,0,0
20060315,68068,NRWS',OTC,1.04,1.04,1664,0,Narrowstep,0,0,0
20060316,68068,NRWS',OTC,0.95,0.95,626,0,Narrowstep,0,0,0
20060317,68068,NRWS',OTC,1,1,1043,0,Narrowstep,0,0,0
20060320,68068,NRWS',OTC,1.14,1.14,7357,0,Narrowstep,0,0,0
20060321,68068,NRWS',OTC,1.38,1.38,15186,0,Narrowstep,0,0,0
20060322,68068,NRWS',OTC,1.4,1.4,14312,0,Narrowstep,0,0,0
20060323,68068,NRWS',OTC,1.4,1.4,6536,0,Narrowstep,0,0,0
20060324,68068,NRWS',OTC,1.25,1.25,5307,0,Narrowstep,0,0,0
20060327,68068,NRWS',OTC,1.18,1.18,4197,0,Narrowstep,0,0,0
20060328,68068,NRWS',OTC,1.09,1.09,3684,0,Narrowstep,0,0,0
20060329,68068,NRWS',OTC,1.22,1.22,2464,0,Narrowstep,0,0,0
20060330,68068,NRWS',OTC,1.15,1.15,3552,0,Narrowstep,0,0,0
20060331,68068,NRWS',OTC,1.14,1.14,811,0,Narrowstep,0,0,0
20060403,68068,NRWS',OTC,1.15,1.15,1302,0,Narrowstep,0,0,0
20060404,68068,NRWS',OTC,1.09,1.09,1724,0,Narrowstep,0,0,0
20060405,68068,NRWS',OTC,1.08,1.08,648,0,Narrowstep,0,0,0
20060406,68068,NRWS',OTC,1.05,1.05,1542,0,Narrowstep,0,0,0
20060407,68068,NRWS',OTC,0.98,0.98,2355,0,Narrowstep,0,0,0
20060410,68068,NRWS',OTC,1.05,1.05,1984,0,Narrowstep,0,0,0
20060411,68068,NRWS',OTC,1.02,1.02,994,0,Narrowstep,0,0,0
20060412,68068,NRWS',OTC,0.98,0.98,590,0,Narrowstep,0,0,0
20060413,68068,NRWS',OTC,1,1,556,0,Narrowstep,0,0,0
20060417,68068,NRWS',OTC,1,1,1163,0,Narrowstep,0,0,0
20060418,68068,NRWS',OTC,0.98,0.98,1122,0,Narrowstep,0,0,0
20060419,68068,NRWS',OTC,0.97,0.97,729,0,Narrowstep,0,0,0
20060420,68068,NRWS',OTC,0.93,0.93,1760,0,Narrowstep,0,0,0
20060421,68068,NRWS',OTC,0.91,0.91,730,0,Narrowstep,0,0,0
20060424,68068,NRWS',OTC,0.85,0.85,1393,0,Narrowstep,0,0,0
20060425,68068,NRWS',OTC,0.85,0.85,1535,0,Narrowstep,0,0,0
20060426,68068,NRWS',OTC,0.9,0.9,2328,0,Narrowstep,0,0,0
20060427,68068,NRWS',OTC,0.99,0.99,2623,0,Narrowstep,0,0,0
20060428,68068,NRWS',OTC,0.97,0.97,543,0,Narrowstep,0,0,0
20060501,68068,NRWS',OTC,1.01,1.01,1262,0,Narrowstep,0,0,0
20060502,68068,NRWS',OTC,1.02,1.02,4570,0,Narrowstep,0,0,0
20060503,68068,NRWS',OTC,1.02,1.02,4957,0,Narrowstep,0,0,0
20060504,68068,NRWS',OTC,0.91,0.91,2393,0,Narrowstep,0,0,0
20060505,68068,NRWS',OTC,0.91,0.91,1033,0,Narrowstep,0,0,0
20060508,68068,NRWS',OTC,0.9,0.9,1581,0,Narrowstep,0,0,0
20060509,68068,NRWS',OTC,0.86,0.86,1400,0,Narrowstep,0,0,0
20060510,68068,NRWS',OTC,0.78,0.78,1737,0,Narrowstep,0,0,0
20060511,68068,NRWS',OTC,0.8,0.8,1113,0,Narrowstep,0,0,0
20060512,68068,NRWS',OTC,0.63,0.63,2113,0,Narrowstep,0,0,0
20060515,68068,NRWS',OTC,0.65,0.65,1469,0,Narrowstep,0,0,0
20060516,68068,NRWS',OTC,0.85,0.85,1975,0,Narrowstep,0,0,0
20060517,68068,NRWS',OTC,0.85,0.85,1854,0,Narrowstep,0,0,0
20060518,68068,NRWS',OTC,0.75,0.75,918,0,Narrowstep,0,0,0
20060519,68068,NRWS',OTC,0.83,0.83,1004,0,Narrowstep,0,0,0
20060522,68068,NRWS',OTC,0.75,0.75,632,0,Narrowstep,0,0,0
20060523,68068,NRWS',OTC,0.75,0.75,121,0,Narrowstep,0,0,0
20060524,68068,NRWS',OTC,0.7,0.7,342,0,Narrowstep,0,0,0
20060525,68068,NRWS',OTC,0.71,0.71,83,0,Narrowstep,0,0,0
20060526,68068,NRWS',OTC,0.7,0.7,500,0,Narrowstep,0,0,0
20060530,68068,NRWS',OTC,0.68,0.68,345,0,Narrowstep,0,0,0
20060531,68068,NRWS',OTC,0.63,0.63,499,0,Narrowstep,0,0,0
20060601,68068,NRWS',OTC,0.65,0.65,269,0,Narrowstep,0,0,0
20060602,68068,NRWS',OTC,0.67,0.67,319,0,Narrowstep,0,0,0
20060605,68068,NRWS',OTC,0.7,0.7,219,0,Narrowstep,0,0,0
20060606,68068,NRWS',OTC,0.65,0.65,336,0,Narrowstep,0,0,0
20060607,68068,NRWS',OTC,0.62,0.62,334,0,Narrowstep,0,0,0
20060608,68068,NRWS',OTC,0.67,0.67,951,0,Narrowstep,0,0,0
20060609,68068,NRWS',OTC,0.7,0.7,746,0,Narrowstep,0,0,0
20060612,68068,NRWS',OTC,0.66,0.66,385,0,Narrowstep,0,0,0
20060613,68068,NRWS',OTC,0.64,0.64,714,0,Narrowstep,0,0,0
20060614,68068,NRWS',OTC,0.63,0.63,621,0,Narrowstep,0,0,0
20060615,68068,NRWS',OTC,0.63,0.63,355,0,Narrowstep,0,0,0
20060616,68068,NRWS',OTC,0.67,0.67,1871,0,Narrowstep,0,0,0
20060619,68068,NRWS',OTC,0.63,0.63,1436,0,Narrowstep,0,0,0
20060620,68068,NRWS',OTC,0.72,0.72,1509,0,Narrowstep,0,0,0
20060621,68068,NRWS',OTC,0.69,0.69,356,0,Narrowstep,0,0,0
20060622,68068,NRWS',OTC,0.68,0.68,1732,0,Narrowstep,0,0,0
20060623,68068,NRWS',OTC,0.65,0.65,854,0,Narrowstep,0,0,0
20060626,68068,NRWS',OTC,0.67,0.67,801,0,Narrowstep,0,0,0
20060627,68068,NRWS',OTC,0.64,0.64,1831,0,Narrowstep,0,0,0
20060628,68068,NRWS',OTC,0.67,0.67,1205,0,Narrowstep,0,0,0
20060629,68068,NRWS',OTC,0.61,0.61,520,0,Narrowstep,0,0,0
20060630,68068,NRWS',OTC,0.63,0.63,3182,0,Narrowstep,0,0,0
20060703,68068,NRWS',OTC,0.57,0.57,871,0,Narrowstep,0,0,0
20060705,68068,NRWS',OTC,0.61,0.61,1203,0,Narrowstep,0,0,0
20060706,68068,NRWS',OTC,0.61,0.61,7147,0,Narrowstep,0,0,0
20060707,68068,NRWS',OTC,0.63,0.63,1098,0,Narrowstep,0,0,0
20060710,68068,NRWS',OTC,0.58,0.58,547,0,Narrowstep,0,0,0
20060711,68068,NRWS',OTC,0.6,0.6,549,0,Narrowstep,0,0,0
20060712,68068,NRWS',OTC,0.61,0.61,2924,0,Narrowstep,0,0,0
20060713,68068,NRWS',OTC,0.6,0.6,713,0,Narrowstep,0,0,0
20060714,68068,NRWS',OTC,0.56,0.56,2613,0,Narrowstep,0,0,0
20060717,68068,NRWS',OTC,0.55,0.55,351,0,Narrowstep,0,0,0
20060718,68068,NRWS',OTC,0.57,0.57,347,0,Narrowstep,0,0,0
20060719,68068,NRWS',OTC,0.61,0.61,1480,0,Narrowstep,0,0,0
20060720,68068,NRWS',OTC,0.73,0.73,2904,0,Narrowstep,0,0,0
20060721,68068,NRWS',OTC,0.7,0.7,428,0,Narrowstep,0,0,0
20060724,68068,NRWS',OTC,0.65,0.65,190,0,Narrowstep,0,0,0
20060725,68068,NRWS',OTC,0.61,0.61,1157,0,Narrowstep,0,0,0
20060726,68068,NRWS',OTC,0.6,0.6,302,0,Narrowstep,0,0,0
20060727,68068,NRWS',OTC,0.6,0.6,496,0,Narrowstep,0,0,0
20060728,68068,NRWS',OTC,0.59,0.59,129,0,Narrowstep,0,0,0
20060731,68068,NRWS',OTC,0.57,0.57,1066,0,Narrowstep,0,0,0
20060801,68068,NRWS',OTC,0.57,0.57,248,0,Narrowstep,0,0,0
20060802,68068,NRWS',OTC,0.57,0.57,178,0,Narrowstep,0,0,0
20060803,68068,NRWS',OTC,0.57,0.57,197,0,Narrowstep,0,0,0
20060804,68068,NRWS',OTC,0.57,0.57,216,0,Narrowstep,0,0,0
20060807,68068,NRWS',OTC,0.57,0.57,197,0,Narrowstep,0,0,0
20060808,68068,NRWS',OTC,0.57,0.57,305,0,Narrowstep,0,0,0
20060809,68068,NRWS',OTC,0.57,0.57,177,0,Narrowstep,0,0,0
20060810,68068,NRWS',OTC,0.57,0.57,800,0,Narrowstep,0,0,0
20060811,68068,NRWS',OTC,0.57,0.57,405,0,Narrowstep,0,0,0
20060814,68068,NRWS',OTC,0.56,0.56,755,0,Narrowstep,0,0,0
20060815,68068,NRWS',OTC,0.56,0.56,444,0,Narrowstep,0,0,0
20060816,68068,NRWS',OTC,0.57,0.57,739,0,Narrowstep,0,0,0
20060817,68068,NRWS',OTC,0.7,0.7,588,0,Narrowstep,0,0,0
20060818,68068,NRWS',OTC,0.75,0.75,1337,0,Narrowstep,0,0,0
20060821,68068,NRWS',OTC,0.78,0.78,1182,0,Narrowstep,0,0,0
20060822,68068,NRWS',OTC,0.81,0.81,2646,0,Narrowstep,0,0,0
20060823,68068,NRWS',OTC,0.85,0.85,2312,0,Narrowstep,0,0,0
20060824,68068,NRWS',OTC,0.81,0.81,313,0,Narrowstep,0,0,0
20060825,68068,NRWS',OTC,0.76,0.76,1778,0,Narrowstep,0,0,0
20060828,68068,NRWS',OTC,0.72,0.72,110,0,Narrowstep,0,0,0
20060829,68068,NRWS',OTC,0.7,0.7,615,0,Narrowstep,0,0,0
20060830,68068,NRWS',OTC,0.75,0.75,953,0,Narrowstep,0,0,0
20060831,68068,NRWS',OTC,0.75,0.75,279,0,Narrowstep,0,0,0
20060901,68068,NRWS',OTC,0.75,0.75,180,0,Narrowstep,0,0,0
20060905,68068,NRWS',OTC,0.76,0.76,1078,0,Narrowstep,0,0,0
20060906,68068,NRWS',OTC,0.75,0.75,130,0,Narrowstep,0,0,0
20060907,68068,NRWS',OTC,0.76,0.76,96,0,Narrowstep,0,0,0
20060908,68068,NRWS',OTC,0.66,0.66,5,0,Narrowstep,0,0,0
20060911,68068,NRWS',OTC,0.66,0.66,78,0,Narrowstep,0,0,0
20060912,68068,NRWS',OTC,0.66,0.66,744,0,Narrowstep,0,0,0
20060913,68068,NRWS',OTC,0.62,0.62,260,0,Narrowstep,0,0,0
20060914,68068,NRWS',OTC,0.65,0.65,334,0,Narrowstep,0,0,0
20060915,68068,NRWS',OTC,0.65,0.65,559,0,Narrowstep,0,0,0
20060918,68068,NRWS',OTC,0.63,0.63,288,0,Narrowstep,0,0,0
20060919,68068,NRWS',OTC,0.61,0.61,183,0,Narrowstep,0,0,0
20060920,68068,NRWS',OTC,0.64,0.64,556,0,Narrowstep,0,0,0
20060921,68068,NRWS',OTC,0.68,0.68,131,0,Narrowstep,0,0,0
20060922,68068,NRWS',OTC,0.68,0.68,441,0,Narrowstep,0,0,0
20060925,68068,NRWS',OTC,0.65,0.65,130,0,Narrowstep,0,0,0
20060926,68068,NRWS',OTC,0.65,0.65,45,0,Narrowstep,0,0,0
20060927,68068,NRWS',OTC,0.67,0.67,14,0,Narrowstep,0,0,0
20060928,68068,NRWS',OTC,0.8,0.8,2601,0,Narrowstep,0,0,0
20060929,68068,NRWS',OTC,0.91,0.91,1812,0,Narrowstep,0,0,0
20061002,68068,NRWS',OTC,0.92,0.92,835,0,Narrowstep,0,0,0
20061003,68068,NRWS',OTC,0.75,0.75,930,0,Narrowstep,0,0,0
20061004,68068,NRWS',OTC,0.75,0.75,27,0,Narrowstep,0,0,0
20061005,68068,NRWS',OTC,0.82,0.82,620,0,Narrowstep,0,0,0
20061006,68068,NRWS',OTC,0.86,0.86,712,0,Narrowstep,0,0,0
20061009,68068,NRWS',OTC,0.95,0.95,1623,0,Narrowstep,0,0,0
20061010,68068,NRWS',OTC,1,1,2010,0,Narrowstep,0,0,0
20061011,68068,NRWS',OTC,0.99,0.99,595,0,Narrowstep,0,0,0
20061012,68068,NRWS',OTC,1,1,289,0,Narrowstep,0,0,0
20061013,68068,NRWS',OTC,0.95,0.95,367,0,Narrowstep,0,0,0
20061016,68068,NRWS',OTC,1,1,1110,0,Narrowstep,0,0,0
20061017,68068,NRWS',OTC,0.98,0.98,400,0,Narrowstep,0,0,0
20061018,68068,NRWS',OTC,0.95,0.95,97,0,Narrowstep,0,0,0
20061019,68068,NRWS',OTC,0.97,0.97,159,0,Narrowstep,0,0,0
20061020,68068,NRWS',OTC,0.95,0.95,189,0,Narrowstep,0,0,0
20061023,68068,NRWS',OTC,0.94,0.94,858,0,Narrowstep,0,0,0
20061024,68068,NRWS',OTC,0.92,0.92,519,0,Narrowstep,0,0,0
20061025,68068,NRWS',OTC,0.9,0.9,159,0,Narrowstep,0,0,0
20061026,68068,NRWS',OTC,0.87,0.87,321,0,Narrowstep,0,0,0
20061027,68068,NRWS',OTC,0.84,0.84,450,0,Narrowstep,0,0,0
20061030,68068,NRWS',OTC,0.81,0.81,13,0,Narrowstep,0,0,0
20061031,68068,NRWS',OTC,0.82,0.82,85,0,Narrowstep,0,0,0
20061101,68068,NRWS',OTC,0.8,0.8,77,0,Narrowstep,0,0,0
20061102,68068,NRWS',OTC,0.78,0.78,80,0,Narrowstep,0,0,0
20061103,68068,NRWS',OTC,0.78,0.78,532,0,Narrowstep,0,0,0
20061106,68068,NRWS',OTC,0.84,0.84,117,0,Narrowstep,0,0,0
20061107,68068,NRWS',OTC,0.81,0.81,738,0,Narrowstep,0,0,0
20061108,68068,NRWS',OTC,0.81,0.81,118,0,Narrowstep,0,0,0
20061109,68068,NRWS',OTC,0.8,0.8,176,0,Narrowstep,0,0,0
20061110,68068,NRWS',OTC,0.79,0.79,452,0,Narrowstep,0,0,0
20061113,68068,NRWS',OTC,0.76,0.76,1148,0,Narrowstep,0,0,0
20061114,68068,NRWS',OTC,0.87,0.87,798,0,Narrowstep,0,0,0
20061115,68068,NRWS',OTC,1.01,1.01,3944,0,Narrowstep,0,0,0
20061116,68068,NRWS',OTC,0.97,0.97,2884,0,Narrowstep,0,0,0
20061117,68068,NRWS',OTC,1.02,1.02,2025,0,Narrowstep,0,0,0
20061120,68068,NRWS',OTC,0.99,0.99,1077,0,Narrowstep,0,0,0
20061121,68068,NRWS',OTC,1,1,223,0,Narrowstep,0,0,0
20061122,68068,NRWS',OTC,0.97,0.97,684,0,Narrowstep,0,0,0
20061124,68068,NRWS',OTC,0.94,0.94,805,0,Narrowstep,0,0,0
20061127,68068,NRWS',OTC,0.88,0.88,1211,0,Narrowstep,0,0,0
20061128,68068,NRWS',OTC,0.9,0.9,984,0,Narrowstep,0,0,0
20061129,68068,NRWS',OTC,0.87,0.87,1695,0,Narrowstep,0,0,0
20061130,68068,NRWS',OTC,0.9,0.9,1113,0,Narrowstep,0,0,0
20061201,68068,NRWS',OTC,0.86,0.86,745,0,Narrowstep,0,0,0
20061204,68068,NRWS',OTC,0.89,0.89,957,0,Narrowstep,0,0,0
20061205,68068,NRWS',OTC,0.89,0.89,326,0,Narrowstep,0,0,0
20061206,68068,NRWS',OTC,0.85,0.85,905,0,Narrowstep,0,0,0
20061207,68068,NRWS',OTC,0.89,0.89,1465,0,Narrowstep,0,0,0
20061208,68068,NRWS',OTC,0.77,0.77,1115,0,Narrowstep,0,0,0
20061211,68068,NRWS',OTC,0.77,0.77,1505,0,Narrowstep,0,0,0
20061212,68068,NRWS',OTC,0.76,0.76,732,0,Narrowstep,0,0,0
20061213,68068,NRWS',OTC,0.8,0.8,536,0,Narrowstep,0,0,0
20061214,68068,NRWS',OTC,0.81,0.81,13,0,Narrowstep,0,0,0
20061215,68068,NRWS',OTC,0.82,0.82,232,0,Narrowstep,0,0,0
20061218,68068,NRWS',OTC,0.81,0.81,232,0,Narrowstep,0,0,0
20061219,68068,NRWS',OTC,0.78,0.78,449,0,Narrowstep,0,0,0
20061220,68068,NRWS',OTC,0.89,0.89,1500,0,Narrowstep,0,0,0
20061221,68068,NRWS',OTC,1.2,1.2,6062,0,Narrowstep,0,0,0
20061222,68068,NRWS',OTC,1.08,1.08,2514,0,Narrowstep,0,0,0
20061226,68068,NRWS',OTC,1.03,1.03,670,0,Narrowstep,0,0,0
20061227,68068,NRWS',OTC,0.97,0.97,2147,0,Narrowstep,0,0,0
20061228,68068,NRWS',OTC,0.86,0.86,1109,0,Narrowstep,0,0,0
20061229,68068,NRWS',OTC,0.95,0.95,1159,0,Narrowstep,0,0,0
20070103,68068,NRWS',OTC,0.91,0.91,1701,0,Narrowstep,0,0,0
20070104,68068,NRWS',OTC,0.94,0.94,1114,0,Narrowstep,0,0,0
20070105,68068,NRWS',OTC,0.98,0.98,668,0,Narrowstep,0,0,0
20070108,68068,NRWS',OTC,0.99,0.99,389,0,Narrowstep,0,0,0
20070109,68068,NRWS',OTC,0.96,0.96,351,0,Narrowstep,0,0,0
20070110,68068,NRWS',OTC,0.9,0.9,530,0,Narrowstep,0,0,0
20070111,68068,NRWS',OTC,0.92,0.92,1067,0,Narrowstep,0,0,0
20070112,68068,NRWS',OTC,0.92,0.92,204,0,Narrowstep,0,0,0
20070116,68068,NRWS',OTC,0.95,0.95,801,0,Narrowstep,0,0,0
20070117,68068,NRWS',OTC,0.9,0.9,676,0,Narrowstep,0,0,0
20070118,68068,NRWS',OTC,0.85,0.85,1041,0,Narrowstep,0,0,0
20070119,68068,NRWS',OTC,0.85,0.85,153,0,Narrowstep,0,0,0
20070122,68068,NRWS',OTC,0.88,0.88,351,0,Narrowstep,0,0,0
20070123,68068,NRWS',OTC,0.9,0.9,660,0,Narrowstep,0,0,0
20070124,68068,NRWS',OTC,0.9,0.9,112,0,Narrowstep,0,0,0
20070125,68068,NRWS',OTC,0.91,0.91,990,0,Narrowstep,0,0,0
20070126,68068,NRWS',OTC,0.95,0.95,720,0,Narrowstep,0,0,0
20070129,68068,NRWS',OTC,0.9,0.9,1155,0,Narrowstep,0,0,0
20070130,68068,NRWS',OTC,0.94,0.94,25,0,Narrowstep,0,0,0
20070131,68068,NRWS',OTC,0.89,0.89,280,0,Narrowstep,0,0,0
20070201,68068,NRWS',OTC,0.9,0.9,632,0,Narrowstep,0,0,0
20070202,68068,NRWS',OTC,0.95,0.95,125,0,Narrowstep,0,0,0
20070205,68068,NRWS',OTC,0.9,0.9,179,0,Narrowstep,0,0,0
20070206,68068,NRWS',OTC,0.9,0.9,136,0,Narrowstep,0,0,0
20070207,68068,NRWS',OTC,0.95,0.95,38,0,Narrowstep,0,0,0
20070208,68068,NRWS',OTC,0.92,0.92,195,0,Narrowstep,0,0,0
20070209,68068,NRWS',OTC,0.95,0.95,290,0,Narrowstep,0,0,0
20070212,68068,NRWS',OTC,0.85,0.85,199,0,Narrowstep,0,0,0
20070213,68068,NRWS',OTC,0.9,0.9,216,0,Narrowstep,0,0,0
20070214,68068,NRWS',OTC,0.84,0.84,264,0,Narrowstep,0,0,0
20070215,68068,NRWS',OTC,0.85,0.85,381,0,Narrowstep,0,0,0
20070216,68068,NRWS',OTC,0.86,0.86,11,0,Narrowstep,0,0,0
20070220,68068,NRWS',OTC,0.98,0.98,1875,0,Narrowstep,0,0,0
20070221,68068,NRWS',OTC,0.9,0.9,1378,0,Narrowstep,0,0,0
20070222,68068,NRWS',OTC,0.95,0.95,432,0,Narrowstep,0,0,0
20070223,68068,NRWS',OTC,0.95,0.95,104,0,Narrowstep,0,0,0
20070226,68068,NRWS',OTC,0.92,0.92,204,0,Narrowstep,0,0,0
20070227,68068,NRWS',OTC,0.9,0.9,218,0,Narrowstep,0,0,0
20070228,68068,NRWS',OTC,0.9,0.9,59,0,Narrowstep,0,0,0
20070301,68068,NRWS',OTC,0.9,0.9,166,0,Narrowstep,0,0,0
20070302,68068,NRWS',OTC,0.95,0.95,102,0,Narrowstep,0,0,0
20070305,68068,NRWS',OTC,0.86,0.86,762,0,Narrowstep,0,0,0
20070306,68068,NRWS',OTC,0.86,0.86,71,0,Narrowstep,0,0,0
20070307,68068,NRWS',OTC,0.86,0.86,115,0,Narrowstep,0,0,0
20070308,68068,NRWS',OTC,0.84,0.84,695,0,Narrowstep,0,0,0
20070309,68068,NRWS',OTC,0.9,0.9,2172,0,Narrowstep,0,0,0
20070312,68068,NRWS',OTC,0.89,0.89,1014,0,Narrowstep,0,0,0
20070313,68068,NRWS',OTC,0.8,0.8,501,0,Narrowstep,0,0,0
20070314,68068,NRWS',OTC,0.78,0.78,401,0,Narrowstep,0,0,0
20070315,68068,NRWS',OTC,0.79,0.79,764,0,Narrowstep,0,0,0
20070316,68068,NRWS',OTC,0.76,0.76,196,0,Narrowstep,0,0,0
20070319,68068,NRWS',OTC,0.65,0.65,1348,0,Narrowstep,0,0,0
20070320,68068,NRWS',OTC,0.65,0.65,1365,0,Narrowstep,0,0,0
20070321,68068,NRWS',OTC,0.65,0.65,645,0,Narrowstep,0,0,0
20070322,68068,NRWS',OTC,0.65,0.65,1035,0,Narrowstep,0,0,0
20070323,68068,NRWS',OTC,0.65,0.65,840,0,Narrowstep,0,0,0
20070326,68068,NRWS',OTC,0.76,0.76,369,0,Narrowstep,0,0,0
20070327,68068,NRWS',OTC,0.72,0.72,398,0,Narrowstep,0,0,0
20070328,68068,NRWS',OTC,0.75,0.75,44,0,Narrowstep,0,0,0
20070329,68068,NRWS',OTC,0.77,0.77,354,0,Narrowstep,0,0,0
20070330,68068,NRWS',OTC,0.66,0.66,173,0,Narrowstep,0,0,0
20070402,68068,NRWS',OTC,0.74,0.74,323,0,Narrowstep,0,0,0
20070403,68068,NRWS',OTC,0.73,0.73,267,0,Narrowstep,0,0,0
20070404,68068,NRWS',OTC,0.79,0.79,75,0,Narrowstep,0,0,0
20070405,68068,NRWS',OTC,0.79,0.79,63,0,Narrowstep,0,0,0
20070409,68068,NRWS',OTC,0.72,0.72,285,0,Narrowstep,0,0,0
20070410,68068,NRWS',OTC,0.62,0.62,1003,0,Narrowstep,0,0,0
20070411,68068,NRWS',OTC,0.65,0.65,644,0,Narrowstep,0,0,0
20070412,68068,NRWS',OTC,0.68,0.68,431,0,Narrowstep,0,0,0
20070413,68068,NRWS',OTC,0.7,0.7,1081,0,Narrowstep,0,0,0
20070416,68068,NRWS',OTC,0.7,0.7,192,0,Narrowstep,0,0,0
20070417,68068,NRWS',OTC,0.71,0.71,1333,0,Narrowstep,0,0,0
20070418,68068,NRWS',OTC,0.68,0.68,446,0,Narrowstep,0,0,0
20070419,68068,NRWS',OTC,0.65,0.65,324,0,Narrowstep,0,0,0
20070420,68068,NRWS',OTC,0.65,0.65,981,0,Narrowstep,0,0,0
20070423,68068,NRWS',OTC,0.65,0.65,426,0,Narrowstep,0,0,0
20070424,68068,NRWS',OTC,0.64,0.64,278,0,Narrowstep,0,0,0
20070425,68068,NRWS',OTC,0.61,0.61,1801,0,Narrowstep,0,0,0
20070426,68068,NRWS',OTC,0.69,0.69,710,0,Narrowstep,0,0,0
20070427,68068,NRWS',OTC,0.69,0.69,215,0,Narrowstep,0,0,0
20070430,68068,NRWS',OTC,0.68,0.68,54,0,Narrowstep,0,0,0
20070501,68068,NRWS',OTC,0.69,0.69,393,0,Narrowstep,0,0,0
20070502,68068,NRWS',OTC,0.69,0.69,147,0,Narrowstep,0,0,0
20070503,68068,NRWS',OTC,0.68,0.68,50,0,Narrowstep,0,0,0
20070504,68068,NRWS',OTC,0.65,0.65,76,0,Narrowstep,0,0,0
20070507,68068,NRWS',OTC,0.6,0.6,549,0,Narrowstep,0,0,0
20070508,68068,NRWS',OTC,0.6,0.6,407,0,Narrowstep,0,0,0
20070509,68068,NRWS',OTC,0.55,0.55,512,0,Narrowstep,0,0,0
20070510,68068,NRWS',OTC,0.6,0.6,557,0,Narrowstep,0,0,0
20070511,68068,NRWS',OTC,0.53,0.53,1330,0,Narrowstep,0,0,0
20070514,68068,NRWS',OTC,0.59,0.59,405,0,Narrowstep,0,0,0
20070515,68068,NRWS',OTC,0.6,0.6,345,0,Narrowstep,0,0,0
20070516,68068,NRWS',OTC,0.54,0.54,94,0,Narrowstep,0,0,0
20070517,68068,NRWS',OTC,0.53,0.53,325,0,Narrowstep,0,0,0
20070518,68068,NRWS',OTC,0.6,0.6,417,0,Narrowstep,0,0,0
20070521,68068,NRWS',OTC,0.58,0.58,76,0,Narrowstep,0,0,0
20070522,68068,NRWS',OTC,0.6,0.6,1371,0,Narrowstep,0,0,0
20070523,68068,NRWS',OTC,0.6,0.6,1019,0,Narrowstep,0,0,0
20070524,68068,NRWS',OTC,0.6,0.6,435,0,Narrowstep,0,0,0
20070525,68068,NRWS',OTC,0.6,0.6,17,0,Narrowstep,0,0,0
20070529,68068,NRWS',OTC,0.6,0.6,80,0,Narrowstep,0,0,0
20070530,68068,NRWS',OTC,0.57,0.57,85,0,Narrowstep,0,0,0
20070531,68068,NRWS',OTC,0.59,0.59,1320,0,Narrowstep,0,0,0
20070601,68068,NRWS',OTC,0.58,0.58,1739,0,Narrowstep,0,0,0
20070604,68068,NRWS',OTC,0.58,0.58,390,0,Narrowstep,0,0,0
20070605,68068,NRWS',OTC,0.56,0.56,306,0,Narrowstep,0,0,0
20070606,68068,NRWS',OTC,0.58,0.58,118,0,Narrowstep,0,0,0
20070607,68068,NRWS',OTC,0.57,0.57,223,0,Narrowstep,0,0,0
20070608,68068,NRWS',OTC,0.55,0.55,179,0,Narrowstep,0,0,0
20070611,68068,NRWS',OTC,0.52,0.52,244,0,Narrowstep,0,0,0
20070612,68068,NRWS',OTC,0.46,0.46,335,0,Narrowstep,0,0,0
20070613,68068,NRWS',OTC,0.53,0.53,1176,0,Narrowstep,0,0,0
20070614,68068,NRWS',OTC,0.53,0.53,130,0,Narrowstep,0,0,0
20070615,68068,NRWS',OTC,0.49,0.49,289,0,Narrowstep,0,0,0
20070618,68068,NRWS',OTC,0.44,0.44,818,0,Narrowstep,0,0,0
20070619,68068,NRWS',OTC,0.48,0.48,110,0,Narrowstep,0,0,0
20070620,68068,NRWS',OTC,0.41,0.41,155,0,Narrowstep,0,0,0
20070621,68068,NRWS',OTC,0.47,0.47,9,0,Narrowstep,0,0,0
20070622,68068,NRWS',OTC,0.45,0.45,208,0,Narrowstep,0,0,0
20070625,68068,NRWS',OTC,0.47,0.47,60,0,Narrowstep,0,0,0
20070626,68068,NRWS',OTC,0.4,0.4,1809,0,Narrowstep,0,0,0
20070627,68068,NRWS',OTC,0.51,0.51,91,0,Narrowstep,0,0,0
20070628,68068,NRWS',OTC,0.45,0.45,1004,0,Narrowstep,0,0,0
20070629,68068,NRWS',OTC,0.51,0.51,1055,0,Narrowstep,0,0,0
20070702,68068,NRWS',OTC,0.46,0.46,1369,0,Narrowstep,0,0,0
20070703,68068,NRWS',OTC,0.46,0.46,100,0,Narrowstep,0,0,0
20070705,68068,NRWS',OTC,0.38,0.38,133,0,Narrowstep,0,0,0
20070706,68068,NRWS',OTC,0.41,0.41,213,0,Narrowstep,0,0,0
20070709,68068,NRWS',OTC,0.4,0.4,495,0,Narrowstep,0,0,0
20070710,68068,NRWS',OTC,0.42,0.42,491,0,Narrowstep,0,0,0
20070711,68068,NRWS',OTC,0.42,0.42,196,0,Narrowstep,0,0,0
20070712,68068,NRWS',OTC,0.45,0.45,198,0,Narrowstep,0,0,0
20070713,68068,NRWS',OTC,0.45,0.45,81,0,Narrowstep,0,0,0
20070716,68068,NRWS',OTC,0.45,0.45,0,0,Narrowstep,0,0,0
20070717,68068,NRWS',OTC,0.4,0.4,181,0,Narrowstep,0,0,0
20070718,68068,NRWS',OTC,0.4,0.4,31,0,Narrowstep,0,0,0
20070719,68068,NRWS',OTC,0.4,0.4,418,0,Narrowstep,0,0,0
20070720,68068,NRWS',OTC,0.38,0.38,60,0,Narrowstep,0,0,0
20070723,68068,NRWS',OTC,0.4,0.4,573,0,Narrowstep,0,0,0
20070724,68068,NRWS',OTC,0.3,0.3,827,0,Narrowstep,0,0,0
20070725,68068,NRWS',OTC,0.32,0.32,2018,0,Narrowstep,0,0,0
20070726,68068,NRWS',OTC,0.29,0.29,42,0,Narrowstep,0,0,0
20070727,68068,NRWS',OTC,0.29,0.29,28,0,Narrowstep,0,0,0
20070730,68068,NRWS',OTC,0.35,0.35,60,0,Narrowstep,0,0,0
20070731,68068,NRWS',OTC,0.29,0.29,92,0,Narrowstep,0,0,0
20070801,68068,NRWS',OTC,0.31,0.31,369,0,Narrowstep,0,0,0
20070802,68068,NRWS',OTC,0.31,0.31,139,0,Narrowstep,0,0,0
20070803,68068,NRWS',OTC,0.33,0.33,237,0,Narrowstep,0,0,0
20070806,68068,NRWS',OTC,0.32,0.32,70,0,Narrowstep,0,0,0
20070807,68068,NRWS',OTC,0.35,0.35,123,0,Narrowstep,0,0,0
20070808,68068,NRWS',OTC,0.35,0.35,742,0,Narrowstep,0,0,0
20070809,68068,NRWS',OTC,0.45,0.45,1522,0,Narrowstep,0,0,0
20070810,68068,NRWS',OTC,0.47,0.47,576,0,Narrowstep,0,0,0
20070813,68068,NRWS',OTC,0.5,0.5,4132,0,Narrowstep,0,0,0
20070814,68068,NRWS',OTC,0.5,0.5,321,0,Narrowstep,0,0,0
20070815,68068,NRWS',OTC,0.5,0.5,76,0,Narrowstep,0,0,0
20070816,68068,NRWS',OTC,0.45,0.45,326,0,Narrowstep,0,0,0
20070817,68068,NRWS',OTC,0.42,0.42,146,0,Narrowstep,0,0,0
20070820,68068,NRWS',OTC,0.5,0.5,5,0,Narrowstep,0,0,0
20070821,68068,NRWS',OTC,0.46,0.46,715,0,Narrowstep,0,0,0
20070822,68068,NRWS',OTC,0.5,0.5,210,0,Narrowstep,0,0,0
20070823,68068,NRWS',OTC,0.5,0.5,40,0,Narrowstep,0,0,0
20070824,68068,NRWS',OTC,0.45,0.45,22,0,Narrowstep,0,0,0
20070827,68068,NRWS',OTC,0.51,0.51,224,0,Narrowstep,0,0,0
20070828,68068,NRWS',OTC,0.48,0.48,335,0,Narrowstep,0,0,0
20070829,68068,NRWS',OTC,0.48,0.48,700,0,Narrowstep,0,0,0
20070830,68068,NRWS',OTC,0.48,0.48,478,0,Narrowstep,0,0,0
20070831,68068,NRWS',OTC,0.54,0.54,579,0,Narrowstep,0,0,0
20070904,68068,NRWS',OTC,0.52,0.52,2613,0,Narrowstep,0,0,0
20070905,68068,NRWS',OTC,0.5,0.5,1870,0,Narrowstep,0,0,0
20070906,68068,NRWS',OTC,0.44,0.44,242,0,Narrowstep,0,0,0
20070907,68068,NRWS',OTC,0.47,0.47,52,0,Narrowstep,0,0,0
20070910,68068,NRWS',OTC,0.43,0.43,309,0,Narrowstep,0,0,0
20070911,68068,NRWS',OTC,0.4,0.4,53,0,Narrowstep,0,0,0
20070912,68068,NRWS',OTC,0.4,0.4,41,0,Narrowstep,0,0,0
20070913,68068,NRWS',OTC,0.39,0.39,35,0,Narrowstep,0,0,0
20070914,68068,NRWS',OTC,0.39,0.39,10,0,Narrowstep,0,0,0
20070917,68068,NRWS',OTC,0.39,0.39,100,0,Narrowstep,0,0,0
20070918,68068,NRWS',OTC,0.38,0.38,20,0,Narrowstep,0,0,0
20070919,68068,NRWS',OTC,0.38,0.38,20,0,Narrowstep,0,0,0
20070920,68068,NRWS',OTC,0.38,0.38,40,0,Narrowstep,0,0,0
20070921,68068,NRWS',OTC,0.38,0.38,10,0,Narrowstep,0,0,0
20070924,68068,NRWS',OTC,0.38,0.38,76,0,Narrowstep,0,0,0
20070925,68068,NRWS',OTC,0.48,0.48,181,0,Narrowstep,0,0,0
20070926,68068,NRWS',OTC,0.48,0.48,0,0,Narrowstep,0,0,0
20070927,68068,NRWS',OTC,0.48,0.48,3,0,Narrowstep,0,0,0
20070928,68068,NRWS',OTC,0.54,0.54,676,0,Narrowstep,0,0,0
20071001,68068,NRWS',OTC,0.5,0.5,33,0,Narrowstep,0,0,0
20071002,68068,NRWS',OTC,0.5,0.5,10,0,Narrowstep,0,0,0
20071003,68068,NRWS',OTC,0.48,0.48,41,0,Narrowstep,0,0,0
20071004,68068,NRWS',OTC,0.42,0.42,667,0,Narrowstep,0,0,0
20071005,68068,NRWS',OTC,0.39,0.39,84,0,Narrowstep,0,0,0
20071008,68068,NRWS',OTC,0.35,0.35,50,0,Narrowstep,0,0,0
20071009,68068,NRWS',OTC,0.35,0.35,293,0,Narrowstep,0,0,0
20071010,68068,NRWS',OTC,0.33,0.33,2030,0,Narrowstep,0,0,0
20071011,68068,NRWS',OTC,0.33,0.33,0,0,Narrowstep,0,0,0
20071012,68068,NRWS',OTC,0.35,0.35,1646,0,Narrowstep,0,0,0
20071015,68068,NRWS',OTC,0.32,0.32,208,0,Narrowstep,0,0,0
20071016,68068,NRWS',OTC,0.33,0.33,203,0,Narrowstep,0,0,0
20071017,68068,NRWS',OTC,0.32,0.32,55,0,Narrowstep,0,0,0
20071018,68068,NRWS',OTC,0.31,0.31,316,0,Narrowstep,0,0,0
20071019,68068,NRWS',OTC,0.29,0.29,321,0,Narrowstep,0,0,0
20071022,68068,NRWS',OTC,0.23,0.23,781,0,Narrowstep,0,0,0
20071023,68068,NRWS',OTC,0.26,0.26,50,0,Narrowstep,0,0,0
20071024,68068,NRWS',OTC,0.24,0.24,846,0,Narrowstep,0,0,0
20071025,68068,NRWS',OTC,0.23,0.23,39,0,Narrowstep,0,0,0
20071026,68068,NRWS',OTC,0.21,0.21,974,0,Narrowstep,0,0,0
20071029,68068,NRWS',OTC,0.18,0.18,1961,0,Narrowstep,0,0,0
20071030,68068,NRWS',OTC,0.17,0.17,1428,0,Narrowstep,0,0,0
20071031,68068,NRWS',OTC,0.16,0.16,4740,0,Narrowstep,0,0,0
20071101,68068,NRWS',OTC,0.19,0.19,3815,0,Narrowstep,0,0,0
20071102,68068,NRWS',OTC,0.17,0.17,703,0,Narrowstep,0,0,0
20071105,68068,NRWS',OTC,0.17,0.17,7,0,Narrowstep,0,0,0
20071106,68068,NRWS',OTC,0.2,0.2,2130,0,Narrowstep,0,0,0
20071107,68068,NRWS',OTC,0.2,0.2,13,0,Narrowstep,0,0,0
20071108,68068,NRWS',OTC,0.19,0.19,210,0,Narrowstep,0,0,0
20071109,68068,NRWS',OTC,0.17,0.17,20,0,Narrowstep,0,0,0
20071112,68068,NRWS',OTC,0.18,0.18,969,0,Narrowstep,0,0,0
20071113,68068,NRWS',OTC,0.2,0.2,413,0,Narrowstep,0,0,0
20071114,68068,NRWS',OTC,0.16,0.16,56,0,Narrowstep,0,0,0
20071115,68068,NRWS',OTC,0.17,0.17,95,0,Narrowstep,0,0,0
20071116,68068,NRWS',OTC,0.16,0.16,125,0,Narrowstep,0,0,0
20071119,68068,NRWS',OTC,0.16,0.16,517,0,Narrowstep,0,0,0
20071120,68068,NRWS',OTC,0.16,0.16,121,0,Narrowstep,0,0,0
20071121,68068,NRWS',OTC,0.16,0.16,647,0,Narrowstep,0,0,0
20071123,68068,NRWS',OTC,0.16,0.16,172,0,Narrowstep,0,0,0
20071126,68068,NRWS',OTC,0.16,0.16,30,0,Narrowstep,0,0,0
20071127,68068,NRWS',OTC,0.18,0.18,1252,0,Narrowstep,0,0,0
20071128,68068,NRWS',OTC,0.17,0.17,357,0,Narrowstep,0,0,0
20071129,68068,NRWS',OTC,0.16,0.16,423,0,Narrowstep,0,0,0
20071130,68068,NRWS',OTC,0.16,0.16,9960,0,Narrowstep,0,0,0
20071203,68068,NRWS',OTC,0.15,0.15,1441,0,Narrowstep,0,0,0
20071204,68068,NRWS',OTC,0.13,0.13,283,0,Narrowstep,0,0,0
20071205,68068,NRWS',OTC,0.15,0.15,16,0,Narrowstep,0,0,0
20071206,68068,NRWS',OTC,0.15,0.15,114,0,Narrowstep,0,0,0
20071207,68068,NRWS',OTC,0.13,0.13,220,0,Narrowstep,0,0,0
20071210,68068,NRWS',OTC,0.12,0.12,535,0,Narrowstep,0,0,0
20071211,68068,NRWS',OTC,0.11,0.11,478,0,Narrowstep,0,0,0
20071212,68068,NRWS',OTC,0.12,0.12,680,0,Narrowstep,0,0,0
20071213,68068,NRWS',OTC,0.11,0.11,1050,0,Narrowstep,0,0,0
20071214,68068,NRWS',OTC,0.1,0.1,261,0,Narrowstep,0,0,0
20071217,68068,NRWS',OTC,0.11,0.11,1154,0,Narrowstep,0,0,0
20071218,68068,NRWS',OTC,0.1,0.1,758,0,Narrowstep,0,0,0
20071219,68068,NRWS',OTC,0.09,0.09,12652,0,Narrowstep,0,0,0
20071220,68068,NRWS',OTC,0.1,0.1,520,0,Narrowstep,0,0,0
20071221,68068,NRWS',OTC,0.1,0.1,1839,0,Narrowstep,0,0,0
20071224,68068,NRWS',OTC,0.13,0.13,1471,0,Narrowstep,0,0,0
20071226,68068,NRWS',OTC,0.13,0.13,678,0,Narrowstep,0,0,0
20071227,68068,NRWS',OTC,0.11,0.11,220,0,Narrowstep,0,0,0
20071228,68068,NRWS',OTC,0.12,0.12,518,0,Narrowstep,0,0,0
20071231,68068,NRWS',OTC,0.11,0.11,869,0,Narrowstep,0,0,0
20080102,68068,NRWS',OTC,0.12,0.12,447,0,Narrowstep,0,0,0
20080103,68068,NRWS',OTC,0.12,0.12,0,0,Narrowstep,0,0,0
20080104,68068,NRWS',OTC,0.12,0.12,325,0,Narrowstep,0,0,0
20080107,68068,NRWS',OTC,0.12,0.12,22,0,Narrowstep,0,0,0
20080108,68068,NRWS',OTC,0.11,0.11,307,0,Narrowstep,0,0,0
20080109,68068,NRWS',OTC,0.12,0.12,240,0,Narrowstep,0,0,0
20080110,68068,NRWS',OTC,0.11,0.11,206,0,Narrowstep,0,0,0
20080111,68068,NRWS',OTC,0.11,0.11,500,0,Narrowstep,0,0,0
20080114,68068,NRWS',OTC,0.12,0.12,250,0,Narrowstep,0,0,0
20080115,68068,NRWS',OTC,0.11,0.11,425,0,Narrowstep,0,0,0
20080116,68068,NRWS',OTC,0.11,0.11,0,0,Narrowstep,0,0,0
20080117,68068,NRWS',OTC,0.11,0.11,40,0,Narrowstep,0,0,0
20080118,68068,NRWS',OTC,0.11,0.11,0,0,Narrowstep,0,0,0
20080122,68068,NRWS',OTC,0.11,0.11,380,0,Narrowstep,0,0,0
20080123,68068,NRWS',OTC,0.11,0.11,100,0,Narrowstep,0,0,0
20080124,68068,NRWS',OTC,0.11,0.11,181,0,Narrowstep,0,0,0
20080125,68068,NRWS',OTC,0.11,0.11,577,0,Narrowstep,0,0,0
20080128,68068,NRWS',OTC,0.13,0.13,435,0,Narrowstep,0,0,0
20080129,68068,NRWS',OTC,0.15,0.15,430,0,Narrowstep,0,0,0
20080130,68068,NRWS',OTC,0.15,0.15,95,0,Narrowstep,0,0,0
20080131,68068,NRWS',OTC,0.15,0.15,963,0,Narrowstep,0,0,0
20080201,68068,NRWS',OTC,0.16,0.16,2408,0,Narrowstep,0,0,0
20080204,68068,NRWS',OTC,0.19,0.19,1501,0,Narrowstep,0,0,0
20080205,68068,NRWS',OTC,0.19,0.19,2241,0,Narrowstep,0,0,0
20080206,68068,NRWS',OTC,0.2,0.2,1421,0,Narrowstep,0,0,0
20080207,68068,NRWS',OTC,0.18,0.18,615,0,Narrowstep,0,0,0
20080208,68068,NRWS',OTC,0.18,0.18,470,0,Narrowstep,0,0,0
20080211,68068,NRWS',OTC,0.19,0.19,113,0,Narrowstep,0,0,0
20080212,68068,NRWS',OTC,0.18,0.18,232,0,Narrowstep,0,0,0
20080213,68068,NRWS',OTC,0.18,0.18,191,0,Narrowstep,0,0,0
20080214,68068,NRWS',OTC,0.18,0.18,101,0,Narrowstep,0,0,0
20080215,68068,NRWS',OTC,0.15,0.15,600,0,Narrowstep,0,0,0
20080219,68068,NRWS',OTC,0.15,0.15,140,0,Narrowstep,0,0,0
20080220,68068,NRWS',OTC,0.16,0.16,5,0,Narrowstep,0,0,0
20080221,68068,NRWS',OTC,0.15,0.15,114,0,Narrowstep,0,0,0
20080222,68068,NRWS',OTC,0.15,0.15,710,0,Narrowstep,0,0,0
20080225,68068,NRWS',OTC,0.12,0.12,305,0,Narrowstep,0,0,0
20080226,68068,NRWS',OTC,0.13,0.13,492,0,Narrowstep,0,0,0
20080227,68068,NRWS',OTC,0.13,0.13,0,0,Narrowstep,0,0,0
20080228,68068,NRWS',OTC,0.11,0.11,402,0,Narrowstep,0,0,0
20080229,68068,NRWS',OTC,0.11,0.11,3,0,Narrowstep,0,0,0
20080303,68068,NRWS',OTC,0.12,0.12,263,0,Narrowstep,0,0,0
20080304,68068,NRWS',OTC,0.14,0.14,7,0,Narrowstep,0,0,0
20080305,68068,NRWS',OTC,0.14,0.14,0,0,Narrowstep,0,0,0
20080306,68068,NRWS',OTC,0.14,0.14,0,0,Narrowstep,0,0,0
20080307,68068,NRWS',OTC,0.12,0.12,14,0,Narrowstep,0,0,0
20080310,68068,NRWS',OTC,0.13,0.13,855,0,Narrowstep,0,0,0
20080311,68068,NRWS',OTC,0.14,0.14,60,0,Narrowstep,0,0,0
20080312,68068,NRWS',OTC,0.14,0.14,50,0,Narrowstep,0,0,0
20080313,68068,NRWS',OTC,0.14,0.14,10,0,Narrowstep,0,0,0
20080314,68068,NRWS',OTC,0.13,0.13,36,0,Narrowstep,0,0,0
20080317,68068,NRWS',OTC,0.11,0.11,367,0,Narrowstep,0,0,0
20080318,68068,NRWS',OTC,0.11,0.11,352,0,Narrowstep,0,0,0
20080319,68068,NRWS',OTC,0.1,0.1,200,0,Narrowstep,0,0,0
20080320,68068,NRWS',OTC,0.1,0.1,180,0,Narrowstep,0,0,0
20080324,68068,NRWS',OTC,0.11,0.11,139,0,Narrowstep,0,0,0
20080325,68068,NRWS',OTC,0.08,0.08,594,0,Narrowstep,0,0,0
20080326,68068,NRWS',OTC,0.08,0.08,1385,0,Narrowstep,0,0,0
20080327,68068,NRWS',OTC,0.08,0.08,2477,0,Narrowstep,0,0,0
20080328,68068,NRWS',OTC,0.07,0.07,1785,0,Narrowstep,0,0,0
20080331,68068,NRWS',OTC,0.06,0.06,5917,0,Narrowstep,0,0,0
20080401,68068,NRWS',OTC,0.07,0.07,1079,0,Narrowstep,0,0,0
20080402,68068,NRWS',OTC,0.08,0.08,170,0,Narrowstep,0,0,0
20080403,68068,NRWS',OTC,0.07,0.07,30,0,Narrowstep,0,0,0
20080404,68068,NRWS',OTC,0.07,0.07,1821,0,Narrowstep,0,0,0
20080407,68068,NRWS',OTC,0.07,0.07,293,0,Narrowstep,0,0,0
20080408,68068,NRWS',OTC,0.07,0.07,44,0,Narrowstep,0,0,0
20080409,68068,NRWS',OTC,0.07,0.07,160,0,Narrowstep,0,0,0
20080410,68068,NRWS',OTC,0.07,0.07,448,0,Narrowstep,0,0,0
20080411,68068,NRWS',OTC,0.07,0.07,580,0,Narrowstep,0,0,0
20080414,68068,NRWS',OTC,0.07,0.07,275,0,Narrowstep,0,0,0
20080415,68068,NRWS',OTC,0.06,0.06,802,0,Narrowstep,0,0,0
20080416,68068,NRWS',OTC,0.06,0.06,92,0,Narrowstep,0,0,0
20080417,68068,NRWS',OTC,0.07,0.07,91,0,Narrowstep,0,0,0
20080418,68068,NRWS',OTC,0.05,0.05,339,0,Narrowstep,0,0,0
20080421,68068,NRWS',OTC,0.06,0.06,2150,0,Narrowstep,0,0,0
20080422,68068,NRWS',OTC,0.06,0.06,24,0,Narrowstep,0,0,0
20080423,68068,NRWS',OTC,0.05,0.05,1650,0,Narrowstep,0,0,0
20080424,68068,NRWS',OTC,0.05,0.05,84,0,Narrowstep,0,0,0
20080425,68068,NRWS',OTC,0.05,0.05,1486,0,Narrowstep,0,0,0
20080428,68068,NRWS',OTC,0.06,0.06,75,0,Narrowstep,0,0,0
20080429,68068,NRWS',OTC,0.06,0.06,735,0,Narrowstep,0,0,0
20080430,68068,NRWS',OTC,0.06,0.06,500,0,Narrowstep,0,0,0
20080501,68068,NRWS',OTC,0.05,0.05,250,0,Narrowstep,0,0,0
20080502,68068,NRWS',OTC,0.05,0.05,10,0,Narrowstep,0,0,0
20080505,68068,NRWS',OTC,0.05,0.05,1817,0,Narrowstep,0,0,0
20080506,68068,NRWS',OTC,0.06,0.06,424,0,Narrowstep,0,0,0
20080507,68068,NRWS',OTC,0.06,0.06,30,0,Narrowstep,0,0,0
20080508,68068,NRWS',OTC,0.05,0.05,60,0,Narrowstep,0,0,0
20080509,68068,NRWS',OTC,0.06,0.06,60,0,Narrowstep,0,0,0
20080512,68068,NRWS',OTC,0.06,0.06,470,0,Narrowstep,0,0,0
20080513,68068,NRWS',OTC,0.05,0.05,2860,0,Narrowstep,0,0,0
20080514,68068,NRWS',OTC,0.05,0.05,1087,0,Narrowstep,0,0,0
20080515,68068,NRWS',OTC,0.05,0.05,13218,0,Narrowstep,0,0,0
20080516,68068,NRWS',OTC,0.04,0.04,77,0,Narrowstep,0,0,0
20080519,68068,NRWS',OTC,0.04,0.04,205,0,Narrowstep,0,0,0
20080520,68068,NRWS',OTC,0.05,0.05,10,0,Narrowstep,0,0,0
20080521,68068,NRWS',OTC,0.05,0.05,100,0,Narrowstep,0,0,0
20080522,68068,NRWS',OTC,0.09,0.09,2972,0,Narrowstep,0,0,0
20080523,68068,NRWS',OTC,0.09,0.09,491,0,Narrowstep,0,0,0
20080527,68068,NRWS',OTC,0.06,0.06,184,0,Narrowstep,0,0,0
20080528,68068,NRWS',OTC,0.09,0.09,112,0,Narrowstep,0,0,0
20080529,68068,NRWS',OTC,0.09,0.09,0,0,Narrowstep,0,0,0
20080530,68068,NRWS',OTC,0.06,0.06,674,0,Narrowstep,0,0,0
20080602,68068,NRWS',OTC,0.07,0.07,50,0,Narrowstep,0,0,0
20080603,68068,NRWS',OTC,0.07,0.07,257,0,Narrowstep,0,0,0
20080604,68068,NRWS',OTC,0.06,0.06,32,0,Narrowstep,0,0,0
20080605,68068,NRWS',OTC,0.06,0.06,831,0,Narrowstep,0,0,0
20080606,68068,NRWS',OTC,0.06,0.06,1295,0,Narrowstep,0,0,0
20080609,68068,NRWS',OTC,0.06,0.06,0,0,Narrowstep,0,0,0
20080610,68068,NRWS',OTC,0.06,0.06,9,0,Narrowstep,0,0,0
20080611,68068,NRWS',OTC,0.05,0.05,4,0,Narrowstep,0,0,0
20080612,68068,NRWS',OTC,0.05,0.05,1492,0,Narrowstep,0,0,0
20080613,68068,NRWS',OTC,0.06,0.06,137,0,Narrowstep,0,0,0
20080616,68068,NRWS',OTC,0.06,0.06,154,0,Narrowstep,0,0,0
20080617,68068,NRWS',OTC,0.06,0.06,2002,0,Narrowstep,0,0,0
20080618,68068,NRWS',OTC,0.07,0.07,310,0,Narrowstep,0,0,0
20080619,68068,NRWS',OTC,0.06,0.06,500,0,Narrowstep,0,0,0
20080620,68068,NRWS',OTC,0.05,0.05,250,0,Narrowstep,0,0,0
20080623,68068,NRWS',OTC,0.05,0.05,30,0,Narrowstep,0,0,0
20080624,68068,NRWS',OTC,0.05,0.05,47,0,Narrowstep,0,0,0
20080625,68068,NRWS',OTC,0.05,0.05,100,0,Narrowstep,0,0,0
20080626,68068,NRWS',OTC,0.05,0.05,6,0,Narrowstep,0,0,0
20080627,68068,NRWS',OTC,0.05,0.05,50,0,Narrowstep,0,0,0
20080630,68068,NRWS',OTC,0.06,0.06,20,0,Narrowstep,0,0,0
20080701,68068,NRWS',OTC,0.06,0.06,3,0,Narrowstep,0,0,0
20080702,68068,NRWS',OTC,0.05,0.05,121,0,Narrowstep,0,0,0
20080703,68068,NRWS',OTC,0.05,0.05,0,0,Narrowstep,0,0,0
20080707,68068,NRWS',OTC,0.05,0.05,0,0,Narrowstep,0,0,0
20080708,68068,NRWS',OTC,0.04,0.04,192,0,Narrowstep,0,0,0
20080709,68068,NRWS',OTC,0.04,0.04,180,0,Narrowstep,0,0,0
20080710,68068,NRWS',OTC,0.04,0.04,85,0,Narrowstep,0,0,0
20080711,68068,NRWS',OTC,0.04,0.04,0,0,Narrowstep,0,0,0
20080714,68068,NRWS',OTC,0.04,0.04,0,0,Narrowstep,0,0,0
20080715,68068,NRWS',OTC,0.03,0.03,300,0,Narrowstep,0,0,0
20080716,68068,NRWS',OTC,0.03,0.03,1100,0,Narrowstep,0,0,0
20080717,68068,NRWS',OTC,0.01,0.01,2618,0,Narrowstep,0,0,0
20080718,68068,NRWS',OTC,0.02,0.02,3695,0,Narrowstep,0,0,0
20080721,68068,NRWS',OTC,0.02,0.02,3260,0,Narrowstep,0,0,0
20080722,68068,NRWS',OTC,0.03,0.03,80,0,Narrowstep,0,0,0
20080723,68068,NRWS',OTC,0.04,0.04,323,0,Narrowstep,0,0,0
20080724,68068,NRWS',OTC,0.04,0.04,0,0,Narrowstep,0,0,0
20080725,68068,NRWS',OTC,0.04,0.04,0,0,Narrowstep,0,0,0
20080728,68068,NRWS',OTC,0.03,0.03,10,0,Narrowstep,0,0,0
20080729,68068,NRWS',OTC,0.03,0.03,0,0,Narrowstep,0,0,0
20080730,68068,NRWS',OTC,0.02,0.02,80,0,Narrowstep,0,0,0
20080731,68068,NRWS',OTC,0.02,0.02,266,0,Narrowstep,0,0,0
20080801,68068,NRWS',OTC,0.02,0.02,140,0,Narrowstep,0,0,0
20080804,68068,NRWS',OTC,0.03,0.03,350,0,Narrowstep,0,0,0
20080805,68068,NRWS',OTC,0.02,0.02,61,0,Narrowstep,0,0,0
20080806,68068,NRWS',OTC,0.04,0.04,79,0,Narrowstep,0,0,0
20080807,68068,NRWS',OTC,0.04,0.04,0,0,Narrowstep,0,0,0
20080808,68068,NRWS',OTC,0.03,0.03,50,0,Narrowstep,0,0,0
20080811,68068,NRWS',OTC,0.03,0.03,62,0,Narrowstep,0,0,0
20080812,68068,NRWS',OTC,0.03,0.03,153,0,Narrowstep,0,0,0
20080813,68068,NRWS',OTC,0.02,0.02,147,0,Narrowstep,0,0,0
20080814,68068,NRWS',OTC,0.02,0.02,0,0,Narrowstep,0,0,0
20080815,68068,NRWS',OTC,0.04,0.04,90,0,Narrowstep,0,0,0
20080818,68068,NRWS',OTC,0.03,0.03,10,0,Narrowstep,0,0,0
20080819,68068,NRWS',OTC,0.04,0.04,50,0,Narrowstep,0,0,0
20080820,68068,NRWS',OTC,0.03,0.03,2150,0,Narrowstep,0,0,0
20080821,68068,NRWS',OTC,0.04,0.04,110,0,Narrowstep,0,0,0
20080822,68068,NRWS',OTC,0.04,0.04,986,0,Narrowstep,0,0,0
20080825,68068,NRWS',OTC,0.04,0.04,0,0,Narrowstep,0,0,0
20080826,68068,NRWS',OTC,0.04,0.04,59,0,Narrowstep,0,0,0
20080827,68068,NRWS',OTC,0.02,0.02,13,0,Narrowstep,0,0,0
20080828,68068,NRWS',OTC,0.03,0.03,110,0,Narrowstep,0,0,0
20080829,68068,NRWS',OTC,0.02,0.02,1950,0,Narrowstep,0,0,0
20080902,68068,NRWS',OTC,0.03,0.03,46,0,Narrowstep,0,0,0
20080903,68068,NRWS',OTC,0.03,0.03,0,0,Narrowstep,0,0,0
20080904,68068,NRWS',OTC,0.02,0.02,45,0,Narrowstep,0,0,0
20080905,68068,NRWS',OTC,0.02,0.02,2760,0,Narrowstep,0,0,0
20080908,68068,NRWS',OTC,0.02,0.02,82,0,Narrowstep,0,0,0
20080909,68068,NRWS',OTC,0.02,0.02,46,0,Narrowstep,0,0,0
20080910,68068,NRWS',OTC,0.03,0.03,90,0,Narrowstep,0,0,0
20080911,68068,NRWS',OTC,0.03,0.03,0,0,Narrowstep,0,0,0
20080912,68068,NRWS',OTC,0.03,0.03,0,0,Narrowstep,0,0,0
20080915,68068,NRWS',OTC,0.03,0.03,100,0,Narrowstep,0,0,0
20080916,68068,NRWS',OTC,0.02,0.02,1222,0,Narrowstep,0,0,0
20080917,68068,NRWS',OTC,0.02,0.02,0,0,Narrowstep,0,0,0
20080918,68068,NRWS',OTC,0.03,0.03,59,0,Narrowstep,0,0,0
20080919,68068,NRWS',OTC,0.02,0.02,140,0,Narrowstep,0,0,0
20080922,68068,NRWS',OTC,0.04,0.04,419,0,Narrowstep,0,0,0
20080923,68068,NRWS',OTC,0.03,0.03,1135,0,Narrowstep,0,0,0
20080924,68068,NRWS',OTC,0.03,0.03,1258,0,Narrowstep,0,0,0
20080925,68068,NRWS',OTC,0.04,0.04,1324,0,Narrowstep,0,0,0
20080926,68068,NRWS',OTC,0.03,0.03,1561,0,Narrowstep,0,0,0
20080929,68068,NRWS',OTC,0.03,0.03,537,0,Narrowstep,0,0,0
20080930,68068,NRWS',OTC,0.02,0.02,1536,0,Narrowstep,0,0,0
20081001,68068,NRWS',OTC,0.02,0.02,40,0,Narrowstep,0,0,0
20081002,68068,NRWS',OTC,0.03,0.03,709,0,Narrowstep,0,0,0
20081003,68068,NRWS',OTC,0.03,0.03,0,0,Narrowstep,0,0,0
20081006,68068,NRWS',OTC,0.03,0.03,42,0,Narrowstep,0,0,0
20081007,68068,NRWS',OTC,0.03,0.03,11,0,Narrowstep,0,0,0
20081008,68068,NRWS',OTC,0.03,0.03,20,0,Narrowstep,0,0,0
20081009,68068,NRWS',OTC,0.02,0.02,3023,0,Narrowstep,0,0,0
20081010,68068,NRWS',OTC,0.02,0.02,1499,0,Narrowstep,0,0,0
20081013,68068,NRWS',OTC,0.02,0.02,0,0,Narrowstep,0,0,0
20081014,68068,NRWS',OTC,0.02,0.02,670,0,Narrowstep,0,0,0
20081015,68068,NRWS',OTC,0.02,0.02,141,0,Narrowstep,0,0,0
20081016,68068,NRWS',OTC,0.01,0.01,1706,0,Narrowstep,0,0,0
20081017,68068,NRWS',OTC,0.01,0.01,3176,0,Narrowstep,0,0,0
20081020,68068,NRWS',OTC,0.01,0.01,465,0,Narrowstep,0,0,0
20081021,68068,NRWS',OTC,0.02,0.02,1034,0,Narrowstep,0,0,0
20081022,68068,NRWS',OTC,0.02,0.02,20,0,Narrowstep,0,0,0
20081023,68068,NRWS',OTC,0.01,0.01,166,0,Narrowstep,0,0,0
20081024,68068,NRWS',OTC,0.02,0.02,7327,0,Narrowstep,0,0,0
20081027,68068,NRWS',OTC,0.02,0.02,20,0,Narrowstep,0,0,0
20081028,68068,NRWS',OTC,0.01,0.01,120,0,Narrowstep,0,0,0
20081029,68068,NRWS',OTC,0.02,0.02,90,0,Narrowstep,0,0,0
20081030,68068,NRWS',OTC,0.01,0.01,1470,0,Narrowstep,0,0,0
