DDate,CSINumber,Symbol,Exchange,DClose,UnAdjustedClose,TotalVolume,Cash,MarketName,PTB,PSR,DPS
20050920,68086,EBOF',OTC,0.791666667,4.75,408,0,Earth Biofuels,0,0,0
20050921,68086,EBOF',OTC,0.733333333,4.4,90,0,Earth Biofuels,0,0,0
20050922,68086,EBOF',OTC,0.733333333,4.4,48,0,Earth Biofuels,0,0,0
20050923,68086,EBOF',OTC,0.833333333,5,60,0,Earth Biofuels,0,0,0
20050926,68086,EBOF',OTC,0.766666667,4.6,126,0,Earth Biofuels,0,0,0
20050927,68086,EBOF',OTC,0.833333333,5,600,0,Earth Biofuels,0,0,0
20050928,68086,EBOF',OTC,0.858333333,5.15,636,0,Earth Biofuels,0,0,0
20050929,68086,EBOF',OTC,0.866666667,5.2,516,0,Earth Biofuels,0,0,0
20050930,68086,EBOF',OTC,0.833333333,5,222,0,Earth Biofuels,0,0,0
20051003,68086,EBOF',OTC,0.833333333,5,516,0,Earth Biofuels,0,0,0
20051004,68086,EBOF',OTC,0.808333333,4.85,402,0,Earth Biofuels,0,0,0
20051005,68086,EBOF',OTC,0.816666667,4.9,192,0,Earth Biofuels,0,0,0
20051006,68086,EBOF',OTC,0.75,4.5,1194,0,Earth Biofuels,0,0,0
20051007,68086,EBOF',OTC,0.75,4.5,336,0,Earth Biofuels,0,0,0
20051010,68086,EBOF',OTC,0.75,4.5,78,0,Earth Biofuels,0,0,0
20051011,68086,EBOF',OTC,0.723333333,4.34,138,0,Earth Biofuels,0,0,0
20051012,68086,EBOF',OTC,0.741666667,4.45,162,0,Earth Biofuels,0,0,0
20051013,68086,EBOF',OTC,0.808333333,4.85,762,0,Earth Biofuels,0,0,0
20051014,68086,EBOF',OTC,0.708333333,4.25,282,0,Earth Biofuels,0,0,0
20051017,68086,EBOF',OTC,0.673333333,4.04,240,0,Earth Biofuels,0,0,0
20051018,68086,EBOF',OTC,0.65,3.9,1074,0,Earth Biofuels,0,0,0
20051019,68086,EBOF',OTC,0.683333333,4.1,336,0,Earth Biofuels,0,0,0
20051020,68086,EBOF',OTC,0.666666667,4,66,0,Earth Biofuels,0,0,0
20051021,68086,EBOF',OTC,0.566666667,3.4,798,0,Earth Biofuels,0,0,0
20051024,68086,EBOF',OTC,0.566666667,3.4,0,0,Earth Biofuels,0,0,0
20051025,68086,EBOF',OTC,0.501666667,3.01,990,0,Earth Biofuels,0,0,0
20051026,68086,EBOF',OTC,0.501666667,3.01,0,0,Earth Biofuels,0,0,0
20051027,68086,EBOF',OTC,0.368333333,2.21,2208,0,Earth Biofuels,0,0,0
20051028,68086,EBOF',OTC,0.508333333,3.05,882,0,Earth Biofuels,0,0,0
20051031,68086,EBOF',OTC,0.508333333,3.05,312,0,Earth Biofuels,0,0,0
20051101,68086,EBOF',OTC,0.508333333,3.05,252,0,Earth Biofuels,0,0,0
20051102,68086,EBOF',OTC,0.608333333,3.65,138,0,Earth Biofuels,0,0,0
20051103,68086,EBOF',OTC,0.6,3.6,210,0,Earth Biofuels,0,0,0
20051104,68086,EBOF',OTC,0.583333333,3.5,120,0,Earth Biofuels,0,0,0
20051107,68086,EBOF',OTC,0.5,3,906,0,Earth Biofuels,0,0,0
20051108,68086,EBOF',OTC,0.508333333,3.05,984,0,Earth Biofuels,0,0,0
20051109,68086,EBOF',OTC,0.608333333,3.65,5478,0,Earth Biofuels,0,0,0
20051110,68086,EBOF',OTC,0.566666667,3.4,1410,0,Earth Biofuels,0,0,0
20051111,68086,EBOF',OTC,0.575,3.45,2028,0,Earth Biofuels,0,0,0
20051114,68086,EBOF',OTC,0.7,0.7,1197,0,Earth Biofuels,0,0,0
20051115,68086,EBOF',OTC,0.75,0.75,936,0,Earth Biofuels,0,0,0
20051116,68086,EBOF',OTC,1,1,7008,0,Earth Biofuels,0,0,0
20051117,68086,EBOF',OTC,0.8,0.8,250,0,Earth Biofuels,0,0,0
20051118,68086,EBOF',OTC,0.75,0.75,1330,0,Earth Biofuels,0,0,0
20051121,68086,EBOF',OTC,0.6,0.6,1373,0,Earth Biofuels,0,0,0
20051122,68086,EBOF',OTC,0.59,0.59,219,0,Earth Biofuels,0,0,0
20051123,68086,EBOF',OTC,0.56,0.56,370,0,Earth Biofuels,0,0,0
20051125,68086,EBOF',OTC,0.56,0.56,0,0,Earth Biofuels,0,0,0
20051128,68086,EBOF',OTC,0.57,0.57,505,0,Earth Biofuels,0,0,0
20051129,68086,EBOF',OTC,0.6,0.6,650,0,Earth Biofuels,0,0,0
20051130,68086,EBOF',OTC,0.77,0.77,2676,0,Earth Biofuels,0,0,0
20051201,68086,EBOF',OTC,0.66,0.66,978,0,Earth Biofuels,0,0,0
20051202,68086,EBOF',OTC,0.7,0.7,1199,0,Earth Biofuels,0,0,0
20051205,68086,EBOF',OTC,0.64,0.64,1461,0,Earth Biofuels,0,0,0
20051206,68086,EBOF',OTC,0.68,0.68,837,0,Earth Biofuels,0,0,0
20051207,68086,EBOF',OTC,0.63,0.63,471,0,Earth Biofuels,0,0,0
20051208,68086,EBOF',OTC,0.59,0.59,275,0,Earth Biofuels,0,0,0
20051209,68086,EBOF',OTC,0.66,0.66,785,0,Earth Biofuels,0,0,0
20051212,68086,EBOF',OTC,0.62,0.62,413,0,Earth Biofuels,0,0,0
20051213,68086,EBOF',OTC,0.59,0.59,1133,0,Earth Biofuels,0,0,0
20051214,68086,EBOF',OTC,0.53,0.53,4980,0,Earth Biofuels,0,0,0
20051215,68086,EBOF',OTC,0.52,0.52,746,0,Earth Biofuels,0,0,0
20051216,68086,EBOF',OTC,0.49,0.49,11391,0,Earth Biofuels,0,0,0
20051219,68086,EBOF',OTC,0.54,0.54,485,0,Earth Biofuels,0,0,0
20051220,68086,EBOF',OTC,0.5,0.5,165,0,Earth Biofuels,0,0,0
20051221,68086,EBOF',OTC,0.52,0.52,57,0,Earth Biofuels,0,0,0
20051222,68086,EBOF',OTC,0.46,0.46,788,0,Earth Biofuels,0,0,0
20051223,68086,EBOF',OTC,0.46,0.46,532,0,Earth Biofuels,0,0,0
20051227,68086,EBOF',OTC,0.43,0.43,706,0,Earth Biofuels,0,0,0
20051228,68086,EBOF',OTC,0.42,0.42,1642,0,Earth Biofuels,0,0,0
20051229,68086,EBOF',OTC,0.43,0.43,864,0,Earth Biofuels,0,0,0
20051230,68086,EBOF',OTC,0.43,0.43,1682,0,Earth Biofuels,0,0,0
20060103,68086,EBOF',OTC,0.51,0.51,1130,0,Earth Biofuels,0,0,0
20060104,68086,EBOF',OTC,0.51,0.51,442,0,Earth Biofuels,0,0,0
20060105,68086,EBOF',OTC,0.46,0.46,294,0,Earth Biofuels,0,0,0
20060106,68086,EBOF',OTC,0.45,0.45,633,0,Earth Biofuels,0,0,0
20060109,68086,EBOF',OTC,0.44,0.44,784,0,Earth Biofuels,0,0,0
20060110,68086,EBOF',OTC,0.42,0.42,1290,0,Earth Biofuels,0,0,0
20060111,68086,EBOF',OTC,0.43,0.43,296,0,Earth Biofuels,0,0,0
20060112,68086,EBOF',OTC,0.42,0.42,266,0,Earth Biofuels,0,0,0
20060113,68086,EBOF',OTC,0.4,0.4,275,0,Earth Biofuels,0,0,0
20060117,68086,EBOF',OTC,0.41,0.41,467,0,Earth Biofuels,0,0,0
20060118,68086,EBOF',OTC,0.52,0.52,4421,0,Earth Biofuels,0,0,0
20060119,68086,EBOF',OTC,0.51,0.51,814,0,Earth Biofuels,0,0,0
20060120,68086,EBOF',OTC,0.52,0.52,296,0,Earth Biofuels,0,0,0
20060123,68086,EBOF',OTC,0.55,0.55,737,0,Earth Biofuels,0,0,0
20060124,68086,EBOF',OTC,0.54,0.54,177,0,Earth Biofuels,0,0,0
20060125,68086,EBOF',OTC,0.5,0.5,762,0,Earth Biofuels,0,0,0
20060126,68086,EBOF',OTC,0.55,0.55,183,0,Earth Biofuels,0,0,0
20060127,68086,EBOF',OTC,0.49,0.49,1019,0,Earth Biofuels,0,0,0
20060130,68086,EBOF',OTC,0.72,0.72,2831,0,Earth Biofuels,0,0,0
20060131,68086,EBOF',OTC,0.86,0.86,2610,0,Earth Biofuels,0,0,0
20060201,68086,EBOF',OTC,0.83,0.83,1864,0,Earth Biofuels,0,0,0
20060202,68086,EBOF',OTC,0.9,0.9,1210,0,Earth Biofuels,0,0,0
20060203,68086,EBOF',OTC,0.9,0.9,554,0,Earth Biofuels,0,0,0
20060206,68086,EBOF',OTC,1.13,1.13,4370,0,Earth Biofuels,0,0,0
20060207,68086,EBOF',OTC,1.2,1.2,3428,0,Earth Biofuels,0,0,0
20060208,68086,EBOF',OTC,1.05,1.05,2784,0,Earth Biofuels,0,0,0
20060209,68086,EBOF',OTC,1.06,1.06,1642,0,Earth Biofuels,0,0,0
20060210,68086,EBOF',OTC,1,1,1674,0,Earth Biofuels,0,0,0
20060213,68086,EBOF',OTC,0.97,0.97,733,0,Earth Biofuels,0,0,0
20060214,68086,EBOF',OTC,0.97,0.97,1078,0,Earth Biofuels,0,0,0
20060215,68086,EBOF',OTC,0.9,0.9,4635,0,Earth Biofuels,0,0,0
20060216,68086,EBOF',OTC,0.8,0.8,1953,0,Earth Biofuels,0,0,0
20060217,68086,EBOF',OTC,0.75,0.75,1161,0,Earth Biofuels,0,0,0
20060221,68086,EBOF',OTC,0.75,0.75,2075,0,Earth Biofuels,0,0,0
20060222,68086,EBOF',OTC,0.69,0.69,1919,0,Earth Biofuels,0,0,0
20060223,68086,EBOF',OTC,0.84,0.84,850,0,Earth Biofuels,0,0,0
20060224,68086,EBOF',OTC,0.88,0.88,2619,0,Earth Biofuels,0,0,0
20060227,68086,EBOF',OTC,0.9,0.9,3120,0,Earth Biofuels,0,0,0
20060228,68086,EBOF',OTC,0.95,0.95,354,0,Earth Biofuels,0,0,0
20060301,68086,EBOF',OTC,0.97,0.97,655,0,Earth Biofuels,0,0,0
20060302,68086,EBOF',OTC,1.06,1.06,1079,0,Earth Biofuels,0,0,0
20060303,68086,EBOF',OTC,1.01,1.01,2279,0,Earth Biofuels,0,0,0
20060306,68086,EBOF',OTC,1.01,1.01,1759,0,Earth Biofuels,0,0,0
20060307,68086,EBOF',OTC,0.98,0.98,2380,0,Earth Biofuels,0,0,0
20060308,68086,EBOF',OTC,1,1,436,0,Earth Biofuels,0,0,0
20060309,68086,EBOF',OTC,0.98,0.98,992,0,Earth Biofuels,0,0,0
20060310,68086,EBOF',OTC,0.98,0.98,1669,0,Earth Biofuels,0,0,0
20060313,68086,EBOF',OTC,0.99,0.99,1580,0,Earth Biofuels,0,0,0
20060314,68086,EBOF',OTC,1.13,1.13,4602,0,Earth Biofuels,0,0,0
20060315,68086,EBOF',OTC,1.29,1.29,4611,0,Earth Biofuels,0,0,0
20060316,68086,EBOF',OTC,1.48,1.48,4341,0,Earth Biofuels,0,0,0
20060317,68086,EBOF',OTC,1.59,1.59,1714,0,Earth Biofuels,0,0,0
20060320,68086,EBOF',OTC,1.79,1.79,3195,0,Earth Biofuels,0,0,0
20060321,68086,EBOF',OTC,1.81,1.81,3728,0,Earth Biofuels,0,0,0
20060322,68086,EBOF',OTC,1.75,1.75,2178,0,Earth Biofuels,0,0,0
20060323,68086,EBOF',OTC,1.84,1.84,1332,0,Earth Biofuels,0,0,0
20060324,68086,EBOF',OTC,2.25,2.25,4335,0,Earth Biofuels,0,0,0
20060327,68086,EBOF',OTC,2.75,2.75,6088,0,Earth Biofuels,0,0,0
20060328,68086,EBOF',OTC,2.25,2.25,8398,0,Earth Biofuels,0,0,0
20060329,68086,EBOF',OTC,2.37,2.37,3731,0,Earth Biofuels,0,0,0
20060330,68086,EBOF',OTC,2.45,2.45,1918,0,Earth Biofuels,0,0,0
20060331,68086,EBOF',OTC,2.63,2.63,2790,0,Earth Biofuels,0,0,0
20060403,68086,EBOF',OTC,2.23,2.23,4315,0,Earth Biofuels,0,0,0
20060404,68086,EBOF',OTC,1.98,1.98,5764,0,Earth Biofuels,0,0,0
20060405,68086,EBOF',OTC,2.25,2.25,8403,0,Earth Biofuels,0,0,0
20060406,68086,EBOF',OTC,2.36,2.36,2946,0,Earth Biofuels,0,0,0
20060407,68086,EBOF',OTC,2.54,2.54,3669,0,Earth Biofuels,0,0,0
20060410,68086,EBOF',OTC,2.65,2.65,4800,0,Earth Biofuels,0,0,0
20060411,68086,EBOF',OTC,2.75,2.75,2155,0,Earth Biofuels,0,0,0
20060412,68086,EBOF',OTC,2.63,2.63,2512,0,Earth Biofuels,0,0,0
20060413,68086,EBOF',OTC,2.55,2.55,1726,0,Earth Biofuels,0,0,0
20060417,68086,EBOF',OTC,2.66,2.66,1928,0,Earth Biofuels,0,0,0
20060418,68086,EBOF',OTC,2.49,2.49,3358,0,Earth Biofuels,0,0,0
20060419,68086,EBOF',OTC,2.41,2.41,1506,0,Earth Biofuels,0,0,0
20060420,68086,EBOF',OTC,2.31,2.31,1059,0,Earth Biofuels,0,0,0
20060421,68086,EBOF',OTC,2.43,2.43,1218,0,Earth Biofuels,0,0,0
20060424,68086,EBOF',OTC,2.55,2.55,1677,0,Earth Biofuels,0,0,0
20060425,68086,EBOF',OTC,3.03,3.03,7150,0,Earth Biofuels,0,0,0
20060426,68086,EBOF',OTC,3.65,3.65,14733,0,Earth Biofuels,0,0,0
20060427,68086,EBOF',OTC,3.98,3.98,7838,0,Earth Biofuels,0,0,0
20060428,68086,EBOF',OTC,3.52,3.52,5922,0,Earth Biofuels,0,0,0
20060501,68086,EBOF',OTC,3.81,3.81,2472,0,Earth Biofuels,0,0,0
20060502,68086,EBOF',OTC,4.3,4.3,5603,0,Earth Biofuels,0,0,0
20060503,68086,EBOF',OTC,4.4,4.4,5985,0,Earth Biofuels,0,0,0
20060504,68086,EBOF',OTC,4.12,4.12,3158,0,Earth Biofuels,0,0,0
20060505,68086,EBOF',OTC,4.4,4.4,2594,0,Earth Biofuels,0,0,0
20060508,68086,EBOF',OTC,4.85,4.85,3703,0,Earth Biofuels,0,0,0
20060509,68086,EBOF',OTC,5.6,5.6,9433,0,Earth Biofuels,0,0,0
20060510,68086,EBOF',OTC,6.75,6.75,7962,0,Earth Biofuels,0,0,0
20060511,68086,EBOF',OTC,6.07,6.07,14264,0,Earth Biofuels,0,0,0
20060512,68086,EBOF',OTC,5.35,5.35,8887,0,Earth Biofuels,0,0,0
20060515,68086,EBOF',OTC,4.39,4.39,7029,0,Earth Biofuels,0,0,0
20060516,68086,EBOF',OTC,5.05,5.05,5069,0,Earth Biofuels,0,0,0
20060517,68086,EBOF',OTC,4.83,4.83,3878,0,Earth Biofuels,0,0,0
20060518,68086,EBOF',OTC,4.38,4.38,2577,0,Earth Biofuels,0,0,0
20060519,68086,EBOF',OTC,4.1,4.1,7631,0,Earth Biofuels,0,0,0
20060522,68086,EBOF',OTC,3.52,3.52,3675,0,Earth Biofuels,0,0,0
20060523,68086,EBOF',OTC,3.22,3.22,11633,0,Earth Biofuels,0,0,0
20060524,68086,EBOF',OTC,3.33,3.33,7164,0,Earth Biofuels,0,0,0
20060525,68086,EBOF',OTC,3.4,3.4,3058,0,Earth Biofuels,0,0,0
20060526,68086,EBOF',OTC,3.24,3.24,2037,0,Earth Biofuels,0,0,0
20060530,68086,EBOF',OTC,3.2,3.2,1558,0,Earth Biofuels,0,0,0
20060531,68086,EBOF',OTC,2.92,2.92,5997,0,Earth Biofuels,0,0,0
20060601,68086,EBOF',OTC,2.65,2.65,7697,0,Earth Biofuels,0,0,0
20060602,68086,EBOF',OTC,2.51,2.51,3371,0,Earth Biofuels,0,0,0
20060605,68086,EBOF',OTC,2.7,2.7,5533,0,Earth Biofuels,0,0,0
20060606,68086,EBOF',OTC,2.67,2.67,3710,0,Earth Biofuels,0,0,0
20060607,68086,EBOF',OTC,2.6,2.6,2533,0,Earth Biofuels,0,0,0
20060608,68086,EBOF',OTC,2.49,2.49,4563,0,Earth Biofuels,0,0,0
20060609,68086,EBOF',OTC,2.37,2.37,3349,0,Earth Biofuels,0,0,0
20060612,68086,EBOF',OTC,2.08,2.08,3720,0,Earth Biofuels,0,0,0
20060613,68086,EBOF',OTC,2.06,2.06,4229,0,Earth Biofuels,0,0,0
20060614,68086,EBOF',OTC,2.05,2.05,2468,0,Earth Biofuels,0,0,0
20060615,68086,EBOF',OTC,2.21,2.21,2243,0,Earth Biofuels,0,0,0
20060616,68086,EBOF',OTC,2.43,2.43,2439,0,Earth Biofuels,0,0,0
20060619,68086,EBOF',OTC,2.88,2.88,3888,0,Earth Biofuels,0,0,0
20060620,68086,EBOF',OTC,2.83,2.83,2007,0,Earth Biofuels,0,0,0
20060621,68086,EBOF',OTC,2.68,2.68,1134,0,Earth Biofuels,0,0,0
20060622,68086,EBOF',OTC,2.75,2.75,763,0,Earth Biofuels,0,0,0
20060623,68086,EBOF',OTC,2.9,2.9,1105,0,Earth Biofuels,0,0,0
20060626,68086,EBOF',OTC,3,3,3040,0,Earth Biofuels,0,0,0
20060627,68086,EBOF',OTC,2.89,2.89,883,0,Earth Biofuels,0,0,0
20060628,68086,EBOF',OTC,2.77,2.77,1287,0,Earth Biofuels,0,0,0
20060629,68086,EBOF',OTC,2.89,2.89,1120,0,Earth Biofuels,0,0,0
20060630,68086,EBOF',OTC,2.92,2.92,1748,0,Earth Biofuels,0,0,0
20060703,68086,EBOF',OTC,2.99,2.99,434,0,Earth Biofuels,0,0,0
20060705,68086,EBOF',OTC,3.08,3.08,1123,0,Earth Biofuels,0,0,0
20060706,68086,EBOF',OTC,3.07,3.07,990,0,Earth Biofuels,0,0,0
20060707,68086,EBOF',OTC,2.95,2.95,563,0,Earth Biofuels,0,0,0
20060710,68086,EBOF',OTC,2.84,2.84,539,0,Earth Biofuels,0,0,0
20060711,68086,EBOF',OTC,2.65,2.65,1570,0,Earth Biofuels,0,0,0
20060712,68086,EBOF',OTC,2.58,2.58,1163,0,Earth Biofuels,0,0,0
20060713,68086,EBOF',OTC,2.49,2.49,963,0,Earth Biofuels,0,0,0
20060714,68086,EBOF',OTC,2.55,2.55,690,0,Earth Biofuels,0,0,0
20060717,68086,EBOF',OTC,2.62,2.62,321,0,Earth Biofuels,0,0,0
20060718,68086,EBOF',OTC,2.8,2.8,1493,0,Earth Biofuels,0,0,0
20060719,68086,EBOF',OTC,3.13,3.13,2193,0,Earth Biofuels,0,0,0
20060720,68086,EBOF',OTC,3.66,3.66,5616,0,Earth Biofuels,0,0,0
20060721,68086,EBOF',OTC,3.41,3.41,2681,0,Earth Biofuels,0,0,0
20060724,68086,EBOF',OTC,3.19,3.19,1955,0,Earth Biofuels,0,0,0
20060725,68086,EBOF',OTC,2.92,2.92,1972,0,Earth Biofuels,0,0,0
20060726,68086,EBOF',OTC,3.02,3.02,603,0,Earth Biofuels,0,0,0
20060727,68086,EBOF',OTC,3.2,3.2,1655,0,Earth Biofuels,0,0,0
20060728,68086,EBOF',OTC,3.32,3.32,1110,0,Earth Biofuels,0,0,0
20060731,68086,EBOF',OTC,3.12,3.12,813,0,Earth Biofuels,0,0,0
20060801,68086,EBOF',OTC,3.2,3.2,976,0,Earth Biofuels,0,0,0
20060802,68086,EBOF',OTC,3.21,3.21,702,0,Earth Biofuels,0,0,0
20060803,68086,EBOF',OTC,3.2,3.2,230,0,Earth Biofuels,0,0,0
20060804,68086,EBOF',OTC,3.23,3.23,471,0,Earth Biofuels,0,0,0
20060807,68086,EBOF',OTC,3.35,3.35,1212,0,Earth Biofuels,0,0,0
20060808,68086,EBOF',OTC,3.28,3.28,1053,0,Earth Biofuels,0,0,0
20060809,68086,EBOF',OTC,3.28,3.28,517,0,Earth Biofuels,0,0,0
20060810,68086,EBOF',OTC,3.33,3.33,633,0,Earth Biofuels,0,0,0
20060811,68086,EBOF',OTC,3.29,3.29,363,0,Earth Biofuels,0,0,0
20060814,68086,EBOF',OTC,3.2,3.2,738,0,Earth Biofuels,0,0,0
20060815,68086,EBOF',OTC,3.2,3.2,440,0,Earth Biofuels,0,0,0
20060816,68086,EBOF',OTC,3.06,3.06,443,0,Earth Biofuels,0,0,0
20060817,68086,EBOF',OTC,2.97,2.97,1821,0,Earth Biofuels,0,0,0
20060818,68086,EBOF',OTC,2.97,2.97,461,0,Earth Biofuels,0,0,0
20060821,68086,EBOF',OTC,2.94,2.94,496,0,Earth Biofuels,0,0,0
20060822,68086,EBOF',OTC,2.75,2.75,1380,0,Earth Biofuels,0,0,0
20060823,68086,EBOF',OTC,2.65,2.65,1418,0,Earth Biofuels,0,0,0
20060824,68086,EBOF',OTC,2.7,2.7,282,0,Earth Biofuels,0,0,0
20060825,68086,EBOF',OTC,2.68,2.68,1361,0,Earth Biofuels,0,0,0
20060828,68086,EBOF',OTC,2.51,2.51,1746,0,Earth Biofuels,0,0,0
20060829,68086,EBOF',OTC,2.75,2.75,2697,0,Earth Biofuels,0,0,0
20060830,68086,EBOF',OTC,2.7,2.7,479,0,Earth Biofuels,0,0,0
20060831,68086,EBOF',OTC,2.7,2.7,243,0,Earth Biofuels,0,0,0
20060901,68086,EBOF',OTC,2.72,2.72,547,0,Earth Biofuels,0,0,0
20060905,68086,EBOF',OTC,2.52,2.52,817,0,Earth Biofuels,0,0,0
20060906,68086,EBOF',OTC,2.5,2.5,658,0,Earth Biofuels,0,0,0
20060907,68086,EBOF',OTC,2.55,2.55,178,0,Earth Biofuels,0,0,0
20060908,68086,EBOF',OTC,2.5,2.5,963,0,Earth Biofuels,0,0,0
20060911,68086,EBOF',OTC,2.4,2.4,303,0,Earth Biofuels,0,0,0
20060912,68086,EBOF',OTC,2.43,2.43,812,0,Earth Biofuels,0,0,0
20060913,68086,EBOF',OTC,2.41,2.41,397,0,Earth Biofuels,0,0,0
20060914,68086,EBOF',OTC,2.32,2.32,361,0,Earth Biofuels,0,0,0
20060915,68086,EBOF',OTC,2.37,2.37,210,0,Earth Biofuels,0,0,0
20060918,68086,EBOF',OTC,2.37,2.37,215,0,Earth Biofuels,0,0,0
20060919,68086,EBOF',OTC,2.35,2.35,801,0,Earth Biofuels,0,0,0
20060920,68086,EBOF',OTC,2.17,2.17,1284,0,Earth Biofuels,0,0,0
20060921,68086,EBOF',OTC,2.34,2.34,1113,0,Earth Biofuels,0,0,0
20060922,68086,EBOF',OTC,2.35,2.35,413,0,Earth Biofuels,0,0,0
20060925,68086,EBOF',OTC,2.21,2.21,508,0,Earth Biofuels,0,0,0
20060926,68086,EBOF',OTC,2.25,2.25,594,0,Earth Biofuels,0,0,0
20060927,68086,EBOF',OTC,2.32,2.32,696,0,Earth Biofuels,0,0,0
20060928,68086,EBOF',OTC,2.3,2.3,333,0,Earth Biofuels,0,0,0
20060929,68086,EBOF',OTC,2.34,2.34,874,0,Earth Biofuels,0,0,0
20061002,68086,EBOF',OTC,2.25,2.25,3813,0,Earth Biofuels,0,0,0
20061003,68086,EBOF',OTC,2.15,2.15,1982,0,Earth Biofuels,0,0,0
20061004,68086,EBOF',OTC,1.99,1.99,3035,0,Earth Biofuels,0,0,0
20061005,68086,EBOF',OTC,1.91,1.91,6682,0,Earth Biofuels,0,0,0
20061006,68086,EBOF',OTC,1.8,1.8,3367,0,Earth Biofuels,0,0,0
20061009,68086,EBOF',OTC,1.55,1.55,2230,0,Earth Biofuels,0,0,0
20061010,68086,EBOF',OTC,1.58,1.58,5010,0,Earth Biofuels,0,0,0
20061011,68086,EBOF',OTC,1.86,1.86,3886,0,Earth Biofuels,0,0,0
20061012,68086,EBOF',OTC,2.25,2.25,3280,0,Earth Biofuels,0,0,0
20061013,68086,EBOF',OTC,2.28,2.28,3717,0,Earth Biofuels,0,0,0
20061016,68086,EBOF',OTC,2.25,2.25,1003,0,Earth Biofuels,0,0,0
20061017,68086,EBOF',OTC,2.09,2.09,1369,0,Earth Biofuels,0,0,0
20061018,68086,EBOF',OTC,2.05,2.05,980,0,Earth Biofuels,0,0,0
20061019,68086,EBOF',OTC,2.1,2.1,327,0,Earth Biofuels,0,0,0
20061020,68086,EBOF',OTC,2.21,2.21,449,0,Earth Biofuels,0,0,0
20061023,68086,EBOF',OTC,2.1,2.1,913,0,Earth Biofuels,0,0,0
20061024,68086,EBOF',OTC,2.16,2.16,875,0,Earth Biofuels,0,0,0
20061025,68086,EBOF',OTC,2.11,2.11,308,0,Earth Biofuels,0,0,0
20061026,68086,EBOF',OTC,2.1,2.1,313,0,Earth Biofuels,0,0,0
20061027,68086,EBOF',OTC,2.06,2.06,961,0,Earth Biofuels,0,0,0
20061030,68086,EBOF',OTC,1.91,1.91,1118,0,Earth Biofuels,0,0,0
20061031,68086,EBOF',OTC,1.87,1.87,1939,0,Earth Biofuels,0,0,0
20061101,68086,EBOF',OTC,1.76,1.76,714,0,Earth Biofuels,0,0,0
20061102,68086,EBOF',OTC,1.86,1.86,554,0,Earth Biofuels,0,0,0
20061103,68086,EBOF',OTC,1.79,1.79,473,0,Earth Biofuels,0,0,0
20061106,68086,EBOF',OTC,1.83,1.83,771,0,Earth Biofuels,0,0,0
20061107,68086,EBOF',OTC,1.88,1.88,620,0,Earth Biofuels,0,0,0
20061108,68086,EBOF',OTC,2.05,2.05,2213,0,Earth Biofuels,0,0,0
20061109,68086,EBOF',OTC,2.16,2.16,2904,0,Earth Biofuels,0,0,0
20061110,68086,EBOF',OTC,2.15,2.15,644,0,Earth Biofuels,0,0,0
20061113,68086,EBOF',OTC,2.1,2.1,2180,0,Earth Biofuels,0,0,0
20061114,68086,EBOF',OTC,1.99,1.99,1254,0,Earth Biofuels,0,0,0
20061115,68086,EBOF',OTC,1.93,1.93,2748,0,Earth Biofuels,0,0,0
20061116,68086,EBOF',OTC,1.9,1.9,510,0,Earth Biofuels,0,0,0
20061117,68086,EBOF',OTC,1.81,1.81,3869,0,Earth Biofuels,0,0,0
20061120,68086,EBOF',OTC,1.76,1.76,780,0,Earth Biofuels,0,0,0
20061121,68086,EBOF',OTC,1.84,1.84,6145,0,Earth Biofuels,0,0,0
20061122,68086,EBOF',OTC,1.99,1.99,7833,0,Earth Biofuels,0,0,0
20061124,68086,EBOF',OTC,2.07,2.07,1854,0,Earth Biofuels,0,0,0
20061127,68086,EBOF',OTC,1.89,1.89,988,0,Earth Biofuels,0,0,0
20061128,68086,EBOF',OTC,1.92,1.92,1708,0,Earth Biofuels,0,0,0
20061129,68086,EBOF',OTC,1.92,1.92,1335,0,Earth Biofuels,0,0,0
20061130,68086,EBOF',OTC,1.84,1.84,1231,0,Earth Biofuels,0,0,0
20061201,68086,EBOF',OTC,1.8,1.8,746,0,Earth Biofuels,0,0,0
20061204,68086,EBOF',OTC,1.8,1.8,3172,0,Earth Biofuels,0,0,0
20061205,68086,EBOF',OTC,1.76,1.76,1356,0,Earth Biofuels,0,0,0
20061206,68086,EBOF',OTC,1.75,1.75,1126,0,Earth Biofuels,0,0,0
20061207,68086,EBOF',OTC,1.76,1.76,785,0,Earth Biofuels,0,0,0
20061208,68086,EBOF',OTC,1.73,1.73,357,0,Earth Biofuels,0,0,0
20061211,68086,EBOF',OTC,1.74,1.74,6184,0,Earth Biofuels,0,0,0
20061212,68086,EBOF',OTC,1.69,1.69,2700,0,Earth Biofuels,0,0,0
20061213,68086,EBOF',OTC,1.67,1.67,699,0,Earth Biofuels,0,0,0
20061214,68086,EBOF',OTC,1.7,1.7,1094,0,Earth Biofuels,0,0,0
20061215,68086,EBOF',OTC,1.68,1.68,1781,0,Earth Biofuels,0,0,0
20061218,68086,EBOF',OTC,1.57,1.57,2913,0,Earth Biofuels,0,0,0
20061219,68086,EBOF',OTC,1.38,1.38,4659,0,Earth Biofuels,0,0,0
20061220,68086,EBOF',OTC,1.52,1.52,7421,0,Earth Biofuels,0,0,0
20061221,68086,EBOF',OTC,1.43,1.43,3357,0,Earth Biofuels,0,0,0
20061222,68086,EBOF',OTC,1.44,1.44,1677,0,Earth Biofuels,0,0,0
20061226,68086,EBOF',OTC,1.38,1.38,869,0,Earth Biofuels,0,0,0
20061227,68086,EBOF',OTC,1.29,1.29,2150,0,Earth Biofuels,0,0,0
20061228,68086,EBOF',OTC,1.27,1.27,3094,0,Earth Biofuels,0,0,0
20061229,68086,EBOF',OTC,1.08,1.08,8706,0,Earth Biofuels,0,0,0
20070103,68086,EBOF',OTC,0.95,0.95,14234,0,Earth Biofuels,0,0,0
20070104,68086,EBOF',OTC,0.79,0.79,13553,0,Earth Biofuels,0,0,0
20070105,68086,EBOF',OTC,0.64,0.64,16183,0,Earth Biofuels,0,0,0
20070108,68086,EBOF',OTC,0.66,0.66,27910,0,Earth Biofuels,0,0,0
20070109,68086,EBOF',OTC,0.69,0.69,14690,0,Earth Biofuels,0,0,0
20070110,68086,EBOF',OTC,0.65,0.65,5156,0,Earth Biofuels,0,0,0
20070111,68086,EBOF',OTC,0.61,0.61,6670,0,Earth Biofuels,0,0,0
20070112,68086,EBOF',OTC,0.69,0.69,8928,0,Earth Biofuels,0,0,0
20070116,68086,EBOF',OTC,0.81,0.81,16643,0,Earth Biofuels,0,0,0
20070117,68086,EBOF',OTC,0.68,0.68,12964,0,Earth Biofuels,0,0,0
20070118,68086,EBOF',OTC,0.69,0.69,10503,0,Earth Biofuels,0,0,0
20070119,68086,EBOF',OTC,0.65,0.65,8681,0,Earth Biofuels,0,0,0
20070122,68086,EBOF',OTC,0.69,0.69,15812,0,Earth Biofuels,0,0,0
20070123,68086,EBOF',OTC,0.8,0.8,25884,0,Earth Biofuels,0,0,0
20070124,68086,EBOF',OTC,0.65,0.65,33933,0,Earth Biofuels,0,0,0
20070125,68086,EBOF',OTC,0.56,0.56,31854,0,Earth Biofuels,0,0,0
20070126,68086,EBOF',OTC,0.62,0.62,13723,0,Earth Biofuels,0,0,0
20070129,68086,EBOF',OTC,0.57,0.57,11713,0,Earth Biofuels,0,0,0
20070130,68086,EBOF',OTC,0.57,0.57,8336,0,Earth Biofuels,0,0,0
20070131,68086,EBOF',OTC,0.56,0.56,8166,0,Earth Biofuels,0,0,0
20070201,68086,EBOF',OTC,0.56,0.56,4401,0,Earth Biofuels,0,0,0
20070202,68086,EBOF',OTC,0.58,0.58,5662,0,Earth Biofuels,0,0,0
20070205,68086,EBOF',OTC,0.6,0.6,9662,0,Earth Biofuels,0,0,0
20070206,68086,EBOF',OTC,0.53,0.53,13305,0,Earth Biofuels,0,0,0
20070207,68086,EBOF',OTC,0.53,0.53,12441,0,Earth Biofuels,0,0,0
20070208,68086,EBOF',OTC,0.52,0.52,7447,0,Earth Biofuels,0,0,0
20070209,68086,EBOF',OTC,0.51,0.51,2461,0,Earth Biofuels,0,0,0
20070212,68086,EBOF',OTC,0.52,0.52,4447,0,Earth Biofuels,0,0,0
20070213,68086,EBOF',OTC,0.51,0.51,3991,0,Earth Biofuels,0,0,0
20070214,68086,EBOF',OTC,0.43,0.43,12513,0,Earth Biofuels,0,0,0
20070215,68086,EBOF',OTC,0.44,0.44,4789,0,Earth Biofuels,0,0,0
20070216,68086,EBOF',OTC,0.45,0.45,6224,0,Earth Biofuels,0,0,0
20070220,68086,EBOF',OTC,0.46,0.46,8637,0,Earth Biofuels,0,0,0
20070221,68086,EBOF',OTC,0.45,0.45,7114,0,Earth Biofuels,0,0,0
20070222,68086,EBOF',OTC,0.43,0.43,8120,0,Earth Biofuels,0,0,0
20070223,68086,EBOF',OTC,0.39,0.39,14222,0,Earth Biofuels,0,0,0
20070226,68086,EBOF',OTC,0.37,0.37,8301,0,Earth Biofuels,0,0,0
20070227,68086,EBOF',OTC,0.36,0.36,10674,0,Earth Biofuels,0,0,0
20070228,68086,EBOF',OTC,0.45,0.45,8535,0,Earth Biofuels,0,0,0
20070301,68086,EBOF',OTC,0.46,0.46,6262,0,Earth Biofuels,0,0,0
20070302,68086,EBOF',OTC,0.43,0.43,2976,0,Earth Biofuels,0,0,0
20070305,68086,EBOF',OTC,0.42,0.42,2161,0,Earth Biofuels,0,0,0
20070306,68086,EBOF',OTC,0.42,0.42,4445,0,Earth Biofuels,0,0,0
20070307,68086,EBOF',OTC,0.45,0.45,2901,0,Earth Biofuels,0,0,0
20070308,68086,EBOF',OTC,0.46,0.46,9559,0,Earth Biofuels,0,0,0
20070309,68086,EBOF',OTC,0.47,0.47,3856,0,Earth Biofuels,0,0,0
20070312,68086,EBOF',OTC,0.44,0.44,3115,0,Earth Biofuels,0,0,0
20070313,68086,EBOF',OTC,0.45,0.45,4214,0,Earth Biofuels,0,0,0
20070314,68086,EBOF',OTC,0.42,0.42,2274,0,Earth Biofuels,0,0,0
20070315,68086,EBOF',OTC,0.42,0.42,1319,0,Earth Biofuels,0,0,0
20070316,68086,EBOF',OTC,0.41,0.41,2284,0,Earth Biofuels,0,0,0
20070319,68086,EBOF',OTC,0.39,0.39,1906,0,Earth Biofuels,0,0,0
20070320,68086,EBOF',OTC,0.38,0.38,4662,0,Earth Biofuels,0,0,0
20070321,68086,EBOF',OTC,0.35,0.35,9022,0,Earth Biofuels,0,0,0
20070322,68086,EBOF',OTC,0.36,0.36,2355,0,Earth Biofuels,0,0,0
20070323,68086,EBOF',OTC,0.36,0.36,2714,0,Earth Biofuels,0,0,0
20070326,68086,EBOF',OTC,0.38,0.38,6735,0,Earth Biofuels,0,0,0
20070327,68086,EBOF',OTC,0.4,0.4,6174,0,Earth Biofuels,0,0,0
20070328,68086,EBOF',OTC,0.4,0.4,8322,0,Earth Biofuels,0,0,0
20070329,68086,EBOF',OTC,0.41,0.41,5065,0,Earth Biofuels,0,0,0
20070330,68086,EBOF',OTC,0.41,0.41,3056,0,Earth Biofuels,0,0,0
20070402,68086,EBOF',OTC,0.4,0.4,4590,0,Earth Biofuels,0,0,0
20070403,68086,EBOF',OTC,0.42,0.42,1932,0,Earth Biofuels,0,0,0
20070404,68086,EBOF',OTC,0.41,0.41,1459,0,Earth Biofuels,0,0,0
20070405,68086,EBOF',OTC,0.42,0.42,1392,0,Earth Biofuels,0,0,0
20070409,68086,EBOF',OTC,0.41,0.41,2611,0,Earth Biofuels,0,0,0
20070410,68086,EBOF',OTC,0.41,0.41,1675,0,Earth Biofuels,0,0,0
20070411,68086,EBOF',OTC,0.39,0.39,2018,0,Earth Biofuels,0,0,0
20070412,68086,EBOF',OTC,0.4,0.4,2855,0,Earth Biofuels,0,0,0
20070413,68086,EBOF',OTC,0.4,0.4,5513,0,Earth Biofuels,0,0,0
20070416,68086,EBOF',OTC,0.39,0.39,768,0,Earth Biofuels,0,0,0
20070417,68086,EBOF',OTC,0.39,0.39,443,0,Earth Biofuels,0,0,0
20070418,68086,EBOF',OTC,0.39,0.39,1020,0,Earth Biofuels,0,0,0
20070419,68086,EBOF',OTC,0.4,0.4,805,0,Earth Biofuels,0,0,0
20070420,68086,EBOF',OTC,0.4,0.4,1994,0,Earth Biofuels,0,0,0
20070423,68086,EBOF',OTC,0.37,0.37,1558,0,Earth Biofuels,0,0,0
20070424,68086,EBOF',OTC,0.35,0.35,1861,0,Earth Biofuels,0,0,0
20070425,68086,EBOF',OTC,0.36,0.36,906,0,Earth Biofuels,0,0,0
20070426,68086,EBOF',OTC,0.38,0.38,1929,0,Earth Biofuels,0,0,0
20070427,68086,EBOF',OTC,0.37,0.37,1386,0,Earth Biofuels,0,0,0
20070430,68086,EBOF',OTC,0.35,0.35,2245,0,Earth Biofuels,0,0,0
20070501,68086,EBOF',OTC,0.35,0.35,1924,0,Earth Biofuels,0,0,0
20070502,68086,EBOF',OTC,0.36,0.36,1296,0,Earth Biofuels,0,0,0
20070503,68086,EBOF',OTC,0.36,0.36,1153,0,Earth Biofuels,0,0,0
20070504,68086,EBOF',OTC,0.34,0.34,1245,0,Earth Biofuels,0,0,0
20070507,68086,EBOF',OTC,0.34,0.34,1836,0,Earth Biofuels,0,0,0
20070508,68086,EBOF',OTC,0.34,0.34,1428,0,Earth Biofuels,0,0,0
20070509,68086,EBOF',OTC,0.34,0.34,1061,0,Earth Biofuels,0,0,0
20070510,68086,EBOF',OTC,0.33,0.33,2204,0,Earth Biofuels,0,0,0
20070511,68086,EBOF',OTC,0.33,0.33,1557,0,Earth Biofuels,0,0,0
20070514,68086,EBOF',OTC,0.31,0.31,2008,0,Earth Biofuels,0,0,0
20070515,68086,EBOF',OTC,0.27,0.27,9059,0,Earth Biofuels,0,0,0
20070516,68086,EBOF',OTC,0.26,0.26,7611,0,Earth Biofuels,0,0,0
20070517,68086,EBOF',OTC,0.25,0.25,2103,0,Earth Biofuels,0,0,0
20070518,68086,EBOF',OTC,0.28,0.28,4151,0,Earth Biofuels,0,0,0
20070521,68086,EBOF',OTC,0.26,0.26,5227,0,Earth Biofuels,0,0,0
20070522,68086,EBOF',OTC,0.21,0.21,0,0,Earth Biofuels,0,0,0
20070523,68086,EBOF',OTC,0.26,0.26,10304,0,Earth Biofuels,0,0,0
20070524,68086,EBOF',OTC,0.25,0.25,4567,0,Earth Biofuels,0,0,0
20070525,68086,EBOF',OTC,0.23,0.23,6480,0,Earth Biofuels,0,0,0
20070529,68086,EBOF',OTC,0.23,0.23,2884,0,Earth Biofuels,0,0,0
20070530,68086,EBOF',OTC,0.21,0.21,3167,0,Earth Biofuels,0,0,0
20070531,68086,EBOF',OTC,0.21,0.21,4472,0,Earth Biofuels,0,0,0
20070601,68086,EBOF',OTC,0.2,0.2,4309,0,Earth Biofuels,0,0,0
20070604,68086,EBOF',OTC,0.18,0.18,10083,0,Earth Biofuels,0,0,0
20070605,68086,EBOF',OTC,0.16,0.16,19140,0,Earth Biofuels,0,0,0
20070606,68086,EBOF',OTC,0.14,0.14,9400,0,Earth Biofuels,0,0,0
20070607,68086,EBOF',OTC,0.15,0.15,9298,0,Earth Biofuels,0,0,0
20070608,68086,EBOF',OTC,0.15,0.15,5665,0,Earth Biofuels,0,0,0
20070611,68086,EBOF',OTC,0.13,0.13,4646,0,Earth Biofuels,0,0,0
20070612,68086,EBOF',OTC,0.13,0.13,13098,0,Earth Biofuels,0,0,0
20070613,68086,EBOF',OTC,0.1,0.1,11325,0,Earth Biofuels,0,0,0
20070614,68086,EBOF',OTC,0.16,0.16,49582,0,Earth Biofuels,0,0,0
20070615,68086,EBOF',OTC,0.27,0.27,79900,0,Earth Biofuels,0,0,0
20070618,68086,EBOF',OTC,0.2,0.2,24114,0,Earth Biofuels,0,0,0
20070619,68086,EBOF',OTC,0.2,0.2,14438,0,Earth Biofuels,0,0,0
20070620,68086,EBOF',OTC,0.2,0.2,8438,0,Earth Biofuels,0,0,0
20070621,68086,EBOF',OTC,0.18,0.18,7778,0,Earth Biofuels,0,0,0
20070622,68086,EBOF',OTC,0.16,0.16,16360,0,Earth Biofuels,0,0,0
20070625,68086,EBOF',OTC,0.19,0.19,18769,0,Earth Biofuels,0,0,0
20070626,68086,EBOF',OTC,0.2,0.2,12122,0,Earth Biofuels,0,0,0
20070627,68086,EBOF',OTC,0.21,0.21,8965,0,Earth Biofuels,0,0,0
20070628,68086,EBOF',OTC,0.19,0.19,13504,0,Earth Biofuels,0,0,0
20070629,68086,EBOF',OTC,0.2,0.2,3526,0,Earth Biofuels,0,0,0
20070702,68086,EBOF',OTC,0.18,0.18,6018,0,Earth Biofuels,0,0,0
20070703,68086,EBOF',OTC,0.18,0.18,4683,0,Earth Biofuels,0,0,0
20070705,68086,EBOF',OTC,0.15,0.15,12286,0,Earth Biofuels,0,0,0
20070706,68086,EBOF',OTC,0.15,0.15,7074,0,Earth Biofuels,0,0,0
20070709,68086,EBOF',OTC,0.14,0.14,11719,0,Earth Biofuels,0,0,0
20070710,68086,EBOF',OTC,0.14,0.14,6333,0,Earth Biofuels,0,0,0
20070711,68086,EBOF',OTC,0.14,0.14,11633,0,Earth Biofuels,0,0,0
20070712,68086,EBOF',OTC,0.12,0.12,18842,0,Earth Biofuels,0,0,0
20070713,68086,EBOF',OTC,0.11,0.11,43663,0,Earth Biofuels,0,0,0
20070716,68086,EBOF',OTC,0.07,0.07,61986,0,Earth Biofuels,0,0,0
20070717,68086,EBOF',OTC,0.07,0.07,30337,0,Earth Biofuels,0,0,0
20070718,68086,EBOF',OTC,0.06,0.06,27099,0,Earth Biofuels,0,0,0
20070719,68086,EBOF',OTC,0.08,0.08,42006,0,Earth Biofuels,0,0,0
20070720,68086,EBOF',OTC,0.07,0.07,19408,0,Earth Biofuels,0,0,0
20070723,68086,EBOF',OTC,0.07,0.07,7549,0,Earth Biofuels,0,0,0
20070724,68086,EBOF',OTC,0.07,0.07,15320,0,Earth Biofuels,0,0,0
20070725,68086,EBOF',OTC,0.07,0.07,7687,0,Earth Biofuels,0,0,0
20070726,68086,EBOF',OTC,0.06,0.06,31897,0,Earth Biofuels,0,0,0
20070727,68086,EBOF',OTC,0.06,0.06,10936,0,Earth Biofuels,0,0,0
20070730,68086,EBOF',OTC,0.06,0.06,6590,0,Earth Biofuels,0,0,0
20070731,68086,EBOF',OTC,0.06,0.06,3811,0,Earth Biofuels,0,0,0
20070801,68086,EBOF',OTC,0.07,0.07,11557,0,Earth Biofuels,0,0,0
20070802,68086,EBOF',OTC,0.07,0.07,1322,0,Earth Biofuels,0,0,0
20070803,68086,EBOF',OTC,0.06,0.06,2092,0,Earth Biofuels,0,0,0
20070806,68086,EBOF',OTC,0.05,0.05,7042,0,Earth Biofuels,0,0,0
20070807,68086,EBOF',OTC,0.06,0.06,4690,0,Earth Biofuels,0,0,0
20070808,68086,EBOF',OTC,0.05,0.05,1390,0,Earth Biofuels,0,0,0
20070809,68086,EBOF',OTC,0.06,0.06,2595,0,Earth Biofuels,0,0,0
20070810,68086,EBOF',OTC,0.06,0.06,4050,0,Earth Biofuels,0,0,0
20070813,68086,EBOF',OTC,0.06,0.06,8622,0,Earth Biofuels,0,0,0
20070814,68086,EBOF',OTC,0.06,0.06,1572,0,Earth Biofuels,0,0,0
20070815,68086,EBOF',OTC,0.06,0.06,2020,0,Earth Biofuels,0,0,0
20070816,68086,EBOF',OTC,0.05,0.05,6781,0,Earth Biofuels,0,0,0
20070817,68086,EBOF',OTC,0.05,0.05,1041,0,Earth Biofuels,0,0,0
20070820,68086,EBOF',OTC,0.06,0.06,299,0,Earth Biofuels,0,0,0
20070821,68086,EBOF',OTC,0.06,0.06,1190,0,Earth Biofuels,0,0,0
20070822,68086,EBOF',OTC,0.07,0.07,2146,0,Earth Biofuels,0,0,0
20070823,68086,EBOF',OTC,0.07,0.07,1841,0,Earth Biofuels,0,0,0
20070824,68086,EBOF',OTC,0.08,0.08,13195,0,Earth Biofuels,0,0,0
20070827,68086,EBOF',OTC,0.08,0.08,8129,0,Earth Biofuels,0,0,0
20070828,68086,EBOF',OTC,0.06,0.06,16407,0,Earth Biofuels,0,0,0
20070829,68086,EBOF',OTC,0.07,0.07,2158,0,Earth Biofuels,0,0,0
20070830,68086,EBOF',OTC,0.07,0.07,6055,0,Earth Biofuels,0,0,0
20070831,68086,EBOF',OTC,0.08,0.08,17141,0,Earth Biofuels,0,0,0
20070904,68086,EBOF',OTC,0.07,0.07,8062,0,Earth Biofuels,0,0,0
20070905,68086,EBOF',OTC,0.07,0.07,6317,0,Earth Biofuels,0,0,0
20070906,68086,EBOF',OTC,0.07,0.07,7550,0,Earth Biofuels,0,0,0
20070907,68086,EBOF',OTC,0.07,0.07,4098,0,Earth Biofuels,0,0,0
20070910,68086,EBOF',OTC,0.06,0.06,4591,0,Earth Biofuels,0,0,0
20070911,68086,EBOF',OTC,0.06,0.06,3697,0,Earth Biofuels,0,0,0
20070912,68086,EBOF',OTC,0.06,0.06,4874,0,Earth Biofuels,0,0,0
20070913,68086,EBOF',OTC,0.06,0.06,3953,0,Earth Biofuels,0,0,0
20070914,68086,EBOF',OTC,0.06,0.06,3116,0,Earth Biofuels,0,0,0
20070917,68086,EBOF',OTC,0.06,0.06,10736,0,Earth Biofuels,0,0,0
20070918,68086,EBOF',OTC,0.06,0.06,2853,0,Earth Biofuels,0,0,0
20070919,68086,EBOF',OTC,0.05,0.05,3871,0,Earth Biofuels,0,0,0
20070920,68086,EBOF',OTC,0.05,0.05,8370,0,Earth Biofuels,0,0,0
20070921,68086,EBOF',OTC,0.05,0.05,6339,0,Earth Biofuels,0,0,0
20070924,68086,EBOF',OTC,0.05,0.05,5232,0,Earth Biofuels,0,0,0
20070925,68086,EBOF',OTC,0.04,0.04,2532,0,Earth Biofuels,0,0,0
20070926,68086,EBOF',OTC,0.04,0.04,8051,0,Earth Biofuels,0,0,0
20070927,68086,EBOF',OTC,0.04,0.04,13806,0,Earth Biofuels,0,0,0
20070928,68086,EBOF',OTC,0.05,0.05,28904,0,Earth Biofuels,0,0,0
20071001,68086,EBOF',OTC,0.06,0.06,17961,0,Earth Biofuels,0,0,0
20071002,68086,EBOF',OTC,0.05,0.05,10017,0,Earth Biofuels,0,0,0
20071003,68086,EBOF',OTC,0.05,0.05,15718,0,Earth Biofuels,0,0,0
20071004,68086,EBOF',OTC,0.05,0.05,7661,0,Earth Biofuels,0,0,0
20071005,68086,EBOF',OTC,0.05,0.05,5846,0,Earth Biofuels,0,0,0
20071008,68086,EBOF',OTC,0.05,0.05,9076,0,Earth Biofuels,0,0,0
20071009,68086,EBOF',OTC,0.04,0.04,9670,0,Earth Biofuels,0,0,0
20071010,68086,EBOF',OTC,0.05,0.05,19870,0,Earth Biofuels,0,0,0
20071011,68086,EBOF',OTC,0.05,0.05,18981,0,Earth Biofuels,0,0,0
20071012,68086,EBOF',OTC,0.05,0.05,7063,0,Earth Biofuels,0,0,0
20071015,68086,EBOF',OTC,0.05,0.05,10696,0,Earth Biofuels,0,0,0
20071016,68086,EBOF',OTC,0.05,0.05,5399,0,Earth Biofuels,0,0,0
20071017,68086,EBOF',OTC,0.04,0.04,5949,0,Earth Biofuels,0,0,0
20071018,68086,EBOF',OTC,0.04,0.04,6835,0,Earth Biofuels,0,0,0
20071019,68086,EBOF',OTC,0.04,0.04,12126,0,Earth Biofuels,0,0,0
20071022,68086,EBOF',OTC,0.04,0.04,7750,0,Earth Biofuels,0,0,0
20071023,68086,EBOF',OTC,0.04,0.04,3849,0,Earth Biofuels,0,0,0
20071024,68086,EBOF',OTC,0.04,0.04,6377,0,Earth Biofuels,0,0,0
20071025,68086,EBOF',OTC,0.04,0.04,1522,0,Earth Biofuels,0,0,0
20071026,68086,EBOF',OTC,0.05,0.05,7007,0,Earth Biofuels,0,0,0
20071029,68086,EBOF',OTC,0.06,0.06,13302,0,Earth Biofuels,0,0,0
20071030,68086,EBOF',OTC,0.05,0.05,5373,0,Earth Biofuels,0,0,0
20071031,68086,EBOF',OTC,0.06,0.06,5531,0,Earth Biofuels,0,0,0
20071101,68086,EBOF',OTC,0.05,0.05,2235,0,Earth Biofuels,0,0,0
20071102,68086,EBOF',OTC,0.06,0.06,6390,0,Earth Biofuels,0,0,0
20071105,68086,EBOF',OTC,0.05,0.05,10946,0,Earth Biofuels,0,0,0
20071106,68086,EBOF',OTC,0.04,0.04,7403,0,Earth Biofuels,0,0,0
20071107,68086,EBOF',OTC,0.04,0.04,5298,0,Earth Biofuels,0,0,0
20071108,68086,EBOF',OTC,0.04,0.04,4199,0,Earth Biofuels,0,0,0
20071109,68086,EBOF',OTC,0.04,0.04,6811,0,Earth Biofuels,0,0,0
20071112,68086,EBOF',OTC,0.04,0.04,11981,0,Earth Biofuels,0,0,0
20071113,68086,EBOF',OTC,0.04,0.04,4686,0,Earth Biofuels,0,0,0
20071114,68086,EBOF',OTC,0.05,0.05,16215,0,Earth Biofuels,0,0,0
20071115,68086,EBOF',OTC,0.04,0.04,8887,0,Earth Biofuels,0,0,0
20071116,68086,EBOF',OTC,0.09,0.09,84604,0,Earth Biofuels,0,0,0
20071119,68086,EBOF',OTC,0.07,0.07,33411,0,Earth Biofuels,0,0,0
20071120,68086,EBOF',OTC,0.05,0.05,26785,0,Earth Biofuels,0,0,0
20071121,68086,EBOF',OTC,0.08,0.08,42627,0,Earth Biofuels,0,0,0
20071123,68086,EBOF',OTC,0.1,0.1,27525,0,Earth Biofuels,0,0,0
20071126,68086,EBOF',OTC,0.08,0.08,15377,0,Earth Biofuels,0,0,0
20071127,68086,EBOF',OTC,0.07,0.07,12794,0,Earth Biofuels,0,0,0
20071128,68086,EBOF',OTC,0.09,0.09,14906,0,Earth Biofuels,0,0,0
20071129,68086,EBOF',OTC,0.07,0.07,10418,0,Earth Biofuels,0,0,0
20071130,68086,EBOF',OTC,0.07,0.07,7681,0,Earth Biofuels,0,0,0
20071203,68086,EBOF',OTC,0.06,0.06,13445,0,Earth Biofuels,0,0,0
20071204,68086,EBOF',OTC,0.06,0.06,11432,0,Earth Biofuels,0,0,0
20071205,68086,EBOF',OTC,0.06,0.06,14160,0,Earth Biofuels,0,0,0
20071206,68086,EBOF',OTC,0.06,0.06,11390,0,Earth Biofuels,0,0,0
20071207,68086,EBOF',OTC,0.06,0.06,8794,0,Earth Biofuels,0,0,0
20071210,68086,EBOF',OTC,0.06,0.06,10150,0,Earth Biofuels,0,0,0
20071211,68086,EBOF',OTC,0.07,0.07,66385,0,Earth Biofuels,0,0,0
20071212,68086,EBOF',OTC,0.06,0.06,16256,0,Earth Biofuels,0,0,0
20071213,68086,EBOF',OTC,0.06,0.06,13190,0,Earth Biofuels,0,0,0
20071214,68086,EBOF',OTC,0.05,0.05,8632,0,Earth Biofuels,0,0,0
20071217,68086,EBOF',OTC,0.06,0.06,12160,0,Earth Biofuels,0,0,0
20071218,68086,EBOF',OTC,0.05,0.05,10316,0,Earth Biofuels,0,0,0
20071219,68086,EBOF',OTC,0.05,0.05,13209,0,Earth Biofuels,0,0,0
20071220,68086,EBOF',OTC,0.05,0.05,31079,0,Earth Biofuels,0,0,0
20071221,68086,EBOF',OTC,0.05,0.05,17269,0,Earth Biofuels,0,0,0
20071224,68086,EBOF',OTC,0.05,0.05,17182,0,Earth Biofuels,0,0,0
20071226,68086,EBOF',OTC,0.05,0.05,8609,0,Earth Biofuels,0,0,0
20071227,68086,EBOF',OTC,0.04,0.04,6523,0,Earth Biofuels,0,0,0
20071228,68086,EBOF',OTC,0.05,0.05,6917,0,Earth Biofuels,0,0,0
20071231,68086,EBOF',OTC,0.05,0.05,21079,0,Earth Biofuels,0,0,0
20080102,68086,EBOF',OTC,0.04,0.04,12324,0,Earth Biofuels,0,0,0
20080103,68086,EBOF',OTC,0.06,0.06,52858,0,Earth Biofuels,0,0,0
20080104,68086,EBOF',OTC,0.06,0.06,39944,0,Earth Biofuels,0,0,0
20080107,68086,EBOF',OTC,0.06,0.06,22925,0,Earth Biofuels,0,0,0
20080108,68086,EBOF',OTC,0.06,0.06,17614,0,Earth Biofuels,0,0,0
20080109,68086,EBOF',OTC,0.05,0.05,10019,0,Earth Biofuels,0,0,0
20080110,68086,EBOF',OTC,0.05,0.05,8735,0,Earth Biofuels,0,0,0
20080111,68086,EBOF',OTC,0.05,0.05,24850,0,Earth Biofuels,0,0,0
20080114,68086,EBOF',OTC,0.05,0.05,19554,0,Earth Biofuels,0,0,0
20080115,68086,EBOF',OTC,0.05,0.05,6916,0,Earth Biofuels,0,0,0
20080116,68086,EBOF',OTC,0.05,0.05,8043,0,Earth Biofuels,0,0,0
20080117,68086,EBOF',OTC,0.04,0.04,11181,0,Earth Biofuels,0,0,0
20080118,68086,EBOF',OTC,0.04,0.04,11989,0,Earth Biofuels,0,0,0
20080122,68086,EBOF',OTC,0.04,0.04,11940,0,Earth Biofuels,0,0,0
20080123,68086,EBOF',OTC,0.04,0.04,9978,0,Earth Biofuels,0,0,0
20080124,68086,EBOF',OTC,0.04,0.04,6310,0,Earth Biofuels,0,0,0
20080125,68086,EBOF',OTC,0.04,0.04,6816,0,Earth Biofuels,0,0,0
20080128,68086,EBOF',OTC,0.04,0.04,8152,0,Earth Biofuels,0,0,0
20080129,68086,EBOF',OTC,0.04,0.04,7319,0,Earth Biofuels,0,0,0
20080130,68086,EBOF',OTC,0.05,0.05,10336,0,Earth Biofuels,0,0,0
20080131,68086,EBOF',OTC,0.04,0.04,6095,0,Earth Biofuels,0,0,0
20080201,68086,EBOF',OTC,0.04,0.04,9531,0,Earth Biofuels,0,0,0
20080204,68086,EBOF',OTC,0.04,0.04,5251,0,Earth Biofuels,0,0,0
20080205,68086,EBOF',OTC,0.04,0.04,5465,0,Earth Biofuels,0,0,0
20080206,68086,EBOF',OTC,0.04,0.04,2224,0,Earth Biofuels,0,0,0
20080207,68086,EBOF',OTC,0.04,0.04,8136,0,Earth Biofuels,0,0,0
20080208,68086,EBOF',OTC,0.04,0.04,5815,0,Earth Biofuels,0,0,0
20080211,68086,EBOF',OTC,0.04,0.04,15568,0,Earth Biofuels,0,0,0
20080212,68086,EBOF',OTC,0.04,0.04,8417,0,Earth Biofuels,0,0,0
20080213,68086,EBOF',OTC,0.04,0.04,4050,0,Earth Biofuels,0,0,0
20080214,68086,EBOF',OTC,0.04,0.04,12677,0,Earth Biofuels,0,0,0
20080215,68086,EBOF',OTC,0.04,0.04,11382,0,Earth Biofuels,0,0,0
20080219,68086,EBOF',OTC,0.04,0.04,20627,0,Earth Biofuels,0,0,0
20080220,68086,EBOF',OTC,0.04,0.04,16308,0,Earth Biofuels,0,0,0
20080221,68086,EBOF',OTC,0.04,0.04,6848,0,Earth Biofuels,0,0,0
20080222,68086,EBOF',OTC,0.04,0.04,39775,0,Earth Biofuels,0,0,0
20080225,68086,EBOF',OTC,0.04,0.04,13614,0,Earth Biofuels,0,0,0
20080226,68086,EBOF',OTC,0.04,0.04,19274,0,Earth Biofuels,0,0,0
20080227,68086,EBOF',OTC,0.04,0.04,37252,0,Earth Biofuels,0,0,0
20080228,68086,EBOF',OTC,0.04,0.04,12847,0,Earth Biofuels,0,0,0
20080229,68086,EBOF',OTC,0.04,0.04,8742,0,Earth Biofuels,0,0,0
20080303,68086,EBOF',OTC,0.04,0.04,6236,0,Earth Biofuels,0,0,0
20080304,68086,EBOF',OTC,0.04,0.04,7329,0,Earth Biofuels,0,0,0
20080305,68086,EBOF',OTC,0.04,0.04,12312,0,Earth Biofuels,0,0,0
20080306,68086,EBOF',OTC,0.04,0.04,3184,0,Earth Biofuels,0,0,0
20080307,68086,EBOF',OTC,0.04,0.04,10511,0,Earth Biofuels,0,0,0
20080310,68086,EBOF',OTC,0.03,0.03,15598,0,Earth Biofuels,0,0,0
20080311,68086,EBOF',OTC,0.03,0.03,12443,0,Earth Biofuels,0,0,0
20080312,68086,EBOF',OTC,0.03,0.03,15860,0,Earth Biofuels,0,0,0
20080313,68086,EBOF',OTC,0.03,0.03,4584,0,Earth Biofuels,0,0,0
20080314,68086,EBOF',OTC,0.03,0.03,6190,0,Earth Biofuels,0,0,0
20080317,68086,EBOF',OTC,0.03,0.03,7073,0,Earth Biofuels,0,0,0
20080318,68086,EBOF',OTC,0.03,0.03,2586,0,Earth Biofuels,0,0,0
20080319,68086,EBOF',OTC,0.04,0.04,12435,0,Earth Biofuels,0,0,0
20080320,68086,EBOF',OTC,0.04,0.04,12578,0,Earth Biofuels,0,0,0
20080324,68086,EBOF',OTC,0.04,0.04,32582,0,Earth Biofuels,0,0,0
20080325,68086,EBOF',OTC,0.04,0.04,14449,0,Earth Biofuels,0,0,0
20080326,68086,EBOF',OTC,0.04,0.04,8548,0,Earth Biofuels,0,0,0
20080327,68086,EBOF',OTC,0.04,0.04,5952,0,Earth Biofuels,0,0,0
20080328,68086,EBOF',OTC,0.04,0.04,14217,0,Earth Biofuels,0,0,0
20080331,68086,EBOF',OTC,0.03,0.03,16945,0,Earth Biofuels,0,0,0
20080401,68086,EBOF',OTC,0.03,0.03,13644,0,Earth Biofuels,0,0,0
20080402,68086,EBOF',OTC,0.03,0.03,10928,0,Earth Biofuels,0,0,0
20080403,68086,EBOF',OTC,0.03,0.03,21298,0,Earth Biofuels,0,0,0
20080404,68086,EBOF',OTC,0.03,0.03,9702,0,Earth Biofuels,0,0,0
20080407,68086,EBOF',OTC,0.03,0.03,7142,0,Earth Biofuels,0,0,0
20080408,68086,EBOF',OTC,0.03,0.03,12776,0,Earth Biofuels,0,0,0
20080409,68086,EBOF',OTC,0.03,0.03,9606,0,Earth Biofuels,0,0,0
20080410,68086,EBOF',OTC,0.03,0.03,6111,0,Earth Biofuels,0,0,0
20080411,68086,EBOF',OTC,0.03,0.03,5697,0,Earth Biofuels,0,0,0
20080414,68086,EBOF',OTC,0.03,0.03,7290,0,Earth Biofuels,0,0,0
20080415,68086,EBOF',OTC,0.03,0.03,10502,0,Earth Biofuels,0,0,0
20080416,68086,EBOF',OTC,0.03,0.03,20629,0,Earth Biofuels,0,0,0
20080417,68086,EBOF',OTC,0.03,0.03,9454,0,Earth Biofuels,0,0,0
20080418,68086,EBOF',OTC,0.03,0.03,18100,0,Earth Biofuels,0,0,0
20080421,68086,EBOF',OTC,0.03,0.03,30536,0,Earth Biofuels,0,0,0
20080422,68086,EBOF',OTC,0.03,0.03,15717,0,Earth Biofuels,0,0,0
20080423,68086,EBOF',OTC,0.03,0.03,23688,0,Earth Biofuels,0,0,0
20080424,68086,EBOF',OTC,0.03,0.03,23004,0,Earth Biofuels,0,0,0
20080425,68086,EBOF',OTC,0.02,0.02,14837,0,Earth Biofuels,0,0,0
20080428,68086,EBOF',OTC,0.02,0.02,14271,0,Earth Biofuels,0,0,0
20080429,68086,EBOF',OTC,0.02,0.02,23169,0,Earth Biofuels,0,0,0
20080430,68086,EBOF',OTC,0.02,0.02,10002,0,Earth Biofuels,0,0,0
20080501,68086,EBOF',OTC,0.02,0.02,7605,0,Earth Biofuels,0,0,0
20080502,68086,EBOF',OTC,0.02,0.02,9592,0,Earth Biofuels,0,0,0
20080505,68086,EBOF',OTC,0.02,0.02,20374,0,Earth Biofuels,0,0,0
20080506,68086,EBOF',OTC,0.02,0.02,36845,0,Earth Biofuels,0,0,0
20080507,68086,EBOF',OTC,0.02,0.02,12066,0,Earth Biofuels,0,0,0
20080508,68086,EBOF',OTC,0.02,0.02,7711580,0,Earth Biofuels,0,0,0
20080509,68086,EBOF',OTC,0.02,0.02,48386,0,Earth Biofuels,0,0,0
20080512,68086,EBOF',OTC,0.02,0.02,27666,0,Earth Biofuels,0,0,0
20080513,68086,EBOF',OTC,0.02,0.02,12950,0,Earth Biofuels,0,0,0
20080514,68086,EBOF',OTC,0.02,0.02,34127,0,Earth Biofuels,0,0,0
20080515,68086,EBOF',OTC,0.02,0.02,23878,0,Earth Biofuels,0,0,0
20080516,68086,EBOF',OTC,0.02,0.02,20087,0,Earth Biofuels,0,0,0
20080519,68086,EBOF',OTC,0.02,0.02,30825,0,Earth Biofuels,0,0,0
20080520,68086,EBOF',OTC,0.02,0.02,35173,0,Earth Biofuels,0,0,0
20080521,68086,EBOF',OTC,0.03,0.03,42359,0,Earth Biofuels,0,0,0
20080522,68086,EBOF',OTC,0.04,0.04,66332,0,Earth Biofuels,0,0,0
20080523,68086,EBOF',OTC,0.04,0.04,25651,0,Earth Biofuels,0,0,0
20080527,68086,EBOF',OTC,0.05,0.05,54711,0,Earth Biofuels,0,0,0
20080528,68086,EBOF',OTC,0.05,0.05,56861,0,Earth Biofuels,0,0,0
20080529,68086,EBOF',OTC,0.03,0.03,102580,0,Earth Biofuels,0,0,0
20080530,68086,EBOF',OTC,0.04,0.04,50528,0,Earth Biofuels,0,0,0
20080602,68086,EBOF',OTC,0.04,0.04,63378,0,Earth Biofuels,0,0,0
20080603,68086,EBOF',OTC,0.03,0.03,18027,0,Earth Biofuels,0,0,0
20080604,68086,EBOF',OTC,0.03,0.03,33625,0,Earth Biofuels,0,0,0
20080605,68086,EBOF',OTC,0.03,0.03,40030,0,Earth Biofuels,0,0,0
20080606,68086,EBOF',OTC,0.03,0.03,51970,0,Earth Biofuels,0,0,0
20080609,68086,EBOF',OTC,0.04,0.04,27543,0,Earth Biofuels,0,0,0
20080610,68086,EBOF',OTC,0.03,0.03,44780,0,Earth Biofuels,0,0,0
20080611,68086,EBOF',OTC,0.03,0.03,60008,0,Earth Biofuels,0,0,0
20080612,68086,EBOF',OTC,0.02,0.02,46299,0,Earth Biofuels,0,0,0
20080613,68086,EBOF',OTC,0.02,0.02,22561,0,Earth Biofuels,0,0,0
20080616,68086,EBOF',OTC,0.02,0.02,20683,0,Earth Biofuels,0,0,0
20080617,68086,EBOF',OTC,0.02,0.02,22336,0,Earth Biofuels,0,0,0
20080618,68086,EBOF',OTC,0.02,0.02,38773,0,Earth Biofuels,0,0,0
20080619,68086,EBOF',OTC,0.02,0.02,20483,0,Earth Biofuels,0,0,0
20080620,68086,EBOF',OTC,0.02,0.02,17529,0,Earth Biofuels,0,0,0
20080623,68086,EBOF',OTC,0.03,0.03,22424,0,Earth Biofuels,0,0,0
20080624,68086,EBOF',OTC,0.02,0.02,7171,0,Earth Biofuels,0,0,0
20080625,68086,EBOF',OTC,0.03,0.03,10234,0,Earth Biofuels,0,0,0
20080626,68086,EBOF',OTC,0.03,0.03,28244,0,Earth Biofuels,0,0,0
20080627,68086,EBOF',OTC,0.03,0.03,26088,0,Earth Biofuels,0,0,0
20080630,68086,EBOF',OTC,0.03,0.03,12067,0,Earth Biofuels,0,0,0
20080701,68086,EBOF',OTC,0.03,0.03,8818,0,Earth Biofuels,0,0,0
20080702,68086,EBOF',OTC,0.02,0.02,34808,0,Earth Biofuels,0,0,0
20080703,68086,EBOF',OTC,0.02,0.02,9808,0,Earth Biofuels,0,0,0
20080707,68086,EBOF',OTC,0.02,0.02,33776,0,Earth Biofuels,0,0,0
20080708,68086,EBOF',OTC,0.02,0.02,14091,0,Earth Biofuels,0,0,0
20080709,68086,EBOF',OTC,0.02,0.02,7678,0,Earth Biofuels,0,0,0
20080710,68086,EBOF',OTC,0.02,0.02,13012,0,Earth Biofuels,0,0,0
20080711,68086,EBOF',OTC,0.02,0.02,27203,0,Earth Biofuels,0,0,0
20080714,68086,EBOF',OTC,0.02,0.02,27820,0,Earth Biofuels,0,0,0
20080715,68086,EBOF',OTC,0.02,0.02,55656,0,Earth Biofuels,0,0,0
20080716,68086,EBOF',OTC,0.01,0.01,22956,0,Earth Biofuels,0,0,0
20080717,68086,EBOF',OTC,0.01,0.01,65528,0,Earth Biofuels,0,0,0
20080718,68086,EBOF',OTC,0.01,0.01,37098,0,Earth Biofuels,0,0,0
20080721,68086,EBOF',OTC,0.01,0.01,35686,0,Earth Biofuels,0,0,0
20080722,68086,EBOF',OTC,0.01,0.01,48224,0,Earth Biofuels,0,0,0
20080723,68086,EBOF',OTC,0.01,0.01,17124,0,Earth Biofuels,0,0,0
20080724,68086,EBOF',OTC,0.01,0.01,59671,0,Earth Biofuels,0,0,0
20080725,68086,EBOF',OTC,0.02,0.02,28991,0,Earth Biofuels,0,0,0
20080728,68086,EBOF',OTC,0.01,0.01,36274,0,Earth Biofuels,0,0,0
20080729,68086,EBOF',OTC,0.01,0.01,38570,0,Earth Biofuels,0,0,0
20080730,68086,EBOF',OTC,0.01,0.01,50915,0,Earth Biofuels,0,0,0
20080731,68086,EBOF',OTC,0.01,0.01,14525,0,Earth Biofuels,0,0,0
20080801,68086,EBOF',OTC,0.01,0.01,14293,0,Earth Biofuels,0,0,0
20080804,68086,EBOF',OTC,0.01,0.01,14816,0,Earth Biofuels,0,0,0
20080805,68086,EBOF',OTC,0.01,0.01,30674,0,Earth Biofuels,0,0,0
20080806,68086,EBOF',OTC,0.01,0.01,17692,0,Earth Biofuels,0,0,0
20080807,68086,EBOF',OTC,0.01,0.01,22708,0,Earth Biofuels,0,0,0
20080808,68086,EBOF',OTC,0.01,0.01,13998,0,Earth Biofuels,0,0,0
20080811,68086,EBOF',OTC,0.01,0.01,34205,0,Earth Biofuels,0,0,0
20080812,68086,EBOF',OTC,0.01,0.01,17707,0,Earth Biofuels,0,0,0
20080813,68086,EBOF',OTC,0.01,0.01,15767,0,Earth Biofuels,0,0,0
20080814,68086,EBOF',OTC,0.01,0.01,31719,0,Earth Biofuels,0,0,0
20080815,68086,EBOF',OTC,0.01,0.01,53780,0,Earth Biofuels,0,0,0
20080818,68086,EBOF',OTC,0.01,0.01,91503,0,Earth Biofuels,0,0,0
20080819,68086,EBOF',OTC,0.01,0.01,29503,0,Earth Biofuels,0,0,0
20080820,68086,EBOF',OTC,0.01,0.01,61099,0,Earth Biofuels,0,0,0
20080821,68086,EBOF',OTC,0.01,0.01,40310,0,Earth Biofuels,0,0,0
20080822,68086,EBOF',OTC,0.01,0.01,41023,0,Earth Biofuels,0,0,0
20080825,68086,EBOF',OTC,0.01,0.01,22525,0,Earth Biofuels,0,0,0
20080826,68086,EBOF',OTC,0.01,0.01,26480,0,Earth Biofuels,0,0,0
