DDate,CSINumber,Symbol,Exchange,DClose,UnAdjustedClose,TotalVolume,Cash,MarketName,PTB,PSR,DPS
20051024,68139,PRPG',OTC,0.7,0.1,54,0,Prospero Group,0,0,0
20051025,68139,PRPG',OTC,3.5,0.5,14,0,Prospero Group,0,0,0
20051026,68139,PRPG',OTC,3.5,0.5,0,0,Prospero Group,0,0,0
20051027,68139,PRPG',OTC,4.2,0.6,1,0,Prospero Group,0,0,0
20051028,68139,PRPG',OTC,4.2,0.6,4,0,Prospero Group,0,0,0
20051031,68139,PRPG',OTC,5.95,0.85,1,0,Prospero Group,0,0,0
20051101,68139,PRPG',OTC,5.95,0.85,0,0,Prospero Group,0,0,0
20051102,68139,PRPG',OTC,5.95,0.85,0,0,Prospero Group,0,0,0
20051103,68139,PRPG',OTC,5.95,0.85,0,0,Prospero Group,0,0,0
20051104,68139,PRPG',OTC,5.95,0.85,0,0,Prospero Group,0,0,0
20051107,68139,PRPG',OTC,5.95,0.85,0,0,Prospero Group,0,0,0
20051108,68139,PRPG',OTC,5.6,0.8,19,0,Prospero Group,0,0,0
20051109,68139,PRPG',OTC,5.6,0.8,0,0,Prospero Group,0,0,0
20051110,68139,PRPG',OTC,6.65,0.95,5,0,Prospero Group,0,0,0
20051111,68139,PRPG',OTC,6.3,0.9,39,0,Prospero Group,0,0,0
20051114,68139,PRPG',OTC,7,1,7,0,Prospero Group,0,0,0
20051115,68139,PRPG',OTC,8.75,1.25,19,0,Prospero Group,0,0,0
20051116,68139,PRPG',OTC,8.75,1.25,8,0,Prospero Group,0,0,0
20051117,68139,PRPG',OTC,9.1,1.3,7,0,Prospero Group,0,0,0
20051118,68139,PRPG',OTC,11.2,1.6,64,0,Prospero Group,0,0,0
20051121,68139,PRPG',OTC,12.25,1.75,63,0,Prospero Group,0,0,0
20051122,68139,PRPG',OTC,13.65,1.95,37,0,Prospero Group,0,0,0
20051123,68139,PRPG',OTC,14.35,2.05,11,0,Prospero Group,0,0,0
20051125,68139,PRPG',OTC,14.7,2.1,46,0,Prospero Group,0,0,0
20051128,68139,PRPG',OTC,14.7,2.1,4,0,Prospero Group,0,0,0
20051129,68139,PRPG',OTC,14,2,5,0,Prospero Group,0,0,0
20051130,68139,PRPG',OTC,14,2,3,0,Prospero Group,0,0,0
20051201,68139,PRPG',OTC,13.3,1.9,4,0,Prospero Group,0,0,0
20051202,68139,PRPG',OTC,12.6,1.8,8,0,Prospero Group,0,0,0
20051205,68139,PRPG',OTC,12.6,1.8,1,0,Prospero Group,0,0,0
20051206,68139,PRPG',OTC,13.3,1.9,4,0,Prospero Group,0,0,0
20051207,68139,PRPG',OTC,13.3,1.9,0,0,Prospero Group,0,0,0
20051208,68139,PRPG',OTC,13.65,1.95,1,0,Prospero Group,0,0,0
20051209,68139,PRPG',OTC,12.6,1.8,7,0,Prospero Group,0,0,0
20051212,68139,PRPG',OTC,12.95,1.85,2,0,Prospero Group,0,0,0
20051213,68139,PRPG',OTC,12.95,1.85,1,0,Prospero Group,0,0,0
20051214,68139,PRPG',OTC,13.3,1.9,1,0,Prospero Group,0,0,0
20051215,68139,PRPG',OTC,13.3,1.9,0,0,Prospero Group,0,0,0
20051216,68139,PRPG',OTC,13.3,1.9,4,0,Prospero Group,0,0,0
20051219,68139,PRPG',OTC,13.65,1.95,22,0,Prospero Group,0,0,0
20051220,68139,PRPG',OTC,15.4,2.2,33,0,Prospero Group,0,0,0
20051221,68139,PRPG',OTC,15.4,2.2,10,0,Prospero Group,0,0,0
20051222,68139,PRPG',OTC,16.1,2.3,5,0,Prospero Group,0,0,0
20051223,68139,PRPG',OTC,16.8,2.4,16,0,Prospero Group,0,0,0
20051227,68139,PRPG',OTC,18.2,2.6,0,0,Prospero Group,0,0,0
20051228,68139,PRPG',OTC,15.75,2.25,4,0,Prospero Group,0,0,0
20051229,68139,PRPG',OTC,15.75,2.25,0,0,Prospero Group,0,0,0
20051230,68139,PRPG',OTC,15.4,2.2,6,0,Prospero Group,0,0,0
20060103,68139,PRPG',OTC,15.4,2.2,4,0,Prospero Group,0,0,0
20060104,68139,PRPG',OTC,15.4,2.2,2,0,Prospero Group,0,0,0
20060105,68139,PRPG',OTC,15.4,2.2,0,0,Prospero Group,0,0,0
20060106,68139,PRPG',OTC,15.4,2.2,2,0,Prospero Group,0,0,0
20060109,68139,PRPG',OTC,14.49,2.07,9,0,Prospero Group,0,0,0
20060110,68139,PRPG',OTC,15.75,2.25,0,0,Prospero Group,0,0,0
20060111,68139,PRPG',OTC,14,2,7,0,Prospero Group,0,0,0
20060112,68139,PRPG',OTC,14,2,1,0,Prospero Group,0,0,0
20060113,68139,PRPG',OTC,14,2,0,0,Prospero Group,0,0,0
20060117,68139,PRPG',OTC,14,2,0,0,Prospero Group,0,0,0
20060118,68139,PRPG',OTC,14,2,0,0,Prospero Group,0,0,0
20060119,68139,PRPG',OTC,12.95,1.85,6,0,Prospero Group,0,0,0
20060120,68139,PRPG',OTC,14.7,2.1,19,0,Prospero Group,0,0,0
20060123,68139,PRPG',OTC,12.6,1.8,5,0,Prospero Group,0,0,0
20060124,68139,PRPG',OTC,12.6,1.8,0,0,Prospero Group,0,0,0
20060125,68139,PRPG',OTC,14,2,1,0,Prospero Group,0,0,0
20060126,68139,PRPG',OTC,13.3,1.9,2,0,Prospero Group,0,0,0
20060127,68139,PRPG',OTC,13.3,1.9,0,0,Prospero Group,0,0,0
20060130,68139,PRPG',OTC,14,2,5,0,Prospero Group,0,0,0
20060131,68139,PRPG',OTC,14,2,0,0,Prospero Group,0,0,0
20060201,68139,PRPG',OTC,14,2,0,0,Prospero Group,0,0,0
20060202,68139,PRPG',OTC,14,2,0,0,Prospero Group,0,0,0
20060203,68139,PRPG',OTC,12.95,1.85,5,0,Prospero Group,0,0,0
20060206,68139,PRPG',OTC,13.65,1.95,4,0,Prospero Group,0,0,0
20060207,68139,PRPG',OTC,13.65,1.95,0,0,Prospero Group,0,0,0
20060208,68139,PRPG',OTC,13.65,1.95,0,0,Prospero Group,0,0,0
20060209,68139,PRPG',OTC,13.65,1.95,0,0,Prospero Group,0,0,0
20060210,68139,PRPG',OTC,13.65,1.95,1,0,Prospero Group,0,0,0
20060213,68139,PRPG',OTC,13.65,1.95,0,0,Prospero Group,0,0,0
20060214,68139,PRPG',OTC,13.65,1.95,0,0,Prospero Group,0,0,0
20060215,68139,PRPG',OTC,12.25,1.75,4,0,Prospero Group,0,0,0
20060216,68139,PRPG',OTC,12.25,1.75,2,0,Prospero Group,0,0,0
20060217,68139,PRPG',OTC,12.25,1.75,0,0,Prospero Group,0,0,0
20060221,68139,PRPG',OTC,12.25,1.75,0,0,Prospero Group,0,0,0
20060222,68139,PRPG',OTC,12.25,1.75,0,0,Prospero Group,0,0,0
20060223,68139,PRPG',OTC,12.25,1.75,0,0,Prospero Group,0,0,0
20060224,68139,PRPG',OTC,12.6,1.8,1,0,Prospero Group,0,0,0
20060227,68139,PRPG',OTC,12.6,1.8,0,0,Prospero Group,0,0,0
20060228,68139,PRPG',OTC,12.6,1.8,2,0,Prospero Group,0,0,0
20060301,68139,PRPG',OTC,12.6,1.8,0,0,Prospero Group,0,0,0
20060302,68139,PRPG',OTC,12.6,1.8,0,0,Prospero Group,0,0,0
20060303,68139,PRPG',OTC,12.6,1.8,1,0,Prospero Group,0,0,0
20060306,68139,PRPG',OTC,12.6,1.8,0,0,Prospero Group,0,0,0
20060307,68139,PRPG',OTC,12.25,1.75,3,0,Prospero Group,0,0,0
20060308,68139,PRPG',OTC,12.25,1.75,0,0,Prospero Group,0,0,0
20060309,68139,PRPG',OTC,12.25,1.75,0,0,Prospero Group,0,0,0
20060310,68139,PRPG',OTC,12.25,1.75,0,0,Prospero Group,0,0,0
20060313,68139,PRPG',OTC,12.25,1.75,0,0,Prospero Group,0,0,0
20060314,68139,PRPG',OTC,12.25,1.75,2,0,Prospero Group,0,0,0
20060315,68139,PRPG',OTC,12.25,1.75,0,0,Prospero Group,0,0,0
20060316,68139,PRPG',OTC,12.25,1.75,18,0,Prospero Group,0,0,0
20060317,68139,PRPG',OTC,11.9,1.7,1,0,Prospero Group,0,0,0
20060320,68139,PRPG',OTC,11.9,1.7,0,0,Prospero Group,0,0,0
20060321,68139,PRPG',OTC,11.9,1.7,5,0,Prospero Group,0,0,0
20060322,68139,PRPG',OTC,11.55,1.65,1,0,Prospero Group,0,0,0
20060323,68139,PRPG',OTC,11.55,1.65,12,0,Prospero Group,0,0,0
20060324,68139,PRPG',OTC,11.55,1.65,0,0,Prospero Group,0,0,0
20060327,68139,PRPG',OTC,11.55,1.65,0,0,Prospero Group,0,0,0
20060328,68139,PRPG',OTC,11.55,1.65,0,0,Prospero Group,0,0,0
20060329,68139,PRPG',OTC,11.55,1.65,0,0,Prospero Group,0,0,0
20060330,68139,PRPG',OTC,11.55,1.65,1,0,Prospero Group,0,0,0
20060331,68139,PRPG',OTC,10.85,1.55,17,0,Prospero Group,0,0,0
20060403,68139,PRPG',OTC,10.85,1.55,0,0,Prospero Group,0,0,0
20060404,68139,PRPG',OTC,10.85,1.55,0,0,Prospero Group,0,0,0
20060405,68139,PRPG',OTC,9.45,1.35,1,0,Prospero Group,0,0,0
20060406,68139,PRPG',OTC,9.45,1.35,0,0,Prospero Group,0,0,0
20060407,68139,PRPG',OTC,9.45,1.35,0,0,Prospero Group,0,0,0
20060410,68139,PRPG',OTC,9.45,1.35,0,0,Prospero Group,0,0,0
20060411,68139,PRPG',OTC,7.7,1.1,6,0,Prospero Group,0,0,0
20060412,68139,PRPG',OTC,8.75,1.25,1,0,Prospero Group,0,0,0
20060413,68139,PRPG',OTC,9.8,1.4,4,0,Prospero Group,0,0,0
20060417,68139,PRPG',OTC,10.85,1.55,8,0,Prospero Group,0,0,0
20060418,68139,PRPG',OTC,11.2,1.6,12,0,Prospero Group,0,0,0
20060419,68139,PRPG',OTC,13.65,1.95,16,0,Prospero Group,0,0,0
20060420,68139,PRPG',OTC,12.95,1.85,17,0,Prospero Group,0,0,0
20060421,68139,PRPG',OTC,12.95,1.85,3,0,Prospero Group,0,0,0
20060424,68139,PRPG',OTC,12.25,1.75,3,0,Prospero Group,0,0,0
20060425,68139,PRPG',OTC,11.9,1.7,2,0,Prospero Group,0,0,0
20060426,68139,PRPG',OTC,11.9,1.7,3,0,Prospero Group,0,0,0
20060427,68139,PRPG',OTC,11.2,1.6,11,0,Prospero Group,0,0,0
20060428,68139,PRPG',OTC,11.55,1.65,6,0,Prospero Group,0,0,0
20060501,68139,PRPG',OTC,11.55,1.65,10,0,Prospero Group,0,0,0
20060502,68139,PRPG',OTC,11.9,1.7,1,0,Prospero Group,0,0,0
20060503,68139,PRPG',OTC,11.69,1.67,2,0,Prospero Group,0,0,0
20060504,68139,PRPG',OTC,11.69,1.67,2,0,Prospero Group,0,0,0
20060505,68139,PRPG',OTC,11.69,1.67,0,0,Prospero Group,0,0,0
20060508,68139,PRPG',OTC,11.2,1.6,1,0,Prospero Group,0,0,0
20060509,68139,PRPG',OTC,11.55,1.65,5,0,Prospero Group,0,0,0
20060510,68139,PRPG',OTC,12.6,1.8,19,0,Prospero Group,0,0,0
20060511,68139,PRPG',OTC,14,2,13,0,Prospero Group,0,0,0
20060512,68139,PRPG',OTC,15.33,2.19,24,0,Prospero Group,0,0,0
20060515,68139,PRPG',OTC,13.65,1.95,114,0,Prospero Group,0,0,0
20060516,68139,PRPG',OTC,13.93,1.99,34,0,Prospero Group,0,0,0
20060517,68139,PRPG',OTC,13.3,1.9,1,0,Prospero Group,0,0,0
20060518,68139,PRPG',OTC,13.3,1.9,2,0,Prospero Group,0,0,0
20060519,68139,PRPG',OTC,12.95,1.85,1,0,Prospero Group,0,0,0
20060522,68139,PRPG',OTC,12.95,1.85,2,0,Prospero Group,0,0,0
20060523,68139,PRPG',OTC,11.9,1.7,6,0,Prospero Group,0,0,0
20060524,68139,PRPG',OTC,12.25,1.75,18,0,Prospero Group,0,0,0
20060525,68139,PRPG',OTC,12.25,1.75,0,0,Prospero Group,0,0,0
20060526,68139,PRPG',OTC,12.6,1.8,12,0,Prospero Group,0,0,0
20060530,68139,PRPG',OTC,12.25,1.75,14,0,Prospero Group,0,0,0
20060531,68139,PRPG',OTC,12.6,1.8,7,0,Prospero Group,0,0,0
20060601,68139,PRPG',OTC,11.9,1.7,6,0,Prospero Group,0,0,0
20060602,68139,PRPG',OTC,11.9,1.7,0,0,Prospero Group,0,0,0
20060605,68139,PRPG',OTC,10.85,1.55,3,0,Prospero Group,0,0,0
20060606,68139,PRPG',OTC,10.5,1.5,11,0,Prospero Group,0,0,0
20060607,68139,PRPG',OTC,9.1,1.3,3,0,Prospero Group,0,0,0
20060608,68139,PRPG',OTC,11.55,1.65,79,0,Prospero Group,0,0,0
20060609,68139,PRPG',OTC,10.85,1.55,13,0,Prospero Group,0,0,0
20060612,68139,PRPG',OTC,10.15,1.45,2,0,Prospero Group,0,0,0
20060613,68139,PRPG',OTC,9.8,1.4,1,0,Prospero Group,0,0,0
20060614,68139,PRPG',OTC,9.8,1.4,0,0,Prospero Group,0,0,0
20060615,68139,PRPG',OTC,11.55,1.65,234,0,Prospero Group,0,0,0
20060616,68139,PRPG',OTC,10.92,1.56,1,0,Prospero Group,0,0,0
20060619,68139,PRPG',OTC,10.5,1.5,15,0,Prospero Group,0,0,0
20060620,68139,PRPG',OTC,10.5,1.5,25,0,Prospero Group,0,0,0
20060621,68139,PRPG',OTC,10.5,1.5,9,0,Prospero Group,0,0,0
20060622,68139,PRPG',OTC,10.85,1.55,27,0,Prospero Group,0,0,0
20060623,68139,PRPG',OTC,11.2,1.6,34,0,Prospero Group,0,0,0
20060626,68139,PRPG',OTC,11.2,1.6,7,0,Prospero Group,0,0,0
20060627,68139,PRPG',OTC,11.2,1.6,13,0,Prospero Group,0,0,0
20060628,68139,PRPG',OTC,11.2,1.6,54,0,Prospero Group,0,0,0
20060629,68139,PRPG',OTC,10.64,1.52,12,0,Prospero Group,0,0,0
20060630,68139,PRPG',OTC,10.64,1.52,0,0,Prospero Group,0,0,0
20060703,68139,PRPG',OTC,10.64,1.52,0,0,Prospero Group,0,0,0
20060705,68139,PRPG',OTC,10.85,1.55,6,0,Prospero Group,0,0,0
20060706,68139,PRPG',OTC,10.85,1.55,0,0,Prospero Group,0,0,0
20060707,68139,PRPG',OTC,10.85,1.55,0,0,Prospero Group,0,0,0
20060710,68139,PRPG',OTC,10.5,1.5,7,0,Prospero Group,0,0,0
20060711,68139,PRPG',OTC,10.5,1.5,0,0,Prospero Group,0,0,0
20060712,68139,PRPG',OTC,10.08,1.44,1,0,Prospero Group,0,0,0
20060713,68139,PRPG',OTC,10.08,1.44,11,0,Prospero Group,0,0,0
20060714,68139,PRPG',OTC,9.73,1.39,1,0,Prospero Group,0,0,0
20060717,68139,PRPG',OTC,8.05,1.15,11,0,Prospero Group,0,0,0
20060718,68139,PRPG',OTC,8.05,1.15,0,0,Prospero Group,0,0,0
20060719,68139,PRPG',OTC,9.1,1.3,1,0,Prospero Group,0,0,0
20060720,68139,PRPG',OTC,9.45,1.35,4,0,Prospero Group,0,0,0
20060721,68139,PRPG',OTC,9.45,1.35,3,0,Prospero Group,0,0,0
20060724,68139,PRPG',OTC,9.45,1.35,4,0,Prospero Group,0,0,0
20060725,68139,PRPG',OTC,9.45,1.35,0,0,Prospero Group,0,0,0
20060726,68139,PRPG',OTC,9.45,1.35,0,0,Prospero Group,0,0,0
20060727,68139,PRPG',OTC,9.45,1.35,0,0,Prospero Group,0,0,0
20060728,68139,PRPG',OTC,9.45,1.35,0,0,Prospero Group,0,0,0
20060731,68139,PRPG',OTC,9.45,1.35,0,0,Prospero Group,0,0,0
20060801,68139,PRPG',OTC,9.8,1.4,1,0,Prospero Group,0,0,0
20060802,68139,PRPG',OTC,9.8,1.4,0,0,Prospero Group,0,0,0
20060803,68139,PRPG',OTC,9.8,1.4,0,0,Prospero Group,0,0,0
20060804,68139,PRPG',OTC,9.8,1.4,0,0,Prospero Group,0,0,0
20060807,68139,PRPG',OTC,10.5,1.5,24,0,Prospero Group,0,0,0
20060808,68139,PRPG',OTC,10.85,1.55,1,0,Prospero Group,0,0,0
20060809,68139,PRPG',OTC,10.85,1.55,1,0,Prospero Group,0,0,0
20060810,68139,PRPG',OTC,10.85,1.55,0,0,Prospero Group,0,0,0
20060811,68139,PRPG',OTC,10.85,1.55,0,0,Prospero Group,0,0,0
20060814,68139,PRPG',OTC,10.85,1.55,0,0,Prospero Group,0,0,0
20060815,68139,PRPG',OTC,10.5,1.5,1,0,Prospero Group,0,0,0
20060816,68139,PRPG',OTC,10.5,1.5,0,0,Prospero Group,0,0,0
20060817,68139,PRPG',OTC,10.5,1.5,0,0,Prospero Group,0,0,0
20060818,68139,PRPG',OTC,10.5,1.5,0,0,Prospero Group,0,0,0
20060821,68139,PRPG',OTC,10.5,1.5,0,0,Prospero Group,0,0,0
20060822,68139,PRPG',OTC,10.5,1.5,0,0,Prospero Group,0,0,0
20060823,68139,PRPG',OTC,10.5,1.5,0,0,Prospero Group,0,0,0
20060824,68139,PRPG',OTC,10.5,1.5,0,0,Prospero Group,0,0,0
20060825,68139,PRPG',OTC,9.8,1.4,4,0,Prospero Group,0,0,0
20060828,68139,PRPG',OTC,10.15,1.45,1,0,Prospero Group,0,0,0
20060829,68139,PRPG',OTC,10.15,1.45,0,0,Prospero Group,0,0,0
20060830,68139,PRPG',OTC,9.1,1.3,3,0,Prospero Group,0,0,0
20060831,68139,PRPG',OTC,9.1,1.3,0,0,Prospero Group,0,0,0
20060901,68139,PRPG',OTC,9.1,1.3,0,0,Prospero Group,0,0,0
20060905,68139,PRPG',OTC,9.1,1.3,3,0,Prospero Group,0,0,0
20060906,68139,PRPG',OTC,9.1,1.3,6,0,Prospero Group,0,0,0
20060907,68139,PRPG',OTC,9.8,1.4,3,0,Prospero Group,0,0,0
20060908,68139,PRPG',OTC,9.8,1.4,1,0,Prospero Group,0,0,0
20060911,68139,PRPG',OTC,8.75,1.25,1,0,Prospero Group,0,0,0
20060912,68139,PRPG',OTC,9.1,1.3,20,0,Prospero Group,0,0,0
20060913,68139,PRPG',OTC,9.31,1.33,10,0,Prospero Group,0,0,0
20060914,68139,PRPG',OTC,9.45,1.35,25,0,Prospero Group,0,0,0
20060915,68139,PRPG',OTC,9.1,1.3,3,0,Prospero Group,0,0,0
20060918,68139,PRPG',OTC,9.1,1.3,0,0,Prospero Group,0,0,0
20060919,68139,PRPG',OTC,7.7,1.1,3,0,Prospero Group,0,0,0
20060920,68139,PRPG',OTC,7.7,1.1,0,0,Prospero Group,0,0,0
20060921,68139,PRPG',OTC,7.7,1.1,0,0,Prospero Group,0,0,0
20060922,68139,PRPG',OTC,7.7,1.1,4,0,Prospero Group,0,0,0
20060925,68139,PRPG',OTC,7.7,1.1,1,0,Prospero Group,0,0,0
20060926,68139,PRPG',OTC,7.7,1.1,0,0,Prospero Group,0,0,0
20060927,68139,PRPG',OTC,7.7,1.1,0,0,Prospero Group,0,0,0
20060928,68139,PRPG',OTC,7.7,1.1,0,0,Prospero Group,0,0,0
20060929,68139,PRPG',OTC,7.7,1.1,0,0,Prospero Group,0,0,0
20061002,68139,PRPG',OTC,7.7,1.1,0,0,Prospero Group,0,0,0
20061003,68139,PRPG',OTC,7.7,1.1,7,0,Prospero Group,0,0,0
20061004,68139,PRPG',OTC,7.7,1.1,1,0,Prospero Group,0,0,0
20061005,68139,PRPG',OTC,7.7,1.1,0,0,Prospero Group,0,0,0
20061006,68139,PRPG',OTC,7.7,1.1,0,0,Prospero Group,0,0,0
20061009,68139,PRPG',OTC,7.7,1.1,0,0,Prospero Group,0,0,0
20061010,68139,PRPG',OTC,7.7,1.1,0,0,Prospero Group,0,0,0
20061011,68139,PRPG',OTC,7.7,1.1,0,0,Prospero Group,0,0,0
20061012,68139,PRPG',OTC,7.7,1.1,0,0,Prospero Group,0,0,0
20061013,68139,PRPG',OTC,7.7,1.1,0,0,Prospero Group,0,0,0
20061016,68139,PRPG',OTC,7.7,1.1,0,0,Prospero Group,0,0,0
20061017,68139,PRPG',OTC,7.7,1.1,0,0,Prospero Group,0,0,0
20061018,68139,PRPG',OTC,7.7,1.1,0,0,Prospero Group,0,0,0
20061019,68139,PRPG',OTC,7.7,1.1,0,0,Prospero Group,0,0,0
20061020,68139,PRPG',OTC,7.7,1.1,0,0,Prospero Group,0,0,0
20061023,68139,PRPG',OTC,7.7,1.1,0,0,Prospero Group,0,0,0
20061024,68139,PRPG',OTC,7.7,1.1,0,0,Prospero Group,0,0,0
20061025,68139,PRPG',OTC,7.7,1.1,0,0,Prospero Group,0,0,0
20061026,68139,PRPG',OTC,4.55,0.65,2,0,Prospero Group,0,0,0
20061027,68139,PRPG',OTC,4.55,0.65,1,0,Prospero Group,0,0,0
20061030,68139,PRPG',OTC,4.55,0.65,0,0,Prospero Group,0,0,0
20061031,68139,PRPG',OTC,4.2,0.6,3,0,Prospero Group,0,0,0
20061101,68139,PRPG',OTC,5.25,0.75,5,0,Prospero Group,0,0,0
20061102,68139,PRPG',OTC,5.25,0.75,0,0,Prospero Group,0,0,0
20061103,68139,PRPG',OTC,5.25,0.75,0,0,Prospero Group,0,0,0
20061106,68139,PRPG',OTC,5.25,0.75,0,0,Prospero Group,0,0,0
20061107,68139,PRPG',OTC,4.2,0.6,4,0,Prospero Group,0,0,0
20061108,68139,PRPG',OTC,4.2,0.6,3,0,Prospero Group,0,0,0
20061109,68139,PRPG',OTC,3.64,0.52,11,0,Prospero Group,0,0,0
20061110,68139,PRPG',OTC,4.2,0.6,6,0,Prospero Group,0,0,0
20061113,68139,PRPG',OTC,4.2,0.6,0,0,Prospero Group,0,0,0
20061114,68139,PRPG',OTC,4.2,0.6,0,0,Prospero Group,0,0,0
20061115,68139,PRPG',OTC,4.2,0.6,0,0,Prospero Group,0,0,0
20061116,68139,PRPG',OTC,2.17,0.31,31,0,Prospero Group,0,0,0
20061117,68139,PRPG',OTC,2.8,0.4,19,0,Prospero Group,0,0,0
20061120,68139,PRPG',OTC,2.8,0.4,0,0,Prospero Group,0,0,0
20061121,68139,PRPG',OTC,2.8,0.4,4,0,Prospero Group,0,0,0
20061122,68139,PRPG',OTC,2.8,0.4,0,0,Prospero Group,0,0,0
20061124,68139,PRPG',OTC,2.1,0.3,7,0,Prospero Group,0,0,0
20061127,68139,PRPG',OTC,2.1,0.3,14,0,Prospero Group,0,0,0
20061128,68139,PRPG',OTC,2.8,0.4,1,0,Prospero Group,0,0,0
20061129,68139,PRPG',OTC,2.8,0.4,0,0,Prospero Group,0,0,0
20061130,68139,PRPG',OTC,2.8,0.4,0,0,Prospero Group,0,0,0
20061201,68139,PRPG',OTC,2.8,0.4,0,0,Prospero Group,0,0,0
20061204,68139,PRPG',OTC,2.8,0.4,0,0,Prospero Group,0,0,0
20061205,68139,PRPG',OTC,2.8,0.4,0,0,Prospero Group,0,0,0
20061206,68139,PRPG',OTC,2.38,0.34,2,0,Prospero Group,0,0,0
20061207,68139,PRPG',OTC,1.75,0.25,11,0,Prospero Group,0,0,0
20061208,68139,PRPG',OTC,1.75,0.25,4,0,Prospero Group,0,0,0
20061211,68139,PRPG',OTC,1.75,0.25,0,0,Prospero Group,0,0,0
20061212,68139,PRPG',OTC,1.75,0.25,0,0,Prospero Group,0,0,0
20061213,68139,PRPG',OTC,2.24,0.32,7,0,Prospero Group,0,0,0
20061214,68139,PRPG',OTC,2.17,0.31,7,0,Prospero Group,0,0,0
20061215,68139,PRPG',OTC,2.8,0.4,3,0,Prospero Group,0,0,0
20061218,68139,PRPG',OTC,2.45,0.35,26,0,Prospero Group,0,0,0
20061219,68139,PRPG',OTC,2.45,0.35,0,0,Prospero Group,0,0,0
20061220,68139,PRPG',OTC,1.89,0.27,3,0,Prospero Group,0,0,0
20061221,68139,PRPG',OTC,1.89,0.27,11,0,Prospero Group,0,0,0
20061222,68139,PRPG',OTC,1.89,0.27,50,0,Prospero Group,0,0,0
20061226,68139,PRPG',OTC,1.89,0.27,0,0,Prospero Group,0,0,0
20061227,68139,PRPG',OTC,1.89,0.27,0,0,Prospero Group,0,0,0
20061228,68139,PRPG',OTC,1.68,0.24,11,0,Prospero Group,0,0,0
20061229,68139,PRPG',OTC,1.68,0.24,0,0,Prospero Group,0,0,0
20070103,68139,PRPG',OTC,1.05,0.15,11,0,Prospero Group,0,0,0
20070104,68139,PRPG',OTC,1.05,0.15,0,0,Prospero Group,0,0,0
20070105,68139,PRPG',OTC,1.05,0.15,0,0,Prospero Group,0,0,0
20070108,68139,PRPG',OTC,1.54,0.22,14,0,Prospero Group,0,0,0
20070109,68139,PRPG',OTC,1.54,0.22,0,0,Prospero Group,0,0,0
20070110,68139,PRPG',OTC,1.75,0.25,19,0,Prospero Group,0,0,0
20070111,68139,PRPG',OTC,1.75,0.25,0,0,Prospero Group,0,0,0
20070112,68139,PRPG',OTC,1.54,0.22,4,0,Prospero Group,0,0,0
20070116,68139,PRPG',OTC,1.54,0.22,0,0,Prospero Group,0,0,0
20070117,68139,PRPG',OTC,1.54,0.22,0,0,Prospero Group,0,0,0
20070118,68139,PRPG',OTC,1.54,0.22,0,0,Prospero Group,0,0,0
20070119,68139,PRPG',OTC,1.54,0.22,14,0,Prospero Group,0,0,0
20070122,68139,PRPG',OTC,1.54,0.22,0,0,Prospero Group,0,0,0
20070123,68139,PRPG',OTC,1.12,0.16,14,0,Prospero Group,0,0,0
20070124,68139,PRPG',OTC,1.12,0.16,0,0,Prospero Group,0,0,0
20070125,68139,PRPG',OTC,1.12,0.16,0,0,Prospero Group,0,0,0
20070126,68139,PRPG',OTC,1.12,0.16,0,0,Prospero Group,0,0,0
20070129,68139,PRPG',OTC,1.19,0.17,21,0,Prospero Group,0,0,0
20070130,68139,PRPG',OTC,1.19,0.17,0,0,Prospero Group,0,0,0
20070131,68139,PRPG',OTC,1.19,0.17,3,0,Prospero Group,0,0,0
20070201,68139,PRPG',OTC,1.4,0.2,7,0,Prospero Group,0,0,0
20070202,68139,PRPG',OTC,1.4,0.2,0,0,Prospero Group,0,0,0
20070205,68139,PRPG',OTC,1.54,0.22,14,0,Prospero Group,0,0,0
20070206,68139,PRPG',OTC,1.54,0.22,0,0,Prospero Group,0,0,0
20070207,68139,PRPG',OTC,1.82,0.26,14,0,Prospero Group,0,0,0
20070208,68139,PRPG',OTC,1.82,0.26,0,0,Prospero Group,0,0,0
20070209,68139,PRPG',OTC,1.82,0.26,0,0,Prospero Group,0,0,0
20070212,68139,PRPG',OTC,1.82,0.26,0,0,Prospero Group,0,0,0
20070213,68139,PRPG',OTC,1.82,0.26,0,0,Prospero Group,0,0,0
20070214,68139,PRPG',OTC,1.05,0.15,2,0,Prospero Group,0,0,0
20070215,68139,PRPG',OTC,1.05,0.15,0,0,Prospero Group,0,0,0
20070216,68139,PRPG',OTC,1.05,0.15,0,0,Prospero Group,0,0,0
20070220,68139,PRPG',OTC,1.05,0.15,0,0,Prospero Group,0,0,0
20070221,68139,PRPG',OTC,1.05,0.15,0,0,Prospero Group,0,0,0
20070222,68139,PRPG',OTC,1.05,0.15,0,0,Prospero Group,0,0,0
20070223,68139,PRPG',OTC,1.05,0.15,0,0,Prospero Group,0,0,0
20070226,68139,PRPG',OTC,1.05,0.15,0,0,Prospero Group,0,0,0
20070227,68139,PRPG',OTC,1.05,0.15,0,0,Prospero Group,0,0,0
20070228,68139,PRPG',OTC,1.4,0.2,7,0,Prospero Group,0,0,0
20070301,68139,PRPG',OTC,1.4,0.2,0,0,Prospero Group,0,0,0
20070302,68139,PRPG',OTC,1.05,0.15,12,0,Prospero Group,0,0,0
20070305,68139,PRPG',OTC,1.05,0.15,0,0,Prospero Group,0,0,0
20070306,68139,PRPG',OTC,1.05,0.15,0,0,Prospero Group,0,0,0
20070307,68139,PRPG',OTC,1.05,0.15,0,0,Prospero Group,0,0,0
20070308,68139,PRPG',OTC,1.05,0.15,0,0,Prospero Group,0,0,0
20070309,68139,PRPG',OTC,1.05,0.15,0,0,Prospero Group,0,0,0
20070312,68139,PRPG',OTC,1.05,0.15,0,0,Prospero Group,0,0,0
20070313,68139,PRPG',OTC,1.05,0.15,0,0,Prospero Group,0,0,0
20070314,68139,PRPG',OTC,1.05,0.15,0,0,Prospero Group,0,0,0
20070315,68139,PRPG',OTC,1.05,0.15,0,0,Prospero Group,0,0,0
20070316,68139,PRPG',OTC,1.05,0.15,0,0,Prospero Group,0,0,0
20070319,68139,PRPG',OTC,1.05,0.15,0,0,Prospero Group,0,0,0
20070320,68139,PRPG',OTC,1.05,0.15,0,0,Prospero Group,0,0,0
20070321,68139,PRPG',OTC,1.05,0.15,0,0,Prospero Group,0,0,0
20070322,68139,PRPG',OTC,1.05,0.15,0,0,Prospero Group,0,0,0
20070323,68139,PRPG',OTC,1.05,0.15,0,0,Prospero Group,0,0,0
20070326,68139,PRPG',OTC,1.05,0.15,0,0,Prospero Group,0,0,0
20070327,68139,PRPG',OTC,1.05,0.15,0,0,Prospero Group,0,0,0
20070328,68139,PRPG',OTC,1.05,0.15,0,0,Prospero Group,0,0,0
20070329,68139,PRPG',OTC,1.05,0.15,0,0,Prospero Group,0,0,0
20070330,68139,PRPG',OTC,1.05,0.15,0,0,Prospero Group,0,0,0
20070402,68139,PRPG',OTC,1.05,0.15,0,0,Prospero Group,0,0,0
20070403,68139,PRPG',OTC,1.05,0.15,0,0,Prospero Group,0,0,0
20070404,68139,PRPG',OTC,1.05,0.15,0,0,Prospero Group,0,0,0
20070405,68139,PRPG',OTC,1.05,0.15,0,0,Prospero Group,0,0,0
20070409,68139,PRPG',OTC,1.05,0.15,0,0,Prospero Group,0,0,0
20070410,68139,PRPG',OTC,1.05,0.15,0,0,Prospero Group,0,0,0
20070411,68139,PRPG',OTC,1.05,0.15,0,0,Prospero Group,0,0,0
20070412,68139,PRPG',OTC,1.05,0.15,0,0,Prospero Group,0,0,0
20070413,68139,PRPG',OTC,1.05,0.15,0,0,Prospero Group,0,0,0
20070416,68139,PRPG',OTC,1.05,0.15,0,0,Prospero Group,0,0,0
20070417,68139,PRPG',OTC,1.05,0.15,0,0,Prospero Group,0,0,0
20070418,68139,PRPG',OTC,1.05,0.15,0,0,Prospero Group,0,0,0
20070419,68139,PRPG',OTC,1.05,0.15,0,0,Prospero Group,0,0,0
20070420,68139,PRPG',OTC,1.05,0.15,0,0,Prospero Group,0,0,0
20070423,68139,PRPG',OTC,1.05,0.15,0,0,Prospero Group,0,0,0
20070424,68139,PRPG',OTC,1.05,0.15,0,0,Prospero Group,0,0,0
20070425,68139,PRPG',OTC,1.05,0.15,0,0,Prospero Group,0,0,0
20070426,68139,PRPG',OTC,1.05,0.15,0,0,Prospero Group,0,0,0
20070427,68139,PRPG',OTC,0.7,0.1,1,0,Prospero Group,0,0,0
20070430,68139,PRPG',OTC,0.7,0.1,0,0,Prospero Group,0,0,0
20070501,68139,PRPG',OTC,0.7,0.1,0,0,Prospero Group,0,0,0
20070502,68139,PRPG',OTC,0.7,0.1,0,0,Prospero Group,0,0,0
20070503,68139,PRPG',OTC,0.7,0.1,0,0,Prospero Group,0,0,0
20070504,68139,PRPG',OTC,0.7,0.1,0,0,Prospero Group,0,0,0
20070507,68139,PRPG',OTC,0.7,0.1,0,0,Prospero Group,0,0,0
20070508,68139,PRPG',OTC,0.7,0.1,0,0,Prospero Group,0,0,0
20070509,68139,PRPG',OTC,0.7,0.1,0,0,Prospero Group,0,0,0
20070510,68139,PRPG',OTC,0.7,0.1,0,0,Prospero Group,0,0,0
20070511,68139,PRPG',OTC,0.7,0.1,0,0,Prospero Group,0,0,0
20070514,68139,PRPG',OTC,0.7,0.1,0,0,Prospero Group,0,0,0
20070515,68139,PRPG',OTC,0.7,0.1,0,0,Prospero Group,0,0,0
20070516,68139,PRPG',OTC,0.7,0.1,0,0,Prospero Group,0,0,0
20070517,68139,PRPG',OTC,0.7,0.1,0,0,Prospero Group,0,0,0
20070518,68139,PRPG',OTC,0.7,0.1,0,0,Prospero Group,0,0,0
20070521,68139,PRPG',OTC,0.7,0.1,0,0,Prospero Group,0,0,0
20070522,68139,PRPG',OTC,0.7,0.1,0,0,Prospero Group,0,0,0
20070523,68139,PRPG',OTC,0.7,0.1,0,0,Prospero Group,0,0,0
20070524,68139,PRPG',OTC,0.7,0.1,0,0,Prospero Group,0,0,0
20070525,68139,PRPG',OTC,0.7,0.1,0,0,Prospero Group,0,0,0
20070529,68139,PRPG',OTC,0.7,0.1,0,0,Prospero Group,0,0,0
20070530,68139,PRPG',OTC,0.7,0.1,0,0,Prospero Group,0,0,0
20070531,68139,PRPG',OTC,0.7,0.1,0,0,Prospero Group,0,0,0
20070601,68139,PRPG',OTC,0.7,0.1,0,0,Prospero Group,0,0,0
20070604,68139,PRPG',OTC,0.7,0.1,0,0,Prospero Group,0,0,0
20070605,68139,PRPG',OTC,0.7,0.1,0,0,Prospero Group,0,0,0
20070606,68139,PRPG',OTC,0.7,0.1,0,0,Prospero Group,0,0,0
20070607,68139,PRPG',OTC,0.7,0.1,0,0,Prospero Group,0,0,0
20070608,68139,PRPG',OTC,0.7,0.1,0,0,Prospero Group,0,0,0
20070611,68139,PRPG',OTC,0.7,0.1,0,0,Prospero Group,0,0,0
20070612,68139,PRPG',OTC,0.7,0.1,0,0,Prospero Group,0,0,0
20070613,68139,PRPG',OTC,0.7,0.1,0,0,Prospero Group,0,0,0
20070614,68139,PRPG',OTC,0.7,0.1,0,0,Prospero Group,0,0,0
20070615,68139,PRPG',OTC,0.7,0.1,0,0,Prospero Group,0,0,0
20070618,68139,PRPG',OTC,0.7,0.1,0,0,Prospero Group,0,0,0
20070619,68139,PRPG',OTC,0.7,0.1,0,0,Prospero Group,0,0,0
20070620,68139,PRPG',OTC,0.7,0.1,0,0,Prospero Group,0,0,0
20070621,68139,PRPG',OTC,0.7,0.1,0,0,Prospero Group,0,0,0
20070622,68139,PRPG',OTC,0.7,0.1,0,0,Prospero Group,0,0,0
20070625,68139,PRPG',OTC,0.7,0.1,0,0,Prospero Group,0,0,0
20070626,68139,PRPG',OTC,0.7,0.1,0,0,Prospero Group,0,0,0
20070627,68139,PRPG',OTC,0.7,0.1,0,0,Prospero Group,0,0,0
20070628,68139,PRPG',OTC,0.7,0.1,0,0,Prospero Group,0,0,0
20070629,68139,PRPG',OTC,0.7,0.1,0,0,Prospero Group,0,0,0
20070702,68139,PRPG',OTC,0.7,0.1,0,0,Prospero Group,0,0,0
20070703,68139,PRPG',OTC,0.7,0.1,0,0,Prospero Group,0,0,0
20070705,68139,PRPG',OTC,0.7,0.1,0,0,Prospero Group,0,0,0
20070706,68139,PRPG',OTC,0.7,0.1,0,0,Prospero Group,0,0,0
20070709,68139,PRPG',OTC,0.7,0.1,0,0,Prospero Group,0,0,0
20070710,68139,PRPG',OTC,0.7,0.1,0,0,Prospero Group,0,0,0
20070711,68139,PRPG',OTC,0.7,0.1,0,0,Prospero Group,0,0,0
20070712,68139,PRPG',OTC,0.7,0.1,0,0,Prospero Group,0,0,0
20070713,68139,PRPG',OTC,3.36,0.48,25,0,Prospero Group,0,0,0
20070716,68139,PRPG',OTC,3.36,0.48,0,0,Prospero Group,0,0,0
20070717,68139,PRPG',OTC,3.36,0.48,0,0,Prospero Group,0,0,0
20070718,68139,PRPG',OTC,3.36,0.48,0,0,Prospero Group,0,0,0
20070719,68139,PRPG',OTC,3.36,0.48,0,0,Prospero Group,0,0,0
20070720,68139,PRPG',OTC,3.36,0.48,0,0,Prospero Group,0,0,0
20070723,68139,PRPG',OTC,3.36,0.48,0,0,Prospero Group,0,0,0
20070724,68139,PRPG',OTC,3.36,0.48,0,0,Prospero Group,0,0,0
20070725,68139,PRPG',OTC,3.36,0.48,0,0,Prospero Group,0,0,0
20070726,68139,PRPG',OTC,3.36,0.48,0,0,Prospero Group,0,0,0
20070727,68139,PRPG',OTC,3.36,0.48,0,0,Prospero Group,0,0,0
20070730,68139,PRPG',OTC,3.36,0.48,0,0,Prospero Group,0,0,0
20070731,68139,PRPG',OTC,3.36,0.48,0,0,Prospero Group,0,0,0
20070801,68139,PRPG',OTC,3.36,0.48,0,0,Prospero Group,0,0,0
20070802,68139,PRPG',OTC,3.36,0.48,0,0,Prospero Group,0,0,0
20070803,68139,PRPG',OTC,3.36,0.48,0,0,Prospero Group,0,0,0
20070806,68139,PRPG',OTC,3.36,0.48,0,0,Prospero Group,0,0,0
20070807,68139,PRPG',OTC,3.36,0.48,0,0,Prospero Group,0,0,0
20070808,68139,PRPG',OTC,3.36,0.48,0,0,Prospero Group,0,0,0
20070809,68139,PRPG',OTC,3.36,0.48,0,0,Prospero Group,0,0,0
20070810,68139,PRPG',OTC,3.36,0.48,0,0,Prospero Group,0,0,0
20070813,68139,PRPG',OTC,3.36,0.48,0,0,Prospero Group,0,0,0
20070814,68139,PRPG',OTC,3.36,0.48,0,0,Prospero Group,0,0,0
20070815,68139,PRPG',OTC,3.36,0.48,0,0,Prospero Group,0,0,0
20070816,68139,PRPG',OTC,3.36,0.48,0,0,Prospero Group,0,0,0
20070817,68139,PRPG',OTC,3.36,0.48,0,0,Prospero Group,0,0,0
20070820,68139,PRPG',OTC,3.36,0.48,0,0,Prospero Group,0,0,0
20070821,68139,PRPG',OTC,3.36,0.48,0,0,Prospero Group,0,0,0
20070822,68139,PRPG',OTC,3.36,0.48,0,0,Prospero Group,0,0,0
20070823,68139,PRPG',OTC,3.36,0.48,0,0,Prospero Group,0,0,0
20070824,68139,PRPG',OTC,3.36,0.48,0,0,Prospero Group,0,0,0
20070827,68139,PRPG',OTC,3.36,0.48,0,0,Prospero Group,0,0,0
20070828,68139,PRPG',OTC,3.36,0.48,0,0,Prospero Group,0,0,0
20070829,68139,PRPG',OTC,3.36,0.48,0,0,Prospero Group,0,0,0
20070830,68139,PRPG',OTC,3.36,0.48,0,0,Prospero Group,0,0,0
20070831,68139,PRPG',OTC,3.36,0.48,0,0,Prospero Group,0,0,0
20070904,68139,PRPG',OTC,3.36,0.48,0,0,Prospero Group,0,0,0
20070905,68139,PRPG',OTC,3.36,0.48,0,0,Prospero Group,0,0,0
20070906,68139,PRPG',OTC,3.36,0.48,0,0,Prospero Group,0,0,0
20070907,68139,PRPG',OTC,3.36,0.48,0,0,Prospero Group,0,0,0
20070910,68139,PRPG',OTC,3.36,0.48,0,0,Prospero Group,0,0,0
20070911,68139,PRPG',OTC,3.36,0.48,0,0,Prospero Group,0,0,0
20070912,68139,PRPG',OTC,3.36,0.48,0,0,Prospero Group,0,0,0
20070913,68139,PRPG',OTC,3.36,0.48,0,0,Prospero Group,0,0,0
20070914,68139,PRPG',OTC,3.36,0.48,0,0,Prospero Group,0,0,0
20070917,68139,PRPG',OTC,3.36,0.48,0,0,Prospero Group,0,0,0
20070918,68139,PRPG',OTC,1.4,0.2,3,0,Prospero Group,0,0,0
20070919,68139,PRPG',OTC,1.4,0.2,0,0,Prospero Group,0,0,0
20070920,68139,PRPG',OTC,1.4,0.2,0,0,Prospero Group,0,0,0
20070921,68139,PRPG',OTC,1.4,0.2,0,0,Prospero Group,0,0,0
20070924,68139,PRPG',OTC,1.4,0.2,0,0,Prospero Group,0,0,0
20070925,68139,PRPG',OTC,1.4,0.2,0,0,Prospero Group,0,0,0
20070926,68139,PRPG',OTC,1.4,0.2,0,0,Prospero Group,0,0,0
20070927,68139,PRPG',OTC,3.57,0.51,14,0,Prospero Group,0,0,0
20070928,68139,PRPG',OTC,3.5,0.5,4,0,Prospero Group,0,0,0
20071001,68139,PRPG',OTC,3.5,0.5,6,0,Prospero Group,0,0,0
20071002,68139,PRPG',OTC,5.67,0.81,22,0,Prospero Group,0,0,0
20071003,68139,PRPG',OTC,7.07,1.01,3,0,Prospero Group,0,0,0
20071004,68139,PRPG',OTC,7,1,31,0,Prospero Group,0,0,0
20071005,68139,PRPG',OTC,7,1,17,0,Prospero Group,0,0,0
20071008,68139,PRPG',OTC,7,1,81,0,Prospero Group,0,0,0
20071009,68139,PRPG',OTC,7,1,0,0,Prospero Group,0,0,0
20071010,68139,PRPG',OTC,5.6,0.8,6,0,Prospero Group,0,0,0
20071011,68139,PRPG',OTC,5.6,0.8,0,0,Prospero Group,0,0,0
20071012,68139,PRPG',OTC,5.25,0.75,7,0,Prospero Group,0,0,0
20071015,68139,PRPG',OTC,5.25,0.75,0,0,Prospero Group,0,0,0
20071016,68139,PRPG',OTC,4.97,0.71,14,0,Prospero Group,0,0,0
20071017,68139,PRPG',OTC,4.97,0.71,0,0,Prospero Group,0,0,0
20071018,68139,PRPG',OTC,4.97,0.71,11,0,Prospero Group,0,0,0
20071019,68139,PRPG',OTC,4.97,0.71,0,0,Prospero Group,0,0,0
20071022,68139,PRPG',OTC,4.97,0.71,0,0,Prospero Group,0,0,0
20071023,68139,PRPG',OTC,4.97,0.71,0,0,Prospero Group,0,0,0
20071024,68139,PRPG',OTC,4.97,0.71,0,0,Prospero Group,0,0,0
20071025,68139,PRPG',OTC,4.97,0.71,22,0,Prospero Group,0,0,0
20071026,68139,PRPG',OTC,4.97,0.71,0,0,Prospero Group,0,0,0
20071029,68139,PRPG',OTC,4.97,0.71,0,0,Prospero Group,0,0,0
20071030,68139,PRPG',OTC,4.97,0.71,20,0,Prospero Group,0,0,0
20071031,68139,PRPG',OTC,4.97,0.71,0,0,Prospero Group,0,0,0
20071101,68139,PRPG',OTC,4.97,0.71,0,0,Prospero Group,0,0,0
20071102,68139,PRPG',OTC,4.48,0.64,4,0,Prospero Group,0,0,0
20071105,68139,PRPG',OTC,4.48,0.64,0,0,Prospero Group,0,0,0
20071106,68139,PRPG',OTC,4.48,0.64,0,0,Prospero Group,0,0,0
20071107,68139,PRPG',OTC,4.48,0.64,0,0,Prospero Group,0,0,0
20071108,68139,PRPG',OTC,4.48,0.64,0,0,Prospero Group,0,0,0
20071109,68139,PRPG',OTC,3.57,0.51,8,0,Prospero Group,0,0,0
20071112,68139,PRPG',OTC,7,1,38,0,Prospero Group,0,0,0
20071113,68139,PRPG',OTC,5.11,0.73,79,0,Prospero Group,0,0,0
20071114,68139,PRPG',OTC,5.11,0.73,64,0,Prospero Group,0,0,0
20071115,68139,PRPG',OTC,5.11,0.73,0,0,Prospero Group,0,0,0
20071116,68139,PRPG',OTC,5.11,0.73,0,0,Prospero Group,0,0,0
20071119,68139,PRPG',OTC,8.75,1.25,150,0,Prospero Group,0,0,0
20071120,68139,PRPG',OTC,7,1,132,0,Prospero Group,0,0,0
20071121,68139,PRPG',OTC,9.1,1.3,34,0,Prospero Group,0,0,0
20071123,68139,PRPG',OTC,13.65,1.95,78,0,Prospero Group,0,0,0
20071126,68139,PRPG',OTC,11.9,1.7,49,0,Prospero Group,0,0,0
20071127,68139,PRPG',OTC,11.9,1.7,0,0,Prospero Group,0,0,0
20071128,68139,PRPG',OTC,10.5,1.5,3,0,Prospero Group,0,0,0
20071129,68139,PRPG',OTC,10.5,1.5,60,0,Prospero Group,0,0,0
20071130,68139,PRPG',OTC,9.8,1.4,0,0,Prospero Group,0,0,0
20071203,68139,PRPG',OTC,10.5,1.5,16,0,Prospero Group,0,0,0
20071204,68139,PRPG',OTC,10.5,1.5,2,0,Prospero Group,0,0,0
20071205,68139,PRPG',OTC,9.45,1.35,21,0,Prospero Group,0,0,0
20071206,68139,PRPG',OTC,8.75,1.25,65,0,Prospero Group,0,0,0
20071207,68139,PRPG',OTC,9.38,1.34,132,0,Prospero Group,0,0,0
20071210,68139,PRPG',OTC,9.1,1.3,74,0,Prospero Group,0,0,0
20071211,68139,PRPG',OTC,8.75,1.25,4,0,Prospero Group,0,0,0
20071212,68139,PRPG',OTC,8.4,1.2,1,0,Prospero Group,0,0,0
20071213,68139,PRPG',OTC,9.1,1.3,50,0,Prospero Group,0,0,0
20071214,68139,PRPG',OTC,9.1,1.3,307,0,Prospero Group,0,0,0
20071217,68139,PRPG',OTC,9.8,1.4,59,0,Prospero Group,0,0,0
20071218,68139,PRPG',OTC,9.8,1.4,0,0,Prospero Group,0,0,0
20071219,68139,PRPG',OTC,9.1,1.3,1,0,Prospero Group,0,0,0
20071220,68139,PRPG',OTC,8.47,1.21,30,0,Prospero Group,0,0,0
20071221,68139,PRPG',OTC,8.75,1.25,27,0,Prospero Group,0,0,0
20071224,68139,PRPG',OTC,8.75,1.25,0,0,Prospero Group,0,0,0
20071226,68139,PRPG',OTC,8.19,1.17,6,0,Prospero Group,0,0,0
20071227,68139,PRPG',OTC,8.4,1.2,3,0,Prospero Group,0,0,0
20071228,68139,PRPG',OTC,7.35,1.05,2,0,Prospero Group,0,0,0
20071231,68139,PRPG',OTC,7.35,1.05,0,0,Prospero Group,0,0,0
20080102,68139,PRPG',OTC,7.35,1.05,0,0,Prospero Group,0,0,0
20080103,68139,PRPG',OTC,7,1,7,0,Prospero Group,0,0,0
20080104,68139,PRPG',OTC,7,1,0,0,Prospero Group,0,0,0
20080107,68139,PRPG',OTC,7,1,0,0,Prospero Group,0,0,0
20080108,68139,PRPG',OTC,6.3,0.9,6,0,Prospero Group,0,0,0
20080109,68139,PRPG',OTC,6.3,0.9,0,0,Prospero Group,0,0,0
20080110,68139,PRPG',OTC,6.3,0.9,0,0,Prospero Group,0,0,0
20080111,68139,PRPG',OTC,4.2,0.6,7,0,Prospero Group,0,0,0
20080114,68139,PRPG',OTC,4.2,0.6,0,0,Prospero Group,0,0,0
20080115,68139,PRPG',OTC,6.16,0.88,21,0,Prospero Group,0,0,0
20080116,68139,PRPG',OTC,6.16,0.88,0,0,Prospero Group,0,0,0
20080117,68139,PRPG',OTC,6.16,0.88,14,0,Prospero Group,0,0,0
20080118,68139,PRPG',OTC,5.74,0.82,51,0,Prospero Group,0,0,0
20080122,68139,PRPG',OTC,6.86,0.98,8,0,Prospero Group,0,0,0
20080123,68139,PRPG',OTC,7.35,1.05,112,0,Prospero Group,0,0,0
20080124,68139,PRPG',OTC,7.35,1.05,75,0,Prospero Group,0,0,0
20080125,68139,PRPG',OTC,7.35,1.05,3,0,Prospero Group,0,0,0
20080128,68139,PRPG',OTC,6.3,0.9,5,0,Prospero Group,0,0,0
20080129,68139,PRPG',OTC,6.3,0.9,6,0,Prospero Group,0,0,0
20080130,68139,PRPG',OTC,5.25,0.75,29,0,Prospero Group,0,0,0
20080131,68139,PRPG',OTC,5.95,0.85,6,0,Prospero Group,0,0,0
20080201,68139,PRPG',OTC,5.95,0.85,33,0,Prospero Group,0,0,0
20080204,68139,PRPG',OTC,5.95,0.85,0,0,Prospero Group,0,0,0
20080205,68139,PRPG',OTC,5.95,0.85,7,0,Prospero Group,0,0,0
20080206,68139,PRPG',OTC,6.3,0.9,16,0,Prospero Group,0,0,0
20080207,68139,PRPG',OTC,6.3,0.9,1,0,Prospero Group,0,0,0
20080208,68139,PRPG',OTC,6.3,0.9,52,0,Prospero Group,0,0,0
20080211,68139,PRPG',OTC,7,1,31,0,Prospero Group,0,0,0
20080212,68139,PRPG',OTC,7.35,1.05,172,0,Prospero Group,0,0,0
20080213,68139,PRPG',OTC,7,1,7,0,Prospero Group,0,0,0
20080214,68139,PRPG',OTC,8.75,1.25,177,0,Prospero Group,0,0,0
20080215,68139,PRPG',OTC,8.05,1.15,8,0,Prospero Group,0,0,0
20080219,68139,PRPG',OTC,8.05,1.15,0,0,Prospero Group,0,0,0
20080220,68139,PRPG',OTC,7.07,1.01,2,0,Prospero Group,0,0,0
20080221,68139,PRPG',OTC,7.07,1.01,0,0,Prospero Group,0,0,0
20080222,68139,PRPG',OTC,7.84,1.12,1,0,Prospero Group,0,0,0
20080225,68139,PRPG',OTC,7.84,1.12,1,0,Prospero Group,0,0,0
20080226,68139,PRPG',OTC,7.28,1.04,5,0,Prospero Group,0,0,0
20080227,68139,PRPG',OTC,7.28,1.04,0,0,Prospero Group,0,0,0
20080228,68139,PRPG',OTC,7.28,1.04,0,0,Prospero Group,0,0,0
20080229,68139,PRPG',OTC,4.2,0.6,0,0,Prospero Group,0,0,0
20080303,68139,PRPG',OTC,7,1,0,0,Prospero Group,0,0,0
20080304,68139,PRPG',OTC,7,1,2,0,Prospero Group,0,0,0
20080305,68139,PRPG',OTC,7,1,0,0,Prospero Group,0,0,0
20080306,68139,PRPG',OTC,7,1,0,0,Prospero Group,0,0,0
20080307,68139,PRPG',OTC,7,1,0,0,Prospero Group,0,0,0
20080310,68139,PRPG',OTC,7,1,297,0,Prospero Group,0,0,0
20080311,68139,PRPG',OTC,7,1,0,0,Prospero Group,0,0,0
20080312,68139,PRPG',OTC,7,1,0,0,Prospero Group,0,0,0
20080313,68139,PRPG',OTC,7,1,0,0,Prospero Group,0,0,0
20080314,68139,PRPG',OTC,7.07,1.01,271,0,Prospero Group,0,0,0
20080317,68139,PRPG',OTC,7.07,1.01,0,0,Prospero Group,0,0,0
20080318,68139,PRPG',OTC,7.07,1.01,0,0,Prospero Group,0,0,0
20080319,68139,PRPG',OTC,6.79,0.97,19,0,Prospero Group,0,0,0
20080320,68139,PRPG',OTC,6.79,0.97,0,0,Prospero Group,0,0,0
20080324,68139,PRPG',OTC,6.79,0.97,0,0,Prospero Group,0,0,0
20080325,68139,PRPG',OTC,6.79,0.97,0,0,Prospero Group,0,0,0
20080326,68139,PRPG',OTC,5.95,0.85,4,0,Prospero Group,0,0,0
20080327,68139,PRPG',OTC,6.09,0.87,1,0,Prospero Group,0,0,0
20080328,68139,PRPG',OTC,5.95,0.85,15,0,Prospero Group,0,0,0
20080331,68139,PRPG',OTC,7,1,124,0,Prospero Group,0,0,0
20080401,68139,PRPG',OTC,7,1,0,0,Prospero Group,0,0,0
20080402,68139,PRPG',OTC,7,1,0,0,Prospero Group,0,0,0
20080403,68139,PRPG',OTC,6.79,0.97,4,0,Prospero Group,0,0,0
20080404,68139,PRPG',OTC,6.3,0.9,8,0,Prospero Group,0,0,0
20080407,68139,PRPG',OTC,4.76,0.68,11,0,Prospero Group,0,0,0
20080408,68139,PRPG',OTC,4.76,0.68,0,0,Prospero Group,0,0,0
20080409,68139,PRPG',OTC,4.76,0.68,0,0,Prospero Group,0,0,0
20080410,68139,PRPG',OTC,3.64,0.52,24,0,Prospero Group,0,0,0
20080411,68139,PRPG',OTC,3.64,0.52,0,0,Prospero Group,0,0,0
20080414,68139,PRPG',OTC,3.64,0.52,8,0,Prospero Group,0,0,0
20080415,68139,PRPG',OTC,3.85,0.55,24,0,Prospero Group,0,0,0
20080416,68139,PRPG',OTC,5.46,0.78,59,0,Prospero Group,0,0,0
20080417,68139,PRPG',OTC,6.44,0.92,125,0,Prospero Group,0,0,0
20080418,68139,PRPG',OTC,6.65,0.95,185,0,Prospero Group,0,0,0
20080421,68139,PRPG',OTC,5.95,0.85,15,0,Prospero Group,0,0,0
20080422,68139,PRPG',OTC,4.62,0.66,4,0,Prospero Group,0,0,0
20080423,68139,PRPG',OTC,5.25,0.75,14,0,Prospero Group,0,0,0
20080424,68139,PRPG',OTC,3.57,0.51,14,0,Prospero Group,0,0,0
20080425,68139,PRPG',OTC,6.3,0.9,32,0,Prospero Group,0,0,0
20080428,68139,PRPG',OTC,6.86,0.98,541,0,Prospero Group,0,0,0
20080429,68139,PRPG',OTC,4.9,0.7,268,0,Prospero Group,0,0,0
20080430,68139,PRPG',OTC,5.6,0.8,171,0,Prospero Group,0,0,0
20080501,68139,PRPG',OTC,4.55,0.65,40,0,Prospero Group,0,0,0
20080502,68139,PRPG',OTC,4.9,0.7,13,0,Prospero Group,0,0,0
20080505,68139,PRPG',OTC,3.85,0.55,124,0,Prospero Group,0,0,0
20080506,68139,PRPG',OTC,3.15,0.45,60,0,Prospero Group,0,0,0
20080507,68139,PRPG',OTC,3.5,0.5,40,0,Prospero Group,0,0,0
20080508,68139,PRPG',OTC,3.15,0.45,67,0,Prospero Group,0,0,0
20080509,68139,PRPG',OTC,2.17,0.31,46,0,Prospero Group,0,0,0
20080512,68139,PRPG',OTC,1.96,0.28,4,0,Prospero Group,0,0,0
20080513,68139,PRPG',OTC,1.82,0.26,63,0,Prospero Group,0,0,0
20080514,68139,PRPG',OTC,1.82,0.26,0,0,Prospero Group,0,0,0
20080515,68139,PRPG',OTC,1.82,0.26,0,0,Prospero Group,0,0,0
20080516,68139,PRPG',OTC,2.66,0.38,4,0,Prospero Group,0,0,0
20080519,68139,PRPG',OTC,3.15,0.45,0,0,Prospero Group,0,0,0
20080520,68139,PRPG',OTC,3.15,0.45,0,0,Prospero Group,0,0,0
20080521,68139,PRPG',OTC,3.15,0.45,0,0,Prospero Group,0,0,0
20080522,68139,PRPG',OTC,3.15,0.45,15,0,Prospero Group,0,0,0
20080523,68139,PRPG',OTC,2.8,0.4,15,0,Prospero Group,0,0,0
20080527,68139,PRPG',OTC,2.8,0.4,0,0,Prospero Group,0,0,0
20080528,68139,PRPG',OTC,2.8,0.4,0,0,Prospero Group,0,0,0
20080529,68139,PRPG',OTC,2.8,0.4,0,0,Prospero Group,0,0,0
20080530,68139,PRPG',OTC,2.8,0.4,0,0,Prospero Group,0,0,0
20080602,68139,PRPG',OTC,2.8,0.4,0,0,Prospero Group,0,0,0
20080603,68139,PRPG',OTC,2.8,0.4,0,0,Prospero Group,0,0,0
20080604,68139,PRPG',OTC,2.8,0.4,0,0,Prospero Group,0,0,0
20080605,68139,PRPG',OTC,2.1,0.3,30,0,Prospero Group,0,0,0
20080606,68139,PRPG',OTC,2.1,0.3,0,0,Prospero Group,0,0,0
20080609,68139,PRPG',OTC,3.36,0.48,7,0,Prospero Group,0,0,0
20080610,68139,PRPG',OTC,3.57,0.51,106,0,Prospero Group,0,0,0
20080611,68139,PRPG',OTC,3.57,0.51,3,0,Prospero Group,0,0,0
20080612,68139,PRPG',OTC,3.57,0.51,7,0,Prospero Group,0,0,0
20080613,68139,PRPG',OTC,3.57,0.51,10,0,Prospero Group,0,0,0
20080616,68139,PRPG',OTC,3.57,0.51,0,0,Prospero Group,0,0,0
20080617,68139,PRPG',OTC,3.5,0.5,1,0,Prospero Group,0,0,0
20080618,68139,PRPG',OTC,3.5,0.5,8,0,Prospero Group,0,0,0
20080619,68139,PRPG',OTC,3.5,0.5,0,0,Prospero Group,0,0,0
20080620,68139,PRPG',OTC,2.45,0.35,11,0,Prospero Group,0,0,0
20080623,68139,PRPG',OTC,3.29,0.47,4,0,Prospero Group,0,0,0
20080624,68139,PRPG',OTC,3.29,0.47,0,0,Prospero Group,0,0,0
20080625,68139,PRPG',OTC,0.7,0.1,263,0,Prospero Group,0,0,0
20080626,68139,PRPG',OTC,0.7,0.1,287,0,Prospero Group,0,0,0
20080627,68139,PRPG',OTC,0.91,0.13,151,0,Prospero Group,0,0,0
20080630,68139,PRPG',OTC,1.4,0.2,23,0,Prospero Group,0,0,0
20080701,68139,PRPG',OTC,1.4,0.2,0,0,Prospero Group,0,0,0
20080702,68139,PRPG',OTC,1.75,0.25,7,0,Prospero Group,0,0,0
20080703,68139,PRPG',OTC,2.1,0.3,14,0,Prospero Group,0,0,0
20080707,68139,PRPG',OTC,2.1,0.3,59,0,Prospero Group,0,0,0
20080708,68139,PRPG',OTC,2.1,0.3,0,0,Prospero Group,0,0,0
20080709,68139,PRPG',OTC,2.45,0.35,1,0,Prospero Group,0,0,0
20080710,68139,PRPG',OTC,2.1,0.3,25,0,Prospero Group,0,0,0
20080711,68139,PRPG',OTC,2.1,0.3,0,0,Prospero Group,0,0,0
20080714,68139,PRPG',OTC,1.96,0.28,16,0,Prospero Group,0,0,0
20080715,68139,PRPG',OTC,1.96,0.28,0,0,Prospero Group,0,0,0
20080716,68139,PRPG',OTC,1.96,0.28,0,0,Prospero Group,0,0,0
20080717,68139,PRPG',OTC,1.96,0.28,0,0,Prospero Group,0,0,0
20080718,68139,PRPG',OTC,1.96,0.28,5,0,Prospero Group,0,0,0
20080721,68139,PRPG',OTC,1.96,0.28,14,0,Prospero Group,0,0,0
20080722,68139,PRPG',OTC,1.96,0.28,0,0,Prospero Group,0,0,0
20080723,68139,PRPG',OTC,1.96,0.28,0,0,Prospero Group,0,0,0
20080724,68139,PRPG',OTC,1.96,0.28,0,0,Prospero Group,0,0,0
20080725,68139,PRPG',OTC,1.96,0.28,0,0,Prospero Group,0,0,0
20080728,68139,PRPG',OTC,1.96,0.28,0,0,Prospero Group,0,0,0
20080729,68139,PRPG',OTC,1.96,0.28,0,0,Prospero Group,0,0,0
20080730,68139,PRPG',OTC,1.89,0.27,16,0,Prospero Group,0,0,0
20080731,68139,PRPG',OTC,1.89,0.27,0,0,Prospero Group,0,0,0
20080801,68139,PRPG',OTC,1.89,0.27,0,0,Prospero Group,0,0,0
20080804,68139,PRPG',OTC,1.89,0.27,0,0,Prospero Group,0,0,0
20080805,68139,PRPG',OTC,1.54,0.22,7,0,Prospero Group,0,0,0
20080806,68139,PRPG',OTC,1.54,0.22,0,0,Prospero Group,0,0,0
20080807,68139,PRPG',OTC,1.54,0.22,0,0,Prospero Group,0,0,0
20080808,68139,PRPG',OTC,1.54,0.22,0,0,Prospero Group,0,0,0
20080811,68139,PRPG',OTC,1.4,0.2,2,0,Prospero Group,0,0,0
20080812,68139,PRPG',OTC,1.4,0.2,0,0,Prospero Group,0,0,0
20080813,68139,PRPG',OTC,1.4,0.2,0,0,Prospero Group,0,0,0
20080814,68139,PRPG',OTC,1.4,0.2,0,0,Prospero Group,0,0,0
20080815,68139,PRPG',OTC,1.4,0.2,0,0,Prospero Group,0,0,0
20080818,68139,PRPG',OTC,1.54,0.22,10,0,Prospero Group,0,0,0
20080819,68139,PRPG',OTC,1.75,0.25,29,0,Prospero Group,0,0,0
20080820,68139,PRPG',OTC,1.89,0.27,27,0,Prospero Group,0,0,0
20080821,68139,PRPG',OTC,1.89,0.27,0,0,Prospero Group,0,0,0
20080822,68139,PRPG',OTC,1.89,0.27,0,0,Prospero Group,0,0,0
20080825,68139,PRPG',OTC,1.89,0.27,14,0,Prospero Group,0,0,0
20080826,68139,PRPG',OTC,1.89,0.27,0,0,Prospero Group,0,0,0
20080827,68139,PRPG',OTC,1.89,0.27,0,0,Prospero Group,0,0,0
20080828,68139,PRPG',OTC,2.03,0.29,14,0,Prospero Group,0,0,0
20080829,68139,PRPG',OTC,2.03,0.29,0,0,Prospero Group,0,0,0
20080902,68139,PRPG',OTC,2.1,0.3,6,0,Prospero Group,0,0,0
20080903,68139,PRPG',OTC,2.1,0.3,0,0,Prospero Group,0,0,0
20080904,68139,PRPG',OTC,2.1,0.3,0,0,Prospero Group,0,0,0
20080905,68139,PRPG',OTC,1.4,0.2,33,0,Prospero Group,0,0,0
20080908,68139,PRPG',OTC,1.4,0.2,29,0,Prospero Group,0,0,0
20080909,68139,PRPG',OTC,1.4,0.2,0,0,Prospero Group,0,0,0
20080910,68139,PRPG',OTC,1.75,0.25,18,0,Prospero Group,0,0,0
20080911,68139,PRPG',OTC,0.84,0.12,71,0,Prospero Group,0,0,0
20080912,68139,PRPG',OTC,0.49,0.07,112,0,Prospero Group,0,0,0
20080915,68139,PRPG',OTC,0.84,0.12,43,0,Prospero Group,0,0,0
20080916,68139,PRPG',OTC,0.7,0.1,53,0,Prospero Group,0,0,0
20080917,68139,PRPG',OTC,0.7,0.1,72,0,Prospero Group,0,0,0
20080918,68139,PRPG',OTC,0.7,0.1,0,0,Prospero Group,0,0,0
20080919,68139,PRPG',OTC,0.7,0.1,0,0,Prospero Group,0,0,0
20080922,68139,PRPG',OTC,0.7,0.1,0,0,Prospero Group,0,0,0
20080923,68139,PRPG',OTC,0.84,0.12,57,0,Prospero Group,0,0,0
20080924,68139,PRPG',OTC,0.7,0.1,228,0,Prospero Group,0,0,0
20080925,68139,PRPG',OTC,0.77,0.11,14,0,Prospero Group,0,0,0
20080926,68139,PRPG',OTC,1.05,0.15,14,0,Prospero Group,0,0,0
20080929,68139,PRPG',OTC,0.56,0.08,261,0,Prospero Group,0,0,0
20080930,68139,PRPG',OTC,0.91,0.13,118,0,Prospero Group,0,0,0
20081001,68139,PRPG',OTC,0.91,0.13,10,0,Prospero Group,0,0,0
20081002,68139,PRPG',OTC,0.77,0.11,99,0,Prospero Group,0,0,0
20081003,68139,PRPG',OTC,0.98,0.14,14,0,Prospero Group,0,0,0
20081006,68139,PRPG',OTC,1.4,0.2,20,0,Prospero Group,0,0,0
20081007,68139,PRPG',OTC,2.66,0.38,246,0,Prospero Group,0,0,0
20081008,68139,PRPG',OTC,1.68,0.24,231,0,Prospero Group,0,0,0
20081009,68139,PRPG',OTC,0.84,0.12,137,0,Prospero Group,0,0,0
20081010,68139,PRPG',OTC,0.84,0.12,139,0,Prospero Group,0,0,0
20081013,68139,PRPG',OTC,1.68,0.24,6,0,Prospero Group,0,0,0
20081014,68139,PRPG',OTC,2.87,0.41,218,0,Prospero Group,0,0,0
20081015,68139,PRPG',OTC,2.73,0.39,166,0,Prospero Group,0,0,0
20081016,68139,PRPG',OTC,2.73,0.39,14,0,Prospero Group,0,0,0
20081017,68139,PRPG',OTC,4.9,0.7,169,0,Prospero Group,0,0,0
20081020,68139,PRPG',OTC,4.9,0.7,0,0,Prospero Group,0,0,0
20081021,68139,PRPG',OTC,2.24,0.32,14,0,Prospero Group,0,0,0
20081022,68139,PRPG',OTC,1.82,0.26,7,0,Prospero Group,0,0,0
20081023,68139,PRPG',OTC,3.5,0.5,84,0,Prospero Group,0,0,0
20081024,68139,PRPG',OTC,3.57,0.51,2,0,Prospero Group,0,0,0
20081027,68139,PRPG',OTC,3.15,0.45,2,0,Prospero Group,0,0,0
20081028,68139,PRPG',OTC,1.4,0.2,80,0,Prospero Group,0,0,0
20081029,68139,PRPG',OTC,1.05,0.15,82,0,Prospero Group,0,0,0
20081030,68139,PRPG',OTC,1.05,0.15,0,0,Prospero Group,0,0,0
20081031,68139,PRPG',OTC,0.98,0.14,57,0,Prospero Group,0,0,0
20081103,68139,PRPG',OTC,1.05,0.15,7,0,Prospero Group,0,0,0
20081104,68139,PRPG',OTC,1.05,0.15,0,0,Prospero Group,0,0,0
20081105,68139,PRPG',OTC,0.98,0.14,114,0,Prospero Group,0,0,0
20081106,68139,PRPG',OTC,0.98,0.14,91,0,Prospero Group,0,0,0
20081107,68139,PRPG',OTC,0.98,0.14,50,0,Prospero Group,0,0,0
20081110,68139,PRPG',OTC,1.33,0.19,6,0,Prospero Group,0,0,0
20081111,68139,PRPG',OTC,1.33,0.19,0,0,Prospero Group,0,0,0
20081112,68139,PRPG',OTC,0.98,0.14,11,0,Prospero Group,0,0,0
20081113,68139,PRPG',OTC,0.98,0.14,0,0,Prospero Group,0,0,0
20081114,68139,PRPG',OTC,1.19,0.17,107,0,Prospero Group,0,0,0
20081117,68139,PRPG',OTC,1.19,0.17,0,0,Prospero Group,0,0,0
20081118,68139,PRPG',OTC,1.19,0.17,0,0,Prospero Group,0,0,0
20081119,68139,PRPG',OTC,1.19,0.17,0,0,Prospero Group,0,0,0
20081120,68139,PRPG',OTC,0.7,0.1,185,0,Prospero Group,0,0,0
20081121,68139,PRPG',OTC,1.19,0.17,46,0,Prospero Group,0,0,0
20081124,68139,PRPG',OTC,1.19,0.17,0,0,Prospero Group,0,0,0
20081125,68139,PRPG',OTC,1.4,0.2,21,0,Prospero Group,0,0,0
20081126,68139,PRPG',OTC,1.96,0.28,117,0,Prospero Group,0,0,0
20081128,68139,PRPG',OTC,1.96,0.28,0,0,Prospero Group,0,0,0
20081201,68139,PRPG',OTC,1.75,0.25,99,0,Prospero Group,0,0,0
20081202,68139,PRPG',OTC,1.75,0.25,0,0,Prospero Group,0,0,0
20081203,68139,PRPG',OTC,1.75,0.25,0,0,Prospero Group,0,0,0
20081204,68139,PRPG',OTC,0.7,0.1,114,0,Prospero Group,0,0,0
20081205,68139,PRPG',OTC,2.03,0.29,2,0,Prospero Group,0,0,0
20081208,68139,PRPG',OTC,0.56,0.08,320,0,Prospero Group,0,0,0
20081209,68139,PRPG',OTC,0.56,0.08,108,0,Prospero Group,0,0,0
20081210,68139,PRPG',OTC,0.7,0.1,108,0,Prospero Group,0,0,0
20081211,68139,PRPG',OTC,0.42,0.06,27,0,Prospero Group,0,0,0
20081212,68139,PRPG',OTC,0.77,0.11,93,0,Prospero Group,0,0,0
20081215,68139,PRPG',OTC,0.77,0.11,13,0,Prospero Group,0,0,0
20081216,68139,PRPG',OTC,0.77,0.11,0,0,Prospero Group,0,0,0
20081217,68139,PRPG',OTC,0.77,0.11,0,0,Prospero Group,0,0,0
20081218,68139,PRPG',OTC,0.77,0.11,0,0,Prospero Group,0,0,0
20081219,68139,PRPG',OTC,0.77,0.11,0,0,Prospero Group,0,0,0
20081222,68139,PRPG',OTC,0.28,0.04,227,0,Prospero Group,0,0,0
20081223,68139,PRPG',OTC,0.56,0.08,274,0,Prospero Group,0,0,0
20081224,68139,PRPG',OTC,0.56,0.08,0,0,Prospero Group,0,0,0
20081226,68139,PRPG',OTC,0.56,0.08,0,0,Prospero Group,0,0,0
20081229,68139,PRPG',OTC,0.56,0.08,7,0,Prospero Group,0,0,0
20081230,68139,PRPG',OTC,0.7,0.1,28,0,Prospero Group,0,0,0
20081231,68139,PRPG',OTC,0.7,0.1,0,0,Prospero Group,0,0,0
20090102,68139,PRPG',OTC,0.77,0.11,3,0,Prospero Group,0,0,0
20090105,68139,PRPG',OTC,1.05,1.05,943,0,Prospero Group,0,0,0
20090106,68139,PRPG',OTC,1.05,1.05,262,0,Prospero Group,0,0,0
20090107,68139,PRPG',OTC,2,2,7,0,Prospero Group,0,0,0
20090108,68139,PRPG',OTC,1.05,1.05,60,0,Prospero Group,0,0,0
20090109,68139,PRPG',OTC,1.04,1.04,15,0,Prospero Group,0,0,0
20090112,68139,PRPG',OTC,1.1,1.1,56,0,Prospero Group,0,0,0
20090113,68139,PRPG',OTC,1.1,1.1,133,0,Prospero Group,0,0,0
20090114,68139,PRPG',OTC,1.1,1.1,0,0,Prospero Group,0,0,0
20090115,68139,PRPG',OTC,1.1,1.1,0,0,Prospero Group,0,0,0
20090116,68139,PRPG',OTC,1.1,1.1,0,0,Prospero Group,0,0,0
20090120,68139,PRPG',OTC,1.19,1.19,95,0,Prospero Group,0,0,0
20090121,68139,PRPG',OTC,1.2,1.2,3,0,Prospero Group,0,0,0
20090122,68139,PRPG',OTC,1.19,1.19,24,0,Prospero Group,0,0,0
20090123,68139,PRPG',OTC,1.19,1.19,59,0,Prospero Group,0,0,0
20090126,68139,PRPG',OTC,1.35,1.35,54,0,Prospero Group,0,0,0
20090127,68139,PRPG',OTC,1.35,1.35,0,0,Prospero Group,0,0,0
20090128,68139,PRPG',OTC,1.6,1.6,140,0,Prospero Group,0,0,0
20090129,68139,PRPG',OTC,1.6,1.6,0,0,Prospero Group,0,0,0
20090130,68139,PRPG',OTC,1.6,1.6,0,0,Prospero Group,0,0,0
20090202,68139,PRPG',OTC,1.73,1.73,44,0,Prospero Group,0,0,0
20090203,68139,PRPG',OTC,1.82,1.82,5,0,Prospero Group,0,0,0
20090204,68139,PRPG',OTC,1.75,1.75,11,0,Prospero Group,0,0,0
20090205,68139,PRPG',OTC,1.85,1.85,30,0,Prospero Group,0,0,0
20090206,68139,PRPG',OTC,0.75,0.75,1138,0,Prospero Group,0,0,0
20090209,68139,PRPG',OTC,1.2,1.2,381,0,Prospero Group,0,0,0
20090210,68139,PRPG',OTC,1.3,1.3,25,0,Prospero Group,0,0,0
20090211,68139,PRPG',OTC,0.99,0.99,522,0,Prospero Group,0,0,0
20090212,68139,PRPG',OTC,0.7,0.7,392,0,Prospero Group,0,0,0
20090213,68139,PRPG',OTC,0.9,0.9,252,0,Prospero Group,0,0,0
20090217,68139,PRPG',OTC,0.65,0.65,230,0,Prospero Group,0,0,0
20090218,68139,PRPG',OTC,0.74,0.74,256,0,Prospero Group,0,0,0
20090219,68139,PRPG',OTC,0.6,0.6,75,0,Prospero Group,0,0,0
20090220,68139,PRPG',OTC,0.6,0.6,246,0,Prospero Group,0,0,0
20090223,68139,PRPG',OTC,0.6,0.6,0,0,Prospero Group,0,0,0
20090224,68139,PRPG',OTC,0.7,0.7,1,0,Prospero Group,0,0,0
20090225,68139,PRPG',OTC,0.55,0.55,35,0,Prospero Group,0,0,0
20090226,68139,PRPG',OTC,0.55,0.55,0,0,Prospero Group,0,0,0
20090227,68139,PRPG',OTC,0.55,0.55,0,0,Prospero Group,0,0,0
20090302,68139,PRPG',OTC,0.59,0.59,186,0,Prospero Group,0,0,0
20090303,68139,PRPG',OTC,0.59,0.59,0,0,Prospero Group,0,0,0
20090304,68139,PRPG',OTC,0.59,0.59,0,0,Prospero Group,0,0,0
20090305,68139,PRPG',OTC,0.59,0.59,0,0,Prospero Group,0,0,0
20090306,68139,PRPG',OTC,0.59,0.59,0,0,Prospero Group,0,0,0
20090309,68139,PRPG',OTC,0.59,0.59,0,0,Prospero Group,0,0,0
20090310,68139,PRPG',OTC,0.59,0.59,0,0,Prospero Group,0,0,0
20090311,68139,PRPG',OTC,0.69,0.69,32,0,Prospero Group,0,0,0
20090312,68139,PRPG',OTC,0.65,0.65,26,0,Prospero Group,0,0,0
20090313,68139,PRPG',OTC,0.65,0.65,0,0,Prospero Group,0,0,0
20090316,68139,PRPG',OTC,0.65,0.65,0,0,Prospero Group,0,0,0
20090317,68139,PRPG',OTC,0.65,0.65,0,0,Prospero Group,0,0,0
20090318,68139,PRPG',OTC,0.65,0.65,25,0,Prospero Group,0,0,0
20090319,68139,PRPG',OTC,0.31,0.31,200,0,Prospero Group,0,0,0
20090320,68139,PRPG',OTC,0.5,0.5,713,0,Prospero Group,0,0,0
20090323,68139,PRPG',OTC,0.55,0.55,517,0,Prospero Group,0,0,0
20090324,68139,PRPG',OTC,0.4,0.4,178,0,Prospero Group,0,0,0
20090325,68139,PRPG',OTC,0.35,0.35,24,0,Prospero Group,0,0,0
20090326,68139,PRPG',OTC,0.35,0.35,35,0,Prospero Group,0,0,0
20090327,68139,PRPG',OTC,0.52,0.52,118,0,Prospero Group,0,0,0
20090330,68139,PRPG',OTC,0.52,0.52,0,0,Prospero Group,0,0,0
20090331,68139,PRPG',OTC,0.55,0.55,310,0,Prospero Group,0,0,0
20090401,68139,PRPG',OTC,0.39,0.39,366,0,Prospero Group,0,0,0
20090402,68139,PRPG',OTC,0.4,0.4,120,0,Prospero Group,0,0,0
20090403,68139,PRPG',OTC,0.4,0.4,59,0,Prospero Group,0,0,0
20090406,68139,PRPG',OTC,0.4,0.4,0,0,Prospero Group,0,0,0
20090407,68139,PRPG',OTC,0.35,0.35,145,0,Prospero Group,0,0,0
20090408,68139,PRPG',OTC,0.35,0.35,0,0,Prospero Group,0,0,0
20090409,68139,PRPG',OTC,1.35,1.35,1109,0,Prospero Group,0,0,0
20090413,68139,PRPG',OTC,1.65,1.65,1072,0,Prospero Group,0,0,0
20090414,68139,PRPG',OTC,1.15,1.15,1174,0,Prospero Group,0,0,0
20090415,68139,PRPG',OTC,0.77,0.77,606,0,Prospero Group,0,0,0
20090416,68139,PRPG',OTC,1.2,1.2,971,0,Prospero Group,0,0,0
20090417,68139,PRPG',OTC,1.35,1.35,448,0,Prospero Group,0,0,0
20090420,68139,PRPG',OTC,0.69,0.69,365,0,Prospero Group,0,0,0
20090421,68139,PRPG',OTC,1.35,1.35,595,0,Prospero Group,0,0,0
20090422,68139,PRPG',OTC,0.9,0.9,284,0,Prospero Group,0,0,0
20090423,68139,PRPG',OTC,0.8,0.8,265,0,Prospero Group,0,0,0
20090424,68139,PRPG',OTC,0.9,0.9,218,0,Prospero Group,0,0,0
20090427,68139,PRPG',OTC,0.8,0.8,85,0,Prospero Group,0,0,0
20090428,68139,PRPG',OTC,0.77,0.77,255,0,Prospero Group,0,0,0
20090429,68139,PRPG',OTC,0.8,0.8,54,0,Prospero Group,0,0,0
20090430,68139,PRPG',OTC,1.3,1.3,1076,0,Prospero Group,0,0,0
20090501,68139,PRPG',OTC,1.3,1.3,0,0,Prospero Group,0,0,0
20090504,68139,PRPG',OTC,1.09,1.09,134,0,Prospero Group,0,0,0
20090505,68139,PRPG',OTC,1,1,18,0,Prospero Group,0,0,0
20090506,68139,PRPG',OTC,1.01,1.01,245,0,Prospero Group,0,0,0
20090507,68139,PRPG',OTC,0.68,0.68,219,0,Prospero Group,0,0,0
20090508,68139,PRPG',OTC,0.9,0.9,15,0,Prospero Group,0,0,0
20090511,68139,PRPG',OTC,0.9,0.9,0,0,Prospero Group,0,0,0
20090512,68139,PRPG',OTC,1.15,1.15,5,0,Prospero Group,0,0,0
20090513,68139,PRPG',OTC,1.15,1.15,0,0,Prospero Group,0,0,0
20090514,68139,PRPG',OTC,0.75,0.75,6,0,Prospero Group,0,0,0
20090515,68139,PRPG',OTC,0.8,0.8,90,0,Prospero Group,0,0,0
20090518,68139,PRPG',OTC,0.8,0.8,22,0,Prospero Group,0,0,0
20090519,68139,PRPG',OTC,0.8,0.8,0,0,Prospero Group,0,0,0
20090520,68139,PRPG',OTC,0.75,0.75,10,0,Prospero Group,0,0,0
20090521,68139,PRPG',OTC,0.85,0.85,89,0,Prospero Group,0,0,0
20090522,68139,PRPG',OTC,1.35,1.35,213,0,Prospero Group,0,0,0
20090526,68139,PRPG',OTC,1.46,1.46,59,0,Prospero Group,0,0,0
20090527,68139,PRPG',OTC,1.44,1.44,203,0,Prospero Group,0,0,0
20090528,68139,PRPG',OTC,1.4,1.4,41,0,Prospero Group,0,0,0
20090529,68139,PRPG',OTC,1.4,1.4,0,0,Prospero Group,0,0,0
20090601,68139,PRPG',OTC,1.09,1.09,42,0,Prospero Group,0,0,0
20090602,68139,PRPG',OTC,0.9,0.9,59,0,Prospero Group,0,0,0
20090603,68139,PRPG',OTC,0.75,0.75,193,0,Prospero Group,0,0,0
20090604,68139,PRPG',OTC,0.8,0.8,463,0,Prospero Group,0,0,0
20090605,68139,PRPG',OTC,0.75,0.75,210,0,Prospero Group,0,0,0
20090608,68139,PRPG',OTC,0.75,0.75,0,0,Prospero Group,0,0,0
20090609,68139,PRPG',OTC,0.9,0.9,3,0,Prospero Group,0,0,0
20090610,68139,PRPG',OTC,0.9,0.9,0,0,Prospero Group,0,0,0
20090611,68139,PRPG',OTC,0.9,0.9,5,0,Prospero Group,0,0,0
20090612,68139,PRPG',OTC,0.9,0.9,0,0,Prospero Group,0,0,0
20090615,68139,PRPG',OTC,0.7,0.7,321,0,Prospero Group,0,0,0
20090616,68139,PRPG',OTC,0.58,0.58,230,0,Prospero Group,0,0,0
20090617,68139,PRPG',OTC,0.4,0.4,497,0,Prospero Group,0,0,0
20090618,68139,PRPG',OTC,0.55,0.55,400,0,Prospero Group,0,0,0
20090619,68139,PRPG',OTC,0.55,0.55,0,0,Prospero Group,0,0,0
20090622,68139,PRPG',OTC,0.55,0.55,0,0,Prospero Group,0,0,0
20090623,68139,PRPG',OTC,0.55,0.55,100,0,Prospero Group,0,0,0
20090624,68139,PRPG',OTC,0.95,0.95,74,0,Prospero Group,0,0,0
20090625,68139,PRPG',OTC,0.6,0.6,130,0,Prospero Group,0,0,0
20090626,68139,PRPG',OTC,0.75,0.75,78,0,Prospero Group,0,0,0
20090629,68139,PRPG',OTC,0.75,0.75,0,0,Prospero Group,0,0,0
20090630,68139,PRPG',OTC,0.51,0.51,115,0,Prospero Group,0,0,0
20090701,68139,PRPG',OTC,0.85,0.85,6,0,Prospero Group,0,0,0
20090702,68139,PRPG',OTC,0.9,0.9,10,0,Prospero Group,0,0,0
20090706,68139,PRPG',OTC,0.85,0.85,64,0,Prospero Group,0,0,0
20090707,68139,PRPG',OTC,0.51,0.51,25,0,Prospero Group,0,0,0
20090708,68139,PRPG',OTC,0.51,0.51,0,0,Prospero Group,0,0,0
20090709,68139,PRPG',OTC,0.51,0.51,118,0,Prospero Group,0,0,0
20090710,68139,PRPG',OTC,0.78,0.78,135,0,Prospero Group,0,0,0
20090713,68139,PRPG',OTC,0.6,0.6,35,0,Prospero Group,0,0,0
20090714,68139,PRPG',OTC,0.45,0.45,57,0,Prospero Group,0,0,0
20090715,68139,PRPG',OTC,0.45,0.45,0,0,Prospero Group,0,0,0
20090716,68139,PRPG',OTC,0.51,0.51,25,0,Prospero Group,0,0,0
20090717,68139,PRPG',OTC,0.55,0.55,35,0,Prospero Group,0,0,0
20090720,68139,PRPG',OTC,0.54,0.54,30,0,Prospero Group,0,0,0
20090721,68139,PRPG',OTC,0.54,0.54,0,0,Prospero Group,0,0,0
20090722,68139,PRPG',OTC,0.54,0.54,0,0,Prospero Group,0,0,0
20090723,68139,PRPG',OTC,0.8,0.8,74,0,Prospero Group,0,0,0
20090724,68139,PRPG',OTC,0.8,0.8,0,0,Prospero Group,0,0,0
20090727,68139,PRPG',OTC,0.8,0.8,0,0,Prospero Group,0,0,0
20090728,68139,PRPG',OTC,0.45,0.45,279,0,Prospero Group,0,0,0
20090729,68139,PRPG',OTC,0.51,0.51,5,0,Prospero Group,0,0,0
20090730,68139,PRPG',OTC,0.51,0.51,36,0,Prospero Group,0,0,0
20090731,68139,PRPG',OTC,0.37,0.37,37,0,Prospero Group,0,0,0
20090803,68139,PRPG',OTC,0.5,0.5,186,0,Prospero Group,0,0,0
20090804,68139,PRPG',OTC,0.5,0.5,209,0,Prospero Group,0,0,0
20090805,68139,PRPG',OTC,0.5,0.5,0,0,Prospero Group,0,0,0
20090806,68139,PRPG',OTC,0.5,0.5,0,0,Prospero Group,0,0,0
20090807,68139,PRPG',OTC,0.45,0.45,272,0,Prospero Group,0,0,0
20090810,68139,PRPG',OTC,0.38,0.38,125,0,Prospero Group,0,0,0
20090811,68139,PRPG',OTC,0.43,0.43,100,0,Prospero Group,0,0,0
20090812,68139,PRPG',OTC,0.43,0.43,0,0,Prospero Group,0,0,0
20090813,68139,PRPG',OTC,0.43,0.43,0,0,Prospero Group,0,0,0
20090814,68139,PRPG',OTC,0.36,0.36,907,0,Prospero Group,0,0,0
20090817,68139,PRPG',OTC,0.38,0.38,475,0,Prospero Group,0,0,0
20090818,68139,PRPG',OTC,0.35,0.35,4,0,Prospero Group,0,0,0
20090819,68139,PRPG',OTC,0.35,0.35,0,0,Prospero Group,0,0,0
20090820,68139,PRPG',OTC,0.4,0.4,1,0,Prospero Group,0,0,0
20090821,68139,PRPG',OTC,0.4,0.4,0,0,Prospero Group,0,0,0
20090824,68139,PRPG',OTC,0.45,0.45,1150,0,Prospero Group,0,0,0
20090825,68139,PRPG',OTC,0.53,0.53,37,0,Prospero Group,0,0,0
20090826,68139,PRPG',OTC,0.7,0.7,127,0,Prospero Group,0,0,0
20090827,68139,PRPG',OTC,0.72,0.72,140,0,Prospero Group,0,0,0
20090828,68139,PRPG',OTC,0.84,0.84,140,0,Prospero Group,0,0,0
20090831,68139,PRPG',OTC,1.16,1.16,764,0,Prospero Group,0,0,0
20090901,68139,PRPG',OTC,0.75,0.75,205,0,Prospero Group,0,0,0
20090902,68139,PRPG',OTC,0.57,0.57,70,0,Prospero Group,0,0,0
20090903,68139,PRPG',OTC,0.57,0.57,0,0,Prospero Group,0,0,0
20090904,68139,PRPG',OTC,0.45,0.45,265,0,Prospero Group,0,0,0
20090908,68139,PRPG',OTC,0.6,0.6,23,0,Prospero Group,0,0,0
20090909,68139,PRPG',OTC,0.6,0.6,18,0,Prospero Group,0,0,0
20090910,68139,PRPG',OTC,0.6,0.6,0,0,Prospero Group,0,0,0
20090911,68139,PRPG',OTC,0.45,0.45,97,0,Prospero Group,0,0,0
20090914,68139,PRPG',OTC,0.37,0.37,590,0,Prospero Group,0,0,0
20090915,68139,PRPG',OTC,0.51,0.51,65,0,Prospero Group,0,0,0
20090916,68139,PRPG',OTC,0.37,0.37,541,0,Prospero Group,0,0,0
20090917,68139,PRPG',OTC,0.51,0.51,9,0,Prospero Group,0,0,0
20090918,68139,PRPG',OTC,0.4,0.4,50,0,Prospero Group,0,0,0
20090921,68139,PRPG',OTC,0.4,0.4,250,0,Prospero Group,0,0,0
20090922,68139,PRPG',OTC,0.4,0.4,400,0,Prospero Group,0,0,0
20090923,68139,PRPG',OTC,0.4,0.4,0,0,Prospero Group,0,0,0
20090924,68139,PRPG',OTC,0.4,0.4,280,0,Prospero Group,0,0,0
20090925,68139,PRPG',OTC,0.5,0.5,256,0,Prospero Group,0,0,0
20090928,68139,PRPG',OTC,0.4,0.4,160,0,Prospero Group,0,0,0
20090929,68139,PRPG',OTC,0.4,0.4,0,0,Prospero Group,0,0,0
20090930,68139,PRPG',OTC,1.01,1.01,650,0,Prospero Group,0,0,0
20091001,68139,PRPG',OTC,1,1,10,0,Prospero Group,0,0,0
20091002,68139,PRPG',OTC,0.9,0.9,44,0,Prospero Group,0,0,0
20091005,68139,PRPG',OTC,0.9,0.9,0,0,Prospero Group,0,0,0
20091006,68139,PRPG',OTC,0.45,0.45,210,0,Prospero Group,0,0,0
20091007,68139,PRPG',OTC,0.45,0.45,253,0,Prospero Group,0,0,0
20091008,68139,PRPG',OTC,0.45,0.45,50,0,Prospero Group,0,0,0
20091009,68139,PRPG',OTC,0.55,0.55,40,0,Prospero Group,0,0,0
20091012,68139,PRPG',OTC,0.55,0.55,0,0,Prospero Group,0,0,0
20091013,68139,PRPG',OTC,0.55,0.55,0,0,Prospero Group,0,0,0
20091014,68139,PRPG',OTC,0.41,0.41,220,0,Prospero Group,0,0,0
20091015,68139,PRPG',OTC,0.41,0.41,0,0,Prospero Group,0,0,0
20091016,68139,PRPG',OTC,0.41,0.41,196,0,Prospero Group,0,0,0
20091019,68139,PRPG',OTC,0.4,0.4,150,0,Prospero Group,0,0,0
20091020,68139,PRPG',OTC,0.38,0.38,748,0,Prospero Group,0,0,0
20091021,68139,PRPG',OTC,0.4,0.4,20,0,Prospero Group,0,0,0
20091022,68139,PRPG',OTC,0.45,0.45,60,0,Prospero Group,0,0,0
20091023,68139,PRPG',OTC,0.45,0.45,0,0,Prospero Group,0,0,0
20091026,68139,PRPG',OTC,0.45,0.45,76,0,Prospero Group,0,0,0
20091027,68139,PRPG',OTC,0.45,0.45,0,0,Prospero Group,0,0,0
20091028,68139,PRPG',OTC,0.45,0.45,0,0,Prospero Group,0,0,0
20091029,68139,PRPG',OTC,0.45,0.45,0,0,Prospero Group,0,0,0
20091030,68139,PRPG',OTC,0.9,0.9,1134,0,Prospero Group,0,0,0
20091102,68139,PRPG',OTC,0.85,0.85,90,0,Prospero Group,0,0,0
20091103,68139,PRPG',OTC,0.78,0.78,37,0,Prospero Group,0,0,0
20091104,68139,PRPG',OTC,0.51,0.51,336,0,Prospero Group,0,0,0
20091105,68139,PRPG',OTC,0.51,0.51,0,0,Prospero Group,0,0,0
20091106,68139,PRPG',OTC,0.5,0.5,207,0,Prospero Group,0,0,0
20091109,68139,PRPG',OTC,0.65,0.65,14,0,Prospero Group,0,0,0
20091110,68139,PRPG',OTC,0.5,0.5,50,0,Prospero Group,0,0,0
20091111,68139,PRPG',OTC,0.65,0.65,27,0,Prospero Group,0,0,0
20091112,68139,PRPG',OTC,0.45,0.45,115,0,Prospero Group,0,0,0
20091113,68139,PRPG',OTC,0.51,0.51,1,0,Prospero Group,0,0,0
20091116,68139,PRPG',OTC,0.43,0.43,181,0,Prospero Group,0,0,0
20091117,68139,PRPG',OTC,0.43,0.43,0,0,Prospero Group,0,0,0
20091118,68139,PRPG',OTC,0.43,0.43,0,0,Prospero Group,0,0,0
20091119,68139,PRPG',OTC,0.43,0.43,0,0,Prospero Group,0,0,0
20091120,68139,PRPG',OTC,0.43,0.43,0,0,Prospero Group,0,0,0
20091123,68139,PRPG',OTC,0.6,0.6,128,0,Prospero Group,0,0,0
20091124,68139,PRPG',OTC,0.63,0.63,25,0,Prospero Group,0,0,0
20091125,68139,PRPG',OTC,0.46,0.46,150,0,Prospero Group,0,0,0
20091127,68139,PRPG',OTC,0.46,0.46,0,0,Prospero Group,0,0,0
20091130,68139,PRPG',OTC,0.6,0.6,198,0,Prospero Group,0,0,0
20091201,68139,PRPG',OTC,0.65,0.65,190,0,Prospero Group,0,0,0
20091202,68139,PRPG',OTC,0.65,0.65,0,0,Prospero Group,0,0,0
20091203,68139,PRPG',OTC,0.46,0.46,50,0,Prospero Group,0,0,0
20091204,68139,PRPG',OTC,0.46,0.46,0,0,Prospero Group,0,0,0
20091207,68139,PRPG',OTC,0.51,0.51,30,0,Prospero Group,0,0,0
20091208,68139,PRPG',OTC,0.55,0.55,157,0,Prospero Group,0,0,0
20091209,68139,PRPG',OTC,0.55,0.55,40,0,Prospero Group,0,0,0
20091210,68139,PRPG',OTC,0.59,0.59,25,0,Prospero Group,0,0,0
20091211,68139,PRPG',OTC,0.59,0.59,0,0,Prospero Group,0,0,0
20091214,68139,PRPG',OTC,0.7,0.7,41,0,Prospero Group,0,0,0
20091215,68139,PRPG',OTC,0.7,0.7,0,0,Prospero Group,0,0,0
20091216,68139,PRPG',OTC,0.7,0.7,0,0,Prospero Group,0,0,0
20091217,68139,PRPG',OTC,0.7,0.7,0,0,Prospero Group,0,0,0
20091218,68139,PRPG',OTC,0.52,0.52,50,0,Prospero Group,0,0,0
20091221,68139,PRPG',OTC,0.52,0.52,80,0,Prospero Group,0,0,0
20091222,68139,PRPG',OTC,0.53,0.53,158,0,Prospero Group,0,0,0
20091223,68139,PRPG',OTC,0.65,0.65,20,0,Prospero Group,0,0,0
20091224,68139,PRPG',OTC,0.6,0.6,25,0,Prospero Group,0,0,0
20091228,68139,PRPG',OTC,0.51,0.51,105,0,Prospero Group,0,0,0
20091229,68139,PRPG',OTC,0.55,0.55,7,0,Prospero Group,0,0,0
20091230,68139,PRPG',OTC,0.65,0.65,50,0,Prospero Group,0,0,0
20091231,68139,PRPG',OTC,0.82,0.82,504,0,Prospero Group,0,0,0
20100104,68139,PRPG',OTC,0.7,0.7,77,0,Prospero Group,0,0,0
20100105,68139,PRPG',OTC,0.7,0.7,0,0,Prospero Group,0,0,0
20100106,68139,PRPG',OTC,0.7,0.7,0,0,Prospero Group,0,0,0
20100107,68139,PRPG',OTC,0.7,0.7,25,0,Prospero Group,0,0,0
20100108,68139,PRPG',OTC,0.7,0.7,0,0,Prospero Group,0,0,0
20100111,68139,PRPG',OTC,0.8,0.8,45,0,Prospero Group,0,0,0
20100112,68139,PRPG',OTC,0.8,0.8,0,0,Prospero Group,0,0,0
20100113,68139,PRPG',OTC,0.8,0.8,2,0,Prospero Group,0,0,0
20100114,68139,PRPG',OTC,0.8,0.8,40,0,Prospero Group,0,0,0
20100115,68139,PRPG',OTC,0.82,0.82,25,0,Prospero Group,0,0,0
20100119,68139,PRPG',OTC,0.8,0.8,10,0,Prospero Group,0,0,0
20100120,68139,PRPG',OTC,0.75,0.75,25,0,Prospero Group,0,0,0
20100121,68139,PRPG',OTC,0.75,0.75,0,0,Prospero Group,0,0,0
20100122,68139,PRPG',OTC,0.83,0.83,130,0,Prospero Group,0,0,0
20100125,68139,PRPG',OTC,0.84,0.84,60,0,Prospero Group,0,0,0
20100126,68139,PRPG',OTC,0.85,0.85,142,0,Prospero Group,0,0,0
20100127,68139,PRPG',OTC,0.9,0.9,40,0,Prospero Group,0,0,0
20100128,68139,PRPG',OTC,0.9,0.9,0,0,Prospero Group,0,0,0
20100129,68139,PRPG',OTC,0.9,0.9,0,0,Prospero Group,0,0,0
20100201,68139,PRPG',OTC,0.9,0.9,208,0,Prospero Group,0,0,0
20100202,68139,PRPG',OTC,0.89,0.89,55,0,Prospero Group,0,0,0
20100203,68139,PRPG',OTC,0.85,0.85,10,0,Prospero Group,0,0,0
20100204,68139,PRPG',OTC,0.9,0.9,5,0,Prospero Group,0,0,0
20100205,68139,PRPG',OTC,0.9,0.9,1,0,Prospero Group,0,0,0
20100208,68139,PRPG',OTC,0.9,0.9,0,0,Prospero Group,0,0,0
20100209,68139,PRPG',OTC,0.85,0.85,1,0,Prospero Group,0,0,0
20100210,68139,PRPG',OTC,0.85,0.85,18,0,Prospero Group,0,0,0
20100211,68139,PRPG',OTC,0.85,0.85,0,0,Prospero Group,0,0,0
20100212,68139,PRPG',OTC,0.85,0.85,5,0,Prospero Group,0,0,0
20100216,68139,PRPG',OTC,0.91,0.91,326,0,Prospero Group,0,0,0
20100217,68139,PRPG',OTC,0.91,0.91,0,0,Prospero Group,0,0,0
20100218,68139,PRPG',OTC,0.75,0.75,12,0,Prospero Group,0,0,0
20100219,68139,PRPG',OTC,0.75,0.75,0,0,Prospero Group,0,0,0
20100222,68139,PRPG',OTC,0.75,0.75,0,0,Prospero Group,0,0,0
20100223,68139,PRPG',OTC,0.75,0.75,0,0,Prospero Group,0,0,0
20100224,68139,PRPG',OTC,0.85,0.85,2,0,Prospero Group,0,0,0
20100225,68139,PRPG',OTC,0.85,0.85,0,0,Prospero Group,0,0,0
20100226,68139,PRPG',OTC,0.85,0.85,0,0,Prospero Group,0,0,0
20100301,68139,PRPG',OTC,0.75,0.75,2,0,Prospero Group,0,0,0
20100302,68139,PRPG',OTC,0.75,0.75,0,0,Prospero Group,0,0,0
20100303,68139,PRPG',OTC,0.75,0.75,12,0,Prospero Group,0,0,0
20100304,68139,PRPG',OTC,0.75,0.75,10,0,Prospero Group,0,0,0
20100305,68139,PRPG',OTC,0.75,0.75,0,0,Prospero Group,0,0,0
20100308,68139,PRPG',OTC,0.7,0.7,1,0,Prospero Group,0,0,0
20100309,68139,PRPG',OTC,0.85,0.85,2,0,Prospero Group,0,0,0
20100310,68139,PRPG',OTC,0.85,0.85,0,0,Prospero Group,0,0,0
20100311,68139,PRPG',OTC,0.85,0.85,0,0,Prospero Group,0,0,0
20100312,68139,PRPG',OTC,0.77,0.77,15,0,Prospero Group,0,0,0
20100315,68139,PRPG',OTC,0.77,0.77,0,0,Prospero Group,0,0,0
20100316,68139,PRPG',OTC,0.75,0.75,10,0,Prospero Group,0,0,0
20100317,68139,PRPG',OTC,0.75,0.75,0,0,Prospero Group,0,0,0
20100318,68139,PRPG',OTC,0.75,0.75,0,0,Prospero Group,0,0,0
20100319,68139,PRPG',OTC,0.75,0.75,10,0,Prospero Group,0,0,0
20100322,68139,PRPG',OTC,0.75,0.75,8,0,Prospero Group,0,0,0
20100323,68139,PRPG',OTC,0.75,0.75,10,0,Prospero Group,0,0,0
20100324,68139,PRPG',OTC,0.75,0.75,20,0,Prospero Group,0,0,0
20100325,68139,PRPG',OTC,0.75,0.75,0,0,Prospero Group,0,0,0
20100326,68139,PRPG',OTC,0.75,0.75,0,0,Prospero Group,0,0,0
20100329,68139,PRPG',OTC,0.75,0.75,0,0,Prospero Group,0,0,0
20100330,68139,PRPG',OTC,0.85,0.85,10,0,Prospero Group,0,0,0
20100331,68139,PRPG',OTC,0.85,0.85,0,0,Prospero Group,0,0,0
20100401,68139,PRPG',OTC,0.85,0.85,0,0,Prospero Group,0,0,0
20100405,68139,PRPG',OTC,0.85,0.85,0,0,Prospero Group,0,0,0
20100406,68139,PRPG',OTC,0.85,0.85,0,0,Prospero Group,0,0,0
20100407,68139,PRPG',OTC,0.85,0.85,0,0,Prospero Group,0,0,0
20100408,68139,PRPG',OTC,0.75,0.75,10,0,Prospero Group,0,0,0
20100409,68139,PRPG',OTC,0.75,0.75,0,0,Prospero Group,0,0,0
20100412,68139,PRPG',OTC,0.76,0.76,116,0,Prospero Group,0,0,0
20100413,68139,PRPG',OTC,0.76,0.76,0,0,Prospero Group,0,0,0
20100414,68139,PRPG',OTC,0.7,0.7,41,0,Prospero Group,0,0,0
20100415,68139,PRPG',OTC,0.7,0.7,10,0,Prospero Group,0,0,0
20100416,68139,PRPG',OTC,0.7,0.7,10,0,Prospero Group,0,0,0
20100419,68139,PRPG',OTC,0.7,0.7,0,0,Prospero Group,0,0,0
20100420,68139,PRPG',OTC,0.7,0.7,0,0,Prospero Group,0,0,0
20100421,68139,PRPG',OTC,0.7,0.7,0,0,Prospero Group,0,0,0
20100422,68139,PRPG',OTC,0.73,0.73,83,0,Prospero Group,0,0,0
20100423,68139,PRPG',OTC,0.73,0.73,0,0,Prospero Group,0,0,0
20100426,68139,PRPG',OTC,0.73,0.73,0,0,Prospero Group,0,0,0
20100427,68139,PRPG',OTC,0.73,0.73,0,0,Prospero Group,0,0,0
20100428,68139,PRPG',OTC,0.6,0.6,20,0,Prospero Group,0,0,0
20100429,68139,PRPG',OTC,0.7,0.7,10,0,Prospero Group,0,0,0
20100430,68139,PRPG',OTC,0.7,0.7,0,0,Prospero Group,0,0,0
20100503,68139,PRPG',OTC,0.7,0.7,0,0,Prospero Group,0,0,0
20100504,68139,PRPG',OTC,0.6,0.6,40,0,Prospero Group,0,0,0
20100505,68139,PRPG',OTC,0.51,0.51,32,0,Prospero Group,0,0,0
20100506,68139,PRPG',OTC,0.5,0.5,113,0,Prospero Group,0,0,0
20100507,68139,PRPG',OTC,0.5,0.5,0,0,Prospero Group,0,0,0
20100510,68139,PRPG',OTC,0.5,0.5,40,0,Prospero Group,0,0,0
20100511,68139,PRPG',OTC,1.7,1.7,5978,0,Prospero Group,0,0,0
20100512,68139,PRPG',OTC,1.8,1.8,1802,0,Prospero Group,0,0,0
20100513,68139,PRPG',OTC,1.8,1.8,155,0,Prospero Group,0,0,0
20100514,68139,PRPG',OTC,1.8,1.8,0,0,Prospero Group,0,0,0
20100517,68139,PRPG',OTC,1.75,1.75,85,0,Prospero Group,0,0,0
20100518,68139,PRPG',OTC,1.75,1.75,0,0,Prospero Group,0,0,0
20100519,68139,PRPG',OTC,1.8,1.8,652,0,Prospero Group,0,0,0
20100520,68139,PRPG',OTC,1.8,1.8,0,0,Prospero Group,0,0,0
20100521,68139,PRPG',OTC,1.7,1.7,399,0,Prospero Group,0,0,0
20100524,68139,PRPG',OTC,1.7,1.7,7,0,Prospero Group,0,0,0
20100525,68139,PRPG',OTC,1.7,1.7,971,0,Prospero Group,0,0,0
20100526,68139,PRPG',OTC,1.7,1.7,0,0,Prospero Group,0,0,0
20100527,68139,PRPG',OTC,1.6,1.6,578,0,Prospero Group,0,0,0
20100528,68139,PRPG',OTC,1.59,1.59,525,0,Prospero Group,0,0,0
20100601,68139,PRPG',OTC,1.59,1.59,0,0,Prospero Group,0,0,0
20100602,68139,PRPG',OTC,1.59,1.59,0,0,Prospero Group,0,0,0
20100603,68139,PRPG',OTC,1.59,1.59,0,0,Prospero Group,0,0,0
20100604,68139,PRPG',OTC,1.59,1.59,0,0,Prospero Group,0,0,0
20100607,68139,PRPG',OTC,1.5,1.5,15,0,Prospero Group,0,0,0
20100608,68139,PRPG',OTC,1.55,1.55,370,0,Prospero Group,0,0,0
20100609,68139,PRPG',OTC,1.55,1.55,13,0,Prospero Group,0,0,0
20100610,68139,PRPG',OTC,2.5,2.5,384,0,Prospero Group,0,0,0
20100611,68139,PRPG',OTC,1.8,1.8,164,0,Prospero Group,0,0,0
20100614,68139,PRPG',OTC,1.71,1.71,253,0,Prospero Group,0,0,0
20100615,68139,PRPG',OTC,1.8,1.8,49,0,Prospero Group,0,0,0
20100616,68139,PRPG',OTC,1.8,1.8,100,0,Prospero Group,0,0,0
20100617,68139,PRPG',OTC,2.1,2.1,208,0,Prospero Group,0,0,0
20100618,68139,PRPG',OTC,2.1,2.1,34,0,Prospero Group,0,0,0
20100621,68139,PRPG',OTC,2.1,2.1,0,0,Prospero Group,0,0,0
20100622,68139,PRPG',OTC,2.1,2.1,24,0,Prospero Group,0,0,0
20100623,68139,PRPG',OTC,2.2,2.2,34,0,Prospero Group,0,0,0
20100624,68139,PRPG',OTC,2.4,2.4,101,0,Prospero Group,0,0,0
20100625,68139,PRPG',OTC,2.4,2.4,46,0,Prospero Group,0,0,0
20100628,68139,PRPG',OTC,2.4,2.4,0,0,Prospero Group,0,0,0
20100629,68139,PRPG',OTC,2.05,2.05,105,0,Prospero Group,0,0,0
20100630,68139,PRPG',OTC,2.05,2.05,0,0,Prospero Group,0,0,0
20100701,68139,PRPG',OTC,2.49,2.49,32,0,Prospero Group,0,0,0
20100702,68139,PRPG',OTC,2.85,2.85,164,0,Prospero Group,0,0,0
20100706,68139,PRPG',OTC,4.85,4.85,82,0,Prospero Group,0,0,0
20100707,68139,PRPG',OTC,5,5,181,0,Prospero Group,0,0,0
20100708,68139,PRPG',OTC,4.5,4.5,231,0,Prospero Group,0,0,0
20100709,68139,PRPG',OTC,4.5,4.5,135,0,Prospero Group,0,0,0
20100712,68139,PRPG',OTC,4.3,4.3,4,0,Prospero Group,0,0,0
20100713,68139,PRPG',OTC,5,5,118,0,Prospero Group,0,0,0
20100714,68139,PRPG',OTC,4.8,4.8,1,0,Prospero Group,0,0,0
20100715,68139,PRPG',OTC,4.8,4.8,47,0,Prospero Group,0,0,0
20100716,68139,PRPG',OTC,4.95,4.95,203,0,Prospero Group,0,0,0
20100719,68139,PRPG',OTC,4.5,4.5,221,0,Prospero Group,0,0,0
20100720,68139,PRPG',OTC,4.5,4.5,9,0,Prospero Group,0,0,0
20100721,68139,PRPG',OTC,4.2,4.2,27,0,Prospero Group,0,0,0
20100722,68139,PRPG',OTC,4.5,4.5,398,0,Prospero Group,0,0,0
20100723,68139,PRPG',OTC,4.4,4.4,32,0,Prospero Group,0,0,0
20100726,68139,PRPG',OTC,4.3,4.3,40,0,Prospero Group,0,0,0
20100727,68139,PRPG',OTC,4.25,4.25,63,0,Prospero Group,0,0,0
20100728,68139,PRPG',OTC,4.25,4.25,0,0,Prospero Group,0,0,0
20100729,68139,PRPG',OTC,4.5,4.5,196,0,Prospero Group,0,0,0
20100730,68139,PRPG',OTC,4.45,4.45,19,0,Prospero Group,0,0,0
20100802,68139,PRPG',OTC,4.4,4.4,66,0,Prospero Group,0,0,0
20100803,68139,PRPG',OTC,4.4,4.4,0,0,Prospero Group,0,0,0
20100804,68139,PRPG',OTC,4.4,4.4,0,0,Prospero Group,0,0,0
20100805,68139,PRPG',OTC,4.4,4.4,0,0,Prospero Group,0,0,0
20100806,68139,PRPG',OTC,3.99,3.99,146,0,Prospero Group,0,0,0
20100809,68139,PRPG',OTC,3.99,3.99,43,0,Prospero Group,0,0,0
20100810,68139,PRPG',OTC,3.75,3.75,55,0,Prospero Group,0,0,0
20100811,68139,PRPG',OTC,3.65,3.65,29,0,Prospero Group,0,0,0
20100812,68139,PRPG',OTC,3.65,3.65,0,0,Prospero Group,0,0,0
20100813,68139,PRPG',OTC,3.65,3.65,84,0,Prospero Group,0,0,0
20100816,68139,PRPG',OTC,3.42,3.42,173,0,Prospero Group,0,0,0
20100817,68139,PRPG',OTC,3.7,3.7,35,0,Prospero Group,0,0,0
20100818,68139,PRPG',OTC,3.7,3.7,0,0,Prospero Group,0,0,0
20100819,68139,PRPG',OTC,3.7,3.7,48,0,Prospero Group,0,0,0
20100820,68139,PRPG',OTC,3.7,3.7,0,0,Prospero Group,0,0,0
20100823,68139,PRPG',OTC,3.65,3.65,1,0,Prospero Group,0,0,0
20100824,68139,PRPG',OTC,3.65,3.65,7,0,Prospero Group,0,0,0
20100825,68139,PRPG',OTC,3.6,3.6,19,0,Prospero Group,0,0,0
20100826,68139,PRPG',OTC,4,4,235,0,Prospero Group,0,0,0
20100827,68139,PRPG',OTC,4,4,0,0,Prospero Group,0,0,0
20100830,68139,PRPG',OTC,3.2,3.2,3,0,Prospero Group,0,0,0
20100831,68139,PRPG',OTC,3.7,3.7,14,0,Prospero Group,0,0,0
20100901,68139,PRPG',OTC,4,4,104,0,Prospero Group,0,0,0
20100902,68139,PRPG',OTC,4,4,0,0,Prospero Group,0,0,0
20100903,68139,PRPG',OTC,4,4,0,0,Prospero Group,0,0,0
20100907,68139,PRPG',OTC,4,4,0,0,Prospero Group,0,0,0
20100908,68139,PRPG',OTC,4,4,0,0,Prospero Group,0,0,0
20100909,68139,PRPG',OTC,4,4,0,0,Prospero Group,0,0,0
20100910,68139,PRPG',OTC,4,4,0,0,Prospero Group,0,0,0
20100913,68139,PRPG',OTC,4,4,0,0,Prospero Group,0,0,0
20100914,68139,PRPG',OTC,4,4,0,0,Prospero Group,0,0,0
20100915,68139,PRPG',OTC,4,4,0,0,Prospero Group,0,0,0
20100916,68139,PRPG',OTC,4,4,0,0,Prospero Group,0,0,0
20100917,68139,PRPG',OTC,4,4,0,0,Prospero Group,0,0,0
20100920,68139,PRPG',OTC,4,4,0,0,Prospero Group,0,0,0
20100921,68139,PRPG',OTC,4,4,0,0,Prospero Group,0,0,0
20100922,68139,PRPG',OTC,4,4,0,0,Prospero Group,0,0,0
20100923,68139,PRPG',OTC,4,4,0,0,Prospero Group,0,0,0
20100924,68139,PRPG',OTC,4,4,0,0,Prospero Group,0,0,0
20100927,68139,PRPG',OTC,1.2,1.2,25,0,Prospero Group,0,0,0
20100928,68139,PRPG',OTC,4,4,2,0,Prospero Group,0,0,0
20100929,68139,PRPG',OTC,4,4,0,0,Prospero Group,0,0,0
20100930,68139,PRPG',OTC,4,4,0,0,Prospero Group,0,0,0
20101001,68139,PRPG',OTC,4,4,0,0,Prospero Group,0,0,0
20101004,68139,PRPG',OTC,4,4,18,0,Prospero Group,0,0,0
20101005,68139,PRPG',OTC,4,4,0,0,Prospero Group,0,0,0
20101006,68139,PRPG',OTC,4,4,0,0,Prospero Group,0,0,0
20101007,68139,PRPG',OTC,4,4,0,0,Prospero Group,0,0,0
20101008,68139,PRPG',OTC,4,4,0,0,Prospero Group,0,0,0
20101011,68139,PRPG',OTC,4,4,0,0,Prospero Group,0,0,0
20101012,68139,PRPG',OTC,2.5,2.5,124,0,Prospero Group,0,0,0
20101013,68139,PRPG',OTC,2.5,2.5,0,0,Prospero Group,0,0,0
