DDate,CSINumber,Symbol,Exchange,DClose,UnAdjustedClose,TotalVolume,Cash,MarketName,PTB,PSR,DPS
20051215,68317,URXE',OTC,72,0.72,0,0,Mustang Geotherm,0,0,0
20051216,68317,URXE',OTC,72,0.72,0,0,Mustang Geotherm,0,0,0
20051219,68317,URXE',OTC,72,0.72,0,0,Mustang Geotherm,0,0,0
20051220,68317,URXE',OTC,72,0.72,0,0,Mustang Geotherm,0,0,0
20051221,68317,URXE',OTC,72,0.72,0,0,Mustang Geotherm,0,0,0
20051222,68317,URXE',OTC,72,0.72,6,0,Mustang Geotherm,0,0,0
20051223,68317,URXE',OTC,70,0.7,2,0,Mustang Geotherm,0,0,0
20051227,68317,URXE',OTC,72,0.72,4,0,Mustang Geotherm,0,0,0
20051228,68317,URXE',OTC,72,0.72,0,0,Mustang Geotherm,0,0,0
20051229,68317,URXE',OTC,72,0.72,0,0,Mustang Geotherm,0,0,0
20051230,68317,URXE',OTC,70,0.7,0,0,Mustang Geotherm,0,0,0
20060103,68317,URXE',OTC,70,0.7,0,0,Mustang Geotherm,0,0,0
20060104,68317,URXE',OTC,70,0.7,0,0,Mustang Geotherm,0,0,0
20060105,68317,URXE',OTC,70,0.7,0,0,Mustang Geotherm,0,0,0
20060106,68317,URXE',OTC,70,0.7,0,0,Mustang Geotherm,0,0,0
20060109,68317,URXE',OTC,70,0.7,0,0,Mustang Geotherm,0,0,0
20060110,68317,URXE',OTC,70,0.7,0,0,Mustang Geotherm,0,0,0
20060111,68317,URXE',OTC,70,0.7,0,0,Mustang Geotherm,0,0,0
20060112,68317,URXE',OTC,75,0.75,0,0,Mustang Geotherm,0,0,0
20060113,68317,URXE',OTC,70,0.7,26,0,Mustang Geotherm,0,0,0
20060117,68317,URXE',OTC,70,0.7,0,0,Mustang Geotherm,0,0,0
20060118,68317,URXE',OTC,70,0.7,2,0,Mustang Geotherm,0,0,0
20060119,68317,URXE',OTC,70,0.7,0,0,Mustang Geotherm,0,0,0
20060120,68317,URXE',OTC,70,0.7,0,0,Mustang Geotherm,0,0,0
20060123,68317,URXE',OTC,73,0.73,4,0,Mustang Geotherm,0,0,0
20060124,68317,URXE',OTC,73,0.73,0,0,Mustang Geotherm,0,0,0
20060125,68317,URXE',OTC,73,0.73,0,0,Mustang Geotherm,0,0,0
20060126,68317,URXE',OTC,73,0.73,0,0,Mustang Geotherm,0,0,0
20060127,68317,URXE',OTC,75,0.75,1,0,Mustang Geotherm,0,0,0
20060130,68317,URXE',OTC,75,0.75,0,0,Mustang Geotherm,0,0,0
20060131,68317,URXE',OTC,75,0.75,0,0,Mustang Geotherm,0,0,0
20060201,68317,URXE',OTC,74,0.74,4,0,Mustang Geotherm,0,0,0
20060202,68317,URXE',OTC,74,0.74,0,0,Mustang Geotherm,0,0,0
20060203,68317,URXE',OTC,74,0.74,0,0,Mustang Geotherm,0,0,0
20060206,68317,URXE',OTC,74,0.74,0,0,Mustang Geotherm,0,0,0
20060207,68317,URXE',OTC,74,0.74,0,0,Mustang Geotherm,0,0,0
20060208,68317,URXE',OTC,74,0.74,0,0,Mustang Geotherm,0,0,0
20060209,68317,URXE',OTC,71,0.71,1,0,Mustang Geotherm,0,0,0
20060210,68317,URXE',OTC,71,0.71,0,0,Mustang Geotherm,0,0,0
20060213,68317,URXE',OTC,75,0.75,3,0,Mustang Geotherm,0,0,0
20060214,68317,URXE',OTC,75,0.75,0,0,Mustang Geotherm,0,0,0
20060215,68317,URXE',OTC,75,0.75,0,0,Mustang Geotherm,0,0,0
20060216,68317,URXE',OTC,75,0.75,0,0,Mustang Geotherm,0,0,0
20060217,68317,URXE',OTC,75,0.75,0,0,Mustang Geotherm,0,0,0
20060221,68317,URXE',OTC,71,0.71,1,0,Mustang Geotherm,0,0,0
20060222,68317,URXE',OTC,66,0.66,3,0,Mustang Geotherm,0,0,0
20060223,68317,URXE',OTC,66,0.66,6,0,Mustang Geotherm,0,0,0
20060224,68317,URXE',OTC,66,0.66,0,0,Mustang Geotherm,0,0,0
20060227,68317,URXE',OTC,66,0.66,0,0,Mustang Geotherm,0,0,0
20060228,68317,URXE',OTC,67,0.67,0,0,Mustang Geotherm,0,0,0
20060301,68317,URXE',OTC,67,0.67,0,0,Mustang Geotherm,0,0,0
20060302,68317,URXE',OTC,67,0.67,0,0,Mustang Geotherm,0,0,0
20060303,68317,URXE',OTC,67,0.67,0,0,Mustang Geotherm,0,0,0
20060306,68317,URXE',OTC,67,0.67,0,0,Mustang Geotherm,0,0,0
20060307,68317,URXE',OTC,67,0.67,0,0,Mustang Geotherm,0,0,0
20060308,68317,URXE',OTC,67,0.67,0,0,Mustang Geotherm,0,0,0
20060309,68317,URXE',OTC,67,0.67,0,0,Mustang Geotherm,0,0,0
20060310,68317,URXE',OTC,68,0.68,1,0,Mustang Geotherm,0,0,0
20060313,68317,URXE',OTC,68,0.68,0,0,Mustang Geotherm,0,0,0
20060314,68317,URXE',OTC,68,0.68,0,0,Mustang Geotherm,0,0,0
20060315,68317,URXE',OTC,68,0.68,0,0,Mustang Geotherm,0,0,0
20060316,68317,URXE',OTC,68,0.68,0,0,Mustang Geotherm,0,0,0
20060317,68317,URXE',OTC,60,0.6,1,0,Mustang Geotherm,0,0,0
20060320,68317,URXE',OTC,60,0.6,0,0,Mustang Geotherm,0,0,0
20060321,68317,URXE',OTC,60,0.6,0,0,Mustang Geotherm,0,0,0
20060322,68317,URXE',OTC,60,0.6,0,0,Mustang Geotherm,0,0,0
20060323,68317,URXE',OTC,60,0.6,0,0,Mustang Geotherm,0,0,0
20060324,68317,URXE',OTC,60,0.6,0,0,Mustang Geotherm,0,0,0
20060327,68317,URXE',OTC,60,0.6,1,0,Mustang Geotherm,0,0,0
20060328,68317,URXE',OTC,62,0.62,0,0,Mustang Geotherm,0,0,0
20060329,68317,URXE',OTC,62,0.62,0,0,Mustang Geotherm,0,0,0
20060330,68317,URXE',OTC,62,0.62,0,0,Mustang Geotherm,0,0,0
20060331,68317,URXE',OTC,62,0.62,0,0,Mustang Geotherm,0,0,0
20060403,68317,URXE',OTC,64,0.64,1,0,Mustang Geotherm,0,0,0
20060404,68317,URXE',OTC,62,0.62,0,0,Mustang Geotherm,0,0,0
20060405,68317,URXE',OTC,62,0.62,0,0,Mustang Geotherm,0,0,0
20060406,68317,URXE',OTC,62,0.62,0,0,Mustang Geotherm,0,0,0
20060407,68317,URXE',OTC,60,0.6,29,0,Mustang Geotherm,0,0,0
20060410,68317,URXE',OTC,62,0.62,27,0,Mustang Geotherm,0,0,0
20060411,68317,URXE',OTC,62,0.62,13,0,Mustang Geotherm,0,0,0
20060412,68317,URXE',OTC,65,0.65,1,0,Mustang Geotherm,0,0,0
20060413,68317,URXE',OTC,65,0.65,0,0,Mustang Geotherm,0,0,0
20060417,68317,URXE',OTC,65,0.65,0,0,Mustang Geotherm,0,0,0
20060418,68317,URXE',OTC,65,0.65,0,0,Mustang Geotherm,0,0,0
20060419,68317,URXE',OTC,62,0.62,0,0,Mustang Geotherm,0,0,0
20060420,68317,URXE',OTC,80,0.8,0,0,Mustang Geotherm,0,0,0
20060421,68317,URXE',OTC,80,0.8,0,0,Mustang Geotherm,0,0,0
20060424,68317,URXE',OTC,80,0.8,0,0,Mustang Geotherm,0,0,0
20060425,68317,URXE',OTC,82,0.82,1,0,Mustang Geotherm,0,0,0
20060426,68317,URXE',OTC,75,0.75,1,0,Mustang Geotherm,0,0,0
20060427,68317,URXE',OTC,73,0.73,1,0,Mustang Geotherm,0,0,0
20060428,68317,URXE',OTC,65,0.65,4,0,Mustang Geotherm,0,0,0
20060501,68317,URXE',OTC,65,0.65,0,0,Mustang Geotherm,0,0,0
20060502,68317,URXE',OTC,65,0.65,0,0,Mustang Geotherm,0,0,0
20060503,68317,URXE',OTC,65,0.65,0,0,Mustang Geotherm,0,0,0
20060504,68317,URXE',OTC,63,0.63,1,0,Mustang Geotherm,0,0,0
20060505,68317,URXE',OTC,63,0.63,0,0,Mustang Geotherm,0,0,0
20060508,68317,URXE',OTC,63,0.63,0,0,Mustang Geotherm,0,0,0
20060509,68317,URXE',OTC,63,0.63,0,0,Mustang Geotherm,0,0,0
20060510,68317,URXE',OTC,63,0.63,0,0,Mustang Geotherm,0,0,0
20060511,68317,URXE',OTC,64,0.64,2,0,Mustang Geotherm,0,0,0
20060512,68317,URXE',OTC,64,0.64,0,0,Mustang Geotherm,0,0,0
20060515,68317,URXE',OTC,60,0.6,3,0,Mustang Geotherm,0,0,0
20060516,68317,URXE',OTC,60,0.6,0,0,Mustang Geotherm,0,0,0
20060517,68317,URXE',OTC,60,0.6,0,0,Mustang Geotherm,0,0,0
20060518,68317,URXE',OTC,60,0.6,0,0,Mustang Geotherm,0,0,0
20060519,68317,URXE',OTC,51,0.51,1,0,Mustang Geotherm,0,0,0
20060522,68317,URXE',OTC,51,0.51,0,0,Mustang Geotherm,0,0,0
20060523,68317,URXE',OTC,51,0.51,0,0,Mustang Geotherm,0,0,0
20060524,68317,URXE',OTC,51,0.51,0,0,Mustang Geotherm,0,0,0
20060525,68317,URXE',OTC,51,0.51,0,0,Mustang Geotherm,0,0,0
20060526,68317,URXE',OTC,51,0.51,0,0,Mustang Geotherm,0,0,0
20060530,68317,URXE',OTC,51,0.51,0,0,Mustang Geotherm,0,0,0
20060531,68317,URXE',OTC,51,0.51,0,0,Mustang Geotherm,0,0,0
20060601,68317,URXE',OTC,51,0.51,0,0,Mustang Geotherm,0,0,0
20060602,68317,URXE',OTC,65,0.65,0,0,Mustang Geotherm,0,0,0
20060605,68317,URXE',OTC,65,0.65,0,0,Mustang Geotherm,0,0,0
20060606,68317,URXE',OTC,70,0.7,4,0,Mustang Geotherm,0,0,0
20060607,68317,URXE',OTC,70,0.7,0,0,Mustang Geotherm,0,0,0
20060608,68317,URXE',OTC,70,0.7,1,0,Mustang Geotherm,0,0,0
20060609,68317,URXE',OTC,70,0.7,0,0,Mustang Geotherm,0,0,0
20060612,68317,URXE',OTC,70,0.7,0,0,Mustang Geotherm,0,0,0
20060613,68317,URXE',OTC,67,0.67,1,0,Mustang Geotherm,0,0,0
20060614,68317,URXE',OTC,68,0.68,10,0,Mustang Geotherm,0,0,0
20060615,68317,URXE',OTC,67,0.67,10,0,Mustang Geotherm,0,0,0
20060616,68317,URXE',OTC,67,0.67,0,0,Mustang Geotherm,0,0,0
20060619,68317,URXE',OTC,67,0.67,0,0,Mustang Geotherm,0,0,0
20060620,68317,URXE',OTC,69,0.69,10,0,Mustang Geotherm,0,0,0
20060621,68317,URXE',OTC,68,0.68,9,0,Mustang Geotherm,0,0,0
20060622,68317,URXE',OTC,69,0.69,10,0,Mustang Geotherm,0,0,0
20060623,68317,URXE',OTC,66,0.66,11,0,Mustang Geotherm,0,0,0
20060626,68317,URXE',OTC,66,0.66,0,0,Mustang Geotherm,0,0,0
20060627,68317,URXE',OTC,66,0.66,0,0,Mustang Geotherm,0,0,0
20060628,68317,URXE',OTC,66,0.66,0,0,Mustang Geotherm,0,0,0
20060629,68317,URXE',OTC,66,0.66,0,0,Mustang Geotherm,0,0,0
20060630,68317,URXE',OTC,66,0.66,1,0,Mustang Geotherm,0,0,0
20060703,68317,URXE',OTC,66,0.33,0,0,Mustang Geotherm,0,0,0
20060705,68317,URXE',OTC,66,0.33,0,0,Mustang Geotherm,0,0,0
20060706,68317,URXE',OTC,200,1,0,0,Mustang Geotherm,0,0,0
20060707,68317,URXE',OTC,200,1,0,0,Mustang Geotherm,0,0,0
20060710,68317,URXE',OTC,200,1,0,0,Mustang Geotherm,0,0,0
20060711,68317,URXE',OTC,200,1,0,0,Mustang Geotherm,0,0,0
20060712,68317,URXE',OTC,66,0.33,1,0,Mustang Geotherm,0,0,0
20060713,68317,URXE',OTC,66,0.33,1,0,Mustang Geotherm,0,0,0
20060714,68317,URXE',OTC,84,0.42,9,0,Mustang Geotherm,0,0,0
20060717,68317,URXE',OTC,80,0.4,5,0,Mustang Geotherm,0,0,0
20060718,68317,URXE',OTC,94,0.47,2,0,Mustang Geotherm,0,0,0
20060719,68317,URXE',OTC,88,0.44,3,0,Mustang Geotherm,0,0,0
20060720,68317,URXE',OTC,88,0.44,1,0,Mustang Geotherm,0,0,0
20060721,68317,URXE',OTC,106,0.53,15,0,Mustang Geotherm,0,0,0
20060724,68317,URXE',OTC,106,0.53,0,0,Mustang Geotherm,0,0,0
20060725,68317,URXE',OTC,106,0.53,0,0,Mustang Geotherm,0,0,0
20060726,68317,URXE',OTC,86,0.43,1,0,Mustang Geotherm,0,0,0
20060727,68317,URXE',OTC,86,0.43,0,0,Mustang Geotherm,0,0,0
20060728,68317,URXE',OTC,88,0.44,1,0,Mustang Geotherm,0,0,0
20060731,68317,URXE',OTC,84,0.42,1,0,Mustang Geotherm,0,0,0
20060801,68317,URXE',OTC,82,0.41,3,0,Mustang Geotherm,0,0,0
20060802,68317,URXE',OTC,90,0.45,1,0,Mustang Geotherm,0,0,0
20060803,68317,URXE',OTC,90,0.45,1,0,Mustang Geotherm,0,0,0
20060804,68317,URXE',OTC,84,0.42,2,0,Mustang Geotherm,0,0,0
20060807,68317,URXE',OTC,84,0.42,0,0,Mustang Geotherm,0,0,0
20060808,68317,URXE',OTC,86,0.43,1,0,Mustang Geotherm,0,0,0
20060809,68317,URXE',OTC,90,0.45,12,0,Mustang Geotherm,0,0,0
20060810,68317,URXE',OTC,88,0.44,21,0,Mustang Geotherm,0,0,0
20060811,68317,URXE',OTC,92,0.46,6,0,Mustang Geotherm,0,0,0
20060814,68317,URXE',OTC,96,0.48,1,0,Mustang Geotherm,0,0,0
20060815,68317,URXE',OTC,84,0.42,0,0,Mustang Geotherm,0,0,0
20060816,68317,URXE',OTC,90,0.45,1,0,Mustang Geotherm,0,0,0
20060817,68317,URXE',OTC,90,0.45,0,0,Mustang Geotherm,0,0,0
20060818,68317,URXE',OTC,98,0.49,0,0,Mustang Geotherm,0,0,0
20060821,68317,URXE',OTC,82,0.41,1,0,Mustang Geotherm,0,0,0
20060822,68317,URXE',OTC,82,0.41,1,0,Mustang Geotherm,0,0,0
20060823,68317,URXE',OTC,82,0.41,0,0,Mustang Geotherm,0,0,0
20060824,68317,URXE',OTC,86,0.43,21,0,Mustang Geotherm,0,0,0
20060825,68317,URXE',OTC,94,0.47,18,0,Mustang Geotherm,0,0,0
20060828,68317,URXE',OTC,90,0.45,3,0,Mustang Geotherm,0,0,0
20060829,68317,URXE',OTC,92,0.46,15,0,Mustang Geotherm,0,0,0
20060830,68317,URXE',OTC,110,0.55,17,0,Mustang Geotherm,0,0,0
20060831,68317,URXE',OTC,130,0.65,63,0,Mustang Geotherm,0,0,0
20060901,68317,URXE',OTC,128,0.64,6,0,Mustang Geotherm,0,0,0
20060905,68317,URXE',OTC,136,0.68,12,0,Mustang Geotherm,0,0,0
20060906,68317,URXE',OTC,130,0.65,1,0,Mustang Geotherm,0,0,0
20060907,68317,URXE',OTC,136,0.68,2,0,Mustang Geotherm,0,0,0
20060908,68317,URXE',OTC,140,0.7,25,0,Mustang Geotherm,0,0,0
20060911,68317,URXE',OTC,134,0.67,0,0,Mustang Geotherm,0,0,0
20060912,68317,URXE',OTC,136,0.68,14,0,Mustang Geotherm,0,0,0
20060913,68317,URXE',OTC,138,0.69,8,0,Mustang Geotherm,0,0,0
20060914,68317,URXE',OTC,148,0.74,179,0,Mustang Geotherm,0,0,0
20060915,68317,URXE',OTC,144,0.72,5,0,Mustang Geotherm,0,0,0
20060918,68317,URXE',OTC,152,0.76,9,0,Mustang Geotherm,0,0,0
20060919,68317,URXE',OTC,160,0.8,30,0,Mustang Geotherm,0,0,0
20060920,68317,URXE',OTC,150,0.75,10,0,Mustang Geotherm,0,0,0
20060921,68317,URXE',OTC,152,0.76,9,0,Mustang Geotherm,0,0,0
20060922,68317,URXE',OTC,150,0.75,6,0,Mustang Geotherm,0,0,0
20060925,68317,URXE',OTC,160,0.8,5,0,Mustang Geotherm,0,0,0
20060926,68317,URXE',OTC,160,0.8,1,0,Mustang Geotherm,0,0,0
20060927,68317,URXE',OTC,162,0.81,6,0,Mustang Geotherm,0,0,0
20060928,68317,URXE',OTC,162,0.81,13,0,Mustang Geotherm,0,0,0
20060929,68317,URXE',OTC,162,0.81,7,0,Mustang Geotherm,0,0,0
20061002,68317,URXE',OTC,164,0.82,3,0,Mustang Geotherm,0,0,0
20061003,68317,URXE',OTC,160,0.8,5,0,Mustang Geotherm,0,0,0
20061004,68317,URXE',OTC,158,0.79,9,0,Mustang Geotherm,0,0,0
20061005,68317,URXE',OTC,156,0.78,4,0,Mustang Geotherm,0,0,0
20061006,68317,URXE',OTC,158,0.79,1,0,Mustang Geotherm,0,0,0
20061009,68317,URXE',OTC,158,0.79,0,0,Mustang Geotherm,0,0,0
20061010,68317,URXE',OTC,158,0.79,1,0,Mustang Geotherm,0,0,0
20061011,68317,URXE',OTC,160,0.8,3,0,Mustang Geotherm,0,0,0
20061012,68317,URXE',OTC,158,0.79,2,0,Mustang Geotherm,0,0,0
20061013,68317,URXE',OTC,160,0.8,36,0,Mustang Geotherm,0,0,0
20061016,68317,URXE',OTC,168,0.84,4,0,Mustang Geotherm,0,0,0
20061017,68317,URXE',OTC,178,0.89,38,0,Mustang Geotherm,0,0,0
20061018,68317,URXE',OTC,184,0.92,132,0,Mustang Geotherm,0,0,0
20061019,68317,URXE',OTC,182,0.91,62,0,Mustang Geotherm,0,0,0
20061020,68317,URXE',OTC,184,0.92,21,0,Mustang Geotherm,0,0,0
20061023,68317,URXE',OTC,186,0.93,42,0,Mustang Geotherm,0,0,0
20061024,68317,URXE',OTC,190,0.95,17,0,Mustang Geotherm,0,0,0
20061025,68317,URXE',OTC,184,0.92,31,0,Mustang Geotherm,0,0,0
20061026,68317,URXE',OTC,180,0.9,6,0,Mustang Geotherm,0,0,0
20061027,68317,URXE',OTC,196,0.98,50,0,Mustang Geotherm,0,0,0
20061030,68317,URXE',OTC,200,1,56,0,Mustang Geotherm,0,0,0
20061031,68317,URXE',OTC,192,0.96,36,0,Mustang Geotherm,0,0,0
20061101,68317,URXE',OTC,190,0.95,13,0,Mustang Geotherm,0,0,0
20061102,68317,URXE',OTC,200,1,130,0,Mustang Geotherm,0,0,0
20061103,68317,URXE',OTC,236,1.18,422,0,Mustang Geotherm,0,0,0
20061106,68317,URXE',OTC,224,1.12,64,0,Mustang Geotherm,0,0,0
20061107,68317,URXE',OTC,228,1.14,60,0,Mustang Geotherm,0,0,0
20061108,68317,URXE',OTC,228,1.14,30,0,Mustang Geotherm,0,0,0
20061109,68317,URXE',OTC,234,1.17,160,0,Mustang Geotherm,0,0,0
20061110,68317,URXE',OTC,248,1.24,208,0,Mustang Geotherm,0,0,0
20061113,68317,URXE',OTC,232,1.16,68,0,Mustang Geotherm,0,0,0
20061114,68317,URXE',OTC,208,1.04,84,0,Mustang Geotherm,0,0,0
20061115,68317,URXE',OTC,206,1.03,83,0,Mustang Geotherm,0,0,0
20061116,68317,URXE',OTC,178,0.89,63,0,Mustang Geotherm,0,0,0
20061117,68317,URXE',OTC,170,0.85,42,0,Mustang Geotherm,0,0,0
20061120,68317,URXE',OTC,184,0.92,30,0,Mustang Geotherm,0,0,0
20061121,68317,URXE',OTC,190,0.95,54,0,Mustang Geotherm,0,0,0
20061122,68317,URXE',OTC,204,1.02,19,0,Mustang Geotherm,0,0,0
20061124,68317,URXE',OTC,212,1.06,37,0,Mustang Geotherm,0,0,0
20061127,68317,URXE',OTC,186,0.93,29,0,Mustang Geotherm,0,0,0
20061128,68317,URXE',OTC,180,0.9,27,0,Mustang Geotherm,0,0,0
20061129,68317,URXE',OTC,178,0.89,72,0,Mustang Geotherm,0,0,0
20061130,68317,URXE',OTC,184,0.92,58,0,Mustang Geotherm,0,0,0
20061201,68317,URXE',OTC,196,0.98,10,0,Mustang Geotherm,0,0,0
20061204,68317,URXE',OTC,166,0.83,38,0,Mustang Geotherm,0,0,0
20061205,68317,URXE',OTC,176,0.88,24,0,Mustang Geotherm,0,0,0
20061206,68317,URXE',OTC,174,0.87,19,0,Mustang Geotherm,0,0,0
20061207,68317,URXE',OTC,160,0.8,23,0,Mustang Geotherm,0,0,0
20061208,68317,URXE',OTC,168,0.84,15,0,Mustang Geotherm,0,0,0
20061211,68317,URXE',OTC,158,0.79,31,0,Mustang Geotherm,0,0,0
20061212,68317,URXE',OTC,118,0.59,70,0,Mustang Geotherm,0,0,0
20061213,68317,URXE',OTC,136,0.68,23,0,Mustang Geotherm,0,0,0
20061214,68317,URXE',OTC,150,0.75,28,0,Mustang Geotherm,0,0,0
20061215,68317,URXE',OTC,142,0.71,13,0,Mustang Geotherm,0,0,0
20061218,68317,URXE',OTC,130,0.65,21,0,Mustang Geotherm,0,0,0
20061219,68317,URXE',OTC,120,0.6,33,0,Mustang Geotherm,0,0,0
20061220,68317,URXE',OTC,110,0.55,29,0,Mustang Geotherm,0,0,0
20061221,68317,URXE',OTC,106,0.53,32,0,Mustang Geotherm,0,0,0
20061222,68317,URXE',OTC,110,0.55,25,0,Mustang Geotherm,0,0,0
20061226,68317,URXE',OTC,110,0.55,12,0,Mustang Geotherm,0,0,0
20061227,68317,URXE',OTC,104,0.52,23,0,Mustang Geotherm,0,0,0
20061228,68317,URXE',OTC,92,0.46,52,0,Mustang Geotherm,0,0,0
20061229,68317,URXE',OTC,84,0.42,45,0,Mustang Geotherm,0,0,0
20070103,68317,URXE',OTC,100,0.5,36,0,Mustang Geotherm,0,0,0
20070104,68317,URXE',OTC,96,0.48,21,0,Mustang Geotherm,0,0,0
20070105,68317,URXE',OTC,102,0.51,19,0,Mustang Geotherm,0,0,0
20070108,68317,URXE',OTC,94,0.47,23,0,Mustang Geotherm,0,0,0
20070109,68317,URXE',OTC,88,0.44,18,0,Mustang Geotherm,0,0,0
20070110,68317,URXE',OTC,92,0.46,12,0,Mustang Geotherm,0,0,0
20070111,68317,URXE',OTC,90,0.45,1,0,Mustang Geotherm,0,0,0
20070112,68317,URXE',OTC,94,0.47,5,0,Mustang Geotherm,0,0,0
20070116,68317,URXE',OTC,114,0.57,31,0,Mustang Geotherm,0,0,0
20070117,68317,URXE',OTC,110,0.55,17,0,Mustang Geotherm,0,0,0
20070118,68317,URXE',OTC,114,0.57,12,0,Mustang Geotherm,0,0,0
20070119,68317,URXE',OTC,114,0.57,6,0,Mustang Geotherm,0,0,0
20070122,68317,URXE',OTC,104,0.52,19,0,Mustang Geotherm,0,0,0
20070123,68317,URXE',OTC,110,0.55,19,0,Mustang Geotherm,0,0,0
20070124,68317,URXE',OTC,106,0.53,6,0,Mustang Geotherm,0,0,0
20070125,68317,URXE',OTC,106,0.53,3,0,Mustang Geotherm,0,0,0
20070126,68317,URXE',OTC,100,0.5,6,0,Mustang Geotherm,0,0,0
20070129,68317,URXE',OTC,120,0.6,26,0,Mustang Geotherm,0,0,0
20070130,68317,URXE',OTC,116,0.58,7,0,Mustang Geotherm,0,0,0
20070131,68317,URXE',OTC,110,0.55,7,0,Mustang Geotherm,0,0,0
20070201,68317,URXE',OTC,108,0.54,12,0,Mustang Geotherm,0,0,0
20070202,68317,URXE',OTC,102,0.51,9,0,Mustang Geotherm,0,0,0
20070205,68317,URXE',OTC,102,0.51,4,0,Mustang Geotherm,0,0,0
20070206,68317,URXE',OTC,102,0.51,7,0,Mustang Geotherm,0,0,0
20070207,68317,URXE',OTC,102,0.51,4,0,Mustang Geotherm,0,0,0
20070208,68317,URXE',OTC,102,0.51,6,0,Mustang Geotherm,0,0,0
20070209,68317,URXE',OTC,104,0.52,3,0,Mustang Geotherm,0,0,0
20070212,68317,URXE',OTC,100,0.5,14,0,Mustang Geotherm,0,0,0
20070213,68317,URXE',OTC,100,0.5,12,0,Mustang Geotherm,0,0,0
20070214,68317,URXE',OTC,94,0.47,8,0,Mustang Geotherm,0,0,0
20070215,68317,URXE',OTC,98,0.49,6,0,Mustang Geotherm,0,0,0
20070216,68317,URXE',OTC,92,0.46,9,0,Mustang Geotherm,0,0,0
20070220,68317,URXE',OTC,94,0.47,5,0,Mustang Geotherm,0,0,0
20070221,68317,URXE',OTC,94,0.47,8,0,Mustang Geotherm,0,0,0
20070222,68317,URXE',OTC,94,0.47,8,0,Mustang Geotherm,0,0,0
20070223,68317,URXE',OTC,92,0.46,5,0,Mustang Geotherm,0,0,0
20070226,68317,URXE',OTC,90,0.45,5,0,Mustang Geotherm,0,0,0
20070227,68317,URXE',OTC,84,0.42,9,0,Mustang Geotherm,0,0,0
20070228,68317,URXE',OTC,86,0.43,28,0,Mustang Geotherm,0,0,0
20070301,68317,URXE',OTC,80,0.4,4,0,Mustang Geotherm,0,0,0
20070302,68317,URXE',OTC,78,0.39,4,0,Mustang Geotherm,0,0,0
20070305,68317,URXE',OTC,68,0.34,22,0,Mustang Geotherm,0,0,0
20070306,68317,URXE',OTC,72,0.36,10,0,Mustang Geotherm,0,0,0
20070307,68317,URXE',OTC,72,0.36,5,0,Mustang Geotherm,0,0,0
20070308,68317,URXE',OTC,72,0.36,10,0,Mustang Geotherm,0,0,0
20070309,68317,URXE',OTC,66,0.33,34,0,Mustang Geotherm,0,0,0
20070312,68317,URXE',OTC,72,0.36,1,0,Mustang Geotherm,0,0,0
20070313,68317,URXE',OTC,66,0.33,5,0,Mustang Geotherm,0,0,0
20070314,68317,URXE',OTC,62,0.31,10,0,Mustang Geotherm,0,0,0
20070315,68317,URXE',OTC,62,0.31,0,0,Mustang Geotherm,0,0,0
20070316,68317,URXE',OTC,56,0.28,13,0,Mustang Geotherm,0,0,0
20070319,68317,URXE',OTC,44,0.22,41,0,Mustang Geotherm,0,0,0
20070320,68317,URXE',OTC,38,0.19,12,0,Mustang Geotherm,0,0,0
20070321,68317,URXE',OTC,52,0.26,26,0,Mustang Geotherm,0,0,0
20070322,68317,URXE',OTC,56,0.28,12,0,Mustang Geotherm,0,0,0
20070323,68317,URXE',OTC,60,0.3,4,0,Mustang Geotherm,0,0,0
20070326,68317,URXE',OTC,70,0.35,19,0,Mustang Geotherm,0,0,0
20070327,68317,URXE',OTC,90,0.45,61,0,Mustang Geotherm,0,0,0
20070328,68317,URXE',OTC,70,0.35,50,0,Mustang Geotherm,0,0,0
20070329,68317,URXE',OTC,62,0.31,30,0,Mustang Geotherm,0,0,0
20070330,68317,URXE',OTC,72,0.36,28,0,Mustang Geotherm,0,0,0
20070402,68317,URXE',OTC,64,0.32,11,0,Mustang Geotherm,0,0,0
20070403,68317,URXE',OTC,60,0.3,10,0,Mustang Geotherm,0,0,0
20070404,68317,URXE',OTC,62,0.31,22,0,Mustang Geotherm,0,0,0
20070405,68317,URXE',OTC,58,0.29,12,0,Mustang Geotherm,0,0,0
20070409,68317,URXE',OTC,62,0.31,15,0,Mustang Geotherm,0,0,0
20070410,68317,URXE',OTC,62,0.31,15,0,Mustang Geotherm,0,0,0
20070411,68317,URXE',OTC,58,0.29,10,0,Mustang Geotherm,0,0,0
20070412,68317,URXE',OTC,56,0.28,6,0,Mustang Geotherm,0,0,0
20070413,68317,URXE',OTC,56,0.28,4,0,Mustang Geotherm,0,0,0
20070416,68317,URXE',OTC,54,0.27,4,0,Mustang Geotherm,0,0,0
20070417,68317,URXE',OTC,56,0.28,2,0,Mustang Geotherm,0,0,0
20070418,68317,URXE',OTC,56,0.28,3,0,Mustang Geotherm,0,0,0
20070419,68317,URXE',OTC,54,0.27,4,0,Mustang Geotherm,0,0,0
20070420,68317,URXE',OTC,54,0.27,4,0,Mustang Geotherm,0,0,0
20070423,68317,URXE',OTC,54,0.27,3,0,Mustang Geotherm,0,0,0
20070424,68317,URXE',OTC,48,0.24,27,0,Mustang Geotherm,0,0,0
20070425,68317,URXE',OTC,50,0.25,3,0,Mustang Geotherm,0,0,0
20070426,68317,URXE',OTC,48,0.24,2,0,Mustang Geotherm,0,0,0
20070427,68317,URXE',OTC,48,0.24,2,0,Mustang Geotherm,0,0,0
20070430,68317,URXE',OTC,50,0.25,2,0,Mustang Geotherm,0,0,0
20070501,68317,URXE',OTC,50,0.25,11,0,Mustang Geotherm,0,0,0
20070502,68317,URXE',OTC,48,0.24,11,0,Mustang Geotherm,0,0,0
20070503,68317,URXE',OTC,50,0.25,3,0,Mustang Geotherm,0,0,0
20070504,68317,URXE',OTC,50,0.25,4,0,Mustang Geotherm,0,0,0
20070507,68317,URXE',OTC,50,0.25,1,0,Mustang Geotherm,0,0,0
20070508,68317,URXE',OTC,62,0.31,161,0,Mustang Geotherm,0,0,0
20070509,68317,URXE',OTC,54,0.27,16,0,Mustang Geotherm,0,0,0
20070510,68317,URXE',OTC,46,0.23,28,0,Mustang Geotherm,0,0,0
20070511,68317,URXE',OTC,48,0.24,3,0,Mustang Geotherm,0,0,0
20070514,68317,URXE',OTC,46,0.23,10,0,Mustang Geotherm,0,0,0
20070515,68317,URXE',OTC,50,0.25,7,0,Mustang Geotherm,0,0,0
20070516,68317,URXE',OTC,54,0.27,0,0,Mustang Geotherm,0,0,0
20070517,68317,URXE',OTC,48,0.24,4,0,Mustang Geotherm,0,0,0
20070518,68317,URXE',OTC,48,0.24,1,0,Mustang Geotherm,0,0,0
20070521,68317,URXE',OTC,60,0.3,30,0,Mustang Geotherm,0,0,0
20070522,68317,URXE',OTC,58,0.29,11,0,Mustang Geotherm,0,0,0
20070523,68317,URXE',OTC,58,0.29,11,0,Mustang Geotherm,0,0,0
20070524,68317,URXE',OTC,58,0.29,1,0,Mustang Geotherm,0,0,0
20070525,68317,URXE',OTC,54,0.27,1,0,Mustang Geotherm,0,0,0
20070529,68317,URXE',OTC,58,0.29,1,0,Mustang Geotherm,0,0,0
20070530,68317,URXE',OTC,54,0.27,5,0,Mustang Geotherm,0,0,0
20070531,68317,URXE',OTC,52,0.26,2,0,Mustang Geotherm,0,0,0
20070601,68317,URXE',OTC,52,0.26,3,0,Mustang Geotherm,0,0,0
20070604,68317,URXE',OTC,58,0.29,1,0,Mustang Geotherm,0,0,0
20070605,68317,URXE',OTC,56,0.28,0,0,Mustang Geotherm,0,0,0
20070606,68317,URXE',OTC,56,0.28,0,0,Mustang Geotherm,0,0,0
20070607,68317,URXE',OTC,56,0.28,1,0,Mustang Geotherm,0,0,0
20070608,68317,URXE',OTC,48,0.24,8,0,Mustang Geotherm,0,0,0
20070611,68317,URXE',OTC,48,0.24,13,0,Mustang Geotherm,0,0,0
20070612,68317,URXE',OTC,46,0.23,11,0,Mustang Geotherm,0,0,0
20070613,68317,URXE',OTC,50,0.25,0,0,Mustang Geotherm,0,0,0
20070614,68317,URXE',OTC,48,0.24,0,0,Mustang Geotherm,0,0,0
20070615,68317,URXE',OTC,56,0.28,3,0,Mustang Geotherm,0,0,0
20070618,68317,URXE',OTC,52,0.26,1,0,Mustang Geotherm,0,0,0
20070619,68317,URXE',OTC,52,0.26,1,0,Mustang Geotherm,0,0,0
20070620,68317,URXE',OTC,44,0.22,2,0,Mustang Geotherm,0,0,0
20070621,68317,URXE',OTC,48,0.24,4,0,Mustang Geotherm,0,0,0
20070622,68317,URXE',OTC,48,0.24,6,0,Mustang Geotherm,0,0,0
20070625,68317,URXE',OTC,50,0.25,1,0,Mustang Geotherm,0,0,0
20070626,68317,URXE',OTC,46,0.23,1,0,Mustang Geotherm,0,0,0
20070627,68317,URXE',OTC,46,0.23,3,0,Mustang Geotherm,0,0,0
20070628,68317,URXE',OTC,46,0.23,7,0,Mustang Geotherm,0,0,0
20070629,68317,URXE',OTC,48,0.24,2,0,Mustang Geotherm,0,0,0
20070702,68317,URXE',OTC,46,0.23,0,0,Mustang Geotherm,0,0,0
20070703,68317,URXE',OTC,46,0.23,1,0,Mustang Geotherm,0,0,0
20070705,68317,URXE',OTC,44,0.22,7,0,Mustang Geotherm,0,0,0
20070706,68317,URXE',OTC,46,0.23,2,0,Mustang Geotherm,0,0,0
20070709,68317,URXE',OTC,50,0.25,9,0,Mustang Geotherm,0,0,0
20070710,68317,URXE',OTC,44,0.22,0,0,Mustang Geotherm,0,0,0
20070711,68317,URXE',OTC,44,0.22,1,0,Mustang Geotherm,0,0,0
20070712,68317,URXE',OTC,48,0.24,1,0,Mustang Geotherm,0,0,0
20070713,68317,URXE',OTC,44,0.22,1,0,Mustang Geotherm,0,0,0
20070716,68317,URXE',OTC,44,0.22,2,0,Mustang Geotherm,0,0,0
20070717,68317,URXE',OTC,48,0.24,6,0,Mustang Geotherm,0,0,0
20070718,68317,URXE',OTC,46,0.23,8,0,Mustang Geotherm,0,0,0
20070719,68317,URXE',OTC,44,0.22,2,0,Mustang Geotherm,0,0,0
20070720,68317,URXE',OTC,44,0.22,2,0,Mustang Geotherm,0,0,0
20070723,68317,URXE',OTC,42,0.21,2,0,Mustang Geotherm,0,0,0
20070724,68317,URXE',OTC,42,0.21,4,0,Mustang Geotherm,0,0,0
20070725,68317,URXE',OTC,38,0.19,3,0,Mustang Geotherm,0,0,0
20070726,68317,URXE',OTC,32,0.16,6,0,Mustang Geotherm,0,0,0
20070727,68317,URXE',OTC,34,0.17,2,0,Mustang Geotherm,0,0,0
20070730,68317,URXE',OTC,38,0.19,1,0,Mustang Geotherm,0,0,0
20070731,68317,URXE',OTC,36,0.18,1,0,Mustang Geotherm,0,0,0
20070801,68317,URXE',OTC,36,0.18,1,0,Mustang Geotherm,0,0,0
20070802,68317,URXE',OTC,36,0.18,3,0,Mustang Geotherm,0,0,0
20070803,68317,URXE',OTC,34,0.17,4,0,Mustang Geotherm,0,0,0
20070806,68317,URXE',OTC,34,0.17,0,0,Mustang Geotherm,0,0,0
20070807,68317,URXE',OTC,36,0.18,2,0,Mustang Geotherm,0,0,0
20070808,68317,URXE',OTC,32,0.16,11,0,Mustang Geotherm,0,0,0
20070809,68317,URXE',OTC,26,0.13,26,0,Mustang Geotherm,0,0,0
20070810,68317,URXE',OTC,26,0.13,2,0,Mustang Geotherm,0,0,0
20070813,68317,URXE',OTC,26,0.13,2,0,Mustang Geotherm,0,0,0
20070814,68317,URXE',OTC,24,0.12,1,0,Mustang Geotherm,0,0,0
20070815,68317,URXE',OTC,24,0.12,2,0,Mustang Geotherm,0,0,0
20070816,68317,URXE',OTC,20,0.1,12,0,Mustang Geotherm,0,0,0
20070817,68317,URXE',OTC,24,0.12,2,0,Mustang Geotherm,0,0,0
20070820,68317,URXE',OTC,26,0.13,1,0,Mustang Geotherm,0,0,0
20070821,68317,URXE',OTC,28,0.14,5,0,Mustang Geotherm,0,0,0
20070822,68317,URXE',OTC,30,0.15,4,0,Mustang Geotherm,0,0,0
20070823,68317,URXE',OTC,44,0.22,18,0,Mustang Geotherm,0,0,0
20070824,68317,URXE',OTC,36,0.18,4,0,Mustang Geotherm,0,0,0
20070827,68317,URXE',OTC,40,0.2,2,0,Mustang Geotherm,0,0,0
20070828,68317,URXE',OTC,30,0.15,2,0,Mustang Geotherm,0,0,0
20070829,68317,URXE',OTC,30,0.15,0,0,Mustang Geotherm,0,0,0
20070830,68317,URXE',OTC,36,0.18,1,0,Mustang Geotherm,0,0,0
20070831,68317,URXE',OTC,38,0.19,0,0,Mustang Geotherm,0,0,0
20070904,68317,URXE',OTC,34,0.17,1,0,Mustang Geotherm,0,0,0
20070905,68317,URXE',OTC,32,0.16,3,0,Mustang Geotherm,0,0,0
20070906,68317,URXE',OTC,32,0.16,0,0,Mustang Geotherm,0,0,0
20070907,68317,URXE',OTC,34,0.17,1,0,Mustang Geotherm,0,0,0
20070910,68317,URXE',OTC,32,0.16,2,0,Mustang Geotherm,0,0,0
20070911,68317,URXE',OTC,32,0.16,0,0,Mustang Geotherm,0,0,0
20070912,68317,URXE',OTC,30,0.15,4,0,Mustang Geotherm,0,0,0
20070913,68317,URXE',OTC,34,0.17,5,0,Mustang Geotherm,0,0,0
20070914,68317,URXE',OTC,34,0.17,2,0,Mustang Geotherm,0,0,0
20070917,68317,URXE',OTC,34,0.17,1,0,Mustang Geotherm,0,0,0
20070918,68317,URXE',OTC,36,0.18,1,0,Mustang Geotherm,0,0,0
20070919,68317,URXE',OTC,36,0.18,0,0,Mustang Geotherm,0,0,0
20070920,68317,URXE',OTC,36,0.18,2,0,Mustang Geotherm,0,0,0
20070921,68317,URXE',OTC,34,0.17,0,0,Mustang Geotherm,0,0,0
20070924,68317,URXE',OTC,30,0.15,5,0,Mustang Geotherm,0,0,0
20070925,68317,URXE',OTC,30,0.15,0,0,Mustang Geotherm,0,0,0
20070926,68317,URXE',OTC,30,0.15,0,0,Mustang Geotherm,0,0,0
20070927,68317,URXE',OTC,32,0.16,2,0,Mustang Geotherm,0,0,0
20070928,68317,URXE',OTC,36,0.18,1,0,Mustang Geotherm,0,0,0
20071001,68317,URXE',OTC,34,0.17,0,0,Mustang Geotherm,0,0,0
20071002,68317,URXE',OTC,36,0.18,0,0,Mustang Geotherm,0,0,0
20071003,68317,URXE',OTC,36,0.18,1,0,Mustang Geotherm,0,0,0
20071004,68317,URXE',OTC,36,0.18,1,0,Mustang Geotherm,0,0,0
20071005,68317,URXE',OTC,26,0.13,0,0,Mustang Geotherm,0,0,0
20071008,68317,URXE',OTC,30,0.15,1,0,Mustang Geotherm,0,0,0
20071009,68317,URXE',OTC,30,0.15,0,0,Mustang Geotherm,0,0,0
20071010,68317,URXE',OTC,30,0.15,0,0,Mustang Geotherm,0,0,0
20071011,68317,URXE',OTC,32,0.16,1,0,Mustang Geotherm,0,0,0
20071012,68317,URXE',OTC,26,0.13,1,0,Mustang Geotherm,0,0,0
20071015,68317,URXE',OTC,26,0.13,1,0,Mustang Geotherm,0,0,0
20071016,68317,URXE',OTC,30,0.15,1,0,Mustang Geotherm,0,0,0
20071017,68317,URXE',OTC,30,0.15,0,0,Mustang Geotherm,0,0,0
20071018,68317,URXE',OTC,32,0.16,3,0,Mustang Geotherm,0,0,0
20071019,68317,URXE',OTC,36,0.18,0,0,Mustang Geotherm,0,0,0
20071022,68317,URXE',OTC,28,0.14,0,0,Mustang Geotherm,0,0,0
20071023,68317,URXE',OTC,28,0.14,1,0,Mustang Geotherm,0,0,0
20071024,68317,URXE',OTC,28,0.14,2,0,Mustang Geotherm,0,0,0
20071025,68317,URXE',OTC,28,0.14,0,0,Mustang Geotherm,0,0,0
20071026,68317,URXE',OTC,28,0.14,0,0,Mustang Geotherm,0,0,0
20071029,68317,URXE',OTC,26,0.13,1,0,Mustang Geotherm,0,0,0
20071030,68317,URXE',OTC,32,0.16,3,0,Mustang Geotherm,0,0,0
20071031,68317,URXE',OTC,32,0.16,3,0,Mustang Geotherm,0,0,0
20071101,68317,URXE',OTC,28,0.14,0,0,Mustang Geotherm,0,0,0
20071102,68317,URXE',OTC,28,0.14,0,0,Mustang Geotherm,0,0,0
20071105,68317,URXE',OTC,28,0.14,3,0,Mustang Geotherm,0,0,0
20071106,68317,URXE',OTC,34,0.17,9,0,Mustang Geotherm,0,0,0
20071107,68317,URXE',OTC,36,0.18,2,0,Mustang Geotherm,0,0,0
20071108,68317,URXE',OTC,48,0.24,88,0,Mustang Geotherm,0,0,0
20071109,68317,URXE',OTC,46,0.23,27,0,Mustang Geotherm,0,0,0
20071112,68317,URXE',OTC,42,0.21,4,0,Mustang Geotherm,0,0,0
20071113,68317,URXE',OTC,42,0.21,7,0,Mustang Geotherm,0,0,0
20071114,68317,URXE',OTC,38,0.19,10,0,Mustang Geotherm,0,0,0
20071115,68317,URXE',OTC,40,0.2,3,0,Mustang Geotherm,0,0,0
20071116,68317,URXE',OTC,34,0.17,14,0,Mustang Geotherm,0,0,0
20071119,68317,URXE',OTC,32,0.16,12,0,Mustang Geotherm,0,0,0
20071120,68317,URXE',OTC,34,0.17,6,0,Mustang Geotherm,0,0,0
20071121,68317,URXE',OTC,34,0.17,15,0,Mustang Geotherm,0,0,0
20071123,68317,URXE',OTC,36,0.18,6,0,Mustang Geotherm,0,0,0
20071126,68317,URXE',OTC,34,0.17,1,0,Mustang Geotherm,0,0,0
20071127,68317,URXE',OTC,30,0.15,17,0,Mustang Geotherm,0,0,0
20071128,68317,URXE',OTC,30,0.15,3,0,Mustang Geotherm,0,0,0
20071129,68317,URXE',OTC,32,0.16,4,0,Mustang Geotherm,0,0,0
20071130,68317,URXE',OTC,30,0.15,3,0,Mustang Geotherm,0,0,0
20071203,68317,URXE',OTC,32,0.16,2,0,Mustang Geotherm,0,0,0
20071204,68317,URXE',OTC,30,0.15,0,0,Mustang Geotherm,0,0,0
20071205,68317,URXE',OTC,30,0.15,6,0,Mustang Geotherm,0,0,0
20071206,68317,URXE',OTC,30,0.15,7,0,Mustang Geotherm,0,0,0
20071207,68317,URXE',OTC,26,0.13,17,0,Mustang Geotherm,0,0,0
20071210,68317,URXE',OTC,26,0.13,25,0,Mustang Geotherm,0,0,0
20071211,68317,URXE',OTC,26,0.13,3,0,Mustang Geotherm,0,0,0
20071212,68317,URXE',OTC,28,0.14,0,0,Mustang Geotherm,0,0,0
20071213,68317,URXE',OTC,26,0.13,0,0,Mustang Geotherm,0,0,0
20071214,68317,URXE',OTC,26,0.13,6,0,Mustang Geotherm,0,0,0
20071217,68317,URXE',OTC,32,0.16,2,0,Mustang Geotherm,0,0,0
20071218,68317,URXE',OTC,30,0.15,2,0,Mustang Geotherm,0,0,0
20071219,68317,URXE',OTC,24,0.12,4,0,Mustang Geotherm,0,0,0
20071220,68317,URXE',OTC,36,0.18,2,0,Mustang Geotherm,0,0,0
20071221,68317,URXE',OTC,32,0.16,3,0,Mustang Geotherm,0,0,0
20071224,68317,URXE',OTC,34,0.17,2,0,Mustang Geotherm,0,0,0
20071226,68317,URXE',OTC,32,0.16,0,0,Mustang Geotherm,0,0,0
20071227,68317,URXE',OTC,34,0.17,2,0,Mustang Geotherm,0,0,0
20071228,68317,URXE',OTC,34,0.17,3,0,Mustang Geotherm,0,0,0
20071231,68317,URXE',OTC,34,0.17,2,0,Mustang Geotherm,0,0,0
20080102,68317,URXE',OTC,30,0.15,2,0,Mustang Geotherm,0,0,0
20080103,68317,URXE',OTC,40,0.2,13,0,Mustang Geotherm,0,0,0
20080104,68317,URXE',OTC,34,0.17,17,0,Mustang Geotherm,0,0,0
20080107,68317,URXE',OTC,32,0.16,7,0,Mustang Geotherm,0,0,0
20080108,68317,URXE',OTC,30,0.15,1,0,Mustang Geotherm,0,0,0
20080109,68317,URXE',OTC,32,0.16,2,0,Mustang Geotherm,0,0,0
20080110,68317,URXE',OTC,30,0.15,2,0,Mustang Geotherm,0,0,0
20080111,68317,URXE',OTC,28,0.14,2,0,Mustang Geotherm,0,0,0
20080114,68317,URXE',OTC,28,0.14,0,0,Mustang Geotherm,0,0,0
20080115,68317,URXE',OTC,32,0.16,0,0,Mustang Geotherm,0,0,0
20080116,68317,URXE',OTC,32,0.16,6,0,Mustang Geotherm,0,0,0
20080117,68317,URXE',OTC,28,0.14,1,0,Mustang Geotherm,0,0,0
20080118,68317,URXE',OTC,28,0.14,3,0,Mustang Geotherm,0,0,0
20080122,68317,URXE',OTC,32,0.16,5,0,Mustang Geotherm,0,0,0
20080123,68317,URXE',OTC,28,0.14,6,0,Mustang Geotherm,0,0,0
20080124,68317,URXE',OTC,28,0.14,2,0,Mustang Geotherm,0,0,0
20080125,68317,URXE',OTC,28,0.14,0,0,Mustang Geotherm,0,0,0
20080128,68317,URXE',OTC,28,0.14,2,0,Mustang Geotherm,0,0,0
20080129,68317,URXE',OTC,24,0.12,0,0,Mustang Geotherm,0,0,0
20080130,68317,URXE',OTC,28,0.14,3,0,Mustang Geotherm,0,0,0
20080131,68317,URXE',OTC,26,0.13,3,0,Mustang Geotherm,0,0,0
20080201,68317,URXE',OTC,26,0.13,1,0,Mustang Geotherm,0,0,0
20080204,68317,URXE',OTC,32,0.16,2,0,Mustang Geotherm,0,0,0
20080205,68317,URXE',OTC,30,0.15,4,0,Mustang Geotherm,0,0,0
20080206,68317,URXE',OTC,30,0.15,3,0,Mustang Geotherm,0,0,0
20080207,68317,URXE',OTC,26,0.13,2,0,Mustang Geotherm,0,0,0
20080208,68317,URXE',OTC,30,0.15,6,0,Mustang Geotherm,0,0,0
20080211,68317,URXE',OTC,30,0.15,7,0,Mustang Geotherm,0,0,0
20080212,68317,URXE',OTC,32,0.16,3,0,Mustang Geotherm,0,0,0
20080213,68317,URXE',OTC,26,0.13,0,0,Mustang Geotherm,0,0,0
20080214,68317,URXE',OTC,28,0.14,2,0,Mustang Geotherm,0,0,0
20080215,68317,URXE',OTC,28,0.14,0,0,Mustang Geotherm,0,0,0
20080219,68317,URXE',OTC,28,0.14,2,0,Mustang Geotherm,0,0,0
20080220,68317,URXE',OTC,28,0.14,1,0,Mustang Geotherm,0,0,0
20080221,68317,URXE',OTC,28,0.14,0,0,Mustang Geotherm,0,0,0
20080222,68317,URXE',OTC,28,0.14,0,0,Mustang Geotherm,0,0,0
20080225,68317,URXE',OTC,28,0.14,2,0,Mustang Geotherm,0,0,0
20080226,68317,URXE',OTC,26,0.13,1,0,Mustang Geotherm,0,0,0
20080227,68317,URXE',OTC,30,0.15,4,0,Mustang Geotherm,0,0,0
20080228,68317,URXE',OTC,30,0.15,0,0,Mustang Geotherm,0,0,0
20080229,68317,URXE',OTC,30,0.15,3,0,Mustang Geotherm,0,0,0
20080303,68317,URXE',OTC,28,0.14,1,0,Mustang Geotherm,0,0,0
20080304,68317,URXE',OTC,28,0.14,0,0,Mustang Geotherm,0,0,0
20080305,68317,URXE',OTC,28,0.14,0,0,Mustang Geotherm,0,0,0
20080306,68317,URXE',OTC,28,0.14,2,0,Mustang Geotherm,0,0,0
20080307,68317,URXE',OTC,28,0.14,0,0,Mustang Geotherm,0,0,0
20080310,68317,URXE',OTC,28,0.14,0,0,Mustang Geotherm,0,0,0
20080311,68317,URXE',OTC,28,0.14,0,0,Mustang Geotherm,0,0,0
20080312,68317,URXE',OTC,28,0.14,0,0,Mustang Geotherm,0,0,0
20080313,68317,URXE',OTC,28,0.14,0,0,Mustang Geotherm,0,0,0
20080314,68317,URXE',OTC,28,0.14,0,0,Mustang Geotherm,0,0,0
20080317,68317,URXE',OTC,28,0.14,1,0,Mustang Geotherm,0,0,0
20080318,68317,URXE',OTC,28,0.14,0,0,Mustang Geotherm,0,0,0
20080319,68317,URXE',OTC,28,0.14,1,0,Mustang Geotherm,0,0,0
20080320,68317,URXE',OTC,28,0.14,0,0,Mustang Geotherm,0,0,0
20080324,68317,URXE',OTC,30,0.15,1,0,Mustang Geotherm,0,0,0
20080325,68317,URXE',OTC,28,0.14,0,0,Mustang Geotherm,0,0,0
20080326,68317,URXE',OTC,28,0.14,0,0,Mustang Geotherm,0,0,0
20080327,68317,URXE',OTC,28,0.14,1,0,Mustang Geotherm,0,0,0
20080328,68317,URXE',OTC,30,0.15,7,0,Mustang Geotherm,0,0,0
20080331,68317,URXE',OTC,28,0.14,1,0,Mustang Geotherm,0,0,0
20080401,68317,URXE',OTC,30,0.15,2,0,Mustang Geotherm,0,0,0
20080402,68317,URXE',OTC,30,0.15,0,0,Mustang Geotherm,0,0,0
20080403,68317,URXE',OTC,30,0.15,0,0,Mustang Geotherm,0,0,0
20080404,68317,URXE',OTC,32,0.16,0,0,Mustang Geotherm,0,0,0
20080407,68317,URXE',OTC,28,0.14,2,0,Mustang Geotherm,0,0,0
20080408,68317,URXE',OTC,28,0.14,2,0,Mustang Geotherm,0,0,0
20080409,68317,URXE',OTC,26,0.13,0,0,Mustang Geotherm,0,0,0
20080410,68317,URXE',OTC,26,0.13,0,0,Mustang Geotherm,0,0,0
20080411,68317,URXE',OTC,26,0.13,0,0,Mustang Geotherm,0,0,0
20080414,68317,URXE',OTC,26,0.13,0,0,Mustang Geotherm,0,0,0
20080415,68317,URXE',OTC,28,0.14,1,0,Mustang Geotherm,0,0,0
20080416,68317,URXE',OTC,28,0.14,1,0,Mustang Geotherm,0,0,0
20080417,68317,URXE',OTC,28,0.14,2,0,Mustang Geotherm,0,0,0
20080418,68317,URXE',OTC,24,0.12,3,0,Mustang Geotherm,0,0,0
20080421,68317,URXE',OTC,30,0.15,2,0,Mustang Geotherm,0,0,0
20080422,68317,URXE',OTC,24,0.12,7,0,Mustang Geotherm,0,0,0
20080423,68317,URXE',OTC,24,0.12,1,0,Mustang Geotherm,0,0,0
20080424,68317,URXE',OTC,22,0.11,7,0,Mustang Geotherm,0,0,0
20080425,68317,URXE',OTC,20,0.1,17,0,Mustang Geotherm,0,0,0
20080428,68317,URXE',OTC,22,0.11,3,0,Mustang Geotherm,0,0,0
20080429,68317,URXE',OTC,22,0.11,1,0,Mustang Geotherm,0,0,0
20080430,68317,URXE',OTC,26,0.13,1,0,Mustang Geotherm,0,0,0
20080501,68317,URXE',OTC,26,0.13,0,0,Mustang Geotherm,0,0,0
20080502,68317,URXE',OTC,26,0.13,6,0,Mustang Geotherm,0,0,0
20080505,68317,URXE',OTC,22,0.11,8,0,Mustang Geotherm,0,0,0
20080506,68317,URXE',OTC,20,0.1,5,0,Mustang Geotherm,0,0,0
20080507,68317,URXE',OTC,20,0.1,2,0,Mustang Geotherm,0,0,0
20080508,68317,URXE',OTC,20,0.1,1,0,Mustang Geotherm,0,0,0
20080509,68317,URXE',OTC,20,0.1,1,0,Mustang Geotherm,0,0,0
20080512,68317,URXE',OTC,22,0.11,2,0,Mustang Geotherm,0,0,0
20080513,68317,URXE',OTC,22,0.11,2,0,Mustang Geotherm,0,0,0
20080514,68317,URXE',OTC,26,0.13,43,0,Mustang Geotherm,0,0,0
20080515,68317,URXE',OTC,24,0.12,0,0,Mustang Geotherm,0,0,0
20080516,68317,URXE',OTC,20,0.1,2,0,Mustang Geotherm,0,0,0
20080519,68317,URXE',OTC,22,0.11,0,0,Mustang Geotherm,0,0,0
20080520,68317,URXE',OTC,22,0.11,0,0,Mustang Geotherm,0,0,0
20080521,68317,URXE',OTC,22,0.11,0,0,Mustang Geotherm,0,0,0
20080522,68317,URXE',OTC,22,0.11,0,0,Mustang Geotherm,0,0,0
20080523,68317,URXE',OTC,24,0.12,1,0,Mustang Geotherm,0,0,0
20080527,68317,URXE',OTC,20,0.1,3,0,Mustang Geotherm,0,0,0
20080528,68317,URXE',OTC,22,0.11,0,0,Mustang Geotherm,0,0,0
20080529,68317,URXE',OTC,22,0.11,0,0,Mustang Geotherm,0,0,0
20080530,68317,URXE',OTC,26,0.13,0,0,Mustang Geotherm,0,0,0
20080602,68317,URXE',OTC,22,0.11,1,0,Mustang Geotherm,0,0,0
20080603,68317,URXE',OTC,22,0.11,1,0,Mustang Geotherm,0,0,0
20080604,68317,URXE',OTC,22,0.11,0,0,Mustang Geotherm,0,0,0
20080605,68317,URXE',OTC,26,0.13,1,0,Mustang Geotherm,0,0,0
20080606,68317,URXE',OTC,26,0.13,3,0,Mustang Geotherm,0,0,0
20080609,68317,URXE',OTC,22,0.11,0,0,Mustang Geotherm,0,0,0
20080610,68317,URXE',OTC,20,0.1,3,0,Mustang Geotherm,0,0,0
20080611,68317,URXE',OTC,20,0.1,0,0,Mustang Geotherm,0,0,0
20080612,68317,URXE',OTC,20,0.1,0,0,Mustang Geotherm,0,0,0
20080613,68317,URXE',OTC,22,0.11,1,0,Mustang Geotherm,0,0,0
20080616,68317,URXE',OTC,22,0.11,0,0,Mustang Geotherm,0,0,0
20080617,68317,URXE',OTC,22,0.11,1,0,Mustang Geotherm,0,0,0
20080618,68317,URXE',OTC,20,0.1,2,0,Mustang Geotherm,0,0,0
20080619,68317,URXE',OTC,18,0.09,1,0,Mustang Geotherm,0,0,0
20080620,68317,URXE',OTC,24,0.12,1,0,Mustang Geotherm,0,0,0
20080623,68317,URXE',OTC,20,0.1,4,0,Mustang Geotherm,0,0,0
20080624,68317,URXE',OTC,18,0.09,1,0,Mustang Geotherm,0,0,0
20080625,68317,URXE',OTC,20,0.1,0,0,Mustang Geotherm,0,0,0
20080626,68317,URXE',OTC,18,0.09,1,0,Mustang Geotherm,0,0,0
20080627,68317,URXE',OTC,20,0.1,1,0,Mustang Geotherm,0,0,0
20080630,68317,URXE',OTC,16,0.08,25,0,Mustang Geotherm,0,0,0
20080701,68317,URXE',OTC,16,0.08,1,0,Mustang Geotherm,0,0,0
20080702,68317,URXE',OTC,18,0.09,2,0,Mustang Geotherm,0,0,0
20080703,68317,URXE',OTC,16,0.08,1,0,Mustang Geotherm,0,0,0
20080707,68317,URXE',OTC,12,0.06,6,0,Mustang Geotherm,0,0,0
20080708,68317,URXE',OTC,16,0.08,7,0,Mustang Geotherm,0,0,0
20080709,68317,URXE',OTC,14,0.07,7,0,Mustang Geotherm,0,0,0
20080710,68317,URXE',OTC,14,0.07,4,0,Mustang Geotherm,0,0,0
20080711,68317,URXE',OTC,12,0.06,14,0,Mustang Geotherm,0,0,0
20080714,68317,URXE',OTC,12,0.06,0,0,Mustang Geotherm,0,0,0
20080715,68317,URXE',OTC,10,0.05,9,0,Mustang Geotherm,0,0,0
20080716,68317,URXE',OTC,10,0.05,4,0,Mustang Geotherm,0,0,0
20080717,68317,URXE',OTC,14,0.07,14,0,Mustang Geotherm,0,0,0
20080718,68317,URXE',OTC,20,0.1,0,0,Mustang Geotherm,0,0,0
20080721,68317,URXE',OTC,14,0.07,0,0,Mustang Geotherm,0,0,0
20080722,68317,URXE',OTC,16,0.08,4,0,Mustang Geotherm,0,0,0
20080723,68317,URXE',OTC,14,0.07,12,0,Mustang Geotherm,0,0,0
20080724,68317,URXE',OTC,12,0.06,13,0,Mustang Geotherm,0,0,0
20080725,68317,URXE',OTC,12,0.06,0,0,Mustang Geotherm,0,0,0
20080728,68317,URXE',OTC,10,0.05,4,0,Mustang Geotherm,0,0,0
20080729,68317,URXE',OTC,10,0.05,0,0,Mustang Geotherm,0,0,0
20080730,68317,URXE',OTC,10,0.05,0,0,Mustang Geotherm,0,0,0
20080731,68317,URXE',OTC,10,0.05,0,0,Mustang Geotherm,0,0,0
20080801,68317,URXE',OTC,12,0.06,1,0,Mustang Geotherm,0,0,0
20080804,68317,URXE',OTC,12,0.06,1,0,Mustang Geotherm,0,0,0
20080805,68317,URXE',OTC,12,0.06,0,0,Mustang Geotherm,0,0,0
20080806,68317,URXE',OTC,12,0.06,0,0,Mustang Geotherm,0,0,0
20080807,68317,URXE',OTC,12,0.06,0,0,Mustang Geotherm,0,0,0
20080808,68317,URXE',OTC,12,0.06,8,0,Mustang Geotherm,0,0,0
20080811,68317,URXE',OTC,14,0.07,1,0,Mustang Geotherm,0,0,0
20080812,68317,URXE',OTC,10,0.05,1,0,Mustang Geotherm,0,0,0
20080813,68317,URXE',OTC,16,0.08,0,0,Mustang Geotherm,0,0,0
20080814,68317,URXE',OTC,14,0.07,1,0,Mustang Geotherm,0,0,0
20080815,68317,URXE',OTC,10,0.05,4,0,Mustang Geotherm,0,0,0
20080818,68317,URXE',OTC,10,0.05,3,0,Mustang Geotherm,0,0,0
20080819,68317,URXE',OTC,10,0.05,19,0,Mustang Geotherm,0,0,0
20080820,68317,URXE',OTC,8,0.04,16,0,Mustang Geotherm,0,0,0
20080821,68317,URXE',OTC,8,0.04,0,0,Mustang Geotherm,0,0,0
20080822,68317,URXE',OTC,8,0.04,0,0,Mustang Geotherm,0,0,0
20080825,68317,URXE',OTC,10,0.05,0,0,Mustang Geotherm,0,0,0
20080826,68317,URXE',OTC,10,0.05,0,0,Mustang Geotherm,0,0,0
20080827,68317,URXE',OTC,10,0.05,0,0,Mustang Geotherm,0,0,0
20080828,68317,URXE',OTC,10,0.05,0,0,Mustang Geotherm,0,0,0
20080829,68317,URXE',OTC,10,0.05,0,0,Mustang Geotherm,0,0,0
20080902,68317,URXE',OTC,10,0.05,0,0,Mustang Geotherm,0,0,0
20080903,68317,URXE',OTC,8,0.04,1,0,Mustang Geotherm,0,0,0
20080904,68317,URXE',OTC,8,0.04,0,0,Mustang Geotherm,0,0,0
20080905,68317,URXE',OTC,8,0.04,0,0,Mustang Geotherm,0,0,0
20080908,68317,URXE',OTC,8,0.04,0,0,Mustang Geotherm,0,0,0
20080909,68317,URXE',OTC,8,0.04,0,0,Mustang Geotherm,0,0,0
20080910,68317,URXE',OTC,10,0.05,1,0,Mustang Geotherm,0,0,0
20080911,68317,URXE',OTC,8,0.04,0,0,Mustang Geotherm,0,0,0
20080912,68317,URXE',OTC,8,0.04,1,0,Mustang Geotherm,0,0,0
20080915,68317,URXE',OTC,8,0.04,0,0,Mustang Geotherm,0,0,0
20080916,68317,URXE',OTC,10,0.05,1,0,Mustang Geotherm,0,0,0
20080917,68317,URXE',OTC,8,0.04,1,0,Mustang Geotherm,0,0,0
20080918,68317,URXE',OTC,8,0.04,0,0,Mustang Geotherm,0,0,0
20080919,68317,URXE',OTC,10,0.05,2,0,Mustang Geotherm,0,0,0
20080922,68317,URXE',OTC,10,0.05,0,0,Mustang Geotherm,0,0,0
20080923,68317,URXE',OTC,10,0.05,0,0,Mustang Geotherm,0,0,0
20080924,68317,URXE',OTC,10,0.05,0,0,Mustang Geotherm,0,0,0
20080925,68317,URXE',OTC,10,0.05,1,0,Mustang Geotherm,0,0,0
20080926,68317,URXE',OTC,8,0.04,0,0,Mustang Geotherm,0,0,0
20080929,68317,URXE',OTC,8,0.04,1,0,Mustang Geotherm,0,0,0
20080930,68317,URXE',OTC,8,0.04,0,0,Mustang Geotherm,0,0,0
20081001,68317,URXE',OTC,10,0.05,0,0,Mustang Geotherm,0,0,0
20081002,68317,URXE',OTC,10,0.05,0,0,Mustang Geotherm,0,0,0
20081003,68317,URXE',OTC,10,0.05,0,0,Mustang Geotherm,0,0,0
20081006,68317,URXE',OTC,10,0.05,0,0,Mustang Geotherm,0,0,0
20081007,68317,URXE',OTC,8,0.04,0,0,Mustang Geotherm,0,0,0
20081008,68317,URXE',OTC,8,0.04,5,0,Mustang Geotherm,0,0,0
20081009,68317,URXE',OTC,6,0.03,3,0,Mustang Geotherm,0,0,0
20081010,68317,URXE',OTC,6,0.03,8,0,Mustang Geotherm,0,0,0
20081013,68317,URXE',OTC,8,0.04,7,0,Mustang Geotherm,0,0,0
20081014,68317,URXE',OTC,8,0.04,6,0,Mustang Geotherm,0,0,0
20081015,68317,URXE',OTC,8,0.04,0,0,Mustang Geotherm,0,0,0
20081016,68317,URXE',OTC,8,0.04,0,0,Mustang Geotherm,0,0,0
20081017,68317,URXE',OTC,10,0.05,4,0,Mustang Geotherm,0,0,0
20081020,68317,URXE',OTC,6,0.03,1,0,Mustang Geotherm,0,0,0
20081021,68317,URXE',OTC,10,0.05,0,0,Mustang Geotherm,0,0,0
20081022,68317,URXE',OTC,6,0.03,0,0,Mustang Geotherm,0,0,0
20081023,68317,URXE',OTC,6,0.03,0,0,Mustang Geotherm,0,0,0
20081024,68317,URXE',OTC,10,0.05,1,0,Mustang Geotherm,0,0,0
20081027,68317,URXE',OTC,10,0.05,0,0,Mustang Geotherm,0,0,0
20081028,68317,URXE',OTC,6,0.03,2,0,Mustang Geotherm,0,0,0
20081029,68317,URXE',OTC,6,0.03,0,0,Mustang Geotherm,0,0,0
20081030,68317,URXE',OTC,6,0.03,0,0,Mustang Geotherm,0,0,0
20081031,68317,URXE',OTC,10,0.05,1,0,Mustang Geotherm,0,0,0
20081103,68317,URXE',OTC,8,0.04,1,0,Mustang Geotherm,0,0,0
20081104,68317,URXE',OTC,8,0.04,0,0,Mustang Geotherm,0,0,0
20081105,68317,URXE',OTC,8,0.04,0,0,Mustang Geotherm,0,0,0
20081106,68317,URXE',OTC,8,0.04,0,0,Mustang Geotherm,0,0,0
20081107,68317,URXE',OTC,8,0.04,0,0,Mustang Geotherm,0,0,0
20081110,68317,URXE',OTC,8,0.04,0,0,Mustang Geotherm,0,0,0
20081111,68317,URXE',OTC,8,0.04,0,0,Mustang Geotherm,0,0,0
20081112,68317,URXE',OTC,6,0.03,2,0,Mustang Geotherm,0,0,0
20081113,68317,URXE',OTC,6,0.03,0,0,Mustang Geotherm,0,0,0
20081114,68317,URXE',OTC,8,0.04,2,0,Mustang Geotherm,0,0,0
20081117,68317,URXE',OTC,6,0.03,0,0,Mustang Geotherm,0,0,0
20081118,68317,URXE',OTC,6,0.03,0,0,Mustang Geotherm,0,0,0
20081119,68317,URXE',OTC,8,0.04,0,0,Mustang Geotherm,0,0,0
20081120,68317,URXE',OTC,6,0.03,4,0,Mustang Geotherm,0,0,0
20081121,68317,URXE',OTC,6,0.03,1,0,Mustang Geotherm,0,0,0
20081124,68317,URXE',OTC,6,0.03,1,0,Mustang Geotherm,0,0,0
20081125,68317,URXE',OTC,6,0.03,0,0,Mustang Geotherm,0,0,0
20081126,68317,URXE',OTC,6,0.03,1,0,Mustang Geotherm,0,0,0
20081128,68317,URXE',OTC,6,0.03,0,0,Mustang Geotherm,0,0,0
20081201,68317,URXE',OTC,6,0.03,0,0,Mustang Geotherm,0,0,0
20081202,68317,URXE',OTC,6,0.03,0,0,Mustang Geotherm,0,0,0
20081203,68317,URXE',OTC,4,0.02,0,0,Mustang Geotherm,0,0,0
20081204,68317,URXE',OTC,4,0.02,0,0,Mustang Geotherm,0,0,0
20081205,68317,URXE',OTC,4,0.02,0,0,Mustang Geotherm,0,0,0
20081208,68317,URXE',OTC,4,0.02,0,0,Mustang Geotherm,0,0,0
20081209,68317,URXE',OTC,4,0.02,0,0,Mustang Geotherm,0,0,0
20081210,68317,URXE',OTC,6,0.03,4,0,Mustang Geotherm,0,0,0
20081211,68317,URXE',OTC,6,0.03,1,0,Mustang Geotherm,0,0,0
20081212,68317,URXE',OTC,6,0.03,0,0,Mustang Geotherm,0,0,0
20081215,68317,URXE',OTC,6,0.03,0,0,Mustang Geotherm,0,0,0
20081216,68317,URXE',OTC,6,0.03,0,0,Mustang Geotherm,0,0,0
20081217,68317,URXE',OTC,6,0.03,1,0,Mustang Geotherm,0,0,0
20081218,68317,URXE',OTC,4,0.02,1,0,Mustang Geotherm,0,0,0
20081219,68317,URXE',OTC,4,0.02,0,0,Mustang Geotherm,0,0,0
20081222,68317,URXE',OTC,4,0.02,1,0,Mustang Geotherm,0,0,0
20081223,68317,URXE',OTC,4,0.02,4,0,Mustang Geotherm,0,0,0
20081224,68317,URXE',OTC,4,0.02,1,0,Mustang Geotherm,0,0,0
20081226,68317,URXE',OTC,4,0.02,2,0,Mustang Geotherm,0,0,0
20081229,68317,URXE',OTC,4,0.02,1,0,Mustang Geotherm,0,0,0
20081230,68317,URXE',OTC,4,0.02,0,0,Mustang Geotherm,0,0,0
20081231,68317,URXE',OTC,6,0.03,3,0,Mustang Geotherm,0,0,0
20090102,68317,URXE',OTC,6,0.03,0,0,Mustang Geotherm,0,0,0
20090105,68317,URXE',OTC,8,0.04,1,0,Mustang Geotherm,0,0,0
20090106,68317,URXE',OTC,8,0.04,0,0,Mustang Geotherm,0,0,0
20090107,68317,URXE',OTC,8,0.04,1,0,Mustang Geotherm,0,0,0
20090108,68317,URXE',OTC,8,0.04,13,0,Mustang Geotherm,0,0,0
20090109,68317,URXE',OTC,6,0.03,2,0,Mustang Geotherm,0,0,0
20090112,68317,URXE',OTC,6,0.03,1,0,Mustang Geotherm,0,0,0
20090113,68317,URXE',OTC,8,0.04,6,0,Mustang Geotherm,0,0,0
20090114,68317,URXE',OTC,8,0.04,12,0,Mustang Geotherm,0,0,0
20090115,68317,URXE',OTC,4,0.02,17,0,Mustang Geotherm,0,0,0
20090116,68317,URXE',OTC,6,0.03,18,0,Mustang Geotherm,0,0,0
20090120,68317,URXE',OTC,4,0.02,9,0,Mustang Geotherm,0,0,0
20090121,68317,URXE',OTC,4,0.02,0,0,Mustang Geotherm,0,0,0
20090122,68317,URXE',OTC,4,0.02,0,0,Mustang Geotherm,0,0,0
20090123,68317,URXE',OTC,4,0.02,0,0,Mustang Geotherm,0,0,0
20090126,68317,URXE',OTC,6,0.03,4,0,Mustang Geotherm,0,0,0
20090127,68317,URXE',OTC,6,0.03,0,0,Mustang Geotherm,0,0,0
20090128,68317,URXE',OTC,6,0.03,1,0,Mustang Geotherm,0,0,0
20090129,68317,URXE',OTC,6,0.03,1,0,Mustang Geotherm,0,0,0
20090130,68317,URXE',OTC,6,0.03,0,0,Mustang Geotherm,0,0,0
20090202,68317,URXE',OTC,4,0.02,15,0,Mustang Geotherm,0,0,0
20090203,68317,URXE',OTC,4,0.02,0,0,Mustang Geotherm,0,0,0
20090204,68317,URXE',OTC,6,0.03,1,0,Mustang Geotherm,0,0,0
20090205,68317,URXE',OTC,6,0.03,10,0,Mustang Geotherm,0,0,0
20090206,68317,URXE',OTC,4,0.02,8,0,Mustang Geotherm,0,0,0
20090209,68317,URXE',OTC,6,0.03,20,0,Mustang Geotherm,0,0,0
20090210,68317,URXE',OTC,6,0.03,10,0,Mustang Geotherm,0,0,0
20090211,68317,URXE',OTC,6,0.03,6,0,Mustang Geotherm,0,0,0
20090212,68317,URXE',OTC,4,0.02,4,0,Mustang Geotherm,0,0,0
20090213,68317,URXE',OTC,4,0.02,24,0,Mustang Geotherm,0,0,0
20090217,68317,URXE',OTC,4,0.02,18,0,Mustang Geotherm,0,0,0
20090218,68317,URXE',OTC,4,0.02,10,0,Mustang Geotherm,0,0,0
20090219,68317,URXE',OTC,4,0.02,38,0,Mustang Geotherm,0,0,0
20090220,68317,URXE',OTC,4,0.02,37,0,Mustang Geotherm,0,0,0
20090223,68317,URXE',OTC,4,0.02,9,0,Mustang Geotherm,0,0,0
20090224,68317,URXE',OTC,2,0.01,13,0,Mustang Geotherm,0,0,0
20090225,68317,URXE',OTC,2,0.01,11,0,Mustang Geotherm,0,0,0
20090226,68317,URXE',OTC,2,0.01,41,0,Mustang Geotherm,0,0,0
20090227,68317,URXE',OTC,2,0.01,27,0,Mustang Geotherm,0,0,0
20090302,68317,URXE',OTC,2,0.01,19,0,Mustang Geotherm,0,0,0
20090303,68317,URXE',OTC,2,0.01,28,0,Mustang Geotherm,0,0,0
20090304,68317,URXE',OTC,2,0.01,34,0,Mustang Geotherm,0,0,0
20090305,68317,URXE',OTC,2,0.01,17,0,Mustang Geotherm,0,0,0
20090306,68317,URXE',OTC,2,0.01,0,0,Mustang Geotherm,0,0,0
20090309,68317,URXE',OTC,2,0.01,3,0,Mustang Geotherm,0,0,0
20090310,68317,URXE',OTC,2,0.01,0,0,Mustang Geotherm,0,0,0
20090311,68317,URXE',OTC,2,0.01,19,0,Mustang Geotherm,0,0,0
20090312,68317,URXE',OTC,2,0.01,1,0,Mustang Geotherm,0,0,0
20090313,68317,URXE',OTC,2,0.01,0,0,Mustang Geotherm,0,0,0
20090316,68317,URXE',OTC,2,0.01,13,0,Mustang Geotherm,0,0,0
20090317,68317,URXE',OTC,2,0.01,10,0,Mustang Geotherm,0,0,0
20090318,68317,URXE',OTC,2,0.01,79,0,Mustang Geotherm,0,0,0
20090319,68317,URXE',OTC,2,0.01,17,0,Mustang Geotherm,0,0,0
20090320,68317,URXE',OTC,2,0.01,27,0,Mustang Geotherm,0,0,0
20090323,68317,URXE',OTC,2,0.01,36,0,Mustang Geotherm,0,0,0
20090324,68317,URXE',OTC,4,0.02,172,0,Mustang Geotherm,0,0,0
20090325,68317,URXE',OTC,2,0.01,117,0,Mustang Geotherm,0,0,0
20090326,68317,URXE',OTC,2,0.01,1,0,Mustang Geotherm,0,0,0
20090327,68317,URXE',OTC,2,0.01,25,0,Mustang Geotherm,0,0,0
20090330,68317,URXE',OTC,4,0.02,9,0,Mustang Geotherm,0,0,0
20090331,68317,URXE',OTC,6,0.03,15,0,Mustang Geotherm,0,0,0
20090401,68317,URXE',OTC,8,0.04,24,0,Mustang Geotherm,0,0,0
20090402,68317,URXE',OTC,10,0.05,37,0,Mustang Geotherm,0,0,0
20090403,68317,URXE',OTC,8,0.04,45,0,Mustang Geotherm,0,0,0
20090406,68317,URXE',OTC,6,0.03,44,0,Mustang Geotherm,0,0,0
20090407,68317,URXE',OTC,4,0.02,39,0,Mustang Geotherm,0,0,0
20090408,68317,URXE',OTC,4,0.02,52,0,Mustang Geotherm,0,0,0
20090409,68317,URXE',OTC,4,0.02,89,0,Mustang Geotherm,0,0,0
20090413,68317,URXE',OTC,4,0.02,15,0,Mustang Geotherm,0,0,0
20090414,68317,URXE',OTC,4,0.02,45,0,Mustang Geotherm,0,0,0
20090415,68317,URXE',OTC,4,0.02,10,0,Mustang Geotherm,0,0,0
20090416,68317,URXE',OTC,4,0.02,15,0,Mustang Geotherm,0,0,0
20090417,68317,URXE',OTC,4,0.02,18,0,Mustang Geotherm,0,0,0
20090420,68317,URXE',OTC,4,0.02,4,0,Mustang Geotherm,0,0,0
20090421,68317,URXE',OTC,4,0.02,2,0,Mustang Geotherm,0,0,0
20090422,68317,URXE',OTC,6,0.03,1,0,Mustang Geotherm,0,0,0
20090423,68317,URXE',OTC,4,0.02,2,0,Mustang Geotherm,0,0,0
20090424,68317,URXE',OTC,6,0.03,4,0,Mustang Geotherm,0,0,0
20090427,68317,URXE',OTC,6,0.03,3,0,Mustang Geotherm,0,0,0
20090428,68317,URXE',OTC,6,0.03,3,0,Mustang Geotherm,0,0,0
20090429,68317,URXE',OTC,6,0.03,4,0,Mustang Geotherm,0,0,0
20090430,68317,URXE',OTC,6,0.03,9,0,Mustang Geotherm,0,0,0
20090501,68317,URXE',OTC,6,0.03,1,0,Mustang Geotherm,0,0,0
20090504,68317,URXE',OTC,8,0.04,18,0,Mustang Geotherm,0,0,0
20090505,68317,URXE',OTC,8,0.04,10,0,Mustang Geotherm,0,0,0
20090506,68317,URXE',OTC,8,0.04,10,0,Mustang Geotherm,0,0,0
20090507,68317,URXE',OTC,8,0.04,9,0,Mustang Geotherm,0,0,0
20090508,68317,URXE',OTC,8,0.04,2,0,Mustang Geotherm,0,0,0
20090511,68317,URXE',OTC,8,0.04,4,0,Mustang Geotherm,0,0,0
20090512,68317,URXE',OTC,8,0.04,1,0,Mustang Geotherm,0,0,0
20090513,68317,URXE',OTC,6,0.03,17,0,Mustang Geotherm,0,0,0
20090514,68317,URXE',OTC,6,0.03,5,0,Mustang Geotherm,0,0,0
20090515,68317,URXE',OTC,6,0.03,8,0,Mustang Geotherm,0,0,0
20090518,68317,URXE',OTC,6,0.03,4,0,Mustang Geotherm,0,0,0
20090519,68317,URXE',OTC,6,0.03,2,0,Mustang Geotherm,0,0,0
20090520,68317,URXE',OTC,6,0.03,0,0,Mustang Geotherm,0,0,0
20090521,68317,URXE',OTC,6,0.03,0,0,Mustang Geotherm,0,0,0
20090522,68317,URXE',OTC,6,0.03,2,0,Mustang Geotherm,0,0,0
20090526,68317,URXE',OTC,6,0.03,1,0,Mustang Geotherm,0,0,0
20090527,68317,URXE',OTC,6,0.03,1,0,Mustang Geotherm,0,0,0
20090528,68317,URXE',OTC,6,0.03,2,0,Mustang Geotherm,0,0,0
20090529,68317,URXE',OTC,6,0.03,8,0,Mustang Geotherm,0,0,0
20090601,68317,URXE',OTC,6,0.03,7,0,Mustang Geotherm,0,0,0
20090602,68317,URXE',OTC,6,0.03,1,0,Mustang Geotherm,0,0,0
20090603,68317,URXE',OTC,6,0.03,2,0,Mustang Geotherm,0,0,0
20090604,68317,URXE',OTC,6,0.03,1,0,Mustang Geotherm,0,0,0
20090605,68317,URXE',OTC,6,0.03,1,0,Mustang Geotherm,0,0,0
20090608,68317,URXE',OTC,6,0.03,10,0,Mustang Geotherm,0,0,0
20090609,68317,URXE',OTC,6,0.03,0,0,Mustang Geotherm,0,0,0
20090610,68317,URXE',OTC,6,0.03,0,0,Mustang Geotherm,0,0,0
20090611,68317,URXE',OTC,6,0.03,2,0,Mustang Geotherm,0,0,0
20090612,68317,URXE',OTC,6,0.03,4,0,Mustang Geotherm,0,0,0
20090615,68317,URXE',OTC,6,0.03,15,0,Mustang Geotherm,0,0,0
20090616,68317,URXE',OTC,6,0.03,5,0,Mustang Geotherm,0,0,0
20090617,68317,URXE',OTC,6,0.03,1,0,Mustang Geotherm,0,0,0
20090618,68317,URXE',OTC,6,0.03,0,0,Mustang Geotherm,0,0,0
20090619,68317,URXE',OTC,6,0.03,0,0,Mustang Geotherm,0,0,0
20090622,68317,URXE',OTC,6,0.03,0,0,Mustang Geotherm,0,0,0
20090623,68317,URXE',OTC,4,0.02,3,0,Mustang Geotherm,0,0,0
20090624,68317,URXE',OTC,4,0.02,0,0,Mustang Geotherm,0,0,0
20090625,68317,URXE',OTC,4,0.02,0,0,Mustang Geotherm,0,0,0
20090626,68317,URXE',OTC,4,0.02,0,0,Mustang Geotherm,0,0,0
20090629,68317,URXE',OTC,4,0.02,0,0,Mustang Geotherm,0,0,0
20090630,68317,URXE',OTC,4,0.02,0,0,Mustang Geotherm,0,0,0
20090701,68317,URXE',OTC,4,0.02,3,0,Mustang Geotherm,0,0,0
20090702,68317,URXE',OTC,4,0.02,1,0,Mustang Geotherm,0,0,0
20090706,68317,URXE',OTC,4,0.02,1,0,Mustang Geotherm,0,0,0
20090707,68317,URXE',OTC,4,0.02,0,0,Mustang Geotherm,0,0,0
20090708,68317,URXE',OTC,4,0.02,0,0,Mustang Geotherm,0,0,0
20090709,68317,URXE',OTC,4,0.02,0,0,Mustang Geotherm,0,0,0
20090710,68317,URXE',OTC,4,0.02,0,0,Mustang Geotherm,0,0,0
20090713,68317,URXE',OTC,4,0.02,2,0,Mustang Geotherm,0,0,0
20090714,68317,URXE',OTC,6,0.03,0,0,Mustang Geotherm,0,0,0
20090715,68317,URXE',OTC,6,0.03,0,0,Mustang Geotherm,0,0,0
20090716,68317,URXE',OTC,6,0.03,0,0,Mustang Geotherm,0,0,0
20090717,68317,URXE',OTC,6,0.03,0,0,Mustang Geotherm,0,0,0
20090720,68317,URXE',OTC,4,0.02,0,0,Mustang Geotherm,0,0,0
20090721,68317,URXE',OTC,4,0.02,0,0,Mustang Geotherm,0,0,0
20090722,68317,URXE',OTC,4,0.02,0,0,Mustang Geotherm,0,0,0
20090723,68317,URXE',OTC,4,0.02,0,0,Mustang Geotherm,0,0,0
20090724,68317,URXE',OTC,4,0.02,1,0,Mustang Geotherm,0,0,0
20090727,68317,URXE',OTC,4,0.02,0,0,Mustang Geotherm,0,0,0
20090728,68317,URXE',OTC,4,0.02,0,0,Mustang Geotherm,0,0,0
20090729,68317,URXE',OTC,4,0.02,0,0,Mustang Geotherm,0,0,0
20090730,68317,URXE',OTC,4,0.02,0,0,Mustang Geotherm,0,0,0
20090731,68317,URXE',OTC,4,0.02,2,0,Mustang Geotherm,0,0,0
20090803,68317,URXE',OTC,4,0.02,8,0,Mustang Geotherm,0,0,0
20090804,68317,URXE',OTC,6,0.03,4,0,Mustang Geotherm,0,0,0
20090805,68317,URXE',OTC,4,0.02,2,0,Mustang Geotherm,0,0,0
20090806,68317,URXE',OTC,4,0.02,0,0,Mustang Geotherm,0,0,0
20090807,68317,URXE',OTC,4,0.02,0,0,Mustang Geotherm,0,0,0
20090810,68317,URXE',OTC,4,0.02,1,0,Mustang Geotherm,0,0,0
20090811,68317,URXE',OTC,4,0.02,0,0,Mustang Geotherm,0,0,0
20090812,68317,URXE',OTC,6,0.03,1,0,Mustang Geotherm,0,0,0
20090813,68317,URXE',OTC,6,0.03,2,0,Mustang Geotherm,0,0,0
20090814,68317,URXE',OTC,6,0.03,6,0,Mustang Geotherm,0,0,0
20090817,68317,URXE',OTC,6,0.03,0,0,Mustang Geotherm,0,0,0
20090818,68317,URXE',OTC,6,0.03,0,0,Mustang Geotherm,0,0,0
20090819,68317,URXE',OTC,6,0.03,4,0,Mustang Geotherm,0,0,0
20090820,68317,URXE',OTC,6,0.03,0,0,Mustang Geotherm,0,0,0
20090821,68317,URXE',OTC,6,0.03,0,0,Mustang Geotherm,0,0,0
20090824,68317,URXE',OTC,6,0.03,0,0,Mustang Geotherm,0,0,0
20090825,68317,URXE',OTC,6,0.03,1,0,Mustang Geotherm,0,0,0
20090826,68317,URXE',OTC,6,0.03,0,0,Mustang Geotherm,0,0,0
20090827,68317,URXE',OTC,6,0.03,0,0,Mustang Geotherm,0,0,0
20090828,68317,URXE',OTC,6,0.03,0,0,Mustang Geotherm,0,0,0
20090831,68317,URXE',OTC,4,0.02,0,0,Mustang Geotherm,0,0,0
20090901,68317,URXE',OTC,4,0.02,0,0,Mustang Geotherm,0,0,0
20090902,68317,URXE',OTC,4,0.02,0,0,Mustang Geotherm,0,0,0
20090903,68317,URXE',OTC,4,0.02,0,0,Mustang Geotherm,0,0,0
20090904,68317,URXE',OTC,4,0.02,0,0,Mustang Geotherm,0,0,0
20090908,68317,URXE',OTC,4,0.02,0,0,Mustang Geotherm,0,0,0
20090909,68317,URXE',OTC,6,0.03,4,0,Mustang Geotherm,0,0,0
20090910,68317,URXE',OTC,6,0.03,0,0,Mustang Geotherm,0,0,0
20090911,68317,URXE',OTC,6,0.03,0,0,Mustang Geotherm,0,0,0
20090914,68317,URXE',OTC,6,0.03,2,0,Mustang Geotherm,0,0,0
20090915,68317,URXE',OTC,6,0.03,20,0,Mustang Geotherm,0,0,0
20090916,68317,URXE',OTC,8,0.04,29,0,Mustang Geotherm,0,0,0
20090917,68317,URXE',OTC,8,0.04,7,0,Mustang Geotherm,0,0,0
20090918,68317,URXE',OTC,8,0.04,4,0,Mustang Geotherm,0,0,0
20090921,68317,URXE',OTC,6,0.03,0,0,Mustang Geotherm,0,0,0
20090922,68317,URXE',OTC,6,0.03,3,0,Mustang Geotherm,0,0,0
20090923,68317,URXE',OTC,6,0.03,1,0,Mustang Geotherm,0,0,0
20090924,68317,URXE',OTC,8,0.04,3,0,Mustang Geotherm,0,0,0
20090925,68317,URXE',OTC,8,0.04,1,0,Mustang Geotherm,0,0,0
20090928,68317,URXE',OTC,8,0.04,1,0,Mustang Geotherm,0,0,0
20090929,68317,URXE',OTC,8,0.04,0,0,Mustang Geotherm,0,0,0
20090930,68317,URXE',OTC,6,0.03,1,0,Mustang Geotherm,0,0,0
20091001,68317,URXE',OTC,6,0.03,0,0,Mustang Geotherm,0,0,0
20091002,68317,URXE',OTC,6,0.03,0,0,Mustang Geotherm,0,0,0
20091005,68317,URXE',OTC,6,0.03,0,0,Mustang Geotherm,0,0,0
20091006,68317,URXE',OTC,6,0.03,1,0,Mustang Geotherm,0,0,0
20091007,68317,URXE',OTC,6,0.03,0,0,Mustang Geotherm,0,0,0
20091008,68317,URXE',OTC,6,0.03,1,0,Mustang Geotherm,0,0,0
20091009,68317,URXE',OTC,6,0.03,0,0,Mustang Geotherm,0,0,0
20091012,68317,URXE',OTC,6,0.03,0,0,Mustang Geotherm,0,0,0
20091013,68317,URXE',OTC,6,0.03,0,0,Mustang Geotherm,0,0,0
20091014,68317,URXE',OTC,6,0.03,0,0,Mustang Geotherm,0,0,0
20091015,68317,URXE',OTC,6,0.03,0,0,Mustang Geotherm,0,0,0
20091016,68317,URXE',OTC,6,0.03,0,0,Mustang Geotherm,0,0,0
20091019,68317,URXE',OTC,6,0.03,0,0,Mustang Geotherm,0,0,0
20091020,68317,URXE',OTC,6,0.03,2,0,Mustang Geotherm,0,0,0
20091021,68317,URXE',OTC,6,0.03,4,0,Mustang Geotherm,0,0,0
20091022,68317,URXE',OTC,6,0.03,0,0,Mustang Geotherm,0,0,0
20091023,68317,URXE',OTC,6,0.03,0,0,Mustang Geotherm,0,0,0
20091026,68317,URXE',OTC,6,0.03,0,0,Mustang Geotherm,0,0,0
20091027,68317,URXE',OTC,6,0.03,0,0,Mustang Geotherm,0,0,0
20091028,68317,URXE',OTC,6,0.03,1,0,Mustang Geotherm,0,0,0
20091029,68317,URXE',OTC,6,0.03,3,0,Mustang Geotherm,0,0,0
20091030,68317,URXE',OTC,6,0.03,0,0,Mustang Geotherm,0,0,0
20091102,68317,URXE',OTC,6,0.03,1,0,Mustang Geotherm,0,0,0
20091103,68317,URXE',OTC,6,0.03,0,0,Mustang Geotherm,0,0,0
20091104,68317,URXE',OTC,6,0.03,3,0,Mustang Geotherm,0,0,0
20091105,68317,URXE',OTC,6,0.03,1,0,Mustang Geotherm,0,0,0
20091106,68317,URXE',OTC,6,0.03,0,0,Mustang Geotherm,0,0,0
20091109,68317,URXE',OTC,6,0.03,0,0,Mustang Geotherm,0,0,0
20091110,68317,URXE',OTC,6,0.03,1,0,Mustang Geotherm,0,0,0
20091111,68317,URXE',OTC,4,0.02,1,0,Mustang Geotherm,0,0,0
20091112,68317,URXE',OTC,4,0.02,0,0,Mustang Geotherm,0,0,0
20091113,68317,URXE',OTC,4,0.02,1,0,Mustang Geotherm,0,0,0
20091116,68317,URXE',OTC,4,0.02,0,0,Mustang Geotherm,0,0,0
20091117,68317,URXE',OTC,4,0.02,0,0,Mustang Geotherm,0,0,0
20091118,68317,URXE',OTC,4,0.02,0,0,Mustang Geotherm,0,0,0
20091119,68317,URXE',OTC,4,0.02,0,0,Mustang Geotherm,0,0,0
20091120,68317,URXE',OTC,6,0.03,1,0,Mustang Geotherm,0,0,0
20091123,68317,URXE',OTC,4,0.02,1,0,Mustang Geotherm,0,0,0
20091124,68317,URXE',OTC,4,0.02,1,0,Mustang Geotherm,0,0,0
20091125,68317,URXE',OTC,4,0.02,0,0,Mustang Geotherm,0,0,0
20091127,68317,URXE',OTC,4,0.02,1,0,Mustang Geotherm,0,0,0
20091130,68317,URXE',OTC,4,0.02,0,0,Mustang Geotherm,0,0,0
20091201,68317,URXE',OTC,4,0.02,0,0,Mustang Geotherm,0,0,0
20091202,68317,URXE',OTC,4,0.02,0,0,Mustang Geotherm,0,0,0
20091203,68317,URXE',OTC,4,0.02,5,0,Mustang Geotherm,0,0,0
20091204,68317,URXE',OTC,4,0.02,0,0,Mustang Geotherm,0,0,0
20091207,68317,URXE',OTC,4,0.02,6,0,Mustang Geotherm,0,0,0
20091208,68317,URXE',OTC,6,0.03,4,0,Mustang Geotherm,0,0,0
20091209,68317,URXE',OTC,6,0.03,0,0,Mustang Geotherm,0,0,0
20091210,68317,URXE',OTC,6,0.03,5,0,Mustang Geotherm,0,0,0
20091211,68317,URXE',OTC,4,0.02,2,0,Mustang Geotherm,0,0,0
20091214,68317,URXE',OTC,4,0.02,2,0,Mustang Geotherm,0,0,0
20091215,68317,URXE',OTC,6,0.03,0,0,Mustang Geotherm,0,0,0
20091216,68317,URXE',OTC,4,0.02,4,0,Mustang Geotherm,0,0,0
20091217,68317,URXE',OTC,4,0.02,1,0,Mustang Geotherm,0,0,0
20091218,68317,URXE',OTC,4,0.02,3,0,Mustang Geotherm,0,0,0
20091221,68317,URXE',OTC,4,0.02,2,0,Mustang Geotherm,0,0,0
20091222,68317,URXE',OTC,4,0.02,1,0,Mustang Geotherm,0,0,0
20091223,68317,URXE',OTC,4,0.02,0,0,Mustang Geotherm,0,0,0
20091224,68317,URXE',OTC,4,0.02,0,0,Mustang Geotherm,0,0,0
20091228,68317,URXE',OTC,4,0.02,0,0,Mustang Geotherm,0,0,0
20091229,68317,URXE',OTC,4,0.02,0,0,Mustang Geotherm,0,0,0
20091230,68317,URXE',OTC,4,0.02,0,0,Mustang Geotherm,0,0,0
20091231,68317,URXE',OTC,4,0.02,2,0,Mustang Geotherm,0,0,0
20100104,68317,URXE',OTC,4,0.02,0,0,Mustang Geotherm,0,0,0
20100105,68317,URXE',OTC,4,0.02,0,0,Mustang Geotherm,0,0,0
20100106,68317,URXE',OTC,4,0.02,1,0,Mustang Geotherm,0,0,0
20100107,68317,URXE',OTC,4,0.02,0,0,Mustang Geotherm,0,0,0
20100108,68317,URXE',OTC,4,0.02,0,0,Mustang Geotherm,0,0,0
20100111,68317,URXE',OTC,4,0.02,5,0,Mustang Geotherm,0,0,0
20100112,68317,URXE',OTC,4,0.02,0,0,Mustang Geotherm,0,0,0
20100113,68317,URXE',OTC,4,0.02,0,0,Mustang Geotherm,0,0,0
20100114,68317,URXE',OTC,4,0.02,0,0,Mustang Geotherm,0,0,0
20100115,68317,URXE',OTC,4,0.02,0,0,Mustang Geotherm,0,0,0
20100119,68317,URXE',OTC,4,0.02,0,0,Mustang Geotherm,0,0,0
20100120,68317,URXE',OTC,6,0.03,1,0,Mustang Geotherm,0,0,0
20100121,68317,URXE',OTC,6,0.03,0,0,Mustang Geotherm,0,0,0
20100122,68317,URXE',OTC,4,0.02,2,0,Mustang Geotherm,0,0,0
20100125,68317,URXE',OTC,4,0.02,0,0,Mustang Geotherm,0,0,0
20100126,68317,URXE',OTC,4,0.02,0,0,Mustang Geotherm,0,0,0
20100127,68317,URXE',OTC,4,0.02,1,0,Mustang Geotherm,0,0,0
20100128,68317,URXE',OTC,4,0.02,0,0,Mustang Geotherm,0,0,0
20100129,68317,URXE',OTC,4,0.02,0,0,Mustang Geotherm,0,0,0
20100201,68317,URXE',OTC,4,0.02,0,0,Mustang Geotherm,0,0,0
20100202,68317,URXE',OTC,4,0.02,0,0,Mustang Geotherm,0,0,0
20100203,68317,URXE',OTC,4,0.02,10,0,Mustang Geotherm,0,0,0
20100204,68317,URXE',OTC,4,0.02,0,0,Mustang Geotherm,0,0,0
20100205,68317,URXE',OTC,4,0.02,0,0,Mustang Geotherm,0,0,0
20100208,68317,URXE',OTC,4,0.02,3,0,Mustang Geotherm,0,0,0
20100209,68317,URXE',OTC,4,0.02,3,0,Mustang Geotherm,0,0,0
20100210,68317,URXE',OTC,4,0.02,0,0,Mustang Geotherm,0,0,0
20100211,68317,URXE',OTC,4,0.02,2,0,Mustang Geotherm,0,0,0
20100212,68317,URXE',OTC,4,0.02,0,0,Mustang Geotherm,0,0,0
20100216,68317,URXE',OTC,4,0.02,0,0,Mustang Geotherm,0,0,0
20100217,68317,URXE',OTC,4,0.02,0,0,Mustang Geotherm,0,0,0
20100218,68317,URXE',OTC,4,0.02,0,0,Mustang Geotherm,0,0,0
20100219,68317,URXE',OTC,4,0.02,1,0,Mustang Geotherm,0,0,0
20100222,68317,URXE',OTC,4,0.02,3,0,Mustang Geotherm,0,0,0
20100223,68317,URXE',OTC,4,0.02,8,0,Mustang Geotherm,0,0,0
20100224,68317,URXE',OTC,4,0.02,4,0,Mustang Geotherm,0,0,0
20100225,68317,URXE',OTC,4,0.02,3,0,Mustang Geotherm,0,0,0
20100226,68317,URXE',OTC,6,0.03,1,0,Mustang Geotherm,0,0,0
20100301,68317,URXE',OTC,4,0.02,0,0,Mustang Geotherm,0,0,0
20100302,68317,URXE',OTC,6,0.03,10,0,Mustang Geotherm,0,0,0
20100303,68317,URXE',OTC,6,0.03,22,0,Mustang Geotherm,0,0,0
20100304,68317,URXE',OTC,4,0.02,2,0,Mustang Geotherm,0,0,0
20100305,68317,URXE',OTC,6,0.03,0,0,Mustang Geotherm,0,0,0
20100308,68317,URXE',OTC,6,0.03,8,0,Mustang Geotherm,0,0,0
20100309,68317,URXE',OTC,4,0.02,6,0,Mustang Geotherm,0,0,0
20100310,68317,URXE',OTC,6,0.03,0,0,Mustang Geotherm,0,0,0
20100311,68317,URXE',OTC,6,0.03,1,0,Mustang Geotherm,0,0,0
20100312,68317,URXE',OTC,6,0.03,0,0,Mustang Geotherm,0,0,0
20100315,68317,URXE',OTC,4,0.02,2,0,Mustang Geotherm,0,0,0
20100316,68317,URXE',OTC,4,0.02,0,0,Mustang Geotherm,0,0,0
20100317,68317,URXE',OTC,4,0.02,1,0,Mustang Geotherm,0,0,0
20100318,68317,URXE',OTC,2,0.01,34,0,Mustang Geotherm,0,0,0
20100319,68317,URXE',OTC,4,0.02,4,0,Mustang Geotherm,0,0,0
20100322,68317,URXE',OTC,4,0.02,4,0,Mustang Geotherm,0,0,0
20100323,68317,URXE',OTC,6,0.03,1,0,Mustang Geotherm,0,0,0
20100324,68317,URXE',OTC,4,0.02,9,0,Mustang Geotherm,0,0,0
20100325,68317,URXE',OTC,4,0.02,4,0,Mustang Geotherm,0,0,0
20100326,68317,URXE',OTC,4,0.02,1,0,Mustang Geotherm,0,0,0
20100329,68317,URXE',OTC,4,0.02,1,0,Mustang Geotherm,0,0,0
20100330,68317,URXE',OTC,4,0.02,0,0,Mustang Geotherm,0,0,0
20100331,68317,URXE',OTC,6,0.03,1,0,Mustang Geotherm,0,0,0
20100401,68317,URXE',OTC,4,0.02,3,0,Mustang Geotherm,0,0,0
20100405,68317,URXE',OTC,4,0.02,2,0,Mustang Geotherm,0,0,0
20100406,68317,URXE',OTC,4,0.02,0,0,Mustang Geotherm,0,0,0
20100407,68317,URXE',OTC,4,0.02,0,0,Mustang Geotherm,0,0,0
20100408,68317,URXE',OTC,4,0.02,0,0,Mustang Geotherm,0,0,0
20100409,68317,URXE',OTC,4,0.02,6,0,Mustang Geotherm,0,0,0
20100412,68317,URXE',OTC,4,0.02,0,0,Mustang Geotherm,0,0,0
20100413,68317,URXE',OTC,4,0.02,0,0,Mustang Geotherm,0,0,0
20100414,68317,URXE',OTC,4,0.02,5,0,Mustang Geotherm,0,0,0
20100415,68317,URXE',OTC,4,0.02,2,0,Mustang Geotherm,0,0,0
20100416,68317,URXE',OTC,4,0.02,0,0,Mustang Geotherm,0,0,0
20100419,68317,URXE',OTC,4,0.02,1,0,Mustang Geotherm,0,0,0
20100420,68317,URXE',OTC,4,0.02,1,0,Mustang Geotherm,0,0,0
20100421,68317,URXE',OTC,4,0.02,3,0,Mustang Geotherm,0,0,0
20100422,68317,URXE',OTC,6,0.03,1,0,Mustang Geotherm,0,0,0
20100423,68317,URXE',OTC,4,0.02,0,0,Mustang Geotherm,0,0,0
20100426,68317,URXE',OTC,4,0.02,8,0,Mustang Geotherm,0,0,0
20100427,68317,URXE',OTC,4,0.02,1,0,Mustang Geotherm,0,0,0
20100428,68317,URXE',OTC,4,0.02,1,0,Mustang Geotherm,0,0,0
20100429,68317,URXE',OTC,4,0.02,0,0,Mustang Geotherm,0,0,0
20100430,68317,URXE',OTC,4,0.02,0,0,Mustang Geotherm,0,0,0
20100503,68317,URXE',OTC,4,0.02,1,0,Mustang Geotherm,0,0,0
20100504,68317,URXE',OTC,4,0.02,0,0,Mustang Geotherm,0,0,0
20100505,68317,URXE',OTC,4,0.02,0,0,Mustang Geotherm,0,0,0
20100506,68317,URXE',OTC,4,0.02,1,0,Mustang Geotherm,0,0,0
20100507,68317,URXE',OTC,4,0.02,0,0,Mustang Geotherm,0,0,0
20100510,68317,URXE',OTC,4,0.02,3,0,Mustang Geotherm,0,0,0
20100511,68317,URXE',OTC,4,0.02,3,0,Mustang Geotherm,0,0,0
20100512,68317,URXE',OTC,4,0.02,1,0,Mustang Geotherm,0,0,0
20100513,68317,URXE',OTC,4,0.02,3,0,Mustang Geotherm,0,0,0
20100514,68317,URXE',OTC,4,0.02,0,0,Mustang Geotherm,0,0,0
20100517,68317,URXE',OTC,4,0.02,1,0,Mustang Geotherm,0,0,0
20100518,68317,URXE',OTC,4,0.02,1,0,Mustang Geotherm,0,0,0
20100519,68317,URXE',OTC,4,0.02,2,0,Mustang Geotherm,0,0,0
20100520,68317,URXE',OTC,4,0.02,0,0,Mustang Geotherm,0,0,0
20100521,68317,URXE',OTC,4,0.02,4,0,Mustang Geotherm,0,0,0
20100524,68317,URXE',OTC,4,0.02,3,0,Mustang Geotherm,0,0,0
20100525,68317,URXE',OTC,4,0.02,0,0,Mustang Geotherm,0,0,0
20100526,68317,URXE',OTC,4,0.02,0,0,Mustang Geotherm,0,0,0
20100527,68317,URXE',OTC,4,0.02,0,0,Mustang Geotherm,0,0,0
20100528,68317,URXE',OTC,2,0.01,2,0,Mustang Geotherm,0,0,0
20100601,68317,URXE',OTC,2,0.01,0,0,Mustang Geotherm,0,0,0
20100602,68317,URXE',OTC,2,0.01,2,0,Mustang Geotherm,0,0,0
20100603,68317,URXE',OTC,2,0.01,0,0,Mustang Geotherm,0,0,0
20100604,68317,URXE',OTC,2,0.01,0,0,Mustang Geotherm,0,0,0
20100607,68317,URXE',OTC,2,0.01,0,0,Mustang Geotherm,0,0,0
20100608,68317,URXE',OTC,2,0.01,0,0,Mustang Geotherm,0,0,0
20100609,68317,URXE',OTC,4,0.02,0,0,Mustang Geotherm,0,0,0
20100610,68317,URXE',OTC,4,0.02,0,0,Mustang Geotherm,0,0,0
20100611,68317,URXE',OTC,2,0.01,0,0,Mustang Geotherm,0,0,0
20100614,68317,URXE',OTC,2,0.01,0,0,Mustang Geotherm,0,0,0
20100615,68317,URXE',OTC,2,0.01,0,0,Mustang Geotherm,0,0,0
20100616,68317,URXE',OTC,2,0.01,0,0,Mustang Geotherm,0,0,0
20100617,68317,URXE',OTC,2,0.01,0,0,Mustang Geotherm,0,0,0
20100618,68317,URXE',OTC,2,0.01,0,0,Mustang Geotherm,0,0,0
20100621,68317,URXE',OTC,2,0.01,0,0,Mustang Geotherm,0,0,0
20100622,68317,URXE',OTC,2,0.01,0,0,Mustang Geotherm,0,0,0
20100623,68317,URXE',OTC,2,0.01,0,0,Mustang Geotherm,0,0,0
20100624,68317,URXE',OTC,2,0.01,0,0,Mustang Geotherm,0,0,0
20100625,68317,URXE',OTC,2,0.01,0,0,Mustang Geotherm,0,0,0
20100628,68317,URXE',OTC,2,0.01,1,0,Mustang Geotherm,0,0,0
20100629,68317,URXE',OTC,2,0.01,5,0,Mustang Geotherm,0,0,0
20100630,68317,URXE',OTC,2,0.01,0,0,Mustang Geotherm,0,0,0
20100701,68317,URXE',OTC,2,0.01,0,0,Mustang Geotherm,0,0,0
20100702,68317,URXE',OTC,2,0.01,1,0,Mustang Geotherm,0,0,0
20100706,68317,URXE',OTC,2,0.01,0,0,Mustang Geotherm,0,0,0
20100707,68317,URXE',OTC,2,0.01,0,0,Mustang Geotherm,0,0,0
20100708,68317,URXE',OTC,2,0.01,0,0,Mustang Geotherm,0,0,0
20100709,68317,URXE',OTC,2,0.01,0,0,Mustang Geotherm,0,0,0
20100712,68317,URXE',OTC,2,0.01,0,0,Mustang Geotherm,0,0,0
20100713,68317,URXE',OTC,2,0.01,0,0,Mustang Geotherm,0,0,0
20100714,68317,URXE',OTC,2,0.01,0,0,Mustang Geotherm,0,0,0
20100715,68317,URXE',OTC,2,0.01,0,0,Mustang Geotherm,0,0,0
20100716,68317,URXE',OTC,2,0.01,0,0,Mustang Geotherm,0,0,0
20100719,68317,URXE',OTC,2,0.01,11,0,Mustang Geotherm,0,0,0
20100720,68317,URXE',OTC,2,0.01,0,0,Mustang Geotherm,0,0,0
20100721,68317,URXE',OTC,2,0.01,0,0,Mustang Geotherm,0,0,0
20100722,68317,URXE',OTC,2,2,0,0,Mustang Geotherm,0,0,0
20100723,68317,URXE',OTC,2,2,0,0,Mustang Geotherm,0,0,0
20100726,68317,URXE',OTC,2,2,0,0,Mustang Geotherm,0,0,0
20100727,68317,URXE',OTC,2,2,0,0,Mustang Geotherm,0,0,0
20100728,68317,URXE',OTC,2,2,0,0,Mustang Geotherm,0,0,0
20100729,68317,URXE',OTC,2,2,0,0,Mustang Geotherm,0,0,0
20100730,68317,URXE',OTC,2,2,0,0,Mustang Geotherm,0,0,0
20100802,68317,URXE',OTC,2,2,0,0,Mustang Geotherm,0,0,0
20100803,68317,URXE',OTC,2,2,0,0,Mustang Geotherm,0,0,0
20100804,68317,URXE',OTC,2,2,0,0,Mustang Geotherm,0,0,0
20100805,68317,URXE',OTC,2,2,0,0,Mustang Geotherm,0,0,0
20100806,68317,URXE',OTC,2,2,0,0,Mustang Geotherm,0,0,0
20100809,68317,URXE',OTC,2,2,0,0,Mustang Geotherm,0,0,0
20100810,68317,URXE',OTC,2,2,0,0,Mustang Geotherm,0,0,0
20100811,68317,URXE',OTC,2,2,0,0,Mustang Geotherm,0,0,0
20100812,68317,URXE',OTC,0.2,0.2,6,0,Mustang Geotherm,0,0,0
20100813,68317,URXE',OTC,0.2,0.2,4,0,Mustang Geotherm,0,0,0
20100816,68317,URXE',OTC,0.2,0.2,4,0,Mustang Geotherm,0,0,0
20100817,68317,URXE',OTC,0.15,0.15,9,0,Mustang Geotherm,0,0,0
20100818,68317,URXE',OTC,0.15,0.15,6,0,Mustang Geotherm,0,0,0
20100819,68317,URXE',OTC,0.15,0.15,0,0,Mustang Geotherm,0,0,0
20100820,68317,URXE',OTC,0.15,0.15,2,0,Mustang Geotherm,0,0,0
20100823,68317,URXE',OTC,0.15,0.15,2,0,Mustang Geotherm,0,0,0
20100824,68317,URXE',OTC,0.15,0.15,0,0,Mustang Geotherm,0,0,0
20100825,68317,URXE',OTC,0.15,0.15,4,0,Mustang Geotherm,0,0,0
20100826,68317,URXE',OTC,0.15,0.15,4,0,Mustang Geotherm,0,0,0
20100827,68317,URXE',OTC,1.01,1.01,2,0,Mustang Geotherm,0,0,0
20100830,68317,URXE',OTC,1.01,1.01,0,0,Mustang Geotherm,0,0,0
20100831,68317,URXE',OTC,0.21,0.21,6,0,Mustang Geotherm,0,0,0
20100901,68317,URXE',OTC,0.21,0.21,0,0,Mustang Geotherm,0,0,0
20100902,68317,URXE',OTC,0.2,0.2,7,0,Mustang Geotherm,0,0,0
20100903,68317,URXE',OTC,0.2,0.2,0,0,Mustang Geotherm,0,0,0
20100907,68317,URXE',OTC,0.25,0.25,21,0,Mustang Geotherm,0,0,0
20100908,68317,URXE',OTC,0.25,0.25,2,0,Mustang Geotherm,0,0,0
20100909,68317,URXE',OTC,0.25,0.25,0,0,Mustang Geotherm,0,0,0
20100910,68317,URXE',OTC,0.25,0.25,0,0,Mustang Geotherm,0,0,0
20100913,68317,URXE',OTC,0.25,0.25,2,0,Mustang Geotherm,0,0,0
20100914,68317,URXE',OTC,0.25,0.25,7,0,Mustang Geotherm,0,0,0
20100915,68317,URXE',OTC,0.25,0.25,2,0,Mustang Geotherm,0,0,0
20100916,68317,URXE',OTC,0.31,0.31,2,0,Mustang Geotherm,0,0,0
20100917,68317,URXE',OTC,0.31,0.31,3,0,Mustang Geotherm,0,0,0
20100920,68317,URXE',OTC,0.31,0.31,2,0,Mustang Geotherm,0,0,0
20100921,68317,URXE',OTC,0.31,0.31,0,0,Mustang Geotherm,0,0,0
20100922,68317,URXE',OTC,0.31,0.31,0,0,Mustang Geotherm,0,0,0
20100923,68317,URXE',OTC,0.11,0.11,2,0,Mustang Geotherm,0,0,0
20100924,68317,URXE',OTC,0.11,0.11,2,0,Mustang Geotherm,0,0,0
20100927,68317,URXE',OTC,0.11,0.11,4,0,Mustang Geotherm,0,0,0
20100928,68317,URXE',OTC,0.11,0.11,5,0,Mustang Geotherm,0,0,0
20100929,68317,URXE',OTC,0.11,0.11,2,0,Mustang Geotherm,0,0,0
20100930,68317,URXE',OTC,0.74,0.74,8,0,Mustang Geotherm,0,0,0
20101001,68317,URXE',OTC,0.5,0.5,3,0,Mustang Geotherm,0,0,0
20101004,68317,URXE',OTC,0.75,0.75,8,0,Mustang Geotherm,0,0,0
20101005,68317,URXE',OTC,0.5,0.5,4,0,Mustang Geotherm,0,0,0
20101006,68317,URXE',OTC,0.11,0.11,4,0,Mustang Geotherm,0,0,0
20101007,68317,URXE',OTC,0.11,0.11,0,0,Mustang Geotherm,0,0,0
20101008,68317,URXE',OTC,0.11,0.11,0,0,Mustang Geotherm,0,0,0
20101011,68317,URXE',OTC,0.2,0.2,2,0,Mustang Geotherm,0,0,0
20101012,68317,URXE',OTC,0.2,0.2,0,0,Mustang Geotherm,0,0,0
20101013,68317,URXE',OTC,0.26,0.26,12,0,Mustang Geotherm,0,0,0
20101014,68317,URXE',OTC,0.25,0.25,2,0,Mustang Geotherm,0,0,0
20101015,68317,URXE',OTC,0.25,0.25,0,0,Mustang Geotherm,0,0,0
20101018,68317,URXE',OTC,0.25,0.25,0,0,Mustang Geotherm,0,0,0
20101019,68317,URXE',OTC,0.25,0.25,0,0,Mustang Geotherm,0,0,0
20101020,68317,URXE',OTC,0.25,0.25,0,0,Mustang Geotherm,0,0,0
20101021,68317,URXE',OTC,0.5,0.5,7,0,Mustang Geotherm,0,0,0
20101022,68317,URXE',OTC,0.5,0.5,0,0,Mustang Geotherm,0,0,0
20101025,68317,URXE',OTC,0.26,0.26,7,0,Mustang Geotherm,0,0,0
20101026,68317,URXE',OTC,0.26,0.26,4,0,Mustang Geotherm,0,0,0
20101027,68317,URXE',OTC,0.26,0.26,0,0,Mustang Geotherm,0,0,0
20101028,68317,URXE',OTC,0.26,0.26,0,0,Mustang Geotherm,0,0,0
20101029,68317,URXE',OTC,0.26,0.26,0,0,Mustang Geotherm,0,0,0
20101101,68317,URXE',OTC,0.26,0.26,0,0,Mustang Geotherm,0,0,0
20101102,68317,URXE',OTC,0.35,0.35,12,0,Mustang Geotherm,0,0,0
20101103,68317,URXE',OTC,0.35,0.35,0,0,Mustang Geotherm,0,0,0
20101104,68317,URXE',OTC,0.35,0.35,0,0,Mustang Geotherm,0,0,0
20101105,68317,URXE',OTC,0.12,0.12,1276,0,Mustang Geotherm,0,0,0
20101108,68317,URXE',OTC,0.3,0.3,160,0,Mustang Geotherm,0,0,0
20101109,68317,URXE',OTC,1.21,1.21,456,0,Mustang Geotherm,0,0,0
20101110,68317,URXE',OTC,1.01,1.01,123,0,Mustang Geotherm,0,0,0
20101111,68317,URXE',OTC,0.6,0.6,166,0,Mustang Geotherm,0,0,0
20101112,68317,URXE',OTC,0.5,0.5,90,0,Mustang Geotherm,0,0,0
20101115,68317,URXE',OTC,0.5,0.5,2,0,Mustang Geotherm,0,0,0
20101116,68317,URXE',OTC,0.5,0.5,45,0,Mustang Geotherm,0,0,0
20101117,68317,URXE',OTC,0.5,0.5,4,0,Mustang Geotherm,0,0,0
20101118,68317,URXE',OTC,0.5,0.5,17,0,Mustang Geotherm,0,0,0
20101119,68317,URXE',OTC,0.5,0.5,0,0,Mustang Geotherm,0,0,0
20101122,68317,URXE',OTC,0.58,0.58,12,0,Mustang Geotherm,0,0,0
20101123,68317,URXE',OTC,0.58,0.58,2,0,Mustang Geotherm,0,0,0
20101124,68317,URXE',OTC,0.58,0.58,2,0,Mustang Geotherm,0,0,0
20101126,68317,URXE',OTC,1.1,1.1,9,0,Mustang Geotherm,0,0,0
20101129,68317,URXE',OTC,1.1,1.1,20,0,Mustang Geotherm,0,0,0
20101130,68317,URXE',OTC,1.1,1.1,9,0,Mustang Geotherm,0,0,0
20101201,68317,URXE',OTC,0.81,0.81,50,0,Mustang Geotherm,0,0,0
20101202,68317,URXE',OTC,0.75,0.75,89,0,Mustang Geotherm,0,0,0
20101203,68317,URXE',OTC,0.75,0.75,6,0,Mustang Geotherm,0,0,0
20101206,68317,URXE',OTC,1.02,1.02,5,0,Mustang Geotherm,0,0,0
20101207,68317,URXE',OTC,1.02,1.02,12,0,Mustang Geotherm,0,0,0
20101208,68317,URXE',OTC,1.02,1.02,8,0,Mustang Geotherm,0,0,0
20101209,68317,URXE',OTC,1.02,1.02,0,0,Mustang Geotherm,0,0,0
20101210,68317,URXE',OTC,0.75,0.75,4,0,Mustang Geotherm,0,0,0
20101213,68317,URXE',OTC,0.76,0.76,12,0,Mustang Geotherm,0,0,0
20101214,68317,URXE',OTC,0.76,0.76,0,0,Mustang Geotherm,0,0,0
20101215,68317,URXE',OTC,0.76,0.76,0,0,Mustang Geotherm,0,0,0
20101216,68317,URXE',OTC,0.55,0.55,8,0,Mustang Geotherm,0,0,0
20101217,68317,URXE',OTC,0.98,0.98,10,0,Mustang Geotherm,0,0,0
20101220,68317,URXE',OTC,0.55,0.55,14,0,Mustang Geotherm,0,0,0
20101221,68317,URXE',OTC,0.98,0.98,11,0,Mustang Geotherm,0,0,0
20101222,68317,URXE',OTC,0.98,0.98,5,0,Mustang Geotherm,0,0,0
20101223,68317,URXE',OTC,0.98,0.98,0,0,Mustang Geotherm,0,0,0
20101227,68317,URXE',OTC,0.98,0.98,3,0,Mustang Geotherm,0,0,0
20101228,68317,URXE',OTC,0.55,0.55,52,0,Mustang Geotherm,0,0,0
20101229,68317,URXE',OTC,0.8,0.8,17,0,Mustang Geotherm,0,0,0
20101230,68317,URXE',OTC,0.8,0.8,0,0,Mustang Geotherm,0,0,0
20101231,68317,URXE',OTC,0.98,0.98,14,0,Mustang Geotherm,0,0,0
20110103,68317,URXE',OTC,0.5,0.5,2,0,Mustang Geotherm,0,0,0
20110104,68317,URXE',OTC,0.5,0.5,2,0,Mustang Geotherm,0,0,0
20110105,68317,URXE',OTC,0.98,0.98,3,0,Mustang Geotherm,0,0,0
20110106,68317,URXE',OTC,0.98,0.98,3,0,Mustang Geotherm,0,0,0
20110107,68317,URXE',OTC,0.98,0.98,0,0,Mustang Geotherm,0,0,0
20110110,68317,URXE',OTC,0.98,0.98,0,0,Mustang Geotherm,0,0,0
20110111,68317,URXE',OTC,0.52,0.52,6,0,Mustang Geotherm,0,0,0
20110112,68317,URXE',OTC,0.5,0.5,2,0,Mustang Geotherm,0,0,0
20110113,68317,URXE',OTC,1,1,12,0,Mustang Geotherm,0,0,0
20110114,68317,URXE',OTC,0.77,0.77,41,0,Mustang Geotherm,0,0,0
20110118,68317,URXE',OTC,1,1,3,0,Mustang Geotherm,0,0,0
20110119,68317,URXE',OTC,0.98,0.98,5,0,Mustang Geotherm,0,0,0
20110120,68317,URXE',OTC,0.98,0.98,0,0,Mustang Geotherm,0,0,0
20110121,68317,URXE',OTC,0.98,0.98,0,0,Mustang Geotherm,0,0,0
20110124,68317,URXE',OTC,0.98,0.98,0,0,Mustang Geotherm,0,0,0
20110125,68317,URXE',OTC,0.98,0.98,0,0,Mustang Geotherm,0,0,0
20110126,68317,URXE',OTC,0.52,0.52,10,0,Mustang Geotherm,0,0,0
20110127,68317,URXE',OTC,0.98,0.98,1,0,Mustang Geotherm,0,0,0
20110128,68317,URXE',OTC,0.98,0.98,0,0,Mustang Geotherm,0,0,0
20110131,68317,URXE',OTC,0.5,0.5,2,0,Mustang Geotherm,0,0,0
20110201,68317,URXE',OTC,0.5,0.5,0,0,Mustang Geotherm,0,0,0
20110202,68317,URXE',OTC,0.5,0.5,0,0,Mustang Geotherm,0,0,0
20110203,68317,URXE',OTC,0.5,0.5,77,0,Mustang Geotherm,0,0,0
20110204,68317,URXE',OTC,0.71,0.71,9,0,Mustang Geotherm,0,0,0
20110207,68317,URXE',OTC,0.71,0.71,17,0,Mustang Geotherm,0,0,0
20110208,68317,URXE',OTC,0.8,0.8,31,0,Mustang Geotherm,0,0,0
20110209,68317,URXE',OTC,0.45,0.45,2,0,Mustang Geotherm,0,0,0
20110210,68317,URXE',OTC,0.45,0.45,2,0,Mustang Geotherm,0,0,0
20110211,68317,URXE',OTC,0.8,0.8,3,0,Mustang Geotherm,0,0,0
20110214,68317,URXE',OTC,0.8,0.8,0,0,Mustang Geotherm,0,0,0
20110215,68317,URXE',OTC,0.52,0.52,19,0,Mustang Geotherm,0,0,0
20110216,68317,URXE',OTC,0.52,0.52,0,0,Mustang Geotherm,0,0,0
20110217,68317,URXE',OTC,0.52,0.52,2,0,Mustang Geotherm,0,0,0
20110218,68317,URXE',OTC,0.75,0.75,14,0,Mustang Geotherm,0,0,0
20110222,68317,URXE',OTC,0.75,0.75,33,0,Mustang Geotherm,0,0,0
20110223,68317,URXE',OTC,0.51,0.51,264,0,Mustang Geotherm,0,0,0
20110224,68317,URXE',OTC,0.51,0.51,0,0,Mustang Geotherm,0,0,0
20110225,68317,URXE',OTC,0.5,0.5,68,0,Mustang Geotherm,0,0,0
20110228,68317,URXE',OTC,0.5,0.5,0,0,Mustang Geotherm,0,0,0
20110301,68317,URXE',OTC,0.5,0.5,0,0,Mustang Geotherm,0,0,0
20110302,68317,URXE',OTC,0.5,0.5,57,0,Mustang Geotherm,0,0,0
20110303,68317,URXE',OTC,0.65,0.65,323,0,Mustang Geotherm,0,0,0
20110304,68317,URXE',OTC,0.5,0.5,2,0,Mustang Geotherm,0,0,0
20110307,68317,URXE',OTC,0.5,0.5,4,0,Mustang Geotherm,0,0,0
20110308,68317,URXE',OTC,0.55,0.55,2,0,Mustang Geotherm,0,0,0
20110309,68317,URXE',OTC,0.55,0.55,0,0,Mustang Geotherm,0,0,0
20110310,68317,URXE',OTC,0.55,0.55,2,0,Mustang Geotherm,0,0,0
20110311,68317,URXE',OTC,0.6,0.6,106,0,Mustang Geotherm,0,0,0
20110314,68317,URXE',OTC,0.5,0.5,68,0,Mustang Geotherm,0,0,0
20110315,68317,URXE',OTC,0.5,0.5,20,0,Mustang Geotherm,0,0,0
20110316,68317,URXE',OTC,0.5,0.5,0,0,Mustang Geotherm,0,0,0
20110317,68317,URXE',OTC,0.5,0.5,0,0,Mustang Geotherm,0,0,0
20110318,68317,URXE',OTC,0.75,0.75,25,0,Mustang Geotherm,0,0,0
20110321,68317,URXE',OTC,0.4,0.4,8,0,Mustang Geotherm,0,0,0
20110322,68317,URXE',OTC,0.4,0.4,0,0,Mustang Geotherm,0,0,0
20110323,68317,URXE',OTC,0.4,0.4,6,0,Mustang Geotherm,0,0,0
20110324,68317,URXE',OTC,0.4,0.4,10,0,Mustang Geotherm,0,0,0
20110325,68317,URXE',OTC,0.4,0.4,0,0,Mustang Geotherm,0,0,0
20110328,68317,URXE',OTC,0.4,0.4,2,0,Mustang Geotherm,0,0,0
20110329,68317,URXE',OTC,0.41,0.41,4,0,Mustang Geotherm,0,0,0
20110330,68317,URXE',OTC,0.41,0.41,0,0,Mustang Geotherm,0,0,0
20110331,68317,URXE',OTC,0.4,0.4,1,0,Mustang Geotherm,0,0,0
20110401,68317,URXE',OTC,0.4,0.4,0,0,Mustang Geotherm,0,0,0
20110404,68317,URXE',OTC,0.44,0.44,4,0,Mustang Geotherm,0,0,0
20110405,68317,URXE',OTC,0.44,0.44,0,0,Mustang Geotherm,0,0,0
20110406,68317,URXE',OTC,0.44,0.44,0,0,Mustang Geotherm,0,0,0
20110407,68317,URXE',OTC,0.4,0.4,5,0,Mustang Geotherm,0,0,0
20110408,68317,URXE',OTC,0.4,0.4,32,0,Mustang Geotherm,0,0,0
20110411,68317,URXE',OTC,0.45,0.45,676,0,Mustang Geotherm,0,0,0
20110412,68317,URXE',OTC,0.43,0.43,200,0,Mustang Geotherm,0,0,0
20110413,68317,URXE',OTC,0.45,0.45,2830,0,Mustang Geotherm,0,0,0
20110414,68317,URXE',OTC,0.45,0.45,305,0,Mustang Geotherm,0,0,0
20110415,68317,URXE',OTC,0.42,0.42,243,0,Mustang Geotherm,0,0,0
20110418,68317,URXE',OTC,0.42,0.42,125,0,Mustang Geotherm,0,0,0
20110419,68317,URXE',OTC,0.35,0.35,180,0,Mustang Geotherm,0,0,0
20110420,68317,URXE',OTC,0.35,0.35,174,0,Mustang Geotherm,0,0,0
20110421,68317,URXE',OTC,0.35,0.35,25,0,Mustang Geotherm,0,0,0
20110425,68317,URXE',OTC,0.35,0.35,4,0,Mustang Geotherm,0,0,0
20110426,68317,URXE',OTC,0.4,0.4,63,0,Mustang Geotherm,0,0,0
20110427,68317,URXE',OTC,0.3,0.3,164,0,Mustang Geotherm,0,0,0
20110428,68317,URXE',OTC,0.34,0.34,8,0,Mustang Geotherm,0,0,0
20110429,68317,URXE',OTC,0.33,0.33,72,0,Mustang Geotherm,0,0,0
20110502,68317,URXE',OTC,0.25,0.25,218,0,Mustang Geotherm,0,0,0
20110503,68317,URXE',OTC,0.26,0.26,25,0,Mustang Geotherm,0,0,0
20110504,68317,URXE',OTC,0.29,0.29,130,0,Mustang Geotherm,0,0,0
20110505,68317,URXE',OTC,0.3,0.3,75,0,Mustang Geotherm,0,0,0
20110506,68317,URXE',OTC,0.25,0.25,81,0,Mustang Geotherm,0,0,0
20110509,68317,URXE',OTC,0.25,0.25,19,0,Mustang Geotherm,0,0,0
20110510,68317,URXE',OTC,0.25,0.25,4,0,Mustang Geotherm,0,0,0
20110511,68317,URXE',OTC,0.3,0.3,122,0,Mustang Geotherm,0,0,0
20110512,68317,URXE',OTC,0.25,0.25,50,0,Mustang Geotherm,0,0,0
20110513,68317,URXE',OTC,0.25,0.25,16,0,Mustang Geotherm,0,0,0
20110516,68317,URXE',OTC,0.25,0.25,0,0,Mustang Geotherm,0,0,0
20110517,68317,URXE',OTC,0.25,0.25,4,0,Mustang Geotherm,0,0,0
20110518,68317,URXE',OTC,0.23,0.23,70,0,Mustang Geotherm,0,0,0
20110519,68317,URXE',OTC,0.23,0.23,0,0,Mustang Geotherm,0,0,0
20110520,68317,URXE',OTC,0.25,0.25,121,0,Mustang Geotherm,0,0,0
20110523,68317,URXE',OTC,0.3,0.3,1,0,Mustang Geotherm,0,0,0
20110524,68317,URXE',OTC,0.3,0.3,0,0,Mustang Geotherm,0,0,0
20110525,68317,URXE',OTC,0.3,0.3,1,0,Mustang Geotherm,0,0,0
20110526,68317,URXE',OTC,0.3,0.3,13,0,Mustang Geotherm,0,0,0
20110527,68317,URXE',OTC,0.4,0.4,1,0,Mustang Geotherm,0,0,0
20110531,68317,URXE',OTC,0.4,0.4,20,0,Mustang Geotherm,0,0,0
20110601,68317,URXE',OTC,0.37,0.37,3,0,Mustang Geotherm,0,0,0
20110602,68317,URXE',OTC,0.37,0.37,0,0,Mustang Geotherm,0,0,0
20110603,68317,URXE',OTC,0.37,0.37,0,0,Mustang Geotherm,0,0,0
20110606,68317,URXE',OTC,0.15,0.15,10,0,Mustang Geotherm,0,0,0
20110607,68317,URXE',OTC,0.15,0.15,3,0,Mustang Geotherm,0,0,0
20110608,68317,URXE',OTC,0.15,0.15,2,0,Mustang Geotherm,0,0,0
20110609,68317,URXE',OTC,0.15,0.15,0,0,Mustang Geotherm,0,0,0
20110610,68317,URXE',OTC,0.16,0.16,9,0,Mustang Geotherm,0,0,0
20110613,68317,URXE',OTC,0.16,0.16,0,0,Mustang Geotherm,0,0,0
20110614,68317,URXE',OTC,0.16,0.16,7,0,Mustang Geotherm,0,0,0
20110615,68317,URXE',OTC,0.16,0.16,2,0,Mustang Geotherm,0,0,0
20110616,68317,URXE',OTC,0.19,0.19,9,0,Mustang Geotherm,0,0,0
20110617,68317,URXE',OTC,0.28,0.28,471,0,Mustang Geotherm,0,0,0
20110620,68317,URXE',OTC,0.19,0.19,5,0,Mustang Geotherm,0,0,0
20110621,68317,URXE',OTC,0.23,0.23,374,0,Mustang Geotherm,0,0,0
20110622,68317,URXE',OTC,0.23,0.23,64,0,Mustang Geotherm,0,0,0
20110623,68317,URXE',OTC,0.27,0.27,4064,0,Mustang Geotherm,0,0,0
20110624,68317,URXE',OTC,0.2,0.2,8383,0,Mustang Geotherm,0,0,0
20110627,68317,URXE',OTC,0.12,0.12,8510,0,Mustang Geotherm,0,0,0
20110628,68317,URXE',OTC,0.14,0.14,852,0,Mustang Geotherm,0,0,0
20110629,68317,URXE',OTC,0.12,0.12,1025,0,Mustang Geotherm,0,0,0
20110630,68317,URXE',OTC,0.14,0.14,1160,0,Mustang Geotherm,0,0,0
20110701,68317,URXE',OTC,0.15,0.15,283,0,Mustang Geotherm,0,0,0
20110705,68317,URXE',OTC,0.13,0.13,349,0,Mustang Geotherm,0,0,0
20110706,68317,URXE',OTC,0.12,0.12,116,0,Mustang Geotherm,0,0,0
20110707,68317,URXE',OTC,0.12,0.12,30,0,Mustang Geotherm,0,0,0
20110708,68317,URXE',OTC,0.11,0.11,193,0,Mustang Geotherm,0,0,0
20110711,68317,URXE',OTC,0.11,0.11,137,0,Mustang Geotherm,0,0,0
20110712,68317,URXE',OTC,0.11,0.11,14,0,Mustang Geotherm,0,0,0
20110713,68317,URXE',OTC,0.11,0.11,32,0,Mustang Geotherm,0,0,0
20110714,68317,URXE',OTC,0.11,0.11,204,0,Mustang Geotherm,0,0,0
20110715,68317,URXE',OTC,0.11,0.11,0,0,Mustang Geotherm,0,0,0
20110718,68317,URXE',OTC,0.09,0.09,224,0,Mustang Geotherm,0,0,0
20110719,68317,URXE',OTC,0.09,0.09,12,0,Mustang Geotherm,0,0,0
20110720,68317,URXE',OTC,0.09,0.09,11,0,Mustang Geotherm,0,0,0
20110721,68317,URXE',OTC,0.1,0.1,34,0,Mustang Geotherm,0,0,0
20110722,68317,URXE',OTC,0.12,0.12,39,0,Mustang Geotherm,0,0,0
20110725,68317,URXE',OTC,0.08,0.08,199,0,Mustang Geotherm,0,0,0
20110726,68317,URXE',OTC,0.08,0.08,22,0,Mustang Geotherm,0,0,0
20110727,68317,URXE',OTC,0.08,0.08,0,0,Mustang Geotherm,0,0,0
20110728,68317,URXE',OTC,0.08,0.08,15,0,Mustang Geotherm,0,0,0
20110729,68317,URXE',OTC,0.09,0.09,143,0,Mustang Geotherm,0,0,0
20110801,68317,URXE',OTC,0.09,0.09,56,0,Mustang Geotherm,0,0,0
20110802,68317,URXE',OTC,0.07,0.07,60,0,Mustang Geotherm,0,0,0
20110803,68317,URXE',OTC,0.06,0.06,5,0,Mustang Geotherm,0,0,0
20110804,68317,URXE',OTC,0.06,0.06,158,0,Mustang Geotherm,0,0,0
20110805,68317,URXE',OTC,0.09,0.09,50,0,Mustang Geotherm,0,0,0
20110808,68317,URXE',OTC,0.03,0.03,212,0,Mustang Geotherm,0,0,0
20110809,68317,URXE',OTC,0.04,0.04,3340,0,Mustang Geotherm,0,0,0
20110810,68317,URXE',OTC,0.04,0.04,0,0,Mustang Geotherm,0,0,0
20110811,68317,URXE',OTC,0.04,0.04,0,0,Mustang Geotherm,0,0,0
20110812,68317,URXE',OTC,0.06,0.06,434,0,Mustang Geotherm,0,0,0
20110815,68317,URXE',OTC,0.06,0.06,409,0,Mustang Geotherm,0,0,0
20110816,68317,URXE',OTC,0.05,0.05,2543,0,Mustang Geotherm,0,0,0
20110817,68317,URXE',OTC,0.05,0.05,0,0,Mustang Geotherm,0,0,0
20110818,68317,URXE',OTC,0.05,0.05,0,0,Mustang Geotherm,0,0,0
20110819,68317,URXE',OTC,0.05,0.05,0,0,Mustang Geotherm,0,0,0
20110822,68317,URXE',OTC,0.05,0.05,0,0,Mustang Geotherm,0,0,0
20110823,68317,URXE',OTC,0.05,0.05,0,0,Mustang Geotherm,0,0,0
20110824,68317,URXE',OTC,0.05,0.05,0,0,Mustang Geotherm,0,0,0
20110825,68317,URXE',OTC,0.05,0.05,0,0,Mustang Geotherm,0,0,0
20110826,68317,URXE',OTC,0.05,0.05,6282,0,Mustang Geotherm,0,0,0
20110829,68317,URXE',OTC,0.04,0.04,30,0,Mustang Geotherm,0,0,0
20110830,68317,URXE',OTC,0.05,0.05,541,0,Mustang Geotherm,0,0,0
20110831,68317,URXE',OTC,0.04,0.04,2,0,Mustang Geotherm,0,0,0
20110901,68317,URXE',OTC,0.04,0.04,501,0,Mustang Geotherm,0,0,0
20110902,68317,URXE',OTC,0.04,0.04,0,0,Mustang Geotherm,0,0,0
20110906,68317,URXE',OTC,0.04,0.04,596,0,Mustang Geotherm,0,0,0
20110907,68317,URXE',OTC,0.04,0.04,250,0,Mustang Geotherm,0,0,0
20110908,68317,URXE',OTC,0.04,0.04,0,0,Mustang Geotherm,0,0,0
20110909,68317,URXE',OTC,0.04,0.04,143,0,Mustang Geotherm,0,0,0
20110912,68317,URXE',OTC,0.04,0.04,5,0,Mustang Geotherm,0,0,0
20110913,68317,URXE',OTC,0.04,0.04,7,0,Mustang Geotherm,0,0,0
20110914,68317,URXE',OTC,0.04,0.04,12,0,Mustang Geotherm,0,0,0
20110915,68317,URXE',OTC,0.04,0.04,7,0,Mustang Geotherm,0,0,0
20110916,68317,URXE',OTC,0.04,0.04,0,0,Mustang Geotherm,0,0,0
20110919,68317,URXE',OTC,0.04,0.04,0,0,Mustang Geotherm,0,0,0
20110920,68317,URXE',OTC,0.04,0.04,1677,0,Mustang Geotherm,0,0,0
20110921,68317,URXE',OTC,0.04,0.04,220,0,Mustang Geotherm,0,0,0
20110922,68317,URXE',OTC,0.04,0.04,0,0,Mustang Geotherm,0,0,0
20110923,68317,URXE',OTC,0.04,0.04,5,0,Mustang Geotherm,0,0,0
20110926,68317,URXE',OTC,0.03,0.03,1679,0,Mustang Geotherm,0,0,0
20110927,68317,URXE',OTC,0.03,0.03,0,0,Mustang Geotherm,0,0,0
20110928,68317,URXE',OTC,0.02,0.02,2,0,Mustang Geotherm,0,0,0
20110929,68317,URXE',OTC,0.02,0.02,0,0,Mustang Geotherm,0,0,0
20110930,68317,URXE',OTC,0.03,0.03,300,0,Mustang Geotherm,0,0,0
20111003,68317,URXE',OTC,0.03,0.03,537,0,Mustang Geotherm,0,0,0
20111004,68317,URXE',OTC,0.03,0.03,3,0,Mustang Geotherm,0,0,0
20111005,68317,URXE',OTC,0.03,0.03,0,0,Mustang Geotherm,0,0,0
20111006,68317,URXE',OTC,0.03,0.03,141,0,Mustang Geotherm,0,0,0
20111007,68317,URXE',OTC,0.03,0.03,152,0,Mustang Geotherm,0,0,0
20111010,68317,URXE',OTC,0.03,0.03,1,0,Mustang Geotherm,0,0,0
20111011,68317,URXE',OTC,0.03,0.03,676,0,Mustang Geotherm,0,0,0
20111012,68317,URXE',OTC,0.03,0.03,0,0,Mustang Geotherm,0,0,0
20111013,68317,URXE',OTC,0.03,0.03,0,0,Mustang Geotherm,0,0,0
20111014,68317,URXE',OTC,0.03,0.03,0,0,Mustang Geotherm,0,0,0
20111017,68317,URXE',OTC,0.03,0.03,0,0,Mustang Geotherm,0,0,0
20111018,68317,URXE',OTC,0.04,0.04,2,0,Mustang Geotherm,0,0,0
20111019,68317,URXE',OTC,0.03,0.03,372,0,Mustang Geotherm,0,0,0
20111020,68317,URXE',OTC,0.03,0.03,0,0,Mustang Geotherm,0,0,0
20111021,68317,URXE',OTC,0.04,0.04,262,0,Mustang Geotherm,0,0,0
20111024,68317,URXE',OTC,0.03,0.03,25,0,Mustang Geotherm,0,0,0
20111025,68317,URXE',OTC,0.03,0.03,3,0,Mustang Geotherm,0,0,0
20111026,68317,URXE',OTC,0.04,0.04,112,0,Mustang Geotherm,0,0,0
20111027,68317,URXE',OTC,0.04,0.04,0,0,Mustang Geotherm,0,0,0
20111028,68317,URXE',OTC,0.04,0.04,5,0,Mustang Geotherm,0,0,0
20111031,68317,URXE',OTC,0.03,0.03,200,0,Mustang Geotherm,0,0,0
20111101,68317,URXE',OTC,0.04,0.04,103,0,Mustang Geotherm,0,0,0
20111102,68317,URXE',OTC,0.04,0.04,0,0,Mustang Geotherm,0,0,0
20111103,68317,URXE',OTC,0.03,0.03,2,0,Mustang Geotherm,0,0,0
20111104,68317,URXE',OTC,0.04,0.04,6,0,Mustang Geotherm,0,0,0
20111107,68317,URXE',OTC,0.04,0.04,0,0,Mustang Geotherm,0,0,0
20111108,68317,URXE',OTC,0.04,0.04,0,0,Mustang Geotherm,0,0,0
20111109,68317,URXE',OTC,0.04,0.04,0,0,Mustang Geotherm,0,0,0
20111110,68317,URXE',OTC,0.04,0.04,15,0,Mustang Geotherm,0,0,0
20111111,68317,URXE',OTC,0.04,0.04,2568,0,Mustang Geotherm,0,0,0
20111114,68317,URXE',OTC,0.03,0.03,430,0,Mustang Geotherm,0,0,0
20111115,68317,URXE',OTC,0.02,0.02,1,0,Mustang Geotherm,0,0,0
20111116,68317,URXE',OTC,0.03,0.03,10,0,Mustang Geotherm,0,0,0
20111117,68317,URXE',OTC,0.03,0.03,0,0,Mustang Geotherm,0,0,0
20111118,68317,URXE',OTC,0.03,0.03,0,0,Mustang Geotherm,0,0,0
20111121,68317,URXE',OTC,0.03,0.03,22,0,Mustang Geotherm,0,0,0
20111122,68317,URXE',OTC,0.03,0.03,1090,0,Mustang Geotherm,0,0,0
20111123,68317,URXE',OTC,0.03,0.03,0,0,Mustang Geotherm,0,0,0
20111125,68317,URXE',OTC,0.03,0.03,3,0,Mustang Geotherm,0,0,0
20111128,68317,URXE',OTC,0.02,0.02,64,0,Mustang Geotherm,0,0,0
20111129,68317,URXE',OTC,0.02,0.02,0,0,Mustang Geotherm,0,0,0
20111130,68317,URXE',OTC,0.02,0.02,55,0,Mustang Geotherm,0,0,0
20111201,68317,URXE',OTC,0.02,0.02,2860,0,Mustang Geotherm,0,0,0
20111202,68317,URXE',OTC,0.01,0.01,3105,0,Mustang Geotherm,0,0,0
20111205,68317,URXE',OTC,0.01,0.01,1617,0,Mustang Geotherm,0,0,0
20111206,68317,URXE',OTC,0.01,0.01,4579,0,Mustang Geotherm,0,0,0
20111207,68317,URXE',OTC,0.01,0.01,9743,0,Mustang Geotherm,0,0,0
20111208,68317,URXE',OTC,0.01,0.01,2563,0,Mustang Geotherm,0,0,0
20111209,68317,URXE',OTC,0.01,0.01,502,0,Mustang Geotherm,0,0,0
20111212,68317,URXE',OTC,0.01,0.01,5000,0,Mustang Geotherm,0,0,0
20111213,68317,URXE',OTC,0.01,0.01,5230,0,Mustang Geotherm,0,0,0
20111214,68317,URXE',OTC,0.01,0.01,3837,0,Mustang Geotherm,0,0,0
20111215,68317,URXE',OTC,0.01,0.01,10,0,Mustang Geotherm,0,0,0
20111216,68317,URXE',OTC,0.01,0.01,2,0,Mustang Geotherm,0,0,0
20111219,68317,URXE',OTC,0.01,0.01,706,0,Mustang Geotherm,0,0,0
20111220,68317,URXE',OTC,0.01,0.01,6018,0,Mustang Geotherm,0,0,0
20111221,68317,URXE',OTC,0.01,0.01,6619,0,Mustang Geotherm,0,0,0
20111222,68317,URXE',OTC,0.01,0.01,10808,0,Mustang Geotherm,0,0,0
