DDate,CSINumber,Symbol,Exchange,DClose,UnAdjustedClose,TotalVolume,Cash,MarketName,PTB,PSR,DPS
20060126,68392,ALTUQ',OTC,17,17,41895,0,Altus Pharmactls,0,0,0
20060127,68392,ALTUQ',OTC,18.5,18.5,6364,0,Altus Pharmactls,0,0,0
20060130,68392,ALTUQ',OTC,18.45,18.45,2135,0,Altus Pharmactls,0,0,0
20060131,68392,ALTUQ',OTC,18.55,18.55,974,0,Altus Pharmactls,0,0,0
20060201,68392,ALTUQ',OTC,18.7,18.7,510,0,Altus Pharmactls,0,0,0
20060202,68392,ALTUQ',OTC,19.8,19.8,1483,0,Altus Pharmactls,0,0,0
20060203,68392,ALTUQ',OTC,19.55,19.55,2430,0,Altus Pharmactls,0,0,0
20060206,68392,ALTUQ',OTC,19.24,19.24,520,0,Altus Pharmactls,0,0,0
20060207,68392,ALTUQ',OTC,19.38,19.38,2899,0,Altus Pharmactls,0,0,0
20060208,68392,ALTUQ',OTC,19.1,19.1,2238,0,Altus Pharmactls,0,0,0
20060209,68392,ALTUQ',OTC,19,19,1824,0,Altus Pharmactls,0,0,0
20060210,68392,ALTUQ',OTC,19.25,19.25,1887,0,Altus Pharmactls,0,0,0
20060213,68392,ALTUQ',OTC,18.91,18.91,748,0,Altus Pharmactls,0,0,0
20060214,68392,ALTUQ',OTC,18.95,18.95,662,0,Altus Pharmactls,0,0,0
20060215,68392,ALTUQ',OTC,19.01,19.01,556,0,Altus Pharmactls,0,0,0
20060216,68392,ALTUQ',OTC,19,19,463,0,Altus Pharmactls,0,0,0
20060217,68392,ALTUQ',OTC,18.85,18.85,478,0,Altus Pharmactls,0,0,0
20060221,68392,ALTUQ',OTC,19.12,19.12,999,0,Altus Pharmactls,0,0,0
20060222,68392,ALTUQ',OTC,19.25,19.25,575,0,Altus Pharmactls,0,0,0
20060223,68392,ALTUQ',OTC,20.45,20.45,1756,0,Altus Pharmactls,0,0,0
20060224,68392,ALTUQ',OTC,20.7,20.7,784,0,Altus Pharmactls,0,0,0
20060227,68392,ALTUQ',OTC,21,21,570,0,Altus Pharmactls,0,0,0
20060228,68392,ALTUQ',OTC,21,21,164,0,Altus Pharmactls,0,0,0
20060301,68392,ALTUQ',OTC,21.73,21.73,1147,0,Altus Pharmactls,0,0,0
20060302,68392,ALTUQ',OTC,22.22,22.22,2476,0,Altus Pharmactls,0,0,0
20060303,68392,ALTUQ',OTC,22.73,22.73,1246,0,Altus Pharmactls,0,0,0
20060306,68392,ALTUQ',OTC,23.41,23.41,741,0,Altus Pharmactls,0,0,0
20060307,68392,ALTUQ',OTC,23.05,23.05,413,0,Altus Pharmactls,0,0,0
20060308,68392,ALTUQ',OTC,22.94,22.94,1090,0,Altus Pharmactls,0,0,0
20060309,68392,ALTUQ',OTC,23.38,23.38,534,0,Altus Pharmactls,0,0,0
20060310,68392,ALTUQ',OTC,23.87,23.87,477,0,Altus Pharmactls,0,0,0
20060313,68392,ALTUQ',OTC,24.2,24.2,423,0,Altus Pharmactls,0,0,0
20060314,68392,ALTUQ',OTC,24.36,24.36,302,0,Altus Pharmactls,0,0,0
20060315,68392,ALTUQ',OTC,24.66,24.66,1421,0,Altus Pharmactls,0,0,0
20060316,68392,ALTUQ',OTC,24.85,24.85,2676,0,Altus Pharmactls,0,0,0
20060317,68392,ALTUQ',OTC,25.25,25.25,925,0,Altus Pharmactls,0,0,0
20060320,68392,ALTUQ',OTC,25.12,25.12,1626,0,Altus Pharmactls,0,0,0
20060321,68392,ALTUQ',OTC,25.11,25.11,2059,0,Altus Pharmactls,0,0,0
20060322,68392,ALTUQ',OTC,24.85,24.85,1033,0,Altus Pharmactls,0,0,0
20060323,68392,ALTUQ',OTC,23.31,23.31,4235,0,Altus Pharmactls,0,0,0
20060324,68392,ALTUQ',OTC,23.3,23.3,2648,0,Altus Pharmactls,0,0,0
20060327,68392,ALTUQ',OTC,22.95,22.95,516,0,Altus Pharmactls,0,0,0
20060328,68392,ALTUQ',OTC,22.7,22.7,1460,0,Altus Pharmactls,0,0,0
20060329,68392,ALTUQ',OTC,22.44,22.44,1714,0,Altus Pharmactls,0,0,0
20060330,68392,ALTUQ',OTC,22.34,22.34,537,0,Altus Pharmactls,0,0,0
20060331,68392,ALTUQ',OTC,21.93,21.93,4402,0,Altus Pharmactls,0,0,0
20060403,68392,ALTUQ',OTC,22.09,22.09,1297,0,Altus Pharmactls,0,0,0
20060404,68392,ALTUQ',OTC,21.64,21.64,1286,0,Altus Pharmactls,0,0,0
20060405,68392,ALTUQ',OTC,21.94,21.94,515,0,Altus Pharmactls,0,0,0
20060406,68392,ALTUQ',OTC,22.03,22.03,860,0,Altus Pharmactls,0,0,0
20060407,68392,ALTUQ',OTC,21.76,21.76,668,0,Altus Pharmactls,0,0,0
20060410,68392,ALTUQ',OTC,21.47,21.47,895,0,Altus Pharmactls,0,0,0
20060411,68392,ALTUQ',OTC,20.88,20.88,1009,0,Altus Pharmactls,0,0,0
20060412,68392,ALTUQ',OTC,21.39,21.39,584,0,Altus Pharmactls,0,0,0
20060413,68392,ALTUQ',OTC,21.29,21.29,1028,0,Altus Pharmactls,0,0,0
20060417,68392,ALTUQ',OTC,21,21,725,0,Altus Pharmactls,0,0,0
20060418,68392,ALTUQ',OTC,21.33,21.33,649,0,Altus Pharmactls,0,0,0
20060419,68392,ALTUQ',OTC,20.99,20.99,1855,0,Altus Pharmactls,0,0,0
20060420,68392,ALTUQ',OTC,22.01,22.01,1980,0,Altus Pharmactls,0,0,0
20060421,68392,ALTUQ',OTC,22.69,22.69,678,0,Altus Pharmactls,0,0,0
20060424,68392,ALTUQ',OTC,22.75,22.75,861,0,Altus Pharmactls,0,0,0
20060425,68392,ALTUQ',OTC,22.49,22.49,540,0,Altus Pharmactls,0,0,0
20060426,68392,ALTUQ',OTC,22.27,22.27,991,0,Altus Pharmactls,0,0,0
20060427,68392,ALTUQ',OTC,22,22,789,0,Altus Pharmactls,0,0,0
20060428,68392,ALTUQ',OTC,21.84,21.84,356,0,Altus Pharmactls,0,0,0
20060501,68392,ALTUQ',OTC,22.11,22.11,561,0,Altus Pharmactls,0,0,0
20060502,68392,ALTUQ',OTC,22.08,22.08,492,0,Altus Pharmactls,0,0,0
20060503,68392,ALTUQ',OTC,21.75,21.75,1684,0,Altus Pharmactls,0,0,0
20060504,68392,ALTUQ',OTC,21.75,21.75,605,0,Altus Pharmactls,0,0,0
20060505,68392,ALTUQ',OTC,22.6,22.6,695,0,Altus Pharmactls,0,0,0
20060508,68392,ALTUQ',OTC,22.03,22.03,948,0,Altus Pharmactls,0,0,0
20060509,68392,ALTUQ',OTC,22,22,769,0,Altus Pharmactls,0,0,0
20060510,68392,ALTUQ',OTC,22.12,22.12,535,0,Altus Pharmactls,0,0,0
20060511,68392,ALTUQ',OTC,21.33,21.33,1444,0,Altus Pharmactls,0,0,0
20060512,68392,ALTUQ',OTC,20.59,20.59,829,0,Altus Pharmactls,0,0,0
20060515,68392,ALTUQ',OTC,20,20,1210,0,Altus Pharmactls,0,0,0
20060516,68392,ALTUQ',OTC,19.76,19.76,581,0,Altus Pharmactls,0,0,0
20060517,68392,ALTUQ',OTC,19.72,19.72,1340,0,Altus Pharmactls,0,0,0
20060518,68392,ALTUQ',OTC,18.78,18.78,722,0,Altus Pharmactls,0,0,0
20060519,68392,ALTUQ',OTC,18.13,18.13,1923,0,Altus Pharmactls,0,0,0
20060522,68392,ALTUQ',OTC,18.44,18.44,1415,0,Altus Pharmactls,0,0,0
20060523,68392,ALTUQ',OTC,18.5,18.5,474,0,Altus Pharmactls,0,0,0
20060524,68392,ALTUQ',OTC,19.2,19.2,742,0,Altus Pharmactls,0,0,0
20060525,68392,ALTUQ',OTC,19.52,19.52,688,0,Altus Pharmactls,0,0,0
20060526,68392,ALTUQ',OTC,19.21,19.21,4875,0,Altus Pharmactls,0,0,0
20060530,68392,ALTUQ',OTC,18.77,18.77,1228,0,Altus Pharmactls,0,0,0
20060531,68392,ALTUQ',OTC,18.78,18.78,2068,0,Altus Pharmactls,0,0,0
20060601,68392,ALTUQ',OTC,19.45,19.45,658,0,Altus Pharmactls,0,0,0
20060602,68392,ALTUQ',OTC,19.98,19.98,392,0,Altus Pharmactls,0,0,0
20060605,68392,ALTUQ',OTC,19.76,19.76,392,0,Altus Pharmactls,0,0,0
20060606,68392,ALTUQ',OTC,19.41,19.41,714,0,Altus Pharmactls,0,0,0
20060607,68392,ALTUQ',OTC,19.81,19.81,227,0,Altus Pharmactls,0,0,0
20060608,68392,ALTUQ',OTC,19.15,19.15,822,0,Altus Pharmactls,0,0,0
20060609,68392,ALTUQ',OTC,19.08,19.08,4252,0,Altus Pharmactls,0,0,0
20060612,68392,ALTUQ',OTC,19.02,19.02,5577,0,Altus Pharmactls,0,0,0
20060613,68392,ALTUQ',OTC,18.77,18.77,1742,0,Altus Pharmactls,0,0,0
20060614,68392,ALTUQ',OTC,19.39,19.39,1327,0,Altus Pharmactls,0,0,0
20060615,68392,ALTUQ',OTC,18.3,18.3,3790,0,Altus Pharmactls,0,0,0
20060616,68392,ALTUQ',OTC,17.78,17.78,2074,0,Altus Pharmactls,0,0,0
20060619,68392,ALTUQ',OTC,17.51,17.51,815,0,Altus Pharmactls,0,0,0
20060620,68392,ALTUQ',OTC,17.53,17.53,407,0,Altus Pharmactls,0,0,0
20060621,68392,ALTUQ',OTC,17.48,17.48,846,0,Altus Pharmactls,0,0,0
20060622,68392,ALTUQ',OTC,16.68,16.68,459,0,Altus Pharmactls,0,0,0
20060623,68392,ALTUQ',OTC,17.67,17.67,1889,0,Altus Pharmactls,0,0,0
20060626,68392,ALTUQ',OTC,17.73,17.73,973,0,Altus Pharmactls,0,0,0
20060627,68392,ALTUQ',OTC,17.6,17.6,1292,0,Altus Pharmactls,0,0,0
20060628,68392,ALTUQ',OTC,17.55,17.55,2167,0,Altus Pharmactls,0,0,0
20060629,68392,ALTUQ',OTC,18.68,18.68,841,0,Altus Pharmactls,0,0,0
20060630,68392,ALTUQ',OTC,18.45,18.45,3155,0,Altus Pharmactls,0,0,0
20060703,68392,ALTUQ',OTC,18.98,18.98,661,0,Altus Pharmactls,0,0,0
20060705,68392,ALTUQ',OTC,18.09,18.09,649,0,Altus Pharmactls,0,0,0
20060706,68392,ALTUQ',OTC,17.86,17.86,298,0,Altus Pharmactls,0,0,0
20060707,68392,ALTUQ',OTC,17.23,17.23,255,0,Altus Pharmactls,0,0,0
20060710,68392,ALTUQ',OTC,16.9,16.9,391,0,Altus Pharmactls,0,0,0
20060711,68392,ALTUQ',OTC,16.65,16.65,879,0,Altus Pharmactls,0,0,0
20060712,68392,ALTUQ',OTC,16.38,16.38,1121,0,Altus Pharmactls,0,0,0
20060713,68392,ALTUQ',OTC,15.7,15.7,4205,0,Altus Pharmactls,0,0,0
20060714,68392,ALTUQ',OTC,15.36,15.36,468,0,Altus Pharmactls,0,0,0
20060717,68392,ALTUQ',OTC,15.86,15.86,1709,0,Altus Pharmactls,0,0,0
20060718,68392,ALTUQ',OTC,15.55,15.55,1396,0,Altus Pharmactls,0,0,0
20060719,68392,ALTUQ',OTC,16.42,16.42,365,0,Altus Pharmactls,0,0,0
20060720,68392,ALTUQ',OTC,16.49,16.49,264,0,Altus Pharmactls,0,0,0
20060721,68392,ALTUQ',OTC,16.59,16.59,455,0,Altus Pharmactls,0,0,0
20060724,68392,ALTUQ',OTC,17.37,17.37,3661,0,Altus Pharmactls,0,0,0
20060725,68392,ALTUQ',OTC,12.79,12.79,19777,0,Altus Pharmactls,0,0,0
20060726,68392,ALTUQ',OTC,13.27,13.27,1713,0,Altus Pharmactls,0,0,0
20060727,68392,ALTUQ',OTC,13.25,13.25,534,0,Altus Pharmactls,0,0,0
20060728,68392,ALTUQ',OTC,14.12,14.12,969,0,Altus Pharmactls,0,0,0
20060731,68392,ALTUQ',OTC,14.28,14.28,253,0,Altus Pharmactls,0,0,0
20060801,68392,ALTUQ',OTC,13.78,13.78,1852,0,Altus Pharmactls,0,0,0
20060802,68392,ALTUQ',OTC,13.74,13.74,390,0,Altus Pharmactls,0,0,0
20060803,68392,ALTUQ',OTC,13.61,13.61,657,0,Altus Pharmactls,0,0,0
20060804,68392,ALTUQ',OTC,13.14,13.14,715,0,Altus Pharmactls,0,0,0
20060807,68392,ALTUQ',OTC,13.04,13.04,627,0,Altus Pharmactls,0,0,0
20060808,68392,ALTUQ',OTC,12.58,12.58,1026,0,Altus Pharmactls,0,0,0
20060809,68392,ALTUQ',OTC,12.9,12.9,628,0,Altus Pharmactls,0,0,0
20060810,68392,ALTUQ',OTC,12.71,12.71,533,0,Altus Pharmactls,0,0,0
20060811,68392,ALTUQ',OTC,12.5,12.5,583,0,Altus Pharmactls,0,0,0
20060814,68392,ALTUQ',OTC,12.82,12.82,1074,0,Altus Pharmactls,0,0,0
20060815,68392,ALTUQ',OTC,12.94,12.94,1288,0,Altus Pharmactls,0,0,0
20060816,68392,ALTUQ',OTC,13,13,1225,0,Altus Pharmactls,0,0,0
20060817,68392,ALTUQ',OTC,13.79,13.79,909,0,Altus Pharmactls,0,0,0
20060818,68392,ALTUQ',OTC,13.82,13.82,188,0,Altus Pharmactls,0,0,0
20060821,68392,ALTUQ',OTC,13.95,13.95,238,0,Altus Pharmactls,0,0,0
20060822,68392,ALTUQ',OTC,14.45,14.45,1229,0,Altus Pharmactls,0,0,0
20060823,68392,ALTUQ',OTC,14.38,14.38,1056,0,Altus Pharmactls,0,0,0
20060824,68392,ALTUQ',OTC,14.1,14.1,430,0,Altus Pharmactls,0,0,0
20060825,68392,ALTUQ',OTC,14.51,14.51,401,0,Altus Pharmactls,0,0,0
20060828,68392,ALTUQ',OTC,14.44,14.44,225,0,Altus Pharmactls,0,0,0
20060829,68392,ALTUQ',OTC,14.48,14.48,463,0,Altus Pharmactls,0,0,0
20060830,68392,ALTUQ',OTC,14.38,14.38,633,0,Altus Pharmactls,0,0,0
20060831,68392,ALTUQ',OTC,14.52,14.52,527,0,Altus Pharmactls,0,0,0
20060901,68392,ALTUQ',OTC,14.6,14.6,451,0,Altus Pharmactls,0,0,0
20060905,68392,ALTUQ',OTC,14.77,14.77,328,0,Altus Pharmactls,0,0,0
20060906,68392,ALTUQ',OTC,14.8,14.8,384,0,Altus Pharmactls,0,0,0
20060907,68392,ALTUQ',OTC,14.81,14.81,300,0,Altus Pharmactls,0,0,0
20060908,68392,ALTUQ',OTC,15,15,181,0,Altus Pharmactls,0,0,0
20060911,68392,ALTUQ',OTC,15.24,15.24,416,0,Altus Pharmactls,0,0,0
20060912,68392,ALTUQ',OTC,15.47,15.47,628,0,Altus Pharmactls,0,0,0
20060913,68392,ALTUQ',OTC,15.59,15.59,562,0,Altus Pharmactls,0,0,0
20060914,68392,ALTUQ',OTC,15.44,15.44,586,0,Altus Pharmactls,0,0,0
20060915,68392,ALTUQ',OTC,15.84,15.84,602,0,Altus Pharmactls,0,0,0
20060918,68392,ALTUQ',OTC,15.71,15.71,204,0,Altus Pharmactls,0,0,0
20060919,68392,ALTUQ',OTC,15.97,15.97,888,0,Altus Pharmactls,0,0,0
20060920,68392,ALTUQ',OTC,16.4,16.4,1663,0,Altus Pharmactls,0,0,0
20060921,68392,ALTUQ',OTC,16.46,16.46,946,0,Altus Pharmactls,0,0,0
20060922,68392,ALTUQ',OTC,16.35,16.35,364,0,Altus Pharmactls,0,0,0
20060925,68392,ALTUQ',OTC,16.36,16.36,548,0,Altus Pharmactls,0,0,0
20060926,68392,ALTUQ',OTC,16.39,16.39,417,0,Altus Pharmactls,0,0,0
20060927,68392,ALTUQ',OTC,16.22,16.22,802,0,Altus Pharmactls,0,0,0
20060928,68392,ALTUQ',OTC,16.3,16.3,745,0,Altus Pharmactls,0,0,0
20060929,68392,ALTUQ',OTC,15.97,15.97,637,0,Altus Pharmactls,0,0,0
20061002,68392,ALTUQ',OTC,16.4,16.4,658,0,Altus Pharmactls,0,0,0
20061003,68392,ALTUQ',OTC,16.25,16.25,305,0,Altus Pharmactls,0,0,0
20061004,68392,ALTUQ',OTC,16.73,16.73,409,0,Altus Pharmactls,0,0,0
20061005,68392,ALTUQ',OTC,16.6,16.6,381,0,Altus Pharmactls,0,0,0
20061006,68392,ALTUQ',OTC,16.2,16.2,806,0,Altus Pharmactls,0,0,0
20061009,68392,ALTUQ',OTC,16,16,695,0,Altus Pharmactls,0,0,0
20061010,68392,ALTUQ',OTC,15.77,15.77,144,0,Altus Pharmactls,0,0,0
20061011,68392,ALTUQ',OTC,15.56,15.56,593,0,Altus Pharmactls,0,0,0
20061012,68392,ALTUQ',OTC,16.44,16.44,586,0,Altus Pharmactls,0,0,0
20061013,68392,ALTUQ',OTC,16.5,16.5,370,0,Altus Pharmactls,0,0,0
20061016,68392,ALTUQ',OTC,16.59,16.59,535,0,Altus Pharmactls,0,0,0
20061017,68392,ALTUQ',OTC,16.94,16.94,474,0,Altus Pharmactls,0,0,0
20061018,68392,ALTUQ',OTC,17.34,17.34,343,0,Altus Pharmactls,0,0,0
20061019,68392,ALTUQ',OTC,18.46,18.46,1812,0,Altus Pharmactls,0,0,0
20061020,68392,ALTUQ',OTC,17.84,17.84,776,0,Altus Pharmactls,0,0,0
20061023,68392,ALTUQ',OTC,17.29,17.29,436,0,Altus Pharmactls,0,0,0
20061024,68392,ALTUQ',OTC,16.79,16.79,454,0,Altus Pharmactls,0,0,0
20061025,68392,ALTUQ',OTC,16.77,16.77,304,0,Altus Pharmactls,0,0,0
20061026,68392,ALTUQ',OTC,16.95,16.95,293,0,Altus Pharmactls,0,0,0
20061027,68392,ALTUQ',OTC,16.74,16.74,196,0,Altus Pharmactls,0,0,0
20061030,68392,ALTUQ',OTC,16.87,16.87,232,0,Altus Pharmactls,0,0,0
20061031,68392,ALTUQ',OTC,16.48,16.48,659,0,Altus Pharmactls,0,0,0
20061101,68392,ALTUQ',OTC,16.02,16.02,928,0,Altus Pharmactls,0,0,0
20061102,68392,ALTUQ',OTC,16.27,16.27,566,0,Altus Pharmactls,0,0,0
20061103,68392,ALTUQ',OTC,16.45,16.45,604,0,Altus Pharmactls,0,0,0
20061106,68392,ALTUQ',OTC,16.95,16.95,354,0,Altus Pharmactls,0,0,0
20061107,68392,ALTUQ',OTC,16.67,16.67,1589,0,Altus Pharmactls,0,0,0
20061108,68392,ALTUQ',OTC,17.08,17.08,740,0,Altus Pharmactls,0,0,0
20061109,68392,ALTUQ',OTC,17.08,17.08,430,0,Altus Pharmactls,0,0,0
20061110,68392,ALTUQ',OTC,17.17,17.17,208,0,Altus Pharmactls,0,0,0
20061113,68392,ALTUQ',OTC,17.06,17.06,529,0,Altus Pharmactls,0,0,0
20061114,68392,ALTUQ',OTC,17.27,17.27,362,0,Altus Pharmactls,0,0,0
20061115,68392,ALTUQ',OTC,18.59,18.59,2335,0,Altus Pharmactls,0,0,0
20061116,68392,ALTUQ',OTC,19.17,19.17,912,0,Altus Pharmactls,0,0,0
20061117,68392,ALTUQ',OTC,18.88,18.88,2118,0,Altus Pharmactls,0,0,0
20061120,68392,ALTUQ',OTC,19.27,19.27,2323,0,Altus Pharmactls,0,0,0
20061121,68392,ALTUQ',OTC,19.07,19.07,1224,0,Altus Pharmactls,0,0,0
20061122,68392,ALTUQ',OTC,18.85,18.85,630,0,Altus Pharmactls,0,0,0
20061124,68392,ALTUQ',OTC,18.74,18.74,86,0,Altus Pharmactls,0,0,0
20061127,68392,ALTUQ',OTC,18.03,18.03,929,0,Altus Pharmactls,0,0,0
20061128,68392,ALTUQ',OTC,18,18,405,0,Altus Pharmactls,0,0,0
20061129,68392,ALTUQ',OTC,18.49,18.49,460,0,Altus Pharmactls,0,0,0
20061130,68392,ALTUQ',OTC,18.31,18.31,791,0,Altus Pharmactls,0,0,0
20061201,68392,ALTUQ',OTC,17.93,17.93,1081,0,Altus Pharmactls,0,0,0
20061204,68392,ALTUQ',OTC,18.4,18.4,1821,0,Altus Pharmactls,0,0,0
20061205,68392,ALTUQ',OTC,18.76,18.76,2312,0,Altus Pharmactls,0,0,0
20061206,68392,ALTUQ',OTC,19,19,3328,0,Altus Pharmactls,0,0,0
20061207,68392,ALTUQ',OTC,18.85,18.85,507,0,Altus Pharmactls,0,0,0
20061208,68392,ALTUQ',OTC,19.03,19.03,386,0,Altus Pharmactls,0,0,0
20061211,68392,ALTUQ',OTC,19.21,19.21,773,0,Altus Pharmactls,0,0,0
20061212,68392,ALTUQ',OTC,19.33,19.33,1032,0,Altus Pharmactls,0,0,0
20061213,68392,ALTUQ',OTC,19.41,19.41,772,0,Altus Pharmactls,0,0,0
20061214,68392,ALTUQ',OTC,19.75,19.75,1886,0,Altus Pharmactls,0,0,0
20061215,68392,ALTUQ',OTC,19.46,19.46,786,0,Altus Pharmactls,0,0,0
20061218,68392,ALTUQ',OTC,19.24,19.24,636,0,Altus Pharmactls,0,0,0
20061219,68392,ALTUQ',OTC,18.98,18.98,1352,0,Altus Pharmactls,0,0,0
20061220,68392,ALTUQ',OTC,20.32,20.32,4851,0,Altus Pharmactls,0,0,0
20061221,68392,ALTUQ',OTC,19.76,19.76,1167,0,Altus Pharmactls,0,0,0
20061222,68392,ALTUQ',OTC,19.78,19.78,2030,0,Altus Pharmactls,0,0,0
20061226,68392,ALTUQ',OTC,20.07,20.07,788,0,Altus Pharmactls,0,0,0
20061227,68392,ALTUQ',OTC,19.59,19.59,509,0,Altus Pharmactls,0,0,0
20061228,68392,ALTUQ',OTC,19.26,19.26,1330,0,Altus Pharmactls,0,0,0
20061229,68392,ALTUQ',OTC,18.85,18.85,448,0,Altus Pharmactls,0,0,0
20070103,68392,ALTUQ',OTC,19.19,19.19,2713,0,Altus Pharmactls,0,0,0
20070104,68392,ALTUQ',OTC,19.51,19.51,1157,0,Altus Pharmactls,0,0,0
20070105,68392,ALTUQ',OTC,19.58,19.58,3511,0,Altus Pharmactls,0,0,0
20070108,68392,ALTUQ',OTC,19.24,19.24,859,0,Altus Pharmactls,0,0,0
20070109,68392,ALTUQ',OTC,18.94,18.94,1028,0,Altus Pharmactls,0,0,0
20070110,68392,ALTUQ',OTC,19.01,19.01,1003,0,Altus Pharmactls,0,0,0
20070111,68392,ALTUQ',OTC,19.19,19.19,580,0,Altus Pharmactls,0,0,0
20070112,68392,ALTUQ',OTC,19.54,19.54,570,0,Altus Pharmactls,0,0,0
20070116,68392,ALTUQ',OTC,19.05,19.05,953,0,Altus Pharmactls,0,0,0
20070117,68392,ALTUQ',OTC,19.07,19.07,1526,0,Altus Pharmactls,0,0,0
20070118,68392,ALTUQ',OTC,18.53,18.53,260,0,Altus Pharmactls,0,0,0
20070119,68392,ALTUQ',OTC,19.38,19.38,889,0,Altus Pharmactls,0,0,0
20070122,68392,ALTUQ',OTC,18.83,18.83,1063,0,Altus Pharmactls,0,0,0
20070123,68392,ALTUQ',OTC,19.02,19.02,878,0,Altus Pharmactls,0,0,0
20070124,68392,ALTUQ',OTC,19.56,19.56,850,0,Altus Pharmactls,0,0,0
20070125,68392,ALTUQ',OTC,19.59,19.59,1433,0,Altus Pharmactls,0,0,0
20070126,68392,ALTUQ',OTC,18.94,18.94,1675,0,Altus Pharmactls,0,0,0
20070129,68392,ALTUQ',OTC,18.91,18.91,642,0,Altus Pharmactls,0,0,0
20070130,68392,ALTUQ',OTC,18.5,18.5,1287,0,Altus Pharmactls,0,0,0
20070131,68392,ALTUQ',OTC,18.22,18.22,929,0,Altus Pharmactls,0,0,0
20070201,68392,ALTUQ',OTC,18.41,18.41,524,0,Altus Pharmactls,0,0,0
20070202,68392,ALTUQ',OTC,18.45,18.45,403,0,Altus Pharmactls,0,0,0
20070205,68392,ALTUQ',OTC,18.03,18.03,515,0,Altus Pharmactls,0,0,0
20070206,68392,ALTUQ',OTC,18.11,18.11,297,0,Altus Pharmactls,0,0,0
20070207,68392,ALTUQ',OTC,18.35,18.35,582,0,Altus Pharmactls,0,0,0
20070208,68392,ALTUQ',OTC,18.31,18.31,1586,0,Altus Pharmactls,0,0,0
20070209,68392,ALTUQ',OTC,18.29,18.29,2630,0,Altus Pharmactls,0,0,0
20070212,68392,ALTUQ',OTC,18.27,18.27,1851,0,Altus Pharmactls,0,0,0
20070213,68392,ALTUQ',OTC,17.97,17.97,740,0,Altus Pharmactls,0,0,0
20070214,68392,ALTUQ',OTC,17.93,17.93,479,0,Altus Pharmactls,0,0,0
20070215,68392,ALTUQ',OTC,17.68,17.68,489,0,Altus Pharmactls,0,0,0
20070216,68392,ALTUQ',OTC,17.5,17.5,347,0,Altus Pharmactls,0,0,0
20070220,68392,ALTUQ',OTC,17.43,17.43,248,0,Altus Pharmactls,0,0,0
20070221,68392,ALTUQ',OTC,17.25,17.25,219,0,Altus Pharmactls,0,0,0
20070222,68392,ALTUQ',OTC,17.49,17.49,505,0,Altus Pharmactls,0,0,0
20070223,68392,ALTUQ',OTC,17.49,17.49,415,0,Altus Pharmactls,0,0,0
20070226,68392,ALTUQ',OTC,16.97,16.97,814,0,Altus Pharmactls,0,0,0
20070227,68392,ALTUQ',OTC,16.78,16.78,2024,0,Altus Pharmactls,0,0,0
20070228,68392,ALTUQ',OTC,16.33,16.33,956,0,Altus Pharmactls,0,0,0
20070301,68392,ALTUQ',OTC,15.37,15.37,933,0,Altus Pharmactls,0,0,0
20070302,68392,ALTUQ',OTC,14.24,14.24,2282,0,Altus Pharmactls,0,0,0
20070305,68392,ALTUQ',OTC,14.35,14.35,1816,0,Altus Pharmactls,0,0,0
20070306,68392,ALTUQ',OTC,15.61,15.61,1212,0,Altus Pharmactls,0,0,0
20070307,68392,ALTUQ',OTC,15.51,15.51,1148,0,Altus Pharmactls,0,0,0
20070308,68392,ALTUQ',OTC,15.64,15.64,1020,0,Altus Pharmactls,0,0,0
20070309,68392,ALTUQ',OTC,15.7,15.7,512,0,Altus Pharmactls,0,0,0
20070312,68392,ALTUQ',OTC,15.23,15.23,1741,0,Altus Pharmactls,0,0,0
20070313,68392,ALTUQ',OTC,14.53,14.53,1034,0,Altus Pharmactls,0,0,0
20070314,68392,ALTUQ',OTC,14.28,14.28,793,0,Altus Pharmactls,0,0,0
20070315,68392,ALTUQ',OTC,14.58,14.58,1756,0,Altus Pharmactls,0,0,0
20070316,68392,ALTUQ',OTC,14.81,14.81,1778,0,Altus Pharmactls,0,0,0
20070319,68392,ALTUQ',OTC,14.91,14.91,1154,0,Altus Pharmactls,0,0,0
20070320,68392,ALTUQ',OTC,15.02,15.02,708,0,Altus Pharmactls,0,0,0
20070321,68392,ALTUQ',OTC,15.46,15.46,2087,0,Altus Pharmactls,0,0,0
20070322,68392,ALTUQ',OTC,16.13,16.13,2208,0,Altus Pharmactls,0,0,0
20070323,68392,ALTUQ',OTC,15.86,15.86,1408,0,Altus Pharmactls,0,0,0
20070326,68392,ALTUQ',OTC,15.62,15.62,645,0,Altus Pharmactls,0,0,0
20070327,68392,ALTUQ',OTC,14.94,14.94,637,0,Altus Pharmactls,0,0,0
20070328,68392,ALTUQ',OTC,15.59,15.59,1370,0,Altus Pharmactls,0,0,0
20070329,68392,ALTUQ',OTC,15.11,15.11,1101,0,Altus Pharmactls,0,0,0
20070330,68392,ALTUQ',OTC,15.22,15.22,1958,0,Altus Pharmactls,0,0,0
20070402,68392,ALTUQ',OTC,15.18,15.18,1466,0,Altus Pharmactls,0,0,0
20070403,68392,ALTUQ',OTC,15.26,15.26,1222,0,Altus Pharmactls,0,0,0
20070404,68392,ALTUQ',OTC,15.62,15.62,2987,0,Altus Pharmactls,0,0,0
20070405,68392,ALTUQ',OTC,15.24,15.24,1987,0,Altus Pharmactls,0,0,0
20070409,68392,ALTUQ',OTC,14.98,14.98,1002,0,Altus Pharmactls,0,0,0
20070410,68392,ALTUQ',OTC,15.01,15.01,1762,0,Altus Pharmactls,0,0,0
20070411,68392,ALTUQ',OTC,15.06,15.06,447,0,Altus Pharmactls,0,0,0
20070412,68392,ALTUQ',OTC,14.89,14.89,916,0,Altus Pharmactls,0,0,0
20070413,68392,ALTUQ',OTC,14.81,14.81,757,0,Altus Pharmactls,0,0,0
20070416,68392,ALTUQ',OTC,14.91,14.91,1161,0,Altus Pharmactls,0,0,0
20070417,68392,ALTUQ',OTC,14.73,14.73,469,0,Altus Pharmactls,0,0,0
20070418,68392,ALTUQ',OTC,15.01,15.01,1801,0,Altus Pharmactls,0,0,0
20070419,68392,ALTUQ',OTC,14.53,14.53,14936,0,Altus Pharmactls,0,0,0
20070420,68392,ALTUQ',OTC,14.57,14.57,3080,0,Altus Pharmactls,0,0,0
20070423,68392,ALTUQ',OTC,14.5,14.5,1122,0,Altus Pharmactls,0,0,0
20070424,68392,ALTUQ',OTC,14.57,14.57,1437,0,Altus Pharmactls,0,0,0
20070425,68392,ALTUQ',OTC,15.18,15.18,2564,0,Altus Pharmactls,0,0,0
20070426,68392,ALTUQ',OTC,15.5,15.5,1271,0,Altus Pharmactls,0,0,0
20070427,68392,ALTUQ',OTC,15.7,15.7,1570,0,Altus Pharmactls,0,0,0
20070430,68392,ALTUQ',OTC,14.81,14.81,3101,0,Altus Pharmactls,0,0,0
20070501,68392,ALTUQ',OTC,14.44,14.44,5858,0,Altus Pharmactls,0,0,0
20070502,68392,ALTUQ',OTC,14.68,14.68,1881,0,Altus Pharmactls,0,0,0
20070503,68392,ALTUQ',OTC,14.01,14.01,1659,0,Altus Pharmactls,0,0,0
20070504,68392,ALTUQ',OTC,13.84,13.84,2273,0,Altus Pharmactls,0,0,0
20070507,68392,ALTUQ',OTC,14.14,14.14,1747,0,Altus Pharmactls,0,0,0
20070508,68392,ALTUQ',OTC,13.7,13.7,1514,0,Altus Pharmactls,0,0,0
20070509,68392,ALTUQ',OTC,13.88,13.88,917,0,Altus Pharmactls,0,0,0
20070510,68392,ALTUQ',OTC,13.66,13.66,1716,0,Altus Pharmactls,0,0,0
20070511,68392,ALTUQ',OTC,13.58,13.58,1527,0,Altus Pharmactls,0,0,0
20070514,68392,ALTUQ',OTC,12.99,12.99,1631,0,Altus Pharmactls,0,0,0
20070515,68392,ALTUQ',OTC,12.8,12.8,2037,0,Altus Pharmactls,0,0,0
20070516,68392,ALTUQ',OTC,13,13,1815,0,Altus Pharmactls,0,0,0
20070517,68392,ALTUQ',OTC,12.76,12.76,947,0,Altus Pharmactls,0,0,0
20070518,68392,ALTUQ',OTC,12.77,12.77,1600,0,Altus Pharmactls,0,0,0
20070521,68392,ALTUQ',OTC,12.96,12.96,1101,0,Altus Pharmactls,0,0,0
20070522,68392,ALTUQ',OTC,12.65,12.65,1559,0,Altus Pharmactls,0,0,0
20070523,68392,ALTUQ',OTC,13.03,13.03,5994,0,Altus Pharmactls,0,0,0
20070524,68392,ALTUQ',OTC,13.1,13.1,1832,0,Altus Pharmactls,0,0,0
20070525,68392,ALTUQ',OTC,13.1,13.1,1669,0,Altus Pharmactls,0,0,0
20070529,68392,ALTUQ',OTC,13.44,13.44,1253,0,Altus Pharmactls,0,0,0
20070530,68392,ALTUQ',OTC,13.31,13.31,1247,0,Altus Pharmactls,0,0,0
20070531,68392,ALTUQ',OTC,13.52,13.52,2883,0,Altus Pharmactls,0,0,0
20070601,68392,ALTUQ',OTC,13.83,13.83,2280,0,Altus Pharmactls,0,0,0
20070604,68392,ALTUQ',OTC,13.31,13.31,957,0,Altus Pharmactls,0,0,0
20070605,68392,ALTUQ',OTC,13.26,13.26,655,0,Altus Pharmactls,0,0,0
20070606,68392,ALTUQ',OTC,13.01,13.01,775,0,Altus Pharmactls,0,0,0
20070607,68392,ALTUQ',OTC,12.6,12.6,1640,0,Altus Pharmactls,0,0,0
20070608,68392,ALTUQ',OTC,12.4,12.4,1508,0,Altus Pharmactls,0,0,0
20070611,68392,ALTUQ',OTC,12.25,12.25,1119,0,Altus Pharmactls,0,0,0
20070612,68392,ALTUQ',OTC,11.99,11.99,1587,0,Altus Pharmactls,0,0,0
20070613,68392,ALTUQ',OTC,12.25,12.25,1012,0,Altus Pharmactls,0,0,0
20070614,68392,ALTUQ',OTC,12.18,12.18,806,0,Altus Pharmactls,0,0,0
20070615,68392,ALTUQ',OTC,12.51,12.51,1389,0,Altus Pharmactls,0,0,0
20070618,68392,ALTUQ',OTC,12.5,12.5,1243,0,Altus Pharmactls,0,0,0
20070619,68392,ALTUQ',OTC,12.43,12.43,1679,0,Altus Pharmactls,0,0,0
20070620,68392,ALTUQ',OTC,12.36,12.36,2238,0,Altus Pharmactls,0,0,0
20070621,68392,ALTUQ',OTC,12.38,12.38,1929,0,Altus Pharmactls,0,0,0
20070622,68392,ALTUQ',OTC,11.86,11.86,11668,0,Altus Pharmactls,0,0,0
20070625,68392,ALTUQ',OTC,11.38,11.38,3168,0,Altus Pharmactls,0,0,0
20070626,68392,ALTUQ',OTC,11.64,11.64,2151,0,Altus Pharmactls,0,0,0
20070627,68392,ALTUQ',OTC,11.85,11.85,1654,0,Altus Pharmactls,0,0,0
20070628,68392,ALTUQ',OTC,11.88,11.88,2078,0,Altus Pharmactls,0,0,0
20070629,68392,ALTUQ',OTC,11.54,11.54,789,0,Altus Pharmactls,0,0,0
20070702,68392,ALTUQ',OTC,12,12,2268,0,Altus Pharmactls,0,0,0
20070703,68392,ALTUQ',OTC,11.92,11.92,1425,0,Altus Pharmactls,0,0,0
20070705,68392,ALTUQ',OTC,12.17,12.17,953,0,Altus Pharmactls,0,0,0
20070706,68392,ALTUQ',OTC,12.18,12.18,586,0,Altus Pharmactls,0,0,0
20070709,68392,ALTUQ',OTC,12.04,12.04,2165,0,Altus Pharmactls,0,0,0
20070710,68392,ALTUQ',OTC,11.94,11.94,1336,0,Altus Pharmactls,0,0,0
20070711,68392,ALTUQ',OTC,11.37,11.37,2726,0,Altus Pharmactls,0,0,0
20070712,68392,ALTUQ',OTC,11.88,11.88,1550,0,Altus Pharmactls,0,0,0
20070713,68392,ALTUQ',OTC,11.77,11.77,792,0,Altus Pharmactls,0,0,0
20070716,68392,ALTUQ',OTC,12.11,12.11,974,0,Altus Pharmactls,0,0,0
20070717,68392,ALTUQ',OTC,12.17,12.17,1429,0,Altus Pharmactls,0,0,0
20070718,68392,ALTUQ',OTC,11.4,11.4,1754,0,Altus Pharmactls,0,0,0
20070719,68392,ALTUQ',OTC,11.59,11.59,855,0,Altus Pharmactls,0,0,0
20070720,68392,ALTUQ',OTC,11.26,11.26,1208,0,Altus Pharmactls,0,0,0
20070723,68392,ALTUQ',OTC,10.86,10.86,941,0,Altus Pharmactls,0,0,0
20070724,68392,ALTUQ',OTC,10.52,10.52,1221,0,Altus Pharmactls,0,0,0
20070725,68392,ALTUQ',OTC,10.41,10.41,2027,0,Altus Pharmactls,0,0,0
20070726,68392,ALTUQ',OTC,10.42,10.42,1535,0,Altus Pharmactls,0,0,0
20070727,68392,ALTUQ',OTC,10.4,10.4,763,0,Altus Pharmactls,0,0,0
20070730,68392,ALTUQ',OTC,10.59,10.59,1177,0,Altus Pharmactls,0,0,0
20070731,68392,ALTUQ',OTC,10.2,10.2,1874,0,Altus Pharmactls,0,0,0
20070801,68392,ALTUQ',OTC,9.79,9.79,2182,0,Altus Pharmactls,0,0,0
20070802,68392,ALTUQ',OTC,9.74,9.74,1656,0,Altus Pharmactls,0,0,0
20070803,68392,ALTUQ',OTC,9.22,9.22,1907,0,Altus Pharmactls,0,0,0
20070806,68392,ALTUQ',OTC,9.98,9.98,5100,0,Altus Pharmactls,0,0,0
20070807,68392,ALTUQ',OTC,9.64,9.64,2634,0,Altus Pharmactls,0,0,0
20070808,68392,ALTUQ',OTC,10.31,10.31,4528,0,Altus Pharmactls,0,0,0
20070809,68392,ALTUQ',OTC,10.41,10.41,1959,0,Altus Pharmactls,0,0,0
20070810,68392,ALTUQ',OTC,10.55,10.55,1674,0,Altus Pharmactls,0,0,0
20070813,68392,ALTUQ',OTC,10.07,10.07,864,0,Altus Pharmactls,0,0,0
20070814,68392,ALTUQ',OTC,10.26,10.26,989,0,Altus Pharmactls,0,0,0
20070815,68392,ALTUQ',OTC,10.26,10.26,1806,0,Altus Pharmactls,0,0,0
20070816,68392,ALTUQ',OTC,11.29,11.29,2588,0,Altus Pharmactls,0,0,0
20070817,68392,ALTUQ',OTC,11.55,11.55,3313,0,Altus Pharmactls,0,0,0
20070820,68392,ALTUQ',OTC,11.75,11.75,537,0,Altus Pharmactls,0,0,0
20070821,68392,ALTUQ',OTC,11.56,11.56,565,0,Altus Pharmactls,0,0,0
20070822,68392,ALTUQ',OTC,11.04,11.04,1280,0,Altus Pharmactls,0,0,0
20070823,68392,ALTUQ',OTC,10.64,10.64,489,0,Altus Pharmactls,0,0,0
20070824,68392,ALTUQ',OTC,11.05,11.05,223,0,Altus Pharmactls,0,0,0
20070827,68392,ALTUQ',OTC,10.58,10.58,1340,0,Altus Pharmactls,0,0,0
20070828,68392,ALTUQ',OTC,10.32,10.32,1914,0,Altus Pharmactls,0,0,0
20070829,68392,ALTUQ',OTC,10.49,10.49,694,0,Altus Pharmactls,0,0,0
20070830,68392,ALTUQ',OTC,10.64,10.64,1023,0,Altus Pharmactls,0,0,0
20070831,68392,ALTUQ',OTC,10.48,10.48,1117,0,Altus Pharmactls,0,0,0
20070904,68392,ALTUQ',OTC,10.59,10.59,877,0,Altus Pharmactls,0,0,0
20070905,68392,ALTUQ',OTC,10.41,10.41,2408,0,Altus Pharmactls,0,0,0
20070906,68392,ALTUQ',OTC,10.83,10.83,1358,0,Altus Pharmactls,0,0,0
20070907,68392,ALTUQ',OTC,10.51,10.51,814,0,Altus Pharmactls,0,0,0
20070910,68392,ALTUQ',OTC,10.34,10.34,887,0,Altus Pharmactls,0,0,0
20070911,68392,ALTUQ',OTC,10.41,10.41,894,0,Altus Pharmactls,0,0,0
20070912,68392,ALTUQ',OTC,10.93,10.93,2424,0,Altus Pharmactls,0,0,0
20070913,68392,ALTUQ',OTC,10.48,10.48,1610,0,Altus Pharmactls,0,0,0
20070914,68392,ALTUQ',OTC,10.81,10.81,2716,0,Altus Pharmactls,0,0,0
20070917,68392,ALTUQ',OTC,10.19,10.19,813,0,Altus Pharmactls,0,0,0
20070918,68392,ALTUQ',OTC,11,11,2451,0,Altus Pharmactls,0,0,0
20070919,68392,ALTUQ',OTC,11.55,11.55,1492,0,Altus Pharmactls,0,0,0
20070920,68392,ALTUQ',OTC,11.17,11.17,735,0,Altus Pharmactls,0,0,0
20070921,68392,ALTUQ',OTC,10.74,10.74,2151,0,Altus Pharmactls,0,0,0
20070924,68392,ALTUQ',OTC,10.68,10.68,908,0,Altus Pharmactls,0,0,0
20070925,68392,ALTUQ',OTC,10.66,10.66,3598,0,Altus Pharmactls,0,0,0
20070926,68392,ALTUQ',OTC,10.6,10.6,1664,0,Altus Pharmactls,0,0,0
20070927,68392,ALTUQ',OTC,10.52,10.52,3556,0,Altus Pharmactls,0,0,0
20070928,68392,ALTUQ',OTC,10.49,10.49,2111,0,Altus Pharmactls,0,0,0
20071001,68392,ALTUQ',OTC,11,11,1408,0,Altus Pharmactls,0,0,0
20071002,68392,ALTUQ',OTC,10.85,10.85,607,0,Altus Pharmactls,0,0,0
20071003,68392,ALTUQ',OTC,10.98,10.98,1029,0,Altus Pharmactls,0,0,0
20071004,68392,ALTUQ',OTC,11.49,11.49,2096,0,Altus Pharmactls,0,0,0
20071005,68392,ALTUQ',OTC,11.81,11.81,1463,0,Altus Pharmactls,0,0,0
20071008,68392,ALTUQ',OTC,11.72,11.72,1408,0,Altus Pharmactls,0,0,0
20071009,68392,ALTUQ',OTC,11.49,11.49,1199,0,Altus Pharmactls,0,0,0
20071010,68392,ALTUQ',OTC,11.4,11.4,1115,0,Altus Pharmactls,0,0,0
20071011,68392,ALTUQ',OTC,10.88,10.88,1563,0,Altus Pharmactls,0,0,0
20071012,68392,ALTUQ',OTC,11.25,11.25,669,0,Altus Pharmactls,0,0,0
20071015,68392,ALTUQ',OTC,11.52,11.52,2686,0,Altus Pharmactls,0,0,0
20071016,68392,ALTUQ',OTC,11.85,11.85,2583,0,Altus Pharmactls,0,0,0
20071017,68392,ALTUQ',OTC,12.49,12.49,5806,0,Altus Pharmactls,0,0,0
20071018,68392,ALTUQ',OTC,13.01,13.01,3104,0,Altus Pharmactls,0,0,0
20071019,68392,ALTUQ',OTC,12.68,12.68,1905,0,Altus Pharmactls,0,0,0
20071022,68392,ALTUQ',OTC,12.79,12.79,1898,0,Altus Pharmactls,0,0,0
20071023,68392,ALTUQ',OTC,13.28,13.28,1735,0,Altus Pharmactls,0,0,0
20071024,68392,ALTUQ',OTC,12.7,12.7,2167,0,Altus Pharmactls,0,0,0
20071025,68392,ALTUQ',OTC,12.75,12.75,1682,0,Altus Pharmactls,0,0,0
20071026,68392,ALTUQ',OTC,12.41,12.41,2444,0,Altus Pharmactls,0,0,0
20071029,68392,ALTUQ',OTC,13.3,13.3,3946,0,Altus Pharmactls,0,0,0
20071030,68392,ALTUQ',OTC,13.64,13.64,1901,0,Altus Pharmactls,0,0,0
20071031,68392,ALTUQ',OTC,13.84,13.84,4467,0,Altus Pharmactls,0,0,0
20071101,68392,ALTUQ',OTC,14.01,14.01,2938,0,Altus Pharmactls,0,0,0
20071102,68392,ALTUQ',OTC,13.94,13.94,1893,0,Altus Pharmactls,0,0,0
20071105,68392,ALTUQ',OTC,13.49,13.49,1896,0,Altus Pharmactls,0,0,0
20071106,68392,ALTUQ',OTC,12.7,12.7,3166,0,Altus Pharmactls,0,0,0
20071107,68392,ALTUQ',OTC,12.01,12.01,4145,0,Altus Pharmactls,0,0,0
20071108,68392,ALTUQ',OTC,11.57,11.57,3462,0,Altus Pharmactls,0,0,0
20071109,68392,ALTUQ',OTC,11.91,11.91,2936,0,Altus Pharmactls,0,0,0
20071112,68392,ALTUQ',OTC,11.32,11.32,1721,0,Altus Pharmactls,0,0,0
20071113,68392,ALTUQ',OTC,12.4,12.4,1744,0,Altus Pharmactls,0,0,0
20071114,68392,ALTUQ',OTC,11.52,11.52,2321,0,Altus Pharmactls,0,0,0
20071115,68392,ALTUQ',OTC,11.28,11.28,1393,0,Altus Pharmactls,0,0,0
20071116,68392,ALTUQ',OTC,11.03,11.03,2620,0,Altus Pharmactls,0,0,0
20071119,68392,ALTUQ',OTC,11.29,11.29,1501,0,Altus Pharmactls,0,0,0
20071120,68392,ALTUQ',OTC,10.71,10.71,2422,0,Altus Pharmactls,0,0,0
20071121,68392,ALTUQ',OTC,10.25,10.25,2167,0,Altus Pharmactls,0,0,0
20071123,68392,ALTUQ',OTC,10.15,10.15,1379,0,Altus Pharmactls,0,0,0
20071126,68392,ALTUQ',OTC,10.1,10.1,2088,0,Altus Pharmactls,0,0,0
20071127,68392,ALTUQ',OTC,10.04,10.04,2656,0,Altus Pharmactls,0,0,0
20071128,68392,ALTUQ',OTC,10.62,10.62,1874,0,Altus Pharmactls,0,0,0
20071129,68392,ALTUQ',OTC,10.85,10.85,1466,0,Altus Pharmactls,0,0,0
20071130,68392,ALTUQ',OTC,10.59,10.59,1233,0,Altus Pharmactls,0,0,0
20071203,68392,ALTUQ',OTC,10.13,10.13,2911,0,Altus Pharmactls,0,0,0
20071204,68392,ALTUQ',OTC,10.99,10.99,1924,0,Altus Pharmactls,0,0,0
20071205,68392,ALTUQ',OTC,10.45,10.45,1207,0,Altus Pharmactls,0,0,0
20071206,68392,ALTUQ',OTC,11,11,1914,0,Altus Pharmactls,0,0,0
20071207,68392,ALTUQ',OTC,10.94,10.94,1359,0,Altus Pharmactls,0,0,0
20071210,68392,ALTUQ',OTC,10.8,10.8,1167,0,Altus Pharmactls,0,0,0
20071211,68392,ALTUQ',OTC,9.83,9.83,924,0,Altus Pharmactls,0,0,0
20071212,68392,ALTUQ',OTC,10.16,10.16,2792,0,Altus Pharmactls,0,0,0
20071213,68392,ALTUQ',OTC,10.27,10.27,1320,0,Altus Pharmactls,0,0,0
20071214,68392,ALTUQ',OTC,10.26,10.26,1383,0,Altus Pharmactls,0,0,0
20071217,68392,ALTUQ',OTC,9.79,9.79,1320,0,Altus Pharmactls,0,0,0
20071218,68392,ALTUQ',OTC,9.95,9.95,2015,0,Altus Pharmactls,0,0,0
20071219,68392,ALTUQ',OTC,9.88,9.88,1505,0,Altus Pharmactls,0,0,0
20071220,68392,ALTUQ',OTC,5.5,5.5,44349,0,Altus Pharmactls,0,0,0
20071221,68392,ALTUQ',OTC,5.44,5.44,12496,0,Altus Pharmactls,0,0,0
20071224,68392,ALTUQ',OTC,5.31,5.31,2253,0,Altus Pharmactls,0,0,0
20071226,68392,ALTUQ',OTC,5.08,5.08,5067,0,Altus Pharmactls,0,0,0
20071227,68392,ALTUQ',OTC,5.3,5.3,2782,0,Altus Pharmactls,0,0,0
20071228,68392,ALTUQ',OTC,5.22,5.22,3438,0,Altus Pharmactls,0,0,0
20071231,68392,ALTUQ',OTC,5.18,5.18,3303,0,Altus Pharmactls,0,0,0
20080102,68392,ALTUQ',OTC,5.24,5.24,4476,0,Altus Pharmactls,0,0,0
20080103,68392,ALTUQ',OTC,5.2,5.2,1805,0,Altus Pharmactls,0,0,0
20080104,68392,ALTUQ',OTC,5.29,5.29,1811,0,Altus Pharmactls,0,0,0
20080107,68392,ALTUQ',OTC,5.38,5.38,1492,0,Altus Pharmactls,0,0,0
20080108,68392,ALTUQ',OTC,5.24,5.24,1011,0,Altus Pharmactls,0,0,0
20080109,68392,ALTUQ',OTC,5.42,5.42,1884,0,Altus Pharmactls,0,0,0
20080110,68392,ALTUQ',OTC,5.87,5.87,2367,0,Altus Pharmactls,0,0,0
20080111,68392,ALTUQ',OTC,5.97,5.97,5295,0,Altus Pharmactls,0,0,0
20080114,68392,ALTUQ',OTC,6.14,6.14,3280,0,Altus Pharmactls,0,0,0
20080115,68392,ALTUQ',OTC,6.24,6.24,1590,0,Altus Pharmactls,0,0,0
20080116,68392,ALTUQ',OTC,6.4,6.4,1901,0,Altus Pharmactls,0,0,0
20080117,68392,ALTUQ',OTC,6.73,6.73,2435,0,Altus Pharmactls,0,0,0
20080118,68392,ALTUQ',OTC,6.81,6.81,3059,0,Altus Pharmactls,0,0,0
20080122,68392,ALTUQ',OTC,6.4,6.4,1840,0,Altus Pharmactls,0,0,0
20080123,68392,ALTUQ',OTC,6.9,6.9,3123,0,Altus Pharmactls,0,0,0
20080124,68392,ALTUQ',OTC,6.37,6.37,1895,0,Altus Pharmactls,0,0,0
20080125,68392,ALTUQ',OTC,6.53,6.53,1505,0,Altus Pharmactls,0,0,0
20080128,68392,ALTUQ',OTC,6.51,6.51,2858,0,Altus Pharmactls,0,0,0
20080129,68392,ALTUQ',OTC,6.55,6.55,1734,0,Altus Pharmactls,0,0,0
20080130,68392,ALTUQ',OTC,6.27,6.27,1093,0,Altus Pharmactls,0,0,0
20080131,68392,ALTUQ',OTC,6.26,6.26,1520,0,Altus Pharmactls,0,0,0
20080201,68392,ALTUQ',OTC,6.55,6.55,2972,0,Altus Pharmactls,0,0,0
20080204,68392,ALTUQ',OTC,5.6,5.6,6179,0,Altus Pharmactls,0,0,0
20080205,68392,ALTUQ',OTC,6.04,6.04,12390,0,Altus Pharmactls,0,0,0
20080206,68392,ALTUQ',OTC,6,6,2592,0,Altus Pharmactls,0,0,0
20080207,68392,ALTUQ',OTC,6.22,6.22,1069,0,Altus Pharmactls,0,0,0
20080208,68392,ALTUQ',OTC,5.8,5.8,987,0,Altus Pharmactls,0,0,0
20080211,68392,ALTUQ',OTC,6.12,6.12,1285,0,Altus Pharmactls,0,0,0
20080212,68392,ALTUQ',OTC,5.84,5.84,939,0,Altus Pharmactls,0,0,0
20080213,68392,ALTUQ',OTC,5.8,5.8,1041,0,Altus Pharmactls,0,0,0
20080214,68392,ALTUQ',OTC,5.36,5.36,1165,0,Altus Pharmactls,0,0,0
20080215,68392,ALTUQ',OTC,5.6,5.6,1201,0,Altus Pharmactls,0,0,0
20080219,68392,ALTUQ',OTC,5.55,5.55,719,0,Altus Pharmactls,0,0,0
20080220,68392,ALTUQ',OTC,5.37,5.37,4133,0,Altus Pharmactls,0,0,0
20080221,68392,ALTUQ',OTC,5.35,5.35,2303,0,Altus Pharmactls,0,0,0
20080222,68392,ALTUQ',OTC,5.39,5.39,2535,0,Altus Pharmactls,0,0,0
20080225,68392,ALTUQ',OTC,5.72,5.72,863,0,Altus Pharmactls,0,0,0
20080226,68392,ALTUQ',OTC,6.01,6.01,1602,0,Altus Pharmactls,0,0,0
20080227,68392,ALTUQ',OTC,6.03,6.03,1140,0,Altus Pharmactls,0,0,0
20080228,68392,ALTUQ',OTC,5.99,5.99,693,0,Altus Pharmactls,0,0,0
20080229,68392,ALTUQ',OTC,5.78,5.78,689,0,Altus Pharmactls,0,0,0
20080303,68392,ALTUQ',OTC,5.41,5.41,1577,0,Altus Pharmactls,0,0,0
20080304,68392,ALTUQ',OTC,5.49,5.49,900,0,Altus Pharmactls,0,0,0
20080305,68392,ALTUQ',OTC,5.86,5.86,1358,0,Altus Pharmactls,0,0,0
20080306,68392,ALTUQ',OTC,5.32,5.32,1046,0,Altus Pharmactls,0,0,0
20080307,68392,ALTUQ',OTC,4.91,4.91,1837,0,Altus Pharmactls,0,0,0
20080310,68392,ALTUQ',OTC,4.99,4.99,866,0,Altus Pharmactls,0,0,0
20080311,68392,ALTUQ',OTC,5.01,5.01,5125,0,Altus Pharmactls,0,0,0
20080312,68392,ALTUQ',OTC,5.01,5.01,2580,0,Altus Pharmactls,0,0,0
20080313,68392,ALTUQ',OTC,4.99,4.99,2413,0,Altus Pharmactls,0,0,0
20080314,68392,ALTUQ',OTC,4.96,4.96,1600,0,Altus Pharmactls,0,0,0
20080317,68392,ALTUQ',OTC,4.58,4.58,841,0,Altus Pharmactls,0,0,0
20080318,68392,ALTUQ',OTC,5.04,5.04,1789,0,Altus Pharmactls,0,0,0
20080319,68392,ALTUQ',OTC,4.61,4.61,1844,0,Altus Pharmactls,0,0,0
20080320,68392,ALTUQ',OTC,4.95,4.95,4400,0,Altus Pharmactls,0,0,0
20080324,68392,ALTUQ',OTC,4.96,4.96,4544,0,Altus Pharmactls,0,0,0
20080325,68392,ALTUQ',OTC,5,5,1274,0,Altus Pharmactls,0,0,0
20080326,68392,ALTUQ',OTC,4.99,4.99,956,0,Altus Pharmactls,0,0,0
20080327,68392,ALTUQ',OTC,4.97,4.97,885,0,Altus Pharmactls,0,0,0
20080328,68392,ALTUQ',OTC,4.64,4.64,1462,0,Altus Pharmactls,0,0,0
20080331,68392,ALTUQ',OTC,4.55,4.55,2054,0,Altus Pharmactls,0,0,0
20080401,68392,ALTUQ',OTC,4.87,4.87,1614,0,Altus Pharmactls,0,0,0
20080402,68392,ALTUQ',OTC,4.95,4.95,2626,0,Altus Pharmactls,0,0,0
20080403,68392,ALTUQ',OTC,4.97,4.97,1937,0,Altus Pharmactls,0,0,0
20080404,68392,ALTUQ',OTC,5.05,5.05,3253,0,Altus Pharmactls,0,0,0
20080407,68392,ALTUQ',OTC,5.22,5.22,3174,0,Altus Pharmactls,0,0,0
20080408,68392,ALTUQ',OTC,5.34,5.34,1235,0,Altus Pharmactls,0,0,0
20080409,68392,ALTUQ',OTC,5.37,5.37,7081,0,Altus Pharmactls,0,0,0
20080410,68392,ALTUQ',OTC,5.38,5.38,1866,0,Altus Pharmactls,0,0,0
20080411,68392,ALTUQ',OTC,4.96,4.96,999,0,Altus Pharmactls,0,0,0
20080414,68392,ALTUQ',OTC,4.8,4.8,586,0,Altus Pharmactls,0,0,0
20080415,68392,ALTUQ',OTC,4.65,4.65,886,0,Altus Pharmactls,0,0,0
20080416,68392,ALTUQ',OTC,4.71,4.71,1175,0,Altus Pharmactls,0,0,0
20080417,68392,ALTUQ',OTC,4.67,4.67,1822,0,Altus Pharmactls,0,0,0
20080418,68392,ALTUQ',OTC,4.66,4.66,2785,0,Altus Pharmactls,0,0,0
20080421,68392,ALTUQ',OTC,4.44,4.44,1103,0,Altus Pharmactls,0,0,0
20080422,68392,ALTUQ',OTC,4.41,4.41,1287,0,Altus Pharmactls,0,0,0
20080423,68392,ALTUQ',OTC,4.32,4.32,928,0,Altus Pharmactls,0,0,0
20080424,68392,ALTUQ',OTC,4.35,4.35,1475,0,Altus Pharmactls,0,0,0
20080425,68392,ALTUQ',OTC,4.43,4.43,1138,0,Altus Pharmactls,0,0,0
20080428,68392,ALTUQ',OTC,4.31,4.31,955,0,Altus Pharmactls,0,0,0
20080429,68392,ALTUQ',OTC,4.43,4.43,1122,0,Altus Pharmactls,0,0,0
20080430,68392,ALTUQ',OTC,4.12,4.12,1148,0,Altus Pharmactls,0,0,0
20080501,68392,ALTUQ',OTC,4.35,4.35,1720,0,Altus Pharmactls,0,0,0
20080502,68392,ALTUQ',OTC,4.22,4.22,1550,0,Altus Pharmactls,0,0,0
20080505,68392,ALTUQ',OTC,4.14,4.14,594,0,Altus Pharmactls,0,0,0
20080506,68392,ALTUQ',OTC,4.22,4.22,902,0,Altus Pharmactls,0,0,0
20080507,68392,ALTUQ',OTC,3.85,3.85,2936,0,Altus Pharmactls,0,0,0
20080508,68392,ALTUQ',OTC,3.84,3.84,616,0,Altus Pharmactls,0,0,0
20080509,68392,ALTUQ',OTC,3.96,3.96,1347,0,Altus Pharmactls,0,0,0
20080512,68392,ALTUQ',OTC,4.04,4.04,802,0,Altus Pharmactls,0,0,0
20080513,68392,ALTUQ',OTC,4.03,4.03,1987,0,Altus Pharmactls,0,0,0
20080514,68392,ALTUQ',OTC,4.21,4.21,714,0,Altus Pharmactls,0,0,0
20080515,68392,ALTUQ',OTC,4.03,4.03,866,0,Altus Pharmactls,0,0,0
20080516,68392,ALTUQ',OTC,4,4,1587,0,Altus Pharmactls,0,0,0
20080519,68392,ALTUQ',OTC,4.01,4.01,957,0,Altus Pharmactls,0,0,0
20080520,68392,ALTUQ',OTC,4.01,4.01,1501,0,Altus Pharmactls,0,0,0
20080521,68392,ALTUQ',OTC,3.99,3.99,814,0,Altus Pharmactls,0,0,0
20080522,68392,ALTUQ',OTC,4.41,4.41,1949,0,Altus Pharmactls,0,0,0
20080523,68392,ALTUQ',OTC,4.38,4.38,811,0,Altus Pharmactls,0,0,0
20080527,68392,ALTUQ',OTC,4.25,4.25,846,0,Altus Pharmactls,0,0,0
20080528,68392,ALTUQ',OTC,4.45,4.45,2076,0,Altus Pharmactls,0,0,0
20080529,68392,ALTUQ',OTC,4.48,4.48,1450,0,Altus Pharmactls,0,0,0
20080530,68392,ALTUQ',OTC,4.29,4.29,1432,0,Altus Pharmactls,0,0,0
20080602,68392,ALTUQ',OTC,4.07,4.07,1766,0,Altus Pharmactls,0,0,0
20080603,68392,ALTUQ',OTC,3.89,3.89,1574,0,Altus Pharmactls,0,0,0
20080604,68392,ALTUQ',OTC,3.95,3.95,877,0,Altus Pharmactls,0,0,0
20080605,68392,ALTUQ',OTC,4.38,4.38,2315,0,Altus Pharmactls,0,0,0
20080606,68392,ALTUQ',OTC,4.06,4.06,941,0,Altus Pharmactls,0,0,0
20080609,68392,ALTUQ',OTC,3.84,3.84,1920,0,Altus Pharmactls,0,0,0
20080610,68392,ALTUQ',OTC,4.17,4.17,971,0,Altus Pharmactls,0,0,0
20080611,68392,ALTUQ',OTC,4.08,4.08,738,0,Altus Pharmactls,0,0,0
20080612,68392,ALTUQ',OTC,3.93,3.93,1833,0,Altus Pharmactls,0,0,0
20080613,68392,ALTUQ',OTC,4.17,4.17,4444,0,Altus Pharmactls,0,0,0
20080616,68392,ALTUQ',OTC,4.01,4.01,4468,0,Altus Pharmactls,0,0,0
20080617,68392,ALTUQ',OTC,4.03,4.03,750,0,Altus Pharmactls,0,0,0
20080618,68392,ALTUQ',OTC,3.89,3.89,1149,0,Altus Pharmactls,0,0,0
20080619,68392,ALTUQ',OTC,4,4,983,0,Altus Pharmactls,0,0,0
20080620,68392,ALTUQ',OTC,4.26,4.26,3851,0,Altus Pharmactls,0,0,0
20080623,68392,ALTUQ',OTC,4.28,4.28,2201,0,Altus Pharmactls,0,0,0
20080624,68392,ALTUQ',OTC,4.48,4.48,8093,0,Altus Pharmactls,0,0,0
20080625,68392,ALTUQ',OTC,4.34,4.34,3003,0,Altus Pharmactls,0,0,0
20080626,68392,ALTUQ',OTC,4.36,4.36,1135,0,Altus Pharmactls,0,0,0
20080627,68392,ALTUQ',OTC,4.34,4.34,24594,0,Altus Pharmactls,0,0,0
20080630,68392,ALTUQ',OTC,4.45,4.45,824,0,Altus Pharmactls,0,0,0
20080701,68392,ALTUQ',OTC,4.1,4.1,3963,0,Altus Pharmactls,0,0,0
20080702,68392,ALTUQ',OTC,4.43,4.43,2299,0,Altus Pharmactls,0,0,0
20080703,68392,ALTUQ',OTC,4.35,4.35,869,0,Altus Pharmactls,0,0,0
20080707,68392,ALTUQ',OTC,4.34,4.34,880,0,Altus Pharmactls,0,0,0
20080708,68392,ALTUQ',OTC,4.3,4.3,2400,0,Altus Pharmactls,0,0,0
20080709,68392,ALTUQ',OTC,4.45,4.45,2037,0,Altus Pharmactls,0,0,0
20080710,68392,ALTUQ',OTC,4.73,4.73,3570,0,Altus Pharmactls,0,0,0
20080711,68392,ALTUQ',OTC,4.85,4.85,1142,0,Altus Pharmactls,0,0,0
20080714,68392,ALTUQ',OTC,4.84,4.84,2014,0,Altus Pharmactls,0,0,0
20080715,68392,ALTUQ',OTC,4.72,4.72,1654,0,Altus Pharmactls,0,0,0
20080716,68392,ALTUQ',OTC,4.99,4.99,1699,0,Altus Pharmactls,0,0,0
20080717,68392,ALTUQ',OTC,4.85,4.85,1394,0,Altus Pharmactls,0,0,0
20080718,68392,ALTUQ',OTC,4.79,4.79,1263,0,Altus Pharmactls,0,0,0
20080721,68392,ALTUQ',OTC,4.76,4.76,1367,0,Altus Pharmactls,0,0,0
20080722,68392,ALTUQ',OTC,4.75,4.75,3168,0,Altus Pharmactls,0,0,0
20080723,68392,ALTUQ',OTC,4.68,4.68,1218,0,Altus Pharmactls,0,0,0
20080724,68392,ALTUQ',OTC,4.75,4.75,1111,0,Altus Pharmactls,0,0,0
20080725,68392,ALTUQ',OTC,4.61,4.61,1298,0,Altus Pharmactls,0,0,0
20080728,68392,ALTUQ',OTC,4.6,4.6,1045,0,Altus Pharmactls,0,0,0
20080729,68392,ALTUQ',OTC,4.63,4.63,1113,0,Altus Pharmactls,0,0,0
20080730,68392,ALTUQ',OTC,4.74,4.74,3158,0,Altus Pharmactls,0,0,0
20080731,68392,ALTUQ',OTC,4.74,4.74,1281,0,Altus Pharmactls,0,0,0
20080801,68392,ALTUQ',OTC,4.72,4.72,1348,0,Altus Pharmactls,0,0,0
20080804,68392,ALTUQ',OTC,4.71,4.71,543,0,Altus Pharmactls,0,0,0
20080805,68392,ALTUQ',OTC,4.73,4.73,1196,0,Altus Pharmactls,0,0,0
20080806,68392,ALTUQ',OTC,4.9,4.9,7634,0,Altus Pharmactls,0,0,0
20080807,68392,ALTUQ',OTC,4.77,4.77,6939,0,Altus Pharmactls,0,0,0
20080808,68392,ALTUQ',OTC,4.95,4.95,7377,0,Altus Pharmactls,0,0,0
20080811,68392,ALTUQ',OTC,4.94,4.94,3359,0,Altus Pharmactls,0,0,0
20080812,68392,ALTUQ',OTC,2.5,2.5,78907,0,Altus Pharmactls,0,0,0
20080813,68392,ALTUQ',OTC,2.34,2.34,9304,0,Altus Pharmactls,0,0,0
20080814,68392,ALTUQ',OTC,2.29,2.29,5411,0,Altus Pharmactls,0,0,0
20080815,68392,ALTUQ',OTC,2.14,2.14,6177,0,Altus Pharmactls,0,0,0
20080818,68392,ALTUQ',OTC,2.08,2.08,5253,0,Altus Pharmactls,0,0,0
20080819,68392,ALTUQ',OTC,1.91,1.91,5697,0,Altus Pharmactls,0,0,0
20080820,68392,ALTUQ',OTC,1.87,1.87,2985,0,Altus Pharmactls,0,0,0
20080821,68392,ALTUQ',OTC,1.78,1.78,2474,0,Altus Pharmactls,0,0,0
20080822,68392,ALTUQ',OTC,1.78,1.78,2015,0,Altus Pharmactls,0,0,0
20080825,68392,ALTUQ',OTC,1.81,1.81,2538,0,Altus Pharmactls,0,0,0
20080826,68392,ALTUQ',OTC,1.79,1.79,1975,0,Altus Pharmactls,0,0,0
20080827,68392,ALTUQ',OTC,1.66,1.66,4505,0,Altus Pharmactls,0,0,0
20080828,68392,ALTUQ',OTC,1.66,1.66,3124,0,Altus Pharmactls,0,0,0
20080829,68392,ALTUQ',OTC,1.59,1.59,1413,0,Altus Pharmactls,0,0,0
20080902,68392,ALTUQ',OTC,1.49,1.49,2901,0,Altus Pharmactls,0,0,0
20080903,68392,ALTUQ',OTC,1.59,1.59,3252,0,Altus Pharmactls,0,0,0
20080904,68392,ALTUQ',OTC,1.59,1.59,1472,0,Altus Pharmactls,0,0,0
20080905,68392,ALTUQ',OTC,1.47,1.47,2992,0,Altus Pharmactls,0,0,0
20080908,68392,ALTUQ',OTC,1.44,1.44,1821,0,Altus Pharmactls,0,0,0
20080909,68392,ALTUQ',OTC,1.3,1.3,2243,0,Altus Pharmactls,0,0,0
20080910,68392,ALTUQ',OTC,1.4,1.4,1439,0,Altus Pharmactls,0,0,0
20080911,68392,ALTUQ',OTC,1.4,1.4,1454,0,Altus Pharmactls,0,0,0
20080912,68392,ALTUQ',OTC,1.5,1.5,2463,0,Altus Pharmactls,0,0,0
20080915,68392,ALTUQ',OTC,1.31,1.31,850,0,Altus Pharmactls,0,0,0
20080916,68392,ALTUQ',OTC,1.19,1.19,2262,0,Altus Pharmactls,0,0,0
20080917,68392,ALTUQ',OTC,1.06,1.06,1742,0,Altus Pharmactls,0,0,0
20080918,68392,ALTUQ',OTC,1.09,1.09,4935,0,Altus Pharmactls,0,0,0
20080919,68392,ALTUQ',OTC,1.17,1.17,1272,0,Altus Pharmactls,0,0,0
20080922,68392,ALTUQ',OTC,1.09,1.09,1001,0,Altus Pharmactls,0,0,0
20080923,68392,ALTUQ',OTC,1.16,1.16,1535,0,Altus Pharmactls,0,0,0
20080924,68392,ALTUQ',OTC,1.05,1.05,1973,0,Altus Pharmactls,0,0,0
20080925,68392,ALTUQ',OTC,1.09,1.09,2656,0,Altus Pharmactls,0,0,0
20080926,68392,ALTUQ',OTC,1.03,1.03,1761,0,Altus Pharmactls,0,0,0
20080929,68392,ALTUQ',OTC,1.32,1.32,4374,0,Altus Pharmactls,0,0,0
20080930,68392,ALTUQ',OTC,1.1,1.1,2965,0,Altus Pharmactls,0,0,0
20081001,68392,ALTUQ',OTC,1.11,1.11,3117,0,Altus Pharmactls,0,0,0
20081002,68392,ALTUQ',OTC,1.09,1.09,3815,0,Altus Pharmactls,0,0,0
20081003,68392,ALTUQ',OTC,1.05,1.05,4159,0,Altus Pharmactls,0,0,0
20081006,68392,ALTUQ',OTC,1,1,1075,0,Altus Pharmactls,0,0,0
20081007,68392,ALTUQ',OTC,1.03,1.03,1787,0,Altus Pharmactls,0,0,0
20081008,68392,ALTUQ',OTC,0.94,0.94,558,0,Altus Pharmactls,0,0,0
20081009,68392,ALTUQ',OTC,0.7,0.7,2631,0,Altus Pharmactls,0,0,0
20081010,68392,ALTUQ',OTC,0.71,0.71,1382,0,Altus Pharmactls,0,0,0
20081013,68392,ALTUQ',OTC,0.8,0.8,1424,0,Altus Pharmactls,0,0,0
20081014,68392,ALTUQ',OTC,0.78,0.78,971,0,Altus Pharmactls,0,0,0
20081015,68392,ALTUQ',OTC,0.67,0.67,738,0,Altus Pharmactls,0,0,0
20081016,68392,ALTUQ',OTC,0.63,0.63,585,0,Altus Pharmactls,0,0,0
20081017,68392,ALTUQ',OTC,0.62,0.62,1613,0,Altus Pharmactls,0,0,0
20081020,68392,ALTUQ',OTC,0.59,0.59,5170,0,Altus Pharmactls,0,0,0
20081021,68392,ALTUQ',OTC,0.52,0.52,2256,0,Altus Pharmactls,0,0,0
20081022,68392,ALTUQ',OTC,0.55,0.55,3428,0,Altus Pharmactls,0,0,0
20081023,68392,ALTUQ',OTC,0.55,0.55,4585,0,Altus Pharmactls,0,0,0
20081024,68392,ALTUQ',OTC,0.52,0.52,1451,0,Altus Pharmactls,0,0,0
20081027,68392,ALTUQ',OTC,0.61,0.61,2044,0,Altus Pharmactls,0,0,0
20081028,68392,ALTUQ',OTC,0.51,0.51,1468,0,Altus Pharmactls,0,0,0
20081029,68392,ALTUQ',OTC,0.47,0.47,2214,0,Altus Pharmactls,0,0,0
20081030,68392,ALTUQ',OTC,0.54,0.54,2608,0,Altus Pharmactls,0,0,0
20081031,68392,ALTUQ',OTC,0.57,0.57,1958,0,Altus Pharmactls,0,0,0
20081103,68392,ALTUQ',OTC,0.55,0.55,2923,0,Altus Pharmactls,0,0,0
20081104,68392,ALTUQ',OTC,0.52,0.52,2738,0,Altus Pharmactls,0,0,0
20081105,68392,ALTUQ',OTC,0.54,0.54,3935,0,Altus Pharmactls,0,0,0
20081106,68392,ALTUQ',OTC,0.6,0.6,7751,0,Altus Pharmactls,0,0,0
20081107,68392,ALTUQ',OTC,0.68,0.68,2169,0,Altus Pharmactls,0,0,0
20081110,68392,ALTUQ',OTC,0.61,0.61,1686,0,Altus Pharmactls,0,0,0
20081111,68392,ALTUQ',OTC,0.56,0.56,1481,0,Altus Pharmactls,0,0,0
20081112,68392,ALTUQ',OTC,0.53,0.53,1209,0,Altus Pharmactls,0,0,0
20081113,68392,ALTUQ',OTC,0.52,0.52,1008,0,Altus Pharmactls,0,0,0
20081114,68392,ALTUQ',OTC,0.57,0.57,818,0,Altus Pharmactls,0,0,0
20081117,68392,ALTUQ',OTC,0.63,0.63,1435,0,Altus Pharmactls,0,0,0
20081118,68392,ALTUQ',OTC,0.67,0.67,1652,0,Altus Pharmactls,0,0,0
20081119,68392,ALTUQ',OTC,0.66,0.66,2083,0,Altus Pharmactls,0,0,0
20081120,68392,ALTUQ',OTC,0.54,0.54,571,0,Altus Pharmactls,0,0,0
20081121,68392,ALTUQ',OTC,0.65,0.65,1593,0,Altus Pharmactls,0,0,0
20081124,68392,ALTUQ',OTC,0.55,0.55,1189,0,Altus Pharmactls,0,0,0
20081125,68392,ALTUQ',OTC,0.53,0.53,4401,0,Altus Pharmactls,0,0,0
20081126,68392,ALTUQ',OTC,0.56,0.56,888,0,Altus Pharmactls,0,0,0
20081128,68392,ALTUQ',OTC,0.57,0.57,215,0,Altus Pharmactls,0,0,0
20081201,68392,ALTUQ',OTC,0.54,0.54,477,0,Altus Pharmactls,0,0,0
20081202,68392,ALTUQ',OTC,0.51,0.51,1218,0,Altus Pharmactls,0,0,0
20081203,68392,ALTUQ',OTC,0.51,0.51,704,0,Altus Pharmactls,0,0,0
20081204,68392,ALTUQ',OTC,0.5,0.5,1074,0,Altus Pharmactls,0,0,0
20081205,68392,ALTUQ',OTC,0.5,0.5,1799,0,Altus Pharmactls,0,0,0
20081208,68392,ALTUQ',OTC,0.51,0.51,1366,0,Altus Pharmactls,0,0,0
20081209,68392,ALTUQ',OTC,0.59,0.59,1724,0,Altus Pharmactls,0,0,0
20081210,68392,ALTUQ',OTC,0.72,0.72,3192,0,Altus Pharmactls,0,0,0
20081211,68392,ALTUQ',OTC,0.69,0.69,1403,0,Altus Pharmactls,0,0,0
20081212,68392,ALTUQ',OTC,0.6,0.6,670,0,Altus Pharmactls,0,0,0
20081215,68392,ALTUQ',OTC,0.66,0.66,1029,0,Altus Pharmactls,0,0,0
20081216,68392,ALTUQ',OTC,0.65,0.65,699,0,Altus Pharmactls,0,0,0
20081217,68392,ALTUQ',OTC,0.63,0.63,559,0,Altus Pharmactls,0,0,0
20081218,68392,ALTUQ',OTC,0.68,0.68,1265,0,Altus Pharmactls,0,0,0
20081219,68392,ALTUQ',OTC,0.57,0.57,4178,0,Altus Pharmactls,0,0,0
20081222,68392,ALTUQ',OTC,0.5,0.5,6303,0,Altus Pharmactls,0,0,0
20081223,68392,ALTUQ',OTC,0.49,0.49,1700,0,Altus Pharmactls,0,0,0
20081224,68392,ALTUQ',OTC,0.55,0.55,641,0,Altus Pharmactls,0,0,0
20081226,68392,ALTUQ',OTC,0.53,0.53,1061,0,Altus Pharmactls,0,0,0
20081229,68392,ALTUQ',OTC,0.51,0.51,663,0,Altus Pharmactls,0,0,0
20081230,68392,ALTUQ',OTC,0.52,0.52,2290,0,Altus Pharmactls,0,0,0
20081231,68392,ALTUQ',OTC,0.53,0.53,1118,0,Altus Pharmactls,0,0,0
20090102,68392,ALTUQ',OTC,0.49,0.49,2701,0,Altus Pharmactls,0,0,0
20090105,68392,ALTUQ',OTC,0.5,0.5,2697,0,Altus Pharmactls,0,0,0
20090106,68392,ALTUQ',OTC,0.58,0.58,3103,0,Altus Pharmactls,0,0,0
20090107,68392,ALTUQ',OTC,0.63,0.63,3022,0,Altus Pharmactls,0,0,0
20090108,68392,ALTUQ',OTC,0.61,0.61,3291,0,Altus Pharmactls,0,0,0
20090109,68392,ALTUQ',OTC,0.62,0.62,1150,0,Altus Pharmactls,0,0,0
20090112,68392,ALTUQ',OTC,0.6,0.6,1044,0,Altus Pharmactls,0,0,0
20090113,68392,ALTUQ',OTC,0.57,0.57,1065,0,Altus Pharmactls,0,0,0
20090114,68392,ALTUQ',OTC,0.54,0.54,1305,0,Altus Pharmactls,0,0,0
20090115,68392,ALTUQ',OTC,0.52,0.52,660,0,Altus Pharmactls,0,0,0
20090116,68392,ALTUQ',OTC,0.53,0.53,208,0,Altus Pharmactls,0,0,0
20090120,68392,ALTUQ',OTC,0.52,0.52,945,0,Altus Pharmactls,0,0,0
20090121,68392,ALTUQ',OTC,0.49,0.49,531,0,Altus Pharmactls,0,0,0
20090122,68392,ALTUQ',OTC,0.5,0.5,195,0,Altus Pharmactls,0,0,0
20090123,68392,ALTUQ',OTC,0.55,0.55,1082,0,Altus Pharmactls,0,0,0
20090126,68392,ALTUQ',OTC,0.24,0.24,45296,0,Altus Pharmactls,0,0,0
20090127,68392,ALTUQ',OTC,0.23,0.23,18726,0,Altus Pharmactls,0,0,0
20090128,68392,ALTUQ',OTC,0.22,0.22,11510,0,Altus Pharmactls,0,0,0
20090129,68392,ALTUQ',OTC,0.21,0.21,12336,0,Altus Pharmactls,0,0,0
20090130,68392,ALTUQ',OTC,0.24,0.24,1684,0,Altus Pharmactls,0,0,0
20090202,68392,ALTUQ',OTC,0.21,0.21,3892,0,Altus Pharmactls,0,0,0
20090203,68392,ALTUQ',OTC,0.21,0.21,2990,0,Altus Pharmactls,0,0,0
20090204,68392,ALTUQ',OTC,0.22,0.22,3557,0,Altus Pharmactls,0,0,0
20090205,68392,ALTUQ',OTC,0.21,0.21,5305,0,Altus Pharmactls,0,0,0
20090206,68392,ALTUQ',OTC,0.21,0.21,4483,0,Altus Pharmactls,0,0,0
20090209,68392,ALTUQ',OTC,0.22,0.22,1142,0,Altus Pharmactls,0,0,0
20090210,68392,ALTUQ',OTC,0.21,0.21,2295,0,Altus Pharmactls,0,0,0
20090211,68392,ALTUQ',OTC,0.21,0.21,4991,0,Altus Pharmactls,0,0,0
20090212,68392,ALTUQ',OTC,0.21,0.21,1306,0,Altus Pharmactls,0,0,0
20090213,68392,ALTUQ',OTC,0.2,0.2,929,0,Altus Pharmactls,0,0,0
20090217,68392,ALTUQ',OTC,0.2,0.2,3824,0,Altus Pharmactls,0,0,0
20090218,68392,ALTUQ',OTC,0.19,0.19,2185,0,Altus Pharmactls,0,0,0
20090219,68392,ALTUQ',OTC,0.19,0.19,1058,0,Altus Pharmactls,0,0,0
20090220,68392,ALTUQ',OTC,0.19,0.19,3168,0,Altus Pharmactls,0,0,0
20090223,68392,ALTUQ',OTC,0.2,0.2,4664,0,Altus Pharmactls,0,0,0
20090224,68392,ALTUQ',OTC,0.21,0.21,418,0,Altus Pharmactls,0,0,0
20090225,68392,ALTUQ',OTC,0.2,0.2,1293,0,Altus Pharmactls,0,0,0
20090226,68392,ALTUQ',OTC,0.21,0.21,2718,0,Altus Pharmactls,0,0,0
20090227,68392,ALTUQ',OTC,0.2,0.2,1479,0,Altus Pharmactls,0,0,0
20090302,68392,ALTUQ',OTC,0.19,0.19,1486,0,Altus Pharmactls,0,0,0
20090303,68392,ALTUQ',OTC,0.21,0.21,769,0,Altus Pharmactls,0,0,0
20090304,68392,ALTUQ',OTC,0.2,0.2,609,0,Altus Pharmactls,0,0,0
20090305,68392,ALTUQ',OTC,0.17,0.17,3104,0,Altus Pharmactls,0,0,0
20090306,68392,ALTUQ',OTC,0.17,0.17,8234,0,Altus Pharmactls,0,0,0
20090309,68392,ALTUQ',OTC,0.18,0.18,526,0,Altus Pharmactls,0,0,0
20090310,68392,ALTUQ',OTC,0.19,0.19,2805,0,Altus Pharmactls,0,0,0
20090311,68392,ALTUQ',OTC,0.15,0.15,8114,0,Altus Pharmactls,0,0,0
20090312,68392,ALTUQ',OTC,0.17,0.17,1992,0,Altus Pharmactls,0,0,0
20090313,68392,ALTUQ',OTC,0.15,0.15,1497,0,Altus Pharmactls,0,0,0
20090316,68392,ALTUQ',OTC,0.18,0.18,3781,0,Altus Pharmactls,0,0,0
20090317,68392,ALTUQ',OTC,0.17,0.17,229,0,Altus Pharmactls,0,0,0
20090318,68392,ALTUQ',OTC,0.16,0.16,6002,0,Altus Pharmactls,0,0,0
20090319,68392,ALTUQ',OTC,0.15,0.15,2630,0,Altus Pharmactls,0,0,0
20090320,68392,ALTUQ',OTC,0.15,0.15,2065,0,Altus Pharmactls,0,0,0
20090323,68392,ALTUQ',OTC,0.16,0.16,977,0,Altus Pharmactls,0,0,0
20090324,68392,ALTUQ',OTC,0.18,0.18,4469,0,Altus Pharmactls,0,0,0
20090325,68392,ALTUQ',OTC,0.2,0.2,13436,0,Altus Pharmactls,0,0,0
20090326,68392,ALTUQ',OTC,0.22,0.22,8648,0,Altus Pharmactls,0,0,0
20090327,68392,ALTUQ',OTC,0.24,0.24,24095,0,Altus Pharmactls,0,0,0
20090330,68392,ALTUQ',OTC,0.23,0.23,7679,0,Altus Pharmactls,0,0,0
20090331,68392,ALTUQ',OTC,0.22,0.22,3441,0,Altus Pharmactls,0,0,0
20090401,68392,ALTUQ',OTC,0.21,0.21,1752,0,Altus Pharmactls,0,0,0
20090402,68392,ALTUQ',OTC,0.2,0.2,2475,0,Altus Pharmactls,0,0,0
20090403,68392,ALTUQ',OTC,0.24,0.24,9082,0,Altus Pharmactls,0,0,0
20090406,68392,ALTUQ',OTC,0.23,0.23,5406,0,Altus Pharmactls,0,0,0
20090407,68392,ALTUQ',OTC,0.21,0.21,6220,0,Altus Pharmactls,0,0,0
20090408,68392,ALTUQ',OTC,0.22,0.22,3243,0,Altus Pharmactls,0,0,0
20090409,68392,ALTUQ',OTC,0.23,0.23,7304,0,Altus Pharmactls,0,0,0
20090413,68392,ALTUQ',OTC,0.21,0.21,3866,0,Altus Pharmactls,0,0,0
20090414,68392,ALTUQ',OTC,0.2,0.2,3550,0,Altus Pharmactls,0,0,0
20090415,68392,ALTUQ',OTC,0.21,0.21,3012,0,Altus Pharmactls,0,0,0
20090416,68392,ALTUQ',OTC,0.21,0.21,3226,0,Altus Pharmactls,0,0,0
20090417,68392,ALTUQ',OTC,0.21,0.21,4749,0,Altus Pharmactls,0,0,0
20090420,68392,ALTUQ',OTC,0.2,0.2,6797,0,Altus Pharmactls,0,0,0
20090421,68392,ALTUQ',OTC,0.19,0.19,10503,0,Altus Pharmactls,0,0,0
20090422,68392,ALTUQ',OTC,0.21,0.21,1663,0,Altus Pharmactls,0,0,0
20090423,68392,ALTUQ',OTC,0.22,0.22,21992,0,Altus Pharmactls,0,0,0
20090424,68392,ALTUQ',OTC,0.28,0.28,58780,0,Altus Pharmactls,0,0,0
20090427,68392,ALTUQ',OTC,0.28,0.28,21789,0,Altus Pharmactls,0,0,0
20090428,68392,ALTUQ',OTC,0.26,0.26,10812,0,Altus Pharmactls,0,0,0
20090429,68392,ALTUQ',OTC,0.25,0.25,7193,0,Altus Pharmactls,0,0,0
20090430,68392,ALTUQ',OTC,0.25,0.25,6077,0,Altus Pharmactls,0,0,0
20090501,68392,ALTUQ',OTC,0.27,0.27,11517,0,Altus Pharmactls,0,0,0
20090504,68392,ALTUQ',OTC,0.28,0.28,17641,0,Altus Pharmactls,0,0,0
20090505,68392,ALTUQ',OTC,0.27,0.27,7135,0,Altus Pharmactls,0,0,0
20090506,68392,ALTUQ',OTC,0.3,0.3,20848,0,Altus Pharmactls,0,0,0
20090507,68392,ALTUQ',OTC,0.35,0.35,47468,0,Altus Pharmactls,0,0,0
20090508,68392,ALTUQ',OTC,0.4,0.4,84634,0,Altus Pharmactls,0,0,0
20090511,68392,ALTUQ',OTC,0.36,0.36,51742,0,Altus Pharmactls,0,0,0
20090512,68392,ALTUQ',OTC,0.32,0.32,18149,0,Altus Pharmactls,0,0,0
20090513,68392,ALTUQ',OTC,0.33,0.33,11711,0,Altus Pharmactls,0,0,0
20090514,68392,ALTUQ',OTC,0.32,0.32,6444,0,Altus Pharmactls,0,0,0
20090515,68392,ALTUQ',OTC,0.31,0.31,11958,0,Altus Pharmactls,0,0,0
20090518,68392,ALTUQ',OTC,0.33,0.33,4679,0,Altus Pharmactls,0,0,0
20090519,68392,ALTUQ',OTC,0.33,0.33,5118,0,Altus Pharmactls,0,0,0
20090520,68392,ALTUQ',OTC,0.31,0.31,11416,0,Altus Pharmactls,0,0,0
20090521,68392,ALTUQ',OTC,0.34,0.34,6024,0,Altus Pharmactls,0,0,0
20090522,68392,ALTUQ',OTC,0.33,0.33,4539,0,Altus Pharmactls,0,0,0
20090526,68392,ALTUQ',OTC,0.3,0.3,7498,0,Altus Pharmactls,0,0,0
20090527,68392,ALTUQ',OTC,0.3,0.3,4345,0,Altus Pharmactls,0,0,0
20090528,68392,ALTUQ',OTC,0.34,0.34,21454,0,Altus Pharmactls,0,0,0
20090529,68392,ALTUQ',OTC,0.29,0.29,12173,0,Altus Pharmactls,0,0,0
20090601,68392,ALTUQ',OTC,0.32,0.32,5849,0,Altus Pharmactls,0,0,0
20090602,68392,ALTUQ',OTC,0.33,0.33,4805,0,Altus Pharmactls,0,0,0
20090603,68392,ALTUQ',OTC,0.34,0.34,21836,0,Altus Pharmactls,0,0,0
20090604,68392,ALTUQ',OTC,0.36,0.36,13060,0,Altus Pharmactls,0,0,0
20090605,68392,ALTUQ',OTC,0.43,0.43,55696,0,Altus Pharmactls,0,0,0
20090608,68392,ALTUQ',OTC,0.45,0.45,34834,0,Altus Pharmactls,0,0,0
20090609,68392,ALTUQ',OTC,0.46,0.46,15907,0,Altus Pharmactls,0,0,0
20090610,68392,ALTUQ',OTC,0.58,0.58,44914,0,Altus Pharmactls,0,0,0
20090611,68392,ALTUQ',OTC,0.66,0.66,51926,0,Altus Pharmactls,0,0,0
20090612,68392,ALTUQ',OTC,0.55,0.55,24235,0,Altus Pharmactls,0,0,0
20090615,68392,ALTUQ',OTC,0.59,0.59,27166,0,Altus Pharmactls,0,0,0
20090616,68392,ALTUQ',OTC,0.6,0.6,9804,0,Altus Pharmactls,0,0,0
20090617,68392,ALTUQ',OTC,0.56,0.56,7994,0,Altus Pharmactls,0,0,0
20090618,68392,ALTUQ',OTC,0.5,0.5,8259,0,Altus Pharmactls,0,0,0
20090619,68392,ALTUQ',OTC,0.46,0.46,5138,0,Altus Pharmactls,0,0,0
20090622,68392,ALTUQ',OTC,0.42,0.42,9051,0,Altus Pharmactls,0,0,0
20090623,68392,ALTUQ',OTC,0.49,0.49,9988,0,Altus Pharmactls,0,0,0
20090624,68392,ALTUQ',OTC,0.46,0.46,5552,0,Altus Pharmactls,0,0,0
20090625,68392,ALTUQ',OTC,0.43,0.43,4903,0,Altus Pharmactls,0,0,0
20090626,68392,ALTUQ',OTC,0.42,0.42,4835,0,Altus Pharmactls,0,0,0
20090629,68392,ALTUQ',OTC,0.42,0.42,3781,0,Altus Pharmactls,0,0,0
20090630,68392,ALTUQ',OTC,0.41,0.41,2799,0,Altus Pharmactls,0,0,0
20090701,68392,ALTUQ',OTC,0.43,0.43,3494,0,Altus Pharmactls,0,0,0
20090702,68392,ALTUQ',OTC,0.43,0.43,2662,0,Altus Pharmactls,0,0,0
20090706,68392,ALTUQ',OTC,0.44,0.44,3404,0,Altus Pharmactls,0,0,0
20090707,68392,ALTUQ',OTC,0.47,0.47,11705,0,Altus Pharmactls,0,0,0
20090708,68392,ALTUQ',OTC,0.43,0.43,4738,0,Altus Pharmactls,0,0,0
20090709,68392,ALTUQ',OTC,0.44,0.44,2369,0,Altus Pharmactls,0,0,0
20090710,68392,ALTUQ',OTC,0.4,0.4,2752,0,Altus Pharmactls,0,0,0
20090713,68392,ALTUQ',OTC,0.37,0.37,6221,0,Altus Pharmactls,0,0,0
20090714,68392,ALTUQ',OTC,0.37,0.37,5102,0,Altus Pharmactls,0,0,0
20090715,68392,ALTUQ',OTC,0.38,0.38,3519,0,Altus Pharmactls,0,0,0
20090716,68392,ALTUQ',OTC,0.36,0.36,1957,0,Altus Pharmactls,0,0,0
20090717,68392,ALTUQ',OTC,0.36,0.36,2640,0,Altus Pharmactls,0,0,0
20090720,68392,ALTUQ',OTC,0.38,0.38,2256,0,Altus Pharmactls,0,0,0
20090721,68392,ALTUQ',OTC,0.36,0.36,2156,0,Altus Pharmactls,0,0,0
20090722,68392,ALTUQ',OTC,0.37,0.37,14229,0,Altus Pharmactls,0,0,0
20090723,68392,ALTUQ',OTC,0.35,0.35,6039,0,Altus Pharmactls,0,0,0
20090724,68392,ALTUQ',OTC,0.36,0.36,2808,0,Altus Pharmactls,0,0,0
20090727,68392,ALTUQ',OTC,0.36,0.36,4220,0,Altus Pharmactls,0,0,0
20090728,68392,ALTUQ',OTC,0.38,0.38,3077,0,Altus Pharmactls,0,0,0
20090729,68392,ALTUQ',OTC,0.46,0.46,18035,0,Altus Pharmactls,0,0,0
20090730,68392,ALTUQ',OTC,0.4,0.4,13185,0,Altus Pharmactls,0,0,0
20090731,68392,ALTUQ',OTC,0.4,0.4,3847,0,Altus Pharmactls,0,0,0
20090803,68392,ALTUQ',OTC,0.39,0.39,4510,0,Altus Pharmactls,0,0,0
20090804,68392,ALTUQ',OTC,0.37,0.37,5520,0,Altus Pharmactls,0,0,0
20090805,68392,ALTUQ',OTC,0.35,0.35,10819,0,Altus Pharmactls,0,0,0
20090806,68392,ALTUQ',OTC,0.32,0.32,14792,0,Altus Pharmactls,0,0,0
20090807,68392,ALTUQ',OTC,0.38,0.38,14858,0,Altus Pharmactls,0,0,0
20090810,68392,ALTUQ',OTC,0.38,0.38,9631,0,Altus Pharmactls,0,0,0
20090811,68392,ALTUQ',OTC,0.34,0.34,6995,0,Altus Pharmactls,0,0,0
20090812,68392,ALTUQ',OTC,0.33,0.33,3628,0,Altus Pharmactls,0,0,0
20090813,68392,ALTUQ',OTC,0.31,0.31,10914,0,Altus Pharmactls,0,0,0
20090814,68392,ALTUQ',OTC,0.32,0.32,5578,0,Altus Pharmactls,0,0,0
20090817,68392,ALTUQ',OTC,0.32,0.32,5337,0,Altus Pharmactls,0,0,0
20090818,68392,ALTUQ',OTC,0.31,0.31,3756,0,Altus Pharmactls,0,0,0
20090819,68392,ALTUQ',OTC,0.32,0.32,2355,0,Altus Pharmactls,0,0,0
20090820,68392,ALTUQ',OTC,0.31,0.31,1813,0,Altus Pharmactls,0,0,0
20090821,68392,ALTUQ',OTC,0.31,0.31,1093,0,Altus Pharmactls,0,0,0
20090824,68392,ALTUQ',OTC,0.32,0.32,4185,0,Altus Pharmactls,0,0,0
20090825,68392,ALTUQ',OTC,0.36,0.36,17464,0,Altus Pharmactls,0,0,0
20090826,68392,ALTUQ',OTC,0.34,0.34,4643,0,Altus Pharmactls,0,0,0
20090827,68392,ALTUQ',OTC,0.33,0.33,3608,0,Altus Pharmactls,0,0,0
20090828,68392,ALTUQ',OTC,0.34,0.34,3486,0,Altus Pharmactls,0,0,0
20090831,68392,ALTUQ',OTC,0.34,0.34,5512,0,Altus Pharmactls,0,0,0
20090901,68392,ALTUQ',OTC,0.33,0.33,11508,0,Altus Pharmactls,0,0,0
20090902,68392,ALTUQ',OTC,0.31,0.31,1408,0,Altus Pharmactls,0,0,0
20090903,68392,ALTUQ',OTC,0.31,0.31,1188,0,Altus Pharmactls,0,0,0
20090904,68392,ALTUQ',OTC,0.32,0.32,1828,0,Altus Pharmactls,0,0,0
20090908,68392,ALTUQ',OTC,0.3,0.3,10955,0,Altus Pharmactls,0,0,0
20090909,68392,ALTUQ',OTC,0.32,0.32,4254,0,Altus Pharmactls,0,0,0
20090910,68392,ALTUQ',OTC,0.34,0.34,8204,0,Altus Pharmactls,0,0,0
20090911,68392,ALTUQ',OTC,0.34,0.34,4318,0,Altus Pharmactls,0,0,0
20090914,68392,ALTUQ',OTC,0.32,0.32,9367,0,Altus Pharmactls,0,0,0
20090915,68392,ALTUQ',OTC,0.22,0.22,123157,0,Altus Pharmactls,0,0,0
20090916,68392,ALTUQ',OTC,0.19,0.19,58617,0,Altus Pharmactls,0,0,0
20090917,68392,ALTUQ',OTC,0.23,0.23,45771,0,Altus Pharmactls,0,0,0
20090918,68392,ALTUQ',OTC,0.2,0.2,33027,0,Altus Pharmactls,0,0,0
20090921,68392,ALTUQ',OTC,0.19,0.19,23426,0,Altus Pharmactls,0,0,0
20090922,68392,ALTUQ',OTC,0.19,0.19,20035,0,Altus Pharmactls,0,0,0
20090923,68392,ALTUQ',OTC,0.21,0.21,22249,0,Altus Pharmactls,0,0,0
20090924,68392,ALTUQ',OTC,0.21,0.21,10855,0,Altus Pharmactls,0,0,0
20090925,68392,ALTUQ',OTC,0.2,0.2,5364,0,Altus Pharmactls,0,0,0
20090928,68392,ALTUQ',OTC,0.19,0.19,6604,0,Altus Pharmactls,0,0,0
20090929,68392,ALTUQ',OTC,0.19,0.19,3531,0,Altus Pharmactls,0,0,0
20090930,68392,ALTUQ',OTC,0.2,0.2,7034,0,Altus Pharmactls,0,0,0
20091001,68392,ALTUQ',OTC,0.2,0.2,7740,0,Altus Pharmactls,0,0,0
20091002,68392,ALTUQ',OTC,0.19,0.19,4143,0,Altus Pharmactls,0,0,0
20091005,68392,ALTUQ',OTC,0.19,0.19,2611,0,Altus Pharmactls,0,0,0
20091006,68392,ALTUQ',OTC,0.18,0.18,8673,0,Altus Pharmactls,0,0,0
20091007,68392,ALTUQ',OTC,0.18,0.18,3659,0,Altus Pharmactls,0,0,0
20091008,68392,ALTUQ',OTC,0.18,0.18,7429,0,Altus Pharmactls,0,0,0
20091009,68392,ALTUQ',OTC,0.18,0.18,3847,0,Altus Pharmactls,0,0,0
20091012,68392,ALTUQ',OTC,0.19,0.19,3344,0,Altus Pharmactls,0,0,0
20091013,68392,ALTUQ',OTC,0.18,0.18,1882,0,Altus Pharmactls,0,0,0
20091014,68392,ALTUQ',OTC,0.18,0.18,2434,0,Altus Pharmactls,0,0,0
20091015,68392,ALTUQ',OTC,0.17,0.17,4435,0,Altus Pharmactls,0,0,0
20091016,68392,ALTUQ',OTC,0.16,0.16,7564,0,Altus Pharmactls,0,0,0
20091019,68392,ALTUQ',OTC,0.17,0.17,6009,0,Altus Pharmactls,0,0,0
20091020,68392,ALTUQ',OTC,0.16,0.16,2288,0,Altus Pharmactls,0,0,0
20091021,68392,ALTUQ',OTC,0.15,0.15,7925,0,Altus Pharmactls,0,0,0
20091022,68392,ALTUQ',OTC,0.13,0.13,13530,0,Altus Pharmactls,0,0,0
20091023,68392,ALTUQ',OTC,0.14,0.14,2311,0,Altus Pharmactls,0,0,0
20091026,68392,ALTUQ',OTC,0.13,0.13,6725,0,Altus Pharmactls,0,0,0
20091027,68392,ALTUQ',OTC,0.12,0.12,5949,0,Altus Pharmactls,0,0,0
20091028,68392,ALTUQ',OTC,0.26,0.26,51157,0,Altus Pharmactls,0,0,0
20091029,68392,ALTUQ',OTC,0.19,0.19,18824,0,Altus Pharmactls,0,0,0
20091030,68392,ALTUQ',OTC,0.15,0.15,7489,0,Altus Pharmactls,0,0,0
20091102,68392,ALTUQ',OTC,0.16,0.16,8179,0,Altus Pharmactls,0,0,0
20091103,68392,ALTUQ',OTC,0.17,0.17,3889,0,Altus Pharmactls,0,0,0
20091104,68392,ALTUQ',OTC,0.16,0.16,3743,0,Altus Pharmactls,0,0,0
20091105,68392,ALTUQ',OTC,0.16,0.16,5447,0,Altus Pharmactls,0,0,0
20091106,68392,ALTUQ',OTC,0.16,0.16,800,0,Altus Pharmactls,0,0,0
20091109,68392,ALTUQ',OTC,0.16,0.16,1656,0,Altus Pharmactls,0,0,0
20091110,68392,ALTUQ',OTC,0.17,0.17,3035,0,Altus Pharmactls,0,0,0
20091111,68392,ALTUQ',OTC,0.1,0.1,25584,0,Altus Pharmactls,0,0,0
20091112,68392,ALTUQ',OTC,0.08,0.08,65370,0,Altus Pharmactls,0,0,0
20091113,68392,ALTUQ',OTC,0.07,0.07,15663,0,Altus Pharmactls,0,0,0
20091116,68392,ALTUQ',OTC,0.06,0.06,30684,0,Altus Pharmactls,0,0,0
20091117,68392,ALTUQ',OTC,0.05,0.05,14538,0,Altus Pharmactls,0,0,0
20091118,68392,ALTUQ',OTC,0.05,0.05,24081,0,Altus Pharmactls,0,0,0
20091119,68392,ALTUQ',OTC,0.05,0.05,6619,0,Altus Pharmactls,0,0,0
20091120,68392,ALTUQ',OTC,0.09,0.09,163161,0,Altus Pharmactls,0,0,0
20091123,68392,ALTUQ',OTC,0.09,0.09,0,0,Altus Pharmactls,0,0,0
20091124,68392,ALTUQ',OTC,0.09,0.09,0,0,Altus Pharmactls,0,0,0
