DDate,CSINumber,Symbol,Exchange,DClose,UnAdjustedClose,TotalVolume,Cash,MarketName,PTB,PSR,DPS
20060612,68842,SEYUF',OTC,11.63,11.63,78,0,Strategic Energy,0,0,0
20060613,68842,SEYUF',OTC,11.1,11.1,60,0,Strategic Energy,0,0,0
20060614,68842,SEYUF',OTC,11.2,11.2,47,0,Strategic Energy,0,0,0
20060615,68842,SEYUF',OTC,11.3,11.3,159,0,Strategic Energy,0,0,0
20060616,68842,SEYUF',OTC,11.37,11.37,69,0,Strategic Energy,0,0,0
20060619,68842,SEYUF',OTC,11.1,11.1,100,0,Strategic Energy,0,0,0
20060620,68842,SEYUF',OTC,11.3,11.3,34,0,Strategic Energy,0,0,0
20060621,68842,SEYUF',OTC,11.3,11.3,68,0,Strategic Energy,0,0,0
20060622,68842,SEYUF',OTC,11.24,11.24,184,0,Strategic Energy,0,0,0
20060623,68842,SEYUF',OTC,11.35,11.35,57,0,Strategic Energy,0,0,0
20060626,68842,SEYUF',OTC,11.38,11.38,32,0,Strategic Energy,0,0,0
20060627,68842,SEYUF',OTC,11.34,11.34,74,0,Strategic Energy,0,0,0
20060628,68842,SEYUF',OTC,11.33,11.33,23,0,Strategic Energy,0,0,0
20060629,68842,SEYUF',OTC,11.46,11.46,84,0,Strategic Energy,0,0,0
20060630,68842,SEYUF',OTC,11.46,11.46,73,0,Strategic Energy,0,0,0
20060703,68842,SEYUF',OTC,11.46,11.46,0,0,Strategic Energy,0,0,0
20060705,68842,SEYUF',OTC,11.66,11.66,84,0,Strategic Energy,0,0,0
20060706,68842,SEYUF',OTC,11.69,11.69,32,0,Strategic Energy,0,0,0
20060707,68842,SEYUF',OTC,11.89,11.89,88,0,Strategic Energy,0,0,0
20060710,68842,SEYUF',OTC,11.73,11.73,485,0,Strategic Energy,0,0,0
20060711,68842,SEYUF',OTC,11.76,11.76,77,0,Strategic Energy,0,0,0
20060712,68842,SEYUF',OTC,11.66,11.66,53,0,Strategic Energy,0,0,0
20060713,68842,SEYUF',OTC,11.65,11.65,83,0,Strategic Energy,0,0,0
20060714,68842,SEYUF',OTC,11.41,11.41,97,0,Strategic Energy,0,0,0
20060717,68842,SEYUF',OTC,11.38,11.38,161,0,Strategic Energy,0,0,0
20060718,68842,SEYUF',OTC,11.37,11.37,63,0,Strategic Energy,0,0,0
20060719,68842,SEYUF',OTC,11.49,11.49,26,0,Strategic Energy,0,0,0
20060720,68842,SEYUF',OTC,11.48,11.48,7,0,Strategic Energy,0,0,0
20060721,68842,SEYUF',OTC,11.13,11.13,21,0,Strategic Energy,0,0,0
20060724,68842,SEYUF',OTC,11.3,11.3,29,0,Strategic Energy,0,0,0
20060725,68842,SEYUF',OTC,11.48,11.48,15,0,Strategic Energy,0,0,0
20060726,68842,SEYUF',OTC,11.49,11.49,1,0,Strategic Energy,0,0,0
20060727,68842,SEYUF',OTC,11.52,11.52,10,0,Strategic Energy,0,0,0
20060728,68842,SEYUF',OTC,11.52,11.52,0,0,Strategic Energy,0,0,0
20060731,68842,SEYUF',OTC,11.67,11.67,3,0,Strategic Energy,0,0,0
20060801,68842,SEYUF',OTC,11.81,11.81,22,0,Strategic Energy,0,0,0
20060802,68842,SEYUF',OTC,11.91,11.91,5,0,Strategic Energy,0,0,0
20060803,68842,SEYUF',OTC,11.9,11.9,127,0,Strategic Energy,0,0,0
20060804,68842,SEYUF',OTC,11.85,11.85,148,0,Strategic Energy,0,0,0
20060807,68842,SEYUF',OTC,11.85,11.85,0,0,Strategic Energy,0,0,0
20060808,68842,SEYUF',OTC,12.03,12.03,78,0,Strategic Energy,0,0,0
20060809,68842,SEYUF',OTC,12.06,12.06,129,0,Strategic Energy,0,0,0
20060810,68842,SEYUF',OTC,11.95,11.95,28,0,Strategic Energy,0,0,0
20060811,68842,SEYUF',OTC,12.13,12.13,3,0,Strategic Energy,0,0,0
20060814,68842,SEYUF',OTC,11.76,11.76,56,0,Strategic Energy,0,0,0
20060815,68842,SEYUF',OTC,11.94,11.94,9,0,Strategic Energy,0,0,0
20060816,68842,SEYUF',OTC,12.04,12.04,3,0,Strategic Energy,0,0,0
20060817,68842,SEYUF',OTC,11.95,11.95,11,0,Strategic Energy,0,0,0
20060818,68842,SEYUF',OTC,11.95,11.95,0,0,Strategic Energy,0,0,0
20060821,68842,SEYUF',OTC,11.91,11.91,122,0,Strategic Energy,0,0,0
20060822,68842,SEYUF',OTC,12.05,12.05,21,0,Strategic Energy,0,0,0
20060823,68842,SEYUF',OTC,12.03,12.03,62,0,Strategic Energy,0,0,0
20060824,68842,SEYUF',OTC,12.02,12.02,37,0,Strategic Energy,0,0,0
20060825,68842,SEYUF',OTC,12.05,12.05,12,0,Strategic Energy,0,0,0
20060828,68842,SEYUF',OTC,11.99,11.99,78,0,Strategic Energy,0,0,0
20060829,68842,SEYUF',OTC,11.92,11.92,56,0,Strategic Energy,0,0,0
20060830,68842,SEYUF',OTC,11.36,11.36,155,0,Strategic Energy,0,0,0
20060831,68842,SEYUF',OTC,11.86,11.86,9,0,Strategic Energy,0,0,0
20060901,68842,SEYUF',OTC,11.7,11.7,11,0,Strategic Energy,0,0,0
20060905,68842,SEYUF',OTC,11.64,11.64,2,0,Strategic Energy,0,0,0
20060906,68842,SEYUF',OTC,11.41,11.41,17,0,Strategic Energy,0,0,0
20060907,68842,SEYUF',OTC,11.32,11.32,3,0,Strategic Energy,0,0,0
20060908,68842,SEYUF',OTC,11.26,11.26,7,0,Strategic Energy,0,0,0
20060911,68842,SEYUF',OTC,10.97,10.97,42,0,Strategic Energy,0,0,0
20060912,68842,SEYUF',OTC,10.84,10.84,100,0,Strategic Energy,0,0,0
20060913,68842,SEYUF',OTC,11.07,11.07,23,0,Strategic Energy,0,0,0
20060914,68842,SEYUF',OTC,11.07,11.07,0,0,Strategic Energy,0,0,0
20060915,68842,SEYUF',OTC,10.8,10.8,13,0,Strategic Energy,0,0,0
20060918,68842,SEYUF',OTC,11.01,11.01,11,0,Strategic Energy,0,0,0
20060919,68842,SEYUF',OTC,10.81,10.81,3,0,Strategic Energy,0,0,0
20060920,68842,SEYUF',OTC,10.45,10.45,54,0,Strategic Energy,0,0,0
20060921,68842,SEYUF',OTC,10.45,10.45,0,0,Strategic Energy,0,0,0
20060922,68842,SEYUF',OTC,10.45,10.45,0,0,Strategic Energy,0,0,0
20060925,68842,SEYUF',OTC,9.99,9.99,55,0,Strategic Energy,0,0,0
20060926,68842,SEYUF',OTC,10.31,10.31,26,0,Strategic Energy,0,0,0
20060927,68842,SEYUF',OTC,10.45,10.45,52,0,Strategic Energy,0,0,0
20060928,68842,SEYUF',OTC,10.64,10.64,21,0,Strategic Energy,0,0,0
20060929,68842,SEYUF',OTC,10.64,10.64,17,0,Strategic Energy,0,0,0
20061002,68842,SEYUF',OTC,10.51,10.51,43,0,Strategic Energy,0,0,0
20061003,68842,SEYUF',OTC,10.02,10.02,40,0,Strategic Energy,0,0,0
20061004,68842,SEYUF',OTC,10,10,11,0,Strategic Energy,0,0,0
20061005,68842,SEYUF',OTC,10.03,10.03,223,0,Strategic Energy,0,0,0
20061006,68842,SEYUF',OTC,10.04,10.04,92,0,Strategic Energy,0,0,0
20061009,68842,SEYUF',OTC,10.04,10.04,0,0,Strategic Energy,0,0,0
20061010,68842,SEYUF',OTC,10,10,28,0,Strategic Energy,0,0,0
20061011,68842,SEYUF',OTC,10.28,10.28,52,0,Strategic Energy,0,0,0
20061012,68842,SEYUF',OTC,10.34,10.34,10,0,Strategic Energy,0,0,0
20061013,68842,SEYUF',OTC,10.55,10.55,38,0,Strategic Energy,0,0,0
20061016,68842,SEYUF',OTC,10.54,10.54,241,0,Strategic Energy,0,0,0
20061017,68842,SEYUF',OTC,10.56,10.56,241,0,Strategic Energy,0,0,0
20061018,68842,SEYUF',OTC,10.57,10.57,59,0,Strategic Energy,0,0,0
20061019,68842,SEYUF',OTC,10.7,10.7,40,0,Strategic Energy,0,0,0
20061020,68842,SEYUF',OTC,10.74,10.74,15,0,Strategic Energy,0,0,0
20061023,68842,SEYUF',OTC,10.68,10.68,137,0,Strategic Energy,0,0,0
20061024,68842,SEYUF',OTC,10.65,10.65,19,0,Strategic Energy,0,0,0
20061025,68842,SEYUF',OTC,10.62,10.62,203,0,Strategic Energy,0,0,0
20061026,68842,SEYUF',OTC,10.88,10.88,190,0,Strategic Energy,0,0,0
20061027,68842,SEYUF',OTC,10.73,10.73,15,0,Strategic Energy,0,0,0
20061030,68842,SEYUF',OTC,10.66,10.66,27,0,Strategic Energy,0,0,0
20061031,68842,SEYUF',OTC,10.81,10.81,11,0,Strategic Energy,0,0,0
20061101,68842,SEYUF',OTC,10.01,10.01,180,0,Strategic Energy,0,0,0
20061102,68842,SEYUF',OTC,8.96,8.96,108,0,Strategic Energy,0,0,0
20061103,68842,SEYUF',OTC,9.4,9.4,152,0,Strategic Energy,0,0,0
20061106,68842,SEYUF',OTC,9.1,9.1,84,0,Strategic Energy,0,0,0
20061107,68842,SEYUF',OTC,8.95,8.95,30,0,Strategic Energy,0,0,0
20061108,68842,SEYUF',OTC,9.06,9.06,35,0,Strategic Energy,0,0,0
20061109,68842,SEYUF',OTC,9.03,9.03,3,0,Strategic Energy,0,0,0
20061110,68842,SEYUF',OTC,8.43,8.43,74,0,Strategic Energy,0,0,0
20061113,68842,SEYUF',OTC,8,8,188,0,Strategic Energy,0,0,0
20061114,68842,SEYUF',OTC,7.47,7.47,80,0,Strategic Energy,0,0,0
20061115,68842,SEYUF',OTC,8,8,152,0,Strategic Energy,0,0,0
20061116,68842,SEYUF',OTC,7.96,7.96,233,0,Strategic Energy,0,0,0
20061117,68842,SEYUF',OTC,7.91,7.91,87,0,Strategic Energy,0,0,0
20061120,68842,SEYUF',OTC,7.76,7.76,53,0,Strategic Energy,0,0,0
20061121,68842,SEYUF',OTC,8.1,8.1,137,0,Strategic Energy,0,0,0
20061122,68842,SEYUF',OTC,8.25,8.25,41,0,Strategic Energy,0,0,0
20061124,68842,SEYUF',OTC,8.25,8.25,0,0,Strategic Energy,0,0,0
20061127,68842,SEYUF',OTC,8.18,8.18,110,0,Strategic Energy,0,0,0
20061128,68842,SEYUF',OTC,8.03,8.03,65,0,Strategic Energy,0,0,0
20061129,68842,SEYUF',OTC,8.05,8.05,169,0,Strategic Energy,0,0,0
20061130,68842,SEYUF',OTC,8.26,8.26,155,0,Strategic Energy,0,0,0
20061201,68842,SEYUF',OTC,8.11,8.11,54,0,Strategic Energy,0,0,0
20061204,68842,SEYUF',OTC,8.32,8.32,319,0,Strategic Energy,0,0,0
20061205,68842,SEYUF',OTC,8.53,8.53,54,0,Strategic Energy,0,0,0
20061206,68842,SEYUF',OTC,8.45,8.45,106,0,Strategic Energy,0,0,0
20061207,68842,SEYUF',OTC,8.45,8.45,23,0,Strategic Energy,0,0,0
20061208,68842,SEYUF',OTC,8.35,8.35,125,0,Strategic Energy,0,0,0
20061211,68842,SEYUF',OTC,8.17,8.17,39,0,Strategic Energy,0,0,0
20061212,68842,SEYUF',OTC,8.09,8.09,140,0,Strategic Energy,0,0,0
20061213,68842,SEYUF',OTC,7.96,7.96,129,0,Strategic Energy,0,0,0
20061214,68842,SEYUF',OTC,8.08,8.08,232,0,Strategic Energy,0,0,0
20061215,68842,SEYUF',OTC,8.03,8.03,21,0,Strategic Energy,0,0,0
20061218,68842,SEYUF',OTC,8.15,8.15,343,0,Strategic Energy,0,0,0
20061219,68842,SEYUF',OTC,8.17,8.17,521,0,Strategic Energy,0,0,0
20061220,68842,SEYUF',OTC,7.99,7.99,55,0,Strategic Energy,0,0,0
20061221,68842,SEYUF',OTC,7.9,7.9,328,0,Strategic Energy,0,0,0
20061222,68842,SEYUF',OTC,7.89,7.89,389,0,Strategic Energy,0,0,0
20061226,68842,SEYUF',OTC,7.89,7.89,0,0,Strategic Energy,0,0,0
20061227,68842,SEYUF',OTC,8.17,8.17,863,0,Strategic Energy,0,0,0
20061228,68842,SEYUF',OTC,8.45,8.45,322,0,Strategic Energy,0,0,0
20061229,68842,SEYUF',OTC,8.46,8.46,242,0,Strategic Energy,0,0,0
20070103,68842,SEYUF',OTC,8.2,8.2,33,0,Strategic Energy,0,0,0
20070104,68842,SEYUF',OTC,8.01,8.01,33,0,Strategic Energy,0,0,0
20070105,68842,SEYUF',OTC,7.96,7.96,66,0,Strategic Energy,0,0,0
20070108,68842,SEYUF',OTC,8,8,86,0,Strategic Energy,0,0,0
20070109,68842,SEYUF',OTC,8,8,271,0,Strategic Energy,0,0,0
20070110,68842,SEYUF',OTC,7.89,7.89,21,0,Strategic Energy,0,0,0
20070111,68842,SEYUF',OTC,8,8,110,0,Strategic Energy,0,0,0
20070112,68842,SEYUF',OTC,8.13,8.13,217,0,Strategic Energy,0,0,0
20070116,68842,SEYUF',OTC,7.93,7.93,95,0,Strategic Energy,0,0,0
20070117,68842,SEYUF',OTC,8.07,8.07,110,0,Strategic Energy,0,0,0
20070118,68842,SEYUF',OTC,8.05,8.05,8,0,Strategic Energy,0,0,0
20070119,68842,SEYUF',OTC,8.03,8.03,19,0,Strategic Energy,0,0,0
20070122,68842,SEYUF',OTC,7.86,7.86,36,0,Strategic Energy,0,0,0
20070123,68842,SEYUF',OTC,7.69,7.69,546,0,Strategic Energy,0,0,0
20070124,68842,SEYUF',OTC,7.55,7.55,21,0,Strategic Energy,0,0,0
20070125,68842,SEYUF',OTC,7.5,7.5,157,0,Strategic Energy,0,0,0
20070126,68842,SEYUF',OTC,7.5,7.5,182,0,Strategic Energy,0,0,0
20070129,68842,SEYUF',OTC,7.5,7.5,0,0,Strategic Energy,0,0,0
20070130,68842,SEYUF',OTC,7.53,7.53,4,0,Strategic Energy,0,0,0
20070131,68842,SEYUF',OTC,7.7,7.7,59,0,Strategic Energy,0,0,0
20070201,68842,SEYUF',OTC,7.94,7.94,10,0,Strategic Energy,0,0,0
20070202,68842,SEYUF',OTC,7.84,7.84,57,0,Strategic Energy,0,0,0
20070205,68842,SEYUF',OTC,7.73,7.73,110,0,Strategic Energy,0,0,0
20070206,68842,SEYUF',OTC,7.86,7.86,10,0,Strategic Energy,0,0,0
20070207,68842,SEYUF',OTC,7.86,7.86,0,0,Strategic Energy,0,0,0
20070208,68842,SEYUF',OTC,7.82,7.82,2,0,Strategic Energy,0,0,0
20070209,68842,SEYUF',OTC,7.88,7.88,7,0,Strategic Energy,0,0,0
20070212,68842,SEYUF',OTC,7.85,7.85,16,0,Strategic Energy,0,0,0
20070213,68842,SEYUF',OTC,7.81,7.81,4,0,Strategic Energy,0,0,0
20070214,68842,SEYUF',OTC,7.87,7.87,300,0,Strategic Energy,0,0,0
20070215,68842,SEYUF',OTC,7.86,7.86,58,0,Strategic Energy,0,0,0
20070216,68842,SEYUF',OTC,7.86,7.86,24,0,Strategic Energy,0,0,0
20070220,68842,SEYUF',OTC,7.78,7.78,6,0,Strategic Energy,0,0,0
20070221,68842,SEYUF',OTC,7.79,7.79,260,0,Strategic Energy,0,0,0
20070222,68842,SEYUF',OTC,7.82,7.82,99,0,Strategic Energy,0,0,0
20070223,68842,SEYUF',OTC,7.85,7.85,89,0,Strategic Energy,0,0,0
20070226,68842,SEYUF',OTC,7.8,7.8,106,0,Strategic Energy,0,0,0
20070227,68842,SEYUF',OTC,7.75,7.75,147,0,Strategic Energy,0,0,0
20070228,68842,SEYUF',OTC,7.62,7.62,85,0,Strategic Energy,0,0,0
20070301,68842,SEYUF',OTC,7.61,7.61,107,0,Strategic Energy,0,0,0
20070302,68842,SEYUF',OTC,7.63,7.63,126,0,Strategic Energy,0,0,0
20070305,68842,SEYUF',OTC,7.46,7.46,7,0,Strategic Energy,0,0,0
20070306,68842,SEYUF',OTC,7.52,7.52,20,0,Strategic Energy,0,0,0
20070307,68842,SEYUF',OTC,7.69,7.69,131,0,Strategic Energy,0,0,0
20070308,68842,SEYUF',OTC,7.72,7.72,33,0,Strategic Energy,0,0,0
20070309,68842,SEYUF',OTC,7.75,7.75,12,0,Strategic Energy,0,0,0
20070312,68842,SEYUF',OTC,7.67,7.67,13,0,Strategic Energy,0,0,0
20070313,68842,SEYUF',OTC,7.67,7.67,0,0,Strategic Energy,0,0,0
20070314,68842,SEYUF',OTC,7.56,7.56,8,0,Strategic Energy,0,0,0
20070315,68842,SEYUF',OTC,7.58,7.58,20,0,Strategic Energy,0,0,0
20070316,68842,SEYUF',OTC,7.53,7.53,39,0,Strategic Energy,0,0,0
20070319,68842,SEYUF',OTC,7.51,7.51,10,0,Strategic Energy,0,0,0
20070320,68842,SEYUF',OTC,7.53,7.53,24,0,Strategic Energy,0,0,0
20070321,68842,SEYUF',OTC,7.76,7.76,77,0,Strategic Energy,0,0,0
20070322,68842,SEYUF',OTC,7.72,7.72,148,0,Strategic Energy,0,0,0
20070323,68842,SEYUF',OTC,7.63,7.63,240,0,Strategic Energy,0,0,0
20070326,68842,SEYUF',OTC,7.63,7.63,408,0,Strategic Energy,0,0,0
20070327,68842,SEYUF',OTC,7.68,7.68,208,0,Strategic Energy,0,0,0
20070328,68842,SEYUF',OTC,7.75,7.75,94,0,Strategic Energy,0,0,0
20070329,68842,SEYUF',OTC,7.74,7.74,618,0,Strategic Energy,0,0,0
20070330,68842,SEYUF',OTC,7.85,7.85,77,0,Strategic Energy,0,0,0
20070402,68842,SEYUF',OTC,7.75,7.75,50,0,Strategic Energy,0,0,0
20070403,68842,SEYUF',OTC,7.7,7.7,65,0,Strategic Energy,0,0,0
20070404,68842,SEYUF',OTC,7.74,7.74,213,0,Strategic Energy,0,0,0
20070405,68842,SEYUF',OTC,7.87,7.87,21,0,Strategic Energy,0,0,0
20070409,68842,SEYUF',OTC,7.82,7.82,25,0,Strategic Energy,0,0,0
20070410,68842,SEYUF',OTC,7.73,7.73,206,0,Strategic Energy,0,0,0
20070411,68842,SEYUF',OTC,7.77,7.77,262,0,Strategic Energy,0,0,0
20070412,68842,SEYUF',OTC,7.83,7.83,50,0,Strategic Energy,0,0,0
20070413,68842,SEYUF',OTC,8,8,87,0,Strategic Energy,0,0,0
20070416,68842,SEYUF',OTC,8.12,8.12,29,0,Strategic Energy,0,0,0
20070417,68842,SEYUF',OTC,8.01,8.01,34,0,Strategic Energy,0,0,0
20070418,68842,SEYUF',OTC,7.91,7.91,37,0,Strategic Energy,0,0,0
20070419,68842,SEYUF',OTC,8,8,46,0,Strategic Energy,0,0,0
20070420,68842,SEYUF',OTC,8.17,8.17,11,0,Strategic Energy,0,0,0
20070423,68842,SEYUF',OTC,8.41,8.41,283,0,Strategic Energy,0,0,0
20070424,68842,SEYUF',OTC,8.38,8.38,20,0,Strategic Energy,0,0,0
20070425,68842,SEYUF',OTC,8.55,8.55,16,0,Strategic Energy,0,0,0
20070426,68842,SEYUF',OTC,8.35,8.35,71,0,Strategic Energy,0,0,0
20070427,68842,SEYUF',OTC,8.4,8.4,519,0,Strategic Energy,0,0,0
20070430,68842,SEYUF',OTC,8.51,8.51,160,0,Strategic Energy,0,0,0
20070501,68842,SEYUF',OTC,8.51,8.51,0,0,Strategic Energy,0,0,0
20070502,68842,SEYUF',OTC,8.44,8.44,40,0,Strategic Energy,0,0,0
20070503,68842,SEYUF',OTC,8.48,8.48,55,0,Strategic Energy,0,0,0
20070504,68842,SEYUF',OTC,8.55,8.55,20,0,Strategic Energy,0,0,0
20070507,68842,SEYUF',OTC,8.56,8.56,49,0,Strategic Energy,0,0,0
20070508,68842,SEYUF',OTC,8.55,8.55,7,0,Strategic Energy,0,0,0
20070509,68842,SEYUF',OTC,8.5,8.5,32,0,Strategic Energy,0,0,0
20070510,68842,SEYUF',OTC,8.5,8.5,0,0,Strategic Energy,0,0,0
20070511,68842,SEYUF',OTC,8.54,8.54,103,0,Strategic Energy,0,0,0
20070514,68842,SEYUF',OTC,8.53,8.53,20,0,Strategic Energy,0,0,0
20070515,68842,SEYUF',OTC,8.63,8.63,87,0,Strategic Energy,0,0,0
20070516,68842,SEYUF',OTC,8.65,8.65,154,0,Strategic Energy,0,0,0
20070517,68842,SEYUF',OTC,8.79,8.79,172,0,Strategic Energy,0,0,0
20070518,68842,SEYUF',OTC,8.86,8.86,168,0,Strategic Energy,0,0,0
20070521,68842,SEYUF',OTC,8.86,8.86,0,0,Strategic Energy,0,0,0
20070522,68842,SEYUF',OTC,9.03,9.03,114,0,Strategic Energy,0,0,0
20070523,68842,SEYUF',OTC,8.93,8.93,2,0,Strategic Energy,0,0,0
20070524,68842,SEYUF',OTC,8.55,8.55,49,0,Strategic Energy,0,0,0
20070525,68842,SEYUF',OTC,8.49,8.49,57,0,Strategic Energy,0,0,0
20070529,68842,SEYUF',OTC,8.45,8.45,27,0,Strategic Energy,0,0,0
20070530,68842,SEYUF',OTC,8.5,8.5,192,0,Strategic Energy,0,0,0
20070531,68842,SEYUF',OTC,8.56,8.56,10,0,Strategic Energy,0,0,0
20070601,68842,SEYUF',OTC,8.72,8.72,27,0,Strategic Energy,0,0,0
20070604,68842,SEYUF',OTC,8.83,8.83,93,0,Strategic Energy,0,0,0
20070605,68842,SEYUF',OTC,8.89,8.89,1028,0,Strategic Energy,0,0,0
20070606,68842,SEYUF',OTC,9.18,9.18,297,0,Strategic Energy,0,0,0
20070607,68842,SEYUF',OTC,9.06,9.06,104,0,Strategic Energy,0,0,0
20070608,68842,SEYUF',OTC,8.9,8.9,171,0,Strategic Energy,0,0,0
20070611,68842,SEYUF',OTC,8.85,8.85,264,0,Strategic Energy,0,0,0
20070612,68842,SEYUF',OTC,8.8,8.8,63,0,Strategic Energy,0,0,0
20070613,68842,SEYUF',OTC,8.75,8.75,99,0,Strategic Energy,0,0,0
20070614,68842,SEYUF',OTC,8.6,8.6,78,0,Strategic Energy,0,0,0
20070615,68842,SEYUF',OTC,8.61,8.61,31,0,Strategic Energy,0,0,0
20070618,68842,SEYUF',OTC,8.48,8.48,5,0,Strategic Energy,0,0,0
20070619,68842,SEYUF',OTC,8.55,8.55,43,0,Strategic Energy,0,0,0
20070620,68842,SEYUF',OTC,8.59,8.59,131,0,Strategic Energy,0,0,0
20070621,68842,SEYUF',OTC,8.5,8.5,15,0,Strategic Energy,0,0,0
20070622,68842,SEYUF',OTC,8.53,8.53,59,0,Strategic Energy,0,0,0
20070625,68842,SEYUF',OTC,8.31,8.31,30,0,Strategic Energy,0,0,0
20070626,68842,SEYUF',OTC,8.13,8.13,151,0,Strategic Energy,0,0,0
20070627,68842,SEYUF',OTC,8.06,8.06,1,0,Strategic Energy,0,0,0
20070628,68842,SEYUF',OTC,8.06,8.06,0,0,Strategic Energy,0,0,0
20070629,68842,SEYUF',OTC,8.43,8.43,14,0,Strategic Energy,0,0,0
20070702,68842,SEYUF',OTC,8.43,8.43,0,0,Strategic Energy,0,0,0
20070703,68842,SEYUF',OTC,8.42,8.42,15,0,Strategic Energy,0,0,0
20070705,68842,SEYUF',OTC,8.54,8.54,54,0,Strategic Energy,0,0,0
20070706,68842,SEYUF',OTC,8.69,8.69,16,0,Strategic Energy,0,0,0
20070709,68842,SEYUF',OTC,8.65,8.65,26,0,Strategic Energy,0,0,0
20070710,68842,SEYUF',OTC,8.63,8.63,21,0,Strategic Energy,0,0,0
20070711,68842,SEYUF',OTC,8.58,8.58,23,0,Strategic Energy,0,0,0
20070712,68842,SEYUF',OTC,8.58,8.58,0,0,Strategic Energy,0,0,0
20070713,68842,SEYUF',OTC,8.65,8.65,11,0,Strategic Energy,0,0,0
20070716,68842,SEYUF',OTC,8.65,8.65,0,0,Strategic Energy,0,0,0
20070717,68842,SEYUF',OTC,8.65,8.65,0,0,Strategic Energy,0,0,0
20070718,68842,SEYUF',OTC,8.53,8.53,50,0,Strategic Energy,0,0,0
20070719,68842,SEYUF',OTC,8.56,8.56,155,0,Strategic Energy,0,0,0
20070720,68842,SEYUF',OTC,8.53,8.53,226,0,Strategic Energy,0,0,0
20070723,68842,SEYUF',OTC,8.45,8.45,20,0,Strategic Energy,0,0,0
20070724,68842,SEYUF',OTC,8.37,8.37,44,0,Strategic Energy,0,0,0
20070725,68842,SEYUF',OTC,8.4,8.4,4,0,Strategic Energy,0,0,0
20070726,68842,SEYUF',OTC,8.38,8.38,45,0,Strategic Energy,0,0,0
20070727,68842,SEYUF',OTC,8.38,8.38,0,0,Strategic Energy,0,0,0
20070730,68842,SEYUF',OTC,8.38,8.38,0,0,Strategic Energy,0,0,0
20070731,68842,SEYUF',OTC,8.12,8.12,27,0,Strategic Energy,0,0,0
20070801,68842,SEYUF',OTC,8.23,8.23,46,0,Strategic Energy,0,0,0
20070802,68842,SEYUF',OTC,8.25,8.25,4,0,Strategic Energy,0,0,0
20070803,68842,SEYUF',OTC,8.38,8.38,5,0,Strategic Energy,0,0,0
20070806,68842,SEYUF',OTC,8.38,8.38,0,0,Strategic Energy,0,0,0
20070807,68842,SEYUF',OTC,8.44,8.44,2,0,Strategic Energy,0,0,0
20070808,68842,SEYUF',OTC,8.44,8.44,0,0,Strategic Energy,0,0,0
20070809,68842,SEYUF',OTC,8,8,5,0,Strategic Energy,0,0,0
20070810,68842,SEYUF',OTC,8.06,8.06,5,0,Strategic Energy,0,0,0
20070813,68842,SEYUF',OTC,8.1,8.1,6,0,Strategic Energy,0,0,0
20070814,68842,SEYUF',OTC,8.1,8.1,1,0,Strategic Energy,0,0,0
20070815,68842,SEYUF',OTC,7.83,7.83,3,0,Strategic Energy,0,0,0
20070816,68842,SEYUF',OTC,7.62,7.62,47,0,Strategic Energy,0,0,0
20070817,68842,SEYUF',OTC,7.85,7.85,5,0,Strategic Energy,0,0,0
20070820,68842,SEYUF',OTC,7.85,7.85,0,0,Strategic Energy,0,0,0
20070821,68842,SEYUF',OTC,7.88,7.88,204,0,Strategic Energy,0,0,0
20070822,68842,SEYUF',OTC,7.93,7.93,23,0,Strategic Energy,0,0,0
20070823,68842,SEYUF',OTC,7.81,7.81,12,0,Strategic Energy,0,0,0
20070824,68842,SEYUF',OTC,7.81,7.81,0,0,Strategic Energy,0,0,0
20070827,68842,SEYUF',OTC,7.7,7.7,25,0,Strategic Energy,0,0,0
20070828,68842,SEYUF',OTC,7.63,7.63,10,0,Strategic Energy,0,0,0
20070829,68842,SEYUF',OTC,7.66,7.66,10,0,Strategic Energy,0,0,0
20070830,68842,SEYUF',OTC,7.7,7.7,5,0,Strategic Energy,0,0,0
20070831,68842,SEYUF',OTC,7.71,7.71,55,0,Strategic Energy,0,0,0
20070904,68842,SEYUF',OTC,7.96,7.96,1,0,Strategic Energy,0,0,0
20070905,68842,SEYUF',OTC,7.95,7.95,5,0,Strategic Energy,0,0,0
20070906,68842,SEYUF',OTC,7.95,7.95,0,0,Strategic Energy,0,0,0
20070907,68842,SEYUF',OTC,7.89,7.89,21,0,Strategic Energy,0,0,0
20070910,68842,SEYUF',OTC,7.89,7.89,44,0,Strategic Energy,0,0,0
20070911,68842,SEYUF',OTC,7.93,7.93,10,0,Strategic Energy,0,0,0
20070912,68842,SEYUF',OTC,8.06,8.06,76,0,Strategic Energy,0,0,0
20070913,68842,SEYUF',OTC,8.17,8.17,66,0,Strategic Energy,0,0,0
20070914,68842,SEYUF',OTC,8.31,8.31,18,0,Strategic Energy,0,0,0
20070917,68842,SEYUF',OTC,8.31,8.31,10,0,Strategic Energy,0,0,0
20070918,68842,SEYUF',OTC,8.33,8.33,2,0,Strategic Energy,0,0,0
20070919,68842,SEYUF',OTC,8.35,8.35,55,0,Strategic Energy,0,0,0
20070920,68842,SEYUF',OTC,8.22,8.22,30,0,Strategic Energy,0,0,0
20070921,68842,SEYUF',OTC,8.22,8.22,1,0,Strategic Energy,0,0,0
20070924,68842,SEYUF',OTC,8.24,8.24,50,0,Strategic Energy,0,0,0
20070925,68842,SEYUF',OTC,8.24,8.24,0,0,Strategic Energy,0,0,0
20070926,68842,SEYUF',OTC,8.24,8.24,0,0,Strategic Energy,0,0,0
20070927,68842,SEYUF',OTC,8.38,8.38,5,0,Strategic Energy,0,0,0
20070928,68842,SEYUF',OTC,8.41,8.41,33,0,Strategic Energy,0,0,0
20071001,68842,SEYUF',OTC,8.34,8.34,11,0,Strategic Energy,0,0,0
20071002,68842,SEYUF',OTC,8.24,8.24,15,0,Strategic Energy,0,0,0
20071003,68842,SEYUF',OTC,8.23,8.23,1,0,Strategic Energy,0,0,0
20071004,68842,SEYUF',OTC,8.23,8.23,0,0,Strategic Energy,0,0,0
20071005,68842,SEYUF',OTC,8.35,8.35,52,0,Strategic Energy,0,0,0
20071008,68842,SEYUF',OTC,8.35,8.35,0,0,Strategic Energy,0,0,0
20071009,68842,SEYUF',OTC,8.2,8.2,55,0,Strategic Energy,0,0,0
20071010,68842,SEYUF',OTC,8.2,8.2,0,0,Strategic Energy,0,0,0
20071011,68842,SEYUF',OTC,8.22,8.22,7,0,Strategic Energy,0,0,0
20071012,68842,SEYUF',OTC,8.33,8.33,25,0,Strategic Energy,0,0,0
20071015,68842,SEYUF',OTC,8.27,8.27,5,0,Strategic Energy,0,0,0
20071016,68842,SEYUF',OTC,8.1,8.1,27,0,Strategic Energy,0,0,0
20071017,68842,SEYUF',OTC,8.14,8.14,70,0,Strategic Energy,0,0,0
20071018,68842,SEYUF',OTC,8.27,8.27,13,0,Strategic Energy,0,0,0
20071019,68842,SEYUF',OTC,8.29,8.29,15,0,Strategic Energy,0,0,0
20071022,68842,SEYUF',OTC,8.17,8.17,28,0,Strategic Energy,0,0,0
20071023,68842,SEYUF',OTC,8.17,8.17,0,0,Strategic Energy,0,0,0
20071024,68842,SEYUF',OTC,8.17,8.17,0,0,Strategic Energy,0,0,0
20071025,68842,SEYUF',OTC,8.17,8.17,0,0,Strategic Energy,0,0,0
20071026,68842,SEYUF',OTC,8.24,8.24,160,0,Strategic Energy,0,0,0
20071029,68842,SEYUF',OTC,8.24,8.24,0,0,Strategic Energy,0,0,0
20071030,68842,SEYUF',OTC,8.29,8.29,12,0,Strategic Energy,0,0,0
20071031,68842,SEYUF',OTC,8.47,8.47,2,0,Strategic Energy,0,0,0
20071101,68842,SEYUF',OTC,8.61,8.61,180,0,Strategic Energy,0,0,0
20071102,68842,SEYUF',OTC,8.7,8.7,103,0,Strategic Energy,0,0,0
20071105,68842,SEYUF',OTC,8.7,8.7,0,0,Strategic Energy,0,0,0
20071106,68842,SEYUF',OTC,8.76,8.76,15,0,Strategic Energy,0,0,0
20071107,68842,SEYUF',OTC,8.77,8.77,53,0,Strategic Energy,0,0,0
20071108,68842,SEYUF',OTC,8.55,8.55,165,0,Strategic Energy,0,0,0
20071109,68842,SEYUF',OTC,8.35,8.35,148,0,Strategic Energy,0,0,0
20071112,68842,SEYUF',OTC,8.04,8.04,124,0,Strategic Energy,0,0,0
20071113,68842,SEYUF',OTC,7.99,7.99,14,0,Strategic Energy,0,0,0
20071114,68842,SEYUF',OTC,7.99,7.99,0,0,Strategic Energy,0,0,0
20071115,68842,SEYUF',OTC,7.99,7.99,0,0,Strategic Energy,0,0,0
20071116,68842,SEYUF',OTC,7.99,7.99,0,0,Strategic Energy,0,0,0
20071119,68842,SEYUF',OTC,7.42,7.42,25,0,Strategic Energy,0,0,0
20071120,68842,SEYUF',OTC,7.42,7.42,67,0,Strategic Energy,0,0,0
20071121,68842,SEYUF',OTC,7.21,7.21,35,0,Strategic Energy,0,0,0
20071123,68842,SEYUF',OTC,7.21,7.21,0,0,Strategic Energy,0,0,0
20071126,68842,SEYUF',OTC,7.09,7.09,191,0,Strategic Energy,0,0,0
20071127,68842,SEYUF',OTC,7.08,7.08,133,0,Strategic Energy,0,0,0
20071128,68842,SEYUF',OTC,7.08,7.08,0,0,Strategic Energy,0,0,0
20071129,68842,SEYUF',OTC,7.08,7.08,1,0,Strategic Energy,0,0,0
20071130,68842,SEYUF',OTC,7.06,7.06,50,0,Strategic Energy,0,0,0
20071203,68842,SEYUF',OTC,7,7,5,0,Strategic Energy,0,0,0
20071204,68842,SEYUF',OTC,7.08,7.08,11,0,Strategic Energy,0,0,0
20071205,68842,SEYUF',OTC,7.01,7.01,158,0,Strategic Energy,0,0,0
20071206,68842,SEYUF',OTC,7.08,7.08,74,0,Strategic Energy,0,0,0
20071207,68842,SEYUF',OTC,7.08,7.08,0,0,Strategic Energy,0,0,0
20071210,68842,SEYUF',OTC,7.05,7.05,18,0,Strategic Energy,0,0,0
20071211,68842,SEYUF',OTC,6.78,6.78,28,0,Strategic Energy,0,0,0
20071212,68842,SEYUF',OTC,6.9,6.9,10,0,Strategic Energy,0,0,0
20071213,68842,SEYUF',OTC,6.79,6.79,41,0,Strategic Energy,0,0,0
20071214,68842,SEYUF',OTC,6.86,6.86,86,0,Strategic Energy,0,0,0
20071217,68842,SEYUF',OTC,6.88,6.88,26,0,Strategic Energy,0,0,0
20071218,68842,SEYUF',OTC,6.88,6.88,41,0,Strategic Energy,0,0,0
20071219,68842,SEYUF',OTC,6.88,6.88,28,0,Strategic Energy,0,0,0
20071220,68842,SEYUF',OTC,6.81,6.81,30,0,Strategic Energy,0,0,0
20071221,68842,SEYUF',OTC,6.72,6.72,25,0,Strategic Energy,0,0,0
20071224,68842,SEYUF',OTC,6.72,6.72,16,0,Strategic Energy,0,0,0
20071226,68842,SEYUF',OTC,6.72,6.72,0,0,Strategic Energy,0,0,0
20071227,68842,SEYUF',OTC,6.92,6.92,112,0,Strategic Energy,0,0,0
20071228,68842,SEYUF',OTC,7.08,7.08,154,0,Strategic Energy,0,0,0
20071231,68842,SEYUF',OTC,7.18,7.18,209,0,Strategic Energy,0,0,0
20080102,68842,SEYUF',OTC,7.45,7.45,1,0,Strategic Energy,0,0,0
20080103,68842,SEYUF',OTC,7.52,7.52,38,0,Strategic Energy,0,0,0
20080104,68842,SEYUF',OTC,7.57,7.57,18,0,Strategic Energy,0,0,0
20080107,68842,SEYUF',OTC,7.57,7.57,0,0,Strategic Energy,0,0,0
20080108,68842,SEYUF',OTC,7.63,7.63,1,0,Strategic Energy,0,0,0
20080109,68842,SEYUF',OTC,7.32,7.32,60,0,Strategic Energy,0,0,0
20080110,68842,SEYUF',OTC,7.32,7.32,0,0,Strategic Energy,0,0,0
20080111,68842,SEYUF',OTC,7.31,7.31,1,0,Strategic Energy,0,0,0
20080114,68842,SEYUF',OTC,7.31,7.31,0,0,Strategic Energy,0,0,0
20080115,68842,SEYUF',OTC,7.31,7.31,0,0,Strategic Energy,0,0,0
20080116,68842,SEYUF',OTC,7.26,7.26,8,0,Strategic Energy,0,0,0
20080117,68842,SEYUF',OTC,7.42,7.42,1,0,Strategic Energy,0,0,0
20080118,68842,SEYUF',OTC,7.42,7.42,0,0,Strategic Energy,0,0,0
20080122,68842,SEYUF',OTC,7.42,7.42,0,0,Strategic Energy,0,0,0
20080123,68842,SEYUF',OTC,6.69,6.69,50,0,Strategic Energy,0,0,0
20080124,68842,SEYUF',OTC,6.69,6.69,0,0,Strategic Energy,0,0,0
20080125,68842,SEYUF',OTC,6.95,6.95,40,0,Strategic Energy,0,0,0
20080128,68842,SEYUF',OTC,6.95,6.95,30,0,Strategic Energy,0,0,0
20080129,68842,SEYUF',OTC,6.95,6.95,0,0,Strategic Energy,0,0,0
20080130,68842,SEYUF',OTC,6.95,6.95,0,0,Strategic Energy,0,0,0
20080131,68842,SEYUF',OTC,7.01,7.01,8,0,Strategic Energy,0,0,0
20080201,68842,SEYUF',OTC,7.01,7.01,0,0,Strategic Energy,0,0,0
20080204,68842,SEYUF',OTC,7.29,7.29,22,0,Strategic Energy,0,0,0
20080205,68842,SEYUF',OTC,7.31,7.31,25,0,Strategic Energy,0,0,0
20080206,68842,SEYUF',OTC,7.31,7.31,0,0,Strategic Energy,0,0,0
20080207,68842,SEYUF',OTC,7.31,7.31,0,0,Strategic Energy,0,0,0
20080208,68842,SEYUF',OTC,7.3,7.3,8,0,Strategic Energy,0,0,0
20080211,68842,SEYUF',OTC,7.3,7.3,0,0,Strategic Energy,0,0,0
20080212,68842,SEYUF',OTC,7.3,7.3,0,0,Strategic Energy,0,0,0
20080213,68842,SEYUF',OTC,7.3,7.3,0,0,Strategic Energy,0,0,0
20080214,68842,SEYUF',OTC,7.69,7.69,135,0,Strategic Energy,0,0,0
20080215,68842,SEYUF',OTC,7.65,7.65,38,0,Strategic Energy,0,0,0
20080219,68842,SEYUF',OTC,7.83,7.83,11,0,Strategic Energy,0,0,0
20080220,68842,SEYUF',OTC,7.71,7.71,10,0,Strategic Energy,0,0,0
20080221,68842,SEYUF',OTC,7.71,7.71,0,0,Strategic Energy,0,0,0
20080222,68842,SEYUF',OTC,7.71,7.71,0,0,Strategic Energy,0,0,0
20080225,68842,SEYUF',OTC,8.29,8.29,40,0,Strategic Energy,0,0,0
20080226,68842,SEYUF',OTC,8.86,8.86,27,0,Strategic Energy,0,0,0
20080227,68842,SEYUF',OTC,8.89,8.89,20,0,Strategic Energy,0,0,0
20080228,68842,SEYUF',OTC,8.97,8.97,117,0,Strategic Energy,0,0,0
20080229,68842,SEYUF',OTC,8.97,8.97,0,0,Strategic Energy,0,0,0
20080303,68842,SEYUF',OTC,8.49,8.49,38,0,Strategic Energy,0,0,0
20080304,68842,SEYUF',OTC,8.35,8.35,35,0,Strategic Energy,0,0,0
20080305,68842,SEYUF',OTC,8.5,8.5,15,0,Strategic Energy,0,0,0
20080306,68842,SEYUF',OTC,8.5,8.5,40,0,Strategic Energy,0,0,0
20080307,68842,SEYUF',OTC,8.5,8.5,0,0,Strategic Energy,0,0,0
20080310,68842,SEYUF',OTC,8.5,8.5,0,0,Strategic Energy,0,0,0
20080311,68842,SEYUF',OTC,8.41,8.41,21,0,Strategic Energy,0,0,0
20080312,68842,SEYUF',OTC,8.41,8.41,0,0,Strategic Energy,0,0,0
20080313,68842,SEYUF',OTC,8.57,8.57,22,0,Strategic Energy,0,0,0
20080314,68842,SEYUF',OTC,8.57,8.57,0,0,Strategic Energy,0,0,0
20080317,68842,SEYUF',OTC,8.19,8.19,32,0,Strategic Energy,0,0,0
20080318,68842,SEYUF',OTC,8.19,8.19,0,0,Strategic Energy,0,0,0
20080319,68842,SEYUF',OTC,8.19,8.19,0,0,Strategic Energy,0,0,0
20080320,68842,SEYUF',OTC,7.72,7.72,31,0,Strategic Energy,0,0,0
20080324,68842,SEYUF',OTC,8,8,5,0,Strategic Energy,0,0,0
20080325,68842,SEYUF',OTC,8,8,0,0,Strategic Energy,0,0,0
20080326,68842,SEYUF',OTC,8.53,8.53,6,0,Strategic Energy,0,0,0
20080327,68842,SEYUF',OTC,8.53,8.53,0,0,Strategic Energy,0,0,0
20080328,68842,SEYUF',OTC,8.53,8.53,0,0,Strategic Energy,0,0,0
20080331,68842,SEYUF',OTC,8.58,8.58,25,0,Strategic Energy,0,0,0
20080401,68842,SEYUF',OTC,8.58,8.58,0,0,Strategic Energy,0,0,0
20080402,68842,SEYUF',OTC,8.52,8.52,5,0,Strategic Energy,0,0,0
20080403,68842,SEYUF',OTC,8.52,8.52,0,0,Strategic Energy,0,0,0
20080404,68842,SEYUF',OTC,8.52,8.52,0,0,Strategic Energy,0,0,0
20080407,68842,SEYUF',OTC,8.52,8.52,0,0,Strategic Energy,0,0,0
20080408,68842,SEYUF',OTC,8.54,8.54,5,0,Strategic Energy,0,0,0
20080409,68842,SEYUF',OTC,8.54,8.54,0,0,Strategic Energy,0,0,0
20080410,68842,SEYUF',OTC,8.56,8.56,13,0,Strategic Energy,0,0,0
20080411,68842,SEYUF',OTC,8.47,8.47,3,0,Strategic Energy,0,0,0
20080414,68842,SEYUF',OTC,8.48,8.48,40,0,Strategic Energy,0,0,0
20080415,68842,SEYUF',OTC,8.49,8.49,31,0,Strategic Energy,0,0,0
20080416,68842,SEYUF',OTC,8.67,8.67,117,0,Strategic Energy,0,0,0
20080417,68842,SEYUF',OTC,8.52,8.52,2,0,Strategic Energy,0,0,0
20080418,68842,SEYUF',OTC,8.66,8.66,104,0,Strategic Energy,0,0,0
20080421,68842,SEYUF',OTC,8.63,8.63,35,0,Strategic Energy,0,0,0
20080422,68842,SEYUF',OTC,8.69,8.69,57,0,Strategic Energy,0,0,0
20080423,68842,SEYUF',OTC,8.54,8.54,188,0,Strategic Energy,0,0,0
20080424,68842,SEYUF',OTC,8.5,8.5,42,0,Strategic Energy,0,0,0
20080425,68842,SEYUF',OTC,8.5,8.5,0,0,Strategic Energy,0,0,0
20080428,68842,SEYUF',OTC,8.5,8.5,0,0,Strategic Energy,0,0,0
20080429,68842,SEYUF',OTC,8.5,8.5,0,0,Strategic Energy,0,0,0
20080430,68842,SEYUF',OTC,8.5,8.5,0,0,Strategic Energy,0,0,0
20080501,68842,SEYUF',OTC,8.33,8.33,6,0,Strategic Energy,0,0,0
20080502,68842,SEYUF',OTC,8.33,8.33,0,0,Strategic Energy,0,0,0
20080505,68842,SEYUF',OTC,8.33,8.33,0,0,Strategic Energy,0,0,0
20080506,68842,SEYUF',OTC,8.59,8.59,0,0,Strategic Energy,0,0,0
20080507,68842,SEYUF',OTC,8.8,8.8,4,0,Strategic Energy,0,0,0
20080508,68842,SEYUF',OTC,8.91,8.91,6,0,Strategic Energy,0,0,0
20080509,68842,SEYUF',OTC,9.15,9.15,10,0,Strategic Energy,0,0,0
20080512,68842,SEYUF',OTC,9.15,9.15,0,0,Strategic Energy,0,0,0
20080513,68842,SEYUF',OTC,9.15,9.15,0,0,Strategic Energy,0,0,0
20080514,68842,SEYUF',OTC,9.15,9.15,0,0,Strategic Energy,0,0,0
20080515,68842,SEYUF',OTC,9.13,9.13,24,0,Strategic Energy,0,0,0
20080516,68842,SEYUF',OTC,9.13,9.13,0,0,Strategic Energy,0,0,0
20080519,68842,SEYUF',OTC,9.13,9.13,0,0,Strategic Energy,0,0,0
20080520,68842,SEYUF',OTC,9.13,9.13,0,0,Strategic Energy,0,0,0
20080521,68842,SEYUF',OTC,9.45,9.45,25,0,Strategic Energy,0,0,0
20080522,68842,SEYUF',OTC,9.4,9.4,5,0,Strategic Energy,0,0,0
20080523,68842,SEYUF',OTC,9.32,9.32,5,0,Strategic Energy,0,0,0
20080527,68842,SEYUF',OTC,9.01,9.01,20,0,Strategic Energy,0,0,0
20080528,68842,SEYUF',OTC,9.08,9.08,60,0,Strategic Energy,0,0,0
20080529,68842,SEYUF',OTC,9.08,9.08,0,0,Strategic Energy,0,0,0
20080530,68842,SEYUF',OTC,8.88,8.88,6,0,Strategic Energy,0,0,0
20080602,68842,SEYUF',OTC,8.91,8.91,20,0,Strategic Energy,0,0,0
20080603,68842,SEYUF',OTC,8.91,8.91,0,0,Strategic Energy,0,0,0
20080604,68842,SEYUF',OTC,8.91,8.91,0,0,Strategic Energy,0,0,0
20080605,68842,SEYUF',OTC,8.91,8.91,0,0,Strategic Energy,0,0,0
20080606,68842,SEYUF',OTC,9.06,9.06,3,0,Strategic Energy,0,0,0
20080609,68842,SEYUF',OTC,9.06,9.06,0,0,Strategic Energy,0,0,0
20080610,68842,SEYUF',OTC,9.03,9.03,9,0,Strategic Energy,0,0,0
20080611,68842,SEYUF',OTC,9.12,9.12,74,0,Strategic Energy,0,0,0
20080612,68842,SEYUF',OTC,9.12,9.12,0,0,Strategic Energy,0,0,0
20080613,68842,SEYUF',OTC,9,9,15,0,Strategic Energy,0,0,0
20080616,68842,SEYUF',OTC,9.21,9.21,120,0,Strategic Energy,0,0,0
20080617,68842,SEYUF',OTC,9.39,9.39,53,0,Strategic Energy,0,0,0
20080618,68842,SEYUF',OTC,9.37,9.37,15,0,Strategic Energy,0,0,0
20080619,68842,SEYUF',OTC,9.17,9.17,100,0,Strategic Energy,0,0,0
20080620,68842,SEYUF',OTC,9.23,9.23,80,0,Strategic Energy,0,0,0
20080623,68842,SEYUF',OTC,9.23,9.23,0,0,Strategic Energy,0,0,0
20080624,68842,SEYUF',OTC,9.24,9.24,102,0,Strategic Energy,0,0,0
20080625,68842,SEYUF',OTC,8.99,8.99,15,0,Strategic Energy,0,0,0
20080626,68842,SEYUF',OTC,9.17,9.17,10,0,Strategic Energy,0,0,0
20080627,68842,SEYUF',OTC,9.46,9.46,11,0,Strategic Energy,0,0,0
20080630,68842,SEYUF',OTC,9.46,9.46,0,0,Strategic Energy,0,0,0
20080701,68842,SEYUF',OTC,9.46,9.46,0,0,Strategic Energy,0,0,0
20080702,68842,SEYUF',OTC,9.2,9.2,1,0,Strategic Energy,0,0,0
20080703,68842,SEYUF',OTC,8.97,8.97,2,0,Strategic Energy,0,0,0
20080707,68842,SEYUF',OTC,8.97,8.97,0,0,Strategic Energy,0,0,0
20080708,68842,SEYUF',OTC,8.97,8.97,0,0,Strategic Energy,0,0,0
20080709,68842,SEYUF',OTC,8.97,8.97,0,0,Strategic Energy,0,0,0
20080710,68842,SEYUF',OTC,8.97,8.97,0,0,Strategic Energy,0,0,0
20080711,68842,SEYUF',OTC,8.67,8.67,1,0,Strategic Energy,0,0,0
20080714,68842,SEYUF',OTC,8.53,8.53,10,0,Strategic Energy,0,0,0
20080715,68842,SEYUF',OTC,8.29,8.29,161,0,Strategic Energy,0,0,0
20080716,68842,SEYUF',OTC,8.29,8.29,0,0,Strategic Energy,0,0,0
20080717,68842,SEYUF',OTC,8.29,8.29,0,0,Strategic Energy,0,0,0
20080718,68842,SEYUF',OTC,8.29,8.29,0,0,Strategic Energy,0,0,0
20080721,68842,SEYUF',OTC,8.29,8.29,0,0,Strategic Energy,0,0,0
20080722,68842,SEYUF',OTC,8.29,8.29,0,0,Strategic Energy,0,0,0
20080723,68842,SEYUF',OTC,8.29,8.29,0,0,Strategic Energy,0,0,0
20080724,68842,SEYUF',OTC,8.29,8.29,0,0,Strategic Energy,0,0,0
20080725,68842,SEYUF',OTC,8.29,8.29,0,0,Strategic Energy,0,0,0
20080728,68842,SEYUF',OTC,8.29,8.29,0,0,Strategic Energy,0,0,0
20080729,68842,SEYUF',OTC,8.29,8.29,0,0,Strategic Energy,0,0,0
20080730,68842,SEYUF',OTC,8.29,8.29,0,0,Strategic Energy,0,0,0
20080731,68842,SEYUF',OTC,8.31,8.31,6,0,Strategic Energy,0,0,0
20080801,68842,SEYUF',OTC,8.31,8.31,0,0,Strategic Energy,0,0,0
20080804,68842,SEYUF',OTC,8.31,8.31,0,0,Strategic Energy,0,0,0
20080805,68842,SEYUF',OTC,8,8,27,0,Strategic Energy,0,0,0
20080806,68842,SEYUF',OTC,8,8,0,0,Strategic Energy,0,0,0
20080807,68842,SEYUF',OTC,7.98,7.98,8,0,Strategic Energy,0,0,0
20080808,68842,SEYUF',OTC,7.85,7.85,70,0,Strategic Energy,0,0,0
20080811,68842,SEYUF',OTC,7.68,7.68,15,0,Strategic Energy,0,0,0
20080812,68842,SEYUF',OTC,7.68,7.68,0,0,Strategic Energy,0,0,0
20080813,68842,SEYUF',OTC,7.74,7.74,3,0,Strategic Energy,0,0,0
20080814,68842,SEYUF',OTC,7.93,7.93,5,0,Strategic Energy,0,0,0
20080815,68842,SEYUF',OTC,7.93,7.93,0,0,Strategic Energy,0,0,0
20080818,68842,SEYUF',OTC,7.93,7.93,0,0,Strategic Energy,0,0,0
20080819,68842,SEYUF',OTC,7.93,7.93,0,0,Strategic Energy,0,0,0
20080820,68842,SEYUF',OTC,7.93,7.93,0,0,Strategic Energy,0,0,0
20080821,68842,SEYUF',OTC,8.37,8.37,7,0,Strategic Energy,0,0,0
20080822,68842,SEYUF',OTC,8.37,8.37,0,0,Strategic Energy,0,0,0
20080825,68842,SEYUF',OTC,8.37,8.37,0,0,Strategic Energy,0,0,0
20080826,68842,SEYUF',OTC,8.28,8.28,6,0,Strategic Energy,0,0,0
20080827,68842,SEYUF',OTC,8.28,8.28,0,0,Strategic Energy,0,0,0
20080828,68842,SEYUF',OTC,8.33,8.33,3,0,Strategic Energy,0,0,0
20080829,68842,SEYUF',OTC,8.33,8.33,0,0,Strategic Energy,0,0,0
20080902,68842,SEYUF',OTC,8.33,8.33,0,0,Strategic Energy,0,0,0
20080903,68842,SEYUF',OTC,8.33,8.33,0,0,Strategic Energy,0,0,0
20080904,68842,SEYUF',OTC,7.87,7.87,9,0,Strategic Energy,0,0,0
20080905,68842,SEYUF',OTC,7.87,7.87,0,0,Strategic Energy,0,0,0
20080908,68842,SEYUF',OTC,7.71,7.71,9,0,Strategic Energy,0,0,0
20080909,68842,SEYUF',OTC,7.71,7.71,0,0,Strategic Energy,0,0,0
20080910,68842,SEYUF',OTC,7.38,7.38,3,0,Strategic Energy,0,0,0
20080911,68842,SEYUF',OTC,7.38,7.38,0,0,Strategic Energy,0,0,0
20080912,68842,SEYUF',OTC,7.29,7.29,15,0,Strategic Energy,0,0,0
20080915,68842,SEYUF',OTC,7.29,7.29,0,0,Strategic Energy,0,0,0
20080916,68842,SEYUF',OTC,7.29,7.29,0,0,Strategic Energy,0,0,0
20080917,68842,SEYUF',OTC,6.85,6.85,16,0,Strategic Energy,0,0,0
20080918,68842,SEYUF',OTC,6.94,6.94,7,0,Strategic Energy,0,0,0
20080919,68842,SEYUF',OTC,6.94,6.94,0,0,Strategic Energy,0,0,0
20080922,68842,SEYUF',OTC,7.26,7.26,5,0,Strategic Energy,0,0,0
20080923,68842,SEYUF',OTC,7.6,7.6,10,0,Strategic Energy,0,0,0
20080924,68842,SEYUF',OTC,7.6,7.6,0,0,Strategic Energy,0,0,0
20080925,68842,SEYUF',OTC,7.6,7.6,0,0,Strategic Energy,0,0,0
20080926,68842,SEYUF',OTC,7.6,7.6,0,0,Strategic Energy,0,0,0
20080929,68842,SEYUF',OTC,7.27,7.27,50,0,Strategic Energy,0,0,0
20080930,68842,SEYUF',OTC,7.27,7.27,0,0,Strategic Energy,0,0,0
20081001,68842,SEYUF',OTC,7.27,7.27,0,0,Strategic Energy,0,0,0
20081002,68842,SEYUF',OTC,6.49,6.49,10,0,Strategic Energy,0,0,0
20081003,68842,SEYUF',OTC,6.49,6.49,15,0,Strategic Energy,0,0,0
20081006,68842,SEYUF',OTC,5.45,5.45,56,0,Strategic Energy,0,0,0
20081007,68842,SEYUF',OTC,5.47,5.47,14,0,Strategic Energy,0,0,0
20081008,68842,SEYUF',OTC,5.09,5.09,3,0,Strategic Energy,0,0,0
20081009,68842,SEYUF',OTC,5.25,5.25,4,0,Strategic Energy,0,0,0
20081010,68842,SEYUF',OTC,3.98,3.98,128,0,Strategic Energy,0,0,0
20081013,68842,SEYUF',OTC,3.98,3.98,0,0,Strategic Energy,0,0,0
20081014,68842,SEYUF',OTC,4.58,4.58,29,0,Strategic Energy,0,0,0
20081015,68842,SEYUF',OTC,4.41,4.41,10,0,Strategic Energy,0,0,0
20081016,68842,SEYUF',OTC,4.14,4.14,82,0,Strategic Energy,0,0,0
20081017,68842,SEYUF',OTC,4.14,4.14,0,0,Strategic Energy,0,0,0
20081020,68842,SEYUF',OTC,4.86,4.86,4,0,Strategic Energy,0,0,0
20081021,68842,SEYUF',OTC,4.84,4.84,1,0,Strategic Energy,0,0,0
20081022,68842,SEYUF',OTC,4.84,4.84,0,0,Strategic Energy,0,0,0
20081023,68842,SEYUF',OTC,4.84,4.84,0,0,Strategic Energy,0,0,0
20081024,68842,SEYUF',OTC,3.93,3.93,13,0,Strategic Energy,0,0,0
20081027,68842,SEYUF',OTC,3.93,3.93,0,0,Strategic Energy,0,0,0
20081028,68842,SEYUF',OTC,4.24,4.24,42,0,Strategic Energy,0,0,0
20081029,68842,SEYUF',OTC,4.24,4.24,0,0,Strategic Energy,0,0,0
20081030,68842,SEYUF',OTC,4.86,4.86,10,0,Strategic Energy,0,0,0
20081031,68842,SEYUF',OTC,4.86,4.86,0,0,Strategic Energy,0,0,0
20081103,68842,SEYUF',OTC,4.86,4.86,0,0,Strategic Energy,0,0,0
20081104,68842,SEYUF',OTC,4.86,4.86,0,0,Strategic Energy,0,0,0
20081105,68842,SEYUF',OTC,5.57,5.57,10,0,Strategic Energy,0,0,0
20081106,68842,SEYUF',OTC,5.31,5.31,20,0,Strategic Energy,0,0,0
20081107,68842,SEYUF',OTC,5.31,5.31,0,0,Strategic Energy,0,0,0
20081110,68842,SEYUF',OTC,5.31,5.31,0,0,Strategic Energy,0,0,0
20081111,68842,SEYUF',OTC,5.27,5.27,1,0,Strategic Energy,0,0,0
20081112,68842,SEYUF',OTC,5.27,5.27,0,0,Strategic Energy,0,0,0
20081113,68842,SEYUF',OTC,5.27,5.27,0,0,Strategic Energy,0,0,0
20081114,68842,SEYUF',OTC,5.27,5.27,0,0,Strategic Energy,0,0,0
20081117,68842,SEYUF',OTC,5.27,5.27,0,0,Strategic Energy,0,0,0
20081118,68842,SEYUF',OTC,5.27,5.27,0,0,Strategic Energy,0,0,0
20081119,68842,SEYUF',OTC,5.27,5.27,0,0,Strategic Energy,0,0,0
20081120,68842,SEYUF',OTC,5.27,5.27,0,0,Strategic Energy,0,0,0
20081121,68842,SEYUF',OTC,5.27,5.27,0,0,Strategic Energy,0,0,0
20081124,68842,SEYUF',OTC,5.27,5.27,0,0,Strategic Energy,0,0,0
20081125,68842,SEYUF',OTC,5.27,5.27,0,0,Strategic Energy,0,0,0
20081126,68842,SEYUF',OTC,4.72,4.72,54,0,Strategic Energy,0,0,0
20081128,68842,SEYUF',OTC,4.72,4.72,0,0,Strategic Energy,0,0,0
20081201,68842,SEYUF',OTC,4.72,4.72,0,0,Strategic Energy,0,0,0
20081202,68842,SEYUF',OTC,4.24,4.24,1210,0,Strategic Energy,0,0,0
20081203,68842,SEYUF',OTC,4.36,4.36,302,0,Strategic Energy,0,0,0
20081204,68842,SEYUF',OTC,3.99,3.99,20,0,Strategic Energy,0,0,0
20081205,68842,SEYUF',OTC,3.86,3.86,69,0,Strategic Energy,0,0,0
20081208,68842,SEYUF',OTC,3.86,3.86,0,0,Strategic Energy,0,0,0
20081209,68842,SEYUF',OTC,3.86,3.86,0,0,Strategic Energy,0,0,0
20081210,68842,SEYUF',OTC,3.86,3.86,0,0,Strategic Energy,0,0,0
20081211,68842,SEYUF',OTC,4.43,4.43,20,0,Strategic Energy,0,0,0
20081212,68842,SEYUF',OTC,4.14,4.14,7,0,Strategic Energy,0,0,0
20081215,68842,SEYUF',OTC,4.14,4.14,0,0,Strategic Energy,0,0,0
20081216,68842,SEYUF',OTC,4.26,4.26,3,0,Strategic Energy,0,0,0
20081217,68842,SEYUF',OTC,4.26,4.26,0,0,Strategic Energy,0,0,0
20081218,68842,SEYUF',OTC,4.26,4.26,0,0,Strategic Energy,0,0,0
20081219,68842,SEYUF',OTC,4.08,4.08,261,0,Strategic Energy,0,0,0
20081222,68842,SEYUF',OTC,4.08,4.08,0,0,Strategic Energy,0,0,0
20081223,68842,SEYUF',OTC,4.08,4.08,0,0,Strategic Energy,0,0,0
20081224,68842,SEYUF',OTC,4.11,4.11,118,0,Strategic Energy,0,0,0
20081226,68842,SEYUF',OTC,4.11,4.11,0,0,Strategic Energy,0,0,0
20081229,68842,SEYUF',OTC,4.24,4.24,7,0,Strategic Energy,0,0,0
20081230,68842,SEYUF',OTC,4.27,4.27,66,0,Strategic Energy,0,0,0
20081231,68842,SEYUF',OTC,4.39,4.39,61,0,Strategic Energy,0,0,0
20090102,68842,SEYUF',OTC,4.57,4.57,1258,0,Strategic Energy,0,0,0
20090105,68842,SEYUF',OTC,4.57,4.57,0,0,Strategic Energy,0,0,0
20090106,68842,SEYUF',OTC,5.27,5.27,209,0,Strategic Energy,0,0,0
20090107,68842,SEYUF',OTC,5.22,5.22,463,0,Strategic Energy,0,0,0
20090108,68842,SEYUF',OTC,5.1,5.1,337,0,Strategic Energy,0,0,0
20090109,68842,SEYUF',OTC,5.1,5.1,0,0,Strategic Energy,0,0,0
20090112,68842,SEYUF',OTC,5.1,5.1,0,0,Strategic Energy,0,0,0
20090113,68842,SEYUF',OTC,4.63,4.63,7,0,Strategic Energy,0,0,0
20090114,68842,SEYUF',OTC,4.55,4.55,1,0,Strategic Energy,0,0,0
20090115,68842,SEYUF',OTC,4.41,4.41,50,0,Strategic Energy,0,0,0
20090116,68842,SEYUF',OTC,4.52,4.52,25,0,Strategic Energy,0,0,0
20090120,68842,SEYUF',OTC,4.27,4.27,30,0,Strategic Energy,0,0,0
20090121,68842,SEYUF',OTC,4.25,4.25,60,0,Strategic Energy,0,0,0
20090122,68842,SEYUF',OTC,4.25,4.25,0,0,Strategic Energy,0,0,0
20090123,68842,SEYUF',OTC,4.46,4.46,30,0,Strategic Energy,0,0,0
20090126,68842,SEYUF',OTC,4.62,4.62,10,0,Strategic Energy,0,0,0
20090127,68842,SEYUF',OTC,4.65,4.65,106,0,Strategic Energy,0,0,0
20090128,68842,SEYUF',OTC,4.65,4.65,0,0,Strategic Energy,0,0,0
20090129,68842,SEYUF',OTC,4.65,4.65,0,0,Strategic Energy,0,0,0
20090130,68842,SEYUF',OTC,4.65,4.65,0,0,Strategic Energy,0,0,0
20090202,68842,SEYUF',OTC,4.65,4.65,0,0,Strategic Energy,0,0,0
20090203,68842,SEYUF',OTC,4.65,4.65,0,0,Strategic Energy,0,0,0
20090204,68842,SEYUF',OTC,4.65,4.65,0,0,Strategic Energy,0,0,0
20090205,68842,SEYUF',OTC,4.65,4.65,0,0,Strategic Energy,0,0,0
20090206,68842,SEYUF',OTC,4.65,4.65,0,0,Strategic Energy,0,0,0
20090209,68842,SEYUF',OTC,4.65,4.65,0,0,Strategic Energy,0,0,0
20090210,68842,SEYUF',OTC,4.65,4.65,0,0,Strategic Energy,0,0,0
20090211,68842,SEYUF',OTC,4.65,4.65,0,0,Strategic Energy,0,0,0
20090212,68842,SEYUF',OTC,4.65,4.65,0,0,Strategic Energy,0,0,0
20090213,68842,SEYUF',OTC,4.65,4.65,0,0,Strategic Energy,0,0,0
20090217,68842,SEYUF',OTC,4.65,4.65,0,0,Strategic Energy,0,0,0
20090218,68842,SEYUF',OTC,4.65,4.65,0,0,Strategic Energy,0,0,0
20090219,68842,SEYUF',OTC,4.65,4.65,0,0,Strategic Energy,0,0,0
20090220,68842,SEYUF',OTC,4.65,4.65,0,0,Strategic Energy,0,0,0
20090223,68842,SEYUF',OTC,4.65,4.65,0,0,Strategic Energy,0,0,0
20090224,68842,SEYUF',OTC,4.65,4.65,0,0,Strategic Energy,0,0,0
20090225,68842,SEYUF',OTC,4.65,4.65,0,0,Strategic Energy,0,0,0
20090226,68842,SEYUF',OTC,4.65,4.65,0,0,Strategic Energy,0,0,0
20090227,68842,SEYUF',OTC,4.65,4.65,0,0,Strategic Energy,0,0,0
20090302,68842,SEYUF',OTC,4.65,4.65,0,0,Strategic Energy,0,0,0
20090303,68842,SEYUF',OTC,4.65,4.65,0,0,Strategic Energy,0,0,0
20090304,68842,SEYUF',OTC,4.65,4.65,0,0,Strategic Energy,0,0,0
20090305,68842,SEYUF',OTC,4.65,4.65,0,0,Strategic Energy,0,0,0
20090306,68842,SEYUF',OTC,4.65,4.65,0,0,Strategic Energy,0,0,0
20090309,68842,SEYUF',OTC,4.65,4.65,0,0,Strategic Energy,0,0,0
20090310,68842,SEYUF',OTC,4.65,4.65,0,0,Strategic Energy,0,0,0
20090311,68842,SEYUF',OTC,4.65,4.65,0,0,Strategic Energy,0,0,0
20090312,68842,SEYUF',OTC,4.65,4.65,0,0,Strategic Energy,0,0,0
20090313,68842,SEYUF',OTC,4.65,4.65,0,0,Strategic Energy,0,0,0
20090316,68842,SEYUF',OTC,4.65,4.65,0,0,Strategic Energy,0,0,0
20090317,68842,SEYUF',OTC,4.65,4.65,0,0,Strategic Energy,0,0,0
20090318,68842,SEYUF',OTC,4.65,4.65,0,0,Strategic Energy,0,0,0
20090319,68842,SEYUF',OTC,4.65,4.65,0,0,Strategic Energy,0,0,0
20090320,68842,SEYUF',OTC,4.65,4.65,0,0,Strategic Energy,0,0,0
20090323,68842,SEYUF',OTC,4.65,4.65,0,0,Strategic Energy,0,0,0
20090324,68842,SEYUF',OTC,4.65,4.65,0,0,Strategic Energy,0,0,0
20090325,68842,SEYUF',OTC,4.65,4.65,0,0,Strategic Energy,0,0,0
20090326,68842,SEYUF',OTC,4.65,4.65,0,0,Strategic Energy,0,0,0
20090327,68842,SEYUF',OTC,4.65,4.65,0,0,Strategic Energy,0,0,0
20090330,68842,SEYUF',OTC,4.65,4.65,0,0,Strategic Energy,0,0,0
20090331,68842,SEYUF',OTC,4.65,4.65,0,0,Strategic Energy,0,0,0
20090401,68842,SEYUF',OTC,4.65,4.65,0,0,Strategic Energy,0,0,0
20090402,68842,SEYUF',OTC,4.65,4.65,0,0,Strategic Energy,0,0,0
20090403,68842,SEYUF',OTC,4.65,4.65,0,0,Strategic Energy,0,0,0
20090406,68842,SEYUF',OTC,4.65,4.65,0,0,Strategic Energy,0,0,0
20090407,68842,SEYUF',OTC,4.65,4.65,0,0,Strategic Energy,0,0,0
20090408,68842,SEYUF',OTC,4.65,4.65,0,0,Strategic Energy,0,0,0
20090409,68842,SEYUF',OTC,4.65,4.65,0,0,Strategic Energy,0,0,0
20090413,68842,SEYUF',OTC,4.65,4.65,0,0,Strategic Energy,0,0,0
20090414,68842,SEYUF',OTC,4.65,4.65,0,0,Strategic Energy,0,0,0
20090415,68842,SEYUF',OTC,4.65,4.65,0,0,Strategic Energy,0,0,0
20090416,68842,SEYUF',OTC,4.65,4.65,0,0,Strategic Energy,0,0,0
20090417,68842,SEYUF',OTC,4.65,4.65,0,0,Strategic Energy,0,0,0
20090420,68842,SEYUF',OTC,4.65,4.65,0,0,Strategic Energy,0,0,0
20090421,68842,SEYUF',OTC,4.65,4.65,0,0,Strategic Energy,0,0,0
20090422,68842,SEYUF',OTC,4.65,4.65,0,0,Strategic Energy,0,0,0
20090423,68842,SEYUF',OTC,4.65,4.65,0,0,Strategic Energy,0,0,0
20090424,68842,SEYUF',OTC,4.65,4.65,0,0,Strategic Energy,0,0,0
20090427,68842,SEYUF',OTC,4.65,4.65,0,0,Strategic Energy,0,0,0
20090428,68842,SEYUF',OTC,4.65,4.65,0,0,Strategic Energy,0,0,0
20090429,68842,SEYUF',OTC,4.65,4.65,0,0,Strategic Energy,0,0,0
20090430,68842,SEYUF',OTC,4.65,4.65,0,0,Strategic Energy,0,0,0
20090501,68842,SEYUF',OTC,4.65,4.65,0,0,Strategic Energy,0,0,0
20090504,68842,SEYUF',OTC,4.65,4.65,0,0,Strategic Energy,0,0,0
20090505,68842,SEYUF',OTC,4.65,4.65,0,0,Strategic Energy,0,0,0
20090506,68842,SEYUF',OTC,4.65,4.65,0,0,Strategic Energy,0,0,0
20090507,68842,SEYUF',OTC,4.65,4.65,0,0,Strategic Energy,0,0,0
20090508,68842,SEYUF',OTC,4.65,4.65,0,0,Strategic Energy,0,0,0
20090511,68842,SEYUF',OTC,4.65,4.65,0,0,Strategic Energy,0,0,0
20090512,68842,SEYUF',OTC,4.65,4.65,0,0,Strategic Energy,0,0,0
20090513,68842,SEYUF',OTC,4.65,4.65,0,0,Strategic Energy,0,0,0
20090514,68842,SEYUF',OTC,4.65,4.65,0,0,Strategic Energy,0,0,0
20090515,68842,SEYUF',OTC,4.65,4.65,0,0,Strategic Energy,0,0,0
20090518,68842,SEYUF',OTC,4.65,4.65,0,0,Strategic Energy,0,0,0
20090519,68842,SEYUF',OTC,4.65,4.65,0,0,Strategic Energy,0,0,0
20090520,68842,SEYUF',OTC,4.65,4.65,0,0,Strategic Energy,0,0,0
20090521,68842,SEYUF',OTC,4.65,4.65,0,0,Strategic Energy,0,0,0
20090522,68842,SEYUF',OTC,4.65,4.65,0,0,Strategic Energy,0,0,0
20090526,68842,SEYUF',OTC,4.65,4.65,0,0,Strategic Energy,0,0,0
20090527,68842,SEYUF',OTC,4.65,4.65,0,0,Strategic Energy,0,0,0
20090528,68842,SEYUF',OTC,4.65,4.65,0,0,Strategic Energy,0,0,0
20090529,68842,SEYUF',OTC,4.65,4.65,0,0,Strategic Energy,0,0,0
20090601,68842,SEYUF',OTC,4.65,4.65,0,0,Strategic Energy,0,0,0
20090602,68842,SEYUF',OTC,4.65,4.65,0,0,Strategic Energy,0,0,0
20090603,68842,SEYUF',OTC,4.65,4.65,0,0,Strategic Energy,0,0,0
20090604,68842,SEYUF',OTC,4.65,4.65,0,0,Strategic Energy,0,0,0
20090605,68842,SEYUF',OTC,4.65,4.65,0,0,Strategic Energy,0,0,0
20090608,68842,SEYUF',OTC,4.65,4.65,0,0,Strategic Energy,0,0,0
20090609,68842,SEYUF',OTC,4.65,4.65,0,0,Strategic Energy,0,0,0
20090610,68842,SEYUF',OTC,4.65,4.65,0,0,Strategic Energy,0,0,0
20090611,68842,SEYUF',OTC,4.65,4.65,0,0,Strategic Energy,0,0,0
20090612,68842,SEYUF',OTC,4.65,4.65,0,0,Strategic Energy,0,0,0
20090615,68842,SEYUF',OTC,4.65,4.65,0,0,Strategic Energy,0,0,0
20090616,68842,SEYUF',OTC,4.65,4.65,0,0,Strategic Energy,0,0,0
20090617,68842,SEYUF',OTC,4.65,4.65,0,0,Strategic Energy,0,0,0
20090618,68842,SEYUF',OTC,4.65,4.65,0,0,Strategic Energy,0,0,0
20090619,68842,SEYUF',OTC,4.65,4.65,0,0,Strategic Energy,0,0,0
20090622,68842,SEYUF',OTC,4.65,4.65,0,0,Strategic Energy,0,0,0
20090623,68842,SEYUF',OTC,4.65,4.65,0,0,Strategic Energy,0,0,0
20090624,68842,SEYUF',OTC,4.65,4.65,0,0,Strategic Energy,0,0,0
20090625,68842,SEYUF',OTC,4.65,4.65,0,0,Strategic Energy,0,0,0
20090626,68842,SEYUF',OTC,4.65,4.65,0,0,Strategic Energy,0,0,0
20090629,68842,SEYUF',OTC,4.65,4.65,0,0,Strategic Energy,0,0,0
20090630,68842,SEYUF',OTC,4.65,4.65,0,0,Strategic Energy,0,0,0
20090701,68842,SEYUF',OTC,4.65,4.65,0,0,Strategic Energy,0,0,0
20090702,68842,SEYUF',OTC,4.65,4.65,0,0,Strategic Energy,0,0,0
20090706,68842,SEYUF',OTC,4.65,4.65,0,0,Strategic Energy,0,0,0
20090707,68842,SEYUF',OTC,4.65,4.65,0,0,Strategic Energy,0,0,0
20090708,68842,SEYUF',OTC,4.65,4.65,0,0,Strategic Energy,0,0,0
20090709,68842,SEYUF',OTC,4.65,4.65,0,0,Strategic Energy,0,0,0
20090710,68842,SEYUF',OTC,4.65,4.65,0,0,Strategic Energy,0,0,0
20090713,68842,SEYUF',OTC,4.65,4.65,0,0,Strategic Energy,0,0,0
20090714,68842,SEYUF',OTC,4.65,4.65,0,0,Strategic Energy,0,0,0
20090715,68842,SEYUF',OTC,4.65,4.65,0,0,Strategic Energy,0,0,0
20090716,68842,SEYUF',OTC,4.65,4.65,0,0,Strategic Energy,0,0,0
20090717,68842,SEYUF',OTC,4.65,4.65,0,0,Strategic Energy,0,0,0
20090720,68842,SEYUF',OTC,4.65,4.65,0,0,Strategic Energy,0,0,0
20090721,68842,SEYUF',OTC,4.65,4.65,0,0,Strategic Energy,0,0,0
20090722,68842,SEYUF',OTC,4.65,4.65,0,0,Strategic Energy,0,0,0
20090723,68842,SEYUF',OTC,4.65,4.65,0,0,Strategic Energy,0,0,0
20090724,68842,SEYUF',OTC,4.65,4.65,0,0,Strategic Energy,0,0,0
20090727,68842,SEYUF',OTC,4.65,4.65,0,0,Strategic Energy,0,0,0
20090728,68842,SEYUF',OTC,4.65,4.65,0,0,Strategic Energy,0,0,0
20090729,68842,SEYUF',OTC,4.65,4.65,0,0,Strategic Energy,0,0,0
20090730,68842,SEYUF',OTC,4.65,4.65,0,0,Strategic Energy,0,0,0
20090731,68842,SEYUF',OTC,4.65,4.65,0,0,Strategic Energy,0,0,0
20090803,68842,SEYUF',OTC,4.65,4.65,0,0,Strategic Energy,0,0,0
20090804,68842,SEYUF',OTC,4.65,4.65,0,0,Strategic Energy,0,0,0
20090805,68842,SEYUF',OTC,4.65,4.65,0,0,Strategic Energy,0,0,0
20090806,68842,SEYUF',OTC,4.65,4.65,0,0,Strategic Energy,0,0,0
20090807,68842,SEYUF',OTC,4.65,4.65,0,0,Strategic Energy,0,0,0
20090810,68842,SEYUF',OTC,4.65,4.65,0,0,Strategic Energy,0,0,0
20090811,68842,SEYUF',OTC,4.65,4.65,0,0,Strategic Energy,0,0,0
20090812,68842,SEYUF',OTC,4.65,4.65,0,0,Strategic Energy,0,0,0
20090813,68842,SEYUF',OTC,4.65,4.65,0,0,Strategic Energy,0,0,0
20090814,68842,SEYUF',OTC,4.65,4.65,0,0,Strategic Energy,0,0,0
20090817,68842,SEYUF',OTC,4.65,4.65,0,0,Strategic Energy,0,0,0
20090818,68842,SEYUF',OTC,4.65,4.65,0,0,Strategic Energy,0,0,0
20090819,68842,SEYUF',OTC,4.65,4.65,0,0,Strategic Energy,0,0,0
20090820,68842,SEYUF',OTC,4.65,4.65,0,0,Strategic Energy,0,0,0
20090821,68842,SEYUF',OTC,4.65,4.65,0,0,Strategic Energy,0,0,0
20090824,68842,SEYUF',OTC,4.65,4.65,0,0,Strategic Energy,0,0,0
20090825,68842,SEYUF',OTC,4.65,4.65,0,0,Strategic Energy,0,0,0
20090826,68842,SEYUF',OTC,4.65,4.65,0,0,Strategic Energy,0,0,0
20090827,68842,SEYUF',OTC,4.65,4.65,0,0,Strategic Energy,0,0,0
20090828,68842,SEYUF',OTC,4.65,4.65,0,0,Strategic Energy,0,0,0
20090831,68842,SEYUF',OTC,4.65,4.65,0,0,Strategic Energy,0,0,0
20090901,68842,SEYUF',OTC,4.65,4.65,0,0,Strategic Energy,0,0,0
20090902,68842,SEYUF',OTC,4.65,4.65,0,0,Strategic Energy,0,0,0
20090903,68842,SEYUF',OTC,4.65,4.65,0,0,Strategic Energy,0,0,0
20090904,68842,SEYUF',OTC,4.65,4.65,0,0,Strategic Energy,0,0,0
20090908,68842,SEYUF',OTC,4.65,4.65,0,0,Strategic Energy,0,0,0
20090909,68842,SEYUF',OTC,4.65,4.65,0,0,Strategic Energy,0,0,0
20090910,68842,SEYUF',OTC,4.65,4.65,0,0,Strategic Energy,0,0,0
20090911,68842,SEYUF',OTC,4.65,4.65,0,0,Strategic Energy,0,0,0
20090914,68842,SEYUF',OTC,4.65,4.65,0,0,Strategic Energy,0,0,0
20090915,68842,SEYUF',OTC,4.65,4.65,0,0,Strategic Energy,0,0,0
20090916,68842,SEYUF',OTC,4.65,4.65,0,0,Strategic Energy,0,0,0
20090917,68842,SEYUF',OTC,4.65,4.65,0,0,Strategic Energy,0,0,0
20090918,68842,SEYUF',OTC,4.65,4.65,0,0,Strategic Energy,0,0,0
20090921,68842,SEYUF',OTC,4.65,4.65,0,0,Strategic Energy,0,0,0
20090922,68842,SEYUF',OTC,4.65,4.65,0,0,Strategic Energy,0,0,0
20090923,68842,SEYUF',OTC,4.65,4.65,0,0,Strategic Energy,0,0,0
20090924,68842,SEYUF',OTC,4.65,4.65,0,0,Strategic Energy,0,0,0
20090925,68842,SEYUF',OTC,4.65,4.65,0,0,Strategic Energy,0,0,0
20090928,68842,SEYUF',OTC,4.65,4.65,0,0,Strategic Energy,0,0,0
20090929,68842,SEYUF',OTC,4.65,4.65,0,0,Strategic Energy,0,0,0
20090930,68842,SEYUF',OTC,4.65,4.65,0,0,Strategic Energy,0,0,0
20091001,68842,SEYUF',OTC,4.65,4.65,0,0,Strategic Energy,0,0,0
20091002,68842,SEYUF',OTC,4.65,4.65,0,0,Strategic Energy,0,0,0
20091005,68842,SEYUF',OTC,4.65,4.65,0,0,Strategic Energy,0,0,0
20091006,68842,SEYUF',OTC,4.65,4.65,0,0,Strategic Energy,0,0,0
20091007,68842,SEYUF',OTC,4.65,4.65,0,0,Strategic Energy,0,0,0
20091008,68842,SEYUF',OTC,4.65,4.65,0,0,Strategic Energy,0,0,0
20091009,68842,SEYUF',OTC,4.65,4.65,0,0,Strategic Energy,0,0,0
20091012,68842,SEYUF',OTC,4.65,4.65,0,0,Strategic Energy,0,0,0
20091013,68842,SEYUF',OTC,4.65,4.65,0,0,Strategic Energy,0,0,0
20091014,68842,SEYUF',OTC,4.65,4.65,0,0,Strategic Energy,0,0,0
20091015,68842,SEYUF',OTC,4.65,4.65,0,0,Strategic Energy,0,0,0
