DDate,CSINumber,Symbol,Exchange,DClose,UnAdjustedClose,TotalVolume,Cash,MarketName,PTB,PSR,DPS
20051206,69218,PTP+A',NYSE,26.69684823,31,4994,0,Platinum Underwriters Holdings Ltd,0,0,0
20051207,69218,PTP+A',NYSE,26.50738672,30.78,3299,0,Platinum Underwriters Holdings Ltd,0,0,0
20051208,69218,PTP+A',NYSE,26.69684823,31,1472,0,Platinum Underwriters Holdings Ltd,0,0,0
20051209,69218,PTP+A',NYSE,26.81741464,31.14,224,0,Platinum Underwriters Holdings Ltd,0,0,0
20051212,69218,PTP+A',NYSE,26.62795314,30.92,72,0,Platinum Underwriters Holdings Ltd,0,0,0
20051213,69218,PTP+A',NYSE,26.66240068,30.96,1309,0,Platinum Underwriters Holdings Ltd,0,0,0
20051214,69218,PTP+A',NYSE,26.98104048,31.33,1577,0,Platinum Underwriters Holdings Ltd,0,0,0
20051215,69218,PTP+A',NYSE,26.57628182,30.86,8616,0,Platinum Underwriters Holdings Ltd,0,0,0
20051216,69218,PTP+A',NYSE,26.8432503,31.17,124,0,Platinum Underwriters Holdings Ltd,0,0,0
20051219,69218,PTP+A',NYSE,26.50738672,30.78,777,0,Platinum Underwriters Holdings Ltd,0,0,0
20051220,69218,PTP+A',NYSE,26.64517691,30.94,456,0,Platinum Underwriters Holdings Ltd,0,0,0
20051221,69218,PTP+A',NYSE,26.86908596,31.2,627,0,Platinum Underwriters Holdings Ltd,0,0,0
20051222,69218,PTP+A',NYSE,26.87769784,31.21,690,0,Platinum Underwriters Holdings Ltd,0,0,0
20051223,69218,PTP+A',NYSE,26.95520482,31.3,802,0,Platinum Underwriters Holdings Ltd,0,0,0
20051227,69218,PTP+A',NYSE,27.00687614,31.36,189,0,Platinum Underwriters Holdings Ltd,0,0,0
20051228,69218,PTP+A',NYSE,26.98965237,31.34,53,0,Platinum Underwriters Holdings Ltd,0,0,0
20051229,69218,PTP+A',NYSE,26.91214539,31.25,21,0,Platinum Underwriters Holdings Ltd,0,0,0
20051230,69218,PTP+A',NYSE,26.91214539,31.25,0,0,Platinum Underwriters Holdings Ltd,0,0,0
20060103,69218,PTP+A',NYSE,26.61072936,30.9,3007,0,Platinum Underwriters Holdings Ltd,0,0,0
20060104,69218,PTP+A',NYSE,27.4202467,31.84,1284,0,Platinum Underwriters Holdings Ltd,0,0,0
20060105,69218,PTP+A',NYSE,27.17911387,31.56,4248,0,Platinum Underwriters Holdings Ltd,0,0,0
20060106,69218,PTP+A',NYSE,27.40302292,31.82,836,0,Platinum Underwriters Holdings Ltd,0,0,0
20060109,69218,PTP+A',NYSE,27.39441104,31.81,3429,0,Platinum Underwriters Holdings Ltd,0,0,0
20060110,69218,PTP+A',NYSE,27.3513516,31.76,172,0,Platinum Underwriters Holdings Ltd,0,0,0
20060111,69218,PTP+A',NYSE,27.42885858,31.85,1180,0,Platinum Underwriters Holdings Ltd,0,0,0
20060112,69218,PTP+A',NYSE,27.46330613,31.89,6,0,Platinum Underwriters Holdings Ltd,0,0,0
20060113,69218,PTP+A',NYSE,27.51497745,31.95,14,0,Platinum Underwriters Holdings Ltd,0,0,0
20060117,69218,PTP+A',NYSE,27.33412783,31.74,2,0,Platinum Underwriters Holdings Ltd,0,0,0
20060118,69218,PTP+A',NYSE,27.33412783,31.74,0,0,Platinum Underwriters Holdings Ltd,0,0,0
20060119,69218,PTP+A',NYSE,27.21356142,31.6,12,0,Platinum Underwriters Holdings Ltd,0,0,0
20060120,69218,PTP+A',NYSE,27.04132369,31.4,1168,0,Platinum Underwriters Holdings Ltd,0,0,0
20060123,69218,PTP+A',NYSE,27.02409992,31.38,31,0,Platinum Underwriters Holdings Ltd,0,0,0
20060124,69218,PTP+A',NYSE,26.77435521,31.09,24,0,Platinum Underwriters Holdings Ltd,0,0,0
20060125,69218,PTP+A',NYSE,26.78296709,31.1,593,0,Platinum Underwriters Holdings Ltd,0,0,0
20060126,69218,PTP+A',NYSE,26.82602653,31.15,163,0,Platinum Underwriters Holdings Ltd,0,0,0
20060127,69218,PTP+A',NYSE,26.6537888,30.95,549,0,Platinum Underwriters Holdings Ltd,0,0,0
20060130,69218,PTP+A',NYSE,26.45571541,30.72,296,0,Platinum Underwriters Holdings Ltd,0,0,0
20060131,69218,PTP+A',NYSE,26.47293918,30.74,922,0,Platinum Underwriters Holdings Ltd,0,0,0
20060201,69218,PTP+A',NYSE,26.35237277,30.6,308,0,Platinum Underwriters Holdings Ltd,0,0,0
20060202,69218,PTP+A',NYSE,26.1370756,30.35,3,0,Platinum Underwriters Holdings Ltd,0,0,0
20060203,69218,PTP+A',NYSE,25.71509316,29.86,1166,0,Platinum Underwriters Holdings Ltd,0,0,0
20060206,69218,PTP+A',NYSE,25.52563166,29.64,298,0,Platinum Underwriters Holdings Ltd,0,0,0
20060207,69218,PTP+A',NYSE,25.47396034,29.58,456,0,Platinum Underwriters Holdings Ltd,0,0,0
20060208,69218,PTP+A',NYSE,25.42228902,29.52,41,0,Platinum Underwriters Holdings Ltd,0,0,0
20060209,69218,PTP+A',NYSE,25.12948488,29.18,37,0,Platinum Underwriters Holdings Ltd,0,0,0
20060210,69218,PTP+A',NYSE,25.25866318,29.33,1,0,Platinum Underwriters Holdings Ltd,0,0,0
20060213,69218,PTP+A',NYSE,25.22421563,29.29,1138,0,Platinum Underwriters Holdings Ltd,0,0,0
20060214,69218,PTP+A',NYSE,25.43090091,29.53,354,0,Platinum Underwriters Holdings Ltd,0,0,0
20060215,69218,PTP+A',NYSE,25.8184358,29.98,20,0,Platinum Underwriters Holdings Ltd,0,0,0
20060216,69218,PTP+A',NYSE,26.14568749,30.36,37,0,Platinum Underwriters Holdings Ltd,0,0,0
20060217,69218,PTP+A',NYSE,25.97344976,30.16,589,0,Platinum Underwriters Holdings Ltd,0,0,0
20060221,69218,PTP+A',NYSE,26.05956863,30.26,1492,0,Platinum Underwriters Holdings Ltd,0,0,0
20060222,69218,PTP+A',NYSE,26.25764202,30.49,12,0,Platinum Underwriters Holdings Ltd,0,0,0
20060223,69218,PTP+A',NYSE,26.22319447,30.45,718,0,Platinum Underwriters Holdings Ltd,0,0,0
20060224,69218,PTP+A',NYSE,26.08540428,30.29,194,0,Platinum Underwriters Holdings Ltd,0,0,0
20060227,69218,PTP+A',NYSE,26.1370756,30.35,7862,0,Platinum Underwriters Holdings Ltd,0,0,0
20060228,69218,PTP+A',NYSE,26.2059707,30.43,6,0,Platinum Underwriters Holdings Ltd,0,0,0
20060301,69218,PTP+A',NYSE,26.35237277,30.6,15,0,Platinum Underwriters Holdings Ltd,0,0,0
20060302,69218,PTP+A',NYSE,26.40404409,30.66,36,0,Platinum Underwriters Holdings Ltd,0,0,0
20060303,69218,PTP+A',NYSE,26.40404409,30.66,12,0,Platinum Underwriters Holdings Ltd,0,0,0
20060306,69218,PTP+A',NYSE,26.2662539,30.5,10,0,Platinum Underwriters Holdings Ltd,0,0,0
20060307,69218,PTP+A',NYSE,26.12846372,30.34,1,0,Platinum Underwriters Holdings Ltd,0,0,0
20060308,69218,PTP+A',NYSE,26.12846372,30.34,0,0,Platinum Underwriters Holdings Ltd,0,0,0
20060309,69218,PTP+A',NYSE,26.30931333,30.55,14,0,Platinum Underwriters Holdings Ltd,0,0,0
20060310,69218,PTP+A',NYSE,25.96483787,30.15,3,0,Platinum Underwriters Holdings Ltd,0,0,0
20060313,69218,PTP+A',NYSE,25.9476141,30.13,6,0,Platinum Underwriters Holdings Ltd,0,0,0
20060314,69218,PTP+A',NYSE,25.9476141,30.13,0,0,Platinum Underwriters Holdings Ltd,0,0,0
20060315,69218,PTP+A',NYSE,25.92177844,30.1,17,0,Platinum Underwriters Holdings Ltd,0,0,0
20060316,69218,PTP+A',NYSE,25.92177844,30.1,0,0,Platinum Underwriters Holdings Ltd,0,0,0
20060317,69218,PTP+A',NYSE,26.04234485,30.24,8,0,Platinum Underwriters Holdings Ltd,0,0,0
20060320,69218,PTP+A',NYSE,26.04234485,30.24,0,0,Platinum Underwriters Holdings Ltd,0,0,0
20060321,69218,PTP+A',NYSE,25.89594278,30.07,298,0,Platinum Underwriters Holdings Ltd,0,0,0
20060322,69218,PTP+A',NYSE,25.6289743,29.76,15,0,Platinum Underwriters Holdings Ltd,0,0,0
20060323,69218,PTP+A',NYSE,25.6289743,29.76,0,0,Platinum Underwriters Holdings Ltd,0,0,0
20060324,69218,PTP+A',NYSE,25.49118411,29.6,9,0,Platinum Underwriters Holdings Ltd,0,0,0
20060327,69218,PTP+A',NYSE,25.30172261,29.38,7439,0,Platinum Underwriters Holdings Ltd,0,0,0
20060328,69218,PTP+A',NYSE,25.38784148,29.48,1258,0,Platinum Underwriters Holdings Ltd,0,0,0
20060329,69218,PTP+A',NYSE,25.49118411,29.6,3,0,Platinum Underwriters Holdings Ltd,0,0,0
20060330,69218,PTP+A',NYSE,25.59452675,29.72,2,0,Platinum Underwriters Holdings Ltd,0,0,0
20060331,69218,PTP+A',NYSE,25.31894638,29.4,10,0,Platinum Underwriters Holdings Ltd,0,0,0
20060403,69218,PTP+A',NYSE,25.31894638,29.4,0,0,Platinum Underwriters Holdings Ltd,0,0,0
20060404,69218,PTP+A',NYSE,25.31894638,29.4,0,0,Platinum Underwriters Holdings Ltd,0,0,0
20060405,69218,PTP+A',NYSE,25.60313864,29.73,20,0,Platinum Underwriters Holdings Ltd,0,0,0
20060406,69218,PTP+A',NYSE,25.70648128,29.85,303,0,Platinum Underwriters Holdings Ltd,0,0,0
20060407,69218,PTP+A',NYSE,25.33617016,29.42,16,0,Platinum Underwriters Holdings Ltd,0,0,0
20060410,69218,PTP+A',NYSE,25.12087299,29.17,150,0,Platinum Underwriters Holdings Ltd,0,0,0
20060411,69218,PTP+A',NYSE,25.10364922,29.15,15,0,Platinum Underwriters Holdings Ltd,0,0,0
20060412,69218,PTP+A',NYSE,25.24143941,29.31,10,0,Platinum Underwriters Holdings Ltd,0,0,0
20060413,69218,PTP+A',NYSE,25.16393243,29.22,2041,0,Platinum Underwriters Holdings Ltd,0,0,0
20060417,69218,PTP+A',NYSE,24.94863526,28.97,894,0,Platinum Underwriters Holdings Ltd,0,0,0
20060418,69218,PTP+A',NYSE,24.87974017,28.89,377,0,Platinum Underwriters Holdings Ltd,0,0,0
20060419,69218,PTP+A',NYSE,24.7333381,28.72,1694,0,Platinum Underwriters Holdings Ltd,0,0,0
20060420,69218,PTP+A',NYSE,25.06058979,29.1,2,0,Platinum Underwriters Holdings Ltd,0,0,0
20060421,69218,PTP+A',NYSE,24.95724715,28.98,58,0,Platinum Underwriters Holdings Ltd,0,0,0
20060424,69218,PTP+A',NYSE,24.75056187,28.74,21,0,Platinum Underwriters Holdings Ltd,0,0,0
20060425,69218,PTP+A',NYSE,24.64721923,28.62,41,0,Platinum Underwriters Holdings Ltd,0,0,0
20060426,69218,PTP+A',NYSE,25.10364922,29.15,3516,0,Platinum Underwriters Holdings Ltd,0,0,0
20060427,69218,PTP+A',NYSE,24.19940114,28.1,1753,0,Platinum Underwriters Holdings Ltd,0,0,0
20060428,69218,PTP+A',NYSE,24.02716341,27.9,65,0,Platinum Underwriters Holdings Ltd,0,0,0
20060501,69218,PTP+A',NYSE,24.40608641,28.34,451,0,Platinum Underwriters Holdings Ltd,0,0,0
20060502,69218,PTP+A',NYSE,24.18217736,28.08,23,0,Platinum Underwriters Holdings Ltd,0,0,0
20060503,69218,PTP+A',NYSE,24.18217736,28.08,0,0,Platinum Underwriters Holdings Ltd,0,0,0
20060504,69218,PTP+A',NYSE,24.19940114,28.1,1161,0,Platinum Underwriters Holdings Ltd,0,0,0
20060505,69218,PTP+A',NYSE,24.07022284,27.95,581,0,Platinum Underwriters Holdings Ltd,0,0,0
20060508,69218,PTP+A',NYSE,24.07022284,27.95,0,0,Platinum Underwriters Holdings Ltd,0,0,0
20060509,69218,PTP+A',NYSE,23.98410397,27.85,17,0,Platinum Underwriters Holdings Ltd,0,0,0
20060510,69218,PTP+A',NYSE,23.93243265,27.79,871,0,Platinum Underwriters Holdings Ltd,0,0,0
20060511,69218,PTP+A',NYSE,23.93243265,27.79,0,0,Platinum Underwriters Holdings Ltd,0,0,0
20060512,69218,PTP+A',NYSE,23.93243265,27.79,0,0,Platinum Underwriters Holdings Ltd,0,0,0
20060515,69218,PTP+A',NYSE,23.90659699,27.76,1023,0,Platinum Underwriters Holdings Ltd,0,0,0
20060516,69218,PTP+A',NYSE,24.05299906,27.93,1068,0,Platinum Underwriters Holdings Ltd,0,0,0
20060517,69218,PTP+A',NYSE,23.69991172,27.52,2,0,Platinum Underwriters Holdings Ltd,0,0,0
20060518,69218,PTP+A',NYSE,23.68268794,27.5,2206,0,Platinum Underwriters Holdings Ltd,0,0,0
20060519,69218,PTP+A',NYSE,23.68268794,27.5,0,0,Platinum Underwriters Holdings Ltd,0,0,0
20060522,69218,PTP+A',NYSE,23.58795719,27.39,290,0,Platinum Underwriters Holdings Ltd,0,0,0
20060523,69218,PTP+A',NYSE,23.76880681,27.6,1598,0,Platinum Underwriters Holdings Ltd,0,0,0
20060524,69218,PTP+A',NYSE,23.38127192,27.15,30,0,Platinum Underwriters Holdings Ltd,0,0,0
20060525,69218,PTP+A',NYSE,23.26931739,27.02,466,0,Platinum Underwriters Holdings Ltd,0,0,0
20060526,69218,PTP+A',NYSE,23.39849569,27.17,2,0,Platinum Underwriters Holdings Ltd,0,0,0
20060530,69218,PTP+A',NYSE,23.63962851,27.45,1045,0,Platinum Underwriters Holdings Ltd,0,0,0
20060531,69218,PTP+A',NYSE,23.57073342,27.37,1811,0,Platinum Underwriters Holdings Ltd,0,0,0
20060601,69218,PTP+A',NYSE,23.74297115,27.57,341,0,Platinum Underwriters Holdings Ltd,0,0,0
20060602,69218,PTP+A',NYSE,23.74297115,27.57,0,0,Platinum Underwriters Holdings Ltd,0,0,0
20060605,69218,PTP+A',NYSE,23.68268794,27.5,592,0,Platinum Underwriters Holdings Ltd,0,0,0
20060606,69218,PTP+A',NYSE,23.68268794,27.5,0,0,Platinum Underwriters Holdings Ltd,0,0,0
20060607,69218,PTP+A',NYSE,23.68268794,27.5,0,0,Platinum Underwriters Holdings Ltd,0,0,0
20060608,69218,PTP+A',NYSE,23.63101662,27.44,9,0,Platinum Underwriters Holdings Ltd,0,0,0
20060609,69218,PTP+A',NYSE,23.97549209,27.84,704,0,Platinum Underwriters Holdings Ltd,0,0,0
20060612,69218,PTP+A',NYSE,23.75158304,27.58,1,0,Platinum Underwriters Holdings Ltd,0,0,0
20060613,69218,PTP+A',NYSE,23.57934531,27.38,1167,0,Platinum Underwriters Holdings Ltd,0,0,0
20060614,69218,PTP+A',NYSE,23.57934531,27.38,0,0,Platinum Underwriters Holdings Ltd,0,0,0
20060615,69218,PTP+A',NYSE,23.62240474,27.43,3,0,Platinum Underwriters Holdings Ltd,0,0,0
20060616,69218,PTP+A',NYSE,23.63962851,27.45,586,0,Platinum Underwriters Holdings Ltd,0,0,0
20060619,69218,PTP+A',NYSE,23.82047813,27.66,581,0,Platinum Underwriters Holdings Ltd,0,0,0
20060620,69218,PTP+A',NYSE,23.86353756,27.71,406,0,Platinum Underwriters Holdings Ltd,0,0,0
20060621,69218,PTP+A',NYSE,23.56212153,27.36,2616,0,Platinum Underwriters Holdings Ltd,0,0,0
20060622,69218,PTP+A',NYSE,23.51045021,27.3,324,0,Platinum Underwriters Holdings Ltd,0,0,0
20060623,69218,PTP+A',NYSE,23.51045021,27.3,10,0,Platinum Underwriters Holdings Ltd,0,0,0
20060626,69218,PTP+A',NYSE,24.16495359,28.06,240,0,Platinum Underwriters Holdings Ltd,0,0,0
20060627,69218,PTP+A',NYSE,24.19940114,28.1,100,0,Platinum Underwriters Holdings Ltd,0,0,0
20060628,69218,PTP+A',NYSE,24.16495359,28.06,1847,0,Platinum Underwriters Holdings Ltd,0,0,0
20060629,69218,PTP+A',NYSE,24.16495359,28.06,0,0,Platinum Underwriters Holdings Ltd,0,0,0
20060630,69218,PTP+A',NYSE,24.16495359,28.06,0,0,Platinum Underwriters Holdings Ltd,0,0,0
20060703,69218,PTP+A',NYSE,24.16495359,28.06,0,0,Platinum Underwriters Holdings Ltd,0,0,0
20060705,69218,PTP+A',NYSE,24.36302698,28.29,1,0,Platinum Underwriters Holdings Ltd,0,0,0
20060706,69218,PTP+A',NYSE,24.69889055,28.68,1803,0,Platinum Underwriters Holdings Ltd,0,0,0
20060707,69218,PTP+A',NYSE,24.68166678,28.66,2229,0,Platinum Underwriters Holdings Ltd,0,0,0
20060710,69218,PTP+A',NYSE,24.75917376,28.75,418,0,Platinum Underwriters Holdings Ltd,0,0,0
20060711,69218,PTP+A',NYSE,24.75917376,28.75,0,0,Platinum Underwriters Holdings Ltd,0,0,0
20060712,69218,PTP+A',NYSE,24.93141149,28.95,699,0,Platinum Underwriters Holdings Ltd,0,0,0
20060713,69218,PTP+A',NYSE,24.63860735,28.61,232,0,Platinum Underwriters Holdings Ltd,0,0,0
20060714,69218,PTP+A',NYSE,24.63860735,28.61,0,0,Platinum Underwriters Holdings Ltd,0,0,0
20060717,69218,PTP+A',NYSE,24.71611433,28.7,2,0,Platinum Underwriters Holdings Ltd,0,0,0
20060718,69218,PTP+A',NYSE,24.71611433,28.7,0,0,Platinum Underwriters Holdings Ltd,0,0,0
20060719,69218,PTP+A',NYSE,24.93141149,28.95,1,0,Platinum Underwriters Holdings Ltd,0,0,0
20060720,69218,PTP+A',NYSE,24.93141149,28.95,0,0,Platinum Underwriters Holdings Ltd,0,0,0
20060721,69218,PTP+A',NYSE,24.25107245,28.16,14,0,Platinum Underwriters Holdings Ltd,0,0,0
20060724,69218,PTP+A',NYSE,24.36302698,28.29,15,0,Platinum Underwriters Holdings Ltd,0,0,0
20060725,69218,PTP+A',NYSE,24.75917376,28.75,290,0,Platinum Underwriters Holdings Ltd,0,0,0
20060726,69218,PTP+A',NYSE,25.26727506,29.34,7249,0,Platinum Underwriters Holdings Ltd,0,0,0
20060727,69218,PTP+A',NYSE,24.9916947,29.02,6730,0,Platinum Underwriters Holdings Ltd,0,0,0
20060728,69218,PTP+A',NYSE,24.32857943,28.25,1162,0,Platinum Underwriters Holdings Ltd,0,0,0
20060731,69218,PTP+A',NYSE,24.32857943,28.25,0,0,Platinum Underwriters Holdings Ltd,0,0,0
20060801,69218,PTP+A',NYSE,24.33719132,28.26,1,0,Platinum Underwriters Holdings Ltd,0,0,0
20060802,69218,PTP+A',NYSE,24.28552,28.2,5,0,Platinum Underwriters Holdings Ltd,0,0,0
20060803,69218,PTP+A',NYSE,24.28552,28.2,0,0,Platinum Underwriters Holdings Ltd,0,0,0
20060804,69218,PTP+A',NYSE,24.46636962,28.41,7,0,Platinum Underwriters Holdings Ltd,0,0,0
20060807,69218,PTP+A',NYSE,24.14772982,28.04,582,0,Platinum Underwriters Holdings Ltd,0,0,0
20060808,69218,PTP+A',NYSE,24.14772982,28.04,0,0,Platinum Underwriters Holdings Ltd,0,0,0
20060809,69218,PTP+A',NYSE,24.14772982,28.04,0,0,Platinum Underwriters Holdings Ltd,0,0,0
20060810,69218,PTP+A',NYSE,24.07883472,27.96,14,0,Platinum Underwriters Holdings Ltd,0,0,0
20060811,69218,PTP+A',NYSE,24.07022284,27.95,2,0,Platinum Underwriters Holdings Ltd,0,0,0
20060814,69218,PTP+A',NYSE,24.32857943,28.25,3,0,Platinum Underwriters Holdings Ltd,0,0,0
20060815,69218,PTP+A',NYSE,24.5438766,28.5,332,0,Platinum Underwriters Holdings Ltd,0,0,0
20060816,69218,PTP+A',NYSE,24.5438766,28.5,116,0,Platinum Underwriters Holdings Ltd,0,0,0
20060817,69218,PTP+A',NYSE,24.70750244,28.69,6,0,Platinum Underwriters Holdings Ltd,0,0,0
20060818,69218,PTP+A',NYSE,24.70750244,28.69,0,0,Platinum Underwriters Holdings Ltd,0,0,0
20060821,69218,PTP+A',NYSE,24.70750244,28.69,0,0,Platinum Underwriters Holdings Ltd,0,0,0
20060822,69218,PTP+A',NYSE,24.62999546,28.6,905,0,Platinum Underwriters Holdings Ltd,0,0,0
20060823,69218,PTP+A',NYSE,24.62999546,28.6,0,0,Platinum Underwriters Holdings Ltd,0,0,0
20060824,69218,PTP+A',NYSE,24.62999546,28.6,0,0,Platinum Underwriters Holdings Ltd,0,0,0
20060825,69218,PTP+A',NYSE,24.55248848,28.51,822,0,Platinum Underwriters Holdings Ltd,0,0,0
20060828,69218,PTP+A',NYSE,24.55248848,28.51,0,0,Platinum Underwriters Holdings Ltd,0,0,0
20060829,69218,PTP+A',NYSE,24.55248848,28.51,807,0,Platinum Underwriters Holdings Ltd,0,0,0
20060830,69218,PTP+A',NYSE,25.06058979,29.1,1,0,Platinum Underwriters Holdings Ltd,0,0,0
20060831,69218,PTP+A',NYSE,25.48257223,29.59,858,0,Platinum Underwriters Holdings Ltd,0,0,0
20060901,69218,PTP+A',NYSE,25.48257223,29.59,0,0,Platinum Underwriters Holdings Ltd,0,0,0
20060905,69218,PTP+A',NYSE,25.49118411,29.6,22,0,Platinum Underwriters Holdings Ltd,0,0,0
20060906,69218,PTP+A',NYSE,25.52563166,29.64,290,0,Platinum Underwriters Holdings Ltd,0,0,0
20060907,69218,PTP+A',NYSE,25.80121203,29.96,842,0,Platinum Underwriters Holdings Ltd,0,0,0
20060908,69218,PTP+A',NYSE,25.6892575,29.83,2,0,Platinum Underwriters Holdings Ltd,0,0,0
20060911,69218,PTP+A',NYSE,26.30070145,30.54,44,0,Platinum Underwriters Holdings Ltd,0,0,0
20060912,69218,PTP+A',NYSE,26.35237277,30.6,741,0,Platinum Underwriters Holdings Ltd,0,0,0
20060913,69218,PTP+A',NYSE,26.24903013,30.48,1169,0,Platinum Underwriters Holdings Ltd,0,0,0
20060914,69218,PTP+A',NYSE,25.89594278,30.07,840,0,Platinum Underwriters Holdings Ltd,0,0,0
20060915,69218,PTP+A',NYSE,26.30070145,30.54,871,0,Platinum Underwriters Holdings Ltd,0,0,0
20060918,69218,PTP+A',NYSE,26.30070145,30.54,0,0,Platinum Underwriters Holdings Ltd,0,0,0
20060919,69218,PTP+A',NYSE,26.30070145,30.54,0,0,Platinum Underwriters Holdings Ltd,0,0,0
20060920,69218,PTP+A',NYSE,25.96483787,30.15,3,0,Platinum Underwriters Holdings Ltd,0,0,0
20060921,69218,PTP+A',NYSE,26.19735881,30.42,1167,0,Platinum Underwriters Holdings Ltd,0,0,0
20060922,69218,PTP+A',NYSE,26.19735881,30.42,0,0,Platinum Underwriters Holdings Ltd,0,0,0
20060925,69218,PTP+A',NYSE,26.19735881,30.42,0,0,Platinum Underwriters Holdings Ltd,0,0,0
20060926,69218,PTP+A',NYSE,25.99067353,30.18,1770,0,Platinum Underwriters Holdings Ltd,0,0,0
20060927,69218,PTP+A',NYSE,25.99067353,30.18,0,0,Platinum Underwriters Holdings Ltd,0,0,0
20060928,69218,PTP+A',NYSE,26.04234485,30.24,81,0,Platinum Underwriters Holdings Ltd,0,0,0
20060929,69218,PTP+A',NYSE,26.43849163,30.7,51,0,Platinum Underwriters Holdings Ltd,0,0,0
20061002,69218,PTP+A',NYSE,26.0767924,30.28,20,0,Platinum Underwriters Holdings Ltd,0,0,0
20061003,69218,PTP+A',NYSE,26.44710352,30.71,302,0,Platinum Underwriters Holdings Ltd,0,0,0
20061004,69218,PTP+A',NYSE,26.69684823,31,21,0,Platinum Underwriters Holdings Ltd,0,0,0
20061005,69218,PTP+A',NYSE,26.69684823,31,0,0,Platinum Underwriters Holdings Ltd,0,0,0
20061006,69218,PTP+A',NYSE,26.56766993,30.85,3,0,Platinum Underwriters Holdings Ltd,0,0,0
20061009,69218,PTP+A',NYSE,26.21458258,30.44,29,0,Platinum Underwriters Holdings Ltd,0,0,0
20061010,69218,PTP+A',NYSE,26.55044616,30.83,1750,0,Platinum Underwriters Holdings Ltd,0,0,0
20061011,69218,PTP+A',NYSE,26.68823634,30.99,582,0,Platinum Underwriters Holdings Ltd,0,0,0
20061012,69218,PTP+A',NYSE,26.3954322,30.65,22,0,Platinum Underwriters Holdings Ltd,0,0,0
20061013,69218,PTP+A',NYSE,26.24041824,30.47,23,0,Platinum Underwriters Holdings Ltd,0,0,0
20061016,69218,PTP+A',NYSE,26.17152315,30.39,139,0,Platinum Underwriters Holdings Ltd,0,0,0
20061017,69218,PTP+A',NYSE,26.2662539,30.5,2,0,Platinum Underwriters Holdings Ltd,0,0,0
20061018,69218,PTP+A',NYSE,26.35237277,30.6,290,0,Platinum Underwriters Holdings Ltd,0,0,0
20061019,69218,PTP+A',NYSE,26.35237277,30.6,0,0,Platinum Underwriters Holdings Ltd,0,0,0
20061020,69218,PTP+A',NYSE,26.47293918,30.74,230,0,Platinum Underwriters Holdings Ltd,0,0,0
20061023,69218,PTP+A',NYSE,26.25764202,30.49,12,0,Platinum Underwriters Holdings Ltd,0,0,0
20061024,69218,PTP+A',NYSE,25.99928542,30.19,366,0,Platinum Underwriters Holdings Ltd,0,0,0
20061025,69218,PTP+A',NYSE,26.03373297,30.23,117,0,Platinum Underwriters Holdings Ltd,0,0,0
20061026,69218,PTP+A',NYSE,26.08540428,30.29,464,0,Platinum Underwriters Holdings Ltd,0,0,0
20061027,69218,PTP+A',NYSE,25.93900221,30.12,290,0,Platinum Underwriters Holdings Ltd,0,0,0
20061030,69218,PTP+A',NYSE,26.33507758,30.12,0,0,Platinum Underwriters Holdings Ltd,0,0,0
20061031,69218,PTP+A',NYSE,25.72304059,29.42,451,0,Platinum Underwriters Holdings Ltd,0,0,0
20061101,69218,PTP+A',NYSE,25.96785539,29.7,9,0,Platinum Underwriters Holdings Ltd,0,0,0
20061102,69218,PTP+A',NYSE,25.7142972,29.41,858,0,Platinum Underwriters Holdings Ltd,0,0,0
20061103,69218,PTP+A',NYSE,25.7142972,29.41,0,0,Platinum Underwriters Holdings Ltd,0,0,0
20061106,69218,PTP+A',NYSE,25.88916492,29.61,515,0,Platinum Underwriters Holdings Ltd,0,0,0
20061107,69218,PTP+A',NYSE,26.23015696,30,775,0,Platinum Underwriters Holdings Ltd,0,0,0
20061108,69218,PTP+A',NYSE,26.23015696,30,0,0,Platinum Underwriters Holdings Ltd,0,0,0
20061109,69218,PTP+A',NYSE,26.23890034,30.01,9615,0,Platinum Underwriters Holdings Ltd,0,0,0
20061110,69218,PTP+A',NYSE,26.30884743,30.09,1144,0,Platinum Underwriters Holdings Ltd,0,0,0
20061113,69218,PTP+A',NYSE,26.12523633,29.88,241,0,Platinum Underwriters Holdings Ltd,0,0,0
20061114,69218,PTP+A',NYSE,26.13397971,29.89,1149,0,Platinum Underwriters Holdings Ltd,0,0,0
20061115,69218,PTP+A',NYSE,26.0815194,29.83,2,0,Platinum Underwriters Holdings Ltd,0,0,0
20061116,69218,PTP+A',NYSE,26.27387388,30.05,11,0,Platinum Underwriters Holdings Ltd,0,0,0
20061117,69218,PTP+A',NYSE,25.96785539,29.7,5,0,Platinum Underwriters Holdings Ltd,0,0,0
20061120,69218,PTP+A',NYSE,26.30884743,30.09,29,0,Platinum Underwriters Holdings Ltd,0,0,0
20061121,69218,PTP+A',NYSE,25.76675752,29.47,5,0,Platinum Underwriters Holdings Ltd,0,0,0
20061122,69218,PTP+A',NYSE,25.76675752,29.47,0,0,Platinum Underwriters Holdings Ltd,0,0,0
20061124,69218,PTP+A',NYSE,25.76675752,29.47,0,0,Platinum Underwriters Holdings Ltd,0,0,0
20061127,69218,PTP+A',NYSE,25.88042153,29.6,6,0,Platinum Underwriters Holdings Ltd,0,0,0
20061128,69218,PTP+A',NYSE,25.88042153,29.6,0,0,Platinum Underwriters Holdings Ltd,0,0,0
20061129,69218,PTP+A',NYSE,25.88042153,29.6,0,0,Platinum Underwriters Holdings Ltd,0,0,0
20061130,69218,PTP+A',NYSE,25.88042153,29.6,0,0,Platinum Underwriters Holdings Ltd,0,0,0
20061201,69218,PTP+A',NYSE,25.93288184,29.66,18,0,Platinum Underwriters Holdings Ltd,0,0,0
20061204,69218,PTP+A',NYSE,25.93288184,29.66,0,0,Platinum Underwriters Holdings Ltd,0,0,0
20061205,69218,PTP+A',NYSE,26.57989238,30.4,229,0,Platinum Underwriters Holdings Ltd,0,0,0
20061206,69218,PTP+A',NYSE,26.68481301,30.52,1,0,Platinum Underwriters Holdings Ltd,0,0,0
20061207,69218,PTP+A',NYSE,26.68481301,30.52,0,0,Platinum Underwriters Holdings Ltd,0,0,0
20061208,69218,PTP+A',NYSE,26.68481301,30.52,0,0,Platinum Underwriters Holdings Ltd,0,0,0
20061211,69218,PTP+A',NYSE,26.68481301,30.52,0,0,Platinum Underwriters Holdings Ltd,0,0,0
20061212,69218,PTP+A',NYSE,26.64109608,30.47,1,0,Platinum Underwriters Holdings Ltd,0,0,0
20061213,69218,PTP+A',NYSE,26.49245853,30.3,2,0,Platinum Underwriters Holdings Ltd,0,0,0
20061214,69218,PTP+A',NYSE,26.49245853,30.3,0,0,Platinum Underwriters Holdings Ltd,0,0,0
20061215,69218,PTP+A',NYSE,26.50120191,30.31,2,0,Platinum Underwriters Holdings Ltd,0,0,0
20061218,69218,PTP+A',NYSE,26.4487416,30.25,29,0,Platinum Underwriters Holdings Ltd,0,0,0
20061219,69218,PTP+A',NYSE,26.4487416,30.25,0,0,Platinum Underwriters Holdings Ltd,0,0,0
20061220,69218,PTP+A',NYSE,26.40502467,30.2,292,0,Platinum Underwriters Holdings Ltd,0,0,0
20061221,69218,PTP+A',NYSE,26.48371514,30.29,498,0,Platinum Underwriters Holdings Ltd,0,0,0
20061222,69218,PTP+A',NYSE,26.48371514,30.29,0,0,Platinum Underwriters Holdings Ltd,0,0,0
20061226,69218,PTP+A',NYSE,26.48371514,30.29,0,0,Platinum Underwriters Holdings Ltd,0,0,0
20061227,69218,PTP+A',NYSE,26.48371514,30.29,0,0,Platinum Underwriters Holdings Ltd,0,0,0
20061228,69218,PTP+A',NYSE,26.48371514,30.29,0,0,Platinum Underwriters Holdings Ltd,0,0,0
20061229,69218,PTP+A',NYSE,26.48371514,30.29,0,0,Platinum Underwriters Holdings Ltd,0,0,0
20070103,69218,PTP+A',NYSE,26.96460135,30.84,6,0,Platinum Underwriters Holdings Ltd,0,0,0
20070104,69218,PTP+A',NYSE,26.87716749,30.74,3392,0,Platinum Underwriters Holdings Ltd,0,0,0
20070105,69218,PTP+A',NYSE,26.68481301,30.52,7,0,Platinum Underwriters Holdings Ltd,0,0,0
20070108,69218,PTP+A',NYSE,26.70229978,30.54,1,0,Platinum Underwriters Holdings Ltd,0,0,0
20070109,69218,PTP+A',NYSE,26.70229978,30.54,0,0,Platinum Underwriters Holdings Ltd,0,0,0
20070110,69218,PTP+A',NYSE,26.70229978,30.54,0,0,Platinum Underwriters Holdings Ltd,0,0,0
20070111,69218,PTP+A',NYSE,26.70229978,30.54,0,0,Platinum Underwriters Holdings Ltd,0,0,0
20070112,69218,PTP+A',NYSE,26.55366223,30.37,11,0,Platinum Underwriters Holdings Ltd,0,0,0
20070116,69218,PTP+A',NYSE,26.7547601,30.6,162,0,Platinum Underwriters Holdings Ltd,0,0,0
20070117,69218,PTP+A',NYSE,26.7547601,30.6,0,0,Platinum Underwriters Holdings Ltd,0,0,0
20070118,69218,PTP+A',NYSE,26.7547601,30.6,0,0,Platinum Underwriters Holdings Ltd,0,0,0
20070119,69218,PTP+A',NYSE,26.7547601,30.6,0,0,Platinum Underwriters Holdings Ltd,0,0,0
20070122,69218,PTP+A',NYSE,26.28261727,30.06,6,0,Platinum Underwriters Holdings Ltd,0,0,0
20070123,69218,PTP+A',NYSE,26.45748498,30.26,74,0,Platinum Underwriters Holdings Ltd,0,0,0
20070124,69218,PTP+A',NYSE,26.53617545,30.35,30,0,Platinum Underwriters Holdings Ltd,0,0,0
20070125,69218,PTP+A',NYSE,26.53617545,30.35,0,0,Platinum Underwriters Holdings Ltd,0,0,0
20070126,69218,PTP+A',NYSE,26.36130774,30.15,7,0,Platinum Underwriters Holdings Ltd,0,0,0
20070129,69218,PTP+A',NYSE,26.48371514,30.29,19,0,Platinum Underwriters Holdings Ltd,0,0,0
20070130,69218,PTP+A',NYSE,26.63727222,30.01,56,0,Platinum Underwriters Holdings Ltd,0,0,0
20070131,69218,PTP+A',NYSE,26.28222694,29.61,9,0,Platinum Underwriters Holdings Ltd,0,0,0
20070201,69218,PTP+A',NYSE,26.18458949,29.5,1408,0,Platinum Underwriters Holdings Ltd,0,0,0
20070202,69218,PTP+A',NYSE,26.40649279,29.75,397,0,Platinum Underwriters Holdings Ltd,0,0,0
20070205,69218,PTP+A',NYSE,26.62839609,30,1818,0,Platinum Underwriters Holdings Ltd,0,0,0
20070206,69218,PTP+A',NYSE,26.81479486,30.21,41,0,Platinum Underwriters Holdings Ltd,0,0,0
20070207,69218,PTP+A',NYSE,26.7970426,30.19,5,0,Platinum Underwriters Holdings Ltd,0,0,0
20070208,69218,PTP+A',NYSE,26.88580392,30.29,17,0,Platinum Underwriters Holdings Ltd,0,0,0
20070209,69218,PTP+A',NYSE,26.88580392,30.29,0,0,Platinum Underwriters Holdings Ltd,0,0,0
20070212,69218,PTP+A',NYSE,26.73490968,30.12,11,0,Platinum Underwriters Holdings Ltd,0,0,0
20070213,69218,PTP+A',NYSE,26.73490968,30.12,0,0,Platinum Underwriters Holdings Ltd,0,0,0
20070214,69218,PTP+A',NYSE,26.73490968,30.12,25,0,Platinum Underwriters Holdings Ltd,0,0,0
20070215,69218,PTP+A',NYSE,26.62839609,30,282,0,Platinum Underwriters Holdings Ltd,0,0,0
20070216,69218,PTP+A',NYSE,26.62839609,30,0,0,Platinum Underwriters Holdings Ltd,0,0,0
20070220,69218,PTP+A',NYSE,27.16984015,30.61,2,0,Platinum Underwriters Holdings Ltd,0,0,0
20070221,69218,PTP+A',NYSE,27.31185826,30.77,5,0,Platinum Underwriters Holdings Ltd,0,0,0
20070222,69218,PTP+A',NYSE,27.0455743,30.47,1,0,Platinum Underwriters Holdings Ltd,0,0,0
20070223,69218,PTP+A',NYSE,27.32961052,30.79,731,0,Platinum Underwriters Holdings Ltd,0,0,0
20070226,69218,PTP+A',NYSE,27.67577967,31.18,3752,0,Platinum Underwriters Holdings Ltd,0,0,0
20070227,69218,PTP+A',NYSE,27.48050477,30.96,1966,0,Platinum Underwriters Holdings Ltd,0,0,0
20070228,69218,PTP+A',NYSE,27.42724797,30.9,1561,0,Platinum Underwriters Holdings Ltd,0,0,0
20070301,69218,PTP+A',NYSE,27.42724797,30.9,0,0,Platinum Underwriters Holdings Ltd,0,0,0
20070302,69218,PTP+A',NYSE,27.42724797,30.9,0,0,Platinum Underwriters Holdings Ltd,0,0,0
20070305,69218,PTP+A',NYSE,27.42724797,30.9,0,0,Platinum Underwriters Holdings Ltd,0,0,0
20070306,69218,PTP+A',NYSE,27.42724797,30.9,0,0,Platinum Underwriters Holdings Ltd,0,0,0
20070307,69218,PTP+A',NYSE,27.27635373,30.73,2,0,Platinum Underwriters Holdings Ltd,0,0,0
20070308,69218,PTP+A',NYSE,27.35623892,30.82,744,0,Platinum Underwriters Holdings Ltd,0,0,0
20070309,69218,PTP+A',NYSE,27.28522986,30.74,338,0,Platinum Underwriters Holdings Ltd,0,0,0
20070312,69218,PTP+A',NYSE,27.28522986,30.74,0,0,Platinum Underwriters Holdings Ltd,0,0,0
20070313,69218,PTP+A',NYSE,27.43612411,30.91,1749,0,Platinum Underwriters Holdings Ltd,0,0,0
20070314,69218,PTP+A',NYSE,27.43612411,30.91,0,0,Platinum Underwriters Holdings Ltd,0,0,0
20070315,69218,PTP+A',NYSE,26.85029939,30.25,6,0,Platinum Underwriters Holdings Ltd,0,0,0
20070316,69218,PTP+A',NYSE,27.19646854,30.64,563,0,Platinum Underwriters Holdings Ltd,0,0,0
20070319,69218,PTP+A',NYSE,27.19646854,30.64,0,0,Platinum Underwriters Holdings Ltd,0,0,0
20070320,69218,PTP+A',NYSE,27.19646854,30.64,0,0,Platinum Underwriters Holdings Ltd,0,0,0
20070321,69218,PTP+A',NYSE,26.98344137,30.4,563,0,Platinum Underwriters Holdings Ltd,0,0,0
20070322,69218,PTP+A',NYSE,26.7970426,30.19,3,0,Platinum Underwriters Holdings Ltd,0,0,0
20070323,69218,PTP+A',NYSE,26.7970426,30.19,0,0,Platinum Underwriters Holdings Ltd,0,0,0
20070326,69218,PTP+A',NYSE,26.7970426,30.19,0,0,Platinum Underwriters Holdings Ltd,0,0,0
20070327,69218,PTP+A',NYSE,27.38286731,30.85,11,0,Platinum Underwriters Holdings Ltd,0,0,0
20070328,69218,PTP+A',NYSE,27.38286731,30.85,0,0,Platinum Underwriters Holdings Ltd,0,0,0
20070329,69218,PTP+A',NYSE,27.38286731,30.85,0,0,Platinum Underwriters Holdings Ltd,0,0,0
20070330,69218,PTP+A',NYSE,27.38286731,30.85,0,0,Platinum Underwriters Holdings Ltd,0,0,0
20070402,69218,PTP+A',NYSE,27.38286731,30.85,0,0,Platinum Underwriters Holdings Ltd,0,0,0
20070403,69218,PTP+A',NYSE,27.52488543,31.01,15,0,Platinum Underwriters Holdings Ltd,0,0,0
20070404,69218,PTP+A',NYSE,27.4627525,30.94,566,0,Platinum Underwriters Holdings Ltd,0,0,0
20070405,69218,PTP+A',NYSE,27.57814222,31.07,318,0,Platinum Underwriters Holdings Ltd,0,0,0
20070409,69218,PTP+A',NYSE,27.64027514,31.14,56,0,Platinum Underwriters Holdings Ltd,0,0,0
20070410,69218,PTP+A',NYSE,27.64027514,31.14,0,0,Platinum Underwriters Holdings Ltd,0,0,0
20070411,69218,PTP+A',NYSE,27.64027514,31.14,0,0,Platinum Underwriters Holdings Ltd,0,0,0
20070412,69218,PTP+A',NYSE,27.64027514,31.14,0,0,Platinum Underwriters Holdings Ltd,0,0,0
20070413,69218,PTP+A',NYSE,27.9598159,31.5,124,0,Platinum Underwriters Holdings Ltd,0,0,0
20070416,69218,PTP+A',NYSE,27.9065591,31.44,0,0,Platinum Underwriters Holdings Ltd,0,0,0
20070417,69218,PTP+A',NYSE,27.9065591,31.44,0,0,Platinum Underwriters Holdings Ltd,0,0,0
20070418,69218,PTP+A',NYSE,27.9598159,31.5,0,0,Platinum Underwriters Holdings Ltd,0,0,0
20070419,69218,PTP+A',NYSE,27.9598159,31.5,0,0,Platinum Underwriters Holdings Ltd,0,0,0
20070420,69218,PTP+A',NYSE,28.27935665,31.86,1,0,Platinum Underwriters Holdings Ltd,0,0,0
20070423,69218,PTP+A',NYSE,28.27935665,31.86,0,0,Platinum Underwriters Holdings Ltd,0,0,0
20070424,69218,PTP+A',NYSE,28.51901221,32.13,27,0,Platinum Underwriters Holdings Ltd,0,0,0
20070425,69218,PTP+A',NYSE,28.49238382,32.1,1,0,Platinum Underwriters Holdings Ltd,0,0,0
20070426,69218,PTP+A',NYSE,28.49238382,32.1,0,0,Platinum Underwriters Holdings Ltd,0,0,0
20070427,69218,PTP+A',NYSE,28.97225365,32.18,1,0,Platinum Underwriters Holdings Ltd,0,0,0
20070430,69218,PTP+A',NYSE,29.19733331,32.43,2,0,Platinum Underwriters Holdings Ltd,0,0,0
20070501,69218,PTP+A',NYSE,28.58511664,31.75,337,0,Platinum Underwriters Holdings Ltd,0,0,0
20070502,69218,PTP+A',NYSE,29.19733331,32.43,1,0,Platinum Underwriters Holdings Ltd,0,0,0
20070503,69218,PTP+A',NYSE,29.19733331,32.43,2,0,Platinum Underwriters Holdings Ltd,0,0,0
20070504,69218,PTP+A',NYSE,29.22434287,32.46,1,0,Platinum Underwriters Holdings Ltd,0,0,0
20070507,69218,PTP+A',NYSE,29.22434287,32.46,0,0,Platinum Underwriters Holdings Ltd,0,0,0
20070508,69218,PTP+A',NYSE,29.62948625,32.91,6,0,Platinum Underwriters Holdings Ltd,0,0,0
20070509,69218,PTP+A',NYSE,29.62948625,32.91,0,0,Platinum Underwriters Holdings Ltd,0,0,0
20070510,69218,PTP+A',NYSE,29.62948625,32.91,0,0,Platinum Underwriters Holdings Ltd,0,0,0
20070511,69218,PTP+A',NYSE,29.8635691,33.17,8,0,Platinum Underwriters Holdings Ltd,0,0,0
20070514,69218,PTP+A',NYSE,29.48543527,32.75,1,0,Platinum Underwriters Holdings Ltd,0,0,0
20070515,69218,PTP+A',NYSE,29.48543527,32.75,0,0,Platinum Underwriters Holdings Ltd,0,0,0
20070516,69218,PTP+A',NYSE,29.59347351,32.87,3,0,Platinum Underwriters Holdings Ltd,0,0,0
20070517,69218,PTP+A',NYSE,29.62948625,32.91,1,0,Platinum Underwriters Holdings Ltd,0,0,0
20070518,69218,PTP+A',NYSE,29.44942253,32.71,24,0,Platinum Underwriters Holdings Ltd,0,0,0
20070521,69218,PTP+A',NYSE,29.48543527,32.75,334,0,Platinum Underwriters Holdings Ltd,0,0,0
20070522,69218,PTP+A',NYSE,29.2063365,32.44,57,0,Platinum Underwriters Holdings Ltd,0,0,0
20070523,69218,PTP+A',NYSE,29.2063365,32.44,0,0,Platinum Underwriters Holdings Ltd,0,0,0
20070524,69218,PTP+A',NYSE,29.2063365,32.44,0,0,Platinum Underwriters Holdings Ltd,0,0,0
20070525,69218,PTP+A',NYSE,29.08029189,32.3,1,0,Platinum Underwriters Holdings Ltd,0,0,0
20070529,69218,PTP+A',NYSE,28.66614531,31.84,44,0,Platinum Underwriters Holdings Ltd,0,0,0
20070530,69218,PTP+A',NYSE,29.26035561,32.5,235,0,Platinum Underwriters Holdings Ltd,0,0,0
20070531,69218,PTP+A',NYSE,29.03527595,32.25,2,0,Platinum Underwriters Holdings Ltd,0,0,0
20070601,69218,PTP+A',NYSE,28.89122497,32.09,79,0,Platinum Underwriters Holdings Ltd,0,0,0
20070604,69218,PTP+A',NYSE,28.99926321,32.21,472,0,Platinum Underwriters Holdings Ltd,0,0,0
20070605,69218,PTP+A',NYSE,28.99926321,32.21,0,0,Platinum Underwriters Holdings Ltd,0,0,0
20070606,69218,PTP+A',NYSE,28.99926321,32.21,0,0,Platinum Underwriters Holdings Ltd,0,0,0
20070607,69218,PTP+A',NYSE,28.99926321,32.21,0,0,Platinum Underwriters Holdings Ltd,0,0,0
20070608,69218,PTP+A',NYSE,28.99926321,32.21,0,0,Platinum Underwriters Holdings Ltd,0,0,0
20070611,69218,PTP+A',NYSE,28.62112938,31.79,444,0,Platinum Underwriters Holdings Ltd,0,0,0
20070612,69218,PTP+A',NYSE,28.63013257,31.8,49,0,Platinum Underwriters Holdings Ltd,0,0,0
20070613,69218,PTP+A',NYSE,28.31502105,31.45,88,0,Platinum Underwriters Holdings Ltd,0,0,0
20070614,69218,PTP+A',NYSE,28.70215806,31.88,9,0,Platinum Underwriters Holdings Ltd,0,0,0
20070615,69218,PTP+A',NYSE,28.70215806,31.88,0,0,Platinum Underwriters Holdings Ltd,0,0,0
20070618,69218,PTP+A',NYSE,29.48543527,32.75,77,0,Platinum Underwriters Holdings Ltd,0,0,0
20070619,69218,PTP+A',NYSE,29.665499,32.95,7,0,Platinum Underwriters Holdings Ltd,0,0,0
20070620,69218,PTP+A',NYSE,29.665499,32.95,14,0,Platinum Underwriters Holdings Ltd,0,0,0
20070621,69218,PTP+A',NYSE,29.08029189,32.3,8,0,Platinum Underwriters Holdings Ltd,0,0,0
20070622,69218,PTP+A',NYSE,29.40440659,32.66,1,0,Platinum Underwriters Holdings Ltd,0,0,0
20070625,69218,PTP+A',NYSE,28.8101963,32,1,0,Platinum Underwriters Holdings Ltd,0,0,0
20070626,69218,PTP+A',NYSE,29.134311,32.36,3,0,Platinum Underwriters Holdings Ltd,0,0,0
20070627,69218,PTP+A',NYSE,29.44942253,32.71,8,0,Platinum Underwriters Holdings Ltd,0,0,0
20070628,69218,PTP+A',NYSE,29.83655954,33.14,1,0,Platinum Underwriters Holdings Ltd,0,0,0
20070629,69218,PTP+A',NYSE,29.83655954,33.14,0,0,Platinum Underwriters Holdings Ltd,0,0,0
20070702,69218,PTP+A',NYSE,29.8635691,33.17,22,0,Platinum Underwriters Holdings Ltd,0,0,0
20070703,69218,PTP+A',NYSE,29.8635691,33.17,0,0,Platinum Underwriters Holdings Ltd,0,0,0
20070705,69218,PTP+A',NYSE,29.74652768,33.04,199,0,Platinum Underwriters Holdings Ltd,0,0,0
20070706,69218,PTP+A',NYSE,29.74652768,33.04,0,0,Platinum Underwriters Holdings Ltd,0,0,0
20070709,69218,PTP+A',NYSE,29.71951812,33.01,278,0,Platinum Underwriters Holdings Ltd,0,0,0
20070710,69218,PTP+A',NYSE,29.74652768,33.04,3,0,Platinum Underwriters Holdings Ltd,0,0,0
20070711,69218,PTP+A',NYSE,29.71051493,33,31,0,Platinum Underwriters Holdings Ltd,0,0,0
20070712,69218,PTP+A',NYSE,30.0616392,33.39,8,0,Platinum Underwriters Holdings Ltd,0,0,0
20070713,69218,PTP+A',NYSE,30.0616392,33.39,0,0,Platinum Underwriters Holdings Ltd,0,0,0
20070716,69218,PTP+A',NYSE,30.17868062,33.52,3,0,Platinum Underwriters Holdings Ltd,0,0,0
20070717,69218,PTP+A',NYSE,29.62048307,32.9,1,0,Platinum Underwriters Holdings Ltd,0,0,0
20070718,69218,PTP+A',NYSE,29.24234924,32.48,3,0,Platinum Underwriters Holdings Ltd,0,0,0
20070719,69218,PTP+A',NYSE,29.16132056,32.39,4,0,Platinum Underwriters Holdings Ltd,0,0,0
20070720,69218,PTP+A',NYSE,28.49508477,31.65,86,0,Platinum Underwriters Holdings Ltd,0,0,0
20070723,69218,PTP+A',NYSE,28.49508477,31.65,0,0,Platinum Underwriters Holdings Ltd,0,0,0
20070724,69218,PTP+A',NYSE,28.27000512,31.4,278,0,Platinum Underwriters Holdings Ltd,0,0,0
20070725,69218,PTP+A',NYSE,28.76518036,31.95,60,0,Platinum Underwriters Holdings Ltd,0,0,0
20070726,69218,PTP+A',NYSE,28.76518036,31.95,0,0,Platinum Underwriters Holdings Ltd,0,0,0
20070727,69218,PTP+A',NYSE,28.36003698,31.5,1,0,Platinum Underwriters Holdings Ltd,0,0,0
20070730,69218,PTP+A',NYSE,28.0613372,30.72,62,0,Platinum Underwriters Holdings Ltd,0,0,0
20070731,69218,PTP+A',NYSE,28.64594839,31.36,82,0,Platinum Underwriters Holdings Ltd,0,0,0
20070801,69218,PTP+A',NYSE,28.64594839,31.36,0,0,Platinum Underwriters Holdings Ltd,0,0,0
20070802,69218,PTP+A',NYSE,28.42671919,31.12,57,0,Platinum Underwriters Holdings Ltd,0,0,0
20070803,69218,PTP+A',NYSE,27.7690316,30.4,4,0,Platinum Underwriters Holdings Ltd,0,0,0
20070806,69218,PTP+A',NYSE,27.7690316,30.4,0,0,Platinum Underwriters Holdings Ltd,0,0,0
20070807,69218,PTP+A',NYSE,28.1161445,30.78,164,0,Platinum Underwriters Holdings Ltd,0,0,0
20070808,69218,PTP+A',NYSE,27.77816615,30.41,5,0,Platinum Underwriters Holdings Ltd,0,0,0
20070809,69218,PTP+A',NYSE,27.7324934,30.36,41,0,Platinum Underwriters Holdings Ltd,0,0,0
20070810,69218,PTP+A',NYSE,27.7324934,30.36,0,0,Platinum Underwriters Holdings Ltd,0,0,0
20070813,69218,PTP+A',NYSE,28.36277734,31.05,22,0,Platinum Underwriters Holdings Ltd,0,0,0
20070814,69218,PTP+A',NYSE,27.83297345,30.47,48,0,Platinum Underwriters Holdings Ltd,0,0,0
20070815,69218,PTP+A',NYSE,27.83297345,30.47,0,0,Platinum Underwriters Holdings Ltd,0,0,0
20070816,69218,PTP+A',NYSE,28.41758464,31.11,343,0,Platinum Underwriters Holdings Ltd,0,0,0
20070817,69218,PTP+A',NYSE,28.56373744,31.27,7,0,Platinum Underwriters Holdings Ltd,0,0,0
20070820,69218,PTP+A',NYSE,28.90171579,31.64,496,0,Platinum Underwriters Holdings Ltd,0,0,0
20070821,69218,PTP+A',NYSE,29.32190508,32.1,35,0,Platinum Underwriters Holdings Ltd,0,0,0
20070822,69218,PTP+A',NYSE,29.34017418,32.12,4,0,Platinum Underwriters Holdings Ltd,0,0,0
20070823,69218,PTP+A',NYSE,29.44065423,32.23,58,0,Platinum Underwriters Holdings Ltd,0,0,0
20070824,69218,PTP+A',NYSE,29.44065423,32.23,0,0,Platinum Underwriters Holdings Ltd,0,0,0
20070827,69218,PTP+A',NYSE,29.41325058,32.2,4,0,Platinum Underwriters Holdings Ltd,0,0,0
20070828,69218,PTP+A',NYSE,29.23055958,32,2,0,Platinum Underwriters Holdings Ltd,0,0,0
20070829,69218,PTP+A',NYSE,28.99306129,31.74,1,0,Platinum Underwriters Holdings Ltd,0,0,0
20070830,69218,PTP+A',NYSE,28.99306129,31.74,0,0,Platinum Underwriters Holdings Ltd,0,0,0
20070831,69218,PTP+A',NYSE,28.99306129,31.74,0,0,Platinum Underwriters Holdings Ltd,0,0,0
20070904,69218,PTP+A',NYSE,29.37671238,32.16,1,0,Platinum Underwriters Holdings Ltd,0,0,0
20070905,69218,PTP+A',NYSE,29.37671238,32.16,0,0,Platinum Underwriters Holdings Ltd,0,0,0
20070906,69218,PTP+A',NYSE,29.37671238,32.16,0,0,Platinum Underwriters Holdings Ltd,0,0,0
20070907,69218,PTP+A',NYSE,29.37671238,32.16,0,0,Platinum Underwriters Holdings Ltd,0,0,0
20070910,69218,PTP+A',NYSE,29.15748318,31.92,3,0,Platinum Underwriters Holdings Ltd,0,0,0
20070911,69218,PTP+A',NYSE,28.91085034,31.65,553,0,Platinum Underwriters Holdings Ltd,0,0,0
20070912,69218,PTP+A',NYSE,29.34930873,32.13,1,0,Platinum Underwriters Holdings Ltd,0,0,0
20070913,69218,PTP+A',NYSE,29.34930873,32.13,0,0,Platinum Underwriters Holdings Ltd,0,0,0
20070914,69218,PTP+A',NYSE,29.00219583,31.75,8,0,Platinum Underwriters Holdings Ltd,0,0,0
20070917,69218,PTP+A',NYSE,29.45892333,32.25,1399,0,Platinum Underwriters Holdings Ltd,0,0,0
20070918,69218,PTP+A',NYSE,29.86084352,32.69,355,0,Platinum Underwriters Holdings Ltd,0,0,0
20070919,69218,PTP+A',NYSE,30.14401457,33,880,0,Platinum Underwriters Holdings Ltd,0,0,0
20070920,69218,PTP+A',NYSE,29.99786177,32.84,328,0,Platinum Underwriters Holdings Ltd,0,0,0
20070921,69218,PTP+A',NYSE,29.99786177,32.84,0,0,Platinum Underwriters Holdings Ltd,0,0,0
20070924,69218,PTP+A',NYSE,29.85170897,32.68,328,0,Platinum Underwriters Holdings Ltd,0,0,0
20070925,69218,PTP+A',NYSE,29.85170897,32.68,0,0,Platinum Underwriters Holdings Ltd,0,0,0
20070926,69218,PTP+A',NYSE,29.96132357,32.8,276,0,Platinum Underwriters Holdings Ltd,0,0,0
20070927,69218,PTP+A',NYSE,30.28103282,33.15,5,0,Platinum Underwriters Holdings Ltd,0,0,0
20070928,69218,PTP+A',NYSE,30.28103282,33.15,0,0,Platinum Underwriters Holdings Ltd,0,0,0
20071001,69218,PTP+A',NYSE,30.49112746,33.38,766,0,Platinum Underwriters Holdings Ltd,0,0,0
20071002,69218,PTP+A',NYSE,30.92045131,33.85,660,0,Platinum Underwriters Holdings Ltd,0,0,0
20071003,69218,PTP+A',NYSE,31.1579496,34.11,1,0,Platinum Underwriters Holdings Ltd,0,0,0
20071004,69218,PTP+A',NYSE,31.3406406,34.31,3,0,Platinum Underwriters Holdings Ltd,0,0,0
20071005,69218,PTP+A',NYSE,31.3406406,34.31,0,0,Platinum Underwriters Holdings Ltd,0,0,0
20071008,69218,PTP+A',NYSE,31.3406406,34.31,0,0,Platinum Underwriters Holdings Ltd,0,0,0
20071009,69218,PTP+A',NYSE,31.24016055,34.2,35,0,Platinum Underwriters Holdings Ltd,0,0,0
20071010,69218,PTP+A',NYSE,31.24016055,34.2,0,0,Platinum Underwriters Holdings Ltd,0,0,0
20071011,69218,PTP+A',NYSE,30.49112746,33.38,7,0,Platinum Underwriters Holdings Ltd,0,0,0
20071012,69218,PTP+A',NYSE,30.49112746,33.38,0,0,Platinum Underwriters Holdings Ltd,0,0,0
20071015,69218,PTP+A',NYSE,30.32670557,33.2,2,0,Platinum Underwriters Holdings Ltd,0,0,0
20071016,69218,PTP+A',NYSE,30.45458926,33.34,32,0,Platinum Underwriters Holdings Ltd,0,0,0
20071017,69218,PTP+A',NYSE,30.23536007,33.1,2,0,Platinum Underwriters Holdings Ltd,0,0,0
20071018,69218,PTP+A',NYSE,30.23536007,33.1,0,0,Platinum Underwriters Holdings Ltd,0,0,0
20071019,69218,PTP+A',NYSE,29.00219583,31.75,1624,0,Platinum Underwriters Holdings Ltd,0,0,0
20071022,69218,PTP+A',NYSE,29.29450143,32.07,3101,0,Platinum Underwriters Holdings Ltd,0,0,0
20071023,69218,PTP+A',NYSE,29.68728708,32.5,4,0,Platinum Underwriters Holdings Ltd,0,0,0
20071024,69218,PTP+A',NYSE,29.68728708,32.5,36,0,Platinum Underwriters Holdings Ltd,0,0,0
20071025,69218,PTP+A',NYSE,29.68728708,32.5,1,0,Platinum Underwriters Holdings Ltd,0,0,0
20071026,69218,PTP+A',NYSE,29.68728708,32.5,0,0,Platinum Underwriters Holdings Ltd,0,0,0
20071029,69218,PTP+A',NYSE,29.68728708,32.5,0,0,Platinum Underwriters Holdings Ltd,0,0,0
20071030,69218,PTP+A',NYSE,30.2922048,32.7,111,0,Platinum Underwriters Holdings Ltd,0,0,0
20071031,69218,PTP+A',NYSE,30.15324974,32.55,2065,0,Platinum Underwriters Holdings Ltd,0,0,0
20071101,69218,PTP+A',NYSE,29.77343922,32.14,706,0,Platinum Underwriters Holdings Ltd,0,0,0
20071102,69218,PTP+A',NYSE,29.77343922,32.14,0,0,Platinum Underwriters Holdings Ltd,0,0,0
20071105,69218,PTP+A',NYSE,29.77343922,32.14,0,0,Platinum Underwriters Holdings Ltd,0,0,0
20071106,69218,PTP+A',NYSE,29.2639373,31.59,1286,0,Platinum Underwriters Holdings Ltd,0,0,0
20071107,69218,PTP+A',NYSE,29.2639373,31.59,0,0,Platinum Underwriters Holdings Ltd,0,0,0
20071108,69218,PTP+A',NYSE,29.2639373,31.59,0,0,Platinum Underwriters Holdings Ltd,0,0,0
20071109,69218,PTP+A',NYSE,29.64374782,32,13,0,Platinum Underwriters Holdings Ltd,0,0,0
20071112,69218,PTP+A',NYSE,29.79196656,32.16,2159,0,Platinum Underwriters Holdings Ltd,0,0,0
20071113,69218,PTP+A',NYSE,30.63496064,33.07,19,0,Platinum Underwriters Holdings Ltd,0,0,0
20071114,69218,PTP+A',NYSE,30.18104075,32.58,40,0,Platinum Underwriters Holdings Ltd,0,0,0
20071115,69218,PTP+A',NYSE,30.18104075,32.58,0,0,Platinum Underwriters Holdings Ltd,0,0,0
20071116,69218,PTP+A',NYSE,29.92165796,32.3,33,0,Platinum Underwriters Holdings Ltd,0,0,0
20071119,69218,PTP+A',NYSE,29.61595681,31.97,566,0,Platinum Underwriters Holdings Ltd,0,0,0
20071120,69218,PTP+A',NYSE,29.50479275,31.85,543,0,Platinum Underwriters Holdings Ltd,0,0,0
20071121,69218,PTP+A',NYSE,29.66227516,32.02,1,0,Platinum Underwriters Holdings Ltd,0,0,0
20071123,69218,PTP+A',NYSE,29.66227516,32.02,0,0,Platinum Underwriters Holdings Ltd,0,0,0
20071126,69218,PTP+A',NYSE,29.43068338,31.77,3,0,Platinum Underwriters Holdings Ltd,0,0,0
20071127,69218,PTP+A',NYSE,29.43068338,31.77,0,0,Platinum Underwriters Holdings Ltd,0,0,0
20071128,69218,PTP+A',NYSE,30.33852316,32.75,633,0,Platinum Underwriters Holdings Ltd,0,0,0
20071129,69218,PTP+A',NYSE,30.18104075,32.58,705,0,Platinum Underwriters Holdings Ltd,0,0,0
20071130,69218,PTP+A',NYSE,30.53306026,32.96,511,0,Platinum Underwriters Holdings Ltd,0,0,0
20071203,69218,PTP+A',NYSE,30.76465203,33.21,2,0,Platinum Underwriters Holdings Ltd,0,0,0
20071204,69218,PTP+A',NYSE,30.57011494,33,382,0,Platinum Underwriters Holdings Ltd,0,0,0
20071205,69218,PTP+A',NYSE,30.57011494,33,98,0,Platinum Underwriters Holdings Ltd,0,0,0
20071206,69218,PTP+A',NYSE,31.12593521,33.6,163,0,Platinum Underwriters Holdings Ltd,0,0,0
20071207,69218,PTP+A',NYSE,30.94992546,33.41,2,0,Platinum Underwriters Holdings Ltd,0,0,0
20071210,69218,PTP+A',NYSE,30.57011494,33,19,0,Platinum Underwriters Holdings Ltd,0,0,0
20071211,69218,PTP+A',NYSE,30.38484152,32.8,27,0,Platinum Underwriters Holdings Ltd,0,0,0
20071212,69218,PTP+A',NYSE,30.38484152,32.8,0,0,Platinum Underwriters Holdings Ltd,0,0,0
20071213,69218,PTP+A',NYSE,30.38484152,32.8,0,0,Platinum Underwriters Holdings Ltd,0,0,0
20071214,69218,PTP+A',NYSE,30.38484152,32.8,0,0,Platinum Underwriters Holdings Ltd,0,0,0
20071217,69218,PTP+A',NYSE,30.2922048,32.7,1,0,Platinum Underwriters Holdings Ltd,0,0,0
20071218,69218,PTP+A',NYSE,30.19956809,32.6,8,0,Platinum Underwriters Holdings Ltd,0,0,0
20071219,69218,PTP+A',NYSE,30.17177708,32.57,322,0,Platinum Underwriters Holdings Ltd,0,0,0
20071220,69218,PTP+A',NYSE,30.17177708,32.57,0,0,Platinum Underwriters Holdings Ltd,0,0,0
20071221,69218,PTP+A',NYSE,30.2922048,32.7,50,0,Platinum Underwriters Holdings Ltd,0,0,0
20071224,69218,PTP+A',NYSE,30.38484152,32.8,108,0,Platinum Underwriters Holdings Ltd,0,0,0
20071226,69218,PTP+A',NYSE,30.47747823,32.9,50,0,Platinum Underwriters Holdings Ltd,0,0,0
20071227,69218,PTP+A',NYSE,29.90313061,32.28,2,0,Platinum Underwriters Holdings Ltd,0,0,0
20071228,69218,PTP+A',NYSE,30.28294113,32.69,163,0,Platinum Underwriters Holdings Ltd,0,0,0
20071231,69218,PTP+A',NYSE,29.69932985,32.06,270,0,Platinum Underwriters Holdings Ltd,0,0,0
20080102,69218,PTP+A',NYSE,30.28294113,32.69,0,0,Platinum Underwriters Holdings Ltd,0,0,0
20080103,69218,PTP+A',NYSE,29.41215604,31.75,702,0,Platinum Underwriters Holdings Ltd,0,0,0
20080104,69218,PTP+A',NYSE,29.29172832,31.62,703,0,Platinum Underwriters Holdings Ltd,0,0,0
20080107,69218,PTP+A',NYSE,29.70859352,32.07,2581,0,Platinum Underwriters Holdings Ltd,0,0,0
20080108,69218,PTP+A',NYSE,29.88460327,32.26,405,0,Platinum Underwriters Holdings Ltd,0,0,0
20080109,69218,PTP+A',NYSE,29.75491187,32.12,972,0,Platinum Underwriters Holdings Ltd,0,0,0
20080110,69218,PTP+A',NYSE,29.88460327,32.26,127,0,Platinum Underwriters Holdings Ltd,0,0,0
20080111,69218,PTP+A',NYSE,29.88460327,32.26,0,0,Platinum Underwriters Holdings Ltd,0,0,0
20080114,69218,PTP+A',NYSE,30.71833368,33.16,3,0,Platinum Underwriters Holdings Ltd,0,0,0
20080115,69218,PTP+A',NYSE,30.71833368,33.16,0,0,Platinum Underwriters Holdings Ltd,0,0,0
20080116,69218,PTP+A',NYSE,30.57011494,33,2,0,Platinum Underwriters Holdings Ltd,0,0,0
20080117,69218,PTP+A',NYSE,29.28246464,31.61,4,0,Platinum Underwriters Holdings Ltd,0,0,0
20080118,69218,PTP+A',NYSE,28.35609752,30.61,1546,0,Platinum Underwriters Holdings Ltd,0,0,0
20080122,69218,PTP+A',NYSE,28.67106235,30.95,35,0,Platinum Underwriters Holdings Ltd,0,0,0
20080123,69218,PTP+A',NYSE,28.67106235,30.95,0,0,Platinum Underwriters Holdings Ltd,0,0,0
20080124,69218,PTP+A',NYSE,28.67106235,30.95,0,0,Platinum Underwriters Holdings Ltd,0,0,0
20080125,69218,PTP+A',NYSE,28.05039638,30.28,505,0,Platinum Underwriters Holdings Ltd,0,0,0
20080128,69218,PTP+A',NYSE,28.45799791,30.72,925,0,Platinum Underwriters Holdings Ltd,0,0,0
20080129,69218,PTP+A',NYSE,28.62474399,30.9,682,0,Platinum Underwriters Holdings Ltd,0,0,0
20080130,69218,PTP+A',NYSE,28.75918542,30.59,15,0,Platinum Underwriters Holdings Ltd,0,0,0
20080131,69218,PTP+A',NYSE,28.9942229,30.84,734,0,Platinum Underwriters Holdings Ltd,0,0,0
20080201,69218,PTP+A',NYSE,28.58055694,30.4,32,0,Platinum Underwriters Holdings Ltd,0,0,0
20080204,69218,PTP+A',NYSE,29.13524538,30.99,3,0,Platinum Underwriters Holdings Ltd,0,0,0
20080205,69218,PTP+A',NYSE,28.85320041,30.69,555,0,Platinum Underwriters Holdings Ltd,0,0,0
20080206,69218,PTP+A',NYSE,28.30791347,30.11,29,0,Platinum Underwriters Holdings Ltd,0,0,0
20080207,69218,PTP+A',NYSE,28.54295095,30.36,402,0,Platinum Underwriters Holdings Ltd,0,0,0
20080208,69218,PTP+A',NYSE,28.54295095,30.36,0,0,Platinum Underwriters Holdings Ltd,0,0,0
20080211,69218,PTP+A',NYSE,28.54295095,30.36,0,0,Platinum Underwriters Holdings Ltd,0,0,0
20080212,69218,PTP+A',NYSE,28.54295095,30.36,0,0,Platinum Underwriters Holdings Ltd,0,0,0
20080213,69218,PTP+A',NYSE,27.91305052,29.69,2489,0,Platinum Underwriters Holdings Ltd,0,0,0
20080214,69218,PTP+A',NYSE,27.91305052,29.69,0,0,Platinum Underwriters Holdings Ltd,0,0,0
20080215,69218,PTP+A',NYSE,27.91305052,29.69,0,0,Platinum Underwriters Holdings Ltd,0,0,0
20080219,69218,PTP+A',NYSE,27.91305052,29.69,0,0,Platinum Underwriters Holdings Ltd,0,0,0
20080220,69218,PTP+A',NYSE,27.91305052,29.69,0,0,Platinum Underwriters Holdings Ltd,0,0,0
20080221,69218,PTP+A',NYSE,29.21045738,31.07,2,0,Platinum Underwriters Holdings Ltd,0,0,0
20080222,69218,PTP+A',NYSE,28.44893596,30.26,266,0,Platinum Underwriters Holdings Ltd,0,0,0
20080225,69218,PTP+A',NYSE,29.24806337,31.11,1,0,Platinum Underwriters Holdings Ltd,0,0,0
20080226,69218,PTP+A',NYSE,29.53950984,31.42,3,0,Platinum Underwriters Holdings Ltd,0,0,0
20080227,69218,PTP+A',NYSE,29.38908586,31.26,287,0,Platinum Underwriters Holdings Ltd,0,0,0
20080228,69218,PTP+A',NYSE,29.9249713,31.83,2,0,Platinum Underwriters Holdings Ltd,0,0,0
20080229,69218,PTP+A',NYSE,29.45489635,31.33,1,0,Platinum Underwriters Holdings Ltd,0,0,0
20080303,69218,PTP+A',NYSE,29.08823789,30.94,696,0,Platinum Underwriters Holdings Ltd,0,0,0
20080304,69218,PTP+A',NYSE,28.58055694,30.4,28,0,Platinum Underwriters Holdings Ltd,0,0,0
20080305,69218,PTP+A',NYSE,28.65576894,30.48,1,0,Platinum Underwriters Holdings Ltd,0,0,0
20080306,69218,PTP+A',NYSE,28.65576894,30.48,0,0,Platinum Underwriters Holdings Ltd,0,0,0
20080307,69218,PTP+A',NYSE,28.28911048,30.09,319,0,Platinum Underwriters Holdings Ltd,0,0,0
20080310,69218,PTP+A',NYSE,28.56175395,30.38,0,0,Platinum Underwriters Holdings Ltd,0,0,0
20080311,69218,PTP+A',NYSE,28.56175395,30.38,266,0,Platinum Underwriters Holdings Ltd,0,0,0
20080312,69218,PTP+A',NYSE,28.82499592,30.66,2,0,Platinum Underwriters Holdings Ltd,0,0,0
20080313,69218,PTP+A',NYSE,28.82499592,30.66,0,0,Platinum Underwriters Holdings Ltd,0,0,0
20080314,69218,PTP+A',NYSE,28.22329998,30.02,798,0,Platinum Underwriters Holdings Ltd,0,0,0
20080317,69218,PTP+A',NYSE,28.22329998,30.02,0,0,Platinum Underwriters Holdings Ltd,0,0,0
20080318,69218,PTP+A',NYSE,28.14808799,29.94,425,0,Platinum Underwriters Holdings Ltd,0,0,0
20080319,69218,PTP+A',NYSE,28.58055694,30.4,3,0,Platinum Underwriters Holdings Ltd,0,0,0
20080320,69218,PTP+A',NYSE,28.58055694,30.4,0,0,Platinum Underwriters Holdings Ltd,0,0,0
20080324,69218,PTP+A',NYSE,28.58055694,30.4,0,0,Platinum Underwriters Holdings Ltd,0,0,0
20080325,69218,PTP+A',NYSE,27.64040704,29.4,880,0,Platinum Underwriters Holdings Ltd,0,0,0
20080326,69218,PTP+A',NYSE,27.75322503,29.52,2,0,Platinum Underwriters Holdings Ltd,0,0,0
20080327,69218,PTP+A',NYSE,27.75322503,29.52,0,0,Platinum Underwriters Holdings Ltd,0,0,0
20080328,69218,PTP+A',NYSE,27.85664152,29.63,851,0,Platinum Underwriters Holdings Ltd,0,0,0
20080331,69218,PTP+A',NYSE,28.42073146,30.23,9,0,Platinum Underwriters Holdings Ltd,0,0,0
20080401,69218,PTP+A',NYSE,28.42073146,30.23,0,0,Platinum Underwriters Holdings Ltd,0,0,0
20080402,69218,PTP+A',NYSE,28.42073146,30.23,0,0,Platinum Underwriters Holdings Ltd,0,0,0
20080403,69218,PTP+A',NYSE,28.42073146,30.23,0,0,Platinum Underwriters Holdings Ltd,0,0,0
20080404,69218,PTP+A',NYSE,28.42073146,30.23,0,0,Platinum Underwriters Holdings Ltd,0,0,0
20080407,69218,PTP+A',NYSE,29.15404838,31.01,149,0,Platinum Underwriters Holdings Ltd,0,0,0
20080408,69218,PTP+A',NYSE,29.15404838,31.01,0,0,Platinum Underwriters Holdings Ltd,0,0,0
20080409,69218,PTP+A',NYSE,29.15404838,31.01,0,0,Platinum Underwriters Holdings Ltd,0,0,0
20080410,69218,PTP+A',NYSE,28.53354945,30.35,713,0,Platinum Underwriters Holdings Ltd,0,0,0
20080411,69218,PTP+A',NYSE,28.53354945,30.35,0,0,Platinum Underwriters Holdings Ltd,0,0,0
20080414,69218,PTP+A',NYSE,28.53354945,30.35,0,0,Platinum Underwriters Holdings Ltd,0,0,0
20080415,69218,PTP+A',NYSE,28.91901091,30.76,6,0,Platinum Underwriters Holdings Ltd,0,0,0
20080416,69218,PTP+A',NYSE,28.91901091,30.76,0,0,Platinum Underwriters Holdings Ltd,0,0,0
20080417,69218,PTP+A',NYSE,28.91901091,30.76,0,0,Platinum Underwriters Holdings Ltd,0,0,0
20080418,69218,PTP+A',NYSE,29.27626787,31.14,3,0,Platinum Underwriters Holdings Ltd,0,0,0
20080421,69218,PTP+A',NYSE,28.77798842,30.61,533,0,Platinum Underwriters Holdings Ltd,0,0,0
20080422,69218,PTP+A',NYSE,28.93781391,30.78,0,0,Platinum Underwriters Holdings Ltd,0,0,0
20080423,69218,PTP+A',NYSE,28.93781391,30.78,0,0,Platinum Underwriters Holdings Ltd,0,0,0
20080424,69218,PTP+A',NYSE,30.35744025,32.29,2,0,Platinum Underwriters Holdings Ltd,0,0,0
20080425,69218,PTP+A',NYSE,30.35744025,32.29,0,0,Platinum Underwriters Holdings Ltd,0,0,0
20080428,69218,PTP+A',NYSE,30.16000878,32.08,799,0,Platinum Underwriters Holdings Ltd,0,0,0
20080429,69218,PTP+A',NYSE,30.45849054,31.94,6,0,Platinum Underwriters Holdings Ltd,0,0,0
20080430,69218,PTP+A',NYSE,30.26776737,31.74,2623,0,Platinum Underwriters Holdings Ltd,0,0,0
20080501,69218,PTP+A',NYSE,30.27730353,31.75,1,0,Platinum Underwriters Holdings Ltd,0,0,0
20080502,69218,PTP+A',NYSE,30.27730353,31.75,0,0,Platinum Underwriters Holdings Ltd,0,0,0
20080505,69218,PTP+A',NYSE,30.37266511,31.85,1049,0,Platinum Underwriters Holdings Ltd,0,0,0
20080506,69218,PTP+A',NYSE,30.37266511,31.85,0,0,Platinum Underwriters Holdings Ltd,0,0,0
20080507,69218,PTP+A',NYSE,30.32498432,31.8,2,0,Platinum Underwriters Holdings Ltd,0,0,0
20080508,69218,PTP+A',NYSE,29.98168261,31.44,1049,0,Platinum Underwriters Holdings Ltd,0,0,0
20080509,69218,PTP+A',NYSE,30.41080975,31.89,4,0,Platinum Underwriters Holdings Ltd,0,0,0
20080512,69218,PTP+A',NYSE,30.28683968,31.76,1,0,Platinum Underwriters Holdings Ltd,0,0,0
20080513,69218,PTP+A',NYSE,30.4680267,31.95,1,0,Platinum Underwriters Holdings Ltd,0,0,0
20080514,69218,PTP+A',NYSE,30.4680267,31.95,0,0,Platinum Underwriters Holdings Ltd,0,0,0
20080515,69218,PTP+A',NYSE,30.04843572,31.51,320,0,Platinum Underwriters Holdings Ltd,0,0,0
20080516,69218,PTP+A',NYSE,30.04843572,31.51,0,0,Platinum Underwriters Holdings Ltd,0,0,0
20080519,69218,PTP+A',NYSE,30.41080975,31.89,3,0,Platinum Underwriters Holdings Ltd,0,0,0
20080520,69218,PTP+A',NYSE,30.39173743,31.87,1,0,Platinum Underwriters Holdings Ltd,0,0,0
20080521,69218,PTP+A',NYSE,30.39173743,31.87,0,0,Platinum Underwriters Holdings Ltd,0,0,0
20080522,69218,PTP+A',NYSE,29.99121877,31.45,13,0,Platinum Underwriters Holdings Ltd,0,0,0
20080523,69218,PTP+A',NYSE,29.99121877,31.45,0,0,Platinum Underwriters Holdings Ltd,0,0,0
20080527,69218,PTP+A',NYSE,29.60977242,31.05,5,0,Platinum Underwriters Holdings Ltd,0,0,0
20080528,69218,PTP+A',NYSE,29.93400182,31.39,533,0,Platinum Underwriters Holdings Ltd,0,0,0
20080529,69218,PTP+A',NYSE,29.93400182,31.39,0,0,Platinum Underwriters Holdings Ltd,0,0,0
20080530,69218,PTP+A',NYSE,30.08658035,31.55,3,0,Platinum Underwriters Holdings Ltd,0,0,0
20080602,69218,PTP+A',NYSE,29.98168261,31.44,6,0,Platinum Underwriters Holdings Ltd,0,0,0
20080603,69218,PTP+A',NYSE,29.98168261,31.44,0,0,Platinum Underwriters Holdings Ltd,0,0,0
20080604,69218,PTP+A',NYSE,29.98168261,31.44,0,0,Platinum Underwriters Holdings Ltd,0,0,0
20080605,69218,PTP+A',NYSE,29.98168261,31.44,0,0,Platinum Underwriters Holdings Ltd,0,0,0
20080606,69218,PTP+A',NYSE,29.60977242,31.05,45,0,Platinum Underwriters Holdings Ltd,0,0,0
20080609,69218,PTP+A',NYSE,30.32498432,31.8,1057,0,Platinum Underwriters Holdings Ltd,0,0,0
20080610,69218,PTP+A',NYSE,30.17240578,31.64,1,0,Platinum Underwriters Holdings Ltd,0,0,0
20080611,69218,PTP+A',NYSE,30.17240578,31.64,1,0,Platinum Underwriters Holdings Ltd,0,0,0
20080612,69218,PTP+A',NYSE,29.8004956,31.25,57,0,Platinum Underwriters Holdings Ltd,0,0,0
20080613,69218,PTP+A',NYSE,29.8004956,31.25,0,0,Platinum Underwriters Holdings Ltd,0,0,0
20080616,69218,PTP+A',NYSE,30.35359279,31.83,5,0,Platinum Underwriters Holdings Ltd,0,0,0
20080617,69218,PTP+A',NYSE,30.53477981,32.02,5,0,Platinum Underwriters Holdings Ltd,0,0,0
20080618,69218,PTP+A',NYSE,29.13296449,30.55,1577,0,Platinum Underwriters Holdings Ltd,0,0,0
20080619,69218,PTP+A',NYSE,28.68476504,30.08,936,0,Platinum Underwriters Holdings Ltd,0,0,0
20080620,69218,PTP+A',NYSE,28.75151815,30.15,213,0,Platinum Underwriters Holdings Ltd,0,0,0
20080623,69218,PTP+A',NYSE,28.75151815,30.15,0,0,Platinum Underwriters Holdings Ltd,0,0,0
20080624,69218,PTP+A',NYSE,29.12342834,30.54,709,0,Platinum Underwriters Holdings Ltd,0,0,0
20080625,69218,PTP+A',NYSE,29.32368767,30.75,521,0,Platinum Underwriters Holdings Ltd,0,0,0
20080626,69218,PTP+A',NYSE,28.5798673,29.97,1515,0,Platinum Underwriters Holdings Ltd,0,0,0
20080627,69218,PTP+A',NYSE,28.49404187,29.88,1,0,Platinum Underwriters Holdings Ltd,0,0,0
20080630,69218,PTP+A',NYSE,28.141204,29.51,1070,0,Platinum Underwriters Holdings Ltd,0,0,0
20080701,69218,PTP+A',NYSE,28.12213168,29.49,1,0,Platinum Underwriters Holdings Ltd,0,0,0
20080702,69218,PTP+A',NYSE,28.3033187,29.68,3,0,Platinum Underwriters Holdings Ltd,0,0,0
20080703,69218,PTP+A',NYSE,28.20795711,29.58,1,0,Platinum Underwriters Holdings Ltd,0,0,0
20080707,69218,PTP+A',NYSE,27.99816162,29.36,406,0,Platinum Underwriters Holdings Ltd,0,0,0
20080708,69218,PTP+A',NYSE,28.19842095,29.57,2185,0,Platinum Underwriters Holdings Ltd,0,0,0
20080709,69218,PTP+A',NYSE,28.32239101,29.7,536,0,Platinum Underwriters Holdings Ltd,0,0,0
20080710,69218,PTP+A',NYSE,28.32239101,29.7,0,0,Platinum Underwriters Holdings Ltd,0,0,0
20080711,69218,PTP+A',NYSE,28.08398705,29.45,2,0,Platinum Underwriters Holdings Ltd,0,0,0
20080714,69218,PTP+A',NYSE,27.83604693,29.19,376,0,Platinum Underwriters Holdings Ltd,0,0,0
20080715,69218,PTP+A',NYSE,27.89326388,29.25,3,0,Platinum Underwriters Holdings Ltd,0,0,0
20080716,69218,PTP+A',NYSE,27.98862546,29.35,529,0,Platinum Underwriters Holdings Ltd,0,0,0
20080717,69218,PTP+A',NYSE,28.13166784,29.5,2,0,Platinum Underwriters Holdings Ltd,0,0,0
20080718,69218,PTP+A',NYSE,28.6943012,30.09,2623,0,Platinum Underwriters Holdings Ltd,0,0,0
20080721,69218,PTP+A',NYSE,28.60847577,30,2,0,Platinum Underwriters Holdings Ltd,0,0,0
20080722,69218,PTP+A',NYSE,28.84687974,30.25,262,0,Platinum Underwriters Holdings Ltd,0,0,0
20080723,69218,PTP+A',NYSE,29.56209163,31,526,0,Platinum Underwriters Holdings Ltd,0,0,0
20080724,69218,PTP+A',NYSE,29.56209163,31,1,0,Platinum Underwriters Holdings Ltd,0,0,0
20080725,69218,PTP+A',NYSE,29.4762662,30.91,1,0,Platinum Underwriters Holdings Ltd,0,0,0
20080728,69218,PTP+A',NYSE,29.523947,30.96,1,0,Platinum Underwriters Holdings Ltd,0,0,0
20080729,69218,PTP+A',NYSE,29.78142328,31.23,756,0,Platinum Underwriters Holdings Ltd,0,0,0
20080730,69218,PTP+A',NYSE,30.2197696,31.23,0,0,Platinum Underwriters Holdings Ltd,0,0,0
20080731,69218,PTP+A',NYSE,30.2197696,31.23,0,0,Platinum Underwriters Holdings Ltd,0,0,0
20080801,69218,PTP+A',NYSE,29.62950193,30.62,1,0,Platinum Underwriters Holdings Ltd,0,0,0
20080804,69218,PTP+A',NYSE,30.06494529,31.07,258,0,Platinum Underwriters Holdings Ltd,0,0,0
20080805,69218,PTP+A',NYSE,30.00688618,31.01,890,0,Platinum Underwriters Holdings Ltd,0,0,0
20080806,69218,PTP+A',NYSE,29.94882706,30.95,64,0,Platinum Underwriters Holdings Ltd,0,0,0
20080807,69218,PTP+A',NYSE,29.94882706,30.95,0,0,Platinum Underwriters Holdings Ltd,0,0,0
20080808,69218,PTP+A',NYSE,30.0165627,31.02,4,0,Platinum Underwriters Holdings Ltd,0,0,0
20080811,69218,PTP+A',NYSE,30.0165627,31.02,0,0,Platinum Underwriters Holdings Ltd,0,0,0
20080812,69218,PTP+A',NYSE,30.0165627,31.02,0,0,Platinum Underwriters Holdings Ltd,0,0,0
20080813,69218,PTP+A',NYSE,30.0165627,31.02,0,0,Platinum Underwriters Holdings Ltd,0,0,0
20080814,69218,PTP+A',NYSE,30.0165627,31.02,0,0,Platinum Underwriters Holdings Ltd,0,0,0
20080815,69218,PTP+A',NYSE,30.48103562,31.5,6,0,Platinum Underwriters Holdings Ltd,0,0,0
20080818,69218,PTP+A',NYSE,30.7229486,31.75,11,0,Platinum Underwriters Holdings Ltd,0,0,0
20080819,69218,PTP+A',NYSE,30.48103562,31.5,3,0,Platinum Underwriters Holdings Ltd,0,0,0
20080820,69218,PTP+A',NYSE,30.07462181,31.08,278,0,Platinum Underwriters Holdings Ltd,0,0,0
20080821,69218,PTP+A',NYSE,30.07462181,31.08,0,0,Platinum Underwriters Holdings Ltd,0,0,0
20080822,69218,PTP+A',NYSE,30.31653479,31.33,47,0,Platinum Underwriters Holdings Ltd,0,0,0
20080825,69218,PTP+A',NYSE,30.31653479,31.33,0,0,Platinum Underwriters Holdings Ltd,0,0,0
20080826,69218,PTP+A',NYSE,30.32621131,31.34,1,0,Platinum Underwriters Holdings Ltd,0,0,0
20080827,69218,PTP+A',NYSE,30.32621131,31.34,0,0,Platinum Underwriters Holdings Ltd,0,0,0
20080828,69218,PTP+A',NYSE,30.32621131,31.34,0,0,Platinum Underwriters Holdings Ltd,0,0,0
20080829,69218,PTP+A',NYSE,30.32621131,31.34,0,0,Platinum Underwriters Holdings Ltd,0,0,0
20080902,69218,PTP+A',NYSE,30.40362347,31.42,1831,0,Platinum Underwriters Holdings Ltd,0,0,0
20080903,69218,PTP+A',NYSE,30.46168258,31.48,2307,0,Platinum Underwriters Holdings Ltd,0,0,0
20080904,69218,PTP+A',NYSE,30.49071214,31.51,2074,0,Platinum Underwriters Holdings Ltd,0,0,0
20080905,69218,PTP+A',NYSE,30.48103562,31.5,3,0,Platinum Underwriters Holdings Ltd,0,0,0
20080908,69218,PTP+A',NYSE,30.48103562,31.5,0,0,Platinum Underwriters Holdings Ltd,0,0,0
20080909,69218,PTP+A',NYSE,30.57780081,31.6,7,0,Platinum Underwriters Holdings Ltd,0,0,0
20080910,69218,PTP+A',NYSE,30.57780081,31.6,0,0,Platinum Underwriters Holdings Ltd,0,0,0
20080911,69218,PTP+A',NYSE,30.57780081,31.6,0,0,Platinum Underwriters Holdings Ltd,0,0,0
20080912,69218,PTP+A',NYSE,30.12300441,31.13,4,0,Platinum Underwriters Holdings Ltd,0,0,0
20080915,69218,PTP+A',NYSE,29.99720966,31,3,0,Platinum Underwriters Holdings Ltd,0,0,0
20080916,69218,PTP+A',NYSE,29.99720966,31,0,0,Platinum Underwriters Holdings Ltd,0,0,0
20080917,69218,PTP+A',NYSE,29.12632293,30.1,2,0,Platinum Underwriters Holdings Ltd,0,0,0
20080918,69218,PTP+A',NYSE,28.64249696,29.6,1,0,Platinum Underwriters Holdings Ltd,0,0,0
20080919,69218,PTP+A',NYSE,28.64249696,29.6,0,0,Platinum Underwriters Holdings Ltd,0,0,0
20080922,69218,PTP+A',NYSE,28.16834752,29.11,5,0,Platinum Underwriters Holdings Ltd,0,0,0
20080923,69218,PTP+A',NYSE,28.2070536,29.15,1,0,Platinum Underwriters Holdings Ltd,0,0,0
20080924,69218,PTP+A',NYSE,28.2070536,29.15,0,0,Platinum Underwriters Holdings Ltd,0,0,0
20080925,69218,PTP+A',NYSE,28.2070536,29.15,0,0,Platinum Underwriters Holdings Ltd,0,0,0
20080926,69218,PTP+A',NYSE,30.38427043,31.4,5,0,Platinum Underwriters Holdings Ltd,0,0,0
20080929,69218,PTP+A',NYSE,28.2070536,29.15,1,0,Platinum Underwriters Holdings Ltd,0,0,0
20080930,69218,PTP+A',NYSE,28.2070536,29.15,0,0,Platinum Underwriters Holdings Ltd,0,0,0
20081001,69218,PTP+A',NYSE,28.69087956,29.65,1,0,Platinum Underwriters Holdings Ltd,0,0,0
20081002,69218,PTP+A',NYSE,27.61678592,28.54,8,0,Platinum Underwriters Holdings Ltd,0,0,0
20081003,69218,PTP+A',NYSE,27.69419808,28.62,2,0,Platinum Underwriters Holdings Ltd,0,0,0
20081006,69218,PTP+A',NYSE,26.12660196,27,227,0,Platinum Underwriters Holdings Ltd,0,0,0
20081007,69218,PTP+A',NYSE,26.145955,27.02,2,0,Platinum Underwriters Holdings Ltd,0,0,0
20081008,69218,PTP+A',NYSE,26.12660196,27,6,0,Platinum Underwriters Holdings Ltd,0,0,0
20081009,69218,PTP+A',NYSE,23.22364619,24,44,0,Platinum Underwriters Holdings Ltd,0,0,0
20081010,69218,PTP+A',NYSE,20.70775118,21.4,22,0,Platinum Underwriters Holdings Ltd,0,0,0
20081013,69218,PTP+A',NYSE,22.39146553,23.14,529,0,Platinum Underwriters Holdings Ltd,0,0,0
20081014,69218,PTP+A',NYSE,23.36879398,24.15,35,0,Platinum Underwriters Holdings Ltd,0,0,0
20081015,69218,PTP+A',NYSE,22.98173321,23.75,526,0,Platinum Underwriters Holdings Ltd,0,0,0
20081016,69218,PTP+A',NYSE,20.92063461,21.62,22,0,Platinum Underwriters Holdings Ltd,0,0,0
20081017,69218,PTP+A',NYSE,21.7721683,22.5,4,0,Platinum Underwriters Holdings Ltd,0,0,0
20081020,69218,PTP+A',NYSE,22.49790724,23.25,7,0,Platinum Underwriters Holdings Ltd,0,0,0
20081021,69218,PTP+A',NYSE,22.49790724,23.25,0,0,Platinum Underwriters Holdings Ltd,0,0,0
20081022,69218,PTP+A',NYSE,22.25599426,23,5,0,Platinum Underwriters Holdings Ltd,0,0,0
20081023,69218,PTP+A',NYSE,22.98173321,23.75,3,0,Platinum Underwriters Holdings Ltd,0,0,0
20081024,69218,PTP+A',NYSE,24.35579894,25.17,48,0,Platinum Underwriters Holdings Ltd,0,0,0
20081027,69218,PTP+A',NYSE,25.01380225,25.85,259,0,Platinum Underwriters Holdings Ltd,0,0,0
20081028,69218,PTP+A',NYSE,24.62674148,25.45,2,0,Platinum Underwriters Holdings Ltd,0,0,0
20081029,69218,PTP+A',NYSE,25.40086302,26.25,262,0,Platinum Underwriters Holdings Ltd,0,0,0
20081030,69218,PTP+A',NYSE,25.10842373,25.5,810,0,Platinum Underwriters Holdings Ltd,0,0,0
20081031,69218,PTP+A',NYSE,25.84690678,26.25,3,0,Platinum Underwriters Holdings Ltd,0,0,0
20081103,69218,PTP+A',NYSE,26.43769322,26.85,4,0,Platinum Underwriters Holdings Ltd,0,0,0
20081104,69218,PTP+A',NYSE,25.60074576,26,2,0,Platinum Underwriters Holdings Ltd,0,0,0
20081105,69218,PTP+A',NYSE,25.37427763,25.77,2144,0,Platinum Underwriters Holdings Ltd,0,0,0
20081106,69218,PTP+A',NYSE,24.36994068,24.75,756,0,Platinum Underwriters Holdings Ltd,0,0,0
20081107,69218,PTP+A',NYSE,24.53733017,24.92,1330,0,Platinum Underwriters Holdings Ltd,0,0,0
20081110,69218,PTP+A',NYSE,25.25612034,25.65,133,0,Platinum Underwriters Holdings Ltd,0,0,0
20081111,69218,PTP+A',NYSE,24.81303051,25.2,214,0,Platinum Underwriters Holdings Ltd,0,0,0
20081112,69218,PTP+A',NYSE,24.61610169,25,1,0,Platinum Underwriters Holdings Ltd,0,0,0
20081113,69218,PTP+A',NYSE,25.60074576,26,32,0,Platinum Underwriters Holdings Ltd,0,0,0
20081114,69218,PTP+A',NYSE,25.60074576,26,10,0,Platinum Underwriters Holdings Ltd,0,0,0
20081117,69218,PTP+A',NYSE,25.91583186,26.32,13,0,Platinum Underwriters Holdings Ltd,0,0,0
20081118,69218,PTP+A',NYSE,25.40381695,25.8,271,0,Platinum Underwriters Holdings Ltd,0,0,0
20081119,69218,PTP+A',NYSE,23.53299322,23.9,221,0,Platinum Underwriters Holdings Ltd,0,0,0
20081120,69218,PTP+A',NYSE,22.84374237,23.2,1290,0,Platinum Underwriters Holdings Ltd,0,0,0
20081121,69218,PTP+A',NYSE,22.64681356,23,4844,0,Platinum Underwriters Holdings Ltd,0,0,0
20081124,69218,PTP+A',NYSE,23.13913559,23.5,19,0,Platinum Underwriters Holdings Ltd,0,0,0
20081125,69218,PTP+A',NYSE,24.61610169,25,768,0,Platinum Underwriters Holdings Ltd,0,0,0
20081126,69218,PTP+A',NYSE,25.99460339,26.4,87,0,Platinum Underwriters Holdings Ltd,0,0,0
20081128,69218,PTP+A',NYSE,25.99460339,26.4,0,0,Platinum Underwriters Holdings Ltd,0,0,0
20081201,69218,PTP+A',NYSE,24.61610169,25,1044,0,Platinum Underwriters Holdings Ltd,0,0,0
20081202,69218,PTP+A',NYSE,25.84690678,26.25,2213,0,Platinum Underwriters Holdings Ltd,0,0,0
20081203,69218,PTP+A',NYSE,25.88629254,26.29,2659,0,Platinum Underwriters Holdings Ltd,0,0,0
20081204,69218,PTP+A',NYSE,25.26596678,25.66,512,0,Platinum Underwriters Holdings Ltd,0,0,0
20081205,69218,PTP+A',NYSE,25.44320271,25.84,2865,0,Platinum Underwriters Holdings Ltd,0,0,0
20081208,69218,PTP+A',NYSE,25.30535254,25.7,4077,0,Platinum Underwriters Holdings Ltd,0,0,0
20081209,69218,PTP+A',NYSE,26.02414271,26.43,607,0,Platinum Underwriters Holdings Ltd,0,0,0
20081210,69218,PTP+A',NYSE,25.84690678,26.25,838,0,Platinum Underwriters Holdings Ltd,0,0,0
20081211,69218,PTP+A',NYSE,26.10291424,26.51,1469,0,Platinum Underwriters Holdings Ltd,0,0,0
20081212,69218,PTP+A',NYSE,26.10291424,26.51,510,0,Platinum Underwriters Holdings Ltd,0,0,0
20081215,69218,PTP+A',NYSE,26.10291424,26.51,0,0,Platinum Underwriters Holdings Ltd,0,0,0
20081216,69218,PTP+A',NYSE,28.21989898,28.66,1432,0,Platinum Underwriters Holdings Ltd,0,0,0
20081217,69218,PTP+A',NYSE,28.50544576,28.95,298,0,Platinum Underwriters Holdings Ltd,0,0,0
20081218,69218,PTP+A',NYSE,28.70237458,29.15,85,0,Platinum Underwriters Holdings Ltd,0,0,0
20081219,69218,PTP+A',NYSE,29.34239322,29.8,549,0,Platinum Underwriters Holdings Ltd,0,0,0
20081222,69218,PTP+A',NYSE,28.07220237,28.51,17,0,Platinum Underwriters Holdings Ltd,0,0,0
20081223,69218,PTP+A',NYSE,28.55467797,29,2,0,Platinum Underwriters Holdings Ltd,0,0,0
20081224,69218,PTP+A',NYSE,28.55467797,29,0,0,Platinum Underwriters Holdings Ltd,0,0,0
20081226,69218,PTP+A',NYSE,28.55467797,29,0,0,Platinum Underwriters Holdings Ltd,0,0,0
20081229,69218,PTP+A',NYSE,29.06669288,29.52,254,0,Platinum Underwriters Holdings Ltd,0,0,0
20081230,69218,PTP+A',NYSE,29.72640441,30.19,39,0,Platinum Underwriters Holdings Ltd,0,0,0
20081231,69218,PTP+A',NYSE,30.51411966,30.99,25,0,Platinum Underwriters Holdings Ltd,0,0,0
20090102,69218,PTP+A',NYSE,30.01195119,30.48,7,0,Platinum Underwriters Holdings Ltd,0,0,0
20090105,69218,PTP+A',NYSE,29.06669288,29.52,3,0,Platinum Underwriters Holdings Ltd,0,0,0
20090106,69218,PTP+A',NYSE,29.73625085,30.2,53,0,Platinum Underwriters Holdings Ltd,0,0,0
20090107,69218,PTP+A',NYSE,29.40147186,29.86,331,0,Platinum Underwriters Holdings Ltd,0,0,0
20090108,69218,PTP+A',NYSE,29.24392881,29.7,193,0,Platinum Underwriters Holdings Ltd,0,0,0
20090109,69218,PTP+A',NYSE,29.047,29.5,1870,0,Platinum Underwriters Holdings Ltd,0,0,0
20090112,69218,PTP+A',NYSE,29.22423593,29.68,375,0,Platinum Underwriters Holdings Ltd,0,0,0
20090113,69218,PTP+A',NYSE,29.13561797,29.59,180,0,Platinum Underwriters Holdings Ltd,0,0,0
20090114,69218,PTP+A',NYSE,29.43101119,29.89,82,0,Platinum Underwriters Holdings Ltd,0,0,0
20090115,69218,PTP+A',NYSE,29.53932203,30,85,0,Platinum Underwriters Holdings Ltd,0,0,0
20090116,69218,PTP+A',NYSE,29.73625085,30.2,29,0,Platinum Underwriters Holdings Ltd,0,0,0
20090120,69218,PTP+A',NYSE,28.19035966,28.63,940,0,Platinum Underwriters Holdings Ltd,0,0,0
20090121,69218,PTP+A',NYSE,28.85007119,29.3,272,0,Platinum Underwriters Holdings Ltd,0,0,0
20090122,69218,PTP+A',NYSE,28.46606,28.91,524,0,Platinum Underwriters Holdings Ltd,0,0,0
20090123,69218,PTP+A',NYSE,28.46606,28.91,0,0,Platinum Underwriters Holdings Ltd,0,0,0
20090126,69218,PTP+A',NYSE,28.16082034,28.6,1230,0,Platinum Underwriters Holdings Ltd,0,0,0
20090127,69218,PTP+A',NYSE,28.55467797,29,12,0,Platinum Underwriters Holdings Ltd,0,0,0
20090128,69218,PTP+A',NYSE,29.047,29.5,890,0,Platinum Underwriters Holdings Ltd,0,0,0
20090129,69218,PTP+A',NYSE,28.5,28.5,1178,0,Platinum Underwriters Holdings Ltd,0,0,0
20090130,69218,PTP+A',NYSE,28,28,1,0,Platinum Underwriters Holdings Ltd,0,0,0
20090202,69218,PTP+A',NYSE,27.62,27.62,295,0,Platinum Underwriters Holdings Ltd,0,0,0
20090203,69218,PTP+A',NYSE,28.17,28.17,6,0,Platinum Underwriters Holdings Ltd,0,0,0
20090204,69218,PTP+A',NYSE,27.75,27.75,1019,0,Platinum Underwriters Holdings Ltd,0,0,0
20090205,69218,PTP+A',NYSE,28.5,28.5,2,0,Platinum Underwriters Holdings Ltd,0,0,0
20090206,69218,PTP+A',NYSE,29.25,29.25,314,0,Platinum Underwriters Holdings Ltd,0,0,0
20090209,69218,PTP+A',NYSE,29.67,29.67,16,0,Platinum Underwriters Holdings Ltd,0,0,0
20090210,69218,PTP+A',NYSE,27.65,27.65,64,0,Platinum Underwriters Holdings Ltd,0,0,0
20090211,69218,PTP+A',NYSE,28.62,28.62,49,0,Platinum Underwriters Holdings Ltd,0,0,0
20090212,69218,PTP+A',NYSE,29.36,29.36,38,0,Platinum Underwriters Holdings Ltd,0,0,0
