DDate,CSINumber,Symbol,Exchange,DClose,UnAdjustedClose,TotalVolume,Cash,MarketName,PTB,PSR,DPS
20061018,69266,SXE',NYSE,15.5,15.5,55372,0,Stanley Associates Inc,0,0,0
20061019,69266,SXE',NYSE,16.1,16.1,6325,0,Stanley Associates Inc,0,0,0
20061020,69266,SXE',NYSE,15.55,15.55,8694,0,Stanley Associates Inc,0,0,0
20061023,69266,SXE',NYSE,15.6,15.6,1210,0,Stanley Associates Inc,0,0,0
20061024,69266,SXE',NYSE,15.75,15.75,929,0,Stanley Associates Inc,0,0,0
20061025,69266,SXE',NYSE,15.95,15.95,1313,0,Stanley Associates Inc,0,0,0
20061026,69266,SXE',NYSE,15.95,15.95,566,0,Stanley Associates Inc,0,0,0
20061027,69266,SXE',NYSE,16.51,16.51,844,0,Stanley Associates Inc,0,0,0
20061030,69266,SXE',NYSE,16.94,16.94,2186,0,Stanley Associates Inc,0,0,0
20061031,69266,SXE',NYSE,17.42,17.42,3623,0,Stanley Associates Inc,0,0,0
20061101,69266,SXE',NYSE,17.78,17.78,2721,0,Stanley Associates Inc,0,0,0
20061102,69266,SXE',NYSE,17.23,17.23,1099,0,Stanley Associates Inc,0,0,0
20061103,69266,SXE',NYSE,16.65,16.65,2252,0,Stanley Associates Inc,0,0,0
20061106,69266,SXE',NYSE,16.94,16.94,465,0,Stanley Associates Inc,0,0,0
20061107,69266,SXE',NYSE,17.08,17.08,911,0,Stanley Associates Inc,0,0,0
20061108,69266,SXE',NYSE,16.4,16.4,897,0,Stanley Associates Inc,0,0,0
20061109,69266,SXE',NYSE,15.8,15.8,1335,0,Stanley Associates Inc,0,0,0
20061110,69266,SXE',NYSE,15.75,15.75,650,0,Stanley Associates Inc,0,0,0
20061113,69266,SXE',NYSE,15.95,15.95,988,0,Stanley Associates Inc,0,0,0
20061114,69266,SXE',NYSE,16.57,16.57,220,0,Stanley Associates Inc,0,0,0
20061115,69266,SXE',NYSE,16.52,16.52,585,0,Stanley Associates Inc,0,0,0
20061116,69266,SXE',NYSE,16.58,16.58,269,0,Stanley Associates Inc,0,0,0
20061117,69266,SXE',NYSE,16.3,16.3,1009,0,Stanley Associates Inc,0,0,0
20061120,69266,SXE',NYSE,16.56,16.56,1359,0,Stanley Associates Inc,0,0,0
20061121,69266,SXE',NYSE,16.84,16.84,1267,0,Stanley Associates Inc,0,0,0
20061122,69266,SXE',NYSE,16.47,16.47,1438,0,Stanley Associates Inc,0,0,0
20061124,69266,SXE',NYSE,16.48,16.48,119,0,Stanley Associates Inc,0,0,0
20061127,69266,SXE',NYSE,16.4,16.4,1018,0,Stanley Associates Inc,0,0,0
20061128,69266,SXE',NYSE,16.32,16.32,1012,0,Stanley Associates Inc,0,0,0
20061129,69266,SXE',NYSE,16.69,16.69,530,0,Stanley Associates Inc,0,0,0
20061130,69266,SXE',NYSE,16.77,16.77,738,0,Stanley Associates Inc,0,0,0
20061201,69266,SXE',NYSE,16.98,16.98,691,0,Stanley Associates Inc,0,0,0
20061204,69266,SXE',NYSE,17.23,17.23,630,0,Stanley Associates Inc,0,0,0
20061205,69266,SXE',NYSE,17.69,17.69,827,0,Stanley Associates Inc,0,0,0
20061206,69266,SXE',NYSE,17.54,17.54,286,0,Stanley Associates Inc,0,0,0
20061207,69266,SXE',NYSE,17.45,17.45,488,0,Stanley Associates Inc,0,0,0
20061208,69266,SXE',NYSE,17.58,17.58,504,0,Stanley Associates Inc,0,0,0
20061211,69266,SXE',NYSE,18.02,18.02,1871,0,Stanley Associates Inc,0,0,0
20061212,69266,SXE',NYSE,17.71,17.71,1314,0,Stanley Associates Inc,0,0,0
20061213,69266,SXE',NYSE,17.5,17.5,615,0,Stanley Associates Inc,0,0,0
20061214,69266,SXE',NYSE,17.3,17.3,244,0,Stanley Associates Inc,0,0,0
20061215,69266,SXE',NYSE,16.8,16.8,2546,0,Stanley Associates Inc,0,0,0
20061218,69266,SXE',NYSE,16.81,16.81,1111,0,Stanley Associates Inc,0,0,0
20061219,69266,SXE',NYSE,16.58,16.58,997,0,Stanley Associates Inc,0,0,0
20061220,69266,SXE',NYSE,16.48,16.48,510,0,Stanley Associates Inc,0,0,0
20061221,69266,SXE',NYSE,16,16,475,0,Stanley Associates Inc,0,0,0
20061222,69266,SXE',NYSE,15.92,15.92,1805,0,Stanley Associates Inc,0,0,0
20061226,69266,SXE',NYSE,16.02,16.02,712,0,Stanley Associates Inc,0,0,0
20061227,69266,SXE',NYSE,16.43,16.43,344,0,Stanley Associates Inc,0,0,0
20061228,69266,SXE',NYSE,16.65,16.65,348,0,Stanley Associates Inc,0,0,0
20061229,69266,SXE',NYSE,16.91,16.91,408,0,Stanley Associates Inc,0,0,0
20070103,69266,SXE',NYSE,16.55,16.55,1024,0,Stanley Associates Inc,0,0,0
20070104,69266,SXE',NYSE,16.2,16.2,297,0,Stanley Associates Inc,0,0,0
20070105,69266,SXE',NYSE,15.7,15.7,502,0,Stanley Associates Inc,0,0,0
20070108,69266,SXE',NYSE,15.4,15.4,420,0,Stanley Associates Inc,0,0,0
20070109,69266,SXE',NYSE,15.11,15.11,230,0,Stanley Associates Inc,0,0,0
20070110,69266,SXE',NYSE,15.22,15.22,3085,0,Stanley Associates Inc,0,0,0
20070111,69266,SXE',NYSE,15.7,15.7,540,0,Stanley Associates Inc,0,0,0
20070112,69266,SXE',NYSE,16.07,16.07,321,0,Stanley Associates Inc,0,0,0
20070116,69266,SXE',NYSE,15.52,15.52,541,0,Stanley Associates Inc,0,0,0
20070117,69266,SXE',NYSE,15.35,15.35,305,0,Stanley Associates Inc,0,0,0
20070118,69266,SXE',NYSE,15.52,15.52,1508,0,Stanley Associates Inc,0,0,0
20070119,69266,SXE',NYSE,15.02,15.02,666,0,Stanley Associates Inc,0,0,0
20070122,69266,SXE',NYSE,14.6,14.6,258,0,Stanley Associates Inc,0,0,0
20070123,69266,SXE',NYSE,14.71,14.71,1467,0,Stanley Associates Inc,0,0,0
20070124,69266,SXE',NYSE,15.24,15.24,448,0,Stanley Associates Inc,0,0,0
20070125,69266,SXE',NYSE,15.32,15.32,385,0,Stanley Associates Inc,0,0,0
20070126,69266,SXE',NYSE,16.16,16.16,492,0,Stanley Associates Inc,0,0,0
20070129,69266,SXE',NYSE,16.46,16.46,862,0,Stanley Associates Inc,0,0,0
20070130,69266,SXE',NYSE,16.34,16.34,741,0,Stanley Associates Inc,0,0,0
20070131,69266,SXE',NYSE,16.18,16.18,563,0,Stanley Associates Inc,0,0,0
20070201,69266,SXE',NYSE,15.85,15.85,2146,0,Stanley Associates Inc,0,0,0
20070202,69266,SXE',NYSE,15.9,15.9,480,0,Stanley Associates Inc,0,0,0
20070205,69266,SXE',NYSE,15.94,15.94,448,0,Stanley Associates Inc,0,0,0
20070206,69266,SXE',NYSE,16,16,415,0,Stanley Associates Inc,0,0,0
20070207,69266,SXE',NYSE,15.8,15.8,445,0,Stanley Associates Inc,0,0,0
20070208,69266,SXE',NYSE,15.32,15.32,566,0,Stanley Associates Inc,0,0,0
20070209,69266,SXE',NYSE,15.77,15.77,536,0,Stanley Associates Inc,0,0,0
20070212,69266,SXE',NYSE,15.54,15.54,461,0,Stanley Associates Inc,0,0,0
20070213,69266,SXE',NYSE,15.24,15.24,839,0,Stanley Associates Inc,0,0,0
20070214,69266,SXE',NYSE,15.19,15.19,1996,0,Stanley Associates Inc,0,0,0
20070215,69266,SXE',NYSE,15.18,15.18,509,0,Stanley Associates Inc,0,0,0
20070216,69266,SXE',NYSE,15.19,15.19,258,0,Stanley Associates Inc,0,0,0
20070220,69266,SXE',NYSE,15.6,15.6,402,0,Stanley Associates Inc,0,0,0
20070221,69266,SXE',NYSE,16.25,16.25,448,0,Stanley Associates Inc,0,0,0
20070222,69266,SXE',NYSE,15.97,15.97,1637,0,Stanley Associates Inc,0,0,0
20070223,69266,SXE',NYSE,16.01,16.01,976,0,Stanley Associates Inc,0,0,0
20070226,69266,SXE',NYSE,15.86,15.86,316,0,Stanley Associates Inc,0,0,0
20070227,69266,SXE',NYSE,15.21,15.21,422,0,Stanley Associates Inc,0,0,0
20070228,69266,SXE',NYSE,15.08,15.08,288,0,Stanley Associates Inc,0,0,0
20070301,69266,SXE',NYSE,14.82,14.82,689,0,Stanley Associates Inc,0,0,0
20070302,69266,SXE',NYSE,14.6,14.6,627,0,Stanley Associates Inc,0,0,0
20070305,69266,SXE',NYSE,15.21,15.21,469,0,Stanley Associates Inc,0,0,0
20070306,69266,SXE',NYSE,15.35,15.35,258,0,Stanley Associates Inc,0,0,0
20070307,69266,SXE',NYSE,15.23,15.23,205,0,Stanley Associates Inc,0,0,0
20070308,69266,SXE',NYSE,14.97,14.97,338,0,Stanley Associates Inc,0,0,0
20070309,69266,SXE',NYSE,14.59,14.59,244,0,Stanley Associates Inc,0,0,0
20070312,69266,SXE',NYSE,15.06,15.06,184,0,Stanley Associates Inc,0,0,0
20070313,69266,SXE',NYSE,14.47,14.47,240,0,Stanley Associates Inc,0,0,0
20070314,69266,SXE',NYSE,14.59,14.59,98,0,Stanley Associates Inc,0,0,0
20070315,69266,SXE',NYSE,14.78,14.78,108,0,Stanley Associates Inc,0,0,0
20070316,69266,SXE',NYSE,15.56,15.56,457,0,Stanley Associates Inc,0,0,0
20070319,69266,SXE',NYSE,15.08,15.08,292,0,Stanley Associates Inc,0,0,0
20070320,69266,SXE',NYSE,14.99,14.99,367,0,Stanley Associates Inc,0,0,0
20070321,69266,SXE',NYSE,15,15,286,0,Stanley Associates Inc,0,0,0
20070322,69266,SXE',NYSE,15.5,15.5,852,0,Stanley Associates Inc,0,0,0
20070323,69266,SXE',NYSE,15.7,15.7,230,0,Stanley Associates Inc,0,0,0
20070326,69266,SXE',NYSE,15.91,15.91,187,0,Stanley Associates Inc,0,0,0
20070327,69266,SXE',NYSE,15.8,15.8,103,0,Stanley Associates Inc,0,0,0
20070328,69266,SXE',NYSE,15.47,15.47,102,0,Stanley Associates Inc,0,0,0
20070329,69266,SXE',NYSE,15.4,15.4,112,0,Stanley Associates Inc,0,0,0
20070330,69266,SXE',NYSE,15.6,15.6,269,0,Stanley Associates Inc,0,0,0
20070402,69266,SXE',NYSE,15.73,15.73,271,0,Stanley Associates Inc,0,0,0
20070403,69266,SXE',NYSE,15.65,15.65,211,0,Stanley Associates Inc,0,0,0
20070404,69266,SXE',NYSE,15.8,15.8,269,0,Stanley Associates Inc,0,0,0
20070405,69266,SXE',NYSE,15.49,15.49,151,0,Stanley Associates Inc,0,0,0
20070409,69266,SXE',NYSE,14.72,14.72,325,0,Stanley Associates Inc,0,0,0
20070410,69266,SXE',NYSE,14.93,14.93,198,0,Stanley Associates Inc,0,0,0
20070411,69266,SXE',NYSE,14.63,14.63,416,0,Stanley Associates Inc,0,0,0
20070412,69266,SXE',NYSE,14.93,14.93,773,0,Stanley Associates Inc,0,0,0
20070413,69266,SXE',NYSE,14.7,14.7,180,0,Stanley Associates Inc,0,0,0
20070416,69266,SXE',NYSE,14.84,14.84,272,0,Stanley Associates Inc,0,0,0
20070417,69266,SXE',NYSE,14.41,14.41,629,0,Stanley Associates Inc,0,0,0
20070418,69266,SXE',NYSE,14.42,14.42,718,0,Stanley Associates Inc,0,0,0
20070419,69266,SXE',NYSE,14.19,14.19,758,0,Stanley Associates Inc,0,0,0
20070420,69266,SXE',NYSE,14.21,14.21,809,0,Stanley Associates Inc,0,0,0
20070423,69266,SXE',NYSE,14.21,14.21,546,0,Stanley Associates Inc,0,0,0
20070424,69266,SXE',NYSE,14.02,14.02,772,0,Stanley Associates Inc,0,0,0
20070425,69266,SXE',NYSE,14,14,1146,0,Stanley Associates Inc,0,0,0
20070426,69266,SXE',NYSE,15.06,15.06,6258,0,Stanley Associates Inc,0,0,0
20070427,69266,SXE',NYSE,15.35,15.35,1336,0,Stanley Associates Inc,0,0,0
20070430,69266,SXE',NYSE,15.11,15.11,523,0,Stanley Associates Inc,0,0,0
20070501,69266,SXE',NYSE,14.94,14.94,322,0,Stanley Associates Inc,0,0,0
20070502,69266,SXE',NYSE,15.52,15.52,635,0,Stanley Associates Inc,0,0,0
20070503,69266,SXE',NYSE,15.26,15.26,550,0,Stanley Associates Inc,0,0,0
20070504,69266,SXE',NYSE,15.35,15.35,186,0,Stanley Associates Inc,0,0,0
20070507,69266,SXE',NYSE,15.35,15.35,952,0,Stanley Associates Inc,0,0,0
20070508,69266,SXE',NYSE,15.7,15.7,446,0,Stanley Associates Inc,0,0,0
20070509,69266,SXE',NYSE,15.62,15.62,198,0,Stanley Associates Inc,0,0,0
20070510,69266,SXE',NYSE,15.3,15.3,222,0,Stanley Associates Inc,0,0,0
20070511,69266,SXE',NYSE,15.78,15.78,162,0,Stanley Associates Inc,0,0,0
20070514,69266,SXE',NYSE,15.36,15.36,437,0,Stanley Associates Inc,0,0,0
20070515,69266,SXE',NYSE,15.35,15.35,322,0,Stanley Associates Inc,0,0,0
20070516,69266,SXE',NYSE,16.15,16.15,1289,0,Stanley Associates Inc,0,0,0
20070517,69266,SXE',NYSE,17.2,17.2,3960,0,Stanley Associates Inc,0,0,0
20070518,69266,SXE',NYSE,17.14,17.14,819,0,Stanley Associates Inc,0,0,0
20070521,69266,SXE',NYSE,17.18,17.18,2048,0,Stanley Associates Inc,0,0,0
20070522,69266,SXE',NYSE,17.14,17.14,1523,0,Stanley Associates Inc,0,0,0
20070523,69266,SXE',NYSE,17.01,17.01,1417,0,Stanley Associates Inc,0,0,0
20070524,69266,SXE',NYSE,17.25,17.25,780,0,Stanley Associates Inc,0,0,0
20070525,69266,SXE',NYSE,17.89,17.89,853,0,Stanley Associates Inc,0,0,0
20070529,69266,SXE',NYSE,18.17,18.17,646,0,Stanley Associates Inc,0,0,0
20070530,69266,SXE',NYSE,18.1,18.1,1095,0,Stanley Associates Inc,0,0,0
20070531,69266,SXE',NYSE,17.96,17.96,816,0,Stanley Associates Inc,0,0,0
20070601,69266,SXE',NYSE,18.5,18.5,610,0,Stanley Associates Inc,0,0,0
20070604,69266,SXE',NYSE,18.36,18.36,1020,0,Stanley Associates Inc,0,0,0
20070605,69266,SXE',NYSE,18.4,18.4,722,0,Stanley Associates Inc,0,0,0
20070606,69266,SXE',NYSE,18.37,18.37,401,0,Stanley Associates Inc,0,0,0
20070607,69266,SXE',NYSE,18.14,18.14,877,0,Stanley Associates Inc,0,0,0
20070608,69266,SXE',NYSE,18.38,18.38,734,0,Stanley Associates Inc,0,0,0
20070611,69266,SXE',NYSE,18.43,18.43,881,0,Stanley Associates Inc,0,0,0
20070612,69266,SXE',NYSE,18.26,18.26,512,0,Stanley Associates Inc,0,0,0
20070613,69266,SXE',NYSE,18.4,18.4,654,0,Stanley Associates Inc,0,0,0
20070614,69266,SXE',NYSE,18.48,18.48,792,0,Stanley Associates Inc,0,0,0
20070615,69266,SXE',NYSE,19,19,964,0,Stanley Associates Inc,0,0,0
20070618,69266,SXE',NYSE,18.4,18.4,1785,0,Stanley Associates Inc,0,0,0
20070619,69266,SXE',NYSE,18.68,18.68,869,0,Stanley Associates Inc,0,0,0
20070620,69266,SXE',NYSE,19.06,19.06,1039,0,Stanley Associates Inc,0,0,0
20070621,69266,SXE',NYSE,19.1,19.1,800,0,Stanley Associates Inc,0,0,0
20070622,69266,SXE',NYSE,18.57,18.57,1469,0,Stanley Associates Inc,0,0,0
20070625,69266,SXE',NYSE,17.54,17.54,1899,0,Stanley Associates Inc,0,0,0
20070626,69266,SXE',NYSE,18.4,18.4,1395,0,Stanley Associates Inc,0,0,0
20070627,69266,SXE',NYSE,18.87,18.87,1095,0,Stanley Associates Inc,0,0,0
20070628,69266,SXE',NYSE,18.04,18.04,1407,0,Stanley Associates Inc,0,0,0
20070629,69266,SXE',NYSE,17.62,17.62,660,0,Stanley Associates Inc,0,0,0
20070702,69266,SXE',NYSE,17.78,17.78,1639,0,Stanley Associates Inc,0,0,0
20070703,69266,SXE',NYSE,17.54,17.54,400,0,Stanley Associates Inc,0,0,0
20070705,69266,SXE',NYSE,17.69,17.69,377,0,Stanley Associates Inc,0,0,0
20070706,69266,SXE',NYSE,18.59,18.59,616,0,Stanley Associates Inc,0,0,0
20070709,69266,SXE',NYSE,18.01,18.01,1130,0,Stanley Associates Inc,0,0,0
20070710,69266,SXE',NYSE,17.79,17.79,754,0,Stanley Associates Inc,0,0,0
20070711,69266,SXE',NYSE,18.7,18.7,803,0,Stanley Associates Inc,0,0,0
20070712,69266,SXE',NYSE,19.18,19.18,1018,0,Stanley Associates Inc,0,0,0
20070713,69266,SXE',NYSE,19.69,19.69,1116,0,Stanley Associates Inc,0,0,0
20070716,69266,SXE',NYSE,19.04,19.04,485,0,Stanley Associates Inc,0,0,0
20070717,69266,SXE',NYSE,19.32,19.32,645,0,Stanley Associates Inc,0,0,0
20070718,69266,SXE',NYSE,18.26,18.26,911,0,Stanley Associates Inc,0,0,0
20070719,69266,SXE',NYSE,18.4,18.4,485,0,Stanley Associates Inc,0,0,0
20070720,69266,SXE',NYSE,18.23,18.23,572,0,Stanley Associates Inc,0,0,0
20070723,69266,SXE',NYSE,18.11,18.11,566,0,Stanley Associates Inc,0,0,0
20070724,69266,SXE',NYSE,18.01,18.01,771,0,Stanley Associates Inc,0,0,0
20070725,69266,SXE',NYSE,18.61,18.61,694,0,Stanley Associates Inc,0,0,0
20070726,69266,SXE',NYSE,17.96,17.96,609,0,Stanley Associates Inc,0,0,0
20070727,69266,SXE',NYSE,17.68,17.68,853,0,Stanley Associates Inc,0,0,0
20070730,69266,SXE',NYSE,17.86,17.86,543,0,Stanley Associates Inc,0,0,0
20070731,69266,SXE',NYSE,17.82,17.82,421,0,Stanley Associates Inc,0,0,0
20070801,69266,SXE',NYSE,18.49,18.49,827,0,Stanley Associates Inc,0,0,0
20070802,69266,SXE',NYSE,19.36,19.36,1183,0,Stanley Associates Inc,0,0,0
20070803,69266,SXE',NYSE,20.05,20.05,3152,0,Stanley Associates Inc,0,0,0
20070806,69266,SXE',NYSE,20.64,20.64,2044,0,Stanley Associates Inc,0,0,0
20070807,69266,SXE',NYSE,21.6,21.6,6170,0,Stanley Associates Inc,0,0,0
20070808,69266,SXE',NYSE,21.04,21.04,7299,0,Stanley Associates Inc,0,0,0
20070809,69266,SXE',NYSE,21.59,21.59,1988,0,Stanley Associates Inc,0,0,0
20070810,69266,SXE',NYSE,21.28,21.28,1675,0,Stanley Associates Inc,0,0,0
20070813,69266,SXE',NYSE,21.58,21.58,2577,0,Stanley Associates Inc,0,0,0
20070814,69266,SXE',NYSE,21.15,21.15,511,0,Stanley Associates Inc,0,0,0
20070815,69266,SXE',NYSE,20.1,20.1,1954,0,Stanley Associates Inc,0,0,0
20070816,69266,SXE',NYSE,19.85,19.85,1532,0,Stanley Associates Inc,0,0,0
20070817,69266,SXE',NYSE,20.3,20.3,1149,0,Stanley Associates Inc,0,0,0
20070820,69266,SXE',NYSE,20.8,20.8,636,0,Stanley Associates Inc,0,0,0
20070821,69266,SXE',NYSE,20.96,20.96,1686,0,Stanley Associates Inc,0,0,0
20070822,69266,SXE',NYSE,21.01,21.01,946,0,Stanley Associates Inc,0,0,0
20070823,69266,SXE',NYSE,20.68,20.68,1186,0,Stanley Associates Inc,0,0,0
20070824,69266,SXE',NYSE,21.3,21.3,1126,0,Stanley Associates Inc,0,0,0
20070827,69266,SXE',NYSE,21.36,21.36,1082,0,Stanley Associates Inc,0,0,0
20070828,69266,SXE',NYSE,20.74,20.74,676,0,Stanley Associates Inc,0,0,0
20070829,69266,SXE',NYSE,21.52,21.52,732,0,Stanley Associates Inc,0,0,0
20070830,69266,SXE',NYSE,22.22,22.22,3339,0,Stanley Associates Inc,0,0,0
20070831,69266,SXE',NYSE,21.66,21.66,2293,0,Stanley Associates Inc,0,0,0
20070904,69266,SXE',NYSE,22.12,22.12,1797,0,Stanley Associates Inc,0,0,0
20070905,69266,SXE',NYSE,22.04,22.04,639,0,Stanley Associates Inc,0,0,0
20070906,69266,SXE',NYSE,21.95,21.95,3268,0,Stanley Associates Inc,0,0,0
20070907,69266,SXE',NYSE,21.73,21.73,682,0,Stanley Associates Inc,0,0,0
20070910,69266,SXE',NYSE,21.7,21.7,1013,0,Stanley Associates Inc,0,0,0
20070911,69266,SXE',NYSE,21.83,21.83,1020,0,Stanley Associates Inc,0,0,0
20070912,69266,SXE',NYSE,22.08,22.08,3221,0,Stanley Associates Inc,0,0,0
20070913,69266,SXE',NYSE,22.22,22.22,1734,0,Stanley Associates Inc,0,0,0
20070914,69266,SXE',NYSE,23.85,23.85,4891,0,Stanley Associates Inc,0,0,0
20070917,69266,SXE',NYSE,24.48,24.48,2440,0,Stanley Associates Inc,0,0,0
20070918,69266,SXE',NYSE,24.82,24.82,2627,0,Stanley Associates Inc,0,0,0
20070919,69266,SXE',NYSE,24.86,24.86,2112,0,Stanley Associates Inc,0,0,0
20070920,69266,SXE',NYSE,24.38,24.38,1403,0,Stanley Associates Inc,0,0,0
20070921,69266,SXE',NYSE,24.39,24.39,1474,0,Stanley Associates Inc,0,0,0
20070924,69266,SXE',NYSE,24.36,24.36,2823,0,Stanley Associates Inc,0,0,0
20070925,69266,SXE',NYSE,24.53,24.53,963,0,Stanley Associates Inc,0,0,0
20070926,69266,SXE',NYSE,25.38,25.38,2785,0,Stanley Associates Inc,0,0,0
20070927,69266,SXE',NYSE,27.05,27.05,3433,0,Stanley Associates Inc,0,0,0
20070928,69266,SXE',NYSE,27.55,27.55,1569,0,Stanley Associates Inc,0,0,0
20071001,69266,SXE',NYSE,28.97,28.97,2284,0,Stanley Associates Inc,0,0,0
20071002,69266,SXE',NYSE,29,29,2163,0,Stanley Associates Inc,0,0,0
20071003,69266,SXE',NYSE,26.85,26.85,1872,0,Stanley Associates Inc,0,0,0
20071004,69266,SXE',NYSE,26.4,26.4,1983,0,Stanley Associates Inc,0,0,0
20071005,69266,SXE',NYSE,26.82,26.82,849,0,Stanley Associates Inc,0,0,0
20071008,69266,SXE',NYSE,27.8,27.8,631,0,Stanley Associates Inc,0,0,0
20071009,69266,SXE',NYSE,27.63,27.63,643,0,Stanley Associates Inc,0,0,0
20071010,69266,SXE',NYSE,28.26,28.26,414,0,Stanley Associates Inc,0,0,0
20071011,69266,SXE',NYSE,27.53,27.53,571,0,Stanley Associates Inc,0,0,0
20071012,69266,SXE',NYSE,27.83,27.83,534,0,Stanley Associates Inc,0,0,0
20071015,69266,SXE',NYSE,27.43,27.43,713,0,Stanley Associates Inc,0,0,0
20071016,69266,SXE',NYSE,27.63,27.63,636,0,Stanley Associates Inc,0,0,0
20071017,69266,SXE',NYSE,27.73,27.73,1366,0,Stanley Associates Inc,0,0,0
20071018,69266,SXE',NYSE,27.66,27.66,787,0,Stanley Associates Inc,0,0,0
20071019,69266,SXE',NYSE,27.28,27.28,1115,0,Stanley Associates Inc,0,0,0
20071022,69266,SXE',NYSE,27.54,27.54,912,0,Stanley Associates Inc,0,0,0
20071023,69266,SXE',NYSE,28.16,28.16,1250,0,Stanley Associates Inc,0,0,0
20071024,69266,SXE',NYSE,27.68,27.68,505,0,Stanley Associates Inc,0,0,0
20071025,69266,SXE',NYSE,27.43,27.43,4984,0,Stanley Associates Inc,0,0,0
20071026,69266,SXE',NYSE,26.52,26.52,859,0,Stanley Associates Inc,0,0,0
20071029,69266,SXE',NYSE,25.47,25.47,2439,0,Stanley Associates Inc,0,0,0
20071030,69266,SXE',NYSE,25.6,25.6,1256,0,Stanley Associates Inc,0,0,0
20071031,69266,SXE',NYSE,26.48,26.48,1141,0,Stanley Associates Inc,0,0,0
20071101,69266,SXE',NYSE,26.88,26.88,2224,0,Stanley Associates Inc,0,0,0
20071102,69266,SXE',NYSE,31.13,31.13,10353,0,Stanley Associates Inc,0,0,0
20071105,69266,SXE',NYSE,30.57,30.57,2767,0,Stanley Associates Inc,0,0,0
20071106,69266,SXE',NYSE,32.35,32.35,3166,0,Stanley Associates Inc,0,0,0
20071107,69266,SXE',NYSE,32.06,32.06,1307,0,Stanley Associates Inc,0,0,0
20071108,69266,SXE',NYSE,32.01,32.01,925,0,Stanley Associates Inc,0,0,0
20071109,69266,SXE',NYSE,30.71,30.71,1807,0,Stanley Associates Inc,0,0,0
20071112,69266,SXE',NYSE,30.4,30.4,1777,0,Stanley Associates Inc,0,0,0
20071113,69266,SXE',NYSE,30.42,30.42,2267,0,Stanley Associates Inc,0,0,0
20071114,69266,SXE',NYSE,29.86,29.86,1647,0,Stanley Associates Inc,0,0,0
20071115,69266,SXE',NYSE,29.76,29.76,2709,0,Stanley Associates Inc,0,0,0
20071116,69266,SXE',NYSE,31.37,31.37,2362,0,Stanley Associates Inc,0,0,0
20071119,69266,SXE',NYSE,30.83,30.83,1097,0,Stanley Associates Inc,0,0,0
20071120,69266,SXE',NYSE,30.88,30.88,1214,0,Stanley Associates Inc,0,0,0
20071121,69266,SXE',NYSE,30.7,30.7,1058,0,Stanley Associates Inc,0,0,0
20071123,69266,SXE',NYSE,31.22,31.22,156,0,Stanley Associates Inc,0,0,0
20071126,69266,SXE',NYSE,34.11,34.11,3743,0,Stanley Associates Inc,0,0,0
20071127,69266,SXE',NYSE,33.45,33.45,4147,0,Stanley Associates Inc,0,0,0
20071128,69266,SXE',NYSE,34,34,3036,0,Stanley Associates Inc,0,0,0
20071129,69266,SXE',NYSE,35.14,35.14,2052,0,Stanley Associates Inc,0,0,0
20071130,69266,SXE',NYSE,34.3,34.3,2475,0,Stanley Associates Inc,0,0,0
20071203,69266,SXE',NYSE,37.25,37.25,4456,0,Stanley Associates Inc,0,0,0
20071204,69266,SXE',NYSE,36.67,36.67,3632,0,Stanley Associates Inc,0,0,0
20071205,69266,SXE',NYSE,37.15,37.15,1980,0,Stanley Associates Inc,0,0,0
20071206,69266,SXE',NYSE,37.43,37.43,1424,0,Stanley Associates Inc,0,0,0
20071207,69266,SXE',NYSE,37.29,37.29,1971,0,Stanley Associates Inc,0,0,0
20071210,69266,SXE',NYSE,36.18,36.18,1375,0,Stanley Associates Inc,0,0,0
20071211,69266,SXE',NYSE,35.37,35.37,2163,0,Stanley Associates Inc,0,0,0
20071212,69266,SXE',NYSE,35.54,35.54,1502,0,Stanley Associates Inc,0,0,0
20071213,69266,SXE',NYSE,34.58,34.58,2685,0,Stanley Associates Inc,0,0,0
20071214,69266,SXE',NYSE,33.9,33.9,1398,0,Stanley Associates Inc,0,0,0
20071217,69266,SXE',NYSE,29.74,29.74,7602,0,Stanley Associates Inc,0,0,0
20071218,69266,SXE',NYSE,31.02,31.02,3683,0,Stanley Associates Inc,0,0,0
20071219,69266,SXE',NYSE,29.9,29.9,2714,0,Stanley Associates Inc,0,0,0
20071220,69266,SXE',NYSE,30.15,30.15,1135,0,Stanley Associates Inc,0,0,0
20071221,69266,SXE',NYSE,29.81,29.81,2113,0,Stanley Associates Inc,0,0,0
20071224,69266,SXE',NYSE,29.15,29.15,1802,0,Stanley Associates Inc,0,0,0
20071226,69266,SXE',NYSE,30.67,30.67,1954,0,Stanley Associates Inc,0,0,0
20071227,69266,SXE',NYSE,30.28,30.28,2231,0,Stanley Associates Inc,0,0,0
20071228,69266,SXE',NYSE,30.4,30.4,1166,0,Stanley Associates Inc,0,0,0
20071231,69266,SXE',NYSE,32.02,32.02,1811,0,Stanley Associates Inc,0,0,0
20080102,69266,SXE',NYSE,31.28,31.28,2465,0,Stanley Associates Inc,0,0,0
20080103,69266,SXE',NYSE,33.78,33.78,3012,0,Stanley Associates Inc,0,0,0
20080104,69266,SXE',NYSE,32.22,32.22,2272,0,Stanley Associates Inc,0,0,0
20080107,69266,SXE',NYSE,31.27,31.27,1675,0,Stanley Associates Inc,0,0,0
20080108,69266,SXE',NYSE,32.91,32.91,2074,0,Stanley Associates Inc,0,0,0
20080109,69266,SXE',NYSE,33.5,33.5,1463,0,Stanley Associates Inc,0,0,0
20080110,69266,SXE',NYSE,33.2,33.2,931,0,Stanley Associates Inc,0,0,0
20080111,69266,SXE',NYSE,32.96,32.96,2510,0,Stanley Associates Inc,0,0,0
20080114,69266,SXE',NYSE,32.06,32.06,1881,0,Stanley Associates Inc,0,0,0
20080115,69266,SXE',NYSE,31.53,31.53,2634,0,Stanley Associates Inc,0,0,0
20080116,69266,SXE',NYSE,32.16,32.16,1911,0,Stanley Associates Inc,0,0,0
20080117,69266,SXE',NYSE,31.92,31.92,1548,0,Stanley Associates Inc,0,0,0
20080118,69266,SXE',NYSE,28.31,28.31,6500,0,Stanley Associates Inc,0,0,0
20080122,69266,SXE',NYSE,29.62,29.62,3450,0,Stanley Associates Inc,0,0,0
20080123,69266,SXE',NYSE,31.43,31.43,2915,0,Stanley Associates Inc,0,0,0
20080124,69266,SXE',NYSE,30.52,30.52,2460,0,Stanley Associates Inc,0,0,0
20080125,69266,SXE',NYSE,30.88,30.88,2830,0,Stanley Associates Inc,0,0,0
20080128,69266,SXE',NYSE,30.2,30.2,1403,0,Stanley Associates Inc,0,0,0
20080129,69266,SXE',NYSE,28.44,28.44,2261,0,Stanley Associates Inc,0,0,0
20080130,69266,SXE',NYSE,28.43,28.43,2902,0,Stanley Associates Inc,0,0,0
20080131,69266,SXE',NYSE,27.88,27.88,2444,0,Stanley Associates Inc,0,0,0
20080201,69266,SXE',NYSE,25.8,25.8,10835,0,Stanley Associates Inc,0,0,0
20080204,69266,SXE',NYSE,25.65,25.65,2540,0,Stanley Associates Inc,0,0,0
20080205,69266,SXE',NYSE,25.32,25.32,3408,0,Stanley Associates Inc,0,0,0
20080206,69266,SXE',NYSE,24.81,24.81,1452,0,Stanley Associates Inc,0,0,0
20080207,69266,SXE',NYSE,25.04,25.04,2175,0,Stanley Associates Inc,0,0,0
20080208,69266,SXE',NYSE,24.89,24.89,1470,0,Stanley Associates Inc,0,0,0
20080211,69266,SXE',NYSE,24.8,24.8,1124,0,Stanley Associates Inc,0,0,0
20080212,69266,SXE',NYSE,24.59,24.59,2592,0,Stanley Associates Inc,0,0,0
20080213,69266,SXE',NYSE,24.84,24.84,1428,0,Stanley Associates Inc,0,0,0
20080214,69266,SXE',NYSE,23.41,23.41,3018,0,Stanley Associates Inc,0,0,0
20080215,69266,SXE',NYSE,24.02,24.02,1382,0,Stanley Associates Inc,0,0,0
20080219,69266,SXE',NYSE,25.08,25.08,2367,0,Stanley Associates Inc,0,0,0
20080220,69266,SXE',NYSE,25.57,25.57,1723,0,Stanley Associates Inc,0,0,0
20080221,69266,SXE',NYSE,25.68,25.68,1612,0,Stanley Associates Inc,0,0,0
20080222,69266,SXE',NYSE,26.49,26.49,1560,0,Stanley Associates Inc,0,0,0
20080225,69266,SXE',NYSE,26.88,26.88,2473,0,Stanley Associates Inc,0,0,0
20080226,69266,SXE',NYSE,27.78,27.78,1721,0,Stanley Associates Inc,0,0,0
20080227,69266,SXE',NYSE,28.11,28.11,1886,0,Stanley Associates Inc,0,0,0
20080228,69266,SXE',NYSE,27.84,27.84,1237,0,Stanley Associates Inc,0,0,0
20080229,69266,SXE',NYSE,27.69,27.69,1552,0,Stanley Associates Inc,0,0,0
20080303,69266,SXE',NYSE,26.74,26.74,1521,0,Stanley Associates Inc,0,0,0
20080304,69266,SXE',NYSE,27.37,27.37,1433,0,Stanley Associates Inc,0,0,0
20080305,69266,SXE',NYSE,27.99,27.99,957,0,Stanley Associates Inc,0,0,0
20080306,69266,SXE',NYSE,27.21,27.21,1410,0,Stanley Associates Inc,0,0,0
20080307,69266,SXE',NYSE,27.5,27.5,1279,0,Stanley Associates Inc,0,0,0
20080310,69266,SXE',NYSE,26.03,26.03,1338,0,Stanley Associates Inc,0,0,0
20080311,69266,SXE',NYSE,27.6,27.6,1156,0,Stanley Associates Inc,0,0,0
20080312,69266,SXE',NYSE,27.1,27.1,537,0,Stanley Associates Inc,0,0,0
20080313,69266,SXE',NYSE,28.15,28.15,1022,0,Stanley Associates Inc,0,0,0
20080314,69266,SXE',NYSE,26.99,26.99,738,0,Stanley Associates Inc,0,0,0
20080317,69266,SXE',NYSE,27.11,27.11,1174,0,Stanley Associates Inc,0,0,0
20080318,69266,SXE',NYSE,30.23,30.23,2772,0,Stanley Associates Inc,0,0,0
20080319,69266,SXE',NYSE,29.33,29.33,1967,0,Stanley Associates Inc,0,0,0
20080320,69266,SXE',NYSE,29.71,29.71,4051,0,Stanley Associates Inc,0,0,0
20080324,69266,SXE',NYSE,28.94,28.94,2271,0,Stanley Associates Inc,0,0,0
20080325,69266,SXE',NYSE,29.32,29.32,2263,0,Stanley Associates Inc,0,0,0
20080326,69266,SXE',NYSE,29.75,29.75,1242,0,Stanley Associates Inc,0,0,0
20080327,69266,SXE',NYSE,28.88,28.88,1574,0,Stanley Associates Inc,0,0,0
20080328,69266,SXE',NYSE,29.06,29.06,4145,0,Stanley Associates Inc,0,0,0
20080331,69266,SXE',NYSE,29.46,29.46,1456,0,Stanley Associates Inc,0,0,0
20080401,69266,SXE',NYSE,29.56,29.56,2072,0,Stanley Associates Inc,0,0,0
20080402,69266,SXE',NYSE,29.25,29.25,1542,0,Stanley Associates Inc,0,0,0
20080403,69266,SXE',NYSE,29.5,29.5,1395,0,Stanley Associates Inc,0,0,0
20080404,69266,SXE',NYSE,28.25,28.25,2151,0,Stanley Associates Inc,0,0,0
20080407,69266,SXE',NYSE,27.98,27.98,2179,0,Stanley Associates Inc,0,0,0
20080408,69266,SXE',NYSE,27.96,27.96,1557,0,Stanley Associates Inc,0,0,0
20080409,69266,SXE',NYSE,27.49,27.49,2191,0,Stanley Associates Inc,0,0,0
20080410,69266,SXE',NYSE,25.55,25.55,2771,0,Stanley Associates Inc,0,0,0
20080411,69266,SXE',NYSE,24.54,24.54,3100,0,Stanley Associates Inc,0,0,0
20080414,69266,SXE',NYSE,24.22,24.22,2684,0,Stanley Associates Inc,0,0,0
20080415,69266,SXE',NYSE,24.82,24.82,3002,0,Stanley Associates Inc,0,0,0
20080416,69266,SXE',NYSE,25.11,25.11,1708,0,Stanley Associates Inc,0,0,0
20080417,69266,SXE',NYSE,25.19,25.19,4607,0,Stanley Associates Inc,0,0,0
20080418,69266,SXE',NYSE,25.16,25.16,1309,0,Stanley Associates Inc,0,0,0
20080421,69266,SXE',NYSE,25.63,25.63,897,0,Stanley Associates Inc,0,0,0
20080422,69266,SXE',NYSE,25.18,25.18,2663,0,Stanley Associates Inc,0,0,0
20080423,69266,SXE',NYSE,25.31,25.31,623,0,Stanley Associates Inc,0,0,0
20080424,69266,SXE',NYSE,25.38,25.38,1327,0,Stanley Associates Inc,0,0,0
20080425,69266,SXE',NYSE,25.43,25.43,843,0,Stanley Associates Inc,0,0,0
20080428,69266,SXE',NYSE,25.55,25.55,1242,0,Stanley Associates Inc,0,0,0
20080429,69266,SXE',NYSE,25.35,25.35,912,0,Stanley Associates Inc,0,0,0
20080430,69266,SXE',NYSE,25.23,25.23,1502,0,Stanley Associates Inc,0,0,0
20080501,69266,SXE',NYSE,25.04,25.04,1938,0,Stanley Associates Inc,0,0,0
20080502,69266,SXE',NYSE,25.44,25.44,2228,0,Stanley Associates Inc,0,0,0
20080505,69266,SXE',NYSE,25.02,25.02,901,0,Stanley Associates Inc,0,0,0
20080506,69266,SXE',NYSE,25.19,25.19,831,0,Stanley Associates Inc,0,0,0
20080507,69266,SXE',NYSE,24.78,24.78,1221,0,Stanley Associates Inc,0,0,0
20080508,69266,SXE',NYSE,25.15,25.15,952,0,Stanley Associates Inc,0,0,0
20080509,69266,SXE',NYSE,25.08,25.08,1750,0,Stanley Associates Inc,0,0,0
20080512,69266,SXE',NYSE,25.15,25.15,3554,0,Stanley Associates Inc,0,0,0
20080513,69266,SXE',NYSE,25.12,25.12,3199,0,Stanley Associates Inc,0,0,0
20080514,69266,SXE',NYSE,26.31,26.31,3119,0,Stanley Associates Inc,0,0,0
20080515,69266,SXE',NYSE,29.21,29.21,8093,0,Stanley Associates Inc,0,0,0
20080516,69266,SXE',NYSE,29.69,29.69,2203,0,Stanley Associates Inc,0,0,0
20080519,69266,SXE',NYSE,30,30,2335,0,Stanley Associates Inc,0,0,0
20080520,69266,SXE',NYSE,32.26,32.26,3623,0,Stanley Associates Inc,0,0,0
20080521,69266,SXE',NYSE,30.99,30.99,1900,0,Stanley Associates Inc,0,0,0
20080522,69266,SXE',NYSE,31.2,31.2,1129,0,Stanley Associates Inc,0,0,0
20080523,69266,SXE',NYSE,31.48,31.48,945,0,Stanley Associates Inc,0,0,0
20080527,69266,SXE',NYSE,31.9,31.9,717,0,Stanley Associates Inc,0,0,0
20080528,69266,SXE',NYSE,31.48,31.48,1133,0,Stanley Associates Inc,0,0,0
20080529,69266,SXE',NYSE,31.76,31.76,712,0,Stanley Associates Inc,0,0,0
20080530,69266,SXE',NYSE,31.56,31.56,740,0,Stanley Associates Inc,0,0,0
20080602,69266,SXE',NYSE,30.25,30.25,1337,0,Stanley Associates Inc,0,0,0
20080603,69266,SXE',NYSE,30.88,30.88,1043,0,Stanley Associates Inc,0,0,0
20080604,69266,SXE',NYSE,29.76,29.76,1252,0,Stanley Associates Inc,0,0,0
20080605,69266,SXE',NYSE,30.48,30.48,1430,0,Stanley Associates Inc,0,0,0
20080606,69266,SXE',NYSE,29.87,29.87,1339,0,Stanley Associates Inc,0,0,0
20080609,69266,SXE',NYSE,29.98,29.98,1770,0,Stanley Associates Inc,0,0,0
20080610,69266,SXE',NYSE,30.61,30.61,1737,0,Stanley Associates Inc,0,0,0
20080611,69266,SXE',NYSE,33.2,33.2,4834,0,Stanley Associates Inc,0,0,0
20080612,69266,SXE',NYSE,33.15,33.15,2080,0,Stanley Associates Inc,0,0,0
20080613,69266,SXE',NYSE,33.48,33.48,916,0,Stanley Associates Inc,0,0,0
20080616,69266,SXE',NYSE,33.95,33.95,1091,0,Stanley Associates Inc,0,0,0
20080617,69266,SXE',NYSE,33.33,33.33,904,0,Stanley Associates Inc,0,0,0
20080618,69266,SXE',NYSE,33.53,33.53,1257,0,Stanley Associates Inc,0,0,0
20080619,69266,SXE',NYSE,33.86,33.86,2100,0,Stanley Associates Inc,0,0,0
20080620,69266,SXE',NYSE,33.72,33.72,1396,0,Stanley Associates Inc,0,0,0
20080623,69266,SXE',NYSE,35.01,35.01,4885,0,Stanley Associates Inc,0,0,0
20080624,69266,SXE',NYSE,32.85,32.85,4378,0,Stanley Associates Inc,0,0,0
20080625,69266,SXE',NYSE,33.2,33.2,3254,0,Stanley Associates Inc,0,0,0
20080626,69266,SXE',NYSE,32.76,32.76,1961,0,Stanley Associates Inc,0,0,0
20080627,69266,SXE',NYSE,33.38,33.38,2558,0,Stanley Associates Inc,0,0,0
20080630,69266,SXE',NYSE,33.52,33.52,1668,0,Stanley Associates Inc,0,0,0
20080701,69266,SXE',NYSE,34.1,34.1,2586,0,Stanley Associates Inc,0,0,0
20080702,69266,SXE',NYSE,32.73,32.73,1596,0,Stanley Associates Inc,0,0,0
20080703,69266,SXE',NYSE,33.09,33.09,593,0,Stanley Associates Inc,0,0,0
20080707,69266,SXE',NYSE,33.07,33.07,1509,0,Stanley Associates Inc,0,0,0
20080708,69266,SXE',NYSE,34.48,34.48,2378,0,Stanley Associates Inc,0,0,0
20080709,69266,SXE',NYSE,32.43,32.43,1600,0,Stanley Associates Inc,0,0,0
20080710,69266,SXE',NYSE,33.17,33.17,864,0,Stanley Associates Inc,0,0,0
20080711,69266,SXE',NYSE,33,33,1323,0,Stanley Associates Inc,0,0,0
20080714,69266,SXE',NYSE,32.37,32.37,1357,0,Stanley Associates Inc,0,0,0
20080715,69266,SXE',NYSE,31.95,31.95,2390,0,Stanley Associates Inc,0,0,0
20080716,69266,SXE',NYSE,32.4,32.4,1822,0,Stanley Associates Inc,0,0,0
20080717,69266,SXE',NYSE,32.2,32.2,1926,0,Stanley Associates Inc,0,0,0
20080718,69266,SXE',NYSE,32.07,32.07,722,0,Stanley Associates Inc,0,0,0
20080721,69266,SXE',NYSE,31.93,31.93,1231,0,Stanley Associates Inc,0,0,0
20080722,69266,SXE',NYSE,32.49,32.49,980,0,Stanley Associates Inc,0,0,0
20080723,69266,SXE',NYSE,32.13,32.13,1126,0,Stanley Associates Inc,0,0,0
20080724,69266,SXE',NYSE,32.5,32.5,1092,0,Stanley Associates Inc,0,0,0
20080725,69266,SXE',NYSE,32.5,32.5,544,0,Stanley Associates Inc,0,0,0
20080728,69266,SXE',NYSE,32.65,32.65,1154,0,Stanley Associates Inc,0,0,0
20080729,69266,SXE',NYSE,32.65,32.65,1060,0,Stanley Associates Inc,0,0,0
20080730,69266,SXE',NYSE,32.84,32.84,1439,0,Stanley Associates Inc,0,0,0
20080731,69266,SXE',NYSE,31.23,31.23,2188,0,Stanley Associates Inc,0,0,0
20080801,69266,SXE',NYSE,33.5,33.5,5844,0,Stanley Associates Inc,0,0,0
20080804,69266,SXE',NYSE,35.67,35.67,4456,0,Stanley Associates Inc,0,0,0
20080805,69266,SXE',NYSE,36.57,36.57,4197,0,Stanley Associates Inc,0,0,0
20080806,69266,SXE',NYSE,36.57,36.57,2245,0,Stanley Associates Inc,0,0,0
20080807,69266,SXE',NYSE,35.66,35.66,1805,0,Stanley Associates Inc,0,0,0
20080808,69266,SXE',NYSE,36.06,36.06,1148,0,Stanley Associates Inc,0,0,0
20080811,69266,SXE',NYSE,37.06,37.06,5753,0,Stanley Associates Inc,0,0,0
20080812,69266,SXE',NYSE,33.98,33.98,12885,0,Stanley Associates Inc,0,0,0
20080813,69266,SXE',NYSE,35.11,35.11,4658,0,Stanley Associates Inc,0,0,0
20080814,69266,SXE',NYSE,36.19,36.19,2956,0,Stanley Associates Inc,0,0,0
20080815,69266,SXE',NYSE,35.53,35.53,1384,0,Stanley Associates Inc,0,0,0
20080818,69266,SXE',NYSE,34.48,34.48,1082,0,Stanley Associates Inc,0,0,0
20080819,69266,SXE',NYSE,33.08,33.08,2508,0,Stanley Associates Inc,0,0,0
20080820,69266,SXE',NYSE,33.96,33.96,1605,0,Stanley Associates Inc,0,0,0
20080821,69266,SXE',NYSE,33.18,33.18,1645,0,Stanley Associates Inc,0,0,0
20080822,69266,SXE',NYSE,33.14,33.14,1477,0,Stanley Associates Inc,0,0,0
20080825,69266,SXE',NYSE,33.01,33.01,2147,0,Stanley Associates Inc,0,0,0
20080826,69266,SXE',NYSE,32.98,32.98,1132,0,Stanley Associates Inc,0,0,0
20080827,69266,SXE',NYSE,33.67,33.67,1096,0,Stanley Associates Inc,0,0,0
20080828,69266,SXE',NYSE,34.34,34.34,1463,0,Stanley Associates Inc,0,0,0
20080829,69266,SXE',NYSE,34.06,34.06,1409,0,Stanley Associates Inc,0,0,0
20080902,69266,SXE',NYSE,34.13,34.13,2312,0,Stanley Associates Inc,0,0,0
20080903,69266,SXE',NYSE,34,34,1191,0,Stanley Associates Inc,0,0,0
20080904,69266,SXE',NYSE,33,33,2639,0,Stanley Associates Inc,0,0,0
20080905,69266,SXE',NYSE,34.42,34.42,1932,0,Stanley Associates Inc,0,0,0
20080908,69266,SXE',NYSE,34.73,34.73,3094,0,Stanley Associates Inc,0,0,0
20080909,69266,SXE',NYSE,34.9,34.9,1183,0,Stanley Associates Inc,0,0,0
20080910,69266,SXE',NYSE,37.37,37.37,4270,0,Stanley Associates Inc,0,0,0
20080911,69266,SXE',NYSE,37.74,37.74,2439,0,Stanley Associates Inc,0,0,0
20080912,69266,SXE',NYSE,37.06,37.06,1395,0,Stanley Associates Inc,0,0,0
20080915,69266,SXE',NYSE,36.05,36.05,761,0,Stanley Associates Inc,0,0,0
20080916,69266,SXE',NYSE,36.96,36.96,1604,0,Stanley Associates Inc,0,0,0
20080917,69266,SXE',NYSE,35.68,35.68,1336,0,Stanley Associates Inc,0,0,0
20080918,69266,SXE',NYSE,37,37,2809,0,Stanley Associates Inc,0,0,0
20080919,69266,SXE',NYSE,36.99,36.99,3155,0,Stanley Associates Inc,0,0,0
20080922,69266,SXE',NYSE,36.94,36.94,763,0,Stanley Associates Inc,0,0,0
20080923,69266,SXE',NYSE,34.96,34.96,967,0,Stanley Associates Inc,0,0,0
20080924,69266,SXE',NYSE,35.01,35.01,642,0,Stanley Associates Inc,0,0,0
20080925,69266,SXE',NYSE,34.64,34.64,474,0,Stanley Associates Inc,0,0,0
20080926,69266,SXE',NYSE,35.76,35.76,427,0,Stanley Associates Inc,0,0,0
20080929,69266,SXE',NYSE,35.03,35.03,937,0,Stanley Associates Inc,0,0,0
20080930,69266,SXE',NYSE,36.91,36.91,1407,0,Stanley Associates Inc,0,0,0
20081001,69266,SXE',NYSE,36.28,36.28,1788,0,Stanley Associates Inc,0,0,0
20081002,69266,SXE',NYSE,36.35,36.35,1143,0,Stanley Associates Inc,0,0,0
20081003,69266,SXE',NYSE,35.48,35.48,1940,0,Stanley Associates Inc,0,0,0
20081006,69266,SXE',NYSE,32.39,32.39,3614,0,Stanley Associates Inc,0,0,0
20081007,69266,SXE',NYSE,32.4,32.4,2459,0,Stanley Associates Inc,0,0,0
20081008,69266,SXE',NYSE,31.45,31.45,1754,0,Stanley Associates Inc,0,0,0
20081009,69266,SXE',NYSE,30.28,30.28,1699,0,Stanley Associates Inc,0,0,0
20081010,69266,SXE',NYSE,30.73,30.73,2557,0,Stanley Associates Inc,0,0,0
20081013,69266,SXE',NYSE,33.5,33.5,731,0,Stanley Associates Inc,0,0,0
20081014,69266,SXE',NYSE,34.37,34.37,1682,0,Stanley Associates Inc,0,0,0
20081015,69266,SXE',NYSE,34.08,34.08,2066,0,Stanley Associates Inc,0,0,0
20081016,69266,SXE',NYSE,37.12,37.12,2647,0,Stanley Associates Inc,0,0,0
20081017,69266,SXE',NYSE,35.54,35.54,1989,0,Stanley Associates Inc,0,0,0
20081020,69266,SXE',NYSE,35.75,35.75,1322,0,Stanley Associates Inc,0,0,0
20081021,69266,SXE',NYSE,35.25,35.25,1820,0,Stanley Associates Inc,0,0,0
20081022,69266,SXE',NYSE,34.01,34.01,1432,0,Stanley Associates Inc,0,0,0
20081023,69266,SXE',NYSE,30.68,30.68,2823,0,Stanley Associates Inc,0,0,0
20081024,69266,SXE',NYSE,29.36,29.36,2653,0,Stanley Associates Inc,0,0,0
20081027,69266,SXE',NYSE,27.54,27.54,2206,0,Stanley Associates Inc,0,0,0
20081028,69266,SXE',NYSE,27.2,27.2,2454,0,Stanley Associates Inc,0,0,0
20081029,69266,SXE',NYSE,29.1,29.1,3299,0,Stanley Associates Inc,0,0,0
20081030,69266,SXE',NYSE,30.99,30.99,1633,0,Stanley Associates Inc,0,0,0
20081031,69266,SXE',NYSE,34.26,34.26,7192,0,Stanley Associates Inc,0,0,0
20081103,69266,SXE',NYSE,34.92,34.92,3250,0,Stanley Associates Inc,0,0,0
20081104,69266,SXE',NYSE,35.21,35.21,1792,0,Stanley Associates Inc,0,0,0
20081105,69266,SXE',NYSE,34.12,34.12,1866,0,Stanley Associates Inc,0,0,0
20081106,69266,SXE',NYSE,32.6,32.6,1652,0,Stanley Associates Inc,0,0,0
20081107,69266,SXE',NYSE,34.25,34.25,1019,0,Stanley Associates Inc,0,0,0
20081110,69266,SXE',NYSE,33.02,33.02,1497,0,Stanley Associates Inc,0,0,0
20081111,69266,SXE',NYSE,33.19,33.19,1771,0,Stanley Associates Inc,0,0,0
20081112,69266,SXE',NYSE,31.67,31.67,1175,0,Stanley Associates Inc,0,0,0
20081113,69266,SXE',NYSE,33,33,2300,0,Stanley Associates Inc,0,0,0
20081114,69266,SXE',NYSE,30.21,30.21,1881,0,Stanley Associates Inc,0,0,0
20081117,69266,SXE',NYSE,30.02,30.02,1497,0,Stanley Associates Inc,0,0,0
20081118,69266,SXE',NYSE,31.01,31.01,1478,0,Stanley Associates Inc,0,0,0
20081119,69266,SXE',NYSE,29.78,29.78,1971,0,Stanley Associates Inc,0,0,0
20081120,69266,SXE',NYSE,29.01,29.01,2616,0,Stanley Associates Inc,0,0,0
20081121,69266,SXE',NYSE,30.42,30.42,1661,0,Stanley Associates Inc,0,0,0
20081124,69266,SXE',NYSE,32.64,32.64,2321,0,Stanley Associates Inc,0,0,0
20081125,69266,SXE',NYSE,32.41,32.41,1206,0,Stanley Associates Inc,0,0,0
20081126,69266,SXE',NYSE,32.14,32.14,1228,0,Stanley Associates Inc,0,0,0
20081128,69266,SXE',NYSE,31.9,31.9,470,0,Stanley Associates Inc,0,0,0
20081201,69266,SXE',NYSE,29.81,29.81,1558,0,Stanley Associates Inc,0,0,0
20081202,69266,SXE',NYSE,30.9,30.9,1640,0,Stanley Associates Inc,0,0,0
20081203,69266,SXE',NYSE,30.7,30.7,1060,0,Stanley Associates Inc,0,0,0
20081204,69266,SXE',NYSE,29.24,29.24,1078,0,Stanley Associates Inc,0,0,0
20081205,69266,SXE',NYSE,30.92,30.92,1107,0,Stanley Associates Inc,0,0,0
20081208,69266,SXE',NYSE,32.81,32.81,2354,0,Stanley Associates Inc,0,0,0
20081209,69266,SXE',NYSE,31.78,31.78,1520,0,Stanley Associates Inc,0,0,0
20081210,69266,SXE',NYSE,32.07,32.07,651,0,Stanley Associates Inc,0,0,0
20081211,69266,SXE',NYSE,29.35,29.35,1479,0,Stanley Associates Inc,0,0,0
20081212,69266,SXE',NYSE,31.71,31.71,923,0,Stanley Associates Inc,0,0,0
20081215,69266,SXE',NYSE,31.66,31.66,1046,0,Stanley Associates Inc,0,0,0
20081216,69266,SXE',NYSE,31.55,31.55,1867,0,Stanley Associates Inc,0,0,0
20081217,69266,SXE',NYSE,31.78,31.78,900,0,Stanley Associates Inc,0,0,0
20081218,69266,SXE',NYSE,30.65,30.65,843,0,Stanley Associates Inc,0,0,0
20081219,69266,SXE',NYSE,30.3,30.3,2866,0,Stanley Associates Inc,0,0,0
20081222,69266,SXE',NYSE,30.88,30.88,1174,0,Stanley Associates Inc,0,0,0
20081223,69266,SXE',NYSE,30.16,30.16,1441,0,Stanley Associates Inc,0,0,0
20081224,69266,SXE',NYSE,29.84,29.84,387,0,Stanley Associates Inc,0,0,0
20081226,69266,SXE',NYSE,30.76,30.76,530,0,Stanley Associates Inc,0,0,0
20081229,69266,SXE',NYSE,32.45,32.45,1930,0,Stanley Associates Inc,0,0,0
20081230,69266,SXE',NYSE,34.32,34.32,1832,0,Stanley Associates Inc,0,0,0
20081231,69266,SXE',NYSE,36.22,36.22,1736,0,Stanley Associates Inc,0,0,0
20090102,69266,SXE',NYSE,34.94,34.94,1512,0,Stanley Associates Inc,0,0,0
20090105,69266,SXE',NYSE,35.74,35.74,1857,0,Stanley Associates Inc,0,0,0
20090106,69266,SXE',NYSE,35.38,35.38,1429,0,Stanley Associates Inc,0,0,0
20090107,69266,SXE',NYSE,34.44,34.44,1403,0,Stanley Associates Inc,0,0,0
20090108,69266,SXE',NYSE,34.67,34.67,1495,0,Stanley Associates Inc,0,0,0
20090109,69266,SXE',NYSE,35.1,35.1,2696,0,Stanley Associates Inc,0,0,0
20090112,69266,SXE',NYSE,34.41,34.41,2621,0,Stanley Associates Inc,0,0,0
20090113,69266,SXE',NYSE,33.98,33.98,1539,0,Stanley Associates Inc,0,0,0
20090114,69266,SXE',NYSE,33.5,33.5,984,0,Stanley Associates Inc,0,0,0
20090115,69266,SXE',NYSE,33.28,33.28,1187,0,Stanley Associates Inc,0,0,0
20090116,69266,SXE',NYSE,33.25,33.25,1126,0,Stanley Associates Inc,0,0,0
20090120,69266,SXE',NYSE,31.55,31.55,2740,0,Stanley Associates Inc,0,0,0
20090121,69266,SXE',NYSE,33.33,33.33,1625,0,Stanley Associates Inc,0,0,0
20090122,69266,SXE',NYSE,32.09,32.09,2175,0,Stanley Associates Inc,0,0,0
20090123,69266,SXE',NYSE,31.86,31.86,2023,0,Stanley Associates Inc,0,0,0
20090126,69266,SXE',NYSE,32.45,32.45,1456,0,Stanley Associates Inc,0,0,0
20090127,69266,SXE',NYSE,32.57,32.57,744,0,Stanley Associates Inc,0,0,0
20090128,69266,SXE',NYSE,33.12,33.12,975,0,Stanley Associates Inc,0,0,0
20090129,69266,SXE',NYSE,32.18,32.18,2163,0,Stanley Associates Inc,0,0,0
20090130,69266,SXE',NYSE,30.26,30.26,7188,0,Stanley Associates Inc,0,0,0
20090202,69266,SXE',NYSE,32.96,32.96,5841,0,Stanley Associates Inc,0,0,0
20090203,69266,SXE',NYSE,31.48,31.48,2639,0,Stanley Associates Inc,0,0,0
20090204,69266,SXE',NYSE,31.69,31.69,2105,0,Stanley Associates Inc,0,0,0
20090205,69266,SXE',NYSE,31.46,31.46,2528,0,Stanley Associates Inc,0,0,0
20090206,69266,SXE',NYSE,31.2,31.2,3194,0,Stanley Associates Inc,0,0,0
20090209,69266,SXE',NYSE,30.66,30.66,2867,0,Stanley Associates Inc,0,0,0
20090210,69266,SXE',NYSE,30.47,30.47,2018,0,Stanley Associates Inc,0,0,0
20090211,69266,SXE',NYSE,31.1,31.1,1324,0,Stanley Associates Inc,0,0,0
20090212,69266,SXE',NYSE,31.57,31.57,1818,0,Stanley Associates Inc,0,0,0
20090213,69266,SXE',NYSE,31.69,31.69,1137,0,Stanley Associates Inc,0,0,0
20090217,69266,SXE',NYSE,29.51,29.51,2212,0,Stanley Associates Inc,0,0,0
20090218,69266,SXE',NYSE,29.63,29.63,2302,0,Stanley Associates Inc,0,0,0
20090219,69266,SXE',NYSE,29.73,29.73,1257,0,Stanley Associates Inc,0,0,0
20090220,69266,SXE',NYSE,28.91,28.91,845,0,Stanley Associates Inc,0,0,0
20090223,69266,SXE',NYSE,27.73,27.73,2594,0,Stanley Associates Inc,0,0,0
20090224,69266,SXE',NYSE,28.52,28.52,997,0,Stanley Associates Inc,0,0,0
20090225,69266,SXE',NYSE,30.66,30.66,7764,0,Stanley Associates Inc,0,0,0
20090226,69266,SXE',NYSE,30.1,30.1,1836,0,Stanley Associates Inc,0,0,0
20090227,69266,SXE',NYSE,31.01,31.01,3407,0,Stanley Associates Inc,0,0,0
20090302,69266,SXE',NYSE,29.86,29.86,3048,0,Stanley Associates Inc,0,0,0
20090303,69266,SXE',NYSE,28.96,28.96,15020,0,Stanley Associates Inc,0,0,0
20090304,69266,SXE',NYSE,29.27,29.27,4583,0,Stanley Associates Inc,0,0,0
20090305,69266,SXE',NYSE,26.18,26.18,4990,0,Stanley Associates Inc,0,0,0
20090306,69266,SXE',NYSE,26.04,26.04,3550,0,Stanley Associates Inc,0,0,0
20090309,69266,SXE',NYSE,24.86,24.86,2413,0,Stanley Associates Inc,0,0,0
20090310,69266,SXE',NYSE,26.48,26.48,3115,0,Stanley Associates Inc,0,0,0
20090311,69266,SXE',NYSE,24.95,24.95,3229,0,Stanley Associates Inc,0,0,0
20090312,69266,SXE',NYSE,26.25,26.25,4937,0,Stanley Associates Inc,0,0,0
20090313,69266,SXE',NYSE,26.22,26.22,1888,0,Stanley Associates Inc,0,0,0
20090316,69266,SXE',NYSE,25.84,25.84,2906,0,Stanley Associates Inc,0,0,0
20090317,69266,SXE',NYSE,25.74,25.74,2506,0,Stanley Associates Inc,0,0,0
20090318,69266,SXE',NYSE,24.4,24.4,5070,0,Stanley Associates Inc,0,0,0
20090319,69266,SXE',NYSE,24.45,24.45,3211,0,Stanley Associates Inc,0,0,0
20090320,69266,SXE',NYSE,23.92,23.92,2259,0,Stanley Associates Inc,0,0,0
20090323,69266,SXE',NYSE,24.88,24.88,3297,0,Stanley Associates Inc,0,0,0
20090324,69266,SXE',NYSE,25,25,2891,0,Stanley Associates Inc,0,0,0
20090325,69266,SXE',NYSE,25.09,25.09,1567,0,Stanley Associates Inc,0,0,0
20090326,69266,SXE',NYSE,26.17,26.17,1897,0,Stanley Associates Inc,0,0,0
20090327,69266,SXE',NYSE,25.78,25.78,1370,0,Stanley Associates Inc,0,0,0
20090330,69266,SXE',NYSE,24.94,24.94,2039,0,Stanley Associates Inc,0,0,0
20090331,69266,SXE',NYSE,25.39,25.39,4055,0,Stanley Associates Inc,0,0,0
20090401,69266,SXE',NYSE,25.85,25.85,1498,0,Stanley Associates Inc,0,0,0
20090402,69266,SXE',NYSE,25.99,25.99,1873,0,Stanley Associates Inc,0,0,0
20090403,69266,SXE',NYSE,26.15,26.15,2243,0,Stanley Associates Inc,0,0,0
20090406,69266,SXE',NYSE,25.6,25.6,907,0,Stanley Associates Inc,0,0,0
20090407,69266,SXE',NYSE,25.01,25.01,1562,0,Stanley Associates Inc,0,0,0
20090408,69266,SXE',NYSE,25.42,25.42,1345,0,Stanley Associates Inc,0,0,0
20090409,69266,SXE',NYSE,26.72,26.72,1998,0,Stanley Associates Inc,0,0,0
20090413,69266,SXE',NYSE,26.61,26.61,1054,0,Stanley Associates Inc,0,0,0
20090414,69266,SXE',NYSE,26.57,26.57,1091,0,Stanley Associates Inc,0,0,0
20090415,69266,SXE',NYSE,27.08,27.08,1658,0,Stanley Associates Inc,0,0,0
20090416,69266,SXE',NYSE,27.82,27.82,4051,0,Stanley Associates Inc,0,0,0
20090417,69266,SXE',NYSE,28.75,28.75,2005,0,Stanley Associates Inc,0,0,0
20090420,69266,SXE',NYSE,29.02,29.02,2132,0,Stanley Associates Inc,0,0,0
20090421,69266,SXE',NYSE,29.31,29.31,3430,0,Stanley Associates Inc,0,0,0
20090422,69266,SXE',NYSE,27.41,27.41,3593,0,Stanley Associates Inc,0,0,0
20090423,69266,SXE',NYSE,27.26,27.26,3093,0,Stanley Associates Inc,0,0,0
20090424,69266,SXE',NYSE,27.19,27.19,972,0,Stanley Associates Inc,0,0,0
20090427,69266,SXE',NYSE,27.4,27.4,1294,0,Stanley Associates Inc,0,0,0
20090428,69266,SXE',NYSE,27.26,27.26,835,0,Stanley Associates Inc,0,0,0
20090429,69266,SXE',NYSE,26.88,26.88,1935,0,Stanley Associates Inc,0,0,0
20090430,69266,SXE',NYSE,25.78,25.78,2716,0,Stanley Associates Inc,0,0,0
20090501,69266,SXE',NYSE,25.81,25.81,3094,0,Stanley Associates Inc,0,0,0
20090504,69266,SXE',NYSE,25.6,25.6,1322,0,Stanley Associates Inc,0,0,0
20090505,69266,SXE',NYSE,24.78,24.78,1782,0,Stanley Associates Inc,0,0,0
20090506,69266,SXE',NYSE,25.22,25.22,1804,0,Stanley Associates Inc,0,0,0
20090507,69266,SXE',NYSE,24.94,24.94,1629,0,Stanley Associates Inc,0,0,0
20090508,69266,SXE',NYSE,26.18,26.18,1557,0,Stanley Associates Inc,0,0,0
20090511,69266,SXE',NYSE,25.99,25.99,797,0,Stanley Associates Inc,0,0,0
20090512,69266,SXE',NYSE,26.08,26.08,1827,0,Stanley Associates Inc,0,0,0
20090513,69266,SXE',NYSE,26.44,26.44,2097,0,Stanley Associates Inc,0,0,0
20090514,69266,SXE',NYSE,26.68,26.68,3183,0,Stanley Associates Inc,0,0,0
20090515,69266,SXE',NYSE,26.25,26.25,2099,0,Stanley Associates Inc,0,0,0
20090518,69266,SXE',NYSE,27.08,27.08,3177,0,Stanley Associates Inc,0,0,0
20090519,69266,SXE',NYSE,26.31,26.31,3295,0,Stanley Associates Inc,0,0,0
20090520,69266,SXE',NYSE,25.46,25.46,2277,0,Stanley Associates Inc,0,0,0
20090521,69266,SXE',NYSE,25.43,25.43,1728,0,Stanley Associates Inc,0,0,0
20090522,69266,SXE',NYSE,24.79,24.79,790,0,Stanley Associates Inc,0,0,0
20090526,69266,SXE',NYSE,24.75,24.75,1408,0,Stanley Associates Inc,0,0,0
20090527,69266,SXE',NYSE,24.2,24.2,3833,0,Stanley Associates Inc,0,0,0
20090528,69266,SXE',NYSE,25.43,25.43,2366,0,Stanley Associates Inc,0,0,0
20090529,69266,SXE',NYSE,26.09,26.09,1474,0,Stanley Associates Inc,0,0,0
20090601,69266,SXE',NYSE,28.15,28.15,4328,0,Stanley Associates Inc,0,0,0
20090602,69266,SXE',NYSE,30.29,30.29,4614,0,Stanley Associates Inc,0,0,0
20090603,69266,SXE',NYSE,30.09,30.09,1980,0,Stanley Associates Inc,0,0,0
20090604,69266,SXE',NYSE,30.82,30.82,1360,0,Stanley Associates Inc,0,0,0
20090605,69266,SXE',NYSE,30.72,30.72,904,0,Stanley Associates Inc,0,0,0
20090608,69266,SXE',NYSE,30.26,30.26,846,0,Stanley Associates Inc,0,0,0
20090609,69266,SXE',NYSE,31.2,31.2,2507,0,Stanley Associates Inc,0,0,0
20090610,69266,SXE',NYSE,31.58,31.58,1531,0,Stanley Associates Inc,0,0,0
20090611,69266,SXE',NYSE,31.4,31.4,915,0,Stanley Associates Inc,0,0,0
20090612,69266,SXE',NYSE,31.27,31.27,1257,0,Stanley Associates Inc,0,0,0
20090615,69266,SXE',NYSE,30.21,30.21,836,0,Stanley Associates Inc,0,0,0
20090616,69266,SXE',NYSE,29.51,29.51,698,0,Stanley Associates Inc,0,0,0
20090617,69266,SXE',NYSE,29.76,29.76,807,0,Stanley Associates Inc,0,0,0
20090618,69266,SXE',NYSE,30.21,30.21,944,0,Stanley Associates Inc,0,0,0
20090619,69266,SXE',NYSE,30.91,30.91,2351,0,Stanley Associates Inc,0,0,0
20090622,69266,SXE',NYSE,29.76,29.76,1087,0,Stanley Associates Inc,0,0,0
20090623,69266,SXE',NYSE,29.33,29.33,1027,0,Stanley Associates Inc,0,0,0
20090624,69266,SXE',NYSE,30,30,1528,0,Stanley Associates Inc,0,0,0
20090625,69266,SXE',NYSE,31.04,31.04,1090,0,Stanley Associates Inc,0,0,0
20090626,69266,SXE',NYSE,32.35,32.35,7185,0,Stanley Associates Inc,0,0,0
20090629,69266,SXE',NYSE,31.88,31.88,1709,0,Stanley Associates Inc,0,0,0
20090630,69266,SXE',NYSE,32.88,32.88,1793,0,Stanley Associates Inc,0,0,0
20090701,69266,SXE',NYSE,32.13,32.13,1961,0,Stanley Associates Inc,0,0,0
20090702,69266,SXE',NYSE,30.75,30.75,863,0,Stanley Associates Inc,0,0,0
20090706,69266,SXE',NYSE,30.33,30.33,1166,0,Stanley Associates Inc,0,0,0
20090707,69266,SXE',NYSE,29.36,29.36,474,0,Stanley Associates Inc,0,0,0
20090708,69266,SXE',NYSE,28.63,28.63,988,0,Stanley Associates Inc,0,0,0
20090709,69266,SXE',NYSE,28.68,28.68,1205,0,Stanley Associates Inc,0,0,0
20090710,69266,SXE',NYSE,28.39,28.39,800,0,Stanley Associates Inc,0,0,0
20090713,69266,SXE',NYSE,28.52,28.52,2066,0,Stanley Associates Inc,0,0,0
20090714,69266,SXE',NYSE,28.65,28.65,928,0,Stanley Associates Inc,0,0,0
20090715,69266,SXE',NYSE,29.47,29.47,631,0,Stanley Associates Inc,0,0,0
20090716,69266,SXE',NYSE,29.63,29.63,993,0,Stanley Associates Inc,0,0,0
20090717,69266,SXE',NYSE,29.81,29.81,689,0,Stanley Associates Inc,0,0,0
20090720,69266,SXE',NYSE,30.49,30.49,532,0,Stanley Associates Inc,0,0,0
20090721,69266,SXE',NYSE,30.49,30.49,1713,0,Stanley Associates Inc,0,0,0
20090722,69266,SXE',NYSE,30.38,30.38,652,0,Stanley Associates Inc,0,0,0
20090723,69266,SXE',NYSE,30.86,30.86,723,0,Stanley Associates Inc,0,0,0
20090724,69266,SXE',NYSE,30.91,30.91,465,0,Stanley Associates Inc,0,0,0
20090727,69266,SXE',NYSE,30.66,30.66,294,0,Stanley Associates Inc,0,0,0
20090728,69266,SXE',NYSE,30.47,30.47,604,0,Stanley Associates Inc,0,0,0
20090729,69266,SXE',NYSE,30.56,30.56,554,0,Stanley Associates Inc,0,0,0
20090730,69266,SXE',NYSE,31,31,538,0,Stanley Associates Inc,0,0,0
20090731,69266,SXE',NYSE,30.74,30.74,619,0,Stanley Associates Inc,0,0,0
20090803,69266,SXE',NYSE,31.38,31.38,1319,0,Stanley Associates Inc,0,0,0
20090804,69266,SXE',NYSE,31.66,31.66,771,0,Stanley Associates Inc,0,0,0
20090805,69266,SXE',NYSE,28.68,28.68,8255,0,Stanley Associates Inc,0,0,0
20090806,69266,SXE',NYSE,27.71,27.71,1973,0,Stanley Associates Inc,0,0,0
20090807,69266,SXE',NYSE,28.16,28.16,3362,0,Stanley Associates Inc,0,0,0
20090810,69266,SXE',NYSE,27.74,27.74,1699,0,Stanley Associates Inc,0,0,0
20090811,69266,SXE',NYSE,27.18,27.18,1783,0,Stanley Associates Inc,0,0,0
20090812,69266,SXE',NYSE,27.1,27.1,1173,0,Stanley Associates Inc,0,0,0
20090813,69266,SXE',NYSE,27.4,27.4,1606,0,Stanley Associates Inc,0,0,0
20090814,69266,SXE',NYSE,27.64,27.64,1468,0,Stanley Associates Inc,0,0,0
20090817,69266,SXE',NYSE,27.2,27.2,974,0,Stanley Associates Inc,0,0,0
20090818,69266,SXE',NYSE,27.9,27.9,1501,0,Stanley Associates Inc,0,0,0
20090819,69266,SXE',NYSE,28.19,28.19,1218,0,Stanley Associates Inc,0,0,0
20090820,69266,SXE',NYSE,27.07,27.07,5879,0,Stanley Associates Inc,0,0,0
20090821,69266,SXE',NYSE,27,27,1866,0,Stanley Associates Inc,0,0,0
20090824,69266,SXE',NYSE,26.85,26.85,2147,0,Stanley Associates Inc,0,0,0
20090825,69266,SXE',NYSE,26.2,26.2,2163,0,Stanley Associates Inc,0,0,0
20090826,69266,SXE',NYSE,25.77,25.77,1554,0,Stanley Associates Inc,0,0,0
20090827,69266,SXE',NYSE,26.04,26.04,1077,0,Stanley Associates Inc,0,0,0
20090828,69266,SXE',NYSE,25.63,25.63,706,0,Stanley Associates Inc,0,0,0
20090831,69266,SXE',NYSE,25.65,25.65,691,0,Stanley Associates Inc,0,0,0
20090901,69266,SXE',NYSE,25.94,25.94,1883,0,Stanley Associates Inc,0,0,0
20090902,69266,SXE',NYSE,25.96,25.96,730,0,Stanley Associates Inc,0,0,0
20090903,69266,SXE',NYSE,25.98,25.98,639,0,Stanley Associates Inc,0,0,0
20090904,69266,SXE',NYSE,26,26,656,0,Stanley Associates Inc,0,0,0
20090908,69266,SXE',NYSE,26.23,26.23,707,0,Stanley Associates Inc,0,0,0
20090909,69266,SXE',NYSE,25.87,25.87,631,0,Stanley Associates Inc,0,0,0
20090910,69266,SXE',NYSE,25.55,25.55,1380,0,Stanley Associates Inc,0,0,0
20090911,69266,SXE',NYSE,25.6,25.6,2715,0,Stanley Associates Inc,0,0,0
20090914,69266,SXE',NYSE,26.21,26.21,1687,0,Stanley Associates Inc,0,0,0
20090915,69266,SXE',NYSE,26.87,26.87,1231,0,Stanley Associates Inc,0,0,0
20090916,69266,SXE',NYSE,28.64,28.64,2680,0,Stanley Associates Inc,0,0,0
20090917,69266,SXE',NYSE,28.99,28.99,1487,0,Stanley Associates Inc,0,0,0
20090918,69266,SXE',NYSE,28.77,28.77,3038,0,Stanley Associates Inc,0,0,0
20090921,69266,SXE',NYSE,29.56,29.56,1270,0,Stanley Associates Inc,0,0,0
20090922,69266,SXE',NYSE,29.32,29.32,586,0,Stanley Associates Inc,0,0,0
20090923,69266,SXE',NYSE,29,29,2901,0,Stanley Associates Inc,0,0,0
20090924,69266,SXE',NYSE,26.66,26.66,3163,0,Stanley Associates Inc,0,0,0
20090925,69266,SXE',NYSE,26.54,26.54,953,0,Stanley Associates Inc,0,0,0
20090928,69266,SXE',NYSE,26.5,26.5,2011,0,Stanley Associates Inc,0,0,0
20090929,69266,SXE',NYSE,26.13,26.13,1141,0,Stanley Associates Inc,0,0,0
20090930,69266,SXE',NYSE,25.72,25.72,2675,0,Stanley Associates Inc,0,0,0
20091001,69266,SXE',NYSE,25.93,25.93,2357,0,Stanley Associates Inc,0,0,0
20091002,69266,SXE',NYSE,25.69,25.69,950,0,Stanley Associates Inc,0,0,0
20091005,69266,SXE',NYSE,26.22,26.22,931,0,Stanley Associates Inc,0,0,0
20091006,69266,SXE',NYSE,26.71,26.71,645,0,Stanley Associates Inc,0,0,0
20091007,69266,SXE',NYSE,26.34,26.34,397,0,Stanley Associates Inc,0,0,0
20091008,69266,SXE',NYSE,26.12,26.12,1030,0,Stanley Associates Inc,0,0,0
20091009,69266,SXE',NYSE,27,27,650,0,Stanley Associates Inc,0,0,0
20091012,69266,SXE',NYSE,26.75,26.75,542,0,Stanley Associates Inc,0,0,0
20091013,69266,SXE',NYSE,26.74,26.74,957,0,Stanley Associates Inc,0,0,0
20091014,69266,SXE',NYSE,27.21,27.21,1032,0,Stanley Associates Inc,0,0,0
20091015,69266,SXE',NYSE,27.56,27.56,785,0,Stanley Associates Inc,0,0,0
20091016,69266,SXE',NYSE,27.38,27.38,1365,0,Stanley Associates Inc,0,0,0
20091019,69266,SXE',NYSE,27.53,27.53,1000,0,Stanley Associates Inc,0,0,0
20091020,69266,SXE',NYSE,27.5,27.5,1332,0,Stanley Associates Inc,0,0,0
20091021,69266,SXE',NYSE,26.91,26.91,1651,0,Stanley Associates Inc,0,0,0
20091022,69266,SXE',NYSE,26.62,26.62,1258,0,Stanley Associates Inc,0,0,0
20091023,69266,SXE',NYSE,25.75,25.75,2092,0,Stanley Associates Inc,0,0,0
20091026,69266,SXE',NYSE,25.22,25.22,3302,0,Stanley Associates Inc,0,0,0
20091027,69266,SXE',NYSE,25.85,25.85,1041,0,Stanley Associates Inc,0,0,0
20091028,69266,SXE',NYSE,25.53,25.53,947,0,Stanley Associates Inc,0,0,0
20091029,69266,SXE',NYSE,25.79,25.79,1873,0,Stanley Associates Inc,0,0,0
20091030,69266,SXE',NYSE,28.25,28.25,6678,0,Stanley Associates Inc,0,0,0
20091102,69266,SXE',NYSE,28.76,28.76,1778,0,Stanley Associates Inc,0,0,0
20091103,69266,SXE',NYSE,29.29,29.29,2803,0,Stanley Associates Inc,0,0,0
20091104,69266,SXE',NYSE,28.79,28.79,1409,0,Stanley Associates Inc,0,0,0
20091105,69266,SXE',NYSE,28.63,28.63,1902,0,Stanley Associates Inc,0,0,0
20091106,69266,SXE',NYSE,28.05,28.05,1651,0,Stanley Associates Inc,0,0,0
20091109,69266,SXE',NYSE,28.38,28.38,1212,0,Stanley Associates Inc,0,0,0
20091110,69266,SXE',NYSE,28.1,28.1,809,0,Stanley Associates Inc,0,0,0
20091111,69266,SXE',NYSE,28.66,28.66,844,0,Stanley Associates Inc,0,0,0
20091112,69266,SXE',NYSE,28.03,28.03,938,0,Stanley Associates Inc,0,0,0
20091113,69266,SXE',NYSE,28.08,28.08,1293,0,Stanley Associates Inc,0,0,0
20091116,69266,SXE',NYSE,29.17,29.17,2580,0,Stanley Associates Inc,0,0,0
20091117,69266,SXE',NYSE,28.99,28.99,1004,0,Stanley Associates Inc,0,0,0
20091118,69266,SXE',NYSE,28.71,28.71,425,0,Stanley Associates Inc,0,0,0
20091119,69266,SXE',NYSE,27.97,27.97,890,0,Stanley Associates Inc,0,0,0
20091120,69266,SXE',NYSE,27.1,27.1,1497,0,Stanley Associates Inc,0,0,0
20091123,69266,SXE',NYSE,27.22,27.22,1125,0,Stanley Associates Inc,0,0,0
20091124,69266,SXE',NYSE,27.65,27.65,682,0,Stanley Associates Inc,0,0,0
20091125,69266,SXE',NYSE,27.29,27.29,396,0,Stanley Associates Inc,0,0,0
20091127,69266,SXE',NYSE,26.67,26.67,214,0,Stanley Associates Inc,0,0,0
20091130,69266,SXE',NYSE,26.68,26.68,840,0,Stanley Associates Inc,0,0,0
20091201,69266,SXE',NYSE,27.18,27.18,650,0,Stanley Associates Inc,0,0,0
20091202,69266,SXE',NYSE,27.49,27.49,910,0,Stanley Associates Inc,0,0,0
20091203,69266,SXE',NYSE,26.93,26.93,1014,0,Stanley Associates Inc,0,0,0
20091204,69266,SXE',NYSE,26.85,26.85,1753,0,Stanley Associates Inc,0,0,0
20091207,69266,SXE',NYSE,27.12,27.12,2044,0,Stanley Associates Inc,0,0,0
20091208,69266,SXE',NYSE,26.67,26.67,1421,0,Stanley Associates Inc,0,0,0
20091209,69266,SXE',NYSE,26.29,26.29,531,0,Stanley Associates Inc,0,0,0
20091210,69266,SXE',NYSE,26.02,26.02,822,0,Stanley Associates Inc,0,0,0
20091211,69266,SXE',NYSE,26.42,26.42,1650,0,Stanley Associates Inc,0,0,0
20091214,69266,SXE',NYSE,26.48,26.48,842,0,Stanley Associates Inc,0,0,0
20091215,69266,SXE',NYSE,26.36,26.36,1201,0,Stanley Associates Inc,0,0,0
20091216,69266,SXE',NYSE,26.47,26.47,1002,0,Stanley Associates Inc,0,0,0
20091217,69266,SXE',NYSE,26.31,26.31,556,0,Stanley Associates Inc,0,0,0
20091218,69266,SXE',NYSE,26.61,26.61,1927,0,Stanley Associates Inc,0,0,0
20091221,69266,SXE',NYSE,27.05,27.05,901,0,Stanley Associates Inc,0,0,0
20091222,69266,SXE',NYSE,27.21,27.21,668,0,Stanley Associates Inc,0,0,0
20091223,69266,SXE',NYSE,27.32,27.32,1000,0,Stanley Associates Inc,0,0,0
20091224,69266,SXE',NYSE,27.53,27.53,110,0,Stanley Associates Inc,0,0,0
20091228,69266,SXE',NYSE,27.77,27.77,490,0,Stanley Associates Inc,0,0,0
20091229,69266,SXE',NYSE,27.67,27.67,188,0,Stanley Associates Inc,0,0,0
20091230,69266,SXE',NYSE,27.99,27.99,749,0,Stanley Associates Inc,0,0,0
20091231,69266,SXE',NYSE,27.41,27.41,715,0,Stanley Associates Inc,0,0,0
20100104,69266,SXE',NYSE,27.98,27.98,1119,0,Stanley Associates Inc,0,0,0
20100105,69266,SXE',NYSE,27.43,27.43,2244,0,Stanley Associates Inc,0,0,0
20100106,69266,SXE',NYSE,27.11,27.11,2004,0,Stanley Associates Inc,0,0,0
20100107,69266,SXE',NYSE,27.13,27.13,1052,0,Stanley Associates Inc,0,0,0
20100108,69266,SXE',NYSE,27.31,27.31,992,0,Stanley Associates Inc,0,0,0
20100111,69266,SXE',NYSE,27.32,27.32,548,0,Stanley Associates Inc,0,0,0
20100112,69266,SXE',NYSE,27.28,27.28,487,0,Stanley Associates Inc,0,0,0
20100113,69266,SXE',NYSE,27.85,27.85,742,0,Stanley Associates Inc,0,0,0
20100114,69266,SXE',NYSE,28.08,28.08,2004,0,Stanley Associates Inc,0,0,0
20100115,69266,SXE',NYSE,27.68,27.68,1467,0,Stanley Associates Inc,0,0,0
20100119,69266,SXE',NYSE,28,28,530,0,Stanley Associates Inc,0,0,0
20100120,69266,SXE',NYSE,27.55,27.55,841,0,Stanley Associates Inc,0,0,0
20100121,69266,SXE',NYSE,27.6,27.6,1047,0,Stanley Associates Inc,0,0,0
20100122,69266,SXE',NYSE,27.74,27.74,1464,0,Stanley Associates Inc,0,0,0
20100125,69266,SXE',NYSE,27.34,27.34,1209,0,Stanley Associates Inc,0,0,0
20100126,69266,SXE',NYSE,27.3,27.3,1488,0,Stanley Associates Inc,0,0,0
20100127,69266,SXE',NYSE,28.09,28.09,1316,0,Stanley Associates Inc,0,0,0
20100128,69266,SXE',NYSE,27.34,27.34,958,0,Stanley Associates Inc,0,0,0
20100129,69266,SXE',NYSE,26.18,26.18,1851,0,Stanley Associates Inc,0,0,0
20100201,69266,SXE',NYSE,25.59,25.59,1394,0,Stanley Associates Inc,0,0,0
20100202,69266,SXE',NYSE,25.26,25.26,1547,0,Stanley Associates Inc,0,0,0
20100203,69266,SXE',NYSE,24.84,24.84,1569,0,Stanley Associates Inc,0,0,0
20100204,69266,SXE',NYSE,23.72,23.72,2151,0,Stanley Associates Inc,0,0,0
20100205,69266,SXE',NYSE,23.53,23.53,2844,0,Stanley Associates Inc,0,0,0
20100208,69266,SXE',NYSE,23.26,23.26,1160,0,Stanley Associates Inc,0,0,0
20100209,69266,SXE',NYSE,22.64,22.64,4676,0,Stanley Associates Inc,0,0,0
20100210,69266,SXE',NYSE,22.49,22.49,2037,0,Stanley Associates Inc,0,0,0
20100211,69266,SXE',NYSE,22.23,22.23,2663,0,Stanley Associates Inc,0,0,0
20100212,69266,SXE',NYSE,22.24,22.24,1334,0,Stanley Associates Inc,0,0,0
20100216,69266,SXE',NYSE,22.33,22.33,5755,0,Stanley Associates Inc,0,0,0
20100217,69266,SXE',NYSE,23.26,23.26,6114,0,Stanley Associates Inc,0,0,0
20100218,69266,SXE',NYSE,23.79,23.79,2240,0,Stanley Associates Inc,0,0,0
20100219,69266,SXE',NYSE,24,24,2133,0,Stanley Associates Inc,0,0,0
20100222,69266,SXE',NYSE,24.08,24.08,1251,0,Stanley Associates Inc,0,0,0
20100223,69266,SXE',NYSE,24.26,24.26,1856,0,Stanley Associates Inc,0,0,0
20100224,69266,SXE',NYSE,25.11,25.11,2776,0,Stanley Associates Inc,0,0,0
20100225,69266,SXE',NYSE,25.36,25.36,1619,0,Stanley Associates Inc,0,0,0
20100226,69266,SXE',NYSE,25.21,25.21,1083,0,Stanley Associates Inc,0,0,0
20100301,69266,SXE',NYSE,26.23,26.23,2407,0,Stanley Associates Inc,0,0,0
20100302,69266,SXE',NYSE,26.48,26.48,4174,0,Stanley Associates Inc,0,0,0
20100303,69266,SXE',NYSE,26.4,26.4,2899,0,Stanley Associates Inc,0,0,0
20100304,69266,SXE',NYSE,26.24,26.24,2428,0,Stanley Associates Inc,0,0,0
20100305,69266,SXE',NYSE,26.45,26.45,1723,0,Stanley Associates Inc,0,0,0
20100308,69266,SXE',NYSE,26.37,26.37,1124,0,Stanley Associates Inc,0,0,0
20100309,69266,SXE',NYSE,26.65,26.65,959,0,Stanley Associates Inc,0,0,0
20100310,69266,SXE',NYSE,26.46,26.46,1118,0,Stanley Associates Inc,0,0,0
20100311,69266,SXE',NYSE,26.8,26.8,2044,0,Stanley Associates Inc,0,0,0
20100312,69266,SXE',NYSE,26.86,26.86,699,0,Stanley Associates Inc,0,0,0
20100315,69266,SXE',NYSE,27.33,27.33,1311,0,Stanley Associates Inc,0,0,0
20100316,69266,SXE',NYSE,27.55,27.55,1243,0,Stanley Associates Inc,0,0,0
20100317,69266,SXE',NYSE,28.01,28.01,1340,0,Stanley Associates Inc,0,0,0
20100318,69266,SXE',NYSE,28.13,28.13,782,0,Stanley Associates Inc,0,0,0
20100319,69266,SXE',NYSE,28.42,28.42,1576,0,Stanley Associates Inc,0,0,0
20100322,69266,SXE',NYSE,28.76,28.76,1537,0,Stanley Associates Inc,0,0,0
20100323,69266,SXE',NYSE,29.05,29.05,1258,0,Stanley Associates Inc,0,0,0
20100324,69266,SXE',NYSE,28.72,28.72,1368,0,Stanley Associates Inc,0,0,0
20100325,69266,SXE',NYSE,28.35,28.35,875,0,Stanley Associates Inc,0,0,0
20100326,69266,SXE',NYSE,28.18,28.18,886,0,Stanley Associates Inc,0,0,0
20100329,69266,SXE',NYSE,28.82,28.82,908,0,Stanley Associates Inc,0,0,0
20100330,69266,SXE',NYSE,28.86,28.86,1337,0,Stanley Associates Inc,0,0,0
20100331,69266,SXE',NYSE,28.29,28.29,777,0,Stanley Associates Inc,0,0,0
20100401,69266,SXE',NYSE,28.66,28.66,1473,0,Stanley Associates Inc,0,0,0
20100405,69266,SXE',NYSE,29.09,29.09,1568,0,Stanley Associates Inc,0,0,0
20100406,69266,SXE',NYSE,29.56,29.56,836,0,Stanley Associates Inc,0,0,0
20100407,69266,SXE',NYSE,30.16,30.16,1401,0,Stanley Associates Inc,0,0,0
20100408,69266,SXE',NYSE,30.23,30.23,1012,0,Stanley Associates Inc,0,0,0
20100409,69266,SXE',NYSE,30.58,30.58,950,0,Stanley Associates Inc,0,0,0
20100412,69266,SXE',NYSE,30.83,30.83,963,0,Stanley Associates Inc,0,0,0
20100413,69266,SXE',NYSE,30.74,30.74,1088,0,Stanley Associates Inc,0,0,0
20100414,69266,SXE',NYSE,31.11,31.11,599,0,Stanley Associates Inc,0,0,0
20100415,69266,SXE',NYSE,31.36,31.36,934,0,Stanley Associates Inc,0,0,0
20100416,69266,SXE',NYSE,31.27,31.27,557,0,Stanley Associates Inc,0,0,0
20100419,69266,SXE',NYSE,31.24,31.24,1021,0,Stanley Associates Inc,0,0,0
20100420,69266,SXE',NYSE,31.56,31.56,831,0,Stanley Associates Inc,0,0,0
20100421,69266,SXE',NYSE,31.64,31.64,623,0,Stanley Associates Inc,0,0,0
20100422,69266,SXE',NYSE,31.59,31.59,618,0,Stanley Associates Inc,0,0,0
20100423,69266,SXE',NYSE,31.55,31.55,592,0,Stanley Associates Inc,0,0,0
20100426,69266,SXE',NYSE,31.55,31.55,877,0,Stanley Associates Inc,0,0,0
20100427,69266,SXE',NYSE,31.42,31.42,4108,0,Stanley Associates Inc,0,0,0
20100428,69266,SXE',NYSE,31.41,31.41,1398,0,Stanley Associates Inc,0,0,0
20100429,69266,SXE',NYSE,31.75,31.75,1244,0,Stanley Associates Inc,0,0,0
20100430,69266,SXE',NYSE,31.63,31.63,1265,0,Stanley Associates Inc,0,0,0
20100503,69266,SXE',NYSE,32.03,32.03,967,0,Stanley Associates Inc,0,0,0
20100504,69266,SXE',NYSE,31.35,31.35,830,0,Stanley Associates Inc,0,0,0
20100505,69266,SXE',NYSE,31,31,907,0,Stanley Associates Inc,0,0,0
20100506,69266,SXE',NYSE,29,29,3223,0,Stanley Associates Inc,0,0,0
20100507,69266,SXE',NYSE,36.79,36.79,41963,0,Stanley Associates Inc,0,0,0
20100510,69266,SXE',NYSE,36.61,36.61,15049,0,Stanley Associates Inc,0,0,0
20100511,69266,SXE',NYSE,36.57,36.57,11083,0,Stanley Associates Inc,0,0,0
20100512,69266,SXE',NYSE,36.7,36.7,8256,0,Stanley Associates Inc,0,0,0
20100513,69266,SXE',NYSE,36.75,36.75,7362,0,Stanley Associates Inc,0,0,0
20100514,69266,SXE',NYSE,36.71,36.71,8984,0,Stanley Associates Inc,0,0,0
20100517,69266,SXE',NYSE,36.68,36.68,4335,0,Stanley Associates Inc,0,0,0
20100518,69266,SXE',NYSE,36.65,36.65,5850,0,Stanley Associates Inc,0,0,0
20100519,69266,SXE',NYSE,36.56,36.56,4591,0,Stanley Associates Inc,0,0,0
20100520,69266,SXE',NYSE,36.58,36.58,8214,0,Stanley Associates Inc,0,0,0
20100521,69266,SXE',NYSE,36.75,36.75,7418,0,Stanley Associates Inc,0,0,0
20100524,69266,SXE',NYSE,36.66,36.66,2490,0,Stanley Associates Inc,0,0,0
20100525,69266,SXE',NYSE,36.67,36.67,7812,0,Stanley Associates Inc,0,0,0
20100526,69266,SXE',NYSE,36.82,36.82,3172,0,Stanley Associates Inc,0,0,0
20100527,69266,SXE',NYSE,36.9,36.9,5390,0,Stanley Associates Inc,0,0,0
20100528,69266,SXE',NYSE,36.94,36.94,2557,0,Stanley Associates Inc,0,0,0
20100601,69266,SXE',NYSE,37.01,37.01,3728,0,Stanley Associates Inc,0,0,0
20100602,69266,SXE',NYSE,37.15,37.15,2489,0,Stanley Associates Inc,0,0,0
20100603,69266,SXE',NYSE,37.15,37.15,1158,0,Stanley Associates Inc,0,0,0
20100604,69266,SXE',NYSE,37.17,37.17,2340,0,Stanley Associates Inc,0,0,0
20100607,69266,SXE',NYSE,37.12,37.12,1564,0,Stanley Associates Inc,0,0,0
20100608,69266,SXE',NYSE,37.25,37.25,884,0,Stanley Associates Inc,0,0,0
20100609,69266,SXE',NYSE,37.03,37.03,1560,0,Stanley Associates Inc,0,0,0
20100610,69266,SXE',NYSE,37.26,37.26,1695,0,Stanley Associates Inc,0,0,0
20100611,69266,SXE',NYSE,37.19,37.19,1482,0,Stanley Associates Inc,0,0,0
20100614,69266,SXE',NYSE,37.15,37.15,1121,0,Stanley Associates Inc,0,0,0
20100615,69266,SXE',NYSE,37.28,37.28,1362,0,Stanley Associates Inc,0,0,0
20100616,69266,SXE',NYSE,37.18,37.18,1097,0,Stanley Associates Inc,0,0,0
20100617,69266,SXE',NYSE,37.29,37.29,1152,0,Stanley Associates Inc,0,0,0
20100618,69266,SXE',NYSE,37.25,37.25,2289,0,Stanley Associates Inc,0,0,0
20100621,69266,SXE',NYSE,37.35,37.35,764,0,Stanley Associates Inc,0,0,0
20100622,69266,SXE',NYSE,37.29,37.29,1259,0,Stanley Associates Inc,0,0,0
20100623,69266,SXE',NYSE,37.3,37.3,755,0,Stanley Associates Inc,0,0,0
20100624,69266,SXE',NYSE,37.27,37.27,881,0,Stanley Associates Inc,0,0,0
20100625,69266,SXE',NYSE,37.4,37.4,1620,0,Stanley Associates Inc,0,0,0
20100628,69266,SXE',NYSE,37.36,37.36,1560,0,Stanley Associates Inc,0,0,0
20100629,69266,SXE',NYSE,37.37,37.37,3491,0,Stanley Associates Inc,0,0,0
20100630,69266,SXE',NYSE,37.38,37.38,1753,0,Stanley Associates Inc,0,0,0
20100701,69266,SXE',NYSE,37.39,37.39,805,0,Stanley Associates Inc,0,0,0
20100702,69266,SXE',NYSE,37.42,37.42,615,0,Stanley Associates Inc,0,0,0
20100706,69266,SXE',NYSE,37.47,37.47,989,0,Stanley Associates Inc,0,0,0
20100707,69266,SXE',NYSE,37.41,37.41,1252,0,Stanley Associates Inc,0,0,0
20100708,69266,SXE',NYSE,37.47,37.47,1498,0,Stanley Associates Inc,0,0,0
20100709,69266,SXE',NYSE,37.44,37.44,555,0,Stanley Associates Inc,0,0,0
20100712,69266,SXE',NYSE,37.42,37.42,535,0,Stanley Associates Inc,0,0,0
20100713,69266,SXE',NYSE,37.38,37.38,495,0,Stanley Associates Inc,0,0,0
20100714,69266,SXE',NYSE,37.41,37.41,563,0,Stanley Associates Inc,0,0,0
20100715,69266,SXE',NYSE,37.41,37.41,691,0,Stanley Associates Inc,0,0,0
20100716,69266,SXE',NYSE,37.4,37.4,752,0,Stanley Associates Inc,0,0,0
20100719,69266,SXE',NYSE,37.38,37.38,442,0,Stanley Associates Inc,0,0,0
20100720,69266,SXE',NYSE,37.4,37.4,613,0,Stanley Associates Inc,0,0,0
20100721,69266,SXE',NYSE,37.43,37.43,843,0,Stanley Associates Inc,0,0,0
20100722,69266,SXE',NYSE,37.39,37.39,586,0,Stanley Associates Inc,0,0,0
20100723,69266,SXE',NYSE,37.4,37.4,647,0,Stanley Associates Inc,0,0,0
20100726,69266,SXE',NYSE,37.41,37.41,828,0,Stanley Associates Inc,0,0,0
20100727,69266,SXE',NYSE,37.39,37.39,948,0,Stanley Associates Inc,0,0,0
20100728,69266,SXE',NYSE,37.38,37.38,1924,0,Stanley Associates Inc,0,0,0
20100729,69266,SXE',NYSE,37.34,37.34,2992,0,Stanley Associates Inc,0,0,0
20100730,69266,SXE',NYSE,37.35,37.35,1651,0,Stanley Associates Inc,0,0,0
20100802,69266,SXE',NYSE,37.35,37.35,1186,0,Stanley Associates Inc,0,0,0
20100803,69266,SXE',NYSE,37.46,37.46,1567,0,Stanley Associates Inc,0,0,0
20100804,69266,SXE',NYSE,37.47,37.47,2947,0,Stanley Associates Inc,0,0,0
20100805,69266,SXE',NYSE,37.49,37.49,1466,0,Stanley Associates Inc,0,0,0
20100806,69266,SXE',NYSE,37.48,37.48,1662,0,Stanley Associates Inc,0,0,0
20100809,69266,SXE',NYSE,37.47,37.47,554,0,Stanley Associates Inc,0,0,0
20100810,69266,SXE',NYSE,37.49,37.49,1261,0,Stanley Associates Inc,0,0,0
20100811,69266,SXE',NYSE,37.49,37.49,724,0,Stanley Associates Inc,0,0,0
20100812,69266,SXE',NYSE,37.51,37.51,1016,0,Stanley Associates Inc,0,0,0
20100813,69266,SXE',NYSE,37.5,37.5,1303,0,Stanley Associates Inc,0,0,0
20100816,69266,SXE',NYSE,37.47,37.47,3220,0,Stanley Associates Inc,0,0,0
20100817,69266,SXE',NYSE,37.51,37.51,2209,0,Stanley Associates Inc,0,0,0
