DDate,CSINumber,Symbol,Exchange,DClose,UnAdjustedClose,TotalVolume,Cash,MarketName,PTB,PSR,DPS
20070409,69388,HHG',NYSE,26.33,26.33,1,0,Healthshares Infectious Disease Exchange,0,0,0
20070410,69388,HHG',NYSE,26.33,26.33,0,0,Healthshares Infectious Disease Exchange,0,0,0
20070411,69388,HHG',NYSE,26.4,26.4,4,0,Healthshares Infectious Disease Exchange,0,0,0
20070412,69388,HHG',NYSE,26.74,26.74,8,0,Healthshares Infectious Disease Exchange,0,0,0
20070413,69388,HHG',NYSE,26.74,26.74,0,0,Healthshares Infectious Disease Exchange,0,0,0
20070416,69388,HHG',NYSE,26.74,26.74,0,0,Healthshares Infectious Disease Exchange,0,0,0
20070417,69388,HHG',NYSE,26.74,26.74,0,0,Healthshares Infectious Disease Exchange,0,0,0
20070418,69388,HHG',NYSE,26.74,26.74,0,0,Healthshares Infectious Disease Exchange,0,0,0
20070419,69388,HHG',NYSE,26.74,26.74,0,0,Healthshares Infectious Disease Exchange,0,0,0
20070420,69388,HHG',NYSE,26.74,26.74,0,0,Healthshares Infectious Disease Exchange,0,0,0
20070423,69388,HHG',NYSE,27.34,27.34,1,0,Healthshares Infectious Disease Exchange,0,0,0
20070424,69388,HHG',NYSE,27.35,27.35,1,0,Healthshares Infectious Disease Exchange,0,0,0
20070425,69388,HHG',NYSE,27.35,27.35,0,0,Healthshares Infectious Disease Exchange,0,0,0
20070426,69388,HHG',NYSE,27.35,27.35,0,0,Healthshares Infectious Disease Exchange,0,0,0
20070427,69388,HHG',NYSE,27.35,27.35,0,0,Healthshares Infectious Disease Exchange,0,0,0
20070430,69388,HHG',NYSE,27.35,27.35,0,0,Healthshares Infectious Disease Exchange,0,0,0
20070501,69388,HHG',NYSE,27.35,27.35,0,0,Healthshares Infectious Disease Exchange,0,0,0
20070502,69388,HHG',NYSE,27.45,27.45,3,0,Healthshares Infectious Disease Exchange,0,0,0
20070503,69388,HHG',NYSE,27.45,27.45,0,0,Healthshares Infectious Disease Exchange,0,0,0
20070504,69388,HHG',NYSE,27.16,27.16,3,0,Healthshares Infectious Disease Exchange,0,0,0
20070507,69388,HHG',NYSE,27.16,27.16,0,0,Healthshares Infectious Disease Exchange,0,0,0
20070508,69388,HHG',NYSE,27.16,27.16,0,0,Healthshares Infectious Disease Exchange,0,0,0
20070509,69388,HHG',NYSE,27.16,27.16,0,0,Healthshares Infectious Disease Exchange,0,0,0
20070510,69388,HHG',NYSE,27.16,27.16,0,0,Healthshares Infectious Disease Exchange,0,0,0
20070511,69388,HHG',NYSE,27.16,27.16,0,0,Healthshares Infectious Disease Exchange,0,0,0
20070514,69388,HHG',NYSE,27.16,27.16,0,0,Healthshares Infectious Disease Exchange,0,0,0
20070515,69388,HHG',NYSE,26.45,26.45,2,0,Healthshares Infectious Disease Exchange,0,0,0
20070516,69388,HHG',NYSE,26.39,26.39,1,0,Healthshares Infectious Disease Exchange,0,0,0
20070517,69388,HHG',NYSE,26.39,26.39,0,0,Healthshares Infectious Disease Exchange,0,0,0
20070518,69388,HHG',NYSE,26.62,26.62,2,0,Healthshares Infectious Disease Exchange,0,0,0
20070521,69388,HHG',NYSE,26.62,26.62,0,0,Healthshares Infectious Disease Exchange,0,0,0
20070522,69388,HHG',NYSE,27.2,27.2,3,0,Healthshares Infectious Disease Exchange,0,0,0
20070523,69388,HHG',NYSE,27.2,27.2,0,0,Healthshares Infectious Disease Exchange,0,0,0
20070524,69388,HHG',NYSE,27.2,27.2,0,0,Healthshares Infectious Disease Exchange,0,0,0
20070525,69388,HHG',NYSE,27.2,27.2,0,0,Healthshares Infectious Disease Exchange,0,0,0
20070529,69388,HHG',NYSE,27.2,27.2,0,0,Healthshares Infectious Disease Exchange,0,0,0
20070530,69388,HHG',NYSE,26.66,26.66,16,0,Healthshares Infectious Disease Exchange,0,0,0
20070531,69388,HHG',NYSE,26.78,26.78,1,0,Healthshares Infectious Disease Exchange,0,0,0
20070601,69388,HHG',NYSE,26.67,26.67,15,0,Healthshares Infectious Disease Exchange,0,0,0
20070604,69388,HHG',NYSE,26.67,26.67,0,0,Healthshares Infectious Disease Exchange,0,0,0
20070605,69388,HHG',NYSE,26.67,26.67,0,0,Healthshares Infectious Disease Exchange,0,0,0
20070606,69388,HHG',NYSE,26.67,26.67,0,0,Healthshares Infectious Disease Exchange,0,0,0
20070607,69388,HHG',NYSE,25.69,25.69,4,0,Healthshares Infectious Disease Exchange,0,0,0
20070608,69388,HHG',NYSE,25.69,25.69,0,0,Healthshares Infectious Disease Exchange,0,0,0
20070611,69388,HHG',NYSE,25.69,25.69,0,0,Healthshares Infectious Disease Exchange,0,0,0
20070612,69388,HHG',NYSE,25.69,25.69,0,0,Healthshares Infectious Disease Exchange,0,0,0
20070613,69388,HHG',NYSE,25.69,25.69,0,0,Healthshares Infectious Disease Exchange,0,0,0
20070614,69388,HHG',NYSE,25.69,25.69,0,0,Healthshares Infectious Disease Exchange,0,0,0
20070615,69388,HHG',NYSE,25.69,25.69,0,0,Healthshares Infectious Disease Exchange,0,0,0
20070618,69388,HHG',NYSE,25.69,25.69,0,0,Healthshares Infectious Disease Exchange,0,0,0
20070619,69388,HHG',NYSE,25.45,25.45,1,0,Healthshares Infectious Disease Exchange,0,0,0
20070620,69388,HHG',NYSE,25.45,25.45,0,0,Healthshares Infectious Disease Exchange,0,0,0
20070621,69388,HHG',NYSE,25.45,25.45,0,0,Healthshares Infectious Disease Exchange,0,0,0
20070622,69388,HHG',NYSE,25.45,25.45,0,0,Healthshares Infectious Disease Exchange,0,0,0
20070625,69388,HHG',NYSE,25.45,25.45,0,0,Healthshares Infectious Disease Exchange,0,0,0
20070626,69388,HHG',NYSE,25.45,25.45,0,0,Healthshares Infectious Disease Exchange,0,0,0
20070627,69388,HHG',NYSE,25.45,25.45,0,0,Healthshares Infectious Disease Exchange,0,0,0
20070628,69388,HHG',NYSE,25.45,25.45,0,0,Healthshares Infectious Disease Exchange,0,0,0
20070629,69388,HHG',NYSE,25.45,25.45,0,0,Healthshares Infectious Disease Exchange,0,0,0
20070702,69388,HHG',NYSE,25.45,25.45,0,0,Healthshares Infectious Disease Exchange,0,0,0
20070703,69388,HHG',NYSE,25.45,25.45,0,0,Healthshares Infectious Disease Exchange,0,0,0
20070705,69388,HHG',NYSE,25.45,25.45,0,0,Healthshares Infectious Disease Exchange,0,0,0
20070706,69388,HHG',NYSE,25.45,25.45,0,0,Healthshares Infectious Disease Exchange,0,0,0
20070709,69388,HHG',NYSE,25.45,25.45,0,0,Healthshares Infectious Disease Exchange,0,0,0
20070710,69388,HHG',NYSE,25.45,25.45,0,0,Healthshares Infectious Disease Exchange,0,0,0
20070711,69388,HHG',NYSE,25.45,25.45,0,0,Healthshares Infectious Disease Exchange,0,0,0
20070712,69388,HHG',NYSE,25.14,25.14,1,0,Healthshares Infectious Disease Exchange,0,0,0
20070713,69388,HHG',NYSE,25.14,25.14,0,0,Healthshares Infectious Disease Exchange,0,0,0
20070716,69388,HHG',NYSE,25.14,25.14,0,0,Healthshares Infectious Disease Exchange,0,0,0
20070717,69388,HHG',NYSE,24.59,24.59,297,0,Healthshares Infectious Disease Exchange,0,0,0
20070718,69388,HHG',NYSE,24.59,24.59,0,0,Healthshares Infectious Disease Exchange,0,0,0
20070719,69388,HHG',NYSE,24.59,24.59,0,0,Healthshares Infectious Disease Exchange,0,0,0
20070720,69388,HHG',NYSE,24.46,24.46,27,0,Healthshares Infectious Disease Exchange,0,0,0
20070723,69388,HHG',NYSE,24.46,24.46,0,0,Healthshares Infectious Disease Exchange,0,0,0
20070724,69388,HHG',NYSE,24.05,24.05,10,0,Healthshares Infectious Disease Exchange,0,0,0
20070725,69388,HHG',NYSE,23.97,23.97,27,0,Healthshares Infectious Disease Exchange,0,0,0
20070726,69388,HHG',NYSE,23.97,23.97,0,0,Healthshares Infectious Disease Exchange,0,0,0
20070727,69388,HHG',NYSE,23.97,23.97,0,0,Healthshares Infectious Disease Exchange,0,0,0
20070730,69388,HHG',NYSE,22.75,22.75,1,0,Healthshares Infectious Disease Exchange,0,0,0
20070731,69388,HHG',NYSE,22.75,22.75,0,0,Healthshares Infectious Disease Exchange,0,0,0
20070801,69388,HHG',NYSE,22.78,22.78,3,0,Healthshares Infectious Disease Exchange,0,0,0
20070802,69388,HHG',NYSE,22.78,22.78,0,0,Healthshares Infectious Disease Exchange,0,0,0
20070803,69388,HHG',NYSE,22.78,22.78,0,0,Healthshares Infectious Disease Exchange,0,0,0
20070806,69388,HHG',NYSE,22.78,22.78,0,0,Healthshares Infectious Disease Exchange,0,0,0
20070807,69388,HHG',NYSE,23.3,23.3,1,0,Healthshares Infectious Disease Exchange,0,0,0
20070808,69388,HHG',NYSE,23.3,23.3,0,0,Healthshares Infectious Disease Exchange,0,0,0
20070809,69388,HHG',NYSE,23.3,23.3,0,0,Healthshares Infectious Disease Exchange,0,0,0
20070810,69388,HHG',NYSE,23.3,23.3,0,0,Healthshares Infectious Disease Exchange,0,0,0
20070813,69388,HHG',NYSE,23.3,23.3,0,0,Healthshares Infectious Disease Exchange,0,0,0
20070814,69388,HHG',NYSE,23.3,23.3,0,0,Healthshares Infectious Disease Exchange,0,0,0
20070815,69388,HHG',NYSE,23.3,23.3,0,0,Healthshares Infectious Disease Exchange,0,0,0
20070816,69388,HHG',NYSE,23.3,23.3,0,0,Healthshares Infectious Disease Exchange,0,0,0
20070817,69388,HHG',NYSE,23.3,23.3,0,0,Healthshares Infectious Disease Exchange,0,0,0
20070820,69388,HHG',NYSE,22.61,22.61,1,0,Healthshares Infectious Disease Exchange,0,0,0
20070821,69388,HHG',NYSE,22.81,22.81,2,0,Healthshares Infectious Disease Exchange,0,0,0
20070822,69388,HHG',NYSE,22.81,22.81,0,0,Healthshares Infectious Disease Exchange,0,0,0
20070823,69388,HHG',NYSE,22.96,22.96,1,0,Healthshares Infectious Disease Exchange,0,0,0
20070824,69388,HHG',NYSE,22.96,22.96,0,0,Healthshares Infectious Disease Exchange,0,0,0
20070827,69388,HHG',NYSE,23,23,2,0,Healthshares Infectious Disease Exchange,0,0,0
20070828,69388,HHG',NYSE,22.28,22.28,2,0,Healthshares Infectious Disease Exchange,0,0,0
20070829,69388,HHG',NYSE,22.28,22.28,0,0,Healthshares Infectious Disease Exchange,0,0,0
20070830,69388,HHG',NYSE,22.28,22.28,0,0,Healthshares Infectious Disease Exchange,0,0,0
20070831,69388,HHG',NYSE,22.28,22.28,0,0,Healthshares Infectious Disease Exchange,0,0,0
20070904,69388,HHG',NYSE,22.28,22.28,0,0,Healthshares Infectious Disease Exchange,0,0,0
20070905,69388,HHG',NYSE,22.28,22.28,0,0,Healthshares Infectious Disease Exchange,0,0,0
20070906,69388,HHG',NYSE,22.28,22.28,0,0,Healthshares Infectious Disease Exchange,0,0,0
20070907,69388,HHG',NYSE,22.28,22.28,0,0,Healthshares Infectious Disease Exchange,0,0,0
20070910,69388,HHG',NYSE,22.28,22.28,0,0,Healthshares Infectious Disease Exchange,0,0,0
20070911,69388,HHG',NYSE,22.28,22.28,0,0,Healthshares Infectious Disease Exchange,0,0,0
20070912,69388,HHG',NYSE,22.28,22.28,0,0,Healthshares Infectious Disease Exchange,0,0,0
20070913,69388,HHG',NYSE,22.28,22.28,0,0,Healthshares Infectious Disease Exchange,0,0,0
20070914,69388,HHG',NYSE,22.28,22.28,0,0,Healthshares Infectious Disease Exchange,0,0,0
20070917,69388,HHG',NYSE,21.85,21.85,3,0,Healthshares Infectious Disease Exchange,0,0,0
20070918,69388,HHG',NYSE,22.31,22.31,3,0,Healthshares Infectious Disease Exchange,0,0,0
20070919,69388,HHG',NYSE,22.31,22.31,0,0,Healthshares Infectious Disease Exchange,0,0,0
20070920,69388,HHG',NYSE,22.23,22.23,2,0,Healthshares Infectious Disease Exchange,0,0,0
20070921,69388,HHG',NYSE,22.23,22.23,0,0,Healthshares Infectious Disease Exchange,0,0,0
20070924,69388,HHG',NYSE,22.23,22.23,0,0,Healthshares Infectious Disease Exchange,0,0,0
20070925,69388,HHG',NYSE,22.23,22.23,0,0,Healthshares Infectious Disease Exchange,0,0,0
20070926,69388,HHG',NYSE,22.37,22.37,5,0,Healthshares Infectious Disease Exchange,0,0,0
20070927,69388,HHG',NYSE,22.21,22.21,56,0,Healthshares Infectious Disease Exchange,0,0,0
20070928,69388,HHG',NYSE,22.21,22.21,0,0,Healthshares Infectious Disease Exchange,0,0,0
20071001,69388,HHG',NYSE,22.22,22.22,1,0,Healthshares Infectious Disease Exchange,0,0,0
20071002,69388,HHG',NYSE,22.3,22.3,56,0,Healthshares Infectious Disease Exchange,0,0,0
20071003,69388,HHG',NYSE,22.19,22.19,10,0,Healthshares Infectious Disease Exchange,0,0,0
20071004,69388,HHG',NYSE,22.23,22.23,2,0,Healthshares Infectious Disease Exchange,0,0,0
20071005,69388,HHG',NYSE,22.11,22.11,11,0,Healthshares Infectious Disease Exchange,0,0,0
20071008,69388,HHG',NYSE,22.11,22.11,1,0,Healthshares Infectious Disease Exchange,0,0,0
20071009,69388,HHG',NYSE,22.11,22.11,0,0,Healthshares Infectious Disease Exchange,0,0,0
20071010,69388,HHG',NYSE,22.01,22.01,1,0,Healthshares Infectious Disease Exchange,0,0,0
20071011,69388,HHG',NYSE,22.01,22.01,0,0,Healthshares Infectious Disease Exchange,0,0,0
20071012,69388,HHG',NYSE,22.02,22.02,2,0,Healthshares Infectious Disease Exchange,0,0,0
20071015,69388,HHG',NYSE,22.02,22.02,0,0,Healthshares Infectious Disease Exchange,0,0,0
20071016,69388,HHG',NYSE,22.02,22.02,0,0,Healthshares Infectious Disease Exchange,0,0,0
20071017,69388,HHG',NYSE,22.02,22.02,0,0,Healthshares Infectious Disease Exchange,0,0,0
20071018,69388,HHG',NYSE,21.49,21.49,2,0,Healthshares Infectious Disease Exchange,0,0,0
20071019,69388,HHG',NYSE,21.07,21.07,5,0,Healthshares Infectious Disease Exchange,0,0,0
20071022,69388,HHG',NYSE,21.07,21.07,0,0,Healthshares Infectious Disease Exchange,0,0,0
20071023,69388,HHG',NYSE,21.11,21.11,12,0,Healthshares Infectious Disease Exchange,0,0,0
20071024,69388,HHG',NYSE,21.08,21.08,51,0,Healthshares Infectious Disease Exchange,0,0,0
20071025,69388,HHG',NYSE,21.24,21.24,29,0,Healthshares Infectious Disease Exchange,0,0,0
20071026,69388,HHG',NYSE,20.99,20.99,13,0,Healthshares Infectious Disease Exchange,0,0,0
20071029,69388,HHG',NYSE,20.99,20.99,0,0,Healthshares Infectious Disease Exchange,0,0,0
20071030,69388,HHG',NYSE,20.94,20.94,1,0,Healthshares Infectious Disease Exchange,0,0,0
20071031,69388,HHG',NYSE,20.94,20.94,0,0,Healthshares Infectious Disease Exchange,0,0,0
20071101,69388,HHG',NYSE,20.94,20.94,0,0,Healthshares Infectious Disease Exchange,0,0,0
20071102,69388,HHG',NYSE,20.35,20.35,1,0,Healthshares Infectious Disease Exchange,0,0,0
20071105,69388,HHG',NYSE,19.88,19.88,2,0,Healthshares Infectious Disease Exchange,0,0,0
20071106,69388,HHG',NYSE,19.92,19.92,2,0,Healthshares Infectious Disease Exchange,0,0,0
20071107,69388,HHG',NYSE,19.91,19.91,3,0,Healthshares Infectious Disease Exchange,0,0,0
20071108,69388,HHG',NYSE,19.62,19.62,14,0,Healthshares Infectious Disease Exchange,0,0,0
20071109,69388,HHG',NYSE,19.2,19.2,19,0,Healthshares Infectious Disease Exchange,0,0,0
20071112,69388,HHG',NYSE,19.2,19.2,0,0,Healthshares Infectious Disease Exchange,0,0,0
20071113,69388,HHG',NYSE,19.57,19.57,115,0,Healthshares Infectious Disease Exchange,0,0,0
20071114,69388,HHG',NYSE,19.44,19.44,6,0,Healthshares Infectious Disease Exchange,0,0,0
20071115,69388,HHG',NYSE,19.65,19.65,1,0,Healthshares Infectious Disease Exchange,0,0,0
20071116,69388,HHG',NYSE,19.65,19.65,0,0,Healthshares Infectious Disease Exchange,0,0,0
20071119,69388,HHG',NYSE,19.65,19.65,0,0,Healthshares Infectious Disease Exchange,0,0,0
20071120,69388,HHG',NYSE,18.9,18.9,12,0,Healthshares Infectious Disease Exchange,0,0,0
20071121,69388,HHG',NYSE,18.89,18.89,5,0,Healthshares Infectious Disease Exchange,0,0,0
20071123,69388,HHG',NYSE,18.89,18.89,0,0,Healthshares Infectious Disease Exchange,0,0,0
20071126,69388,HHG',NYSE,18.93,18.93,1,0,Healthshares Infectious Disease Exchange,0,0,0
20071127,69388,HHG',NYSE,18.93,18.93,0,0,Healthshares Infectious Disease Exchange,0,0,0
20071128,69388,HHG',NYSE,18.93,18.93,0,0,Healthshares Infectious Disease Exchange,0,0,0
20071129,69388,HHG',NYSE,18.93,18.93,0,0,Healthshares Infectious Disease Exchange,0,0,0
20071130,69388,HHG',NYSE,20,20,2,0,Healthshares Infectious Disease Exchange,0,0,0
20071203,69388,HHG',NYSE,19.64,19.64,4,0,Healthshares Infectious Disease Exchange,0,0,0
20071204,69388,HHG',NYSE,19.46,19.46,1,0,Healthshares Infectious Disease Exchange,0,0,0
20071205,69388,HHG',NYSE,19.57,19.57,20,0,Healthshares Infectious Disease Exchange,0,0,0
20071206,69388,HHG',NYSE,19.57,19.57,0,0,Healthshares Infectious Disease Exchange,0,0,0
20071207,69388,HHG',NYSE,19.57,19.57,0,0,Healthshares Infectious Disease Exchange,0,0,0
20071210,69388,HHG',NYSE,19.57,19.57,0,0,Healthshares Infectious Disease Exchange,0,0,0
20071211,69388,HHG',NYSE,19.57,19.57,0,0,Healthshares Infectious Disease Exchange,0,0,0
20071212,69388,HHG',NYSE,19.57,19.57,0,0,Healthshares Infectious Disease Exchange,0,0,0
20071213,69388,HHG',NYSE,19.57,19.57,0,0,Healthshares Infectious Disease Exchange,0,0,0
20071214,69388,HHG',NYSE,19.57,19.57,0,0,Healthshares Infectious Disease Exchange,0,0,0
20071217,69388,HHG',NYSE,19.64,19.64,4,0,Healthshares Infectious Disease Exchange,0,0,0
20071218,69388,HHG',NYSE,19.54,19.54,40,0,Healthshares Infectious Disease Exchange,0,0,0
20071219,69388,HHG',NYSE,19.54,19.54,0,0,Healthshares Infectious Disease Exchange,0,0,0
20071220,69388,HHG',NYSE,19.54,19.54,0,0,Healthshares Infectious Disease Exchange,0,0,0
20071221,69388,HHG',NYSE,19.51,19.51,4,0,Healthshares Infectious Disease Exchange,0,0,0
20071224,69388,HHG',NYSE,19.51,19.51,0,0,Healthshares Infectious Disease Exchange,0,0,0
20071226,69388,HHG',NYSE,19.51,19.51,0,0,Healthshares Infectious Disease Exchange,0,0,0
20071227,69388,HHG',NYSE,19.51,19.51,0,0,Healthshares Infectious Disease Exchange,0,0,0
20071228,69388,HHG',NYSE,19.51,19.51,0,0,Healthshares Infectious Disease Exchange,0,0,0
20071231,69388,HHG',NYSE,19.51,19.51,0,0,Healthshares Infectious Disease Exchange,0,0,0
20080102,69388,HHG',NYSE,19.51,19.51,0,0,Healthshares Infectious Disease Exchange,0,0,0
20080103,69388,HHG',NYSE,19.12,19.12,11,0,Healthshares Infectious Disease Exchange,0,0,0
20080104,69388,HHG',NYSE,18.97,18.97,20,0,Healthshares Infectious Disease Exchange,0,0,0
20080107,69388,HHG',NYSE,18.87,18.87,10,0,Healthshares Infectious Disease Exchange,0,0,0
20080108,69388,HHG',NYSE,19.07,19.07,40,0,Healthshares Infectious Disease Exchange,0,0,0
20080109,69388,HHG',NYSE,19.07,19.07,0,0,Healthshares Infectious Disease Exchange,0,0,0
20080110,69388,HHG',NYSE,19.78,19.78,42,0,Healthshares Infectious Disease Exchange,0,0,0
20080111,69388,HHG',NYSE,19.97,19.97,4,0,Healthshares Infectious Disease Exchange,0,0,0
20080114,69388,HHG',NYSE,20.15,20.15,59,0,Healthshares Infectious Disease Exchange,0,0,0
20080115,69388,HHG',NYSE,19.75,19.75,49,0,Healthshares Infectious Disease Exchange,0,0,0
20080116,69388,HHG',NYSE,19.81,19.81,15,0,Healthshares Infectious Disease Exchange,0,0,0
20080117,69388,HHG',NYSE,19.56,19.56,10,0,Healthshares Infectious Disease Exchange,0,0,0
20080118,69388,HHG',NYSE,19.28,19.28,30,0,Healthshares Infectious Disease Exchange,0,0,0
20080122,69388,HHG',NYSE,19.28,19.28,0,0,Healthshares Infectious Disease Exchange,0,0,0
20080123,69388,HHG',NYSE,19.28,19.28,0,0,Healthshares Infectious Disease Exchange,0,0,0
20080124,69388,HHG',NYSE,19.28,19.28,0,0,Healthshares Infectious Disease Exchange,0,0,0
20080125,69388,HHG',NYSE,19.28,19.28,0,0,Healthshares Infectious Disease Exchange,0,0,0
20080128,69388,HHG',NYSE,19.28,19.28,0,0,Healthshares Infectious Disease Exchange,0,0,0
20080129,69388,HHG',NYSE,19.28,19.28,0,0,Healthshares Infectious Disease Exchange,0,0,0
20080130,69388,HHG',NYSE,19.28,19.28,0,0,Healthshares Infectious Disease Exchange,0,0,0
20080131,69388,HHG',NYSE,18.51,18.51,4,0,Healthshares Infectious Disease Exchange,0,0,0
20080201,69388,HHG',NYSE,18.73,18.73,10,0,Healthshares Infectious Disease Exchange,0,0,0
20080204,69388,HHG',NYSE,18.87,18.87,30,0,Healthshares Infectious Disease Exchange,0,0,0
20080205,69388,HHG',NYSE,18.55,18.55,21,0,Healthshares Infectious Disease Exchange,0,0,0
20080206,69388,HHG',NYSE,18.21,18.21,30,0,Healthshares Infectious Disease Exchange,0,0,0
20080207,69388,HHG',NYSE,18.14,18.14,60,0,Healthshares Infectious Disease Exchange,0,0,0
20080208,69388,HHG',NYSE,18.06,18.06,5,0,Healthshares Infectious Disease Exchange,0,0,0
20080211,69388,HHG',NYSE,18.07,18.07,2,0,Healthshares Infectious Disease Exchange,0,0,0
20080212,69388,HHG',NYSE,18.39,18.39,60,0,Healthshares Infectious Disease Exchange,0,0,0
20080213,69388,HHG',NYSE,18.68,18.68,30,0,Healthshares Infectious Disease Exchange,0,0,0
20080214,69388,HHG',NYSE,18.68,18.68,0,0,Healthshares Infectious Disease Exchange,0,0,0
20080215,69388,HHG',NYSE,18.68,18.68,0,0,Healthshares Infectious Disease Exchange,0,0,0
20080219,69388,HHG',NYSE,18.68,18.68,83,0,Healthshares Infectious Disease Exchange,0,0,0
20080220,69388,HHG',NYSE,18.68,18.68,0,0,Healthshares Infectious Disease Exchange,0,0,0
20080221,69388,HHG',NYSE,18.68,18.68,0,0,Healthshares Infectious Disease Exchange,0,0,0
20080222,69388,HHG',NYSE,18.68,18.68,0,0,Healthshares Infectious Disease Exchange,0,0,0
20080225,69388,HHG',NYSE,18.68,18.68,0,0,Healthshares Infectious Disease Exchange,0,0,0
20080226,69388,HHG',NYSE,18.68,18.68,0,0,Healthshares Infectious Disease Exchange,0,0,0
20080227,69388,HHG',NYSE,18.85,18.85,2,0,Healthshares Infectious Disease Exchange,0,0,0
20080228,69388,HHG',NYSE,18.85,18.85,0,0,Healthshares Infectious Disease Exchange,0,0,0
20080229,69388,HHG',NYSE,18.85,18.85,0,0,Healthshares Infectious Disease Exchange,0,0,0
20080303,69388,HHG',NYSE,18.44,18.44,31,0,Healthshares Infectious Disease Exchange,0,0,0
20080304,69388,HHG',NYSE,18.34,18.34,153,0,Healthshares Infectious Disease Exchange,0,0,0
20080305,69388,HHG',NYSE,18.14,18.14,325,0,Healthshares Infectious Disease Exchange,0,0,0
20080306,69388,HHG',NYSE,18.14,18.14,0,0,Healthshares Infectious Disease Exchange,0,0,0
20080307,69388,HHG',NYSE,18.14,18.14,0,0,Healthshares Infectious Disease Exchange,0,0,0
20080310,69388,HHG',NYSE,16.63,16.63,74,0,Healthshares Infectious Disease Exchange,0,0,0
20080311,69388,HHG',NYSE,17.19,17.19,70,0,Healthshares Infectious Disease Exchange,0,0,0
20080312,69388,HHG',NYSE,17.5,17.5,2,0,Healthshares Infectious Disease Exchange,0,0,0
20080313,69388,HHG',NYSE,17.07,17.07,3,0,Healthshares Infectious Disease Exchange,0,0,0
20080314,69388,HHG',NYSE,17.2,17.2,10,0,Healthshares Infectious Disease Exchange,0,0,0
20080317,69388,HHG',NYSE,16.97,16.97,30,0,Healthshares Infectious Disease Exchange,0,0,0
20080318,69388,HHG',NYSE,16.97,16.97,0,0,Healthshares Infectious Disease Exchange,0,0,0
20080319,69388,HHG',NYSE,16.97,16.97,0,0,Healthshares Infectious Disease Exchange,0,0,0
20080320,69388,HHG',NYSE,16.87,16.87,3,0,Healthshares Infectious Disease Exchange,0,0,0
20080324,69388,HHG',NYSE,17.16,17.16,33,0,Healthshares Infectious Disease Exchange,0,0,0
20080325,69388,HHG',NYSE,17.16,17.16,0,0,Healthshares Infectious Disease Exchange,0,0,0
20080326,69388,HHG',NYSE,17.82,17.82,6,0,Healthshares Infectious Disease Exchange,0,0,0
20080327,69388,HHG',NYSE,18.18,18.18,1,0,Healthshares Infectious Disease Exchange,0,0,0
20080328,69388,HHG',NYSE,18.15,18.15,8,0,Healthshares Infectious Disease Exchange,0,0,0
20080331,69388,HHG',NYSE,18.15,18.15,0,0,Healthshares Infectious Disease Exchange,0,0,0
20080401,69388,HHG',NYSE,18.15,18.15,0,0,Healthshares Infectious Disease Exchange,0,0,0
20080402,69388,HHG',NYSE,18.15,18.15,0,0,Healthshares Infectious Disease Exchange,0,0,0
20080403,69388,HHG',NYSE,18.15,18.15,0,0,Healthshares Infectious Disease Exchange,0,0,0
20080404,69388,HHG',NYSE,18.15,18.15,0,0,Healthshares Infectious Disease Exchange,0,0,0
20080407,69388,HHG',NYSE,19.4,19.4,7,0,Healthshares Infectious Disease Exchange,0,0,0
20080408,69388,HHG',NYSE,19.4,19.4,0,0,Healthshares Infectious Disease Exchange,0,0,0
20080409,69388,HHG',NYSE,19.4,19.4,0,0,Healthshares Infectious Disease Exchange,0,0,0
20080410,69388,HHG',NYSE,19.4,19.4,0,0,Healthshares Infectious Disease Exchange,0,0,0
20080411,69388,HHG',NYSE,19.4,19.4,0,0,Healthshares Infectious Disease Exchange,0,0,0
20080414,69388,HHG',NYSE,19.4,19.4,0,0,Healthshares Infectious Disease Exchange,0,0,0
20080415,69388,HHG',NYSE,18.65,18.65,2,0,Healthshares Infectious Disease Exchange,0,0,0
20080416,69388,HHG',NYSE,18.65,18.65,0,0,Healthshares Infectious Disease Exchange,0,0,0
20080417,69388,HHG',NYSE,18.65,18.65,2,0,Healthshares Infectious Disease Exchange,0,0,0
20080418,69388,HHG',NYSE,18.95,18.95,1,0,Healthshares Infectious Disease Exchange,0,0,0
20080421,69388,HHG',NYSE,19.04,19.04,1,0,Healthshares Infectious Disease Exchange,0,0,0
20080422,69388,HHG',NYSE,19.04,19.04,0,0,Healthshares Infectious Disease Exchange,0,0,0
20080423,69388,HHG',NYSE,19.04,19.04,0,0,Healthshares Infectious Disease Exchange,0,0,0
20080424,69388,HHG',NYSE,19.04,19.04,0,0,Healthshares Infectious Disease Exchange,0,0,0
20080425,69388,HHG',NYSE,19.04,19.04,0,0,Healthshares Infectious Disease Exchange,0,0,0
20080428,69388,HHG',NYSE,19.61,19.61,1,0,Healthshares Infectious Disease Exchange,0,0,0
20080429,69388,HHG',NYSE,19.61,19.61,0,0,Healthshares Infectious Disease Exchange,0,0,0
20080430,69388,HHG',NYSE,19.61,19.61,0,0,Healthshares Infectious Disease Exchange,0,0,0
20080501,69388,HHG',NYSE,19.61,19.61,0,0,Healthshares Infectious Disease Exchange,0,0,0
20080502,69388,HHG',NYSE,19.47,19.47,2,0,Healthshares Infectious Disease Exchange,0,0,0
20080505,69388,HHG',NYSE,19.4,19.4,4,0,Healthshares Infectious Disease Exchange,0,0,0
20080506,69388,HHG',NYSE,19.47,19.47,5,0,Healthshares Infectious Disease Exchange,0,0,0
20080507,69388,HHG',NYSE,19,19,10,0,Healthshares Infectious Disease Exchange,0,0,0
20080508,69388,HHG',NYSE,19,19,0,0,Healthshares Infectious Disease Exchange,0,0,0
20080509,69388,HHG',NYSE,18.61,18.61,3,0,Healthshares Infectious Disease Exchange,0,0,0
20080512,69388,HHG',NYSE,18.61,18.61,0,0,Healthshares Infectious Disease Exchange,0,0,0
20080513,69388,HHG',NYSE,19.06,19.06,2,0,Healthshares Infectious Disease Exchange,0,0,0
20080514,69388,HHG',NYSE,19.06,19.06,0,0,Healthshares Infectious Disease Exchange,0,0,0
20080515,69388,HHG',NYSE,19.52,19.52,2,0,Healthshares Infectious Disease Exchange,0,0,0
20080516,69388,HHG',NYSE,19.52,19.52,0,0,Healthshares Infectious Disease Exchange,0,0,0
20080519,69388,HHG',NYSE,19.41,19.41,2,0,Healthshares Infectious Disease Exchange,0,0,0
20080520,69388,HHG',NYSE,19.41,19.41,0,0,Healthshares Infectious Disease Exchange,0,0,0
20080521,69388,HHG',NYSE,19.41,19.41,0,0,Healthshares Infectious Disease Exchange,0,0,0
20080522,69388,HHG',NYSE,19.41,19.41,0,0,Healthshares Infectious Disease Exchange,0,0,0
20080523,69388,HHG',NYSE,19.41,19.41,0,0,Healthshares Infectious Disease Exchange,0,0,0
20080527,69388,HHG',NYSE,19.09,19.09,1,0,Healthshares Infectious Disease Exchange,0,0,0
20080528,69388,HHG',NYSE,19.09,19.09,0,0,Healthshares Infectious Disease Exchange,0,0,0
20080529,69388,HHG',NYSE,19.09,19.09,0,0,Healthshares Infectious Disease Exchange,0,0,0
20080530,69388,HHG',NYSE,19.09,19.09,0,0,Healthshares Infectious Disease Exchange,0,0,0
20080602,69388,HHG',NYSE,19.09,19.09,0,0,Healthshares Infectious Disease Exchange,0,0,0
20080603,69388,HHG',NYSE,19.09,19.09,0,0,Healthshares Infectious Disease Exchange,0,0,0
20080604,69388,HHG',NYSE,20,20,5,0,Healthshares Infectious Disease Exchange,0,0,0
20080605,69388,HHG',NYSE,20,20,0,0,Healthshares Infectious Disease Exchange,0,0,0
20080606,69388,HHG',NYSE,20,20,0,0,Healthshares Infectious Disease Exchange,0,0,0
20080609,69388,HHG',NYSE,20,20,0,0,Healthshares Infectious Disease Exchange,0,0,0
20080610,69388,HHG',NYSE,20,20,0,0,Healthshares Infectious Disease Exchange,0,0,0
20080611,69388,HHG',NYSE,20,20,0,0,Healthshares Infectious Disease Exchange,0,0,0
20080612,69388,HHG',NYSE,20,20,0,0,Healthshares Infectious Disease Exchange,0,0,0
20080613,69388,HHG',NYSE,20,20,0,0,Healthshares Infectious Disease Exchange,0,0,0
20080616,69388,HHG',NYSE,20,20,0,0,Healthshares Infectious Disease Exchange,0,0,0
20080617,69388,HHG',NYSE,20.26,20.26,1,0,Healthshares Infectious Disease Exchange,0,0,0
20080618,69388,HHG',NYSE,20.26,20.26,0,0,Healthshares Infectious Disease Exchange,0,0,0
20080619,69388,HHG',NYSE,20.26,20.26,0,0,Healthshares Infectious Disease Exchange,0,0,0
20080620,69388,HHG',NYSE,19.69,19.69,1,0,Healthshares Infectious Disease Exchange,0,0,0
20080623,69388,HHG',NYSE,20.02,20.02,1,0,Healthshares Infectious Disease Exchange,0,0,0
20080624,69388,HHG',NYSE,19.41,19.41,20,0,Healthshares Infectious Disease Exchange,0,0,0
20080625,69388,HHG',NYSE,20.23,20.23,6,0,Healthshares Infectious Disease Exchange,0,0,0
20080626,69388,HHG',NYSE,20.23,20.23,0,0,Healthshares Infectious Disease Exchange,0,0,0
20080627,69388,HHG',NYSE,19.74,19.74,2,0,Healthshares Infectious Disease Exchange,0,0,0
20080630,69388,HHG',NYSE,19.74,19.74,0,0,Healthshares Infectious Disease Exchange,0,0,0
20080701,69388,HHG',NYSE,19.74,19.74,0,0,Healthshares Infectious Disease Exchange,0,0,0
20080702,69388,HHG',NYSE,19.74,19.74,0,0,Healthshares Infectious Disease Exchange,0,0,0
20080703,69388,HHG',NYSE,19.74,19.74,0,0,Healthshares Infectious Disease Exchange,0,0,0
20080707,69388,HHG',NYSE,19.74,19.74,0,0,Healthshares Infectious Disease Exchange,0,0,0
20080708,69388,HHG',NYSE,19.74,19.74,0,0,Healthshares Infectious Disease Exchange,0,0,0
20080709,69388,HHG',NYSE,20.73,20.73,1,0,Healthshares Infectious Disease Exchange,0,0,0
20080710,69388,HHG',NYSE,20.73,20.73,0,0,Healthshares Infectious Disease Exchange,0,0,0
20080711,69388,HHG',NYSE,20.55,20.55,2,0,Healthshares Infectious Disease Exchange,0,0,0
20080714,69388,HHG',NYSE,20.55,20.55,0,0,Healthshares Infectious Disease Exchange,0,0,0
20080715,69388,HHG',NYSE,20.55,20.55,0,0,Healthshares Infectious Disease Exchange,0,0,0
20080716,69388,HHG',NYSE,20.55,20.55,0,0,Healthshares Infectious Disease Exchange,0,0,0
20080717,69388,HHG',NYSE,21.05,21.05,10,0,Healthshares Infectious Disease Exchange,0,0,0
20080718,69388,HHG',NYSE,21.15,21.15,3,0,Healthshares Infectious Disease Exchange,0,0,0
20080721,69388,HHG',NYSE,21.18,21.18,227,0,Healthshares Infectious Disease Exchange,0,0,0
20080722,69388,HHG',NYSE,21.35,21.35,17,0,Healthshares Infectious Disease Exchange,0,0,0
20080723,69388,HHG',NYSE,21.21,21.21,6,0,Healthshares Infectious Disease Exchange,0,0,0
20080724,69388,HHG',NYSE,21.55,21.55,4,0,Healthshares Infectious Disease Exchange,0,0,0
20080725,69388,HHG',NYSE,21.59,21.59,5,0,Healthshares Infectious Disease Exchange,0,0,0
20080728,69388,HHG',NYSE,21.39,21.39,54,0,Healthshares Infectious Disease Exchange,0,0,0
20080729,69388,HHG',NYSE,21,21,4,0,Healthshares Infectious Disease Exchange,0,0,0
20080730,69388,HHG',NYSE,21.31,21.31,25,0,Healthshares Infectious Disease Exchange,0,0,0
20080731,69388,HHG',NYSE,21.92,21.92,7,0,Healthshares Infectious Disease Exchange,0,0,0
20080801,69388,HHG',NYSE,21.97,21.97,334,0,Healthshares Infectious Disease Exchange,0,0,0
20080804,69388,HHG',NYSE,21.64,21.64,41,0,Healthshares Infectious Disease Exchange,0,0,0
20080805,69388,HHG',NYSE,21.64,21.64,0,0,Healthshares Infectious Disease Exchange,0,0,0
20080806,69388,HHG',NYSE,21.68,21.68,18,0,Healthshares Infectious Disease Exchange,0,0,0
20080807,69388,HHG',NYSE,21.42,21.42,27,0,Healthshares Infectious Disease Exchange,0,0,0
20080808,69388,HHG',NYSE,21.66,21.66,13,0,Healthshares Infectious Disease Exchange,0,0,0
20080811,69388,HHG',NYSE,21.79,21.79,166,0,Healthshares Infectious Disease Exchange,0,0,0
20080812,69388,HHG',NYSE,21.58,21.58,2,0,Healthshares Infectious Disease Exchange,0,0,0
20080813,69388,HHG',NYSE,21.49,21.49,29,0,Healthshares Infectious Disease Exchange,0,0,0
20080814,69388,HHG',NYSE,21.88,21.88,14,0,Healthshares Infectious Disease Exchange,0,0,0
20080815,69388,HHG',NYSE,21.88,21.88,0,0,Healthshares Infectious Disease Exchange,0,0,0
20080818,69388,HHG',NYSE,21.17,21.17,25,0,Healthshares Infectious Disease Exchange,0,0,0
20080819,69388,HHG',NYSE,21.32,21.32,1,0,Healthshares Infectious Disease Exchange,0,0,0
20080820,69388,HHG',NYSE,21.17,21.17,9,0,Healthshares Infectious Disease Exchange,0,0,0
20080821,69388,HHG',NYSE,20.66,20.66,17,0,Healthshares Infectious Disease Exchange,0,0,0
20080822,69388,HHG',NYSE,21.41,21.41,49,0,Healthshares Infectious Disease Exchange,0,0,0
20080825,69388,HHG',NYSE,20.67,20.67,66,0,Healthshares Infectious Disease Exchange,0,0,0
20080826,69388,HHG',NYSE,20.67,20.67,33,0,Healthshares Infectious Disease Exchange,0,0,0
20080827,69388,HHG',NYSE,20.67,20.67,0,0,Healthshares Infectious Disease Exchange,0,0,0
20080828,69388,HHG',NYSE,20.67,20.67,0,0,Healthshares Infectious Disease Exchange,0,0,0
20080829,69388,HHG',NYSE,20.84,20.84,2,0,Healthshares Infectious Disease Exchange,0,0,0
20080902,69388,HHG',NYSE,21.42,21.42,3,0,Healthshares Infectious Disease Exchange,0,0,0
20080903,69388,HHG',NYSE,21.09,21.09,2,0,Healthshares Infectious Disease Exchange,0,0,0
20080904,69388,HHG',NYSE,21.09,21.09,0,0,Healthshares Infectious Disease Exchange,0,0,0
20080905,69388,HHG',NYSE,20.62,20.62,11,0,Healthshares Infectious Disease Exchange,0,0,0
20080908,69388,HHG',NYSE,20.84,20.84,22,0,Healthshares Infectious Disease Exchange,0,0,0
20080909,69388,HHG',NYSE,20.78,20.78,5,0,Healthshares Infectious Disease Exchange,0,0,0
20080910,69388,HHG',NYSE,20.72,20.72,3,0,Healthshares Infectious Disease Exchange,0,0,0
20080911,69388,HHG',NYSE,20.72,20.72,0,0,Healthshares Infectious Disease Exchange,0,0,0
20080912,69388,HHG',NYSE,20.17,20.17,9,0,Healthshares Infectious Disease Exchange,0,0,0
20080915,69388,HHG',NYSE,20.17,20.17,0,0,Healthshares Infectious Disease Exchange,0,0,0
20080916,69388,HHG',NYSE,20.33,20.33,3,0,Healthshares Infectious Disease Exchange,0,0,0
20080917,69388,HHG',NYSE,20.33,20.33,0,0,Healthshares Infectious Disease Exchange,0,0,0
20080918,69388,HHG',NYSE,20.33,20.33,0,0,Healthshares Infectious Disease Exchange,0,0,0
20080919,69388,HHG',NYSE,20.8,20.8,29,0,Healthshares Infectious Disease Exchange,0,0,0
20080922,69388,HHG',NYSE,20.8,20.8,0,0,Healthshares Infectious Disease Exchange,0,0,0
20080923,69388,HHG',NYSE,20.8,20.8,0,0,Healthshares Infectious Disease Exchange,0,0,0
20080924,69388,HHG',NYSE,20.8,20.8,0,0,Healthshares Infectious Disease Exchange,0,0,0
20080925,69388,HHG',NYSE,20.8,20.8,0,0,Healthshares Infectious Disease Exchange,0,0,0
20080926,69388,HHG',NYSE,20.8,20.8,0,0,Healthshares Infectious Disease Exchange,0,0,0
20080929,69388,HHG',NYSE,20.8,20.8,0,0,Healthshares Infectious Disease Exchange,0,0,0
20080930,69388,HHG',NYSE,20.8,20.8,0,0,Healthshares Infectious Disease Exchange,0,0,0
20081001,69388,HHG',NYSE,20.8,20.8,0,0,Healthshares Infectious Disease Exchange,0,0,0
20081002,69388,HHG',NYSE,20.8,20.8,0,0,Healthshares Infectious Disease Exchange,0,0,0
20081003,69388,HHG',NYSE,20.8,20.8,0,0,Healthshares Infectious Disease Exchange,0,0,0
20081006,69388,HHG',NYSE,20.8,20.8,0,0,Healthshares Infectious Disease Exchange,0,0,0
20081007,69388,HHG',NYSE,20.8,20.8,0,0,Healthshares Infectious Disease Exchange,0,0,0
20081008,69388,HHG',NYSE,20.8,20.8,0,0,Healthshares Infectious Disease Exchange,0,0,0
20081009,69388,HHG',NYSE,20.8,20.8,0,0,Healthshares Infectious Disease Exchange,0,0,0
20081010,69388,HHG',NYSE,20.8,20.8,0,0,Healthshares Infectious Disease Exchange,0,0,0
20081013,69388,HHG',NYSE,20.8,20.8,0,0,Healthshares Infectious Disease Exchange,0,0,0
20081014,69388,HHG',NYSE,20.8,20.8,0,0,Healthshares Infectious Disease Exchange,0,0,0
20081015,69388,HHG',NYSE,20.8,20.8,0,0,Healthshares Infectious Disease Exchange,0,0,0
20081016,69388,HHG',NYSE,20.8,20.8,0,0,Healthshares Infectious Disease Exchange,0,0,0
20081017,69388,HHG',NYSE,20.8,20.8,0,0,Healthshares Infectious Disease Exchange,0,0,0
20081020,69388,HHG',NYSE,20.8,20.8,0,0,Healthshares Infectious Disease Exchange,0,0,0
20081021,69388,HHG',NYSE,20.8,20.8,0,0,Healthshares Infectious Disease Exchange,0,0,0
20081022,69388,HHG',NYSE,20.8,20.8,0,0,Healthshares Infectious Disease Exchange,0,0,0
20081023,69388,HHG',NYSE,20.8,20.8,0,0,Healthshares Infectious Disease Exchange,0,0,0
20081024,69388,HHG',NYSE,20.8,20.8,0,0,Healthshares Infectious Disease Exchange,0,0,0
20081027,69388,HHG',NYSE,20.8,20.8,0,0,Healthshares Infectious Disease Exchange,0,0,0
20081028,69388,HHG',NYSE,20.8,20.8,0,0,Healthshares Infectious Disease Exchange,0,0,0
20081029,69388,HHG',NYSE,20.8,20.8,0,0,Healthshares Infectious Disease Exchange,0,0,0
20081030,69388,HHG',NYSE,20.8,20.8,0,0,Healthshares Infectious Disease Exchange,0,0,0
20081031,69388,HHG',NYSE,20.8,20.8,0,0,Healthshares Infectious Disease Exchange,0,0,0
20081103,69388,HHG',NYSE,20.8,20.8,0,0,Healthshares Infectious Disease Exchange,0,0,0
20081104,69388,HHG',NYSE,20.8,20.8,0,0,Healthshares Infectious Disease Exchange,0,0,0
20081105,69388,HHG',NYSE,20.8,20.8,0,0,Healthshares Infectious Disease Exchange,0,0,0
20081106,69388,HHG',NYSE,20.8,20.8,0,0,Healthshares Infectious Disease Exchange,0,0,0
20081107,69388,HHG',NYSE,20.8,20.8,0,0,Healthshares Infectious Disease Exchange,0,0,0
20081110,69388,HHG',NYSE,20.8,20.8,0,0,Healthshares Infectious Disease Exchange,0,0,0
20081111,69388,HHG',NYSE,20.8,20.8,0,0,Healthshares Infectious Disease Exchange,0,0,0
20081112,69388,HHG',NYSE,20.8,20.8,0,0,Healthshares Infectious Disease Exchange,0,0,0
20081113,69388,HHG',NYSE,20.8,20.8,0,0,Healthshares Infectious Disease Exchange,0,0,0
20081114,69388,HHG',NYSE,20.8,20.8,0,0,Healthshares Infectious Disease Exchange,0,0,0
20081117,69388,HHG',NYSE,20.8,20.8,0,0,Healthshares Infectious Disease Exchange,0,0,0
20081118,69388,HHG',NYSE,20.8,20.8,0,0,Healthshares Infectious Disease Exchange,0,0,0
20081119,69388,HHG',NYSE,20.8,20.8,0,0,Healthshares Infectious Disease Exchange,0,0,0
20081120,69388,HHG',NYSE,20.8,20.8,0,0,Healthshares Infectious Disease Exchange,0,0,0
20081121,69388,HHG',NYSE,20.8,20.8,0,0,Healthshares Infectious Disease Exchange,0,0,0
20081124,69388,HHG',NYSE,20.8,20.8,0,0,Healthshares Infectious Disease Exchange,0,0,0
20081125,69388,HHG',NYSE,20.8,20.8,0,0,Healthshares Infectious Disease Exchange,0,0,0
20081126,69388,HHG',NYSE,20.8,20.8,0,0,Healthshares Infectious Disease Exchange,0,0,0
20081128,69388,HHG',NYSE,20.8,20.8,0,0,Healthshares Infectious Disease Exchange,0,0,0
20081201,69388,HHG',NYSE,20.8,20.8,0,0,Healthshares Infectious Disease Exchange,0,0,0
20081202,69388,HHG',NYSE,20.8,20.8,0,0,Healthshares Infectious Disease Exchange,0,0,0
20081203,69388,HHG',NYSE,20.8,20.8,0,0,Healthshares Infectious Disease Exchange,0,0,0
20081204,69388,HHG',NYSE,20.8,20.8,0,0,Healthshares Infectious Disease Exchange,0,0,0
20081205,69388,HHG',NYSE,20.8,20.8,0,0,Healthshares Infectious Disease Exchange,0,0,0
20081208,69388,HHG',NYSE,20.8,20.8,0,0,Healthshares Infectious Disease Exchange,0,0,0
20081209,69388,HHG',NYSE,20.8,20.8,0,0,Healthshares Infectious Disease Exchange,0,0,0
20081210,69388,HHG',NYSE,20.8,20.8,0,0,Healthshares Infectious Disease Exchange,0,0,0
20081211,69388,HHG',NYSE,20.8,20.8,0,0,Healthshares Infectious Disease Exchange,0,0,0
20081212,69388,HHG',NYSE,20.8,20.8,0,0,Healthshares Infectious Disease Exchange,0,0,0
20081215,69388,HHG',NYSE,20.8,20.8,0,0,Healthshares Infectious Disease Exchange,0,0,0
20081216,69388,HHG',NYSE,20.8,20.8,0,0,Healthshares Infectious Disease Exchange,0,0,0
20081217,69388,HHG',NYSE,20.8,20.8,0,0,Healthshares Infectious Disease Exchange,0,0,0
20081218,69388,HHG',NYSE,20.8,20.8,0,0,Healthshares Infectious Disease Exchange,0,0,0
20081219,69388,HHG',NYSE,20.8,20.8,0,0,Healthshares Infectious Disease Exchange,0,0,0
20081222,69388,HHG',NYSE,20.8,20.8,0,0,Healthshares Infectious Disease Exchange,0,0,0
20081223,69388,HHG',NYSE,20.8,20.8,0,0,Healthshares Infectious Disease Exchange,0,0,0
20081224,69388,HHG',NYSE,20.8,20.8,0,0,Healthshares Infectious Disease Exchange,0,0,0
20081226,69388,HHG',NYSE,20.8,20.8,0,0,Healthshares Infectious Disease Exchange,0,0,0
20081229,69388,HHG',NYSE,20.8,20.8,0,0,Healthshares Infectious Disease Exchange,0,0,0
20081230,69388,HHG',NYSE,20.8,20.8,0,0,Healthshares Infectious Disease Exchange,0,0,0
20081231,69388,HHG',NYSE,20.8,20.8,0,0,Healthshares Infectious Disease Exchange,0,0,0
20090102,69388,HHG',NYSE,20.8,20.8,0,0,Healthshares Infectious Disease Exchange,0,0,0
20090105,69388,HHG',NYSE,20.8,20.8,0,0,Healthshares Infectious Disease Exchange,0,0,0
20090106,69388,HHG',NYSE,20.8,20.8,0,0,Healthshares Infectious Disease Exchange,0,0,0
20090107,69388,HHG',NYSE,20.8,20.8,0,0,Healthshares Infectious Disease Exchange,0,0,0
20090108,69388,HHG',NYSE,20.8,20.8,0,0,Healthshares Infectious Disease Exchange,0,0,0
20090109,69388,HHG',NYSE,20.8,20.8,0,0,Healthshares Infectious Disease Exchange,0,0,0
20090112,69388,HHG',NYSE,20.8,20.8,0,0,Healthshares Infectious Disease Exchange,0,0,0
20090113,69388,HHG',NYSE,20.8,20.8,0,0,Healthshares Infectious Disease Exchange,0,0,0
20090114,69388,HHG',NYSE,20.8,20.8,0,0,Healthshares Infectious Disease Exchange,0,0,0
20090115,69388,HHG',NYSE,20.8,20.8,0,0,Healthshares Infectious Disease Exchange,0,0,0
20090116,69388,HHG',NYSE,20.8,20.8,0,0,Healthshares Infectious Disease Exchange,0,0,0
20090120,69388,HHG',NYSE,20.8,20.8,0,0,Healthshares Infectious Disease Exchange,0,0,0
20090121,69388,HHG',NYSE,20.8,20.8,0,0,Healthshares Infectious Disease Exchange,0,0,0
20090122,69388,HHG',NYSE,20.8,20.8,0,0,Healthshares Infectious Disease Exchange,0,0,0
20090123,69388,HHG',NYSE,20.8,20.8,0,0,Healthshares Infectious Disease Exchange,0,0,0
20090126,69388,HHG',NYSE,20.8,20.8,0,0,Healthshares Infectious Disease Exchange,0,0,0
20090127,69388,HHG',NYSE,20.8,20.8,0,0,Healthshares Infectious Disease Exchange,0,0,0
20090128,69388,HHG',NYSE,20.8,20.8,0,0,Healthshares Infectious Disease Exchange,0,0,0
20090129,69388,HHG',NYSE,20.8,20.8,0,0,Healthshares Infectious Disease Exchange,0,0,0
20090130,69388,HHG',NYSE,20.8,20.8,0,0,Healthshares Infectious Disease Exchange,0,0,0
20090202,69388,HHG',NYSE,20.8,20.8,0,0,Healthshares Infectious Disease Exchange,0,0,0
20090203,69388,HHG',NYSE,20.8,20.8,0,0,Healthshares Infectious Disease Exchange,0,0,0
20090204,69388,HHG',NYSE,20.8,20.8,0,0,Healthshares Infectious Disease Exchange,0,0,0
20090205,69388,HHG',NYSE,20.8,20.8,0,0,Healthshares Infectious Disease Exchange,0,0,0
20090206,69388,HHG',NYSE,20.8,20.8,0,0,Healthshares Infectious Disease Exchange,0,0,0
20090209,69388,HHG',NYSE,20.8,20.8,0,0,Healthshares Infectious Disease Exchange,0,0,0
20090210,69388,HHG',NYSE,20.8,20.8,0,0,Healthshares Infectious Disease Exchange,0,0,0
20090211,69388,HHG',NYSE,20.8,20.8,0,0,Healthshares Infectious Disease Exchange,0,0,0
20090212,69388,HHG',NYSE,20.8,20.8,0,0,Healthshares Infectious Disease Exchange,0,0,0
20090213,69388,HHG',NYSE,20.8,20.8,0,0,Healthshares Infectious Disease Exchange,0,0,0
20090217,69388,HHG',NYSE,20.8,20.8,0,0,Healthshares Infectious Disease Exchange,0,0,0
20090218,69388,HHG',NYSE,20.8,20.8,0,0,Healthshares Infectious Disease Exchange,0,0,0
20090219,69388,HHG',NYSE,20.8,20.8,0,0,Healthshares Infectious Disease Exchange,0,0,0
20090220,69388,HHG',NYSE,20.8,20.8,0,0,Healthshares Infectious Disease Exchange,0,0,0
20090223,69388,HHG',NYSE,20.8,20.8,0,0,Healthshares Infectious Disease Exchange,0,0,0
20090224,69388,HHG',NYSE,20.8,20.8,0,0,Healthshares Infectious Disease Exchange,0,0,0
20090225,69388,HHG',NYSE,20.8,20.8,0,0,Healthshares Infectious Disease Exchange,0,0,0
20090226,69388,HHG',NYSE,20.8,20.8,0,0,Healthshares Infectious Disease Exchange,0,0,0
20090227,69388,HHG',NYSE,20.8,20.8,0,0,Healthshares Infectious Disease Exchange,0,0,0
20090302,69388,HHG',NYSE,20.8,20.8,0,0,Healthshares Infectious Disease Exchange,0,0,0
20090303,69388,HHG',NYSE,20.8,20.8,0,0,Healthshares Infectious Disease Exchange,0,0,0
20090304,69388,HHG',NYSE,20.8,20.8,0,0,Healthshares Infectious Disease Exchange,0,0,0
20090305,69388,HHG',NYSE,20.8,20.8,0,0,Healthshares Infectious Disease Exchange,0,0,0
20090306,69388,HHG',NYSE,20.8,20.8,0,0,Healthshares Infectious Disease Exchange,0,0,0
20090309,69388,HHG',NYSE,20.8,20.8,0,0,Healthshares Infectious Disease Exchange,0,0,0
20090310,69388,HHG',NYSE,20.8,20.8,0,0,Healthshares Infectious Disease Exchange,0,0,0
20090311,69388,HHG',NYSE,20.8,20.8,0,0,Healthshares Infectious Disease Exchange,0,0,0
20090312,69388,HHG',NYSE,20.8,20.8,0,0,Healthshares Infectious Disease Exchange,0,0,0
20090313,69388,HHG',NYSE,20.8,20.8,0,0,Healthshares Infectious Disease Exchange,0,0,0
20090316,69388,HHG',NYSE,20.8,20.8,0,0,Healthshares Infectious Disease Exchange,0,0,0
20090317,69388,HHG',NYSE,20.8,20.8,0,0,Healthshares Infectious Disease Exchange,0,0,0
20090318,69388,HHG',NYSE,20.8,20.8,0,0,Healthshares Infectious Disease Exchange,0,0,0
20090319,69388,HHG',NYSE,20.8,20.8,0,0,Healthshares Infectious Disease Exchange,0,0,0
